timestamp,relative_time_sec,experiment_id,run_id,scenario,label,service,pod,namespace,node,cpu_usage,memory_usage_mb,restart_count,request_rate,error_rate,avg_latency_ms,p50_latency_ms,p90_latency_ms,p95_latency_ms,p99_latency_ms,throughput,http_2xx_rate,http_4xx_rate,http_5xx_rate,network_receive_bytes,network_transmit_bytes,fault_type,fault_service,fault_start_time,fault_end_time,fault_phase,anomaly_score,prediction
2026-06-09 14:00:00,0,EXP_FAULT_01,RUN_01,pod_kill,1,currencyservice,currency-f01-06,online-boutique,node-a,0.2475,29.1221,0,180.5177,0.001131,4.5992,3.6956,7.1975,8.6937,12.5213,180.3795,180.3135,0.1451,0.059,219054.1454,171606.8811,pod_kill,coupon-service,2026-06-09 14:05:00,2026-06-09 14:20:00,pre_fault,0.099564806,0
2026-06-09 14:00:05,5,EXP_FAULT_01,RUN_01,pod_kill,1,currencyservice,currency-f01-06,online-boutique,node-a,0.2389,29.3973,0,182.8003,0.001015,4.1426,3.3132,6.4566,7.3681,11.758,182.7025,182.6148,0.1569,0.0286,188821.0418,173494.1397,pod_kill,coupon-service,2026-06-09 14:05:00,2026-06-09 14:20:00,pre_fault,0.9112667,0
2026-06-09 14:00:10,10,EXP_FAULT_01,RUN_01,pod_kill,1,currencyservice,currency-f01-06,online-boutique,node-a,0.2528,28.5831,0,180.3698,0.001284,4.8826,3.9402,8.1665,9.1496,11.9841,180.2822,180.1382,0.2271,0.0045,169791.75,165277.1213,pod_kill,coupon-service,2026-06-09 14:05:00,2026-06-09 14:20:00,pre_fault,0.018450009,0
2026-06-09 14:00:15,15,EXP_FAULT_01,RUN_01,pod_kill,1,currencyservice,currency-f01-06,online-boutique,node-a,0.2457,29.3631,0,178.8955,0.001333,4.8891,3.6438,7.1967,9.4513,13.5457,178.7812,178.6569,0.2368,0.0018,163806.3241,172050.8957,pod_kill,coupon-service,2026-06-09 14:05:00,2026-06-09 14:20:00,pre_fault,0.20820686,0
2026-06-09 14:00:20,20,EXP_FAULT_01,RUN_01,pod_kill,1,currencyservice,currency-f01-06,online-boutique,node-a,0.227,28.9348,0,180.5886,0.000615,4.7548,3.4378,7.4461,8.7131,12.7261,180.5336,180.4775,0.0561,0.0551,157263.435,137288.5995,pod_kill,coupon-service,2026-06-09 14:05:00,2026-06-09 14:20:00,pre_fault,0.7619821,0
2026-06-09 14:00:25,25,EXP_FAULT_01,RUN_01,pod_kill,1,currencyservice,currency-f01-06,online-boutique,node-a,0.2436,29.3786,0,174.4034,0.001366,4.7374,3.6167,8.0266,8.4864,12.5565,174.2307,174.1652,0.184,0.0542,220352.7796,177921.6259,pod_kill,coupon-service,2026-06-09 14:05:00,2026-06-09 14:20:00,pre_fault,0.14257444,0
2026-06-09 14:00:30,30,EXP_FAULT_01,RUN_01,pod_kill,1,currencyservice,currency-f01-06,online-boutique,node-a,0.2389,28.5012,0,177.4641,0.001034,4.6219,3.7208,7.2698,8.1621,11.8458,177.3945,177.2806,0.1788,0.0047,206518.7678,182401.2659,pod_kill,coupon-service,2026-06-09 14:05:00,2026-06-09 14:20:00,pre_fault,0.21914348,0
2026-06-09 14:00:35,35,EXP_FAULT_01,RUN_01,pod_kill,1,currencyservice,currency-f01-06,online-boutique,node-a,0.2481,28.8279,0,169.7625,0.00055,4.7254,3.6682,7.7509,9.188,11.4669,169.7179,169.6692,0.0532,0.0401,207957.7881,146580.9835,pod_kill,coupon-service,2026-06-09 14:05:00,2026-06-09 14:20:00,pre_fault,0.15741725,0
2026-06-09 14:00:40,40,EXP_FAULT_01,RUN_01,pod_kill,1,currencyservice,currency-f01-06,online-boutique,node-a,0.2432,29.325,0,174.1171,0.000671,3.9453,2.9204,6.2262,7.6506,11.0272,174.0411,174.0003,0.0682,0.0486,194607.2329,175606.4917,pod_kill,coupon-service,2026-06-09 14:05:00,2026-06-09 14:20:00,pre_fault,1.289433,1
2026-06-09 14:00:45,45,EXP_FAULT_01,RUN_01,pod_kill,1,currencyservice,currency-f01-06,online-boutique,node-a,0.2362,28.6719,0,169.1788,0.001074,4.8167,3.5039,7.9943,8.6941,13.2043,169.0599,168.9971,0.1279,0.0538,192740.0335,128248.3689,pod_kill,coupon-service,2026-06-09 14:05:00,2026-06-09 14:20:00,pre_fault,0.09716624,0
2026-06-09 14:00:50,50,EXP_FAULT_01,RUN_01,pod_kill,1,currencyservice,currency-f01-06,online-boutique,node-a,0.2474,29.1478,0,171.3659,0.000769,4.6196,3.5835,7.48,8.1064,12.6345,171.2886,171.2341,0.0965,0.0353,199093.1175,114508.1989,pod_kill,coupon-service,2026-06-09 14:05:00,2026-06-09 14:20:00,pre_fault,0.08262356,0
2026-06-09 14:00:55,55,EXP_FAULT_01,RUN_01,pod_kill,1,currencyservice,currency-f01-06,online-boutique,node-a,0.2364,29.3427,0,168.9565,0.001546,4.7801,3.7816,7.3019,9.5051,12.1176,168.8237,168.6953,0.229,0.0322,140341.2877,146127.2501,pod_kill,coupon-service,2026-06-09 14:05:00,2026-06-09 14:20:00,pre_fault,0.47265586,0
2026-06-09 14:01:00,60,EXP_FAULT_01,RUN_01,pod_kill,1,currencyservice,currency-f01-06,online-boutique,node-a,0.2429,29.4851,0,171.0341,0.001221,4.5528,3.544,7.5701,8.8502,11.7495,170.9176,170.8252,0.1563,0.0526,188613.3341,173365.274,pod_kill,coupon-service,2026-06-09 14:05:00,2026-06-09 14:20:00,pre_fault,0.044787236,0
2026-06-09 14:01:05,65,EXP_FAULT_01,RUN_01,pod_kill,1,currencyservice,currency-f01-06,online-boutique,node-a,0.2561,29.3573,0,168.283,0.001065,4.7218,3.7933,7.0879,9.4391,11.1698,168.1725,168.1038,0.1749,0.0044,150557.5683,150247.5152,pod_kill,coupon-service,2026-06-09 14:05:00,2026-06-09 14:20:00,pre_fault,0.14689133,0
2026-06-09 14:01:10,70,EXP_FAULT_01,RUN_01,pod_kill,1,currencyservice,currency-f01-06,online-boutique,node-a,0.2441,28.7801,0,162.1353,0.001107,4.3572,3.0522,6.4507,8.1485,12.2662,162.0683,161.9558,0.1647,0.0148,133022.5266,159247.6229,pod_kill,coupon-service,2026-06-09 14:05:00,2026-06-09 14:20:00,pre_fault,0.14497632,0
2026-06-09 14:01:15,75,EXP_FAULT_01,RUN_01,pod_kill,1,currencyservice,currency-f01-06,online-boutique,node-a,0.2505,28.8422,0,165.8536,0.001012,4.2929,3.3972,7.1617,8.4232,11.3065,165.7698,165.6858,0.1355,0.0323,173141.7854,116574.33,pod_kill,coupon-service,2026-06-09 14:05:00,2026-06-09 14:20:00,pre_fault,0.41852847,0
2026-06-09 14:01:20,80,EXP_FAULT_01,RUN_01,pod_kill,1,currencyservice,currency-f01-06,online-boutique,node-a,0.2471,29.0899,0,161.3926,0.001031,4.1354,3.1639,6.9549,8.2181,10.1451,161.2814,161.2262,0.1232,0.0431,150786.8378,126541.4222,pod_kill,coupon-service,2026-06-09 14:05:00,2026-06-09 14:20:00,pre_fault,0.40592575,0
2026-06-09 14:01:25,85,EXP_FAULT_01,RUN_01,pod_kill,1,currencyservice,currency-f01-06,online-boutique,node-a,0.2224,29.01,0,166.6756,0.001012,4.1928,3.0193,6.301,7.7195,10.1489,166.5851,166.5069,0.1264,0.0423,162261.1001,155761.3689,pod_kill,coupon-service,2026-06-09 14:05:00,2026-06-09 14:20:00,pre_fault,0.7552125,0
2026-06-09 14:01:30,90,EXP_FAULT_01,RUN_01,pod_kill,1,currencyservice,currency-f01-06,online-boutique,node-a,0.2476,28.8463,0,161.14,0.001223,4.7008,3.5549,7.4197,8.4774,11.0877,161.0318,160.943,0.197,0.0,168925.3023,144023.6554,pod_kill,coupon-service,2026-06-09 14:05:00,2026-06-09 14:20:00,pre_fault,0.10214345,0
2026-06-09 14:01:35,95,EXP_FAULT_01,RUN_01,pod_kill,1,currencyservice,currency-f01-06,online-boutique,node-a,0.2338,28.5958,0,165.0157,0.001204,4.3383,3.3112,6.7464,8.448,11.3388,164.9143,164.8171,0.1435,0.0551,187039.9243,127943.0702,pod_kill,coupon-service,2026-06-09 14:05:00,2026-06-09 14:20:00,pre_fault,0.19355552,0
2026-06-09 14:01:40,100,EXP_FAULT_01,RUN_01,pod_kill,1,currencyservice,currency-f01-06,online-boutique,node-a,0.2357,29.3965,0,158.148,0.001384,4.508,3.2523,7.2076,8.2895,10.7203,158.0131,157.9291,0.1892,0.0297,200035.8439,104878.9984,pod_kill,coupon-service,2026-06-09 14:05:00,2026-06-09 14:20:00,pre_fault,0.11959614,0
2026-06-09 14:01:45,105,EXP_FAULT_01,RUN_01,pod_kill,1,currencyservice,currency-f01-06,online-boutique,node-a,0.2511,29.0205,0,156.0913,0.000854,4.2071,3.4088,6.1167,8.224,10.301,156.0407,155.958,0.1119,0.0215,188770.4864,126393.7125,pod_kill,coupon-service,2026-06-09 14:05:00,2026-06-09 14:20:00,pre_fault,0.66165775,0
2026-06-09 14:01:50,110,EXP_FAULT_01,RUN_01,pod_kill,1,currencyservice,currency-f01-06,online-boutique,node-a,0.2368,28.7744,0,157.031,0.001529,4.4537,3.4992,6.9142,8.2061,12.1262,156.8631,156.791,0.1985,0.0416,189395.119,111907.9648,pod_kill,coupon-service,2026-06-09 14:05:00,2026-06-09 14:20:00,pre_fault,0.03187064,0
2026-06-09 14:01:55,115,EXP_FAULT_01,RUN_01,pod_kill,1,currencyservice,currency-f01-06,online-boutique,node-a,0.2325,28.7238,0,160.8678,0.001284,4.6336,3.5466,7.4608,8.6203,12.1352,160.7776,160.6612,0.2025,0.0041,146715.9531,114103.5284,pod_kill,coupon-service,2026-06-09 14:05:00,2026-06-09 14:20:00,pre_fault,0.09858497,0
2026-06-09 14:02:00,120,EXP_FAULT_01,RUN_01,pod_kill,1,currencyservice,currency-f01-06,online-boutique,node-a,0.2538,28.7479,0,161.4984,0.000604,4.5162,3.5214,7.646,7.9593,12.0015,161.4319,161.4009,0.0507,0.0468,153722.9803,138500.6356,pod_kill,coupon-service,2026-06-09 14:05:00,2026-06-09 14:20:00,pre_fault,0.6593448,0
2026-06-09 14:02:05,125,EXP_FAULT_01,RUN_01,pod_kill,1,currencyservice,currency-f01-06,online-boutique,node-a,0.2443,29.7371,0,164.9767,0.001539,4.3892,3.2529,7.074,8.5281,10.5983,164.8521,164.7228,0.2209,0.033,155807.6563,160494.4221,pod_kill,coupon-service,2026-06-09 14:05:00,2026-06-09 14:20:00,pre_fault,0.04214043,0
2026-06-09 14:02:10,130,EXP_FAULT_01,RUN_01,pod_kill,1,currencyservice,currency-f01-06,online-boutique,node-a,0.2345,28.4275,0,168.8059,0.001811,4.1867,3.1304,6.0816,8.2156,10.0046,168.6159,168.5002,0.2663,0.0394,172685.0857,158740.4361,pod_kill,coupon-service,2026-06-09 14:05:00,2026-06-09 14:20:00,pre_fault,0.35805848,0
2026-06-09 14:02:15,135,EXP_FAULT_01,RUN_01,pod_kill,1,currencyservice,currency-f01-06,online-boutique,node-a,0.2329,29.1526,0,163.7207,0.000539,4.2098,3.4445,7.0,7.651,10.166,163.6798,163.6325,0.086,0.0022,169119.9185,131807.3283,pod_kill,coupon-service,2026-06-09 14:05:00,2026-06-09 14:20:00,pre_fault,0.5260373,0
2026-06-09 14:02:20,140,EXP_FAULT_01,RUN_01,pod_kill,1,currencyservice,currency-f01-06,online-boutique,node-a,0.235,29.0635,0,166.2475,0.000855,4.7804,3.6531,7.085,9.3689,13.5948,166.1918,166.1054,0.1088,0.0333,154070.5751,142831.6086,pod_kill,coupon-service,2026-06-09 14:05:00,2026-06-09 14:20:00,pre_fault,0.09696956,0
2026-06-09 14:02:25,145,EXP_FAULT_01,RUN_01,pod_kill,1,currencyservice,currency-f01-06,online-boutique,node-a,0.2276,29.5435,0,168.1905,0.001675,4.0675,3.3229,6.6521,7.8072,10.3929,167.9806,167.9087,0.2236,0.0582,202197.107,128980.8436,pod_kill,coupon-service,2026-06-09 14:05:00,2026-06-09 14:20:00,pre_fault,0.77359056,0
2026-06-09 14:02:30,150,EXP_FAULT_01,RUN_01,pod_kill,1,currencyservice,currency-f01-06,online-boutique,node-a,0.2419,29.3557,0,168.9638,0.000763,4.3919,3.499,7.2218,8.8196,11.0047,168.8728,168.8348,0.0805,0.0485,174485.0348,152433.2006,pod_kill,coupon-service,2026-06-09 14:05:00,2026-06-09 14:20:00,pre_fault,0.1881189,0
2026-06-09 14:02:35,155,EXP_FAULT_01,RUN_01,pod_kill,1,currencyservice,currency-f01-06,online-boutique,node-a,0.2431,28.6406,0,161.6733,0.001421,4.3716,3.1131,6.8178,8.6275,11.0442,161.5389,161.4435,0.174,0.0558,199465.3031,129224.7056,pod_kill,coupon-service,2026-06-09 14:05:00,2026-06-09 14:20:00,pre_fault,0.03257298,0
2026-06-09 14:02:40,160,EXP_FAULT_01,RUN_01,pod_kill,1,currencyservice,currency-f01-06,online-boutique,node-a,0.2434,29.5235,0,164.2854,0.000702,4.4318,3.2308,7.3686,8.4797,10.7459,164.2153,164.17,0.0606,0.0547,155881.4987,137112.571,pod_kill,coupon-service,2026-06-09 14:05:00,2026-06-09 14:20:00,pre_fault,0.12345789,0
2026-06-09 14:02:45,165,EXP_FAULT_01,RUN_01,pod_kill,1,currencyservice,currency-f01-06,online-boutique,node-a,0.2491,29.2811,0,164.5049,0.000711,5.06,3.934,7.9755,9.9637,13.2167,164.4231,164.388,0.1026,0.0143,204046.5415,152161.1044,pod_kill,coupon-service,2026-06-09 14:05:00,2026-06-09 14:20:00,pre_fault,0.20314737,0
2026-06-09 14:02:50,170,EXP_FAULT_01,RUN_01,pod_kill,1,currencyservice,currency-f01-06,online-boutique,node-a,0.2389,29.0451,0,170.3957,0.000469,4.5852,3.453,6.7757,8.8011,12.1176,170.359,170.3158,0.0599,0.02,157269.9386,147859.5063,pod_kill,coupon-service,2026-06-09 14:05:00,2026-06-09 14:20:00,pre_fault,0.20919946,0
2026-06-09 14:02:55,175,EXP_FAULT_01,RUN_01,pod_kill,1,currencyservice,currency-f01-06,online-boutique,node-a,0.2514,29.4279,0,165.9043,0.000553,4.86,3.868,7.3656,9.4837,13.6147,165.8501,165.8126,0.0737,0.018,157624.3397,172479.0214,pod_kill,coupon-service,2026-06-09 14:05:00,2026-06-09 14:20:00,pre_fault,0.11359453,0
2026-06-09 14:03:00,180,EXP_FAULT_01,RUN_01,pod_kill,1,currencyservice,currency-f01-06,online-boutique,node-a,0.2437,28.8255,0,170.3487,0.001341,4.7584,3.3514,7.8898,9.3885,11.597,170.2497,170.1203,0.2167,0.0117,171625.9427,165377.2229,pod_kill,coupon-service,2026-06-09 14:05:00,2026-06-09 14:20:00,pre_fault,0.039922755,0
2026-06-09 14:03:05,185,EXP_FAULT_01,RUN_01,pod_kill,1,currencyservice,currency-f01-06,online-boutique,node-a,0.2423,28.76,0,166.0479,0.001116,4.2176,3.0147,6.4228,8.5971,10.389,165.9233,165.8626,0.1485,0.0368,190441.5753,162070.9961,pod_kill,coupon-service,2026-06-09 14:05:00,2026-06-09 14:20:00,pre_fault,0.31564894,0
2026-06-09 14:03:10,190,EXP_FAULT_01,RUN_01,pod_kill,1,currencyservice,currency-f01-06,online-boutique,node-a,0.2531,29.2723,0,164.6026,0.001358,4.5129,3.4287,7.4695,9.2282,12.656,164.4835,164.3791,0.202,0.0215,185395.1199,121545.5363,pod_kill,coupon-service,2026-06-09 14:05:00,2026-06-09 14:20:00,pre_fault,0.094291314,0
2026-06-09 14:03:15,195,EXP_FAULT_01,RUN_01,pod_kill,1,currencyservice,currency-f01-06,online-boutique,node-a,0.2387,28.9921,0,160.1904,0.000582,4.7607,3.8209,7.3655,9.5883,11.8186,160.122,160.0972,0.0568,0.0364,132172.3904,158247.3869,pod_kill,coupon-service,2026-06-09 14:05:00,2026-06-09 14:20:00,pre_fault,0.008195372,0
2026-06-09 14:03:20,200,EXP_FAULT_01,RUN_01,pod_kill,1,currencyservice,currency-f01-06,online-boutique,node-a,0.2485,29.0251,0,165.133,0.001115,4.7442,3.3323,8.0379,8.5503,11.5194,165.0522,164.9488,0.1473,0.0369,143601.8145,164247.373,pod_kill,coupon-service,2026-06-09 14:05:00,2026-06-09 14:20:00,pre_fault,0.06038635,0
2026-06-09 14:03:25,205,EXP_FAULT_01,RUN_01,pod_kill,1,currencyservice,currency-f01-06,online-boutique,node-a,0.2479,28.9404,0,168.0073,0.000919,4.4971,3.2742,6.99,8.8058,11.1656,167.9114,167.8529,0.0981,0.0563,176399.2631,144975.1586,pod_kill,coupon-service,2026-06-09 14:05:00,2026-06-09 14:20:00,pre_fault,0.15853414,0
2026-06-09 14:03:30,210,EXP_FAULT_01,RUN_01,pod_kill,1,currencyservice,currency-f01-06,online-boutique,node-a,0.233,28.717,0,166.1086,0.00158,5.0523,3.8843,7.5736,9.381,12.0126,165.9123,165.8461,0.2565,0.006,181257.1058,168176.7959,pod_kill,coupon-service,2026-06-09 14:05:00,2026-06-09 14:20:00,pre_fault,0.793609,0
2026-06-09 14:03:35,215,EXP_FAULT_01,RUN_01,pod_kill,1,currencyservice,currency-f01-06,online-boutique,node-a,0.2386,29.2977,0,163.9349,0.000423,4.3692,3.4829,6.3428,7.9827,11.8381,163.8834,163.8657,0.0441,0.0251,183516.9585,147335.909,pod_kill,coupon-service,2026-06-09 14:05:00,2026-06-09 14:20:00,pre_fault,0.33109444,0
2026-06-09 14:03:40,220,EXP_FAULT_01,RUN_01,pod_kill,1,currencyservice,currency-f01-06,online-boutique,node-a,0.2372,29.2769,0,161.8818,0.001028,4.5565,3.2724,6.6898,8.1797,10.9432,161.8114,161.7154,0.1268,0.0396,141569.0364,106845.5533,pod_kill,coupon-service,2026-06-09 14:05:00,2026-06-09 14:20:00,pre_fault,0.026168337,0
2026-06-09 14:03:45,225,EXP_FAULT_01,RUN_01,pod_kill,1,currencyservice,currency-f01-06,online-boutique,node-a,0.2448,29.3551,0,156.8762,0.000774,4.4134,3.2793,6.5559,8.8155,11.7007,156.8234,156.7547,0.0687,0.0528,174489.4795,148301.1543,pod_kill,coupon-service,2026-06-09 14:05:00,2026-06-09 14:20:00,pre_fault,0.1623476,0
2026-06-09 14:03:50,230,EXP_FAULT_01,RUN_01,pod_kill,1,currencyservice,currency-f01-06,online-boutique,node-a,0.2366,29.2281,0,161.4794,0.000568,5.0438,3.9423,8.1327,9.2426,13.0658,161.4392,161.3876,0.0707,0.0211,201968.8301,124784.0156,pod_kill,coupon-service,2026-06-09 14:05:00,2026-06-09 14:20:00,pre_fault,0.19347985,0
2026-06-09 14:03:55,235,EXP_FAULT_01,RUN_01,pod_kill,1,currencyservice,currency-f01-06,online-boutique,node-a,0.2449,28.1759,0,159.3295,0.001081,4.4035,3.1885,6.7133,8.2495,11.8371,159.2541,159.1572,0.1602,0.0121,143651.0844,120070.415,pod_kill,coupon-service,2026-06-09 14:05:00,2026-06-09 14:20:00,pre_fault,0.2957653,0
2026-06-09 14:04:00,240,EXP_FAULT_01,RUN_01,pod_kill,1,currencyservice,currency-f01-06,online-boutique,node-a,0.242,28.493,0,158.0376,0.001861,4.5438,3.3386,7.7194,8.2009,10.9447,157.8659,157.7435,0.2488,0.0453,171788.9483,146425.6065,pod_kill,coupon-service,2026-06-09 14:05:00,2026-06-09 14:20:00,pre_fault,0.10080347,0
2026-06-09 14:04:05,245,EXP_FAULT_01,RUN_01,pod_kill,1,currencyservice,currency-f01-06,online-boutique,node-a,0.2354,28.8496,0,156.9306,0.001042,4.2133,3.0147,6.517,8.3816,11.4741,156.8165,156.7671,0.1184,0.0451,129153.255,108895.9111,pod_kill,coupon-service,2026-06-09 14:05:00,2026-06-09 14:20:00,pre_fault,0.16080624,0
2026-06-09 14:04:10,250,EXP_FAULT_01,RUN_01,pod_kill,1,currencyservice,currency-f01-06,online-boutique,node-a,0.227,29.0414,0,155.3676,0.001832,4.3618,3.3107,6.5319,8.3224,11.9944,155.1712,155.0829,0.2467,0.038,145398.0536,149994.3276,pod_kill,coupon-service,2026-06-09 14:05:00,2026-06-09 14:20:00,pre_fault,0.44693828,0
2026-06-09 14:04:15,255,EXP_FAULT_01,RUN_01,pod_kill,1,currencyservice,currency-f01-06,online-boutique,node-a,0.2501,29.0038,0,155.6733,0.000757,4.1112,2.9312,6.7473,8.1911,10.3382,155.616,155.5554,0.0713,0.0466,160610.5286,158662.0141,pod_kill,coupon-service,2026-06-09 14:05:00,2026-06-09 14:20:00,pre_fault,0.8658527,0
2026-06-09 14:04:20,260,EXP_FAULT_01,RUN_01,pod_kill,1,currencyservice,currency-f01-06,online-boutique,node-a,0.2531,29.7639,0,155.1328,0.000955,4.4919,3.603,6.5824,8.3976,11.918,155.0503,154.9846,0.1069,0.0413,143143.3914,108267.8107,pod_kill,coupon-service,2026-06-09 14:05:00,2026-06-09 14:20:00,pre_fault,0.33397228,0
2026-06-09 14:04:25,265,EXP_FAULT_01,RUN_01,pod_kill,1,currencyservice,currency-f01-06,online-boutique,node-a,0.2198,29.6237,0,152.4521,0.00159,4.6685,3.6658,7.7157,9.146,12.6334,152.3614,152.2097,0.2392,0.0032,129321.249,132387.622,pod_kill,coupon-service,2026-06-09 14:05:00,2026-06-09 14:20:00,pre_fault,1.2177649,1
2026-06-09 14:04:30,270,EXP_FAULT_01,RUN_01,pod_kill,1,currencyservice,currency-f01-06,online-boutique,node-a,0.244,28.9961,0,157.5903,0.00074,4.8115,3.8321,7.2837,8.774,12.2155,157.5357,157.4736,0.0989,0.0177,166355.7223,112258.1926,pod_kill,coupon-service,2026-06-09 14:05:00,2026-06-09 14:20:00,pre_fault,0.113297716,0
2026-06-09 14:04:35,275,EXP_FAULT_01,RUN_01,pod_kill,1,currencyservice,currency-f01-06,online-boutique,node-a,0.2262,28.9441,0,156.3699,0.000408,4.6262,3.546,7.0838,8.7748,12.9165,156.33,156.306,0.0446,0.0193,150921.7627,155746.4482,pod_kill,coupon-service,2026-06-09 14:05:00,2026-06-09 14:20:00,pre_fault,0.13543025,0
2026-06-09 14:04:40,280,EXP_FAULT_01,RUN_01,pod_kill,1,currencyservice,currency-f01-06,online-boutique,node-a,0.2435,28.8656,0,159.4261,0.001041,4.6701,3.3075,7.0944,9.0232,11.3339,159.3309,159.2601,0.1248,0.0411,187226.0218,123895.4372,pod_kill,coupon-service,2026-06-09 14:05:00,2026-06-09 14:20:00,pre_fault,0.054475784,0
2026-06-09 14:04:45,285,EXP_FAULT_01,RUN_01,pod_kill,1,currencyservice,currency-f01-06,online-boutique,node-a,0.242,28.9171,0,151.2325,0.001233,4.352,3.2871,7.2757,7.6278,11.3302,151.1113,151.046,0.1796,0.007,131994.8112,107889.5934,pod_kill,coupon-service,2026-06-09 14:05:00,2026-06-09 14:20:00,pre_fault,0.08091805,0
2026-06-09 14:04:50,290,EXP_FAULT_01,RUN_01,pod_kill,1,currencyservice,currency-f01-06,online-boutique,node-a,0.2265,29.4584,0,153.3138,0.001548,4.4587,3.5511,7.4043,8.3737,11.4073,153.2111,153.0765,0.1982,0.0391,178854.8332,120980.9014,pod_kill,coupon-service,2026-06-09 14:05:00,2026-06-09 14:20:00,pre_fault,0.45382795,0
2026-06-09 14:04:55,295,EXP_FAULT_01,RUN_01,pod_kill,1,currencyservice,currency-f01-06,online-boutique,node-a,0.2464,29.4722,0,153.8479,0.001255,4.583,3.3702,7.6416,8.1242,10.893,153.7412,153.6549,0.1821,0.011,150420.0683,127174.4243,pod_kill,coupon-service,2026-06-09 14:05:00,2026-06-09 14:20:00,pre_fault,0.19754061,0
2026-06-09 14:05:00,300,EXP_FAULT_01,RUN_01,pod_kill,1,currencyservice,currency-f01-06,online-boutique,node-a,0.2299,28.9016,0,152.1254,0.003531,5.3117,3.9115,9.7326,14.3837,23.589,143.7089,151.5882,0.1094,0.4278,185138.3213,111191.7644,pod_kill,coupon-service,2026-06-09 14:05:00,2026-06-09 14:20:00,during_fault,6.7759123,1
2026-06-09 14:05:05,305,EXP_FAULT_01,RUN_01,pod_kill,1,currencyservice,currency-f01-06,online-boutique,node-a,0.247,29.7386,0,150.2121,0.003805,6.1199,4.3147,12.1045,16.7851,23.8595,141.9031,149.6405,0.1521,0.4195,172597.7492,143200.1998,pod_kill,coupon-service,2026-06-09 14:05:00,2026-06-09 14:20:00,during_fault,14.096954,1
2026-06-09 14:05:10,310,EXP_FAULT_01,RUN_01,pod_kill,1,currencyservice,currency-f01-06,online-boutique,node-a,0.2343,29.1043,0,154.6994,0.003802,5.8597,4.0623,11.7035,16.7449,24.8073,146.2025,154.1113,0.1917,0.3964,134950.1337,143930.481,pod_kill,coupon-service,2026-06-09 14:05:00,2026-06-09 14:20:00,during_fault,11.298477,1
2026-06-09 14:05:15,315,EXP_FAULT_01,RUN_01,pod_kill,1,currencyservice,currency-f01-06,online-boutique,node-a,0.2364,29.1025,0,156.6541,0.003757,6.0102,4.0423,11.7304,15.1188,23.6104,148.0754,156.0656,0.1873,0.4012,154276.2693,136040.115,pod_kill,coupon-service,2026-06-09 14:05:00,2026-06-09 14:20:00,during_fault,11.962776,1
2026-06-09 14:05:20,320,EXP_FAULT_01,RUN_01,pod_kill,1,currencyservice,currency-f01-06,online-boutique,node-a,0.2372,28.7327,0,157.5937,0.003441,6.2785,4.6351,12.6936,16.0346,25.1829,149.1656,157.0515,0.1182,0.424,178248.962,134379.1917,pod_kill,coupon-service,2026-06-09 14:05:00,2026-06-09 14:20:00,during_fault,11.989843,1
2026-06-09 14:05:25,325,EXP_FAULT_01,RUN_01,pod_kill,1,currencyservice,currency-f01-06,online-boutique,node-a,0.241,28.8243,0,162.5049,0.004298,6.0428,4.5611,12.0546,15.9141,26.4312,153.8623,161.8064,0.2598,0.4387,202587.5916,119017.6195,pod_kill,coupon-service,2026-06-09 14:05:00,2026-06-09 14:20:00,during_fault,13.159889,1
2026-06-09 14:05:30,330,EXP_FAULT_01,RUN_01,pod_kill,1,currencyservice,currency-f01-06,online-boutique,node-a,0.2596,29.5471,0,161.6725,0.003705,5.7997,4.0949,10.3327,15.6157,22.0928,153.2618,161.0735,0.193,0.4059,137149.1115,165469.8855,pod_kill,coupon-service,2026-06-09 14:05:00,2026-06-09 14:20:00,during_fault,8.953784,1
2026-06-09 14:05:35,335,EXP_FAULT_01,RUN_01,pod_kill,1,currencyservice,currency-f01-06,online-boutique,node-a,0.2302,29.5871,0,161.2055,0.003313,5.6539,3.8322,10.7567,15.7766,21.4313,153.0401,160.6714,0.1497,0.3843,133572.4477,149865.8918,pod_kill,coupon-service,2026-06-09 14:05:00,2026-06-09 14:20:00,during_fault,8.849665,1
2026-06-09 14:05:40,340,EXP_FAULT_01,RUN_01,pod_kill,1,currencyservice,currency-f01-06,online-boutique,node-a,0.2157,29.3079,0,163.9757,0.003233,5.9165,4.2604,12.1091,16.5718,26.1705,155.9466,163.4456,0.1459,0.3842,195157.9969,139196.2138,pod_kill,coupon-service,2026-06-09 14:05:00,2026-06-09 14:20:00,during_fault,11.684011,1
2026-06-09 14:05:45,345,EXP_FAULT_01,RUN_01,pod_kill,1,currencyservice,currency-f01-06,online-boutique,node-a,0.2399,28.765,0,164.9167,0.002753,5.6471,3.8044,10.3994,15.9122,21.1894,157.0804,164.4627,0.0779,0.3761,200960.3852,131756.6308,pod_kill,coupon-service,2026-06-09 14:05:00,2026-06-09 14:20:00,during_fault,4.7777796,1
2026-06-09 14:05:50,350,EXP_FAULT_01,RUN_01,pod_kill,1,currencyservice,currency-f01-06,online-boutique,node-a,0.2483,28.78,0,159.8265,0.003859,5.8595,4.1552,11.443,16.0004,25.8186,152.4141,159.2097,0.2323,0.3845,172810.159,106352.7864,pod_kill,coupon-service,2026-06-09 14:05:00,2026-06-09 14:20:00,during_fault,9.408925,1
2026-06-09 14:05:55,355,EXP_FAULT_01,RUN_01,pod_kill,1,currencyservice,currency-f01-06,online-boutique,node-a,0.2564,29.2644,0,168.2449,0.003691,5.6501,3.9299,9.9876,14.2858,23.3297,160.6639,167.6239,0.2568,0.3642,204638.6955,153866.9046,pod_kill,coupon-service,2026-06-09 14:05:00,2026-06-09 14:20:00,during_fault,7.1090593,1
2026-06-09 14:06:00,360,EXP_FAULT_01,RUN_01,pod_kill,1,currencyservice,currency-f01-06,online-boutique,node-a,0.2249,29.4984,0,168.4014,0.003245,5.3287,3.617,9.5197,14.6435,19.7132,161.1474,167.8548,0.2173,0.3293,141684.6595,147757.8453,pod_kill,coupon-service,2026-06-09 14:05:00,2026-06-09 14:20:00,during_fault,6.976625,1
2026-06-09 14:06:05,365,EXP_FAULT_01,RUN_01,pod_kill,1,currencyservice,currency-f01-06,online-boutique,node-a,0.2486,28.8954,0,173.6989,0.002995,5.6433,3.8216,9.9242,14.0355,20.6304,166.4725,173.1787,0.169,0.3512,170637.5025,153865.1539,pod_kill,coupon-service,2026-06-09 14:05:00,2026-06-09 14:20:00,during_fault,4.6600127,1
2026-06-09 14:06:10,370,EXP_FAULT_01,RUN_01,pod_kill,1,currencyservice,currency-f01-06,online-boutique,node-a,0.2455,28.825,0,167.0926,0.003376,5.4496,3.8325,10.201,13.5034,20.939,160.3965,166.5285,0.2086,0.3555,160354.9637,124339.061,pod_kill,coupon-service,2026-06-09 14:05:00,2026-06-09 14:20:00,during_fault,5.091339,1
2026-06-09 14:06:15,375,EXP_FAULT_01,RUN_01,pod_kill,1,currencyservice,currency-f01-06,online-boutique,node-a,0.235,29.1012,0,176.5537,0.003525,5.8721,4.2514,10.1237,15.3788,23.5195,169.6842,175.9314,0.2717,0.3506,217201.1933,156183.9242,pod_kill,coupon-service,2026-06-09 14:05:00,2026-06-09 14:20:00,during_fault,9.194815,1
2026-06-09 14:06:20,380,EXP_FAULT_01,RUN_01,pod_kill,1,currencyservice,currency-f01-06,online-boutique,node-a,0.2472,29.1899,0,169.4301,0.002878,5.2737,4.0383,9.0755,12.3643,19.5164,163.1992,168.9425,0.2075,0.2801,213631.2726,166752.2196,pod_kill,coupon-service,2026-06-09 14:05:00,2026-06-09 14:20:00,during_fault,3.23095,1
2026-06-09 14:06:25,385,EXP_FAULT_01,RUN_01,pod_kill,1,currencyservice,currency-f01-06,online-boutique,node-a,0.2475,28.8956,0,171.97,0.002642,5.7462,4.3047,11.2969,13.7822,21.1659,165.9524,171.5156,0.1366,0.3177,204784.1092,140791.0921,pod_kill,coupon-service,2026-06-09 14:05:00,2026-06-09 14:20:00,during_fault,4.3998404,1
2026-06-09 14:06:30,390,EXP_FAULT_01,RUN_01,pod_kill,1,currencyservice,currency-f01-06,online-boutique,node-a,0.2411,28.753,0,167.57,0.002322,5.0836,3.8809,8.8118,12.3206,19.0348,161.9075,167.1809,0.0996,0.2894,161033.1836,124687.0151,pod_kill,coupon-service,2026-06-09 14:05:00,2026-06-09 14:20:00,during_fault,1.4938034,1
2026-06-09 14:06:35,395,EXP_FAULT_01,RUN_01,pod_kill,1,currencyservice,currency-f01-06,online-boutique,node-a,0.2315,29.2259,0,172.847,0.002352,5.7419,4.038,10.6534,14.6757,22.7369,167.231,172.4404,0.1443,0.2622,156210.4798,134129.3574,pod_kill,coupon-service,2026-06-09 14:05:00,2026-06-09 14:20:00,during_fault,5.2239738,1
2026-06-09 14:06:40,400,EXP_FAULT_01,RUN_01,pod_kill,1,currencyservice,currency-f01-06,online-boutique,node-a,0.2537,29.1239,0,173.0868,0.0018,5.5221,3.7526,9.9654,12.464,18.6644,167.7121,172.7753,0.0487,0.2628,210429.4634,133628.1335,pod_kill,coupon-service,2026-06-09 14:05:00,2026-06-09 14:20:00,during_fault,1.777565,1
2026-06-09 14:06:45,405,EXP_FAULT_01,RUN_01,pod_kill,1,currencyservice,currency-f01-06,online-boutique,node-a,0.2502,29.175,0,172.701,0.002987,5.3383,4.1156,9.2752,12.6998,17.6372,167.4476,172.1852,0.2244,0.2914,176444.5711,132133.6663,pod_kill,coupon-service,2026-06-09 14:05:00,2026-06-09 14:20:00,during_fault,3.459681,1
2026-06-09 14:06:50,410,EXP_FAULT_01,RUN_01,pod_kill,1,currencyservice,currency-f01-06,online-boutique,node-a,0.2459,29.2679,0,170.1169,0.001774,5.221,4.0341,9.5019,12.6542,19.9112,165.1505,169.8151,0.0569,0.2449,162970.291,159299.3251,pod_kill,coupon-service,2026-06-09 14:05:00,2026-06-09 14:20:00,during_fault,1.2094027,1
2026-06-09 14:06:55,415,EXP_FAULT_01,RUN_01,pod_kill,1,currencyservice,currency-f01-06,online-boutique,node-a,0.2373,29.0272,0,171.2734,0.001844,5.4176,3.8999,9.5848,12.8634,20.6024,166.3486,170.9576,0.0929,0.2229,145449.1772,129936.2224,pod_kill,coupon-service,2026-06-09 14:05:00,2026-06-09 14:20:00,during_fault,2.0772412,1
2026-06-09 14:07:00,420,EXP_FAULT_01,RUN_01,pod_kill,1,currencyservice,currency-f01-06,online-boutique,node-a,0.2279,28.974,0,165.4839,0.002158,5.1412,3.5457,8.4861,11.6825,18.3875,160.7657,165.1267,0.1218,0.2354,200300.2996,154185.0932,pod_kill,coupon-service,2026-06-09 14:05:00,2026-06-09 14:20:00,during_fault,2.3605819,1
2026-06-09 14:07:05,425,EXP_FAULT_01,RUN_01,pod_kill,1,currencyservice,currency-f01-06,online-boutique,node-a,0.2476,29.1226,0,171.6151,0.002093,5.0193,3.5862,9.0973,11.4846,16.5799,166.8232,171.2558,0.0866,0.2726,199783.0038,134392.6656,pod_kill,coupon-service,2026-06-09 14:05:00,2026-06-09 14:20:00,during_fault,0.9322384,0
2026-06-09 14:07:10,430,EXP_FAULT_01,RUN_01,pod_kill,1,currencyservice,currency-f01-06,online-boutique,node-a,0.2385,29.3625,0,167.6014,0.00245,5.1862,3.6708,9.5489,13.1005,19.9086,162.9036,167.1907,0.1701,0.2405,213640.8222,152385.4852,pod_kill,coupon-service,2026-06-09 14:05:00,2026-06-09 14:20:00,during_fault,2.6867678,1
2026-06-09 14:07:15,435,EXP_FAULT_01,RUN_01,pod_kill,1,currencyservice,currency-f01-06,online-boutique,node-a,0.236,28.7375,0,167.9926,0.001714,5.5695,4.2164,9.8188,12.8966,18.3052,163.3277,167.7047,0.0473,0.2405,150221.8803,114575.9985,pod_kill,coupon-service,2026-06-09 14:05:00,2026-06-09 14:20:00,during_fault,2.2649632,1
2026-06-09 14:07:20,440,EXP_FAULT_01,RUN_01,pod_kill,1,currencyservice,currency-f01-06,online-boutique,node-a,0.2488,28.8031,0,171.7794,0.00215,5.09,3.6522,9.7014,11.7311,16.717,166.9028,171.4101,0.1317,0.2376,179116.3348,143047.5223,pod_kill,coupon-service,2026-06-09 14:05:00,2026-06-09 14:20:00,during_fault,0.9549751,0
2026-06-09 14:07:25,445,EXP_FAULT_01,RUN_01,pod_kill,1,currencyservice,currency-f01-06,online-boutique,node-a,0.2392,28.4229,0,165.1935,0.002327,5.98,4.5947,11.3285,14.1145,19.6117,160.3842,164.8091,0.1601,0.2243,137317.2154,129211.9953,pod_kill,coupon-service,2026-06-09 14:05:00,2026-06-09 14:20:00,during_fault,5.050825,1
2026-06-09 14:07:30,450,EXP_FAULT_01,RUN_01,pod_kill,1,currencyservice,currency-f01-06,online-boutique,node-a,0.2398,28.7925,0,168.0327,0.002387,5.4448,4.0111,9.5395,12.8779,21.051,163.0944,167.6316,0.1684,0.2326,163118.3731,134261.7296,pod_kill,coupon-service,2026-06-09 14:05:00,2026-06-09 14:20:00,during_fault,2.9017482,1
2026-06-09 14:07:35,455,EXP_FAULT_01,RUN_01,pod_kill,1,currencyservice,currency-f01-06,online-boutique,node-a,0.24,29.016,0,170.3278,0.002167,4.7651,3.3737,8.2742,11.5405,17.5916,165.147,169.9588,0.0822,0.2869,216036.862,151147.2628,pod_kill,coupon-service,2026-06-09 14:05:00,2026-06-09 14:20:00,during_fault,0.76046526,0
2026-06-09 14:07:40,460,EXP_FAULT_01,RUN_01,pod_kill,1,currencyservice,currency-f01-06,online-boutique,node-a,0.248,30.3338,0,170.5521,0.001816,5.5175,4.2138,10.0888,14.1677,21.962,165.2434,170.2424,0.0472,0.2625,212624.2981,170173.0908,pod_kill,coupon-service,2026-06-09 14:05:00,2026-06-09 14:20:00,during_fault,3.138601,1
2026-06-09 14:07:45,465,EXP_FAULT_01,RUN_01,pod_kill,1,currencyservice,currency-f01-06,online-boutique,node-a,0.2456,28.3627,0,166.2285,0.002982,5.2736,3.9909,9.7016,12.3518,17.7781,160.7331,165.7328,0.2174,0.2783,187713.5322,111119.387,pod_kill,coupon-service,2026-06-09 14:05:00,2026-06-09 14:20:00,during_fault,2.845694,1
2026-06-09 14:07:50,470,EXP_FAULT_01,RUN_01,pod_kill,1,currencyservice,currency-f01-06,online-boutique,node-a,0.2378,29.2586,0,173.0874,0.002757,5.4314,3.7113,10.2023,12.4235,20.791,167.21,172.6102,0.1985,0.2787,154893.4024,125626.6714,pod_kill,coupon-service,2026-06-09 14:05:00,2026-06-09 14:20:00,during_fault,4.245824,1
2026-06-09 14:07:55,475,EXP_FAULT_01,RUN_01,pod_kill,1,currencyservice,currency-f01-06,online-boutique,node-a,0.2544,28.9457,0,172.0609,0.002009,5.1731,4.0078,8.7329,13.0313,18.2739,166.0536,171.7153,0.0631,0.2825,185175.5713,169558.0958,pod_kill,coupon-service,2026-06-09 14:05:00,2026-06-09 14:20:00,during_fault,0.9692303,1
2026-06-09 14:08:00,480,EXP_FAULT_01,RUN_01,pod_kill,1,currencyservice,currency-f01-06,online-boutique,node-a,0.2354,29.805,0,170.9578,0.002312,5.4148,3.7501,9.3433,13.2272,19.2155,164.7392,170.5625,0.1064,0.2889,207242.1845,114388.4521,pod_kill,coupon-service,2026-06-09 14:05:00,2026-06-09 14:20:00,during_fault,3.939069,1
2026-06-09 14:08:05,485,EXP_FAULT_01,RUN_01,pod_kill,1,currencyservice,currency-f01-06,online-boutique,node-a,0.2396,29.0993,0,171.8931,0.002265,5.2049,3.8036,8.973,12.6087,19.1701,165.3798,171.5037,0.0578,0.3316,185376.3627,155331.7123,pod_kill,coupon-service,2026-06-09 14:05:00,2026-06-09 14:20:00,during_fault,2.025306,1
2026-06-09 14:08:10,490,EXP_FAULT_01,RUN_01,pod_kill,1,currencyservice,currency-f01-06,online-boutique,node-a,0.2429,29.0788,0,176.5371,0.003045,6.2693,4.6311,11.921,15.2971,22.8698,169.4647,175.9996,0.2194,0.3181,147384.9891,143532.3452,pod_kill,coupon-service,2026-06-09 14:05:00,2026-06-09 14:20:00,during_fault,9.242742,1
2026-06-09 14:08:15,495,EXP_FAULT_01,RUN_01,pod_kill,1,currencyservice,currency-f01-06,online-boutique,node-a,0.2505,29.1016,0,175.2099,0.003444,5.7402,4.0819,10.7143,14.9457,24.6405,167.9121,174.6065,0.221,0.3824,207248.6054,169486.3938,pod_kill,coupon-service,2026-06-09 14:05:00,2026-06-09 14:20:00,during_fault,6.5786924,1
2026-06-09 14:08:20,500,EXP_FAULT_01,RUN_01,pod_kill,1,currencyservice,currency-f01-06,online-boutique,node-a,0.2444,28.3867,0,178.6267,0.003561,5.4046,4.0284,10.423,13.6311,22.8225,170.9132,177.9905,0.2557,0.3805,191321.4757,180787.5819,pod_kill,coupon-service,2026-06-09 14:05:00,2026-06-09 14:20:00,during_fault,4.564314,1
2026-06-09 14:08:25,505,EXP_FAULT_01,RUN_01,pod_kill,1,currencyservice,currency-f01-06,online-boutique,node-a,0.2452,29.1162,0,179.8993,0.003335,5.5831,4.273,9.7511,13.5806,20.6743,171.8309,179.2994,0.1781,0.4218,177309.7812,123637.38,pod_kill,coupon-service,2026-06-09 14:05:00,2026-06-09 14:20:00,during_fault,5.6341486,1
2026-06-09 14:08:30,510,EXP_FAULT_01,RUN_01,pod_kill,1,currencyservice,currency-f01-06,online-boutique,node-a,0.2392,29.4078,0,178.5916,0.002796,5.2944,3.8472,9.3294,14.7497,19.5667,170.3795,178.0923,0.1286,0.3707,194015.7243,116717.4701,pod_kill,coupon-service,2026-06-09 14:05:00,2026-06-09 14:20:00,during_fault,3.7244887,1
2026-06-09 14:08:35,515,EXP_FAULT_01,RUN_01,pod_kill,1,currencyservice,currency-f01-06,online-boutique,node-a,0.2497,29.1767,0,188.2039,0.003024,6.1808,4.5773,11.3628,16.7528,25.9031,179.2699,187.6349,0.1054,0.4637,231061.6338,169007.0363,pod_kill,coupon-service,2026-06-09 14:05:00,2026-06-09 14:20:00,during_fault,7.5519195,1
2026-06-09 14:08:40,520,EXP_FAULT_01,RUN_01,pod_kill,1,currencyservice,currency-f01-06,online-boutique,node-a,0.2349,29.5844,0,186.514,0.002782,5.865,4.0449,10.6028,15.9753,22.0556,177.3779,185.9951,0.0655,0.4534,186537.8422,147680.9806,pod_kill,coupon-service,2026-06-09 14:05:00,2026-06-09 14:20:00,during_fault,7.110832,1
2026-06-09 14:08:45,525,EXP_FAULT_01,RUN_01,pod_kill,1,currencyservice,currency-f01-06,online-boutique,node-a,0.2385,29.7819,0,182.5372,0.002892,5.7847,4.1054,10.3771,14.307,24.7235,173.3716,182.0094,0.1136,0.4142,212737.532,142500.6986,pod_kill,coupon-service,2026-06-09 14:05:00,2026-06-09 14:20:00,during_fault,6.9636626,1
2026-06-09 14:08:50,530,EXP_FAULT_01,RUN_01,pod_kill,1,currencyservice,currency-f01-06,online-boutique,node-a,0.2444,29.2508,0,185.7686,0.003907,6.7877,4.9071,13.0488,19.2804,27.9973,176.1616,185.0428,0.2564,0.4694,236224.2109,192391.4522,pod_kill,coupon-service,2026-06-09 14:05:00,2026-06-09 14:20:00,during_fault,17.028816,1
2026-06-09 14:08:55,535,EXP_FAULT_01,RUN_01,pod_kill,1,currencyservice,currency-f01-06,online-boutique,node-a,0.2365,28.7973,0,191.9858,0.003975,6.3761,4.4999,11.4416,16.4161,28.666,181.7907,191.2227,0.2581,0.505,212535.4287,157962.9377,pod_kill,coupon-service,2026-06-09 14:05:00,2026-06-09 14:20:00,during_fault,13.560056,1
2026-06-09 14:09:00,540,EXP_FAULT_01,RUN_01,pod_kill,1,currencyservice,currency-f01-06,online-boutique,node-a,0.245,29.1355,0,190.5557,0.003604,6.1469,4.3076,11.6059,15.8594,26.6522,180.3015,189.869,0.1671,0.5196,179357.2355,166111.4426,pod_kill,coupon-service,2026-06-09 14:05:00,2026-06-09 14:20:00,during_fault,9.789755,1
2026-06-09 14:09:05,545,EXP_FAULT_01,RUN_01,pod_kill,1,currencyservice,currency-f01-06,online-boutique,node-a,0.2462,28.8942,0,192.0525,0.003009,6.2303,4.4674,12.038,17.1209,24.2991,181.6453,191.4747,0.0726,0.5052,162177.4003,192686.2684,pod_kill,coupon-service,2026-06-09 14:05:00,2026-06-09 14:20:00,during_fault,7.5705824,1
2026-06-09 14:09:10,550,EXP_FAULT_01,RUN_01,pod_kill,1,currencyservice,currency-f01-06,online-boutique,node-a,0.2574,29.4937,0,193.5681,0.003032,6.4564,4.2829,12.8801,18.4513,30.0121,183.0013,192.9813,0.0803,0.5065,206679.0636,166320.1828,pod_kill,coupon-service,2026-06-09 14:05:00,2026-06-09 14:20:00,during_fault,9.103675,1
2026-06-09 14:09:15,555,EXP_FAULT_01,RUN_01,pod_kill,1,currencyservice,currency-f01-06,online-boutique,node-a,0.2439,28.9849,0,191.7828,0.00416,6.1044,4.6015,12.0709,15.6984,27.2598,181.0699,190.9849,0.2704,0.5275,204067.8436,197748.1677,pod_kill,coupon-service,2026-06-09 14:05:00,2026-06-09 14:20:00,during_fault,11.612846,1
2026-06-09 14:09:20,560,EXP_FAULT_01,RUN_01,pod_kill,1,currencyservice,currency-f01-06,online-boutique,node-a,0.2569,29.3588,0,195.401,0.003908,6.738,4.4085,12.0729,17.4166,26.9846,184.5596,194.6374,0.2344,0.5291,206049.2147,138425.3919,pod_kill,coupon-service,2026-06-09 14:05:00,2026-06-09 14:20:00,during_fault,14.660683,1
2026-06-09 14:09:25,565,EXP_FAULT_01,RUN_01,pod_kill,1,currencyservice,currency-f01-06,online-boutique,node-a,0.2464,29.5337,0,194.5863,0.003669,6.5504,4.6795,13.5229,16.6672,28.4993,183.7928,193.8725,0.1826,0.5313,225867.342,189296.3841,pod_kill,coupon-service,2026-06-09 14:05:00,2026-06-09 14:20:00,during_fault,13.673108,1
2026-06-09 14:09:30,570,EXP_FAULT_01,RUN_01,pod_kill,1,currencyservice,currency-f01-06,online-boutique,node-a,0.2495,28.922,0,196.2304,0.003196,5.9715,4.3497,10.6223,16.2857,24.332,185.4069,195.6033,0.1212,0.5059,212132.598,149511.0702,pod_kill,coupon-service,2026-06-09 14:05:00,2026-06-09 14:20:00,during_fault,6.262711,1
2026-06-09 14:09:35,575,EXP_FAULT_01,RUN_01,pod_kill,1,currencyservice,currency-f01-06,online-boutique,node-a,0.2571,29.2873,0,190.0609,0.004073,5.8192,4.0797,10.4772,15.591,26.9833,179.5544,189.2868,0.3003,0.4738,175738.1222,176487.7841,pod_kill,coupon-service,2026-06-09 14:05:00,2026-06-09 14:20:00,during_fault,8.283722,1
2026-06-09 14:09:40,580,EXP_FAULT_01,RUN_01,pod_kill,1,currencyservice,currency-f01-06,online-boutique,node-a,0.2505,29.4337,0,189.3553,0.003143,6.664,4.4924,12.6759,16.8268,26.4994,179.0942,188.7602,0.0656,0.5296,178916.6002,179546.0544,pod_kill,coupon-service,2026-06-09 14:05:00,2026-06-09 14:20:00,during_fault,11.956901,1
2026-06-09 14:09:45,585,EXP_FAULT_01,RUN_01,pod_kill,1,currencyservice,currency-f01-06,online-boutique,node-a,0.2282,28.5955,0,195.977,0.003197,6.5123,4.6964,12.6317,18.4315,29.0176,185.4636,195.3503,0.104,0.5226,162872.3967,133935.4784,pod_kill,coupon-service,2026-06-09 14:05:00,2026-06-09 14:20:00,during_fault,12.041684,1
2026-06-09 14:09:50,590,EXP_FAULT_01,RUN_01,pod_kill,1,currencyservice,currency-f01-06,online-boutique,node-a,0.2545,29.126,0,187.3367,0.003533,6.6139,4.7794,12.5181,17.8609,29.1215,177.4187,186.6748,0.1867,0.4752,164952.329,137781.8239,pod_kill,coupon-service,2026-06-09 14:05:00,2026-06-09 14:20:00,during_fault,12.186763,1
2026-06-09 14:09:55,595,EXP_FAULT_01,RUN_01,pod_kill,1,currencyservice,currency-f01-06,online-boutique,node-a,0.2516,29.617,0,191.9802,0.002824,5.4605,4.1475,9.6353,13.6775,21.9939,182.1107,191.438,0.0861,0.456,165969.4175,166499.6236,pod_kill,coupon-service,2026-06-09 14:05:00,2026-06-09 14:20:00,during_fault,3.4973214,1
2026-06-09 14:10:00,600,EXP_FAULT_01,RUN_01,pod_kill,1,currencyservice,currency-f01-06,online-boutique,node-a,0.2394,29.4006,0,189.1406,0.003874,6.6339,4.5699,12.5756,16.231,29.8885,179.5195,188.4079,0.3018,0.4308,195552.8276,185231.0855,pod_kill,coupon-service,2026-06-09 14:05:00,2026-06-09 14:20:00,during_fault,16.32362,1
2026-06-09 14:10:05,605,EXP_FAULT_01,RUN_01,pod_kill,1,currencyservice,currency-f01-06,online-boutique,node-a,0.2443,29.2927,0,188.2033,0.003345,5.8943,4.0318,10.3331,14.574,23.6313,178.9756,187.5738,0.15,0.4795,220375.3248,128135.9362,pod_kill,coupon-service,2026-06-09 14:05:00,2026-06-09 14:20:00,during_fault,7.57796,1
2026-06-09 14:10:10,610,EXP_FAULT_01,RUN_01,pod_kill,1,currencyservice,currency-f01-06,online-boutique,node-a,0.2495,28.9052,0,192.4444,0.003326,5.5909,4.094,10.7233,14.1603,24.4761,183.2621,191.8044,0.1712,0.4688,241209.2094,179358.9529,pod_kill,coupon-service,2026-06-09 14:05:00,2026-06-09 14:20:00,during_fault,4.7043004,1
2026-06-09 14:10:15,615,EXP_FAULT_01,RUN_01,pod_kill,1,currencyservice,currency-f01-06,online-boutique,node-a,0.2426,29.3476,0,187.2429,0.002678,6.5336,4.7951,12.863,17.1942,25.5279,178.6502,186.7415,0.1092,0.3922,202526.0235,164532.3151,pod_kill,coupon-service,2026-06-09 14:05:00,2026-06-09 14:20:00,during_fault,9.9395275,1
2026-06-09 14:10:20,620,EXP_FAULT_01,RUN_01,pod_kill,1,currencyservice,currency-f01-06,online-boutique,node-a,0.2526,29.5419,0,176.1912,0.002444,5.9758,4.5589,12.0628,14.5694,25.924,168.3797,175.7606,0.0517,0.3789,179943.9894,129458.7207,pod_kill,coupon-service,2026-06-09 14:05:00,2026-06-09 14:20:00,during_fault,5.472316,1
2026-06-09 14:10:25,625,EXP_FAULT_01,RUN_01,pod_kill,1,currencyservice,currency-f01-06,online-boutique,node-a,0.2475,29.0934,0,189.3851,0.00364,5.6523,4.0273,10.6012,15.1893,21.5218,181.2014,188.6957,0.2869,0.4025,217807.7832,137798.8038,pod_kill,coupon-service,2026-06-09 14:05:00,2026-06-09 14:20:00,during_fault,6.481974,1
2026-06-09 14:10:30,630,EXP_FAULT_01,RUN_01,pod_kill,1,currencyservice,currency-f01-06,online-boutique,node-a,0.2388,28.8179,0,181.4966,0.002846,5.3769,3.8665,10.2965,13.8913,21.2636,173.9578,180.98,0.1791,0.3375,177629.8294,135415.5438,pod_kill,coupon-service,2026-06-09 14:05:00,2026-06-09 14:20:00,during_fault,3.5650449,1
2026-06-09 14:10:35,635,EXP_FAULT_01,RUN_01,pod_kill,1,currencyservice,currency-f01-06,online-boutique,node-a,0.2422,29.0501,0,175.7529,0.003586,5.5703,4.0566,9.758,13.4896,20.444,168.7074,175.1226,0.2805,0.3498,153971.4069,132990.9669,pod_kill,coupon-service,2026-06-09 14:05:00,2026-06-09 14:20:00,during_fault,6.680375,1
2026-06-09 14:10:40,640,EXP_FAULT_01,RUN_01,pod_kill,1,currencyservice,currency-f01-06,online-boutique,node-a,0.2348,28.5551,0,177.1005,0.003134,5.7083,4.3371,9.8038,14.155,23.871,170.3383,176.5455,0.2459,0.3092,206555.0786,149895.7373,pod_kill,coupon-service,2026-06-09 14:05:00,2026-06-09 14:20:00,during_fault,6.0016418,1
2026-06-09 14:10:45,645,EXP_FAULT_01,RUN_01,pod_kill,1,currencyservice,currency-f01-06,online-boutique,node-a,0.2599,29.6746,0,180.7325,0.003318,5.8878,4.1551,10.5448,15.0766,23.3913,174.1026,180.1328,0.2817,0.318,229504.2786,166726.6825,pod_kill,coupon-service,2026-06-09 14:05:00,2026-06-09 14:20:00,during_fault,6.981308,1
2026-06-09 14:10:50,650,EXP_FAULT_01,RUN_01,pod_kill,1,currencyservice,currency-f01-06,online-boutique,node-a,0.2334,29.4479,0,174.7841,0.003208,5.5816,3.8623,9.9995,13.8829,19.0364,168.558,174.2235,0.2567,0.304,214564.904,167192.5237,pod_kill,coupon-service,2026-06-09 14:05:00,2026-06-09 14:20:00,during_fault,7.044076,1
2026-06-09 14:10:55,655,EXP_FAULT_01,RUN_01,pod_kill,1,currencyservice,currency-f01-06,online-boutique,node-a,0.2525,29.0909,0,178.5982,0.003185,5.4081,3.8278,9.5479,13.2918,20.8194,172.4846,178.0293,0.2714,0.2974,194035.6097,183702.7887,pod_kill,coupon-service,2026-06-09 14:05:00,2026-06-09 14:20:00,during_fault,3.8098786,1
2026-06-09 14:11:00,660,EXP_FAULT_01,RUN_01,pod_kill,1,currencyservice,currency-f01-06,online-boutique,node-a,0.2501,28.403,0,170.7129,0.002237,5.3902,3.6253,10.0503,12.7861,18.5061,165.1834,170.331,0.107,0.2748,213586.0364,173865.6357,pod_kill,coupon-service,2026-06-09 14:05:00,2026-06-09 14:20:00,during_fault,1.6442482,1
2026-06-09 14:11:05,665,EXP_FAULT_01,RUN_01,pod_kill,1,currencyservice,currency-f01-06,online-boutique,node-a,0.2382,28.735,0,185.362,0.002247,5.4469,3.7352,10.1925,13.36,21.4314,179.5662,184.9455,0.1429,0.2735,201042.3429,145384.5232,pod_kill,coupon-service,2026-06-09 14:05:00,2026-06-09 14:20:00,during_fault,2.4667027,1
2026-06-09 14:11:10,670,EXP_FAULT_01,RUN_01,pod_kill,1,currencyservice,currency-f01-06,online-boutique,node-a,0.2685,28.8524,0,175.4966,0.00309,5.2259,4.0736,9.2225,11.6386,17.6974,170.1144,174.9544,0.2718,0.2704,199197.7777,178402.7666,pod_kill,coupon-service,2026-06-09 14:05:00,2026-06-09 14:20:00,during_fault,2.2625678,1
2026-06-09 14:11:15,675,EXP_FAULT_01,RUN_01,pod_kill,1,currencyservice,currency-f01-06,online-boutique,node-a,0.2426,29.0606,0,181.1792,0.003086,5.194,3.8961,8.6097,12.3655,19.7234,175.7076,180.62,0.2724,0.2867,166323.3529,140451.8093,pod_kill,coupon-service,2026-06-09 14:05:00,2026-06-09 14:20:00,during_fault,3.346334,1
2026-06-09 14:11:20,680,EXP_FAULT_01,RUN_01,pod_kill,1,currencyservice,currency-f01-06,online-boutique,node-a,0.2534,28.9851,0,179.4253,0.002249,5.2085,3.8335,9.8835,12.7235,17.077,174.2122,179.0218,0.1597,0.2437,182517.8052,170895.6474,pod_kill,coupon-service,2026-06-09 14:05:00,2026-06-09 14:20:00,during_fault,1.1855112,1
2026-06-09 14:11:25,685,EXP_FAULT_01,RUN_01,pod_kill,1,currencyservice,currency-f01-06,online-boutique,node-a,0.2319,29.2639,0,175.4091,0.002347,4.9781,3.7682,9.3084,12.3376,17.3642,170.3805,174.9974,0.1601,0.2516,211226.6875,167134.7095,pod_kill,coupon-service,2026-06-09 14:05:00,2026-06-09 14:20:00,during_fault,2.2086215,1
2026-06-09 14:11:30,690,EXP_FAULT_01,RUN_01,pod_kill,1,currencyservice,currency-f01-06,online-boutique,node-a,0.2303,29.2822,0,179.1038,0.002847,5.2667,3.7872,8.7856,12.7152,17.4233,174.0165,178.5939,0.25,0.2599,176002.0332,127786.8793,pod_kill,coupon-service,2026-06-09 14:05:00,2026-06-09 14:20:00,during_fault,4.5119896,1
2026-06-09 14:11:35,695,EXP_FAULT_01,RUN_01,pod_kill,1,currencyservice,currency-f01-06,online-boutique,node-a,0.2426,29.7119,0,174.5204,0.002574,5.0521,3.7563,8.415,11.0218,17.5087,169.5526,174.0711,0.1734,0.2758,214267.8543,121290.8663,pod_kill,coupon-service,2026-06-09 14:05:00,2026-06-09 14:20:00,during_fault,2.4263775,1
2026-06-09 14:11:40,700,EXP_FAULT_01,RUN_01,pod_kill,1,currencyservice,currency-f01-06,online-boutique,node-a,0.2424,29.0359,0,187.3993,0.001626,5.8902,4.5349,11.0079,13.1211,20.0509,182.1929,187.0946,0.0576,0.2472,176871.0174,162216.9407,pod_kill,coupon-service,2026-06-09 14:05:00,2026-06-09 14:20:00,during_fault,2.8851924,1
2026-06-09 14:11:45,705,EXP_FAULT_01,RUN_01,pod_kill,1,currencyservice,currency-f01-06,online-boutique,node-a,0.2305,29.2483,0,179.0523,0.002281,5.6021,4.259,9.4046,12.5009,20.0817,173.9804,178.6439,0.1738,0.2347,188773.3278,178660.5654,pod_kill,coupon-service,2026-06-09 14:05:00,2026-06-09 14:20:00,during_fault,4.4183664,1
2026-06-09 14:11:50,710,EXP_FAULT_01,RUN_01,pod_kill,1,currencyservice,currency-f01-06,online-boutique,node-a,0.2391,29.9977,0,179.5432,0.001844,5.3387,3.6557,9.5631,12.9761,19.5816,174.4088,179.212,0.0902,0.2409,172574.7732,170267.4951,pod_kill,coupon-service,2026-06-09 14:05:00,2026-06-09 14:20:00,during_fault,2.507257,1
2026-06-09 14:11:55,715,EXP_FAULT_01,RUN_01,pod_kill,1,currencyservice,currency-f01-06,online-boutique,node-a,0.2645,28.7653,0,185.8129,0.001754,5.6549,3.9534,9.3895,13.168,21.754,180.3816,185.487,0.0747,0.2512,208381.5232,151966.7539,pod_kill,coupon-service,2026-06-09 14:05:00,2026-06-09 14:20:00,during_fault,1.3071573,1
2026-06-09 14:12:00,720,EXP_FAULT_01,RUN_01,pod_kill,1,currencyservice,currency-f01-06,online-boutique,node-a,0.2428,28.9532,0,177.8323,0.002445,5.249,3.7426,8.9685,12.3528,20.5852,172.4376,177.3976,0.1615,0.2733,185092.3366,133238.8895,pod_kill,coupon-service,2026-06-09 14:05:00,2026-06-09 14:20:00,during_fault,2.1060708,1
2026-06-09 14:12:05,725,EXP_FAULT_01,RUN_01,pod_kill,1,currencyservice,currency-f01-06,online-boutique,node-a,0.2441,29.6562,0,181.5324,0.002792,5.4702,3.7205,9.6895,12.6978,21.8158,175.7641,181.0256,0.243,0.2639,202605.0242,147205.9077,pod_kill,coupon-service,2026-06-09 14:05:00,2026-06-09 14:20:00,during_fault,4.293349,1
2026-06-09 14:12:10,730,EXP_FAULT_01,RUN_01,pod_kill,1,currencyservice,currency-f01-06,online-boutique,node-a,0.2497,29.3637,0,179.5564,0.002606,5.1051,3.7863,9.7064,12.8708,18.5133,173.7019,179.0885,0.2024,0.2656,161945.98,157634.8715,pod_kill,coupon-service,2026-06-09 14:05:00,2026-06-09 14:20:00,during_fault,1.8484089,1
2026-06-09 14:12:15,735,EXP_FAULT_01,RUN_01,pod_kill,1,currencyservice,currency-f01-06,online-boutique,node-a,0.2539,29.3364,0,183.33,0.002397,5.1545,3.5268,8.9146,11.7713,17.5038,177.1622,182.8905,0.1549,0.2846,189441.6815,181032.3867,pod_kill,coupon-service,2026-06-09 14:05:00,2026-06-09 14:20:00,during_fault,1.3741659,1
2026-06-09 14:12:20,740,EXP_FAULT_01,RUN_01,pod_kill,1,currencyservice,currency-f01-06,online-boutique,node-a,0.2344,29.1289,0,181.9416,0.00324,5.1327,3.9695,9.0541,12.6737,18.7716,175.4771,181.3521,0.2765,0.313,175074.9976,173403.1282,pod_kill,coupon-service,2026-06-09 14:05:00,2026-06-09 14:20:00,during_fault,4.3970613,1
2026-06-09 14:12:25,745,EXP_FAULT_01,RUN_01,pod_kill,1,currencyservice,currency-f01-06,online-boutique,node-a,0.2378,28.8981,0,176.1756,0.003167,6.0173,4.4454,11.0751,14.8375,23.0362,169.6966,175.6175,0.2233,0.3348,169064.1907,168975.1714,pod_kill,coupon-service,2026-06-09 14:05:00,2026-06-09 14:20:00,during_fault,8.140169,1
2026-06-09 14:12:30,750,EXP_FAULT_01,RUN_01,pod_kill,1,currencyservice,currency-f01-06,online-boutique,node-a,0.2295,29.2221,0,179.0359,0.00332,5.7397,4.3371,10.9171,15.3115,22.7613,172.13,178.4416,0.2256,0.3687,222393.9637,171583.554,pod_kill,coupon-service,2026-06-09 14:05:00,2026-06-09 14:20:00,during_fault,8.434497,1
2026-06-09 14:12:35,755,EXP_FAULT_01,RUN_01,pod_kill,1,currencyservice,currency-f01-06,online-boutique,node-a,0.2392,28.8965,0,181.4462,0.003102,5.5728,4.2452,9.6344,13.2206,21.5707,174.1911,180.8835,0.2119,0.3509,153323.4418,174682.5868,pod_kill,coupon-service,2026-06-09 14:05:00,2026-06-09 14:20:00,during_fault,5.1527243,1
2026-06-09 14:12:40,760,EXP_FAULT_01,RUN_01,pod_kill,1,currencyservice,currency-f01-06,online-boutique,node-a,0.2427,29.1374,0,180.37,0.002819,5.9564,4.5277,10.9824,14.2584,24.5371,172.9332,179.8616,0.1183,0.3901,181338.209,173447.0559,pod_kill,coupon-service,2026-06-09 14:05:00,2026-06-09 14:20:00,during_fault,6.364505,1
2026-06-09 14:12:45,765,EXP_FAULT_01,RUN_01,pod_kill,1,currencyservice,currency-f01-06,online-boutique,node-a,0.258,29.165,0,172.5079,0.003661,5.2258,3.7437,9.7025,13.2399,21.1039,165.0403,171.8763,0.2624,0.3692,185884.0291,161693.306,pod_kill,coupon-service,2026-06-09 14:05:00,2026-06-09 14:20:00,during_fault,4.1828866,1
2026-06-09 14:12:50,770,EXP_FAULT_01,RUN_01,pod_kill,1,currencyservice,currency-f01-06,online-boutique,node-a,0.2494,29.7643,0,179.9557,0.003072,5.4265,4.1626,10.7526,13.4987,21.4085,171.9181,179.4028,0.1899,0.3629,191194.4947,158789.8256,pod_kill,coupon-service,2026-06-09 14:05:00,2026-06-09 14:20:00,during_fault,4.572631,1
2026-06-09 14:12:55,775,EXP_FAULT_01,RUN_01,pod_kill,1,currencyservice,currency-f01-06,online-boutique,node-a,0.2463,29.1439,0,174.9737,0.002835,5.8729,4.4054,10.7044,14.0705,21.9126,166.8965,174.4777,0.0981,0.3979,219596.1204,174271.1013,pod_kill,coupon-service,2026-06-09 14:05:00,2026-06-09 14:20:00,during_fault,5.8636656,1
2026-06-09 14:13:00,780,EXP_FAULT_01,RUN_01,pod_kill,1,currencyservice,currency-f01-06,online-boutique,node-a,0.2442,29.6154,0,174.8655,0.002742,5.4693,4.0627,10.9014,14.6726,23.981,166.5589,174.386,0.0505,0.429,202922.5275,159897.0772,pod_kill,coupon-service,2026-06-09 14:05:00,2026-06-09 14:20:00,during_fault,4.2551827,1
2026-06-09 14:13:05,785,EXP_FAULT_01,RUN_01,pod_kill,1,currencyservice,currency-f01-06,online-boutique,node-a,0.2418,29.315,0,172.3666,0.003105,5.7356,4.3712,10.1905,15.4019,23.4369,163.8996,171.8315,0.1296,0.4055,160035.8559,127409.4162,pod_kill,coupon-service,2026-06-09 14:05:00,2026-06-09 14:20:00,during_fault,6.6043715,1
2026-06-09 14:13:10,790,EXP_FAULT_01,RUN_01,pod_kill,1,currencyservice,currency-f01-06,online-boutique,node-a,0.2524,29.9016,0,168.5108,0.002893,6.5951,5.0138,11.8346,16.8234,29.5696,160.0341,168.0233,0.0731,0.4144,143548.9309,166164.6116,pod_kill,coupon-service,2026-06-09 14:05:00,2026-06-09 14:20:00,during_fault,12.723238,1
2026-06-09 14:13:15,795,EXP_FAULT_01,RUN_01,pod_kill,1,currencyservice,currency-f01-06,online-boutique,node-a,0.2459,28.8636,0,169.6103,0.00307,6.1595,4.0826,11.2122,15.3094,28.1787,160.8848,169.0897,0.1078,0.4128,202396.0488,175067.524,pod_kill,coupon-service,2026-06-09 14:05:00,2026-06-09 14:20:00,during_fault,8.327623,1
2026-06-09 14:13:20,800,EXP_FAULT_01,RUN_01,pod_kill,1,currencyservice,currency-f01-06,online-boutique,node-a,0.2307,28.6544,0,161.7422,0.002929,6.0361,4.4623,11.0419,17.4103,25.29,153.2462,161.2684,0.075,0.3987,186781.6153,163952.3827,pod_kill,coupon-service,2026-06-09 14:05:00,2026-06-09 14:20:00,during_fault,8.373171,1
2026-06-09 14:13:25,805,EXP_FAULT_01,RUN_01,pod_kill,1,currencyservice,currency-f01-06,online-boutique,node-a,0.2511,29.074,0,165.054,0.003088,5.2833,3.9301,10.1481,14.6111,23.0534,156.234,164.5443,0.076,0.4337,210889.3988,115517.0815,pod_kill,coupon-service,2026-06-09 14:05:00,2026-06-09 14:20:00,during_fault,3.6218238,1
2026-06-09 14:13:30,810,EXP_FAULT_01,RUN_01,pod_kill,1,currencyservice,currency-f01-06,online-boutique,node-a,0.2359,29.6461,0,165.3086,0.00345,5.3767,3.7574,10.2869,13.8579,24.3566,156.3204,164.7384,0.1336,0.4367,165404.5692,124025.0888,pod_kill,coupon-service,2026-06-09 14:05:00,2026-06-09 14:20:00,during_fault,6.9625,1
2026-06-09 14:13:35,815,EXP_FAULT_01,RUN_01,pod_kill,1,currencyservice,currency-f01-06,online-boutique,node-a,0.2349,29.228,0,161.6688,0.003182,6.0204,4.2083,11.5232,15.5583,26.6413,152.8009,161.1543,0.1033,0.4112,153701.331,126769.7596,pod_kill,coupon-service,2026-06-09 14:05:00,2026-06-09 14:20:00,during_fault,9.752734,1
2026-06-09 14:13:40,820,EXP_FAULT_01,RUN_01,pod_kill,1,currencyservice,currency-f01-06,online-boutique,node-a,0.2366,29.8275,0,159.2461,0.003959,6.2709,4.5943,11.9087,16.1642,28.8347,150.403,158.6156,0.2142,0.4163,189494.744,107634.2376,pod_kill,coupon-service,2026-06-09 14:05:00,2026-06-09 14:20:00,during_fault,16.586645,1
2026-06-09 14:13:45,825,EXP_FAULT_01,RUN_01,pod_kill,1,currencyservice,currency-f01-06,online-boutique,node-a,0.2464,28.881,0,160.8021,0.003294,6.1037,4.4878,12.3003,17.3327,26.5711,151.8763,160.2724,0.0962,0.4335,156296.8424,104795.1811,pod_kill,coupon-service,2026-06-09 14:05:00,2026-06-09 14:20:00,during_fault,9.333753,1
2026-06-09 14:13:50,830,EXP_FAULT_01,RUN_01,pod_kill,1,currencyservice,currency-f01-06,online-boutique,node-a,0.2347,29.2872,0,159.2405,0.004281,5.4203,3.9981,10.4304,13.6611,21.4719,150.3806,158.5588,0.2386,0.4432,170182.9992,122188.9959,pod_kill,coupon-service,2026-06-09 14:05:00,2026-06-09 14:20:00,during_fault,10.068715,1
2026-06-09 14:13:55,835,EXP_FAULT_01,RUN_01,pod_kill,1,currencyservice,currency-f01-06,online-boutique,node-a,0.2575,29.3422,0,156.2571,0.004331,5.9191,4.3717,11.3391,15.6807,24.798,147.5339,155.5802,0.2349,0.442,189893.5294,142547.1704,pod_kill,coupon-service,2026-06-09 14:05:00,2026-06-09 14:20:00,during_fault,12.563281,1
2026-06-09 14:14:00,840,EXP_FAULT_01,RUN_01,pod_kill,1,currencyservice,currency-f01-06,online-boutique,node-a,0.2345,29.634,0,156.3247,0.003331,5.0433,3.485,10.2653,13.2358,23.2378,147.7356,155.8039,0.1053,0.4155,183531.6077,127660.1835,pod_kill,coupon-service,2026-06-09 14:05:00,2026-06-09 14:20:00,during_fault,5.167247,1
2026-06-09 14:14:05,845,EXP_FAULT_01,RUN_01,pod_kill,1,currencyservice,currency-f01-06,online-boutique,node-a,0.2397,29.5364,0,154.1938,0.003359,5.5001,3.6015,9.8639,15.004,24.2185,145.8339,153.6759,0.1014,0.4166,192327.031,123913.4798,pod_kill,coupon-service,2026-06-09 14:05:00,2026-06-09 14:20:00,during_fault,7.3875566,1
2026-06-09 14:14:10,850,EXP_FAULT_01,RUN_01,pod_kill,1,currencyservice,currency-f01-06,online-boutique,node-a,0.2365,28.9394,0,157.2796,0.002962,5.6283,3.7561,11.5176,16.0192,26.1761,148.8684,156.8138,0.0703,0.3955,197749.4969,150505.1834,pod_kill,coupon-service,2026-06-09 14:05:00,2026-06-09 14:20:00,during_fault,6.0983095,1
2026-06-09 14:14:15,855,EXP_FAULT_01,RUN_01,pod_kill,1,currencyservice,currency-f01-06,online-boutique,node-a,0.2444,28.8685,0,152.4771,0.003896,5.6956,4.126,10.9379,15.6521,24.2592,144.3642,151.8831,0.2314,0.3626,185543.2832,109180.5194,pod_kill,coupon-service,2026-06-09 14:05:00,2026-06-09 14:20:00,during_fault,9.297775,1
2026-06-09 14:14:20,860,EXP_FAULT_01,RUN_01,pod_kill,1,currencyservice,currency-f01-06,online-boutique,node-a,0.2491,29.6764,0,158.5921,0.004106,5.4422,3.6832,10.377,13.925,21.6269,150.3401,157.9409,0.2315,0.4197,136220.2369,104102.3854,pod_kill,coupon-service,2026-06-09 14:05:00,2026-06-09 14:20:00,during_fault,8.936724,1
2026-06-09 14:14:25,865,EXP_FAULT_01,RUN_01,pod_kill,1,currencyservice,currency-f01-06,online-boutique,node-a,0.2356,28.5066,0,155.6109,0.003279,5.8922,4.1085,11.2764,16.3628,23.2273,147.7351,155.1007,0.1507,0.3595,188289.0634,122889.5158,pod_kill,coupon-service,2026-06-09 14:05:00,2026-06-09 14:20:00,during_fault,8.33584,1
2026-06-09 14:14:30,870,EXP_FAULT_01,RUN_01,pod_kill,1,currencyservice,currency-f01-06,online-boutique,node-a,0.2393,29.3988,0,163.0387,0.002914,5.4293,3.8579,10.5627,15.0336,22.4214,155.0562,162.5636,0.0979,0.3771,205433.6009,114797.9345,pod_kill,coupon-service,2026-06-09 14:05:00,2026-06-09 14:20:00,during_fault,5.0100036,1
2026-06-09 14:14:35,875,EXP_FAULT_01,RUN_01,pod_kill,1,currencyservice,currency-f01-06,online-boutique,node-a,0.2317,29.0629,0,158.9237,0.003781,5.6807,4.1448,10.7545,15.8293,23.0382,151.2851,158.3229,0.2201,0.3808,168665.868,141539.7239,pod_kill,coupon-service,2026-06-09 14:05:00,2026-06-09 14:20:00,during_fault,9.846987,1
2026-06-09 14:14:40,880,EXP_FAULT_01,RUN_01,pod_kill,1,currencyservice,currency-f01-06,online-boutique,node-a,0.2618,29.1524,0,161.5277,0.003669,5.8747,3.9966,10.9503,15.7235,21.7037,154.0105,160.9351,0.2461,0.3465,162597.4681,156640.485,pod_kill,coupon-service,2026-06-09 14:05:00,2026-06-09 14:20:00,during_fault,8.654166,1
2026-06-09 14:14:45,885,EXP_FAULT_01,RUN_01,pod_kill,1,currencyservice,currency-f01-06,online-boutique,node-a,0.2422,29.2035,0,166.3225,0.002689,5.8121,4.4331,11.1683,16.1374,24.052,158.9136,165.8752,0.1099,0.3373,181708.9418,166926.5849,pod_kill,coupon-service,2026-06-09 14:05:00,2026-06-09 14:20:00,during_fault,5.8513207,1
2026-06-09 14:14:50,890,EXP_FAULT_01,RUN_01,pod_kill,1,currencyservice,currency-f01-06,online-boutique,node-a,0.2402,29.1455,0,164.172,0.003253,6.0199,4.2922,11.7735,14.5251,26.0291,157.0461,163.638,0.1872,0.3468,165728.5956,136110.3986,pod_kill,coupon-service,2026-06-09 14:05:00,2026-06-09 14:20:00,during_fault,9.246342,1
2026-06-09 14:14:55,895,EXP_FAULT_01,RUN_01,pod_kill,1,currencyservice,currency-f01-06,online-boutique,node-a,0.2289,28.398,0,160.6912,0.003616,5.7923,4.4585,10.9318,14.2417,22.4899,153.9494,160.1102,0.247,0.3341,163680.9119,104515.5725,pod_kill,coupon-service,2026-06-09 14:05:00,2026-06-09 14:20:00,during_fault,9.114987,1
2026-06-09 14:15:00,900,EXP_FAULT_01,RUN_01,pod_kill,1,currencyservice,currency-f01-06,online-boutique,node-a,0.252,29.4209,0,163.1232,0.002539,6.1305,4.3474,11.2673,16.2431,22.3706,156.6543,162.7089,0.0876,0.3266,176146.4181,108644.6097,pod_kill,coupon-service,2026-06-09 14:05:00,2026-06-09 14:20:00,during_fault,7.4434557,1
2026-06-09 14:15:05,905,EXP_FAULT_01,RUN_01,pod_kill,1,currencyservice,currency-f01-06,online-boutique,node-a,0.2408,28.8642,0,163.6679,0.002288,5.3191,3.82,10.4776,13.7058,19.8976,157.4633,163.2933,0.061,0.3135,164538.575,119367.3462,pod_kill,coupon-service,2026-06-09 14:05:00,2026-06-09 14:20:00,during_fault,2.3761861,1
2026-06-09 14:15:10,910,EXP_FAULT_01,RUN_01,pod_kill,1,currencyservice,currency-f01-06,online-boutique,node-a,0.2358,29.0814,0,163.6407,0.002202,5.1455,3.5008,9.7801,11.8851,19.8312,157.6887,163.2803,0.0636,0.2968,189795.6501,113489.6089,pod_kill,coupon-service,2026-06-09 14:05:00,2026-06-09 14:20:00,during_fault,2.0515728,1
2026-06-09 14:15:15,915,EXP_FAULT_01,RUN_01,pod_kill,1,currencyservice,currency-f01-06,online-boutique,node-a,0.2477,28.8233,0,164.749,0.00242,5.6244,3.9596,9.5875,12.9742,22.5083,158.991,164.3502,0.0954,0.3034,189796.2359,140725.3972,pod_kill,coupon-service,2026-06-09 14:05:00,2026-06-09 14:20:00,during_fault,3.55624,1
2026-06-09 14:15:20,920,EXP_FAULT_01,RUN_01,pod_kill,1,currencyservice,currency-f01-06,online-boutique,node-a,0.2293,28.9873,0,168.4238,0.002586,5.505,3.8288,9.2216,12.9858,20.8826,162.7178,167.9881,0.1748,0.2608,182432.3203,142011.5133,pod_kill,coupon-service,2026-06-09 14:05:00,2026-06-09 14:20:00,during_fault,4.639167,1
2026-06-09 14:15:25,925,EXP_FAULT_01,RUN_01,pod_kill,1,currencyservice,currency-f01-06,online-boutique,node-a,0.248,29.3787,0,169.4182,0.002421,5.2276,3.8734,9.1195,13.4038,19.804,163.9097,169.0081,0.1456,0.2645,152425.1821,128556.6399,pod_kill,coupon-service,2026-06-09 14:05:00,2026-06-09 14:20:00,during_fault,2.2492938,1
2026-06-09 14:15:30,930,EXP_FAULT_01,RUN_01,pod_kill,1,currencyservice,currency-f01-06,online-boutique,node-a,0.2349,29.4483,0,166.2227,0.00273,5.3423,3.8494,10.1918,12.4666,17.8479,160.9916,165.7689,0.1738,0.2799,143579.1029,114225.8273,pod_kill,coupon-service,2026-06-09 14:05:00,2026-06-09 14:20:00,during_fault,4.380891,1
2026-06-09 14:15:35,935,EXP_FAULT_01,RUN_01,pod_kill,1,currencyservice,currency-f01-06,online-boutique,node-a,0.2525,29.4372,0,164.707,0.002148,5.3968,4.1511,9.0652,12.4071,18.7214,159.6962,164.3531,0.1092,0.2447,196252.6682,139881.7342,pod_kill,coupon-service,2026-06-09 14:05:00,2026-06-09 14:20:00,during_fault,2.518617,1
2026-06-09 14:15:40,940,EXP_FAULT_01,RUN_01,pod_kill,1,currencyservice,currency-f01-06,online-boutique,node-a,0.2481,29.238,0,164.1851,0.00217,5.3571,4.0824,9.4025,13.7138,20.9792,159.3409,163.8287,0.0905,0.2658,168936.0652,124743.3993,pod_kill,coupon-service,2026-06-09 14:05:00,2026-06-09 14:20:00,during_fault,2.3546567,1
2026-06-09 14:15:45,945,EXP_FAULT_01,RUN_01,pod_kill,1,currencyservice,currency-f01-06,online-boutique,node-a,0.2479,29.6351,0,163.0845,0.002999,5.5632,4.1948,10.1211,12.6883,18.6995,158.2694,162.5954,0.2454,0.2436,160274.3244,136805.0576,pod_kill,coupon-service,2026-06-09 14:05:00,2026-06-09 14:20:00,during_fault,5.746357,1
2026-06-09 14:15:50,950,EXP_FAULT_01,RUN_01,pod_kill,1,currencyservice,currency-f01-06,online-boutique,node-a,0.2477,29.3532,0,161.9009,0.002354,4.5166,3.2358,7.4497,10.2974,15.281,157.3,161.5199,0.1593,0.2218,177680.1875,133539.5822,pod_kill,coupon-service,2026-06-09 14:05:00,2026-06-09 14:20:00,during_fault,0.4927681,0
2026-06-09 14:15:55,955,EXP_FAULT_01,RUN_01,pod_kill,1,currencyservice,currency-f01-06,online-boutique,node-a,0.2342,28.3532,0,163.0066,0.002168,5.4913,4.0003,9.4188,12.2675,21.121,158.4064,162.6531,0.1309,0.2225,204549.6847,165767.1231,pod_kill,coupon-service,2026-06-09 14:05:00,2026-06-09 14:20:00,during_fault,2.6766067,1
2026-06-09 14:16:00,960,EXP_FAULT_01,RUN_01,pod_kill,1,currencyservice,currency-f01-06,online-boutique,node-a,0.2205,28.8884,0,161.5101,0.002501,5.0051,3.7612,8.1986,12.6346,19.2814,156.9427,161.1063,0.1928,0.2111,149418.4699,148556.7486,pod_kill,coupon-service,2026-06-09 14:05:00,2026-06-09 14:20:00,during_fault,3.2211812,1
2026-06-09 14:16:05,965,EXP_FAULT_01,RUN_01,pod_kill,1,currencyservice,currency-f01-06,online-boutique,node-a,0.2333,29.3202,0,162.3638,0.001928,5.3108,3.9678,9.679,13.1974,18.5941,157.8368,162.0507,0.0903,0.2227,134186.1349,115603.8212,pod_kill,coupon-service,2026-06-09 14:05:00,2026-06-09 14:20:00,during_fault,2.515237,1
2026-06-09 14:16:10,970,EXP_FAULT_01,RUN_01,pod_kill,1,currencyservice,currency-f01-06,online-boutique,node-a,0.2302,29.2492,0,159.1623,0.002587,5.5604,3.9912,10.6224,12.1959,18.2716,154.5946,158.7505,0.1739,0.2379,146471.3553,112438.4991,pod_kill,coupon-service,2026-06-09 14:05:00,2026-06-09 14:20:00,during_fault,5.408704,1
2026-06-09 14:16:15,975,EXP_FAULT_01,RUN_01,pod_kill,1,currencyservice,currency-f01-06,online-boutique,node-a,0.232,29.0637,0,157.9796,0.002265,5.1832,3.5338,9.6585,11.337,18.8227,153.3871,157.6218,0.1217,0.236,132142.2952,125668.8891,pod_kill,coupon-service,2026-06-09 14:05:00,2026-06-09 14:20:00,during_fault,2.6199622,1
2026-06-09 14:16:20,980,EXP_FAULT_01,RUN_01,pod_kill,1,currencyservice,currency-f01-06,online-boutique,node-a,0.2457,29.2192,0,156.9446,0.003105,5.1138,3.6806,9.093,12.3603,17.5303,152.2471,156.4573,0.2267,0.2606,177785.629,104964.0874,pod_kill,coupon-service,2026-06-09 14:05:00,2026-06-09 14:20:00,during_fault,3.633515,1
2026-06-09 14:16:25,985,EXP_FAULT_01,RUN_01,pod_kill,1,currencyservice,currency-f01-06,online-boutique,node-a,0.2362,29.309,0,157.7255,0.001844,5.733,4.2741,11.0903,14.0621,22.4758,152.9805,157.4347,0.0526,0.2382,143816.5865,153527.7238,pod_kill,coupon-service,2026-06-09 14:05:00,2026-06-09 14:20:00,during_fault,4.183915,1
2026-06-09 14:16:30,990,EXP_FAULT_01,RUN_01,pod_kill,1,currencyservice,currency-f01-06,online-boutique,node-a,0.2366,29.3204,0,156.5279,0.002359,5.4419,3.7068,9.9123,12.0711,19.8501,151.645,156.1587,0.1329,0.2363,142774.8593,119432.6794,pod_kill,coupon-service,2026-06-09 14:05:00,2026-06-09 14:20:00,during_fault,3.966327,1
2026-06-09 14:16:35,995,EXP_FAULT_01,RUN_01,pod_kill,1,currencyservice,currency-f01-06,online-boutique,node-a,0.2397,29.1193,0,152.5554,0.00291,5.0957,3.7317,9.598,11.446,17.0609,147.5372,152.1115,0.1756,0.2683,159429.7623,144174.7735,pod_kill,coupon-service,2026-06-09 14:05:00,2026-06-09 14:20:00,during_fault,3.4822433,1
2026-06-09 14:16:40,1000,EXP_FAULT_01,RUN_01,pod_kill,1,currencyservice,currency-f01-06,online-boutique,node-a,0.2447,29.3736,0,154.6161,0.002367,4.9313,3.6068,8.5027,11.3663,17.8232,149.4302,154.2502,0.1105,0.2555,142565.7594,127908.3601,pod_kill,coupon-service,2026-06-09 14:05:00,2026-06-09 14:20:00,during_fault,1.7765408,1
2026-06-09 14:16:45,1005,EXP_FAULT_01,RUN_01,pod_kill,1,currencyservice,currency-f01-06,online-boutique,node-a,0.2478,29.1836,0,159.6639,0.002479,5.8278,3.9357,11.3041,14.0094,21.7423,154.076,159.2681,0.1325,0.2633,138680.0513,145384.3979,pod_kill,coupon-service,2026-06-09 14:05:00,2026-06-09 14:20:00,during_fault,5.467366,1
2026-06-09 14:16:50,1010,EXP_FAULT_01,RUN_01,pod_kill,1,currencyservice,currency-f01-06,online-boutique,node-a,0.23,29.3904,0,162.7118,0.002456,5.441,3.7191,10.7179,13.9359,19.4462,156.7636,162.3121,0.11,0.2897,144100.6248,140987.372,pod_kill,coupon-service,2026-06-09 14:05:00,2026-06-09 14:20:00,during_fault,4.5339255,1
2026-06-09 14:16:55,1015,EXP_FAULT_01,RUN_01,pod_kill,1,currencyservice,currency-f01-06,online-boutique,node-a,0.2375,29.4516,0,154.5512,0.003101,5.1858,3.8927,9.3239,12.7824,18.7649,148.6134,154.072,0.1622,0.3171,192813.9642,139598.769,pod_kill,coupon-service,2026-06-09 14:05:00,2026-06-09 14:20:00,during_fault,4.8142066,1
2026-06-09 14:17:00,1020,EXP_FAULT_01,RUN_01,pod_kill,1,currencyservice,currency-f01-06,online-boutique,node-a,0.2382,29.355,0,155.3771,0.002568,5.018,3.5468,9.7062,12.1701,21.0953,149.2419,154.9781,0.1212,0.2778,168820.556,141861.4044,pod_kill,coupon-service,2026-06-09 14:05:00,2026-06-09 14:20:00,during_fault,2.627515,1
2026-06-09 14:17:05,1025,EXP_FAULT_01,RUN_01,pod_kill,1,currencyservice,currency-f01-06,online-boutique,node-a,0.2329,29.0755,0,162.2455,0.003588,5.2609,3.7888,10.1658,14.3339,22.1637,155.4301,161.6634,0.256,0.3262,151319.5918,142416.876,pod_kill,coupon-service,2026-06-09 14:05:00,2026-06-09 14:20:00,during_fault,6.289889,1
2026-06-09 14:17:10,1030,EXP_FAULT_01,RUN_01,pod_kill,1,currencyservice,currency-f01-06,online-boutique,node-a,0.2395,29.3073,0,158.3475,0.0029,5.3541,3.8494,10.3383,13.3356,20.7954,151.547,157.8882,0.1337,0.3256,180922.1421,113292.0827,pod_kill,coupon-service,2026-06-09 14:05:00,2026-06-09 14:20:00,during_fault,4.6491113,1
2026-06-09 14:17:15,1035,EXP_FAULT_01,RUN_01,pod_kill,1,currencyservice,currency-f01-06,online-boutique,node-a,0.2246,28.6114,0,155.7266,0.003058,5.096,3.6609,9.6838,13.1881,19.0739,148.7909,155.2504,0.1364,0.3399,190837.2728,120823.1174,pod_kill,coupon-service,2026-06-09 14:05:00,2026-06-09 14:20:00,during_fault,4.297278,1
2026-06-09 14:17:20,1040,EXP_FAULT_01,RUN_01,pod_kill,1,currencyservice,currency-f01-06,online-boutique,node-a,0.2403,29.731,0,159.4411,0.00372,5.1181,3.4501,9.1786,14.2357,22.186,152.0101,158.848,0.2385,0.3546,185630.8496,136419.732,pod_kill,coupon-service,2026-06-09 14:05:00,2026-06-09 14:20:00,during_fault,6.307026,1
2026-06-09 14:17:25,1045,EXP_FAULT_01,RUN_01,pod_kill,1,currencyservice,currency-f01-06,online-boutique,node-a,0.2369,29.1559,0,163.4635,0.002821,6.5841,4.7373,12.9994,17.8581,27.3786,155.696,163.0024,0.1104,0.3507,149579.3147,131566.2397,pod_kill,coupon-service,2026-06-09 14:05:00,2026-06-09 14:20:00,during_fault,12.512363,1
2026-06-09 14:17:30,1050,EXP_FAULT_01,RUN_01,pod_kill,1,currencyservice,currency-f01-06,online-boutique,node-a,0.2387,29.2634,0,161.5036,0.003873,5.9238,4.409,11.0553,15.9248,24.7997,153.5008,160.8781,0.2428,0.3827,154246.4403,129569.1482,pod_kill,coupon-service,2026-06-09 14:05:00,2026-06-09 14:20:00,during_fault,11.532808,1
2026-06-09 14:17:35,1055,EXP_FAULT_01,RUN_01,pod_kill,1,currencyservice,currency-f01-06,online-boutique,node-a,0.2494,29.2004,0,162.8521,0.003909,5.6314,4.0093,10.3837,14.841,22.8314,154.6242,162.2156,0.2533,0.3832,160879.9337,154756.4797,pod_kill,coupon-service,2026-06-09 14:05:00,2026-06-09 14:20:00,during_fault,8.4171505,1
2026-06-09 14:17:40,1060,EXP_FAULT_01,RUN_01,pod_kill,1,currencyservice,currency-f01-06,online-boutique,node-a,0.2474,29.5341,0,165.7831,0.003921,6.0686,4.6111,12.0835,17.2166,24.1022,157.2117,165.1331,0.2076,0.4424,173714.5822,160803.2421,pod_kill,coupon-service,2026-06-09 14:05:00,2026-06-09 14:20:00,during_fault,12.345479,1
2026-06-09 14:17:45,1065,EXP_FAULT_01,RUN_01,pod_kill,1,currencyservice,currency-f01-06,online-boutique,node-a,0.2392,29.0931,0,160.388,0.003953,6.3704,4.8432,13.1164,16.0978,26.3675,151.8585,159.754,0.2129,0.4212,146068.2681,104443.9433,pod_kill,coupon-service,2026-06-09 14:05:00,2026-06-09 14:20:00,during_fault,15.387133,1
2026-06-09 14:17:50,1070,EXP_FAULT_01,RUN_01,pod_kill,1,currencyservice,currency-f01-06,online-boutique,node-a,0.2372,29.1368,0,163.5625,0.003714,6.1201,4.1656,12.5197,16.9971,27.3199,154.7565,162.955,0.1667,0.4408,142564.7817,108279.2205,pod_kill,coupon-service,2026-06-09 14:05:00,2026-06-09 14:20:00,during_fault,12.198216,1
2026-06-09 14:17:55,1075,EXP_FAULT_01,RUN_01,pod_kill,1,currencyservice,currency-f01-06,online-boutique,node-a,0.2467,28.7944,0,169.7527,0.003215,6.0611,4.5738,12.3394,17.1232,25.6673,160.5654,169.2069,0.1262,0.4196,213913.5465,140334.3273,pod_kill,coupon-service,2026-06-09 14:05:00,2026-06-09 14:20:00,during_fault,7.97009,1
2026-06-09 14:18:00,1080,EXP_FAULT_01,RUN_01,pod_kill,1,currencyservice,currency-f01-06,online-boutique,node-a,0.2449,29.3258,0,165.3205,0.003691,5.9729,4.3715,11.1145,16.0893,26.4224,156.2244,164.7103,0.1964,0.4137,199002.0384,170141.2523,pod_kill,coupon-service,2026-06-09 14:05:00,2026-06-09 14:20:00,during_fault,10.470643,1
2026-06-09 14:18:05,1085,EXP_FAULT_01,RUN_01,pod_kill,1,currencyservice,currency-f01-06,online-boutique,node-a,0.246,29.3627,0,168.5906,0.00422,6.1882,4.331,11.7605,15.9384,26.7607,159.1596,167.8791,0.2438,0.4677,206578.485,159159.7255,pod_kill,coupon-service,2026-06-09 14:05:00,2026-06-09 14:20:00,during_fault,14.315699,1
2026-06-09 14:18:10,1090,EXP_FAULT_01,RUN_01,pod_kill,1,currencyservice,currency-f01-06,online-boutique,node-a,0.2414,29.2595,0,168.6391,0.003938,6.593,4.4928,12.7163,18.278,28.7693,159.2499,167.9751,0.1844,0.4796,172104.1854,153594.3771,pod_kill,coupon-service,2026-06-09 14:05:00,2026-06-09 14:20:00,during_fault,16.906597,1
2026-06-09 14:18:15,1095,EXP_FAULT_01,RUN_01,pod_kill,1,currencyservice,currency-f01-06,online-boutique,node-a,0.2539,28.9077,0,171.8637,0.004062,5.7382,3.9533,10.2831,15.0884,22.6139,162.2708,171.1656,0.2129,0.4852,197305.772,123111.2598,pod_kill,coupon-service,2026-06-09 14:05:00,2026-06-09 14:20:00,during_fault,8.335885,1
2026-06-09 14:18:20,1100,EXP_FAULT_01,RUN_01,pod_kill,1,currencyservice,currency-f01-06,online-boutique,node-a,0.2479,29.383,0,177.6122,0.003098,6.623,4.6452,13.6378,19.2236,28.5324,167.8291,177.062,0.052,0.4982,190972.818,179994.4695,pod_kill,coupon-service,2026-06-09 14:05:00,2026-06-09 14:20:00,during_fault,12.334225,1
2026-06-09 14:18:25,1105,EXP_FAULT_01,RUN_01,pod_kill,1,currencyservice,currency-f01-06,online-boutique,node-a,0.2515,29.5313,0,177.0384,0.003357,6.0365,4.2073,11.0608,15.1463,24.1515,167.3217,176.4441,0.1019,0.4923,146039.4239,132726.0979,pod_kill,coupon-service,2026-06-09 14:05:00,2026-06-09 14:20:00,during_fault,8.719991,1
2026-06-09 14:18:30,1110,EXP_FAULT_01,RUN_01,pod_kill,1,currencyservice,currency-f01-06,online-boutique,node-a,0.2499,28.9465,0,173.6261,0.004179,6.0351,4.13,11.9736,16.6713,27.9507,164.1252,172.9004,0.2623,0.4633,211335.0106,166311.497,pod_kill,coupon-service,2026-06-09 14:05:00,2026-06-09 14:20:00,during_fault,11.251139,1
2026-06-09 14:18:35,1115,EXP_FAULT_01,RUN_01,pod_kill,1,currencyservice,currency-f01-06,online-boutique,node-a,0.236,29.1431,0,169.5062,0.002956,5.6564,3.8745,10.6345,15.4455,22.6698,160.4577,169.0052,0.0915,0.4096,170484.6173,117386.9377,pod_kill,coupon-service,2026-06-09 14:05:00,2026-06-09 14:20:00,during_fault,6.048656,1
2026-06-09 14:18:40,1120,EXP_FAULT_01,RUN_01,pod_kill,1,currencyservice,currency-f01-06,online-boutique,node-a,0.2331,28.9259,0,173.4639,0.003206,6.4,4.805,11.8624,17.9823,28.3541,164.3127,172.9078,0.0861,0.47,207322.7259,157458.2197,pod_kill,coupon-service,2026-06-09 14:05:00,2026-06-09 14:20:00,during_fault,11.787878,1
2026-06-09 14:18:45,1125,EXP_FAULT_01,RUN_01,pod_kill,1,currencyservice,currency-f01-06,online-boutique,node-a,0.2389,29.6757,0,174.4236,0.003534,5.9604,3.9323,10.6196,15.7259,22.8898,165.4119,173.8072,0.1951,0.4213,171889.9885,142899.6954,pod_kill,coupon-service,2026-06-09 14:05:00,2026-06-09 14:20:00,during_fault,10.5068035,1
2026-06-09 14:18:50,1130,EXP_FAULT_01,RUN_01,pod_kill,1,currencyservice,currency-f01-06,online-boutique,node-a,0.2379,29.3675,0,174.6052,0.004107,5.9157,3.8816,11.3509,15.3887,24.3735,165.7408,173.8882,0.2766,0.4405,182987.0139,136576.1201,pod_kill,coupon-service,2026-06-09 14:05:00,2026-06-09 14:20:00,during_fault,12.164746,1
2026-06-09 14:18:55,1135,EXP_FAULT_01,RUN_01,pod_kill,1,currencyservice,currency-f01-06,online-boutique,node-a,0.2484,29.6274,0,176.2955,0.002837,6.3645,4.8058,12.9288,16.0132,27.7817,167.6657,175.7954,0.1064,0.3937,154837.4036,174941.7491,pod_kill,coupon-service,2026-06-09 14:05:00,2026-06-09 14:20:00,during_fault,9.742027,1
2026-06-09 14:19:00,1140,EXP_FAULT_01,RUN_01,pod_kill,1,currencyservice,currency-f01-06,online-boutique,node-a,0.2372,29.3422,0,174.2814,0.00264,5.5619,4.1273,10.7244,15.1839,24.0697,166.0003,173.8213,0.0452,0.4149,178770.0569,162740.107,pod_kill,coupon-service,2026-06-09 14:05:00,2026-06-09 14:20:00,during_fault,4.6763763,1
2026-06-09 14:19:05,1145,EXP_FAULT_01,RUN_01,pod_kill,1,currencyservice,currency-f01-06,online-boutique,node-a,0.2485,28.8116,0,172.7109,0.003562,6.0597,4.0534,11.1967,14.7186,25.0033,164.6802,172.0957,0.2267,0.3885,211651.6572,131139.3455,pod_kill,coupon-service,2026-06-09 14:05:00,2026-06-09 14:20:00,during_fault,8.917684,1
2026-06-09 14:19:10,1150,EXP_FAULT_01,RUN_01,pod_kill,1,currencyservice,currency-f01-06,online-boutique,node-a,0.2406,29.7518,0,172.0921,0.00298,6.3514,4.4332,11.9828,17.2573,27.0249,164.3975,171.5792,0.1494,0.3634,182749.8396,146619.99,pod_kill,coupon-service,2026-06-09 14:05:00,2026-06-09 14:20:00,during_fault,11.424046,1
2026-06-09 14:19:15,1155,EXP_FAULT_01,RUN_01,pod_kill,1,currencyservice,currency-f01-06,online-boutique,node-a,0.2496,29.9168,0,168.7242,0.002266,6.0116,4.3395,11.1202,14.7094,25.1095,161.5301,168.3419,0.0522,0.3301,187315.8581,126365.8253,pod_kill,coupon-service,2026-06-09 14:05:00,2026-06-09 14:20:00,during_fault,6.3248367,1
2026-06-09 14:19:20,1160,EXP_FAULT_01,RUN_01,pod_kill,1,currencyservice,currency-f01-06,online-boutique,node-a,0.2399,29.3828,0,173.728,0.003334,5.4045,3.639,10.726,13.5165,22.1551,166.5151,173.1488,0.2196,0.3596,192785.463,154489.595,pod_kill,coupon-service,2026-06-09 14:05:00,2026-06-09 14:20:00,during_fault,5.7202177,1
2026-06-09 14:19:25,1165,EXP_FAULT_01,RUN_01,pod_kill,1,currencyservice,currency-f01-06,online-boutique,node-a,0.2481,29.6874,0,163.5353,0.003423,5.6659,3.9203,11.1526,13.1961,20.9472,156.9551,162.9756,0.2542,0.3056,193639.3243,158255.6664,pod_kill,coupon-service,2026-06-09 14:05:00,2026-06-09 14:20:00,during_fault,7.7844453,1
2026-06-09 14:19:30,1170,EXP_FAULT_01,RUN_01,pod_kill,1,currencyservice,currency-f01-06,online-boutique,node-a,0.2417,29.4137,0,168.8988,0.003158,5.8167,3.9727,10.2616,13.8854,22.7644,162.4575,168.3654,0.2241,0.3092,139625.9797,138948.3505,pod_kill,coupon-service,2026-06-09 14:05:00,2026-06-09 14:20:00,during_fault,7.596429,1
2026-06-09 14:19:35,1175,EXP_FAULT_01,RUN_01,pod_kill,1,currencyservice,currency-f01-06,online-boutique,node-a,0.2537,29.0817,0,169.189,0.003416,5.4408,4.0274,9.5239,13.7248,21.5804,162.9015,168.6109,0.2688,0.3092,215238.1,120730.5328,pod_kill,coupon-service,2026-06-09 14:05:00,2026-06-09 14:20:00,during_fault,4.9105964,1
2026-06-09 14:19:40,1180,EXP_FAULT_01,RUN_01,pod_kill,1,currencyservice,currency-f01-06,online-boutique,node-a,0.2477,29.8745,0,167.0401,0.003101,5.5534,3.8128,9.7776,13.3764,20.8816,161.1347,166.5221,0.2514,0.2666,190246.5469,148467.5993,pod_kill,coupon-service,2026-06-09 14:05:00,2026-06-09 14:20:00,during_fault,6.130516,1
2026-06-09 14:19:45,1185,EXP_FAULT_01,RUN_01,pod_kill,1,currencyservice,currency-f01-06,online-boutique,node-a,0.2461,28.8042,0,169.7262,0.003245,5.5719,4.0298,10.3749,13.4313,19.0748,163.9581,169.1755,0.2536,0.2972,159721.6286,165897.4486,pod_kill,coupon-service,2026-06-09 14:05:00,2026-06-09 14:20:00,during_fault,5.197633,1
2026-06-09 14:19:50,1190,EXP_FAULT_01,RUN_01,pod_kill,1,currencyservice,currency-f01-06,online-boutique,node-a,0.2335,28.8672,0,169.8059,0.002207,5.4644,4.0413,10.1055,13.2612,20.8486,164.2892,169.4312,0.0754,0.2993,209040.0009,157757.8837,pod_kill,coupon-service,2026-06-09 14:05:00,2026-06-09 14:20:00,during_fault,3.037393,1
2026-06-09 14:19:55,1195,EXP_FAULT_01,RUN_01,pod_kill,1,currencyservice,currency-f01-06,online-boutique,node-a,0.2423,30.1079,0,170.9435,0.00244,5.6677,4.0871,10.5527,12.7695,20.7556,165.5612,170.5264,0.1528,0.2643,160723.7629,161132.1784,pod_kill,coupon-service,2026-06-09 14:05:00,2026-06-09 14:20:00,during_fault,5.4345026,1
2026-06-09 14:20:00,1200,EXP_FAULT_01,RUN_01,pod_kill,1,currencyservice,currency-f01-06,online-boutique,node-a,0.2368,29.047,0,169.7135,0.003036,5.2492,3.5993,8.8097,12.935,18.7576,164.4203,169.1982,0.2657,0.2495,153282.5546,126011.8502,pod_kill,coupon-service,2026-06-09 14:05:00,2026-06-09 14:20:00,post_fault,4.05971,1
2026-06-09 14:20:05,1205,EXP_FAULT_01,RUN_01,pod_kill,1,currencyservice,currency-f01-06,online-boutique,node-a,0.2344,30.0326,0,167.6252,0.00294,4.7726,3.5597,8.8566,12.007,17.3647,162.4806,167.1324,0.2471,0.2458,141839.1656,135019.6393,pod_kill,coupon-service,2026-06-09 14:05:00,2026-06-09 14:20:00,post_fault,3.3046203,1
2026-06-09 14:20:10,1210,EXP_FAULT_01,RUN_01,pod_kill,1,currencyservice,currency-f01-06,online-boutique,node-a,0.2492,29.7858,0,171.6956,0.002663,5.4369,4.0038,10.4132,13.3645,21.1256,166.5229,171.2385,0.1738,0.2834,187663.9895,145570.2076,pod_kill,coupon-service,2026-06-09 14:05:00,2026-06-09 14:20:00,post_fault,3.896375,1
2026-06-09 14:20:15,1215,EXP_FAULT_01,RUN_01,pod_kill,1,currencyservice,currency-f01-06,online-boutique,node-a,0.2434,29.2659,0,167.6375,0.001923,5.445,4.2215,10.3433,12.8391,19.5987,162.7206,167.3152,0.0952,0.2271,212878.4138,114993.6989,pod_kill,coupon-service,2026-06-09 14:05:00,2026-06-09 14:20:00,post_fault,2.3055153,1
2026-06-09 14:20:20,1220,EXP_FAULT_01,RUN_01,pod_kill,1,currencyservice,currency-f01-06,online-boutique,node-a,0.2417,29.7471,0,167.2848,0.002934,5.6894,3.8446,9.3929,13.1608,21.9373,162.3708,166.794,0.238,0.2528,153132.9444,127410.7935,pod_kill,coupon-service,2026-06-09 14:05:00,2026-06-09 14:20:00,post_fault,6.6583037,1
2026-06-09 14:20:25,1225,EXP_FAULT_01,RUN_01,pod_kill,1,currencyservice,currency-f01-06,online-boutique,node-a,0.2416,29.1179,0,166.2989,0.002815,5.3663,3.8435,10.204,12.8416,19.54,161.4484,165.8307,0.2313,0.2368,199900.594,130862.718,pod_kill,coupon-service,2026-06-09 14:05:00,2026-06-09 14:20:00,post_fault,3.8402925,1
2026-06-09 14:20:30,1230,EXP_FAULT_01,RUN_01,pod_kill,1,currencyservice,currency-f01-06,online-boutique,node-a,0.2417,29.504,0,169.5759,0.001612,5.6642,3.7998,10.3354,12.7923,19.6006,164.814,169.3026,0.0469,0.2264,197724.0973,127649.1703,pod_kill,coupon-service,2026-06-09 14:05:00,2026-06-09 14:20:00,post_fault,2.839085,1
2026-06-09 14:20:35,1235,EXP_FAULT_01,RUN_01,pod_kill,1,currencyservice,currency-f01-06,online-boutique,node-a,0.2427,29.7608,0,171.335,0.002225,5.6324,4.3706,10.678,12.5796,20.4282,166.5339,170.9539,0.1209,0.2603,143254.1327,160636.9094,pod_kill,coupon-service,2026-06-09 14:05:00,2026-06-09 14:20:00,post_fault,4.1658907,1
2026-06-09 14:20:40,1240,EXP_FAULT_01,RUN_01,pod_kill,1,currencyservice,currency-f01-06,online-boutique,node-a,0.2694,29.1056,0,177.6026,0.002209,5.5319,3.9069,9.0846,12.34,18.1,172.7102,177.2103,0.1576,0.2347,218166.4282,132024.1252,pod_kill,coupon-service,2026-06-09 14:05:00,2026-06-09 14:20:00,post_fault,2.1248345,1
2026-06-09 14:20:45,1245,EXP_FAULT_01,RUN_01,pod_kill,1,currencyservice,currency-f01-06,online-boutique,node-a,0.2443,29.5211,0,176.8918,0.002166,5.3723,3.9925,9.5792,13.5374,19.8327,172.0474,176.5087,0.136,0.2471,168055.6685,162039.9112,pod_kill,coupon-service,2026-06-09 14:05:00,2026-06-09 14:20:00,post_fault,2.4278424,1
2026-06-09 14:20:50,1250,EXP_FAULT_01,RUN_01,pod_kill,1,currencyservice,currency-f01-06,online-boutique,node-a,0.2452,29.6284,0,177.609,0.002742,5.6918,3.8239,9.7586,12.6067,21.1231,172.8273,177.122,0.2226,0.2644,156840.1232,131447.2969,pod_kill,coupon-service,2026-06-09 14:05:00,2026-06-09 14:20:00,post_fault,5.244024,1
2026-06-09 14:20:55,1255,EXP_FAULT_01,RUN_01,pod_kill,1,currencyservice,currency-f01-06,online-boutique,node-a,0.2487,29.135,0,182.2795,0.002637,5.4946,4.1977,10.1862,13.4247,18.7948,177.4065,181.7988,0.2141,0.2666,223231.4421,131437.8317,pod_kill,coupon-service,2026-06-09 14:05:00,2026-06-09 14:20:00,post_fault,3.0968213,1
2026-06-09 14:21:00,1260,EXP_FAULT_01,RUN_01,pod_kill,1,currencyservice,currency-f01-06,online-boutique,node-a,0.2233,29.2618,0,181.0989,0.002072,5.5002,3.7768,10.3815,13.7342,19.0544,176.3917,180.7236,0.154,0.2213,198523.9592,181405.6236,pod_kill,coupon-service,2026-06-09 14:05:00,2026-06-09 14:20:00,post_fault,4.3465166,1
2026-06-09 14:21:05,1265,EXP_FAULT_01,RUN_01,pod_kill,1,currencyservice,currency-f01-06,online-boutique,node-a,0.2476,29.059,0,183.7724,0.002961,5.3799,3.9881,9.9276,13.1455,19.6016,178.9516,183.2283,0.2885,0.2556,219418.5432,129917.2754,pod_kill,coupon-service,2026-06-09 14:05:00,2026-06-09 14:20:00,post_fault,3.3284614,1
2026-06-09 14:21:10,1270,EXP_FAULT_01,RUN_01,pod_kill,1,currencyservice,currency-f01-06,online-boutique,node-a,0.2624,29.2648,0,176.0131,0.00192,5.5196,3.8143,9.4688,12.969,19.7214,171.5814,175.6753,0.1264,0.2115,198269.2632,132419.4744,pod_kill,coupon-service,2026-06-09 14:05:00,2026-06-09 14:20:00,post_fault,1.8241284,1
2026-06-09 14:21:15,1275,EXP_FAULT_01,RUN_01,pod_kill,1,currencyservice,currency-f01-06,online-boutique,node-a,0.2391,29.2728,0,185.6249,0.001745,5.4109,3.9662,10.108,12.9443,20.3062,181.0085,185.301,0.0579,0.2659,200178.7643,153813.6528,pod_kill,coupon-service,2026-06-09 14:05:00,2026-06-09 14:20:00,post_fault,1.9235404,1
2026-06-09 14:21:20,1280,EXP_FAULT_01,RUN_01,pod_kill,1,currencyservice,currency-f01-06,online-boutique,node-a,0.2459,29.3266,0,184.531,0.001535,5.3645,4.1816,8.8789,13.2323,17.0357,180.0262,184.2477,0.0771,0.2062,196941.8773,156666.9794,pod_kill,coupon-service,2026-06-09 14:05:00,2026-06-09 14:20:00,post_fault,1.1289629,1
2026-06-09 14:21:25,1285,EXP_FAULT_01,RUN_01,pod_kill,1,currencyservice,currency-f01-06,online-boutique,node-a,0.2198,28.9365,0,185.4645,0.002631,4.7971,3.6569,8.5885,11.4278,16.4882,180.9028,184.9765,0.2469,0.2412,172080.2135,133003.6316,pod_kill,coupon-service,2026-06-09 14:05:00,2026-06-09 14:20:00,post_fault,3.73272,1
2026-06-09 14:21:30,1290,EXP_FAULT_01,RUN_01,pod_kill,1,currencyservice,currency-f01-06,online-boutique,node-a,0.243,29.2024,0,185.8087,0.002229,5.6501,4.2094,10.1631,13.7273,21.0943,181.3413,185.3945,0.1716,0.2426,152508.8177,148627.5433,pod_kill,coupon-service,2026-06-09 14:05:00,2026-06-09 14:20:00,post_fault,3.2684395,1
2026-06-09 14:21:35,1295,EXP_FAULT_01,RUN_01,pod_kill,1,currencyservice,currency-f01-06,online-boutique,node-a,0.2587,30.0437,0,184.0876,0.002072,5.5683,4.2014,10.4221,12.2812,18.1103,179.6986,183.7062,0.1363,0.2451,233548.1365,134255.1966,pod_kill,coupon-service,2026-06-09 14:05:00,2026-06-09 14:20:00,post_fault,2.6307862,1
2026-06-09 14:21:40,1300,EXP_FAULT_01,RUN_01,pod_kill,1,currencyservice,currency-f01-06,online-boutique,node-a,0.2546,29.557,0,186.3008,0.002354,5.0033,3.6259,8.3403,11.3135,17.8251,181.8906,185.8623,0.2302,0.2083,165322.6323,150684.1093,pod_kill,coupon-service,2026-06-09 14:05:00,2026-06-09 14:20:00,post_fault,1.0232779,1
2026-06-09 14:21:45,1305,EXP_FAULT_01,RUN_01,pod_kill,1,currencyservice,currency-f01-06,online-boutique,node-a,0.2559,29.0935,0,190.2189,0.001585,5.2276,3.9018,8.6642,11.4599,16.8534,185.8594,189.9174,0.0561,0.2453,183611.8205,171154.9144,pod_kill,coupon-service,2026-06-09 14:05:00,2026-06-09 14:20:00,post_fault,0.41746274,0
2026-06-09 14:21:50,1310,EXP_FAULT_01,RUN_01,pod_kill,1,currencyservice,currency-f01-06,online-boutique,node-a,0.2587,29.4466,0,185.1172,0.002582,5.0989,3.9499,8.933,11.4031,18.2923,180.7921,184.6393,0.2731,0.2048,156894.5443,150184.8192,pod_kill,coupon-service,2026-06-09 14:05:00,2026-06-09 14:20:00,post_fault,1.3409971,1
2026-06-09 14:21:55,1315,EXP_FAULT_01,RUN_01,pod_kill,1,currencyservice,currency-f01-06,online-boutique,node-a,0.2371,29.2911,0,185.0571,0.002014,5.6304,4.2745,9.0889,13.438,17.5953,180.8949,184.6844,0.1849,0.1878,198150.1626,136484.1739,pod_kill,coupon-service,2026-06-09 14:05:00,2026-06-09 14:20:00,post_fault,3.3443477,1
2026-06-09 14:22:00,1320,EXP_FAULT_01,RUN_01,pod_kill,1,currencyservice,currency-f01-06,online-boutique,node-a,0.2456,28.9236,0,191.9215,0.00238,5.0494,3.7058,8.6168,11.5959,18.6948,187.6154,191.4647,0.2134,0.2434,234325.0188,161079.5395,pod_kill,coupon-service,2026-06-09 14:05:00,2026-06-09 14:20:00,post_fault,1.3213603,1
2026-06-09 14:22:05,1325,EXP_FAULT_01,RUN_01,pod_kill,1,currencyservice,currency-f01-06,online-boutique,node-a,0.25,29.7904,0,181.3827,0.001319,5.5775,3.9981,10.4409,12.1371,18.5485,177.4833,181.1435,0.0623,0.1769,173437.7987,179502.393,pod_kill,coupon-service,2026-06-09 14:05:00,2026-06-09 14:20:00,post_fault,1.5900501,1
2026-06-09 14:22:10,1330,EXP_FAULT_01,RUN_01,pod_kill,1,currencyservice,currency-f01-06,online-boutique,node-a,0.2458,29.9472,0,191.5482,0.002332,5.5963,4.2828,9.796,11.9121,17.3932,187.3479,191.1016,0.2132,0.2334,160766.5883,149323.9165,pod_kill,coupon-service,2026-06-09 14:05:00,2026-06-09 14:20:00,post_fault,3.8534312,1
2026-06-09 14:22:15,1335,EXP_FAULT_01,RUN_01,pod_kill,1,currencyservice,currency-f01-06,online-boutique,node-a,0.257,29.4019,0,188.2663,0.001861,5.6635,4.4121,9.8829,12.9189,20.2391,184.2638,187.9159,0.1126,0.2378,233413.8222,181335.8077,pod_kill,coupon-service,2026-06-09 14:05:00,2026-06-09 14:20:00,post_fault,1.9675796,1
2026-06-09 14:22:20,1340,EXP_FAULT_01,RUN_01,pod_kill,1,currencyservice,currency-f01-06,online-boutique,node-a,0.2508,29.5789,0,189.0011,0.001808,4.9401,3.7752,9.2179,10.8598,18.0611,185.0354,188.6594,0.1365,0.2052,236354.1229,157526.2378,pod_kill,coupon-service,2026-06-09 14:05:00,2026-06-09 14:20:00,post_fault,0.5241367,0
2026-06-09 14:22:25,1345,EXP_FAULT_01,RUN_01,pod_kill,1,currencyservice,currency-f01-06,online-boutique,node-a,0.2348,29.0175,0,189.2688,0.002191,5.8566,4.207,10.5733,13.9596,19.0667,185.2941,188.8541,0.1986,0.216,156876.6644,144294.4016,pod_kill,coupon-service,2026-06-09 14:05:00,2026-06-09 14:20:00,post_fault,4.6193933,1
2026-06-09 14:22:30,1350,EXP_FAULT_01,RUN_01,pod_kill,1,currencyservice,currency-f01-06,online-boutique,node-a,0.254,29.2059,0,177.163,0.002579,5.1065,3.8101,8.4077,11.6648,17.8208,173.4223,176.7061,0.236,0.2209,148318.8589,162431.8052,pod_kill,coupon-service,2026-06-09 14:05:00,2026-06-09 14:20:00,post_fault,1.5481756,1
2026-06-09 14:22:35,1355,EXP_FAULT_01,RUN_01,pod_kill,1,currencyservice,currency-f01-06,online-boutique,node-a,0.2481,29.6749,0,185.7065,0.002117,4.8668,3.4922,8.259,10.5632,17.5319,181.9104,185.3134,0.2219,0.1712,232720.6676,159459.0428,pod_kill,coupon-service,2026-06-09 14:05:00,2026-06-09 14:20:00,post_fault,0.86560327,0
2026-06-09 14:22:40,1360,EXP_FAULT_01,RUN_01,pod_kill,1,currencyservice,currency-f01-06,online-boutique,node-a,0.2366,29.4387,0,183.1084,0.001914,5.1767,3.9033,8.9556,11.7158,18.7672,179.459,182.7578,0.1819,0.1687,169368.19,125267.8301,pod_kill,coupon-service,2026-06-09 14:05:00,2026-06-09 14:20:00,post_fault,1.8409855,1
2026-06-09 14:22:45,1365,EXP_FAULT_01,RUN_01,pod_kill,1,currencyservice,currency-f01-06,online-boutique,node-a,0.2458,29.2602,0,184.8589,0.00243,5.4067,4.052,8.6397,11.5418,19.2071,181.2091,184.4097,0.2352,0.214,182942.4097,146265.5192,pod_kill,coupon-service,2026-06-09 14:05:00,2026-06-09 14:20:00,post_fault,2.6100945,1
2026-06-09 14:22:50,1370,EXP_FAULT_01,RUN_01,pod_kill,1,currencyservice,currency-f01-06,online-boutique,node-a,0.2391,29.5166,0,174.5173,0.00253,5.427,4.0312,9.7669,11.3926,16.5191,171.0957,174.0757,0.2396,0.202,203522.8156,142337.1998,pod_kill,coupon-service,2026-06-09 14:05:00,2026-06-09 14:20:00,post_fault,3.8194187,1
2026-06-09 14:22:55,1375,EXP_FAULT_01,RUN_01,pod_kill,1,currencyservice,currency-f01-06,online-boutique,node-a,0.2399,29.6034,0,180.9001,0.001544,4.7716,3.5552,8.619,10.469,16.7159,177.4798,180.6208,0.085,0.1944,154478.71,117942.1929,pod_kill,coupon-service,2026-06-09 14:05:00,2026-06-09 14:20:00,post_fault,0.5526759,0
2026-06-09 14:23:00,1380,EXP_FAULT_01,RUN_01,pod_kill,1,currencyservice,currency-f01-06,online-boutique,node-a,0.2444,29.6525,0,180.3428,0.002582,5.1709,3.6886,9.3205,11.3378,15.9805,176.8631,179.8771,0.2736,0.1921,212911.4733,158271.4185,pod_kill,coupon-service,2026-06-09 14:05:00,2026-06-09 14:20:00,post_fault,2.590632,1
2026-06-09 14:23:05,1385,EXP_FAULT_01,RUN_01,pod_kill,1,currencyservice,currency-f01-06,online-boutique,node-a,0.2523,29.8465,0,178.3322,0.001856,5.1898,3.6249,8.5292,12.3379,17.3916,174.9805,178.0013,0.1257,0.2053,158482.5673,182557.9499,pod_kill,coupon-service,2026-06-09 14:05:00,2026-06-09 14:20:00,post_fault,1.2313235,1
2026-06-09 14:23:10,1390,EXP_FAULT_01,RUN_01,pod_kill,1,currencyservice,currency-f01-06,online-boutique,node-a,0.2292,29.3331,0,175.8067,0.002065,5.2269,4.0278,9.4586,12.3812,18.2861,172.5741,175.4437,0.2019,0.1611,177860.586,164681.3037,pod_kill,coupon-service,2026-06-09 14:05:00,2026-06-09 14:20:00,post_fault,2.6926606,1
2026-06-09 14:23:15,1395,EXP_FAULT_01,RUN_01,pod_kill,1,currencyservice,currency-f01-06,online-boutique,node-a,0.2527,29.1692,0,175.5611,0.001255,4.9203,3.8966,8.6245,10.4466,17.5146,172.4252,175.3407,0.0486,0.1717,189898.198,165453.6789,pod_kill,coupon-service,2026-06-09 14:05:00,2026-06-09 14:20:00,post_fault,0.08061001,0
2026-06-09 14:23:20,1400,EXP_FAULT_01,RUN_01,pod_kill,1,currencyservice,currency-f01-06,online-boutique,node-a,0.2371,29.0703,0,182.9397,0.001781,5.4822,3.9001,9.4066,12.2002,16.7445,179.6311,182.6139,0.1238,0.202,203292.2197,165234.5702,pod_kill,coupon-service,2026-06-09 14:05:00,2026-06-09 14:20:00,post_fault,2.1602721,1
2026-06-09 14:23:25,1405,EXP_FAULT_01,RUN_01,pod_kill,1,currencyservice,currency-f01-06,online-boutique,node-a,0.2445,29.516,0,176.1539,0.001755,4.8359,3.6851,8.9011,10.3235,16.4665,173.0435,175.8448,0.1281,0.1809,187747.0245,146705.0493,pod_kill,coupon-service,2026-06-09 14:05:00,2026-06-09 14:20:00,post_fault,0.49767518,0
2026-06-09 14:23:30,1410,EXP_FAULT_01,RUN_01,pod_kill,1,currencyservice,currency-f01-06,online-boutique,node-a,0.2523,29.963,0,183.3954,0.002006,5.1579,3.6843,9.1041,11.0613,15.191,180.2204,183.0276,0.2043,0.1635,212810.3377,182116.251,pod_kill,coupon-service,2026-06-09 14:05:00,2026-06-09 14:20:00,post_fault,1.3628237,1
2026-06-09 14:23:35,1415,EXP_FAULT_01,RUN_01,pod_kill,1,currencyservice,currency-f01-06,online-boutique,node-a,0.2494,29.2342,0,180.1359,0.002415,5.1146,3.5796,8.2679,11.3451,15.3629,176.9706,179.7008,0.282,0.153,211368.4965,180080.4793,pod_kill,coupon-service,2026-06-09 14:05:00,2026-06-09 14:20:00,post_fault,1.4782392,1
2026-06-09 14:23:40,1420,EXP_FAULT_01,RUN_01,pod_kill,1,currencyservice,currency-f01-06,online-boutique,node-a,0.2205,29.3452,0,182.6049,0.002412,5.0367,3.8731,8.0857,11.6269,15.2304,179.4662,182.1646,0.2455,0.1948,225169.3066,138965.955,pod_kill,coupon-service,2026-06-09 14:05:00,2026-06-09 14:20:00,post_fault,3.9953437,1
2026-06-09 14:23:45,1425,EXP_FAULT_01,RUN_01,pod_kill,1,currencyservice,currency-f01-06,online-boutique,node-a,0.2465,29.469,0,187.0968,0.00142,5.5303,4.2401,9.9979,11.9732,16.0301,183.991,186.8312,0.0913,0.1743,175652.7938,137027.148,pod_kill,coupon-service,2026-06-09 14:05:00,2026-06-09 14:20:00,post_fault,1.460015,1
2026-06-09 14:23:50,1430,EXP_FAULT_01,RUN_01,pod_kill,1,currencyservice,currency-f01-06,online-boutique,node-a,0.2492,29.8149,0,180.6281,0.001773,4.7809,3.6867,7.6,11.0426,15.2891,177.6403,180.3078,0.1844,0.1359,185802.2855,177979.8812,pod_kill,coupon-service,2026-06-09 14:05:00,2026-06-09 14:20:00,post_fault,0.40531206,0
2026-06-09 14:23:55,1435,EXP_FAULT_01,RUN_01,pod_kill,1,currencyservice,currency-f01-06,online-boutique,node-a,0.2298,29.0678,0,181.9169,0.001778,5.2816,3.921,8.6227,11.7583,16.017,178.9344,181.5933,0.1849,0.1386,196771.6108,150942.4081,pod_kill,coupon-service,2026-06-09 14:05:00,2026-06-09 14:20:00,post_fault,2.1628838,1
2026-06-09 14:24:00,1440,EXP_FAULT_01,RUN_01,pod_kill,1,currencyservice,currency-f01-06,online-boutique,node-a,0.2475,29.7334,0,177.5355,0.001545,4.9561,3.7687,8.114,10.9999,16.461,174.7079,177.2613,0.1206,0.1537,183249.275,134983.8522,pod_kill,coupon-service,2026-06-09 14:05:00,2026-06-09 14:20:00,post_fault,0.50162345,0
2026-06-09 14:24:05,1445,EXP_FAULT_01,RUN_01,pod_kill,1,currencyservice,currency-f01-06,online-boutique,node-a,0.2437,29.7072,0,183.8753,0.001264,4.7935,3.7061,8.5409,9.7728,15.6856,181.0027,183.6429,0.0518,0.1807,174781.5143,160171.2537,pod_kill,coupon-service,2026-06-09 14:05:00,2026-06-09 14:20:00,post_fault,0.3370703,0
2026-06-09 14:24:10,1450,EXP_FAULT_01,RUN_01,pod_kill,1,currencyservice,currency-f01-06,online-boutique,node-a,0.2252,29.8487,0,179.1477,0.001446,4.8106,3.5531,7.7305,10.9002,13.8012,176.3788,178.8886,0.1218,0.1373,158689.6285,141715.3323,pod_kill,coupon-service,2026-06-09 14:05:00,2026-06-09 14:20:00,post_fault,1.6033232,1
2026-06-09 14:24:15,1455,EXP_FAULT_01,RUN_01,pod_kill,1,currencyservice,currency-f01-06,online-boutique,node-a,0.2294,29.1576,0,187.68,0.002172,4.4819,3.5125,7.7634,10.3575,13.3641,184.7219,187.2724,0.2458,0.1618,211508.707,135701.7836,pod_kill,coupon-service,2026-06-09 14:05:00,2026-06-09 14:20:00,post_fault,1.7807869,1
2026-06-09 14:24:20,1460,EXP_FAULT_01,RUN_01,pod_kill,1,currencyservice,currency-f01-06,online-boutique,node-a,0.2461,29.9175,0,187.85,0.002005,5.3613,4.0697,8.4298,12.2443,15.6624,184.9565,187.4735,0.2324,0.1442,180385.7452,172447.7692,pod_kill,coupon-service,2026-06-09 14:05:00,2026-06-09 14:20:00,post_fault,2.2538795,1
2026-06-09 14:24:25,1465,EXP_FAULT_01,RUN_01,pod_kill,1,currencyservice,currency-f01-06,online-boutique,node-a,0.2493,29.3231,0,190.9451,0.002068,5.3744,4.178,8.4803,12.2226,15.8268,187.9854,190.5503,0.2068,0.188,228178.7915,132930.5418,pod_kill,coupon-service,2026-06-09 14:05:00,2026-06-09 14:20:00,post_fault,1.6772654,1
2026-06-09 14:24:30,1470,EXP_FAULT_01,RUN_01,pod_kill,1,currencyservice,currency-f01-06,online-boutique,node-a,0.2541,29.6319,0,181.6897,0.00174,5.0479,3.5064,8.7177,11.5063,15.5349,178.9493,181.3736,0.1798,0.1363,208960.0525,152267.6991,pod_kill,coupon-service,2026-06-09 14:05:00,2026-06-09 14:20:00,post_fault,0.5602795,0
2026-06-09 14:24:35,1475,EXP_FAULT_01,RUN_01,pod_kill,1,currencyservice,currency-f01-06,online-boutique,node-a,0.2473,28.8716,0,186.7648,0.002059,4.7823,3.3497,8.0273,9.79,13.6377,184.0319,186.3803,0.2526,0.132,178980.3926,156622.616,pod_kill,coupon-service,2026-06-09 14:05:00,2026-06-09 14:20:00,post_fault,0.42936498,0
2026-06-09 14:24:40,1480,EXP_FAULT_01,RUN_01,pod_kill,1,currencyservice,currency-f01-06,online-boutique,node-a,0.2466,29.1973,0,183.3572,0.001866,5.1374,3.6161,8.2277,11.6255,17.2443,180.6753,183.0151,0.1673,0.1748,206043.7048,152413.2382,pod_kill,coupon-service,2026-06-09 14:05:00,2026-06-09 14:20:00,post_fault,0.9006367,0
2026-06-09 14:24:45,1485,EXP_FAULT_01,RUN_01,pod_kill,1,currencyservice,currency-f01-06,online-boutique,node-a,0.2689,29.8222,0,189.9875,0.00239,4.4748,3.5022,7.8873,9.4212,13.1214,187.2415,189.5335,0.301,0.153,222827.6889,144096.3308,pod_kill,coupon-service,2026-06-09 14:05:00,2026-06-09 14:20:00,post_fault,0.13045104,0
2026-06-09 14:24:50,1490,EXP_FAULT_01,RUN_01,pod_kill,1,currencyservice,currency-f01-06,online-boutique,node-a,0.2529,29.1059,0,190.2146,0.002243,4.9061,3.816,8.8548,10.2815,14.2196,187.4916,189.7879,0.2805,0.1462,225903.7279,191453.8285,pod_kill,coupon-service,2026-06-09 14:05:00,2026-06-09 14:20:00,post_fault,0.5830207,0
2026-06-09 14:24:55,1495,EXP_FAULT_01,RUN_01,pod_kill,1,currencyservice,currency-f01-06,online-boutique,node-a,0.2647,29.4325,0,186.0281,0.001816,4.7743,3.5469,7.8579,10.336,15.2684,183.4281,185.6903,0.21,0.1278,214353.2376,131341.1845,pod_kill,coupon-service,2026-06-09 14:05:00,2026-06-09 14:20:00,post_fault,0.07385777,0
2026-06-09 14:25:00,1500,EXP_FAULT_01,RUN_01,pod_kill,1,currencyservice,currency-f01-06,online-boutique,node-a,0.2413,29.1681,0,181.6481,0.002359,5.2977,4.0005,9.0852,11.5016,15.2597,179.122,181.2196,0.2797,0.1489,226645.9649,176904.5415,pod_kill,coupon-service,2026-06-09 14:05:00,2026-06-09 14:20:00,post_fault,2.3625717,1
2026-06-09 14:25:05,1505,EXP_FAULT_01,RUN_01,pod_kill,1,currencyservice,currency-f01-06,online-boutique,node-a,0.2478,29.3363,0,181.1371,0.002052,4.8635,3.634,8.0228,10.5125,14.7907,178.6582,180.7655,0.2545,0.1172,160348.7467,132455.1344,pod_kill,coupon-service,2026-06-09 14:05:00,2026-06-09 14:20:00,post_fault,0.6168224,0
2026-06-09 14:25:10,1510,EXP_FAULT_01,RUN_01,pod_kill,1,currencyservice,currency-f01-06,online-boutique,node-a,0.2359,28.8997,0,173.5784,0.002252,5.1396,3.7994,9.2689,10.146,15.2544,171.1527,173.1875,0.2513,0.1396,169177.9578,174412.6186,pod_kill,coupon-service,2026-06-09 14:05:00,2026-06-09 14:20:00,post_fault,1.8724172,1
2026-06-09 14:25:15,1515,EXP_FAULT_01,RUN_01,pod_kill,1,currencyservice,currency-f01-06,online-boutique,node-a,0.237,29.7243,0,173.1153,0.001446,5.3855,4.2119,8.3466,11.9617,18.0859,170.8764,172.8649,0.1299,0.1205,178501.381,155005.2096,pod_kill,coupon-service,2026-06-09 14:05:00,2026-06-09 14:20:00,post_fault,1.9229618,1
2026-06-09 14:25:20,1520,EXP_FAULT_01,RUN_01,pod_kill,1,currencyservice,currency-f01-06,online-boutique,node-a,0.2368,29.8208,0,178.3095,0.001932,5.2304,3.6644,9.4174,11.9209,15.9887,175.9636,177.965,0.1968,0.1476,213877.8176,118283.0841,pod_kill,coupon-service,2026-06-09 14:05:00,2026-06-09 14:20:00,post_fault,2.3030663,1
2026-06-09 14:25:25,1525,EXP_FAULT_01,RUN_01,pod_kill,1,currencyservice,currency-f01-06,online-boutique,node-a,0.2453,29.8224,0,169.5112,0.001689,4.5059,3.186,6.9506,10.1504,15.0403,167.3454,169.2249,0.1472,0.1392,198994.2738,117160.0354,pod_kill,coupon-service,2026-06-09 14:05:00,2026-06-09 14:20:00,post_fault,0.17172605,0
2026-06-09 14:25:30,1530,EXP_FAULT_01,RUN_01,pod_kill,1,currencyservice,currency-f01-06,online-boutique,node-a,0.2522,29.665,0,177.1742,0.002157,5.1877,4.0519,8.0293,11.0208,14.9623,174.9079,176.7921,0.2552,0.1269,187171.8367,162293.9865,pod_kill,coupon-service,2026-06-09 14:05:00,2026-06-09 14:20:00,post_fault,1.5347407,1
2026-06-09 14:25:35,1535,EXP_FAULT_01,RUN_01,pod_kill,1,currencyservice,currency-f01-06,online-boutique,node-a,0.2716,30.1908,0,174.6458,0.002109,4.6717,3.3828,8.3645,10.0333,13.1525,172.4256,174.2776,0.2374,0.1308,182342.7121,122820.0642,pod_kill,coupon-service,2026-06-09 14:05:00,2026-06-09 14:20:00,post_fault,0.6041557,0
2026-06-09 14:25:40,1540,EXP_FAULT_01,RUN_01,pod_kill,1,currencyservice,currency-f01-06,online-boutique,node-a,0.2424,29.0973,0,174.2229,0.001834,4.8821,3.6579,8.3472,9.9173,14.8533,172.0854,173.9033,0.1729,0.1467,202662.5864,133693.9335,pod_kill,coupon-service,2026-06-09 14:05:00,2026-06-09 14:20:00,post_fault,0.5407034,0
2026-06-09 14:25:45,1545,EXP_FAULT_01,RUN_01,pod_kill,1,currencyservice,currency-f01-06,online-boutique,node-a,0.2496,29.5147,0,165.4558,0.001915,4.5049,3.2164,7.226,9.5313,13.3727,163.4004,165.139,0.2072,0.1096,193229.5193,162655.7736,pod_kill,coupon-service,2026-06-09 14:05:00,2026-06-09 14:20:00,post_fault,0.16225731,0
2026-06-09 14:25:50,1550,EXP_FAULT_01,RUN_01,pod_kill,1,currencyservice,currency-f01-06,online-boutique,node-a,0.2399,29.3896,0,167.8161,0.001235,4.5136,3.1522,7.4924,9.8191,14.179,165.8322,167.6089,0.0634,0.1438,213257.8568,164267.9595,pod_kill,coupon-service,2026-06-09 14:05:00,2026-06-09 14:20:00,post_fault,0.053071927,0
2026-06-09 14:25:55,1555,EXP_FAULT_01,RUN_01,pod_kill,1,currencyservice,currency-f01-06,online-boutique,node-a,0.218,29.885,0,161.0437,0.001211,5.0921,3.9228,8.847,9.9138,15.0269,159.1531,160.8487,0.0888,0.1062,151918.7171,117234.0511,pod_kill,coupon-service,2026-06-09 14:05:00,2026-06-09 14:20:00,post_fault,2.0572982,1
2026-06-09 14:26:00,1560,EXP_FAULT_01,RUN_01,pod_kill,1,currencyservice,currency-f01-06,online-boutique,node-a,0.234,28.9741,0,168.2325,0.001285,4.7007,3.7654,7.66,10.4231,15.2202,166.2794,168.0164,0.1109,0.1052,205100.8403,142228.0887,pod_kill,coupon-service,2026-06-09 14:05:00,2026-06-09 14:20:00,post_fault,0.21470925,0
2026-06-09 14:26:05,1565,EXP_FAULT_01,RUN_01,pod_kill,1,currencyservice,currency-f01-06,online-boutique,node-a,0.2173,29.2023,0,159.7818,0.001328,5.1405,3.8674,7.8848,10.1099,15.7505,157.9564,159.5696,0.1225,0.0897,152429.483,165618.9746,pod_kill,coupon-service,2026-06-09 14:05:00,2026-06-09 14:20:00,post_fault,1.9805351,1
2026-06-09 14:26:10,1570,EXP_FAULT_01,RUN_01,pod_kill,1,currencyservice,currency-f01-06,online-boutique,node-a,0.2345,29.5765,0,163.7581,0.001389,4.4592,3.4908,7.2085,9.43,14.0458,161.9022,163.5307,0.1234,0.104,147975.9447,151971.8364,pod_kill,coupon-service,2026-06-09 14:05:00,2026-06-09 14:20:00,post_fault,0.19259706,0
2026-06-09 14:26:15,1575,EXP_FAULT_01,RUN_01,pod_kill,1,currencyservice,currency-f01-06,online-boutique,node-a,0.2461,28.4765,0,164.3539,0.001525,4.6085,3.3307,7.9614,9.926,13.513,162.5185,164.1032,0.1209,0.1298,166773.4354,136520.885,pod_kill,coupon-service,2026-06-09 14:05:00,2026-06-09 14:20:00,post_fault,0.019364122,0
2026-06-09 14:26:20,1580,EXP_FAULT_01,RUN_01,pod_kill,1,currencyservice,currency-f01-06,online-boutique,node-a,0.2393,29.4262,0,162.8265,0.002037,4.7461,3.3567,7.297,9.7344,14.7619,160.9488,162.4948,0.2337,0.098,197345.1311,121872.1073,pod_kill,coupon-service,2026-06-09 14:05:00,2026-06-09 14:20:00,post_fault,0.8529743,0
2026-06-09 14:26:25,1585,EXP_FAULT_01,RUN_01,pod_kill,1,currencyservice,currency-f01-06,online-boutique,node-a,0.2442,29.8001,0,160.2961,0.002232,4.5728,3.3481,8.0459,9.7771,13.8986,158.4451,159.9383,0.2564,0.1014,147656.2222,156541.2909,pod_kill,coupon-service,2026-06-09 14:05:00,2026-06-09 14:20:00,post_fault,0.7850934,0
2026-06-09 14:26:30,1590,EXP_FAULT_01,RUN_01,pod_kill,1,currencyservice,currency-f01-06,online-boutique,node-a,0.2356,29.4438,0,159.8277,0.002132,5.0182,3.7987,8.5872,10.1451,14.4183,158.0256,159.4869,0.2145,0.1263,144777.434,150461.1349,pod_kill,coupon-service,2026-06-09 14:05:00,2026-06-09 14:20:00,post_fault,1.9015551,1
2026-06-09 14:26:35,1595,EXP_FAULT_01,RUN_01,pod_kill,1,currencyservice,currency-f01-06,online-boutique,node-a,0.2516,29.7192,0,164.6264,0.00173,4.9276,3.763,8.5609,9.6119,15.7392,162.8671,164.3416,0.1784,0.1064,137182.1969,130690.6294,pod_kill,coupon-service,2026-06-09 14:05:00,2026-06-09 14:20:00,post_fault,0.75058764,0
2026-06-09 14:26:40,1600,EXP_FAULT_01,RUN_01,pod_kill,1,currencyservice,currency-f01-06,online-boutique,node-a,0.2364,29.0915,0,157.6251,0.001406,4.9884,3.7348,8.1686,9.8398,16.0455,155.9732,157.4035,0.1151,0.1064,132467.8412,145641.2098,pod_kill,coupon-service,2026-06-09 14:05:00,2026-06-09 14:20:00,post_fault,0.6696555,0
2026-06-09 14:26:45,1605,EXP_FAULT_01,RUN_01,pod_kill,1,currencyservice,currency-f01-06,online-boutique,node-a,0.2507,29.4916,0,159.9254,0.002166,4.2433,3.066,7.3682,8.425,11.9074,158.2055,159.5791,0.2198,0.1266,136407.1788,144340.2989,pod_kill,coupon-service,2026-06-09 14:05:00,2026-06-09 14:20:00,post_fault,0.08837007,0
2026-06-09 14:26:50,1610,EXP_FAULT_01,RUN_01,pod_kill,1,currencyservice,currency-f01-06,online-boutique,node-a,0.254,29.5093,0,164.6557,0.001857,4.7336,3.6198,8.3228,10.5949,12.9352,162.8972,164.3499,0.1936,0.1122,195276.4833,157031.5464,pod_kill,coupon-service,2026-06-09 14:05:00,2026-06-09 14:20:00,post_fault,0.41639796,0
2026-06-09 14:26:55,1615,EXP_FAULT_01,RUN_01,pod_kill,1,currencyservice,currency-f01-06,online-boutique,node-a,0.2453,30.299,0,155.7471,0.000952,5.0227,3.7635,8.8395,10.1587,15.4017,154.2315,155.5988,0.0673,0.081,171566.8459,133779.4467,pod_kill,coupon-service,2026-06-09 14:05:00,2026-06-09 14:20:00,post_fault,0.7122627,0
2026-06-09 14:27:00,1620,EXP_FAULT_01,RUN_01,pod_kill,1,currencyservice,currency-f01-06,online-boutique,node-a,0.2193,29.4402,0,161.3183,0.00131,4.7535,3.6263,8.2941,9.2157,14.9702,159.7128,161.107,0.1186,0.0927,198781.6141,136365.8441,pod_kill,coupon-service,2026-06-09 14:05:00,2026-06-09 14:20:00,post_fault,1.1284397,1
2026-06-09 14:27:05,1625,EXP_FAULT_01,RUN_01,pod_kill,1,currencyservice,currency-f01-06,online-boutique,node-a,0.2385,29.7062,0,158.9417,0.000889,4.8426,3.451,7.4324,10.72,13.8066,157.4225,158.8005,0.0575,0.0838,190605.635,130682.4866,pod_kill,coupon-service,2026-06-09 14:05:00,2026-06-09 14:20:00,post_fault,0.19660942,0
2026-06-09 14:27:10,1630,EXP_FAULT_01,RUN_01,pod_kill,1,currencyservice,currency-f01-06,online-boutique,node-a,0.2394,29.413,0,165.8316,0.000892,4.8532,3.724,7.7226,10.609,15.0142,164.2843,165.6837,0.0764,0.0715,137376.922,138674.4401,pod_kill,coupon-service,2026-06-09 14:05:00,2026-06-09 14:20:00,post_fault,0.11691787,0
2026-06-09 14:27:15,1635,EXP_FAULT_01,RUN_01,pod_kill,1,currencyservice,currency-f01-06,online-boutique,node-a,0.2463,29.3111,0,155.677,0.001929,4.901,3.853,7.882,9.3453,15.3053,154.1334,155.3767,0.1998,0.1005,191321.1188,150899.433,pod_kill,coupon-service,2026-06-09 14:05:00,2026-06-09 14:20:00,post_fault,1.0194085,1
2026-06-09 14:27:20,1640,EXP_FAULT_01,RUN_01,pod_kill,1,currencyservice,currency-f01-06,online-boutique,node-a,0.2388,29.7453,0,162.1657,0.001029,4.817,3.6714,7.6951,9.7567,13.498,160.6792,161.9989,0.0593,0.1076,165383.4562,120154.4672,pod_kill,coupon-service,2026-06-09 14:05:00,2026-06-09 14:20:00,post_fault,0.22758467,0
2026-06-09 14:27:25,1645,EXP_FAULT_01,RUN_01,pod_kill,1,currencyservice,currency-f01-06,online-boutique,node-a,0.2373,29.2409,0,162.1917,0.00099,4.3915,3.0369,7.5677,8.733,11.8888,160.7068,162.031,0.0845,0.0761,151551.0496,114964.0922,pod_kill,coupon-service,2026-06-09 14:05:00,2026-06-09 14:20:00,post_fault,0.05499668,0
2026-06-09 14:27:30,1650,EXP_FAULT_01,RUN_01,pod_kill,1,currencyservice,currency-f01-06,online-boutique,node-a,0.2573,29.9952,0,165.7488,0.002102,5.1233,4.1147,8.1481,10.065,14.3226,164.1547,165.4004,0.247,0.1015,191407.2566,148771.411,pod_kill,coupon-service,2026-06-09 14:05:00,2026-06-09 14:20:00,post_fault,1.8068047,1
2026-06-09 14:27:35,1655,EXP_FAULT_01,RUN_01,pod_kill,1,currencyservice,currency-f01-06,online-boutique,node-a,0.2479,29.8042,0,162.6213,0.001137,4.4375,3.0768,6.826,9.2547,12.4025,161.1701,162.4365,0.114,0.0708,143735.0458,117959.4941,pod_kill,coupon-service,2026-06-09 14:05:00,2026-06-09 14:20:00,post_fault,0.029601246,0
2026-06-09 14:27:40,1660,EXP_FAULT_01,RUN_01,pod_kill,1,currencyservice,currency-f01-06,online-boutique,node-a,0.2375,29.6076,0,162.952,0.001373,4.6456,3.2638,7.8445,10.1001,13.5933,161.4781,162.7283,0.1089,0.1148,186528.6108,118841.0752,pod_kill,coupon-service,2026-06-09 14:05:00,2026-06-09 14:20:00,post_fault,0.23250651,0
2026-06-09 14:27:45,1665,EXP_FAULT_01,RUN_01,pod_kill,1,currencyservice,currency-f01-06,online-boutique,node-a,0.2345,29.5224,0,161.1224,0.001983,4.7028,3.6712,7.8533,10.2688,13.1224,159.6407,160.8028,0.214,0.1055,194271.0942,159809.0135,pod_kill,coupon-service,2026-06-09 14:05:00,2026-06-09 14:20:00,post_fault,0.9679634,1
2026-06-09 14:27:50,1670,EXP_FAULT_01,RUN_01,pod_kill,1,currencyservice,currency-f01-06,online-boutique,node-a,0.242,28.9214,0,164.1331,0.001498,4.7359,3.5553,7.8108,9.6795,13.6614,162.6771,163.8873,0.1625,0.0833,141718.7008,165679.0526,pod_kill,coupon-service,2026-06-09 14:05:00,2026-06-09 14:20:00,post_fault,0.1332655,0
2026-06-09 14:27:55,1675,EXP_FAULT_01,RUN_01,pod_kill,1,currencyservice,currency-f01-06,online-boutique,node-a,0.244,29.7747,0,161.2176,0.001054,4.4606,3.3848,7.4013,8.887,13.7897,159.8681,161.0477,0.0643,0.1056,171942.9545,165748.0087,pod_kill,coupon-service,2026-06-09 14:05:00,2026-06-09 14:20:00,post_fault,0.014996302,0
2026-06-09 14:28:00,1680,EXP_FAULT_01,RUN_01,pod_kill,1,currencyservice,currency-f01-06,online-boutique,node-a,0.2427,29.0327,0,156.706,0.001898,4.5931,3.4281,8.0086,9.4408,13.4857,155.3005,156.4085,0.1977,0.0998,158114.0728,117354.7001,pod_kill,coupon-service,2026-06-09 14:05:00,2026-06-09 14:20:00,post_fault,0.30166933,0
2026-06-09 14:28:05,1685,EXP_FAULT_01,RUN_01,pod_kill,1,currencyservice,currency-f01-06,online-boutique,node-a,0.2271,29.0007,0,165.3629,0.001402,4.1154,2.8719,7.194,8.8757,12.4751,163.9361,165.1311,0.1527,0.0791,204536.3612,136599.1758,pod_kill,coupon-service,2026-06-09 14:05:00,2026-06-09 14:20:00,post_fault,0.5613982,0
2026-06-09 14:28:10,1690,EXP_FAULT_01,RUN_01,pod_kill,1,currencyservice,currency-f01-06,online-boutique,node-a,0.2415,29.2217,0,160.0216,0.000986,4.6537,3.4241,7.5707,9.2056,12.8891,158.7178,159.8638,0.0582,0.0996,170771.0634,154041.311,pod_kill,coupon-service,2026-06-09 14:05:00,2026-06-09 14:20:00,post_fault,0.034330506,0
2026-06-09 14:28:15,1695,EXP_FAULT_01,RUN_01,pod_kill,1,currencyservice,currency-f01-06,online-boutique,node-a,0.2309,29.6893,0,158.8663,0.001117,4.317,3.4702,6.8976,8.9138,13.3613,157.5685,158.6888,0.0995,0.0781,130838.0582,127576.4951,pod_kill,coupon-service,2026-06-09 14:05:00,2026-06-09 14:20:00,post_fault,0.14335035,0
2026-06-09 14:28:20,1700,EXP_FAULT_01,RUN_01,pod_kill,1,currencyservice,currency-f01-06,online-boutique,node-a,0.2327,30.2071,0,158.8041,0.000773,4.5245,3.2105,7.334,9.266,13.8553,157.5577,158.6815,0.0451,0.0775,186841.2623,158163.7379,pod_kill,coupon-service,2026-06-09 14:05:00,2026-06-09 14:20:00,post_fault,0.10310036,0
2026-06-09 14:28:25,1705,EXP_FAULT_01,RUN_01,pod_kill,1,currencyservice,currency-f01-06,online-boutique,node-a,0.2318,29.1948,0,161.4469,0.000675,4.854,3.4163,8.3559,10.5661,15.259,160.2203,161.3378,0.0425,0.0666,161921.9955,139726.6457,pod_kill,coupon-service,2026-06-09 14:05:00,2026-06-09 14:20:00,post_fault,0.12952688,0
2026-06-09 14:28:30,1710,EXP_FAULT_01,RUN_01,pod_kill,1,currencyservice,currency-f01-06,online-boutique,node-a,0.2355,29.2683,0,157.4347,0.001169,4.0627,3.2466,6.2286,7.754,11.6061,156.2072,157.2507,0.0816,0.1024,134387.1147,123829.0307,pod_kill,coupon-service,2026-06-09 14:05:00,2026-06-09 14:20:00,post_fault,0.18704808,0
2026-06-09 14:28:35,1715,EXP_FAULT_01,RUN_01,pod_kill,1,currencyservice,currency-f01-06,online-boutique,node-a,0.25,29.1467,0,162.8944,0.001982,4.6538,3.7076,7.0166,9.0759,13.7521,161.5219,162.5714,0.2253,0.0977,135326.4668,115862.027,pod_kill,coupon-service,2026-06-09 14:05:00,2026-06-09 14:20:00,post_fault,0.3133684,0
2026-06-09 14:28:40,1720,EXP_FAULT_01,RUN_01,pod_kill,1,currencyservice,currency-f01-06,online-boutique,node-a,0.2504,29.5975,0,151.9548,0.001789,4.7069,3.571,7.7848,9.611,14.5443,150.7718,151.6829,0.1996,0.0723,146993.6369,150715.8243,pod_kill,coupon-service,2026-06-09 14:05:00,2026-06-09 14:20:00,post_fault,0.7485964,0
2026-06-09 14:28:45,1725,EXP_FAULT_01,RUN_01,pod_kill,1,currencyservice,currency-f01-06,online-boutique,node-a,0.2329,28.9816,0,158.0897,0.001786,4.7219,3.2888,8.1998,10.1887,13.3655,156.8708,157.8074,0.1971,0.0852,182604.8084,139917.4609,pod_kill,coupon-service,2026-06-09 14:05:00,2026-06-09 14:20:00,post_fault,0.5850369,0
2026-06-09 14:28:50,1730,EXP_FAULT_01,RUN_01,pod_kill,1,currencyservice,currency-f01-06,online-boutique,node-a,0.2406,29.4053,0,154.3397,0.000865,4.7407,3.4997,7.8747,9.5117,13.073,153.2098,154.2062,0.0644,0.0691,128433.7871,128732.0356,pod_kill,coupon-service,2026-06-09 14:05:00,2026-06-09 14:20:00,post_fault,0.12697944,0
2026-06-09 14:28:55,1735,EXP_FAULT_01,RUN_01,pod_kill,1,currencyservice,currency-f01-06,online-boutique,node-a,0.2327,29.702,0,153.3754,0.001521,4.6404,3.3176,7.2271,9.511,13.9781,152.2427,153.1421,0.1376,0.0957,138813.7394,144342.7374,pod_kill,coupon-service,2026-06-09 14:05:00,2026-06-09 14:20:00,post_fault,0.517915,0
2026-06-09 14:29:00,1740,EXP_FAULT_01,RUN_01,pod_kill,1,currencyservice,currency-f01-06,online-boutique,node-a,0.2449,29.8306,0,153.4655,0.000915,4.8437,3.5063,7.6533,9.6931,14.369,152.3815,153.325,0.0823,0.0581,173363.6005,115547.1522,pod_kill,coupon-service,2026-06-09 14:05:00,2026-06-09 14:20:00,post_fault,0.3503626,0
2026-06-09 14:29:05,1745,EXP_FAULT_01,RUN_01,pod_kill,1,currencyservice,currency-f01-06,online-boutique,node-a,0.2222,29.4333,0,149.1613,0.000847,4.7054,3.6298,7.106,10.0421,13.6792,148.1253,149.0349,0.0378,0.0885,190826.6222,112548.2353,pod_kill,coupon-service,2026-06-09 14:05:00,2026-06-09 14:20:00,post_fault,0.36174577,0
2026-06-09 14:29:10,1750,EXP_FAULT_01,RUN_01,pod_kill,1,currencyservice,currency-f01-06,online-boutique,node-a,0.2452,29.6943,0,150.6028,0.001133,4.5192,3.5499,7.8454,8.764,12.7051,149.53,150.4322,0.1227,0.0479,157400.1712,116447.4227,pod_kill,coupon-service,2026-06-09 14:05:00,2026-06-09 14:20:00,post_fault,0.20456858,0
2026-06-09 14:29:15,1755,EXP_FAULT_01,RUN_01,pod_kill,1,currencyservice,currency-f01-06,online-boutique,node-a,0.2267,29.336,0,153.3619,0.000962,4.6863,3.4834,8.1226,8.9741,13.1285,152.2954,153.2145,0.0743,0.0731,170905.3473,142105.0384,pod_kill,coupon-service,2026-06-09 14:05:00,2026-06-09 14:20:00,post_fault,0.25399446,0
2026-06-09 14:29:20,1760,EXP_FAULT_01,RUN_01,pod_kill,1,currencyservice,currency-f01-06,online-boutique,node-a,0.2499,29.6237,0,152.2331,0.001926,4.6499,3.5883,7.1101,8.9551,12.9854,151.1117,151.9399,0.2252,0.068,161824.052,154728.8157,pod_kill,coupon-service,2026-06-09 14:05:00,2026-06-09 14:20:00,post_fault,0.727002,0
2026-06-09 14:29:25,1765,EXP_FAULT_01,RUN_01,pod_kill,1,currencyservice,currency-f01-06,online-boutique,node-a,0.2336,29.4441,0,150.2239,0.00094,4.8861,3.6314,7.5521,9.7275,13.2257,149.1771,150.0828,0.0852,0.056,127718.9932,110324.4277,pod_kill,coupon-service,2026-06-09 14:05:00,2026-06-09 14:20:00,post_fault,0.4099264,0
2026-06-09 14:29:30,1770,EXP_FAULT_01,RUN_01,pod_kill,1,currencyservice,currency-f01-06,online-boutique,node-a,0.2346,29.2822,0,151.3424,0.001838,4.5793,3.6244,7.6007,8.7055,13.8158,150.2431,151.0643,0.1862,0.0919,141506.2913,146604.0426,pod_kill,coupon-service,2026-06-09 14:05:00,2026-06-09 14:20:00,post_fault,0.53616965,0
2026-06-09 14:29:35,1775,EXP_FAULT_01,RUN_01,pod_kill,1,currencyservice,currency-f01-06,online-boutique,node-a,0.2358,29.8235,0,157.007,0.000892,4.4111,3.4197,7.7048,8.56,11.5035,155.9366,156.8669,0.0733,0.0668,191672.6077,126289.473,pod_kill,coupon-service,2026-06-09 14:05:00,2026-06-09 14:20:00,post_fault,0.013208675,0
2026-06-09 14:29:40,1780,EXP_FAULT_01,RUN_01,pod_kill,1,currencyservice,currency-f01-06,online-boutique,node-a,0.2414,29.6592,0,155.4585,0.000738,4.7382,3.4274,7.6562,9.7374,14.4437,154.4047,155.3437,0.043,0.0717,160408.5056,129093.1324,pod_kill,coupon-service,2026-06-09 14:05:00,2026-06-09 14:20:00,post_fault,0.094916224,0
2026-06-09 14:29:45,1785,EXP_FAULT_01,RUN_01,pod_kill,1,currencyservice,currency-f01-06,online-boutique,node-a,0.2386,29.6681,0,154.1151,0.001307,5.0461,3.9877,7.6732,9.9108,14.0831,153.0173,153.9137,0.1248,0.0767,162807.1441,155344.7408,pod_kill,coupon-service,2026-06-09 14:05:00,2026-06-09 14:20:00,post_fault,1.0011842,1
2026-06-09 14:29:50,1790,EXP_FAULT_01,RUN_01,pod_kill,1,currencyservice,currency-f01-06,online-boutique,node-a,0.2415,29.9652,0,156.7133,0.001006,4.6218,3.2596,7.2393,9.9063,14.0102,155.6192,156.5556,0.0865,0.0712,187409.0655,142584.4672,pod_kill,coupon-service,2026-06-09 14:05:00,2026-06-09 14:20:00,post_fault,0.09900589,0
2026-06-09 14:29:55,1795,EXP_FAULT_01,RUN_01,pod_kill,1,currencyservice,currency-f01-06,online-boutique,node-a,0.236,30.1039,0,159.9882,0.001791,4.9552,3.5729,7.6111,10.1051,14.6552,158.8327,159.7016,0.2011,0.0855,137590.6416,115913.1307,pod_kill,coupon-service,2026-06-09 14:05:00,2026-06-09 14:20:00,post_fault,1.5307715,1
2026-06-09 14:35:00,0,EXP_FAULT_02,RUN_02,cpu_stress,1,currencyservice,currency-f02-06,online-boutique,node-a,0.238,28.6059,0,155.0263,0.000641,4.4034,3.4707,7.2133,7.9031,11.7061,154.9619,154.9269,0.0814,0.018,130029.3785,122639.8694,cpu_stress,inventory-service,2026-06-09 14:40:00,2026-06-09 14:55:00,pre_fault,0.26102608,0
2026-06-09 14:35:05,5,EXP_FAULT_02,RUN_02,cpu_stress,1,currencyservice,currency-f02-06,online-boutique,node-a,0.2332,29.0215,0,164.6063,0.000869,4.1376,3.1358,6.3495,7.658,9.8497,164.5189,164.4633,0.1098,0.0332,135795.8677,166242.8662,cpu_stress,inventory-service,2026-06-09 14:40:00,2026-06-09 14:55:00,pre_fault,0.48283014,0
2026-06-09 14:35:10,10,EXP_FAULT_02,RUN_02,cpu_stress,1,currencyservice,currency-f02-06,online-boutique,node-a,0.2368,29.0538,0,157.5573,0.000905,4.4708,3.1755,7.0825,7.8441,11.282,157.5049,157.4147,0.1312,0.0114,172166.0593,126331.7744,cpu_stress,inventory-service,2026-06-09 14:40:00,2026-06-09 14:55:00,pre_fault,0.030056596,0
2026-06-09 14:35:15,15,EXP_FAULT_02,RUN_02,cpu_stress,1,currencyservice,currency-f02-06,online-boutique,node-a,0.2359,29.0833,0,159.2232,0.001158,4.3469,3.2761,6.9686,8.5324,11.7887,159.1171,159.0388,0.1458,0.0386,176138.1741,120868.4068,cpu_stress,inventory-service,2026-06-09 14:40:00,2026-06-09 14:55:00,pre_fault,0.041793294,0
2026-06-09 14:35:20,20,EXP_FAULT_02,RUN_02,cpu_stress,1,currencyservice,currency-f02-06,online-boutique,node-a,0.2382,28.9687,0,156.7685,0.001013,4.6108,3.3496,6.9466,9.0353,12.923,156.6902,156.6096,0.1356,0.0233,145285.9403,154319.704,cpu_stress,inventory-service,2026-06-09 14:40:00,2026-06-09 14:55:00,pre_fault,0.025754213,0
2026-06-09 14:35:25,25,EXP_FAULT_02,RUN_02,cpu_stress,1,currencyservice,currency-f02-06,online-boutique,node-a,0.2455,29.17,0,155.7796,0.000765,4.2478,2.9818,6.3078,7.4734,10.4799,155.6962,155.6604,0.0694,0.0498,154168.9652,103979.4206,cpu_stress,inventory-service,2026-06-09 14:40:00,2026-06-09 14:55:00,pre_fault,0.3929624,0
2026-06-09 14:35:30,30,EXP_FAULT_02,RUN_02,cpu_stress,1,currencyservice,currency-f02-06,online-boutique,node-a,0.2187,29.4836,0,156.5795,0.001279,4.3234,3.0562,6.504,7.9064,10.2276,156.4935,156.3792,0.1908,0.0094,175273.5817,106664.3792,cpu_stress,inventory-service,2026-06-09 14:40:00,2026-06-09 14:55:00,pre_fault,0.6111556,0
2026-06-09 14:35:35,35,EXP_FAULT_02,RUN_02,cpu_stress,1,currencyservice,currency-f02-06,online-boutique,node-a,0.2415,28.8662,0,155.8903,0.001743,4.0408,3.0027,5.9026,7.1268,9.8651,155.717,155.6186,0.2222,0.0495,181062.5256,115763.6627,cpu_stress,inventory-service,2026-06-09 14:40:00,2026-06-09 14:55:00,pre_fault,0.05529244,0
2026-06-09 14:35:40,40,EXP_FAULT_02,RUN_02,cpu_stress,1,currencyservice,currency-f02-06,online-boutique,node-a,0.2373,29.0278,0,152.2544,0.001492,4.5565,3.4987,6.8734,8.0812,12.2713,152.1672,152.0272,0.223,0.0042,183052.2241,114484.2423,cpu_stress,inventory-service,2026-06-09 14:40:00,2026-06-09 14:55:00,pre_fault,0.14383402,0
2026-06-09 14:35:45,45,EXP_FAULT_02,RUN_02,cpu_stress,1,currencyservice,currency-f02-06,online-boutique,node-a,0.2369,29.3162,0,154.6396,0.00107,4.2994,3.3064,7.231,8.6446,12.0473,154.5761,154.4741,0.1148,0.0507,196631.3101,105706.2799,cpu_stress,inventory-service,2026-06-09 14:40:00,2026-06-09 14:55:00,pre_fault,0.021039909,0
2026-06-09 14:35:50,50,EXP_FAULT_02,RUN_02,cpu_stress,1,currencyservice,currency-f02-06,online-boutique,node-a,0.2312,29.0833,0,147.5427,0.000653,4.4896,3.6175,7.2823,8.9432,12.4696,147.4803,147.4464,0.0666,0.0296,182903.8446,137730.0349,cpu_stress,inventory-service,2026-06-09 14:40:00,2026-06-09 14:55:00,pre_fault,0.014160479,0
2026-06-09 14:35:55,55,EXP_FAULT_02,RUN_02,cpu_stress,1,currencyservice,currency-f02-06,online-boutique,node-a,0.2397,28.9059,0,145.3951,0.00076,4.5474,3.31,6.8018,8.5187,10.8655,145.3389,145.2846,0.0851,0.0255,154510.1742,114169.3887,cpu_stress,inventory-service,2026-06-09 14:40:00,2026-06-09 14:55:00,pre_fault,0.21829684,0
2026-06-09 14:36:00,60,EXP_FAULT_02,RUN_02,cpu_stress,1,currencyservice,currency-f02-06,online-boutique,node-a,0.2406,28.792,0,142.9577,0.000453,3.8899,3.0012,5.6988,7.4695,9.5119,142.927,142.8929,0.0617,0.0031,174185.6332,129225.8032,cpu_stress,inventory-service,2026-06-09 14:40:00,2026-06-09 14:55:00,pre_fault,1.3273137,1
2026-06-09 14:36:05,65,EXP_FAULT_02,RUN_02,cpu_stress,1,currencyservice,currency-f02-06,online-boutique,node-a,0.2504,29.1234,0,148.5419,0.001449,4.0969,3.2219,6.1291,7.5844,10.2193,148.4647,148.3267,0.1783,0.0369,152679.8505,124447.8066,cpu_stress,inventory-service,2026-06-09 14:40:00,2026-06-09 14:55:00,pre_fault,0.326586,0
2026-06-09 14:36:10,70,EXP_FAULT_02,RUN_02,cpu_stress,1,currencyservice,currency-f02-06,online-boutique,node-a,0.2341,28.9287,0,144.2911,0.001149,4.1826,3.115,6.6587,8.1354,10.1219,144.2325,144.1253,0.1386,0.0273,132930.2082,109791.9457,cpu_stress,inventory-service,2026-06-09 14:40:00,2026-06-09 14:55:00,pre_fault,0.04793314,0
2026-06-09 14:36:15,75,EXP_FAULT_02,RUN_02,cpu_stress,1,currencyservice,currency-f02-06,online-boutique,node-a,0.2216,29.3743,0,140.2838,0.000757,4.2718,3.078,6.2676,7.7623,10.2368,140.2287,140.1776,0.0832,0.0231,163802.5664,125998.1823,cpu_stress,inventory-service,2026-06-09 14:40:00,2026-06-09 14:55:00,pre_fault,0.0841622,0
2026-06-09 14:36:20,80,EXP_FAULT_02,RUN_02,cpu_stress,1,currencyservice,currency-f02-06,online-boutique,node-a,0.219,28.9097,0,140.8715,0.000852,4.1443,3.0392,6.3241,7.6811,11.5846,140.8169,140.7515,0.0982,0.0219,135743.6854,108907.4147,cpu_stress,inventory-service,2026-06-09 14:40:00,2026-06-09 14:55:00,pre_fault,0.12741405,0
2026-06-09 14:36:25,85,EXP_FAULT_02,RUN_02,cpu_stress,1,currencyservice,currency-f02-06,online-boutique,node-a,0.2284,28.1238,0,141.8,0.000909,3.9562,2.9177,5.8492,7.2125,11.2379,141.7176,141.6711,0.125,0.0038,132905.251,117242.3288,cpu_stress,inventory-service,2026-06-09 14:40:00,2026-06-09 14:55:00,pre_fault,0.52772915,0
2026-06-09 14:36:30,90,EXP_FAULT_02,RUN_02,cpu_stress,1,currencyservice,currency-f02-06,online-boutique,node-a,0.2308,29.0917,0,139.5469,0.00051,4.5982,3.6483,7.2752,9.104,11.3073,139.5102,139.4757,0.0513,0.0199,118843.6586,121188.9687,cpu_stress,inventory-service,2026-06-09 14:40:00,2026-06-09 14:55:00,pre_fault,0.1911429,0
2026-06-09 14:36:35,95,EXP_FAULT_02,RUN_02,cpu_stress,1,currencyservice,currency-f02-06,online-boutique,node-a,0.2521,29.6063,0,141.4591,0.001555,4.6645,3.4758,7.6596,8.4439,11.6422,141.3447,141.2392,0.2163,0.0036,123529.7087,106912.2369,cpu_stress,inventory-service,2026-06-09 14:40:00,2026-06-09 14:55:00,pre_fault,1.074422,1
2026-06-09 14:36:40,100,EXP_FAULT_02,RUN_02,cpu_stress,1,currencyservice,currency-f02-06,online-boutique,node-a,0.226,28.8215,0,139.557,0.001292,4.3747,3.1125,7.1398,8.1632,11.5985,139.4725,139.3767,0.1642,0.0161,115619.4336,92645.1254,cpu_stress,inventory-service,2026-06-09 14:40:00,2026-06-09 14:55:00,pre_fault,0.07224097,0
2026-06-09 14:36:45,105,EXP_FAULT_02,RUN_02,cpu_stress,1,currencyservice,currency-f02-06,online-boutique,node-a,0.2268,29.8023,0,140.5471,0.00076,4.3467,3.1579,6.4732,7.74,11.038,140.4934,140.4404,0.0871,0.0196,126641.2155,128661.8758,cpu_stress,inventory-service,2026-06-09 14:40:00,2026-06-09 14:55:00,pre_fault,0.062228262,0
2026-06-09 14:36:50,110,EXP_FAULT_02,RUN_02,cpu_stress,1,currencyservice,currency-f02-06,online-boutique,node-a,0.24,29.6685,0,145.3063,0.000905,4.4401,3.5125,7.4068,8.7475,10.4975,145.2567,145.1748,0.1259,0.0056,134749.7614,147227.145,cpu_stress,inventory-service,2026-06-09 14:40:00,2026-06-09 14:55:00,pre_fault,0.15263778,0
2026-06-09 14:36:55,115,EXP_FAULT_02,RUN_02,cpu_stress,1,currencyservice,currency-f02-06,online-boutique,node-a,0.2363,29.4817,0,144.4342,0.000741,4.5769,3.4279,6.8821,8.3603,12.9848,144.394,144.3272,0.0694,0.0376,144095.2341,114909.8998,cpu_stress,inventory-service,2026-06-09 14:40:00,2026-06-09 14:55:00,pre_fault,0.12957641,0
2026-06-09 14:37:00,120,EXP_FAULT_02,RUN_02,cpu_stress,1,currencyservice,currency-f02-06,online-boutique,node-a,0.2313,29.5493,0,142.0491,0.001321,3.9712,2.8068,6.4437,7.4121,10.7652,141.9282,141.8614,0.1383,0.0493,161346.5471,93560.1237,cpu_stress,inventory-service,2026-06-09 14:40:00,2026-06-09 14:55:00,pre_fault,0.014540283,0
2026-06-09 14:37:05,125,EXP_FAULT_02,RUN_02,cpu_stress,1,currencyservice,currency-f02-06,online-boutique,node-a,0.2387,28.6192,0,145.4508,0.000501,4.867,3.6115,7.5708,9.3887,13.3788,145.4188,145.378,0.0602,0.0126,140497.1004,130413.2842,cpu_stress,inventory-service,2026-06-09 14:40:00,2026-06-09 14:55:00,pre_fault,0.29281905,0
2026-06-09 14:37:10,130,EXP_FAULT_02,RUN_02,cpu_stress,1,currencyservice,currency-f02-06,online-boutique,node-a,0.2413,29.2753,0,141.5766,0.000796,4.2859,3.1633,7.0447,7.5433,11.6439,141.5064,141.4639,0.1055,0.0072,171518.3633,96922.5817,cpu_stress,inventory-service,2026-06-09 14:40:00,2026-06-09 14:55:00,pre_fault,0.34374547,0
2026-06-09 14:37:15,135,EXP_FAULT_02,RUN_02,cpu_stress,1,currencyservice,currency-f02-06,online-boutique,node-a,0.2506,29.1611,0,146.5156,0.000868,4.0805,3.0611,6.895,8.2497,9.9266,146.4601,146.3885,0.1143,0.0129,121095.9601,144434.8488,cpu_stress,inventory-service,2026-06-09 14:40:00,2026-06-09 14:55:00,pre_fault,0.8413417,0
2026-06-09 14:37:20,140,EXP_FAULT_02,RUN_02,cpu_stress,1,currencyservice,currency-f02-06,online-boutique,node-a,0.2287,28.7562,0,144.1985,0.000542,4.3576,3.3473,6.6856,8.8841,12.0693,144.1617,144.1203,0.0584,0.0198,175424.5725,116548.7967,cpu_stress,inventory-service,2026-06-09 14:40:00,2026-06-09 14:55:00,pre_fault,0.12254242,0
2026-06-09 14:37:25,145,EXP_FAULT_02,RUN_02,cpu_stress,1,currencyservice,currency-f02-06,online-boutique,node-a,0.2321,28.7361,0,144.1938,0.001708,4.2659,3.2066,6.4638,7.8416,11.4891,144.0311,143.9475,0.1971,0.0492,140012.7596,130421.1211,cpu_stress,inventory-service,2026-06-09 14:40:00,2026-06-09 14:55:00,pre_fault,0.060126603,0
2026-06-09 14:37:30,150,EXP_FAULT_02,RUN_02,cpu_stress,1,currencyservice,currency-f02-06,online-boutique,node-a,0.2392,29.0902,0,143.4526,0.001409,4.3305,3.4004,6.8801,8.247,11.7486,143.3205,143.2504,0.1595,0.0426,167494.1459,100350.623,cpu_stress,inventory-service,2026-06-09 14:40:00,2026-06-09 14:55:00,pre_fault,0.11318822,0
2026-06-09 14:37:35,155,EXP_FAULT_02,RUN_02,cpu_stress,1,currencyservice,currency-f02-06,online-boutique,node-a,0.2266,29.1305,0,145.0785,0.001468,4.4478,3.4756,6.9767,8.0108,11.2386,144.9648,144.8654,0.2033,0.0098,152780.4981,110640.9594,cpu_stress,inventory-service,2026-06-09 14:40:00,2026-06-09 14:55:00,pre_fault,0.25251222,0
2026-06-09 14:37:40,160,EXP_FAULT_02,RUN_02,cpu_stress,1,currencyservice,currency-f02-06,online-boutique,node-a,0.2389,28.3819,0,144.6148,0.001429,4.5799,3.6166,7.1671,8.3184,11.8447,144.5361,144.4082,0.1629,0.0437,154929.067,141919.3622,cpu_stress,inventory-service,2026-06-09 14:40:00,2026-06-09 14:55:00,pre_fault,0.20930402,0
2026-06-09 14:37:45,165,EXP_FAULT_02,RUN_02,cpu_stress,1,currencyservice,currency-f02-06,online-boutique,node-a,0.2462,28.7897,0,149.1335,0.000918,4.169,3.2122,7.0059,8.2959,10.1331,149.0792,148.9966,0.1213,0.0156,173360.3463,149858.0342,cpu_stress,inventory-service,2026-06-09 14:40:00,2026-06-09 14:55:00,pre_fault,0.5737566,0
2026-06-09 14:37:50,170,EXP_FAULT_02,RUN_02,cpu_stress,1,currencyservice,currency-f02-06,online-boutique,node-a,0.226,29.1101,0,142.5799,0.001791,4.2878,3.5136,6.6632,7.9543,10.3874,142.4022,142.3246,0.2191,0.0363,180801.98,92871.2744,cpu_stress,inventory-service,2026-06-09 14:40:00,2026-06-09 14:55:00,pre_fault,0.3182797,0
2026-06-09 14:37:55,175,EXP_FAULT_02,RUN_02,cpu_stress,1,currencyservice,currency-f02-06,online-boutique,node-a,0.2352,29.6119,0,147.0416,0.00096,4.3013,3.4673,6.4341,8.7229,10.7008,146.9709,146.9004,0.1148,0.0263,158176.4053,127683.1456,cpu_stress,inventory-service,2026-06-09 14:40:00,2026-06-09 14:55:00,pre_fault,0.027157944,0
2026-06-09 14:38:00,180,EXP_FAULT_02,RUN_02,cpu_stress,1,currencyservice,currency-f02-06,online-boutique,node-a,0.232,28.973,0,146.1225,0.001568,4.6504,3.719,7.7659,9.2158,11.9145,145.9886,145.8933,0.2062,0.0229,169258.9462,101812.2124,cpu_stress,inventory-service,2026-06-09 14:40:00,2026-06-09 14:55:00,pre_fault,0.42805257,0
2026-06-09 14:38:05,185,EXP_FAULT_02,RUN_02,cpu_stress,1,currencyservice,currency-f02-06,online-boutique,node-a,0.2406,29.1473,0,142.2097,0.000626,4.1959,2.9942,6.9076,7.9751,11.6941,142.1449,142.1207,0.0599,0.0292,160452.9866,128898.3626,cpu_stress,inventory-service,2026-06-09 14:40:00,2026-06-09 14:55:00,pre_fault,0.49005118,0
2026-06-09 14:38:10,190,EXP_FAULT_02,RUN_02,cpu_stress,1,currencyservice,currency-f02-06,online-boutique,node-a,0.2487,29.1201,0,147.7033,0.001585,4.35,3.2722,6.7987,7.6199,10.7362,147.5629,147.4692,0.2249,0.0092,135377.5211,118788.2027,cpu_stress,inventory-service,2026-06-09 14:40:00,2026-06-09 14:55:00,pre_fault,0.25609392,0
2026-06-09 14:38:15,195,EXP_FAULT_02,RUN_02,cpu_stress,1,currencyservice,currency-f02-06,online-boutique,node-a,0.2269,28.8936,0,145.3844,0.001791,4.4367,3.4254,6.7504,8.3189,10.4498,145.2459,145.1241,0.2126,0.0477,153577.4548,130892.7933,cpu_stress,inventory-service,2026-06-09 14:40:00,2026-06-09 14:55:00,pre_fault,0.3914052,0
2026-06-09 14:38:20,200,EXP_FAULT_02,RUN_02,cpu_stress,1,currencyservice,currency-f02-06,online-boutique,node-a,0.2283,28.8565,0,145.1481,0.001314,4.1301,3.3504,6.9697,8.0478,10.6762,145.0155,144.9573,0.1542,0.0365,174759.5412,147292.7055,cpu_stress,inventory-service,2026-06-09 14:40:00,2026-06-09 14:55:00,pre_fault,0.027102074,0
2026-06-09 14:38:25,205,EXP_FAULT_02,RUN_02,cpu_stress,1,currencyservice,currency-f02-06,online-boutique,node-a,0.2475,28.8258,0,144.1379,0.000779,4.3823,3.5898,7.3666,8.3794,11.74,144.0578,144.0257,0.1097,0.0026,164478.3797,95853.7974,cpu_stress,inventory-service,2026-06-09 14:40:00,2026-06-09 14:55:00,pre_fault,0.68038887,0
2026-06-09 14:38:30,210,EXP_FAULT_02,RUN_02,cpu_stress,1,currencyservice,currency-f02-06,online-boutique,node-a,0.2566,29.1561,0,140.7836,0.001533,4.8402,3.9255,7.8911,9.6341,13.6308,140.6721,140.5678,0.1918,0.024,154712.5347,100385.6842,cpu_stress,inventory-service,2026-06-09 14:40:00,2026-06-09 14:55:00,pre_fault,1.5876613,1
2026-06-09 14:38:35,215,EXP_FAULT_02,RUN_02,cpu_stress,1,currencyservice,currency-f02-06,online-boutique,node-a,0.2428,29.3644,0,141.6893,0.001321,4.0945,3.2992,6.3023,7.9495,10.7325,141.6103,141.5021,0.1575,0.0297,150853.4655,141619.6911,cpu_stress,inventory-service,2026-06-09 14:40:00,2026-06-09 14:55:00,pre_fault,0.1811823,0
2026-06-09 14:38:40,220,EXP_FAULT_02,RUN_02,cpu_stress,1,currencyservice,currency-f02-06,online-boutique,node-a,0.2447,28.9486,0,139.9129,0.001046,4.1518,3.2754,6.8463,8.5001,11.6274,139.8046,139.7666,0.1035,0.0428,118051.3452,117765.3275,cpu_stress,inventory-service,2026-06-09 14:40:00,2026-06-09 14:55:00,pre_fault,0.5085629,0
2026-06-09 14:38:45,225,EXP_FAULT_02,RUN_02,cpu_stress,1,currencyservice,currency-f02-06,online-boutique,node-a,0.2316,29.4212,0,144.9568,0.000531,4.3588,3.1658,7.0779,7.7178,12.0593,144.9138,144.8798,0.0503,0.0266,173902.3707,106131.59,cpu_stress,inventory-service,2026-06-09 14:40:00,2026-06-09 14:55:00,pre_fault,0.10392789,0
2026-06-09 14:38:50,230,EXP_FAULT_02,RUN_02,cpu_stress,1,currencyservice,currency-f02-06,online-boutique,node-a,0.2195,28.571,0,138.4604,0.001238,4.1247,2.9879,6.5119,8.4435,10.5217,138.334,138.2889,0.1634,0.008,140102.1282,102202.9141,cpu_stress,inventory-service,2026-06-09 14:40:00,2026-06-09 14:55:00,pre_fault,0.070681974,0
2026-06-09 14:38:55,235,EXP_FAULT_02,RUN_02,cpu_stress,1,currencyservice,currency-f02-06,online-boutique,node-a,0.2402,28.9342,0,142.8084,0.001442,4.5117,3.3137,7.4434,8.5619,11.1293,142.7112,142.6025,0.1809,0.025,158459.1681,129510.0283,cpu_stress,inventory-service,2026-06-09 14:40:00,2026-06-09 14:55:00,pre_fault,0.2760102,0
2026-06-09 14:39:00,240,EXP_FAULT_02,RUN_02,cpu_stress,1,currencyservice,currency-f02-06,online-boutique,node-a,0.2462,29.3172,0,140.1026,0.000804,4.7961,3.3741,6.9758,8.6077,12.359,140.0514,139.9899,0.0694,0.0433,125806.0501,111930.5925,cpu_stress,inventory-service,2026-06-09 14:40:00,2026-06-09 14:55:00,pre_fault,0.7752296,0
2026-06-09 14:39:05,245,EXP_FAULT_02,RUN_02,cpu_stress,1,currencyservice,currency-f02-06,online-boutique,node-a,0.2368,28.6509,0,136.8289,0.001601,4.538,3.2313,6.8248,8.7872,11.1354,136.7453,136.6098,0.1761,0.043,145560.4959,112228.4177,cpu_stress,inventory-service,2026-06-09 14:40:00,2026-06-09 14:55:00,pre_fault,0.43544596,0
2026-06-09 14:39:10,250,EXP_FAULT_02,RUN_02,cpu_stress,1,currencyservice,currency-f02-06,online-boutique,node-a,0.2298,29.3512,0,135.3744,0.000875,4.8751,3.6548,8.0332,9.1591,13.0401,135.3154,135.256,0.1184,0.0001,136254.5491,134623.4194,cpu_stress,inventory-service,2026-06-09 14:40:00,2026-06-09 14:55:00,pre_fault,0.773657,0
2026-06-09 14:39:15,255,EXP_FAULT_02,RUN_02,cpu_stress,1,currencyservice,currency-f02-06,online-boutique,node-a,0.2424,28.955,0,136.4254,0.00095,4.163,3.1457,6.7876,7.5079,11.6019,136.3531,136.2958,0.115,0.0145,146854.6658,106438.2766,cpu_stress,inventory-service,2026-06-09 14:40:00,2026-06-09 14:55:00,pre_fault,0.52715135,0
2026-06-09 14:39:20,260,EXP_FAULT_02,RUN_02,cpu_stress,1,currencyservice,currency-f02-06,online-boutique,node-a,0.2459,29.0555,0,137.3065,0.001855,4.4176,3.1396,7.2768,8.8878,12.0606,137.1633,137.0518,0.2154,0.0393,156591.5132,125904.1833,cpu_stress,inventory-service,2026-06-09 14:40:00,2026-06-09 14:55:00,pre_fault,0.6284548,0
2026-06-09 14:39:25,265,EXP_FAULT_02,RUN_02,cpu_stress,1,currencyservice,currency-f02-06,online-boutique,node-a,0.2235,29.1469,0,134.1017,0.001187,4.2839,3.2264,7.0088,8.6965,11.6479,133.9926,133.9426,0.12,0.0391,167127.667,87295.7079,cpu_stress,inventory-service,2026-06-09 14:40:00,2026-06-09 14:55:00,pre_fault,0.098158956,0
2026-06-09 14:39:30,270,EXP_FAULT_02,RUN_02,cpu_stress,1,currencyservice,currency-f02-06,online-boutique,node-a,0.2389,28.6736,0,135.0775,0.000574,3.7921,3.0126,6.4029,6.8393,9.0406,135.033,134.9999,0.0661,0.0114,128271.4521,138706.4763,cpu_stress,inventory-service,2026-06-09 14:40:00,2026-06-09 14:55:00,pre_fault,1.3543003,1
2026-06-09 14:39:35,275,EXP_FAULT_02,RUN_02,cpu_stress,1,currencyservice,currency-f02-06,online-boutique,node-a,0.2414,29.2869,0,137.5182,0.00136,4.394,3.3984,6.396,8.6462,11.3513,137.3828,137.3313,0.164,0.0229,171750.1229,139268.6069,cpu_stress,inventory-service,2026-06-09 14:40:00,2026-06-09 14:55:00,pre_fault,0.37157196,0
2026-06-09 14:39:40,280,EXP_FAULT_02,RUN_02,cpu_stress,1,currencyservice,currency-f02-06,online-boutique,node-a,0.2306,29.0919,0,137.9533,0.001598,3.924,3.1017,6.546,7.1226,10.3824,137.8545,137.7329,0.1952,0.0252,138556.3586,122681.557,cpu_stress,inventory-service,2026-06-09 14:40:00,2026-06-09 14:55:00,pre_fault,0.0039459225,0
2026-06-09 14:39:45,285,EXP_FAULT_02,RUN_02,cpu_stress,1,currencyservice,currency-f02-06,online-boutique,node-a,0.2323,29.047,0,135.172,0.000915,4.2668,3.4232,6.5397,7.9834,10.2378,135.0822,135.0483,0.0953,0.0284,167679.4224,115646.2526,cpu_stress,inventory-service,2026-06-09 14:40:00,2026-06-09 14:55:00,pre_fault,0.13745283,0
2026-06-09 14:39:50,290,EXP_FAULT_02,RUN_02,cpu_stress,1,currencyservice,currency-f02-06,online-boutique,node-a,0.2157,28.6919,0,134.2913,0.001441,4.6854,3.5926,7.1407,8.5487,12.9983,134.1594,134.0977,0.1594,0.0342,121429.978,101526.454,cpu_stress,inventory-service,2026-06-09 14:40:00,2026-06-09 14:55:00,pre_fault,0.81992495,0
2026-06-09 14:39:55,295,EXP_FAULT_02,RUN_02,cpu_stress,1,currencyservice,currency-f02-06,online-boutique,node-a,0.2156,29.1676,0,133.4975,0.000953,4.6725,3.4102,7.6546,9.145,12.56,133.4424,133.3703,0.1044,0.0228,168838.55,92034.0688,cpu_stress,inventory-service,2026-06-09 14:40:00,2026-06-09 14:55:00,pre_fault,0.7085835,0
2026-06-09 14:40:00,300,EXP_FAULT_02,RUN_02,cpu_stress,1,currencyservice,currency-f02-06,online-boutique,node-a,0.2262,29.456,0,138.1566,0.003718,5.7269,4.3096,10.7858,16.548,25.445,130.4424,137.643,0.1494,0.3642,158852.0213,107801.0007,cpu_stress,inventory-service,2026-06-09 14:40:00,2026-06-09 14:55:00,during_fault,12.519993,1
2026-06-09 14:40:05,305,EXP_FAULT_02,RUN_02,cpu_stress,1,currencyservice,currency-f02-06,online-boutique,node-a,0.227,28.9938,0,135.2617,0.003295,4.7743,3.3128,9.6984,13.8457,21.9253,127.7797,134.816,0.0625,0.3831,162038.5935,113914.5955,cpu_stress,inventory-service,2026-06-09 14:40:00,2026-06-09 14:55:00,during_fault,4.2378325,1
2026-06-09 14:40:10,310,EXP_FAULT_02,RUN_02,cpu_stress,1,currencyservice,currency-f02-06,online-boutique,node-a,0.2398,29.3381,0,140.6536,0.003131,5.416,3.8796,10.8232,13.6978,22.9274,132.9483,140.2132,0.0551,0.3853,129389.4376,129963.5621,cpu_stress,inventory-service,2026-06-09 14:40:00,2026-06-09 14:55:00,during_fault,6.712201,1
2026-06-09 14:40:15,315,EXP_FAULT_02,RUN_02,cpu_stress,1,currencyservice,currency-f02-06,online-boutique,node-a,0.2447,29.4779,0,141.9898,0.003082,4.7291,3.5421,9.6633,13.5287,19.5148,134.3093,141.5522,0.0567,0.381,118283.9672,126033.6947,cpu_stress,inventory-service,2026-06-09 14:40:00,2026-06-09 14:55:00,during_fault,2.928546,1
2026-06-09 14:40:20,320,EXP_FAULT_02,RUN_02,cpu_stress,1,currencyservice,currency-f02-06,online-boutique,node-a,0.2369,29.4319,0,135.4886,0.002962,5.446,4.0196,10.9791,14.9961,20.9659,128.2461,135.0873,0.053,0.3483,121650.0065,122219.8313,cpu_stress,inventory-service,2026-06-09 14:40:00,2026-06-09 14:55:00,during_fault,7.041677,1
2026-06-09 14:40:25,325,EXP_FAULT_02,RUN_02,cpu_stress,1,currencyservice,currency-f02-06,online-boutique,node-a,0.2294,29.0452,0,140.3705,0.002938,6.0872,4.0451,11.5198,17.0405,24.9597,132.9984,139.958,0.0376,0.3748,144486.3784,122461.6516,cpu_stress,inventory-service,2026-06-09 14:40:00,2026-06-09 14:55:00,during_fault,11.031909,1
2026-06-09 14:40:30,330,EXP_FAULT_02,RUN_02,cpu_stress,1,currencyservice,currency-f02-06,online-boutique,node-a,0.2293,29.2995,0,138.5913,0.00341,5.8513,3.9613,11.509,16.5512,22.4782,131.4464,138.1188,0.1184,0.3542,129683.1487,119194.5879,cpu_stress,inventory-service,2026-06-09 14:40:00,2026-06-09 14:55:00,during_fault,11.597623,1
2026-06-09 14:40:35,335,EXP_FAULT_02,RUN_02,cpu_stress,1,currencyservice,currency-f02-06,online-boutique,node-a,0.2286,29.4514,0,144.5532,0.003,5.8287,3.8206,10.7807,15.3411,22.5833,137.2824,144.1195,0.0647,0.3689,134907.9787,111823.9272,cpu_stress,inventory-service,2026-06-09 14:40:00,2026-06-09 14:55:00,during_fault,9.704397,1
2026-06-09 14:40:40,340,EXP_FAULT_02,RUN_02,cpu_stress,1,currencyservice,currency-f02-06,online-boutique,node-a,0.2251,29.484,0,143.7814,0.004024,5.0944,3.7753,9.783,12.7575,20.5966,136.6424,143.2028,0.2127,0.3659,166218.2602,132215.6647,cpu_stress,inventory-service,2026-06-09 14:40:00,2026-06-09 14:55:00,during_fault,8.918358,1
2026-06-09 14:40:45,345,EXP_FAULT_02,RUN_02,cpu_stress,1,currencyservice,currency-f02-06,online-boutique,node-a,0.2525,29.1834,0,143.4801,0.003141,5.4905,3.8644,9.6531,15.2483,21.1799,136.6575,143.0294,0.0966,0.354,177927.408,146658.7926,cpu_stress,inventory-service,2026-06-09 14:40:00,2026-06-09 14:55:00,during_fault,6.400874,1
2026-06-09 14:40:50,350,EXP_FAULT_02,RUN_02,cpu_stress,1,currencyservice,currency-f02-06,online-boutique,node-a,0.2314,29.7574,0,143.4118,0.002527,5.6901,3.9791,10.0786,14.9208,23.9393,136.8249,143.0493,0.0488,0.3136,129729.8052,107677.0591,cpu_stress,inventory-service,2026-06-09 14:40:00,2026-06-09 14:55:00,during_fault,7.4850373,1
2026-06-09 14:40:55,355,EXP_FAULT_02,RUN_02,cpu_stress,1,currencyservice,currency-f02-06,online-boutique,node-a,0.2445,29.4152,0,149.5689,0.003364,5.4211,3.5811,10.1654,13.2499,21.8365,142.8982,149.0657,0.1653,0.3379,128310.1619,109066.6636,cpu_stress,inventory-service,2026-06-09 14:40:00,2026-06-09 14:55:00,during_fault,6.704999,1
2026-06-09 14:41:00,360,EXP_FAULT_02,RUN_02,cpu_stress,1,currencyservice,currency-f02-06,online-boutique,node-a,0.2261,29.0785,0,145.204,0.00305,4.8192,3.3043,9.2013,12.3497,19.0277,138.9244,144.7612,0.1262,0.3166,175199.2617,150387.5288,cpu_stress,inventory-service,2026-06-09 14:40:00,2026-06-09 14:55:00,during_fault,3.6794715,1
2026-06-09 14:41:05,365,EXP_FAULT_02,RUN_02,cpu_stress,1,currencyservice,currency-f02-06,online-boutique,node-a,0.2303,29.2187,0,147.3673,0.002516,5.3374,3.5408,10.6009,12.6556,22.032,141.3131,146.9966,0.0702,0.3006,183911.9819,113574.2146,cpu_stress,inventory-service,2026-06-09 14:40:00,2026-06-09 14:55:00,during_fault,4.4926863,1
2026-06-09 14:41:10,370,EXP_FAULT_02,RUN_02,cpu_stress,1,currencyservice,currency-f02-06,online-boutique,node-a,0.2337,29.2806,0,151.0614,0.003365,4.931,3.4075,9.5626,12.5863,20.5263,145.0453,150.5531,0.1976,0.3107,168093.5829,99516.5178,cpu_stress,inventory-service,2026-06-09 14:40:00,2026-06-09 14:55:00,during_fault,4.465316,1
2026-06-09 14:41:15,375,EXP_FAULT_02,RUN_02,cpu_stress,1,currencyservice,currency-f02-06,online-boutique,node-a,0.2399,29.3622,0,147.8066,0.002833,5.2194,3.6863,9.9144,13.9157,20.9642,142.1655,147.3878,0.1154,0.3034,123387.017,122451.0243,cpu_stress,inventory-service,2026-06-09 14:40:00,2026-06-09 14:55:00,during_fault,4.3577967,1
2026-06-09 14:41:20,380,EXP_FAULT_02,RUN_02,cpu_stress,1,currencyservice,currency-f02-06,online-boutique,node-a,0.2425,28.854,0,152.5007,0.00279,5.469,3.7166,10.2723,12.5771,18.8976,146.9185,152.0753,0.1392,0.2862,154377.7424,123107.8936,cpu_stress,inventory-service,2026-06-09 14:40:00,2026-06-09 14:55:00,during_fault,4.5760603,1
2026-06-09 14:41:25,385,EXP_FAULT_02,RUN_02,cpu_stress,1,currencyservice,currency-f02-06,online-boutique,node-a,0.2276,28.6674,0,151.0331,0.002956,4.9906,3.3209,9.7233,12.7843,17.3722,145.7114,150.5867,0.1761,0.2704,136300.3239,106118.4144,cpu_stress,inventory-service,2026-06-09 14:40:00,2026-06-09 14:55:00,during_fault,3.4883068,1
2026-06-09 14:41:30,390,EXP_FAULT_02,RUN_02,cpu_stress,1,currencyservice,currency-f02-06,online-boutique,node-a,0.2282,29.061,0,148.8344,0.003003,4.9236,3.7787,9.4063,11.4776,18.7034,143.7447,148.3874,0.1725,0.2745,186069.7525,115764.9033,cpu_stress,inventory-service,2026-06-09 14:40:00,2026-06-09 14:55:00,during_fault,3.7425492,1
2026-06-09 14:41:35,395,EXP_FAULT_02,RUN_02,cpu_stress,1,currencyservice,currency-f02-06,online-boutique,node-a,0.2366,29.6741,0,153.0842,0.001915,5.2866,3.7471,9.2516,13.7771,18.2006,148.1484,152.7911,0.0418,0.2513,171657.5295,111424.9665,cpu_stress,inventory-service,2026-06-09 14:40:00,2026-06-09 14:55:00,during_fault,2.8584397,1
2026-06-09 14:41:40,400,EXP_FAULT_02,RUN_02,cpu_stress,1,currencyservice,currency-f02-06,online-boutique,node-a,0.2206,29.3441,0,150.4652,0.002701,5.1055,3.8475,8.5008,11.766,17.3823,145.7325,150.0589,0.1496,0.2567,158852.2093,130749.2136,cpu_stress,inventory-service,2026-06-09 14:40:00,2026-06-09 14:55:00,during_fault,4.690048,1
2026-06-09 14:41:45,405,EXP_FAULT_02,RUN_02,cpu_stress,1,currencyservice,currency-f02-06,online-boutique,node-a,0.227,28.5989,0,149.2676,0.001981,4.9197,3.5587,9.4268,10.8495,19.209,144.7577,148.9719,0.0456,0.2501,140499.0773,130751.1851,cpu_stress,inventory-service,2026-06-09 14:40:00,2026-06-09 14:55:00,during_fault,1.3527733,1
2026-06-09 14:41:50,410,EXP_FAULT_02,RUN_02,cpu_stress,1,currencyservice,currency-f02-06,online-boutique,node-a,0.2324,29.6521,0,147.7221,0.003034,5.5909,3.8714,9.8484,13.6699,21.0729,143.293,147.2739,0.2291,0.2191,138810.8958,110395.2202,cpu_stress,inventory-service,2026-06-09 14:40:00,2026-06-09 14:55:00,during_fault,7.9875593,1
2026-06-09 14:41:55,415,EXP_FAULT_02,RUN_02,cpu_stress,1,currencyservice,currency-f02-06,online-boutique,node-a,0.2446,29.752,0,148.1302,0.002592,5.2416,3.7627,9.0408,12.3347,18.5102,143.8245,147.7462,0.1644,0.2195,134482.8481,149394.4429,cpu_stress,inventory-service,2026-06-09 14:40:00,2026-06-09 14:55:00,during_fault,4.1394587,1
2026-06-09 14:42:00,420,EXP_FAULT_02,RUN_02,cpu_stress,1,currencyservice,currency-f02-06,online-boutique,node-a,0.2398,30.1096,0,150.4542,0.002337,5.5164,3.8588,9.3502,13.2312,19.2012,146.1898,150.1026,0.1111,0.2405,154274.2946,146923.9037,cpu_stress,inventory-service,2026-06-09 14:40:00,2026-06-09 14:55:00,during_fault,5.4372306,1
2026-06-09 14:42:05,425,EXP_FAULT_02,RUN_02,cpu_stress,1,currencyservice,currency-f02-06,online-boutique,node-a,0.2363,28.6111,0,147.4905,0.002631,4.5639,3.5602,7.8996,11.1642,16.7513,143.3058,147.1025,0.1908,0.1973,150786.4821,97428.9949,cpu_stress,inventory-service,2026-06-09 14:40:00,2026-06-09 14:55:00,during_fault,1.0751365,1
2026-06-09 14:42:10,430,EXP_FAULT_02,RUN_02,cpu_stress,1,currencyservice,currency-f02-06,online-boutique,node-a,0.234,29.3398,0,150.8082,0.003098,4.8502,3.5594,8.9002,12.1415,17.9859,146.5183,150.341,0.2355,0.2317,178272.6288,120649.7143,cpu_stress,inventory-service,2026-06-09 14:40:00,2026-06-09 14:55:00,during_fault,3.4823976,1
2026-06-09 14:42:15,435,EXP_FAULT_02,RUN_02,cpu_stress,1,currencyservice,currency-f02-06,online-boutique,node-a,0.2575,29.6879,0,150.8653,0.001879,5.0778,3.8298,9.3142,12.8309,17.3479,146.6544,150.5819,0.0915,0.1919,136911.7193,124983.9595,cpu_stress,inventory-service,2026-06-09 14:40:00,2026-06-09 14:55:00,during_fault,2.0190444,1
2026-06-09 14:42:20,440,EXP_FAULT_02,RUN_02,cpu_stress,1,currencyservice,currency-f02-06,online-boutique,node-a,0.2392,28.5084,0,149.0288,0.002736,4.757,3.3467,8.1298,10.945,18.4704,144.7815,148.621,0.1699,0.2379,144443.2353,97833.8674,cpu_stress,inventory-service,2026-06-09 14:40:00,2026-06-09 14:55:00,during_fault,1.5514526,1
2026-06-09 14:42:25,445,EXP_FAULT_02,RUN_02,cpu_stress,1,currencyservice,currency-f02-06,online-boutique,node-a,0.236,28.5508,0,150.8468,0.002437,5.4683,3.9216,9.3796,11.9502,19.1274,146.4979,150.4792,0.1509,0.2167,180788.294,110914.2308,cpu_stress,inventory-service,2026-06-09 14:40:00,2026-06-09 14:55:00,during_fault,3.740694,1
2026-06-09 14:42:30,450,EXP_FAULT_02,RUN_02,cpu_stress,1,currencyservice,currency-f02-06,online-boutique,node-a,0.2303,28.9741,0,148.7072,0.002791,5.6876,3.9647,9.6021,12.5987,18.7487,144.2704,148.2922,0.2011,0.214,159524.3906,96693.0773,cpu_stress,inventory-service,2026-06-09 14:40:00,2026-06-09 14:55:00,during_fault,6.857937,1
2026-06-09 14:42:35,455,EXP_FAULT_02,RUN_02,cpu_stress,1,currencyservice,currency-f02-06,online-boutique,node-a,0.2273,29.0941,0,150.9494,0.002289,5.4519,3.9691,10.0615,13.0552,19.9121,146.3442,150.604,0.1158,0.2297,151410.5403,146871.3606,cpu_stress,inventory-service,2026-06-09 14:40:00,2026-06-09 14:55:00,during_fault,4.364388,1
2026-06-09 14:42:40,460,EXP_FAULT_02,RUN_02,cpu_stress,1,currencyservice,currency-f02-06,online-boutique,node-a,0.2465,29.1519,0,151.0017,0.002561,5.5179,3.8784,10.7151,14.2555,21.9528,146.2245,150.615,0.1436,0.2432,188646.8512,111543.3183,cpu_stress,inventory-service,2026-06-09 14:40:00,2026-06-09 14:55:00,during_fault,4.5702257,1
2026-06-09 14:42:45,465,EXP_FAULT_02,RUN_02,cpu_stress,1,currencyservice,currency-f02-06,online-boutique,node-a,0.2381,28.5677,0,149.1805,0.001795,4.9408,3.331,8.8542,12.656,18.8543,144.3806,148.9127,0.04,0.2278,176065.5534,148807.7249,cpu_stress,inventory-service,2026-06-09 14:40:00,2026-06-09 14:55:00,during_fault,0.88655967,0
2026-06-09 14:42:50,470,EXP_FAULT_02,RUN_02,cpu_stress,1,currencyservice,currency-f02-06,online-boutique,node-a,0.2388,29.3479,0,155.6465,0.003085,4.882,3.3022,8.5063,11.7167,18.3833,150.385,155.1664,0.2187,0.2614,138441.8336,140944.7957,cpu_stress,inventory-service,2026-06-09 14:40:00,2026-06-09 14:55:00,during_fault,3.1493344,1
2026-06-09 14:42:55,475,EXP_FAULT_02,RUN_02,cpu_stress,1,currencyservice,currency-f02-06,online-boutique,node-a,0.2349,29.6375,0,152.0504,0.002615,5.7066,3.8528,9.9452,13.4165,20.5989,146.7075,151.6528,0.109,0.2886,186178.7118,147836.821,cpu_stress,inventory-service,2026-06-09 14:40:00,2026-06-09 14:55:00,during_fault,6.89577,1
2026-06-09 14:43:00,480,EXP_FAULT_02,RUN_02,cpu_stress,1,currencyservice,currency-f02-06,online-boutique,node-a,0.2426,29.5613,0,148.1286,0.002379,5.3169,3.6908,10.1501,12.6088,22.1135,142.733,147.7762,0.062,0.2904,142829.039,108950.7364,cpu_stress,inventory-service,2026-06-09 14:40:00,2026-06-09 14:55:00,during_fault,3.8733544,1
2026-06-09 14:43:05,485,EXP_FAULT_02,RUN_02,cpu_stress,1,currencyservice,currency-f02-06,online-boutique,node-a,0.2397,28.8703,0,149.9483,0.002744,5.2474,3.7839,9.7728,12.9407,20.63,144.2181,149.5369,0.1032,0.3082,187820.238,100958.2361,cpu_stress,inventory-service,2026-06-09 14:40:00,2026-06-09 14:55:00,during_fault,3.6581473,1
2026-06-09 14:43:10,490,EXP_FAULT_02,RUN_02,cpu_stress,1,currencyservice,currency-f02-06,online-boutique,node-a,0.2441,29.1325,0,151.0033,0.003224,5.5677,3.6777,9.9034,13.7123,20.9267,144.9733,150.5164,0.1952,0.2917,178593.2475,138467.9575,cpu_stress,inventory-service,2026-06-09 14:40:00,2026-06-09 14:55:00,during_fault,6.7090025,1
2026-06-09 14:43:15,495,EXP_FAULT_02,RUN_02,cpu_stress,1,currencyservice,currency-f02-06,online-boutique,node-a,0.2522,28.7739,0,154.1928,0.002479,5.3038,4.07,9.5236,13.2772,20.8316,147.8375,153.8105,0.0434,0.3389,192880.3873,160153.7963,cpu_stress,inventory-service,2026-06-09 14:40:00,2026-06-09 14:55:00,during_fault,2.788894,1
2026-06-09 14:43:20,500,EXP_FAULT_02,RUN_02,cpu_stress,1,currencyservice,currency-f02-06,online-boutique,node-a,0.2425,28.8288,0,159.9619,0.002439,5.7047,4.0283,10.0906,14.2538,24.5636,153.1224,159.5718,0.0451,0.345,163011.3611,151628.4065,cpu_stress,inventory-service,2026-06-09 14:40:00,2026-06-09 14:55:00,during_fault,4.448835,1
2026-06-09 14:43:25,505,EXP_FAULT_02,RUN_02,cpu_stress,1,currencyservice,currency-f02-06,online-boutique,node-a,0.2418,29.0932,0,150.4267,0.002724,5.5995,4.0289,10.4684,14.5824,20.4037,143.7304,150.0169,0.0705,0.3393,168384.7279,121744.3482,cpu_stress,inventory-service,2026-06-09 14:40:00,2026-06-09 14:55:00,during_fault,5.550977,1
2026-06-09 14:43:30,510,EXP_FAULT_02,RUN_02,cpu_stress,1,currencyservice,currency-f02-06,online-boutique,node-a,0.2374,28.8347,0,163.5568,0.003518,5.9359,4.0822,10.8858,15.0698,22.1943,155.9436,162.9814,0.2115,0.3638,205264.4797,114256.1422,cpu_stress,inventory-service,2026-06-09 14:40:00,2026-06-09 14:55:00,during_fault,9.421695,1
2026-06-09 14:43:35,515,EXP_FAULT_02,RUN_02,cpu_stress,1,currencyservice,currency-f02-06,online-boutique,node-a,0.2445,29.4097,0,162.0792,0.002849,5.7107,4.1648,10.0156,15.1191,23.2616,154.3628,161.6175,0.061,0.4008,176310.6873,122064.1629,cpu_stress,inventory-service,2026-06-09 14:40:00,2026-06-09 14:55:00,during_fault,6.102832,1
2026-06-09 14:43:40,520,EXP_FAULT_02,RUN_02,cpu_stress,1,currencyservice,currency-f02-06,online-boutique,node-a,0.2383,29.0869,0,167.7349,0.003825,5.5867,3.7142,10.7036,13.5974,24.9598,159.3986,167.0933,0.2142,0.4274,180588.3654,122583.6175,cpu_stress,inventory-service,2026-06-09 14:40:00,2026-06-09 14:55:00,during_fault,8.317461,1
2026-06-09 14:43:45,525,EXP_FAULT_02,RUN_02,cpu_stress,1,currencyservice,currency-f02-06,online-boutique,node-a,0.2551,28.6368,0,165.0743,0.00342,5.6134,3.9018,10.6811,15.5835,21.4674,156.7703,164.5098,0.1701,0.3944,203787.4732,153501.8789,cpu_stress,inventory-service,2026-06-09 14:40:00,2026-06-09 14:55:00,during_fault,5.4851656,1
2026-06-09 14:43:50,530,EXP_FAULT_02,RUN_02,cpu_stress,1,currencyservice,currency-f02-06,online-boutique,node-a,0.2423,29.4081,0,160.9785,0.003549,5.9087,4.4764,11.7962,15.4176,26.0415,152.6355,160.4071,0.1431,0.4283,161314.3827,139165.6318,cpu_stress,inventory-service,2026-06-09 14:40:00,2026-06-09 14:55:00,during_fault,10.081363,1
2026-06-09 14:43:55,535,EXP_FAULT_02,RUN_02,cpu_stress,1,currencyservice,currency-f02-06,online-boutique,node-a,0.2478,29.3708,0,163.1492,0.003117,6.3589,4.6208,12.61,17.4113,26.125,154.5871,162.6407,0.1172,0.3914,182000.0897,123552.0531,cpu_stress,inventory-service,2026-06-09 14:40:00,2026-06-09 14:55:00,during_fault,11.275724,1
2026-06-09 14:44:00,540,EXP_FAULT_02,RUN_02,cpu_stress,1,currencyservice,currency-f02-06,online-boutique,node-a,0.2316,29.5721,0,169.5545,0.003837,6.0017,4.2801,11.9727,16.4708,23.495,160.4062,168.904,0.2192,0.4314,195087.5474,151780.7592,cpu_stress,inventory-service,2026-06-09 14:40:00,2026-06-09 14:55:00,during_fault,13.07838,1
2026-06-09 14:44:05,545,EXP_FAULT_02,RUN_02,cpu_stress,1,currencyservice,currency-f02-06,online-boutique,node-a,0.2371,28.8049,0,165.6377,0.002921,6.1761,4.6049,11.9817,16.8939,24.446,156.6831,165.1538,0.0573,0.4266,181969.8536,146946.2603,cpu_stress,inventory-service,2026-06-09 14:40:00,2026-06-09 14:55:00,during_fault,8.774818,1
2026-06-09 14:44:10,550,EXP_FAULT_02,RUN_02,cpu_stress,1,currencyservice,currency-f02-06,online-boutique,node-a,0.2345,28.7071,0,172.4245,0.002926,6.1118,3.9579,10.8994,15.3301,27.143,163.0022,171.9199,0.0434,0.4611,181983.9673,116573.7568,cpu_stress,inventory-service,2026-06-09 14:40:00,2026-06-09 14:55:00,during_fault,8.084602,1
2026-06-09 14:44:15,555,EXP_FAULT_02,RUN_02,cpu_stress,1,currencyservice,currency-f02-06,online-boutique,node-a,0.2538,29.1138,0,170.6918,0.003355,5.9129,4.169,11.3636,15.2961,25.0639,161.2391,170.1191,0.1096,0.4631,204176.8343,135327.1484,cpu_stress,inventory-service,2026-06-09 14:40:00,2026-06-09 14:55:00,during_fault,7.4305983,1
2026-06-09 14:44:20,560,EXP_FAULT_02,RUN_02,cpu_stress,1,currencyservice,currency-f02-06,online-boutique,node-a,0.2383,29.4917,0,170.5269,0.0036,6.2313,4.3526,12.2763,16.7768,28.9884,161.0589,169.913,0.1451,0.4687,165078.5373,164354.6304,cpu_stress,inventory-service,2026-06-09 14:40:00,2026-06-09 14:55:00,during_fault,12.805223,1
2026-06-09 14:44:25,565,EXP_FAULT_02,RUN_02,cpu_stress,1,currencyservice,currency-f02-06,online-boutique,node-a,0.2383,29.4676,0,165.8407,0.003881,6.2832,4.6844,12.3389,17.2718,25.434,156.5961,165.1972,0.1996,0.444,192314.1509,124634.6906,cpu_stress,inventory-service,2026-06-09 14:40:00,2026-06-09 14:55:00,during_fault,14.789015,1
2026-06-09 14:44:30,570,EXP_FAULT_02,RUN_02,cpu_stress,1,currencyservice,currency-f02-06,online-boutique,node-a,0.2482,29.262,0,172.1285,0.004042,5.2217,3.8228,10.0807,15.0577,21.5064,162.5142,171.4328,0.2321,0.4636,142571.9901,142875.3078,cpu_stress,inventory-service,2026-06-09 14:40:00,2026-06-09 14:55:00,during_fault,6.068284,1
2026-06-09 14:44:35,575,EXP_FAULT_02,RUN_02,cpu_stress,1,currencyservice,currency-f02-06,online-boutique,node-a,0.2566,29.196,0,166.5865,0.004057,5.8917,4.1438,12.1718,16.018,27.185,157.3571,165.9106,0.2239,0.452,181155.4468,114957.9425,cpu_stress,inventory-service,2026-06-09 14:40:00,2026-06-09 14:55:00,during_fault,10.09636,1
2026-06-09 14:44:40,580,EXP_FAULT_02,RUN_02,cpu_stress,1,currencyservice,currency-f02-06,online-boutique,node-a,0.2454,29.4983,0,167.6981,0.004001,6.0022,4.1261,11.789,16.0085,25.8777,158.5736,167.0272,0.222,0.4489,152765.2837,158309.7885,cpu_stress,inventory-service,2026-06-09 14:40:00,2026-06-09 14:55:00,during_fault,12.148833,1
2026-06-09 14:44:45,585,EXP_FAULT_02,RUN_02,cpu_stress,1,currencyservice,currency-f02-06,online-boutique,node-a,0.2328,29.2233,0,173.0066,0.00363,6.2855,4.2519,11.2889,17.0666,27.913,163.7118,172.3786,0.2073,0.4207,210074.5811,167171.3831,cpu_stress,inventory-service,2026-06-09 14:40:00,2026-06-09 14:55:00,during_fault,13.355182,1
2026-06-09 14:44:50,590,EXP_FAULT_02,RUN_02,cpu_stress,1,currencyservice,currency-f02-06,online-boutique,node-a,0.236,28.928,0,163.8778,0.004168,6.2483,4.3843,12.8372,16.1191,27.1467,155.1328,163.1948,0.245,0.438,147872.2864,149273.04,cpu_stress,inventory-service,2026-06-09 14:40:00,2026-06-09 14:55:00,during_fault,15.07092,1
2026-06-09 14:44:55,595,EXP_FAULT_02,RUN_02,cpu_stress,1,currencyservice,currency-f02-06,online-boutique,node-a,0.2285,29.451,0,166.0865,0.002943,5.6091,4.2101,10.632,15.8124,23.638,157.5483,165.5978,0.052,0.4368,163564.9853,127035.1264,cpu_stress,inventory-service,2026-06-09 14:40:00,2026-06-09 14:55:00,during_fault,7.0444207,1
2026-06-09 14:45:00,600,EXP_FAULT_02,RUN_02,cpu_stress,1,currencyservice,currency-f02-06,online-boutique,node-a,0.2452,29.3818,0,166.3769,0.003357,5.945,4.2581,11.2373,15.9046,26.9367,157.9981,165.8185,0.1639,0.3946,145475.679,119884.6665,cpu_stress,inventory-service,2026-06-09 14:40:00,2026-06-09 14:55:00,during_fault,8.96756,1
2026-06-09 14:45:05,605,EXP_FAULT_02,RUN_02,cpu_stress,1,currencyservice,currency-f02-06,online-boutique,node-a,0.2577,28.8643,0,163.5655,0.003299,5.7864,4.0403,11.8084,15.6823,25.6631,155.555,163.0259,0.1468,0.3929,157533.0101,145765.5224,cpu_stress,inventory-service,2026-06-09 14:40:00,2026-06-09 14:55:00,during_fault,6.447212,1
2026-06-09 14:45:10,610,EXP_FAULT_02,RUN_02,cpu_stress,1,currencyservice,currency-f02-06,online-boutique,node-a,0.2257,29.5263,0,163.4097,0.002795,6.0382,4.3976,11.4283,15.9118,23.459,155.652,162.953,0.078,0.3786,178098.7241,148829.2724,cpu_stress,inventory-service,2026-06-09 14:40:00,2026-06-09 14:55:00,during_fault,9.932044,1
2026-06-09 14:45:15,615,EXP_FAULT_02,RUN_02,cpu_stress,1,currencyservice,currency-f02-06,online-boutique,node-a,0.2504,29.4729,0,165.6856,0.003163,5.4806,3.6833,11.0627,14.3168,23.2783,158.0196,165.1615,0.1512,0.3728,198060.8719,144206.5428,cpu_stress,inventory-service,2026-06-09 14:40:00,2026-06-09 14:55:00,during_fault,5.268619,1
2026-06-09 14:45:20,620,EXP_FAULT_02,RUN_02,cpu_stress,1,currencyservice,currency-f02-06,online-boutique,node-a,0.245,29.2095,0,161.7413,0.003497,6.1882,4.735,11.2206,17.1662,24.9709,154.4853,161.1757,0.22,0.3456,203207.354,107572.042,cpu_stress,inventory-service,2026-06-09 14:40:00,2026-06-09 14:55:00,during_fault,11.378041,1
2026-06-09 14:45:25,625,EXP_FAULT_02,RUN_02,cpu_stress,1,currencyservice,currency-f02-06,online-boutique,node-a,0.2386,28.8278,0,158.5942,0.003231,5.8575,3.9994,11.1411,15.9443,21.7776,151.7393,158.0818,0.1607,0.3516,140208.6572,115689.4315,cpu_stress,inventory-service,2026-06-09 14:40:00,2026-06-09 14:55:00,during_fault,8.016403,1
2026-06-09 14:45:30,630,EXP_FAULT_02,RUN_02,cpu_stress,1,currencyservice,currency-f02-06,online-boutique,node-a,0.2342,29.1253,0,161.8684,0.002735,5.8221,4.2027,10.5324,15.847,21.3642,155.1954,161.4256,0.1131,0.3297,167540.9883,134377.4229,cpu_stress,inventory-service,2026-06-09 14:40:00,2026-06-09 14:55:00,during_fault,6.7472124,1
2026-06-09 14:45:35,635,EXP_FAULT_02,RUN_02,cpu_stress,1,currencyservice,currency-f02-06,online-boutique,node-a,0.2372,29.1325,0,159.6631,0.002639,5.7305,3.8555,10.4404,14.9746,21.6088,153.3355,159.2417,0.1332,0.2881,132598.1306,108719.3368,cpu_stress,inventory-service,2026-06-09 14:40:00,2026-06-09 14:55:00,during_fault,5.804116,1
2026-06-09 14:45:40,640,EXP_FAULT_02,RUN_02,cpu_stress,1,currencyservice,currency-f02-06,online-boutique,node-a,0.2449,29.0943,0,154.6463,0.003111,5.7981,4.4079,10.748,13.5239,21.7593,148.6877,154.1652,0.1817,0.2993,194692.8365,158275.6889,cpu_stress,inventory-service,2026-06-09 14:40:00,2026-06-09 14:55:00,during_fault,7.473819,1
2026-06-09 14:45:45,645,EXP_FAULT_02,RUN_02,cpu_stress,1,currencyservice,currency-f02-06,online-boutique,node-a,0.2311,29.5256,0,162.2452,0.003552,5.4933,3.8969,10.4028,13.7099,19.5869,156.2666,161.6688,0.2586,0.3177,199038.4562,150366.4786,cpu_stress,inventory-service,2026-06-09 14:40:00,2026-06-09 14:55:00,during_fault,8.456529,1
2026-06-09 14:45:50,650,EXP_FAULT_02,RUN_02,cpu_stress,1,currencyservice,currency-f02-06,online-boutique,node-a,0.234,29.0996,0,155.4306,0.002616,5.5651,4.2743,9.8167,13.3264,19.6427,149.9588,155.0239,0.1471,0.2595,136609.5972,157664.0449,cpu_stress,inventory-service,2026-06-09 14:40:00,2026-06-09 14:55:00,during_fault,5.196519,1
2026-06-09 14:45:55,655,EXP_FAULT_02,RUN_02,cpu_stress,1,currencyservice,currency-f02-06,online-boutique,node-a,0.2358,29.2153,0,157.8955,0.002558,5.3907,3.6707,9.1312,13.9143,19.6806,152.5801,157.4916,0.1641,0.2398,138783.4322,146948.3185,cpu_stress,inventory-service,2026-06-09 14:40:00,2026-06-09 14:55:00,during_fault,4.0863814,1
2026-06-09 14:46:00,660,EXP_FAULT_02,RUN_02,cpu_stress,1,currencyservice,currency-f02-06,online-boutique,node-a,0.2518,28.9426,0,156.6956,0.002751,5.4108,3.6996,10.1391,12.6738,18.8655,151.6104,156.2646,0.1801,0.251,131173.1512,131918.4883,cpu_stress,inventory-service,2026-06-09 14:40:00,2026-06-09 14:55:00,during_fault,3.7715576,1
2026-06-09 14:46:05,665,EXP_FAULT_02,RUN_02,cpu_stress,1,currencyservice,currency-f02-06,online-boutique,node-a,0.2522,30.1128,0,158.0851,0.002525,5.3101,3.8603,8.9209,13.6062,18.2196,153.1146,157.686,0.1444,0.2547,193890.4591,140901.2969,cpu_stress,inventory-service,2026-06-09 14:40:00,2026-06-09 14:55:00,during_fault,3.9295838,1
2026-06-09 14:46:10,670,EXP_FAULT_02,RUN_02,cpu_stress,1,currencyservice,currency-f02-06,online-boutique,node-a,0.2294,28.8284,0,154.3242,0.002203,5.2755,3.8809,9.4751,11.9854,19.0003,149.635,153.9843,0.097,0.2429,180340.2121,156789.9654,cpu_stress,inventory-service,2026-06-09 14:40:00,2026-06-09 14:55:00,during_fault,2.8605304,1
2026-06-09 14:46:15,675,EXP_FAULT_02,RUN_02,cpu_stress,1,currencyservice,currency-f02-06,online-boutique,node-a,0.2345,29.6437,0,159.7554,0.002449,4.934,3.5425,9.3024,11.9551,17.6399,155.0364,159.3642,0.1312,0.26,158357.75,131638.9342,cpu_stress,inventory-service,2026-06-09 14:40:00,2026-06-09 14:55:00,during_fault,2.4576156,1
2026-06-09 14:46:20,680,EXP_FAULT_02,RUN_02,cpu_stress,1,currencyservice,currency-f02-06,online-boutique,node-a,0.235,29.6581,0,159.8499,0.002481,4.9197,3.4413,8.6771,10.9686,17.6956,155.2295,159.4533,0.1789,0.2177,143254.3643,107517.7036,cpu_stress,inventory-service,2026-06-09 14:40:00,2026-06-09 14:55:00,during_fault,2.453274,1
2026-06-09 14:46:25,685,EXP_FAULT_02,RUN_02,cpu_stress,1,currencyservice,currency-f02-06,online-boutique,node-a,0.2235,29.6596,0,155.1057,0.002755,4.8598,3.288,8.4232,11.1403,18.4759,150.662,154.6783,0.2078,0.2195,150547.562,144433.9375,cpu_stress,inventory-service,2026-06-09 14:40:00,2026-06-09 14:55:00,during_fault,3.8277218,1
2026-06-09 14:46:30,690,EXP_FAULT_02,RUN_02,cpu_stress,1,currencyservice,currency-f02-06,online-boutique,node-a,0.2336,29.3639,0,153.6069,0.002076,4.9764,3.7232,9.5511,12.4293,17.6635,149.3117,153.2881,0.1012,0.2177,161901.0885,128904.3765,cpu_stress,inventory-service,2026-06-09 14:40:00,2026-06-09 14:55:00,during_fault,1.8406521,1
2026-06-09 14:46:35,695,EXP_FAULT_02,RUN_02,cpu_stress,1,currencyservice,currency-f02-06,online-boutique,node-a,0.2329,29.5687,0,156.2255,0.002275,5.2467,3.9698,9.0005,12.8037,19.4215,151.8617,155.8701,0.1388,0.2166,189074.7886,139067.5584,cpu_stress,inventory-service,2026-06-09 14:40:00,2026-06-09 14:55:00,during_fault,3.383966,1
2026-06-09 14:46:40,700,EXP_FAULT_02,RUN_02,cpu_stress,1,currencyservice,currency-f02-06,online-boutique,node-a,0.2465,29.1411,0,154.6426,0.002783,4.9447,3.6697,8.79,11.389,17.274,150.2744,154.2123,0.2356,0.1948,126817.3668,125870.9616,cpu_stress,inventory-service,2026-06-09 14:40:00,2026-06-09 14:55:00,during_fault,2.2863324,1
2026-06-09 14:46:45,705,EXP_FAULT_02,RUN_02,cpu_stress,1,currencyservice,currency-f02-06,online-boutique,node-a,0.2442,28.9651,0,159.2102,0.002001,4.9398,3.4647,8.291,10.8044,18.6517,154.7253,158.8916,0.0897,0.2289,136534.2242,161678.2267,cpu_stress,inventory-service,2026-06-09 14:40:00,2026-06-09 14:55:00,during_fault,0.92579937,0
2026-06-09 14:46:50,710,EXP_FAULT_02,RUN_02,cpu_stress,1,currencyservice,currency-f02-06,online-boutique,node-a,0.2449,29.3497,0,159.9377,0.002926,5.6498,4.368,9.5576,12.9701,20.7596,155.2716,159.4698,0.2463,0.2216,158314.4315,116327.2532,cpu_stress,inventory-service,2026-06-09 14:40:00,2026-06-09 14:55:00,during_fault,5.9949865,1
2026-06-09 14:46:55,715,EXP_FAULT_02,RUN_02,cpu_stress,1,currencyservice,currency-f02-06,online-boutique,node-a,0.2389,29.3937,0,155.9766,0.002908,5.3851,3.866,9.9585,13.1088,18.0227,151.3461,155.5229,0.2247,0.229,132120.6504,103561.4657,cpu_stress,inventory-service,2026-06-09 14:40:00,2026-06-09 14:55:00,during_fault,5.0846343,1
2026-06-09 14:47:00,720,EXP_FAULT_02,RUN_02,cpu_stress,1,currencyservice,currency-f02-06,online-boutique,node-a,0.2295,29.6205,0,163.9496,0.00166,5.2176,4.0757,9.6207,11.8069,20.2326,159.028,163.6774,0.045,0.2271,184036.8719,110551.3239,cpu_stress,inventory-service,2026-06-09 14:40:00,2026-06-09 14:55:00,during_fault,2.2127495,1
2026-06-09 14:47:05,725,EXP_FAULT_02,RUN_02,cpu_stress,1,currencyservice,currency-f02-06,online-boutique,node-a,0.2454,28.5033,0,163.1665,0.002604,5.3612,3.9405,10.1192,13.3625,19.7737,158.0421,162.7416,0.1869,0.238,157034.4156,114037.9593,cpu_stress,inventory-service,2026-06-09 14:40:00,2026-06-09 14:55:00,during_fault,2.6773634,1
2026-06-09 14:47:10,730,EXP_FAULT_02,RUN_02,cpu_stress,1,currencyservice,currency-f02-06,online-boutique,node-a,0.2374,29.1128,0,159.6152,0.003343,4.9264,3.5229,8.7289,12.072,17.0933,154.3791,159.0815,0.2537,0.2799,194103.442,127621.5004,cpu_stress,inventory-service,2026-06-09 14:40:00,2026-06-09 14:55:00,during_fault,3.6848674,1
2026-06-09 14:47:15,735,EXP_FAULT_02,RUN_02,cpu_stress,1,currencyservice,currency-f02-06,online-boutique,node-a,0.2345,29.4284,0,157.0061,0.002813,4.7212,3.1856,8.1926,10.8585,18.7066,151.7127,156.5645,0.1717,0.27,142247.2705,131658.1329,cpu_stress,inventory-service,2026-06-09 14:40:00,2026-06-09 14:55:00,during_fault,2.3171365,1
2026-06-09 14:47:20,740,EXP_FAULT_02,RUN_02,cpu_stress,1,currencyservice,currency-f02-06,online-boutique,node-a,0.2239,29.2738,0,164.2947,0.003375,5.4582,3.7883,10.5144,13.5814,19.6722,158.4317,163.7402,0.2571,0.2974,208858.8744,109086.7345,cpu_stress,inventory-service,2026-06-09 14:40:00,2026-06-09 14:55:00,during_fault,7.984491,1
2026-06-09 14:47:25,745,EXP_FAULT_02,RUN_02,cpu_stress,1,currencyservice,currency-f02-06,online-boutique,node-a,0.2448,28.9106,0,159.6993,0.002216,5.7196,3.9562,10.2461,13.9882,20.7994,153.8923,159.3455,0.0818,0.272,139719.5851,135690.6401,cpu_stress,inventory-service,2026-06-09 14:40:00,2026-06-09 14:55:00,during_fault,4.034273,1
2026-06-09 14:47:30,750,EXP_FAULT_02,RUN_02,cpu_stress,1,currencyservice,currency-f02-06,online-boutique,node-a,0.2411,29.3512,0,160.5663,0.003483,5.4015,3.6265,10.3229,13.5957,22.7357,154.3534,160.007,0.2395,0.3198,171814.3268,161204.178,cpu_stress,inventory-service,2026-06-09 14:40:00,2026-06-09 14:55:00,during_fault,6.466647,1
2026-06-09 14:47:35,755,EXP_FAULT_02,RUN_02,cpu_stress,1,currencyservice,currency-f02-06,online-boutique,node-a,0.2369,29.3869,0,157.6253,0.003003,5.711,4.3906,11.2635,14.4836,22.0402,151.3087,157.1519,0.1893,0.284,129876.8068,105993.7758,cpu_stress,inventory-service,2026-06-09 14:40:00,2026-06-09 14:55:00,during_fault,7.3168564,1
2026-06-09 14:47:40,760,EXP_FAULT_02,RUN_02,cpu_stress,1,currencyservice,currency-f02-06,online-boutique,node-a,0.2456,29.2548,0,152.7057,0.002571,5.3406,4.0704,9.1438,12.7072,19.2327,146.3982,152.3132,0.071,0.3215,173998.0235,143112.6625,cpu_stress,inventory-service,2026-06-09 14:40:00,2026-06-09 14:55:00,during_fault,3.7439752,1
2026-06-09 14:47:45,765,EXP_FAULT_02,RUN_02,cpu_stress,1,currencyservice,currency-f02-06,online-boutique,node-a,0.2343,29.671,0,155.47,0.003309,5.3364,4.0339,9.5167,14.6612,20.91,148.7789,154.9556,0.1721,0.3423,141539.2791,129350.4963,cpu_stress,inventory-service,2026-06-09 14:40:00,2026-06-09 14:55:00,during_fault,6.806115,1
2026-06-09 14:47:50,770,EXP_FAULT_02,RUN_02,cpu_stress,1,currencyservice,currency-f02-06,online-boutique,node-a,0.2232,28.6892,0,159.9801,0.002964,5.6381,4.1775,10.3593,14.5976,24.0528,152.866,159.5059,0.1412,0.333,163051.224,115509.7573,cpu_stress,inventory-service,2026-06-09 14:40:00,2026-06-09 14:55:00,during_fault,6.89227,1
2026-06-09 14:47:55,775,EXP_FAULT_02,RUN_02,cpu_stress,1,currencyservice,currency-f02-06,online-boutique,node-a,0.2189,29.1417,0,151.4406,0.002654,5.6054,3.8955,10.4434,15.1038,23.1837,144.4665,151.0387,0.0771,0.3248,129221.5065,149856.6782,cpu_stress,inventory-service,2026-06-09 14:40:00,2026-06-09 14:55:00,during_fault,7.0498896,1
2026-06-09 14:48:00,780,EXP_FAULT_02,RUN_02,cpu_stress,1,currencyservice,currency-f02-06,online-boutique,node-a,0.2406,29.5779,0,152.0264,0.002892,6.4596,4.5696,12.5149,17.0114,26.4485,144.7847,151.5868,0.0926,0.347,171224.1351,142051.2258,cpu_stress,inventory-service,2026-06-09 14:40:00,2026-06-09 14:55:00,during_fault,13.224109,1
2026-06-09 14:48:05,785,EXP_FAULT_02,RUN_02,cpu_stress,1,currencyservice,currency-f02-06,online-boutique,node-a,0.2277,29.3441,0,153.6009,0.003629,5.424,3.9716,11.0823,13.5375,24.4248,146.0634,153.0434,0.1923,0.3652,143302.5945,117111.0912,cpu_stress,inventory-service,2026-06-09 14:40:00,2026-06-09 14:55:00,during_fault,8.674756,1
2026-06-09 14:48:10,790,EXP_FAULT_02,RUN_02,cpu_stress,1,currencyservice,currency-f02-06,online-boutique,node-a,0.2298,29.3444,0,144.0943,0.002637,5.2613,3.753,9.302,13.1018,23.4836,136.8844,143.7142,0.0485,0.3315,183665.9553,97427.9745,cpu_stress,inventory-service,2026-06-09 14:40:00,2026-06-09 14:55:00,during_fault,4.762689,1
2026-06-09 14:48:15,795,EXP_FAULT_02,RUN_02,cpu_stress,1,currencyservice,currency-f02-06,online-boutique,node-a,0.2259,29.9567,0,149.8396,0.003158,6.2736,4.5592,11.5799,17.933,26.1426,142.1224,149.3664,0.1175,0.3558,145720.6301,155252.0839,cpu_stress,inventory-service,2026-06-09 14:40:00,2026-06-09 14:55:00,during_fault,15.104521,1
2026-06-09 14:48:20,800,EXP_FAULT_02,RUN_02,cpu_stress,1,currencyservice,currency-f02-06,online-boutique,node-a,0.239,29.1234,0,146.2519,0.003916,5.9639,4.0907,12.0719,16.213,23.0348,138.5144,145.6792,0.1762,0.3965,176072.2313,96153.2182,cpu_stress,inventory-service,2026-06-09 14:40:00,2026-06-09 14:55:00,during_fault,12.884218,1
2026-06-09 14:48:25,805,EXP_FAULT_02,RUN_02,cpu_stress,1,currencyservice,currency-f02-06,online-boutique,node-a,0.2333,29.3168,0,142.5088,0.003814,5.7396,3.9336,11.6742,15.6159,23.4417,134.8037,141.9653,0.1977,0.3458,142458.2627,116323.6933,cpu_stress,inventory-service,2026-06-09 14:40:00,2026-06-09 14:55:00,during_fault,11.754797,1
2026-06-09 14:48:30,810,EXP_FAULT_02,RUN_02,cpu_stress,1,currencyservice,currency-f02-06,online-boutique,node-a,0.244,29.0866,0,144.965,0.003259,5.4766,4.0434,10.6497,15.7606,21.5189,137.0966,144.4925,0.0787,0.3938,179130.2022,139120.2983,cpu_stress,inventory-service,2026-06-09 14:40:00,2026-06-09 14:55:00,during_fault,6.62935,1
2026-06-09 14:48:35,815,EXP_FAULT_02,RUN_02,cpu_stress,1,currencyservice,currency-f02-06,online-boutique,node-a,0.2253,29.0984,0,143.0263,0.003105,5.7786,3.8705,11.4271,16.21,23.5181,135.2075,142.5823,0.078,0.366,135119.3275,145220.7118,cpu_stress,inventory-service,2026-06-09 14:40:00,2026-06-09 14:55:00,during_fault,9.511685,1
2026-06-09 14:48:40,820,EXP_FAULT_02,RUN_02,cpu_stress,1,currencyservice,currency-f02-06,online-boutique,node-a,0.2371,28.9622,0,142.7053,0.003254,6.2714,4.248,12.2515,18.085,28.4493,134.8275,142.2409,0.0709,0.3934,168115.9778,135805.7191,cpu_stress,inventory-service,2026-06-09 14:40:00,2026-06-09 14:55:00,during_fault,12.922038,1
2026-06-09 14:48:45,825,EXP_FAULT_02,RUN_02,cpu_stress,1,currencyservice,currency-f02-06,online-boutique,node-a,0.2226,29.4623,0,137.6144,0.003006,5.5471,3.9281,10.1292,15.9681,22.3005,130.0219,137.2007,0.0678,0.3459,158817.5565,134100.0044,cpu_stress,inventory-service,2026-06-09 14:40:00,2026-06-09 14:55:00,during_fault,8.697225,1
2026-06-09 14:48:50,830,EXP_FAULT_02,RUN_02,cpu_stress,1,currencyservice,currency-f02-06,online-boutique,node-a,0.2312,29.0274,0,137.176,0.004165,6.0293,4.4388,10.7336,16.2937,26.1672,129.5426,136.6047,0.1976,0.3737,157460.8509,135154.7364,cpu_stress,inventory-service,2026-06-09 14:40:00,2026-06-09 14:55:00,during_fault,15.9385395,1
2026-06-09 14:48:55,835,EXP_FAULT_02,RUN_02,cpu_stress,1,currencyservice,currency-f02-06,online-boutique,node-a,0.2316,29.4769,0,134.6403,0.003765,5.5587,3.8672,10.5945,14.3075,24.8353,127.1517,134.1334,0.1442,0.3627,139681.8677,121471.6832,cpu_stress,inventory-service,2026-06-09 14:40:00,2026-06-09 14:55:00,during_fault,11.1631365,1
2026-06-09 14:49:00,840,EXP_FAULT_02,RUN_02,cpu_stress,1,currencyservice,currency-f02-06,online-boutique,node-a,0.2384,29.626,0,142.9488,0.003967,5.3289,3.8866,10.4727,15.0355,23.6751,135.0514,142.3817,0.1828,0.3843,159112.3876,116509.2897,cpu_stress,inventory-service,2026-06-09 14:40:00,2026-06-09 14:55:00,during_fault,9.345453,1
2026-06-09 14:49:05,845,EXP_FAULT_02,RUN_02,cpu_stress,1,currencyservice,currency-f02-06,online-boutique,node-a,0.2365,29.6882,0,138.0273,0.003859,5.5484,3.8853,10.6596,15.2858,21.7317,130.4789,137.4946,0.1505,0.3821,166824.9783,143165.166,cpu_stress,inventory-service,2026-06-09 14:40:00,2026-06-09 14:55:00,during_fault,11.217417,1
2026-06-09 14:49:10,850,EXP_FAULT_02,RUN_02,cpu_stress,1,currencyservice,currency-f02-06,online-boutique,node-a,0.2306,29.709,0,139.2862,0.003685,5.7194,3.918,11.0111,14.4943,25.9584,131.8101,138.773,0.1662,0.347,140140.5055,104306.675,cpu_stress,inventory-service,2026-06-09 14:40:00,2026-06-09 14:55:00,during_fault,12.323021,1
2026-06-09 14:49:15,855,EXP_FAULT_02,RUN_02,cpu_stress,1,currencyservice,currency-f02-06,online-boutique,node-a,0.2541,29.2201,0,133.8628,0.003071,5.0292,3.2981,9.7405,13.1503,21.5197,126.8295,133.4518,0.0791,0.3319,113523.4311,98888.6474,cpu_stress,inventory-service,2026-06-09 14:40:00,2026-06-09 14:55:00,during_fault,4.5425463,1
2026-06-09 14:49:20,860,EXP_FAULT_02,RUN_02,cpu_stress,1,currencyservice,currency-f02-06,online-boutique,node-a,0.241,29.1531,0,138.1711,0.00359,6.0202,4.582,11.4729,15.5637,24.3766,131.015,137.6751,0.1431,0.3529,121205.0527,101548.2236,cpu_stress,inventory-service,2026-06-09 14:40:00,2026-06-09 14:55:00,during_fault,12.683226,1
2026-06-09 14:49:25,865,EXP_FAULT_02,RUN_02,cpu_stress,1,currencyservice,currency-f02-06,online-boutique,node-a,0.2354,29.3829,0,143.263,0.002867,5.6197,3.8062,10.9502,13.7615,24.4546,136.0678,142.8523,0.0488,0.3619,157484.9557,94546.131,cpu_stress,inventory-service,2026-06-09 14:40:00,2026-06-09 14:55:00,during_fault,7.2869287,1
2026-06-09 14:49:30,870,EXP_FAULT_02,RUN_02,cpu_stress,1,currencyservice,currency-f02-06,online-boutique,node-a,0.2448,29.4851,0,138.4899,0.003438,5.6606,4.1631,11.5727,14.134,23.2086,131.6796,138.0138,0.1571,0.319,142185.416,111511.4315,cpu_stress,inventory-service,2026-06-09 14:40:00,2026-06-09 14:55:00,during_fault,9.587729,1
2026-06-09 14:49:35,875,EXP_FAULT_02,RUN_02,cpu_stress,1,currencyservice,currency-f02-06,online-boutique,node-a,0.2359,29.5124,0,137.8161,0.003595,4.9733,3.3792,9.8826,12.86,21.3694,131.2068,137.3207,0.1862,0.3093,116859.0994,127182.4495,cpu_stress,inventory-service,2026-06-09 14:40:00,2026-06-09 14:55:00,during_fault,6.0701265,1
2026-06-09 14:49:40,880,EXP_FAULT_02,RUN_02,cpu_stress,1,currencyservice,currency-f02-06,online-boutique,node-a,0.2333,29.6382,0,136.1298,0.003684,5.28,3.8992,9.8409,14.093,19.8657,129.7661,135.6282,0.2158,0.2858,152156.7442,91907.9863,cpu_stress,inventory-service,2026-06-09 14:40:00,2026-06-09 14:55:00,during_fault,8.819196,1
2026-06-09 14:49:45,885,EXP_FAULT_02,RUN_02,cpu_stress,1,currencyservice,currency-f02-06,online-boutique,node-a,0.2278,29.4559,0,144.1322,0.003756,6.0863,4.6181,12.0376,15.2564,25.2633,137.6296,143.5908,0.2129,0.3284,135082.3141,145737.9564,cpu_stress,inventory-service,2026-06-09 14:40:00,2026-06-09 14:55:00,during_fault,15.198494,1
2026-06-09 14:49:50,890,EXP_FAULT_02,RUN_02,cpu_stress,1,currencyservice,currency-f02-06,online-boutique,node-a,0.2269,29.3694,0,140.9667,0.003172,5.7796,3.7978,11.0346,15.1739,25.1896,134.8971,140.5195,0.1308,0.3164,133954.8402,124290.7741,cpu_stress,inventory-service,2026-06-09 14:40:00,2026-06-09 14:55:00,during_fault,10.24271,1
2026-06-09 14:49:55,895,EXP_FAULT_02,RUN_02,cpu_stress,1,currencyservice,currency-f02-06,online-boutique,node-a,0.2413,28.9185,0,145.9057,0.002832,5.3634,4.0257,9.3028,13.7896,20.6656,139.8671,145.4925,0.1347,0.2785,133118.9075,106610.8912,cpu_stress,inventory-service,2026-06-09 14:40:00,2026-06-09 14:55:00,during_fault,4.661359,1
2026-06-09 14:50:00,900,EXP_FAULT_02,RUN_02,cpu_stress,1,currencyservice,currency-f02-06,online-boutique,node-a,0.234,29.2517,0,142.6453,0.003168,4.9293,3.6853,9.1969,13.0423,20.3935,136.9339,142.1935,0.1591,0.2927,123967.3875,140448.0893,cpu_stress,inventory-service,2026-06-09 14:40:00,2026-06-09 14:55:00,during_fault,4.1979265,1
2026-06-09 14:50:05,905,EXP_FAULT_02,RUN_02,cpu_stress,1,currencyservice,currency-f02-06,online-boutique,node-a,0.2411,29.2819,0,141.5111,0.003509,5.4756,3.695,10.3501,14.2984,20.9256,136.0853,141.0146,0.2237,0.2728,151500.9335,104025.2841,cpu_stress,inventory-service,2026-06-09 14:40:00,2026-06-09 14:55:00,during_fault,8.090154,1
2026-06-09 14:50:10,910,EXP_FAULT_02,RUN_02,cpu_stress,1,currencyservice,currency-f02-06,online-boutique,node-a,0.227,28.256,0,148.004,0.002193,5.2853,3.7533,9.1719,13.2355,19.7506,142.6261,147.6794,0.0631,0.2615,174009.0975,124283.6867,cpu_stress,inventory-service,2026-06-09 14:40:00,2026-06-09 14:55:00,during_fault,2.6680973,1
2026-06-09 14:50:15,915,EXP_FAULT_02,RUN_02,cpu_stress,1,currencyservice,currency-f02-06,online-boutique,node-a,0.2431,29.2957,0,141.44,0.002102,5.4081,3.9273,9.5231,12.3549,20.323,136.5109,141.1427,0.0539,0.2433,148333.4441,130383.9898,cpu_stress,inventory-service,2026-06-09 14:40:00,2026-06-09 14:55:00,during_fault,3.9039283,1
2026-06-09 14:50:20,920,EXP_FAULT_02,RUN_02,cpu_stress,1,currencyservice,currency-f02-06,online-boutique,node-a,0.2318,29.0514,0,145.7012,0.003125,5.4545,3.6249,9.7287,12.8994,20.7076,140.7072,145.2458,0.2032,0.2521,141880.136,132981.4035,cpu_stress,inventory-service,2026-06-09 14:40:00,2026-06-09 14:55:00,during_fault,6.678981,1
2026-06-09 14:50:25,925,EXP_FAULT_02,RUN_02,cpu_stress,1,currencyservice,currency-f02-06,online-boutique,node-a,0.2335,29.5665,0,144.0714,0.002656,5.8977,4.1569,10.8236,15.2421,21.1596,139.3432,143.6887,0.1612,0.2215,131501.9243,111476.02,cpu_stress,inventory-service,2026-06-09 14:40:00,2026-06-09 14:55:00,during_fault,8.872329,1
2026-06-09 14:50:30,930,EXP_FAULT_02,RUN_02,cpu_stress,1,currencyservice,currency-f02-06,online-boutique,node-a,0.242,29.5237,0,146.2327,0.003004,5.0509,3.7295,8.9191,11.7256,17.5214,141.5941,145.7934,0.1921,0.2473,130340.9297,131037.9137,cpu_stress,inventory-service,2026-06-09 14:40:00,2026-06-09 14:55:00,during_fault,4.124974,1
2026-06-09 14:50:35,935,EXP_FAULT_02,RUN_02,cpu_stress,1,currencyservice,currency-f02-06,online-boutique,node-a,0.2294,29.2892,0,143.9414,0.002683,5.293,4.0313,9.6144,12.1993,17.4155,139.5249,143.5552,0.1829,0.2033,135193.8717,143627.1318,cpu_stress,inventory-service,2026-06-09 14:40:00,2026-06-09 14:55:00,during_fault,5.0165367,1
2026-06-09 14:50:40,940,EXP_FAULT_02,RUN_02,cpu_stress,1,currencyservice,currency-f02-06,online-boutique,node-a,0.2304,29.5597,0,144.0453,0.002348,5.7242,3.8281,11.0295,14.6662,19.2199,139.7909,143.7071,0.1271,0.2112,153948.6073,144771.1131,cpu_stress,inventory-service,2026-06-09 14:40:00,2026-06-09 14:55:00,during_fault,6.881032,1
2026-06-09 14:50:45,945,EXP_FAULT_02,RUN_02,cpu_stress,1,currencyservice,currency-f02-06,online-boutique,node-a,0.228,29.8646,0,137.9789,0.00289,5.1625,3.9902,8.8073,12.2174,18.21,133.9653,137.5801,0.2072,0.1916,121533.5913,126746.2475,cpu_stress,inventory-service,2026-06-09 14:40:00,2026-06-09 14:55:00,during_fault,6.0518084,1
2026-06-09 14:50:50,950,EXP_FAULT_02,RUN_02,cpu_stress,1,currencyservice,currency-f02-06,online-boutique,node-a,0.2414,29.2171,0,143.0982,0.002305,4.9917,3.3838,9.4045,11.0942,16.2729,139.0526,142.7683,0.1313,0.1986,156632.9344,101498.7238,cpu_stress,inventory-service,2026-06-09 14:40:00,2026-06-09 14:55:00,during_fault,2.346786,1
2026-06-09 14:50:55,955,EXP_FAULT_02,RUN_02,cpu_stress,1,currencyservice,currency-f02-06,online-boutique,node-a,0.2348,29.4152,0,141.9835,0.00314,4.8134,3.6363,9.1938,11.8336,16.8862,137.921,141.5377,0.2264,0.2194,179440.6618,147184.7434,cpu_stress,inventory-service,2026-06-09 14:40:00,2026-06-09 14:55:00,during_fault,3.7517502,1
2026-06-09 14:51:00,960,EXP_FAULT_02,RUN_02,cpu_stress,1,currencyservice,currency-f02-06,online-boutique,node-a,0.2447,28.9759,0,141.0982,0.00275,4.9076,3.4111,9.3131,11.5023,18.9293,137.1189,140.7102,0.1941,0.1939,134660.4816,106006.2782,cpu_stress,inventory-service,2026-06-09 14:40:00,2026-06-09 14:55:00,during_fault,2.666757,1
2026-06-09 14:51:05,965,EXP_FAULT_02,RUN_02,cpu_stress,1,currencyservice,currency-f02-06,online-boutique,node-a,0.2369,29.5464,0,140.3603,0.002811,4.9262,3.7991,9.4573,11.0105,16.7103,136.3452,139.9658,0.1894,0.2051,128876.7314,96530.9335,cpu_stress,inventory-service,2026-06-09 14:40:00,2026-06-09 14:55:00,during_fault,3.6159203,1
2026-06-09 14:51:10,970,EXP_FAULT_02,RUN_02,cpu_stress,1,currencyservice,currency-f02-06,online-boutique,node-a,0.2452,29.1999,0,140.1266,0.002049,5.4192,3.6298,8.955,13.4371,18.3051,136.1431,139.8395,0.1016,0.1855,173971.237,108797.0087,cpu_stress,inventory-service,2026-06-09 14:40:00,2026-06-09 14:55:00,during_fault,3.8620057,1
2026-06-09 14:51:15,975,EXP_FAULT_02,RUN_02,cpu_stress,1,currencyservice,currency-f02-06,online-boutique,node-a,0.238,29.1365,0,140.6008,0.002783,4.956,3.7187,8.1645,11.7501,19.2504,136.4662,140.2094,0.1745,0.2168,119294.7479,121209.1644,cpu_stress,inventory-service,2026-06-09 14:40:00,2026-06-09 14:55:00,during_fault,3.2381225,1
2026-06-09 14:51:20,980,EXP_FAULT_02,RUN_02,cpu_stress,1,currencyservice,currency-f02-06,online-boutique,node-a,0.2349,28.993,0,139.2168,0.001991,4.5418,3.5064,7.9635,10.831,15.6033,135.1325,138.9396,0.0689,0.2082,136563.8075,138999.6011,cpu_stress,inventory-service,2026-06-09 14:40:00,2026-06-09 14:55:00,during_fault,0.72879535,0
2026-06-09 14:51:25,985,EXP_FAULT_02,RUN_02,cpu_stress,1,currencyservice,currency-f02-06,online-boutique,node-a,0.2422,29.4438,0,140.0618,0.002103,5.2858,3.6514,9.5026,12.8193,20.8055,135.8063,139.7673,0.098,0.1965,115832.5958,122823.738,cpu_stress,inventory-service,2026-06-09 14:40:00,2026-06-09 14:55:00,during_fault,3.5712013,1
2026-06-09 14:51:30,990,EXP_FAULT_02,RUN_02,cpu_stress,1,currencyservice,currency-f02-06,online-boutique,node-a,0.2396,29.3722,0,139.3601,0.003143,4.5208,3.5174,8.2133,10.161,16.5504,134.9459,138.9221,0.2135,0.2245,126971.7503,117523.0815,cpu_stress,inventory-service,2026-06-09 14:40:00,2026-06-09 14:55:00,during_fault,2.4010627,1
2026-06-09 14:51:35,995,EXP_FAULT_02,RUN_02,cpu_stress,1,currencyservice,currency-f02-06,online-boutique,node-a,0.2284,28.9647,0,139.5162,0.002118,4.8187,3.2254,8.5882,11.1656,16.6096,135.0092,139.2208,0.044,0.2514,157290.5461,113164.8944,cpu_stress,inventory-service,2026-06-09 14:40:00,2026-06-09 14:55:00,during_fault,1.7110016,1
2026-06-09 14:51:40,1000,EXP_FAULT_02,RUN_02,cpu_stress,1,currencyservice,currency-f02-06,online-boutique,node-a,0.2379,28.783,0,139.9552,0.001921,5.0024,3.7886,9.6462,11.4322,18.8386,135.2696,139.6864,0.0381,0.2307,148763.9372,107259.9883,cpu_stress,inventory-service,2026-06-09 14:40:00,2026-06-09 14:55:00,during_fault,1.6969173,1
2026-06-09 14:51:45,1005,EXP_FAULT_02,RUN_02,cpu_stress,1,currencyservice,currency-f02-06,online-boutique,node-a,0.2278,30.1284,0,137.4258,0.002546,5.1712,3.8682,9.1027,13.3842,21.3334,132.6134,137.0759,0.1237,0.2262,165446.8529,130767.2931,cpu_stress,inventory-service,2026-06-09 14:40:00,2026-06-09 14:55:00,during_fault,5.508973,1
2026-06-09 14:51:50,1010,EXP_FAULT_02,RUN_02,cpu_stress,1,currencyservice,currency-f02-06,online-boutique,node-a,0.2376,29.2611,0,137.6227,0.00293,5.1618,3.9404,10.0816,12.4175,20.4859,132.5486,137.2194,0.1612,0.2421,131831.0872,120020.4323,cpu_stress,inventory-service,2026-06-09 14:40:00,2026-06-09 14:55:00,during_fault,4.883751,1
2026-06-09 14:51:55,1015,EXP_FAULT_02,RUN_02,cpu_stress,1,currencyservice,currency-f02-06,online-boutique,node-a,0.2118,29.22,0,135.393,0.002417,5.1579,3.7319,9.6474,12.2689,20.6145,130.2451,135.0657,0.0824,0.2449,167466.8003,105893.2851,cpu_stress,inventory-service,2026-06-09 14:40:00,2026-06-09 14:55:00,during_fault,5.163247,1
2026-06-09 14:52:00,1020,EXP_FAULT_02,RUN_02,cpu_stress,1,currencyservice,currency-f02-06,online-boutique,node-a,0.2334,28.8293,0,135.7849,0.003486,5.8841,4.1875,10.551,15.2289,21.6467,130.3721,135.3116,0.2005,0.2728,152058.1736,119727.7582,cpu_stress,inventory-service,2026-06-09 14:40:00,2026-06-09 14:55:00,during_fault,11.2478075,1
2026-06-09 14:52:05,1025,EXP_FAULT_02,RUN_02,cpu_stress,1,currencyservice,currency-f02-06,online-boutique,node-a,0.2251,28.8752,0,137.0757,0.002634,5.7212,4.2097,10.092,14.922,22.0877,131.4167,136.7146,0.0699,0.2912,131743.7055,101800.0333,cpu_stress,inventory-service,2026-06-09 14:40:00,2026-06-09 14:55:00,during_fault,7.5149965,1
2026-06-09 14:52:10,1030,EXP_FAULT_02,RUN_02,cpu_stress,1,currencyservice,currency-f02-06,online-boutique,node-a,0.2288,29.2577,0,141.6744,0.002491,6.2556,4.7277,11.2242,16.6872,24.7581,135.6207,141.3214,0.0616,0.2914,154668.9735,118761.3479,cpu_stress,inventory-service,2026-06-09 14:40:00,2026-06-09 14:55:00,during_fault,11.110732,1
2026-06-09 14:52:15,1035,EXP_FAULT_02,RUN_02,cpu_stress,1,currencyservice,currency-f02-06,online-boutique,node-a,0.2221,29.5687,0,138.6412,0.003507,5.1012,3.8225,9.4667,12.9859,19.4579,132.4058,138.155,0.195,0.2912,169544.9479,94151.958,cpu_stress,inventory-service,2026-06-09 14:40:00,2026-06-09 14:55:00,during_fault,7.7222147,1
2026-06-09 14:52:20,1040,EXP_FAULT_02,RUN_02,cpu_stress,1,currencyservice,currency-f02-06,online-boutique,node-a,0.2426,30.0273,0,142.5148,0.00285,4.7891,3.3019,9.229,11.656,21.2953,135.9497,142.1086,0.08,0.3262,163752.7065,146519.8427,cpu_stress,inventory-service,2026-06-09 14:40:00,2026-06-09 14:55:00,during_fault,3.3135293,1
2026-06-09 14:52:25,1045,EXP_FAULT_02,RUN_02,cpu_stress,1,currencyservice,currency-f02-06,online-boutique,node-a,0.2197,29.3954,0,141.9383,0.002975,4.8064,3.5491,9.0053,11.6573,20.7893,135.1663,141.5159,0.096,0.3263,176561.3593,100543.4541,cpu_stress,inventory-service,2026-06-09 14:40:00,2026-06-09 14:55:00,during_fault,4.3795257,1
2026-06-09 14:52:30,1050,EXP_FAULT_02,RUN_02,cpu_stress,1,currencyservice,currency-f02-06,online-boutique,node-a,0.2367,29.1039,0,137.2313,0.002795,5.298,3.7098,9.6973,14.7222,21.7247,130.5139,136.8478,0.0418,0.3418,169614.5777,111655.6549,cpu_stress,inventory-service,2026-06-09 14:40:00,2026-06-09 14:55:00,during_fault,5.1581907,1
2026-06-09 14:52:35,1055,EXP_FAULT_02,RUN_02,cpu_stress,1,currencyservice,currency-f02-06,online-boutique,node-a,0.2481,29.4286,0,141.8369,0.002738,5.1827,3.6025,10.1502,13.1372,22.3271,134.712,141.4486,0.0586,0.3297,158676.9952,142078.7055,cpu_stress,inventory-service,2026-06-09 14:40:00,2026-06-09 14:55:00,during_fault,4.184771,1
2026-06-09 14:52:40,1060,EXP_FAULT_02,RUN_02,cpu_stress,1,currencyservice,currency-f02-06,online-boutique,node-a,0.2461,29.3054,0,141.6021,0.003352,5.2044,3.7276,10.323,14.7546,20.261,134.2792,141.1274,0.1036,0.371,143339.9181,112893.6821,cpu_stress,inventory-service,2026-06-09 14:40:00,2026-06-09 14:55:00,during_fault,5.710364,1
2026-06-09 14:52:45,1065,EXP_FAULT_02,RUN_02,cpu_stress,1,currencyservice,currency-f02-06,online-boutique,node-a,0.2387,29.5626,0,148.9613,0.003747,6.0253,4.0185,11.8915,16.959,25.8557,141.1143,148.4031,0.1585,0.3997,130451.6644,111072.8065,cpu_stress,inventory-service,2026-06-09 14:40:00,2026-06-09 14:55:00,during_fault,13.363853,1
2026-06-09 14:52:50,1070,EXP_FAULT_02,RUN_02,cpu_stress,1,currencyservice,currency-f02-06,online-boutique,node-a,0.228,29.2383,0,140.041,0.003833,5.4106,3.519,10.7297,14.3822,22.629,132.5115,139.5042,0.1932,0.3436,170805.8123,106391.4525,cpu_stress,inventory-service,2026-06-09 14:40:00,2026-06-09 14:55:00,during_fault,9.816187,1
2026-06-09 14:52:55,1075,EXP_FAULT_02,RUN_02,cpu_stress,1,currencyservice,currency-f02-06,online-boutique,node-a,0.2342,28.9772,0,146.8957,0.004081,5.3181,3.5178,10.0694,13.5782,24.7736,138.8534,146.2963,0.2186,0.3808,146698.2633,150411.389,cpu_stress,inventory-service,2026-06-09 14:40:00,2026-06-09 14:55:00,during_fault,8.683729,1
2026-06-09 14:53:00,1080,EXP_FAULT_02,RUN_02,cpu_stress,1,currencyservice,currency-f02-06,online-boutique,node-a,0.2424,29.7473,0,144.2958,0.003888,5.4512,3.8947,10.9614,14.1228,22.9193,136.3156,143.7348,0.1562,0.4047,153824.1511,136937.5037,cpu_stress,inventory-service,2026-06-09 14:40:00,2026-06-09 14:55:00,during_fault,9.777406,1
2026-06-09 14:53:05,1085,EXP_FAULT_02,RUN_02,cpu_stress,1,currencyservice,currency-f02-06,online-boutique,node-a,0.2224,29.2333,0,147.1156,0.003589,5.9639,4.0689,11.7137,16.846,25.6299,138.9853,146.5876,0.1326,0.3953,154184.3438,150844.931,cpu_stress,inventory-service,2026-06-09 14:40:00,2026-06-09 14:55:00,during_fault,13.275238,1
2026-06-09 14:53:10,1090,EXP_FAULT_02,RUN_02,cpu_stress,1,currencyservice,currency-f02-06,online-boutique,node-a,0.2533,29.4133,0,146.8732,0.003714,5.2188,3.4285,10.0868,13.3058,23.2537,138.6906,146.3278,0.1435,0.4019,161153.9715,140363.7855,cpu_stress,inventory-service,2026-06-09 14:40:00,2026-06-09 14:55:00,during_fault,6.3221865,1
2026-06-09 14:53:15,1095,EXP_FAULT_02,RUN_02,cpu_stress,1,currencyservice,currency-f02-06,online-boutique,node-a,0.2384,29.5355,0,150.0686,0.004039,6.172,4.5765,12.2655,16.3194,26.7643,141.7203,149.4625,0.2254,0.3807,191815.6934,151628.1623,cpu_stress,inventory-service,2026-06-09 14:40:00,2026-06-09 14:55:00,during_fault,15.926123,1
2026-06-09 14:53:20,1100,EXP_FAULT_02,RUN_02,cpu_stress,1,currencyservice,currency-f02-06,online-boutique,node-a,0.2303,29.1572,0,149.3316,0.003675,5.8615,4.0658,11.3873,15.3889,26.9404,141.0338,148.7829,0.1412,0.4075,168767.8494,151249.2867,cpu_stress,inventory-service,2026-06-09 14:40:00,2026-06-09 14:55:00,during_fault,11.633577,1
2026-06-09 14:53:25,1105,EXP_FAULT_02,RUN_02,cpu_stress,1,currencyservice,currency-f02-06,online-boutique,node-a,0.2338,28.8272,0,149.5803,0.003774,5.8568,4.3437,11.1847,16.433,24.1777,141.3156,149.0158,0.1914,0.3732,168501.3717,144799.5985,cpu_stress,inventory-service,2026-06-09 14:40:00,2026-06-09 14:55:00,during_fault,11.044956,1
2026-06-09 14:53:30,1110,EXP_FAULT_02,RUN_02,cpu_stress,1,currencyservice,currency-f02-06,online-boutique,node-a,0.259,28.6339,0,154.9289,0.003533,6.654,4.6897,13.1793,16.5539,27.4368,146.5298,154.3816,0.1486,0.3987,131959.9855,132800.7438,cpu_stress,inventory-service,2026-06-09 14:40:00,2026-06-09 14:55:00,during_fault,14.417023,1
2026-06-09 14:53:35,1115,EXP_FAULT_02,RUN_02,cpu_stress,1,currencyservice,currency-f02-06,online-boutique,node-a,0.234,29.6119,0,149.2354,0.00295,6.1557,4.3082,12.5499,16.1772,28.3743,141.2735,148.7951,0.0409,0.3994,133779.3699,140698.3556,cpu_stress,inventory-service,2026-06-09 14:40:00,2026-06-09 14:55:00,during_fault,11.62524,1
2026-06-09 14:53:40,1120,EXP_FAULT_02,RUN_02,cpu_stress,1,currencyservice,currency-f02-06,online-boutique,node-a,0.2415,29.6154,0,152.6744,0.003033,5.781,3.9781,11.9546,15.8719,22.2187,144.6509,152.2114,0.0514,0.4116,149253.7027,149019.3501,cpu_stress,inventory-service,2026-06-09 14:40:00,2026-06-09 14:55:00,during_fault,8.239717,1
2026-06-09 14:53:45,1125,EXP_FAULT_02,RUN_02,cpu_stress,1,currencyservice,currency-f02-06,online-boutique,node-a,0.228,28.7387,0,154.0162,0.003841,6.4073,4.8283,11.4547,17.4087,26.5003,145.988,153.4247,0.2247,0.3669,171132.1796,126069.8372,cpu_stress,inventory-service,2026-06-09 14:40:00,2026-06-09 14:55:00,during_fault,16.201672,1
2026-06-09 14:53:50,1130,EXP_FAULT_02,RUN_02,cpu_stress,1,currencyservice,currency-f02-06,online-boutique,node-a,0.2472,28.9268,0,152.6053,0.002815,6.1412,4.5452,11.464,16.6906,23.9368,144.948,152.1757,0.0414,0.3882,184244.1944,157510.7602,cpu_stress,inventory-service,2026-06-09 14:40:00,2026-06-09 14:55:00,during_fault,8.71255,1
2026-06-09 14:53:55,1135,EXP_FAULT_02,RUN_02,cpu_stress,1,currencyservice,currency-f02-06,online-boutique,node-a,0.2367,29.147,0,151.66,0.003118,5.7035,3.7419,10.5964,15.3047,25.0838,144.2289,151.187,0.1015,0.3714,151053.9796,152485.8192,cpu_stress,inventory-service,2026-06-09 14:40:00,2026-06-09 14:55:00,during_fault,7.656537,1
2026-06-09 14:54:00,1140,EXP_FAULT_02,RUN_02,cpu_stress,1,currencyservice,currency-f02-06,online-boutique,node-a,0.2301,29.2064,0,151.1893,0.003643,5.7748,3.9199,10.675,14.9783,25.8817,143.9664,150.6384,0.1738,0.377,128326.2067,105915.9597,cpu_stress,inventory-service,2026-06-09 14:40:00,2026-06-09 14:55:00,during_fault,10.827538,1
2026-06-09 14:54:05,1145,EXP_FAULT_02,RUN_02,cpu_stress,1,currencyservice,currency-f02-06,online-boutique,node-a,0.24,29.3673,0,149.0195,0.002488,5.5332,3.8062,10.8418,14.1657,22.0923,142.1823,148.6487,0.0559,0.3149,168896.7828,119826.9514,cpu_stress,inventory-service,2026-06-09 14:40:00,2026-06-09 14:55:00,during_fault,5.055607,1
2026-06-09 14:54:10,1150,EXP_FAULT_02,RUN_02,cpu_stress,1,currencyservice,currency-f02-06,online-boutique,node-a,0.2373,28.6204,0,150.5296,0.0026,5.7887,3.8753,11.2941,15.3534,24.5315,143.8298,150.1382,0.0464,0.345,178420.0289,147565.6486,cpu_stress,inventory-service,2026-06-09 14:40:00,2026-06-09 14:55:00,during_fault,5.8964148,1
2026-06-09 14:54:15,1155,EXP_FAULT_02,RUN_02,cpu_stress,1,currencyservice,currency-f02-06,online-boutique,node-a,0.2411,29.1211,0,150.9292,0.002526,5.4802,3.6147,10.4355,14.9807,20.7263,144.4854,150.548,0.072,0.3092,181406.2907,138056.2316,cpu_stress,inventory-service,2026-06-09 14:40:00,2026-06-09 14:55:00,during_fault,4.4242735,1
2026-06-09 14:54:20,1160,EXP_FAULT_02,RUN_02,cpu_stress,1,currencyservice,currency-f02-06,online-boutique,node-a,0.2451,28.6637,0,153.0495,0.002571,5.4339,4.054,10.3374,14.815,22.9369,146.7254,152.6561,0.0786,0.3148,191100.2732,150668.1999,cpu_stress,inventory-service,2026-06-09 14:40:00,2026-06-09 14:55:00,during_fault,3.5825768,1
2026-06-09 14:54:25,1165,EXP_FAULT_02,RUN_02,cpu_stress,1,currencyservice,currency-f02-06,online-boutique,node-a,0.243,28.682,0,147.6408,0.00256,5.8627,3.9324,10.7333,13.796,22.8046,141.7982,147.2628,0.0898,0.2882,133107.1029,102638.8018,cpu_stress,inventory-service,2026-06-09 14:40:00,2026-06-09 14:55:00,during_fault,6.324289,1
2026-06-09 14:54:30,1170,EXP_FAULT_02,RUN_02,cpu_stress,1,currencyservice,currency-f02-06,online-boutique,node-a,0.2426,29.3819,0,148.905,0.00344,5.3148,3.6507,10.3686,13.2398,20.3693,143.1254,148.3929,0.2265,0.2857,175401.8334,110485.106,cpu_stress,inventory-service,2026-06-09 14:40:00,2026-06-09 14:55:00,during_fault,6.385288,1
2026-06-09 14:54:35,1175,EXP_FAULT_02,RUN_02,cpu_stress,1,currencyservice,currency-f02-06,online-boutique,node-a,0.2315,29.9502,0,148.7828,0.003196,5.7356,4.0369,11.0478,14.9542,20.0089,143.2929,148.3074,0.1837,0.2918,133611.8074,141555.8463,cpu_stress,inventory-service,2026-06-09 14:40:00,2026-06-09 14:55:00,during_fault,10.1612835,1
2026-06-09 14:54:40,1180,EXP_FAULT_02,RUN_02,cpu_stress,1,currencyservice,currency-f02-06,online-boutique,node-a,0.2332,29.5577,0,150.6652,0.002395,5.1462,3.6577,9.2887,11.7964,18.0457,145.3699,150.3045,0.072,0.2887,157559.0738,104841.454,cpu_stress,inventory-service,2026-06-09 14:40:00,2026-06-09 14:55:00,during_fault,3.388961,1
2026-06-09 14:54:45,1185,EXP_FAULT_02,RUN_02,cpu_stress,1,currencyservice,currency-f02-06,online-boutique,node-a,0.2408,29.3735,0,145.6923,0.003213,5.1016,3.6654,8.5914,11.6827,18.9502,140.711,145.2241,0.2315,0.2366,169347.9665,126406.3354,cpu_stress,inventory-service,2026-06-09 14:40:00,2026-06-09 14:55:00,during_fault,4.8107424,1
2026-06-09 14:54:50,1190,EXP_FAULT_02,RUN_02,cpu_stress,1,currencyservice,currency-f02-06,online-boutique,node-a,0.2273,29.7694,0,145.2913,0.002662,5.0301,3.4143,9.0554,12.2767,19.3653,140.5661,144.9045,0.1497,0.2371,169050.7962,121854.8082,cpu_stress,inventory-service,2026-06-09 14:40:00,2026-06-09 14:55:00,during_fault,4.321931,1
2026-06-09 14:54:55,1195,EXP_FAULT_02,RUN_02,cpu_stress,1,currencyservice,currency-f02-06,online-boutique,node-a,0.2446,29.7895,0,143.2478,0.00269,4.989,3.3465,8.7744,12.8642,19.1049,138.755,142.8624,0.1431,0.2423,160360.767,119349.6327,cpu_stress,inventory-service,2026-06-09 14:40:00,2026-06-09 14:55:00,during_fault,3.4989724,1
2026-06-09 14:55:00,1200,EXP_FAULT_02,RUN_02,cpu_stress,1,currencyservice,currency-f02-06,online-boutique,node-a,0.2425,29.3282,0,149.3675,0.002385,5.6038,3.7877,10.1783,13.6522,19.2543,144.758,149.0113,0.1059,0.2504,178313.7154,145158.0537,cpu_stress,inventory-service,2026-06-09 14:40:00,2026-06-09 14:55:00,post_fault,5.0311217,1
2026-06-09 14:55:05,1205,EXP_FAULT_02,RUN_02,cpu_stress,1,currencyservice,currency-f02-06,online-boutique,node-a,0.2547,29.0345,0,146.0505,0.001848,5.2655,4.0555,9.8588,11.6564,17.6373,141.6619,145.7806,0.0446,0.2253,156430.8554,140837.2455,cpu_stress,inventory-service,2026-06-09 14:40:00,2026-06-09 14:55:00,post_fault,2.5125089,1
2026-06-09 14:55:10,1210,EXP_FAULT_02,RUN_02,cpu_stress,1,currencyservice,currency-f02-06,online-boutique,node-a,0.2372,30.0531,0,151.5948,0.002683,5.3446,4.1772,8.9474,12.8761,19.4531,147.036,151.1881,0.1798,0.2269,170415.6627,130777.2014,cpu_stress,inventory-service,2026-06-09 14:40:00,2026-06-09 14:55:00,post_fault,5.4152746,1
2026-06-09 14:55:15,1215,EXP_FAULT_02,RUN_02,cpu_stress,1,currencyservice,currency-f02-06,online-boutique,node-a,0.2499,29.8677,0,146.9227,0.001767,5.0089,3.5351,8.602,12.7083,17.2461,142.6226,146.663,0.0564,0.2033,134302.9827,130861.9143,cpu_stress,inventory-service,2026-06-09 14:40:00,2026-06-09 14:55:00,post_fault,1.8421379,1
2026-06-09 14:55:20,1220,EXP_FAULT_02,RUN_02,cpu_stress,1,currencyservice,currency-f02-06,online-boutique,node-a,0.23,28.9942,0,147.3728,0.002055,4.6265,3.6189,8.1714,11.3533,16.3822,143.1139,147.0699,0.0894,0.2134,171375.3911,144268.3309,cpu_stress,inventory-service,2026-06-09 14:40:00,2026-06-09 14:55:00,post_fault,0.90919363,0
2026-06-09 14:55:25,1225,EXP_FAULT_02,RUN_02,cpu_stress,1,currencyservice,currency-f02-06,online-boutique,node-a,0.233,29.3401,0,151.4449,0.002196,4.9839,3.8885,9.0644,11.7772,17.0921,147.0917,151.1124,0.0938,0.2388,178454.3314,135396.3927,cpu_stress,inventory-service,2026-06-09 14:40:00,2026-06-09 14:55:00,post_fault,2.1399157,1
2026-06-09 14:55:30,1230,EXP_FAULT_02,RUN_02,cpu_stress,1,currencyservice,currency-f02-06,online-boutique,node-a,0.235,28.893,0,150.262,0.002227,5.5762,4.1282,9.4865,13.2459,18.9001,145.9846,149.9273,0.1443,0.1904,148811.7948,118605.1413,cpu_stress,inventory-service,2026-06-09 14:40:00,2026-06-09 14:55:00,post_fault,4.2145224,1
2026-06-09 14:55:35,1235,EXP_FAULT_02,RUN_02,cpu_stress,1,currencyservice,currency-f02-06,online-boutique,node-a,0.2412,29.2041,0,154.4923,0.002759,5.2499,3.6444,9.0136,12.2351,19.8171,150.1712,154.066,0.2058,0.2205,158664.8947,102435.5157,cpu_stress,inventory-service,2026-06-09 14:40:00,2026-06-09 14:55:00,post_fault,3.7594948,1
2026-06-09 14:55:40,1240,EXP_FAULT_02,RUN_02,cpu_stress,1,currencyservice,currency-f02-06,online-boutique,node-a,0.2425,29.3836,0,147.2506,0.001794,4.6882,3.5655,8.7001,11.6307,17.8734,143.2205,146.9864,0.0378,0.2264,120845.4073,126967.4317,cpu_stress,inventory-service,2026-06-09 14:40:00,2026-06-09 14:55:00,post_fault,0.7436619,0
2026-06-09 14:55:45,1245,EXP_FAULT_02,RUN_02,cpu_stress,1,currencyservice,currency-f02-06,online-boutique,node-a,0.231,28.7468,0,155.4673,0.002368,5.1461,3.4746,9.781,11.6677,16.9844,151.1971,155.0991,0.1397,0.2285,154864.7443,116571.9548,cpu_stress,inventory-service,2026-06-09 14:40:00,2026-06-09 14:55:00,post_fault,2.5263436,1
2026-06-09 14:55:50,1250,EXP_FAULT_02,RUN_02,cpu_stress,1,currencyservice,currency-f02-06,online-boutique,node-a,0.242,29.3422,0,153.1617,0.002123,5.1924,3.7753,8.8447,12.3055,17.031,149.0665,152.8365,0.1414,0.1838,170573.4291,138583.0596,cpu_stress,inventory-service,2026-06-09 14:40:00,2026-06-09 14:55:00,post_fault,2.3814235,1
2026-06-09 14:55:55,1255,EXP_FAULT_02,RUN_02,cpu_stress,1,currencyservice,currency-f02-06,online-boutique,node-a,0.2383,29.3027,0,152.4833,0.002813,5.154,3.6402,8.6464,12.8176,18.248,148.4152,152.0544,0.204,0.2249,165225.676,147358.8062,cpu_stress,inventory-service,2026-06-09 14:40:00,2026-06-09 14:55:00,post_fault,3.7822087,1
2026-06-09 14:56:00,1260,EXP_FAULT_02,RUN_02,cpu_stress,1,currencyservice,currency-f02-06,online-boutique,node-a,0.2414,29.0515,0,154.2218,0.002543,5.1499,3.9008,9.7098,12.7739,16.8312,150.1724,153.8295,0.1735,0.2188,153112.2431,140840.3154,cpu_stress,inventory-service,2026-06-09 14:40:00,2026-06-09 14:55:00,post_fault,2.7233856,1
2026-06-09 14:56:05,1265,EXP_FAULT_02,RUN_02,cpu_stress,1,currencyservice,currency-f02-06,online-boutique,node-a,0.2558,29.2221,0,160.0632,0.001872,4.8899,3.8012,9.1322,10.4892,17.2181,155.957,159.7636,0.0989,0.2007,157879.3502,137076.5473,cpu_stress,inventory-service,2026-06-09 14:40:00,2026-06-09 14:55:00,post_fault,0.7901521,0
2026-06-09 14:56:10,1270,EXP_FAULT_02,RUN_02,cpu_stress,1,currencyservice,currency-f02-06,online-boutique,node-a,0.2345,29.1757,0,159.8209,0.002226,5.3681,3.8308,9.0023,11.5209,18.6928,155.7281,159.4651,0.1697,0.186,180447.5478,110943.64,cpu_stress,inventory-service,2026-06-09 14:40:00,2026-06-09 14:55:00,post_fault,3.1687074,1
2026-06-09 14:56:15,1275,EXP_FAULT_02,RUN_02,cpu_stress,1,currencyservice,currency-f02-06,online-boutique,node-a,0.2387,29.3793,0,156.5542,0.002545,5.0544,3.9173,9.0002,10.9958,19.1562,152.5937,156.1557,0.1904,0.2081,137427.8502,144234.4732,cpu_stress,inventory-service,2026-06-09 14:40:00,2026-06-09 14:55:00,post_fault,2.6793838,1
2026-06-09 14:56:20,1280,EXP_FAULT_02,RUN_02,cpu_stress,1,currencyservice,currency-f02-06,online-boutique,node-a,0.2486,29.0009,0,158.7998,0.001405,4.7581,3.4161,8.4783,11.5582,15.923,154.9349,158.5767,0.044,0.1791,193222.7629,114438.1856,cpu_stress,inventory-service,2026-06-09 14:40:00,2026-06-09 14:55:00,post_fault,0.24861965,0
2026-06-09 14:56:25,1285,EXP_FAULT_02,RUN_02,cpu_stress,1,currencyservice,currency-f02-06,online-boutique,node-a,0.2441,29.302,0,166.0511,0.001985,4.9508,3.5196,8.023,11.2603,16.4451,162.027,165.7215,0.093,0.2366,166999.9766,162269.5188,cpu_stress,inventory-service,2026-06-09 14:40:00,2026-06-09 14:55:00,post_fault,0.9510061,0
2026-06-09 14:56:30,1290,EXP_FAULT_02,RUN_02,cpu_stress,1,currencyservice,currency-f02-06,online-boutique,node-a,0.236,29.5258,0,163.0756,0.00243,5.0967,3.7392,8.5836,11.0513,18.3791,159.0864,162.6793,0.2026,0.1937,173166.8873,111068.6806,cpu_stress,inventory-service,2026-06-09 14:40:00,2026-06-09 14:55:00,post_fault,2.7224681,1
2026-06-09 14:56:35,1295,EXP_FAULT_02,RUN_02,cpu_stress,1,currencyservice,currency-f02-06,online-boutique,node-a,0.2455,29.769,0,163.515,0.002014,4.4384,3.0587,7.7509,10.3909,16.6469,159.6512,163.1856,0.1031,0.2263,165397.3815,167380.5835,cpu_stress,inventory-service,2026-06-09 14:40:00,2026-06-09 14:55:00,post_fault,0.29380518,0
2026-06-09 14:56:40,1300,EXP_FAULT_02,RUN_02,cpu_stress,1,currencyservice,currency-f02-06,online-boutique,node-a,0.2383,28.5798,0,167.5229,0.00165,5.1274,4.0038,9.5723,12.6122,17.2221,163.6114,167.2465,0.0784,0.198,199263.3817,113804.7791,cpu_stress,inventory-service,2026-06-09 14:40:00,2026-06-09 14:55:00,post_fault,0.7293421,0
2026-06-09 14:56:45,1305,EXP_FAULT_02,RUN_02,cpu_stress,1,currencyservice,currency-f02-06,online-boutique,node-a,0.2324,29.6302,0,167.6221,0.001913,4.8702,3.6975,8.3754,11.8844,16.2409,163.7414,167.3015,0.1387,0.1819,177745.0886,134481.5459,cpu_stress,inventory-service,2026-06-09 14:40:00,2026-06-09 14:55:00,post_fault,1.4040842,1
2026-06-09 14:56:50,1310,EXP_FAULT_02,RUN_02,cpu_stress,1,currencyservice,currency-f02-06,online-boutique,node-a,0.2535,29.3503,0,162.6124,0.001908,5.1712,3.8941,9.0927,11.7245,16.0022,158.9347,162.3022,0.1258,0.1844,157658.3144,153542.1916,cpu_stress,inventory-service,2026-06-09 14:40:00,2026-06-09 14:55:00,post_fault,1.4346149,1
2026-06-09 14:56:55,1315,EXP_FAULT_02,RUN_02,cpu_stress,1,currencyservice,currency-f02-06,online-boutique,node-a,0.2407,29.6206,0,165.7676,0.001729,5.1795,3.6888,9.5597,11.7973,19.0223,162.0543,165.481,0.072,0.2146,178740.3536,132262.7142,cpu_stress,inventory-service,2026-06-09 14:40:00,2026-06-09 14:55:00,post_fault,1.5540888,1
2026-06-09 14:57:00,1320,EXP_FAULT_02,RUN_02,cpu_stress,1,currencyservice,currency-f02-06,online-boutique,node-a,0.2351,28.9981,0,162.8723,0.002796,5.1609,3.8868,9.4131,12.1707,16.1301,159.2333,162.4169,0.2568,0.1986,134042.6034,144147.0965,cpu_stress,inventory-service,2026-06-09 14:40:00,2026-06-09 14:55:00,post_fault,3.3237195,1
2026-06-09 14:57:05,1325,EXP_FAULT_02,RUN_02,cpu_stress,1,currencyservice,currency-f02-06,online-boutique,node-a,0.2502,29.8468,0,164.8843,0.002304,4.6778,3.3663,8.0964,11.2102,17.0474,161.2276,164.5044,0.2075,0.1724,152268.2906,158728.6289,cpu_stress,inventory-service,2026-06-09 14:40:00,2026-06-09 14:55:00,post_fault,0.8847073,0
2026-06-09 14:57:10,1330,EXP_FAULT_02,RUN_02,cpu_stress,1,currencyservice,currency-f02-06,online-boutique,node-a,0.2375,29.4557,0,160.743,0.002263,5.3353,3.7993,8.6457,12.0792,16.271,157.2375,160.3793,0.1637,0.2,157402.1886,154175.9378,cpu_stress,inventory-service,2026-06-09 14:40:00,2026-06-09 14:55:00,post_fault,3.2017028,1
2026-06-09 14:57:15,1335,EXP_FAULT_02,RUN_02,cpu_stress,1,currencyservice,currency-f02-06,online-boutique,node-a,0.2302,29.276,0,160.5897,0.001942,4.731,3.6774,8.23,11.2858,16.3534,157.1533,160.2778,0.1353,0.1765,153849.7006,147671.6016,cpu_stress,inventory-service,2026-06-09 14:40:00,2026-06-09 14:55:00,post_fault,1.0486962,1
2026-06-09 14:57:20,1340,EXP_FAULT_02,RUN_02,cpu_stress,1,currencyservice,currency-f02-06,online-boutique,node-a,0.2318,29.3557,0,165.4266,0.002214,4.6363,3.249,8.0673,9.6728,14.2762,161.9573,165.0603,0.1991,0.1673,179131.959,146283.2677,cpu_stress,inventory-service,2026-06-09 14:40:00,2026-06-09 14:55:00,post_fault,1.2132667,1
2026-06-09 14:57:25,1345,EXP_FAULT_02,RUN_02,cpu_stress,1,currencyservice,currency-f02-06,online-boutique,node-a,0.2371,29.631,0,160.4973,0.002056,4.8417,3.775,7.8398,11.6377,16.2,157.1815,160.1672,0.1725,0.1575,166892.4075,134212.7425,cpu_stress,inventory-service,2026-06-09 14:40:00,2026-06-09 14:55:00,post_fault,1.339089,1
2026-06-09 14:57:30,1350,EXP_FAULT_02,RUN_02,cpu_stress,1,currencyservice,currency-f02-06,online-boutique,node-a,0.2228,29.3541,0,159.205,0.002092,5.237,4.1361,8.4076,11.3985,17.0961,155.8961,158.8719,0.175,0.158,184914.0778,129428.7791,cpu_stress,inventory-service,2026-06-09 14:40:00,2026-06-09 14:55:00,post_fault,3.3802192,1
2026-06-09 14:57:35,1355,EXP_FAULT_02,RUN_02,cpu_stress,1,currencyservice,currency-f02-06,online-boutique,node-a,0.2271,29.5311,0,159.5614,0.001537,5.1547,3.5574,9.5056,10.9724,15.8654,156.3823,159.3162,0.0834,0.1619,143275.2651,150829.4733,cpu_stress,inventory-service,2026-06-09 14:40:00,2026-06-09 14:55:00,post_fault,1.9101063,1
2026-06-09 14:57:40,1360,EXP_FAULT_02,RUN_02,cpu_stress,1,currencyservice,currency-f02-06,online-boutique,node-a,0.2415,28.911,0,153.2681,0.002218,4.9807,3.8576,8.7227,11.9629,17.1576,150.1996,152.9281,0.1567,0.1833,172357.0398,132503.688,cpu_stress,inventory-service,2026-06-09 14:40:00,2026-06-09 14:55:00,post_fault,1.5131283,1
2026-06-09 14:57:45,1365,EXP_FAULT_02,RUN_02,cpu_stress,1,currencyservice,currency-f02-06,online-boutique,node-a,0.2321,29.4359,0,160.5828,0.001448,5.0857,3.8279,8.9527,10.5673,17.5176,157.4744,160.3502,0.0612,0.1714,178861.8822,148082.5744,cpu_stress,inventory-service,2026-06-09 14:40:00,2026-06-09 14:55:00,post_fault,1.2403997,1
2026-06-09 14:57:50,1370,EXP_FAULT_02,RUN_02,cpu_stress,1,currencyservice,currency-f02-06,online-boutique,node-a,0.2349,29.6072,0,155.6096,0.001502,5.1019,3.8946,8.3173,11.9678,17.1444,152.6145,155.3758,0.0768,0.1569,131708.4162,147167.6068,cpu_stress,inventory-service,2026-06-09 14:40:00,2026-06-09 14:55:00,post_fault,1.445706,1
2026-06-09 14:57:55,1375,EXP_FAULT_02,RUN_02,cpu_stress,1,currencyservice,currency-f02-06,online-boutique,node-a,0.2286,29.2181,0,155.7807,0.002058,4.688,3.3204,8.3917,10.0387,14.52,152.7791,155.4601,0.163,0.1576,160351.5187,155745.6516,cpu_stress,inventory-service,2026-06-09 14:40:00,2026-06-09 14:55:00,post_fault,1.1715211,1
2026-06-09 14:58:00,1380,EXP_FAULT_02,RUN_02,cpu_stress,1,currencyservice,currency-f02-06,online-boutique,node-a,0.2567,29.0194,0,153.7638,0.002153,4.5573,3.3126,7.7811,10.8493,14.8837,150.8452,153.4328,0.1798,0.1512,142181.7602,103821.1864,cpu_stress,inventory-service,2026-06-09 14:40:00,2026-06-09 14:55:00,post_fault,0.5732697,0
2026-06-09 14:58:05,1385,EXP_FAULT_02,RUN_02,cpu_stress,1,currencyservice,currency-f02-06,online-boutique,node-a,0.2356,29.7901,0,154.1592,0.001385,5.026,3.7601,9.2938,11.6977,15.2445,151.3231,153.9456,0.0735,0.1401,128513.9058,143748.3875,cpu_stress,inventory-service,2026-06-09 14:40:00,2026-06-09 14:55:00,post_fault,1.1462837,1
2026-06-09 14:58:10,1390,EXP_FAULT_02,RUN_02,cpu_stress,1,currencyservice,currency-f02-06,online-boutique,node-a,0.2379,29.7048,0,159.1019,0.001763,5.2514,3.6209,8.7355,12.0272,15.8388,156.1652,158.8215,0.0972,0.1833,135712.1583,148885.7841,cpu_stress,inventory-service,2026-06-09 14:40:00,2026-06-09 14:55:00,post_fault,2.1991692,1
2026-06-09 14:58:15,1395,EXP_FAULT_02,RUN_02,cpu_stress,1,currencyservice,currency-f02-06,online-boutique,node-a,0.2392,29.5908,0,157.6279,0.002322,4.9637,3.4591,8.3164,10.35,15.588,154.7589,157.2619,0.1943,0.1717,173248.5761,109431.5366,cpu_stress,inventory-service,2026-06-09 14:40:00,2026-06-09 14:55:00,post_fault,2.0629106,1
2026-06-09 14:58:20,1400,EXP_FAULT_02,RUN_02,cpu_stress,1,currencyservice,currency-f02-06,online-boutique,node-a,0.245,29.2902,0,160.2389,0.00198,4.7425,3.4258,7.5314,10.2561,14.2107,157.324,159.9216,0.1448,0.1725,156152.4242,133067.9193,cpu_stress,inventory-service,2026-06-09 14:40:00,2026-06-09 14:55:00,post_fault,0.604215,0
2026-06-09 14:58:25,1405,EXP_FAULT_02,RUN_02,cpu_stress,1,currencyservice,currency-f02-06,online-boutique,node-a,0.2309,28.9661,0,155.3,0.001865,4.9536,3.6189,8.503,10.2694,16.6779,152.5364,155.0104,0.147,0.1427,196862.7911,148874.7866,cpu_stress,inventory-service,2026-06-09 14:40:00,2026-06-09 14:55:00,post_fault,1.2483035,1
2026-06-09 14:58:30,1410,EXP_FAULT_02,RUN_02,cpu_stress,1,currencyservice,currency-f02-06,online-boutique,node-a,0.2437,29.976,0,155.3414,0.001932,4.7736,3.3594,8.0595,9.8677,15.0597,152.6157,155.0413,0.1489,0.1512,184589.0822,126801.6946,cpu_stress,inventory-service,2026-06-09 14:40:00,2026-06-09 14:55:00,post_fault,1.0790412,1
2026-06-09 14:58:35,1415,EXP_FAULT_02,RUN_02,cpu_stress,1,currencyservice,currency-f02-06,online-boutique,node-a,0.239,29.5431,0,155.0584,0.001421,4.8965,3.7801,8.5226,11.0444,17.1778,152.4249,154.838,0.05,0.1704,145156.7372,115255.7955,cpu_stress,inventory-service,2026-06-09 14:40:00,2026-06-09 14:55:00,post_fault,0.70879686,0
2026-06-09 14:58:40,1420,EXP_FAULT_02,RUN_02,cpu_stress,1,currencyservice,currency-f02-06,online-boutique,node-a,0.2167,29.0569,0,154.9671,0.002218,4.9992,3.6038,7.8727,10.3611,16.2986,152.258,154.6233,0.1948,0.149,129041.0615,103803.5431,cpu_stress,inventory-service,2026-06-09 14:40:00,2026-06-09 14:55:00,post_fault,3.0623183,1
2026-06-09 14:58:45,1425,EXP_FAULT_02,RUN_02,cpu_stress,1,currencyservice,currency-f02-06,online-boutique,node-a,0.2491,29.6365,0,155.3209,0.001927,4.8436,3.3335,8.8776,10.1457,15.6616,152.6826,155.0216,0.1702,0.1291,188422.8666,143821.2785,cpu_stress,inventory-service,2026-06-09 14:40:00,2026-06-09 14:55:00,post_fault,1.044681,1
2026-06-09 14:58:50,1430,EXP_FAULT_02,RUN_02,cpu_stress,1,currencyservice,currency-f02-06,online-boutique,node-a,0.2549,29.2617,0,160.2833,0.001928,4.7408,3.3775,7.4753,9.9282,14.6201,157.6373,159.9743,0.1556,0.1534,196533.952,105025.4404,cpu_stress,inventory-service,2026-06-09 14:40:00,2026-06-09 14:55:00,post_fault,0.54432285,0
2026-06-09 14:58:55,1435,EXP_FAULT_02,RUN_02,cpu_stress,1,currencyservice,currency-f02-06,online-boutique,node-a,0.255,29.928,0,158.9621,0.001671,4.8838,3.8904,8.1963,11.3203,16.477,156.3863,158.6965,0.1398,0.1259,157573.2924,131009.0038,cpu_stress,inventory-service,2026-06-09 14:40:00,2026-06-09 14:55:00,post_fault,0.9192546,0
2026-06-09 14:59:00,1440,EXP_FAULT_02,RUN_02,cpu_stress,1,currencyservice,currency-f02-06,online-boutique,node-a,0.2368,29.2801,0,157.7937,0.00223,4.8287,3.7759,8.2204,10.44,16.2277,155.1984,157.4418,0.1995,0.1524,185702.8992,106039.8705,cpu_stress,inventory-service,2026-06-09 14:40:00,2026-06-09 14:55:00,post_fault,1.3763183,1
2026-06-09 14:59:05,1445,EXP_FAULT_02,RUN_02,cpu_stress,1,currencyservice,currency-f02-06,online-boutique,node-a,0.2327,29.0801,0,160.3524,0.001642,4.6459,3.2337,8.0413,10.2238,14.2048,157.8067,160.0891,0.1384,0.125,197528.0503,111041.4034,cpu_stress,inventory-service,2026-06-09 14:40:00,2026-06-09 14:55:00,post_fault,0.39765173,0
2026-06-09 14:59:10,1450,EXP_FAULT_02,RUN_02,cpu_stress,1,currencyservice,currency-f02-06,online-boutique,node-a,0.2378,29.3425,0,160.2785,0.001858,5.3579,4.1333,8.747,11.5691,18.0558,157.7226,159.9807,0.138,0.1598,191704.9579,115656.4657,cpu_stress,inventory-service,2026-06-09 14:40:00,2026-06-09 14:55:00,post_fault,2.4049504,1
2026-06-09 14:59:15,1455,EXP_FAULT_02,RUN_02,cpu_stress,1,currencyservice,currency-f02-06,online-boutique,node-a,0.2407,29.4037,0,162.289,0.001166,5.0296,3.528,8.8798,10.4521,15.7919,159.838,162.0998,0.0567,0.1325,139569.7588,129563.2833,cpu_stress,inventory-service,2026-06-09 14:40:00,2026-06-09 14:55:00,post_fault,0.5070814,0
2026-06-09 14:59:20,1460,EXP_FAULT_02,RUN_02,cpu_stress,1,currencyservice,currency-f02-06,online-boutique,node-a,0.2432,29.6293,0,167.1811,0.001115,4.9876,3.4442,8.6561,11.2058,15.7218,164.6784,166.9947,0.061,0.1254,204577.6784,117153.9218,cpu_stress,inventory-service,2026-06-09 14:40:00,2026-06-09 14:55:00,post_fault,0.3720544,0
2026-06-09 14:59:25,1465,EXP_FAULT_02,RUN_02,cpu_stress,1,currencyservice,currency-f02-06,online-boutique,node-a,0.2525,29.7296,0,167.0258,0.001381,5.2488,3.6525,9.2694,11.1515,15.1219,164.5413,166.7952,0.0723,0.1583,163992.3762,122354.4262,cpu_stress,inventory-service,2026-06-09 14:40:00,2026-06-09 14:55:00,post_fault,1.0641458,1
2026-06-09 14:59:30,1470,EXP_FAULT_02,RUN_02,cpu_stress,1,currencyservice,currency-f02-06,online-boutique,node-a,0.233,29.4585,0,166.1357,0.002235,5.1329,3.7806,8.0511,11.3967,15.8263,163.6634,165.7643,0.2112,0.1602,180072.7791,129521.3613,cpu_stress,inventory-service,2026-06-09 14:40:00,2026-06-09 14:55:00,post_fault,2.5416646,1
2026-06-09 14:59:35,1475,EXP_FAULT_02,RUN_02,cpu_stress,1,currencyservice,currency-f02-06,online-boutique,node-a,0.243,28.9229,0,165.1186,0.002097,4.9757,3.7154,8.9989,11.1875,16.8262,162.6278,164.7723,0.2241,0.1222,163549.3053,155633.24,cpu_stress,inventory-service,2026-06-09 14:40:00,2026-06-09 14:55:00,post_fault,0.9847621,1
2026-06-09 14:59:40,1480,EXP_FAULT_02,RUN_02,cpu_stress,1,currencyservice,currency-f02-06,online-boutique,node-a,0.2341,30.3932,0,164.127,0.002378,5.1065,3.7309,8.5255,10.5828,17.3163,161.6504,163.7367,0.2472,0.1431,181421.0514,141794.2494,cpu_stress,inventory-service,2026-06-09 14:40:00,2026-06-09 14:55:00,post_fault,3.620943,1
2026-06-09 14:59:45,1485,EXP_FAULT_02,RUN_02,cpu_stress,1,currencyservice,currency-f02-06,online-boutique,node-a,0.245,29.2914,0,164.9605,0.001043,4.7695,3.4371,8.3305,10.7718,15.6649,162.6728,164.7884,0.0643,0.1078,196042.1446,117411.6987,cpu_stress,inventory-service,2026-06-09 14:40:00,2026-06-09 14:55:00,post_fault,0.056512356,0
2026-06-09 14:59:50,1490,EXP_FAULT_02,RUN_02,cpu_stress,1,currencyservice,currency-f02-06,online-boutique,node-a,0.2295,29.052,0,158.4449,0.00224,4.8294,3.6799,7.496,10.5498,15.0518,156.1655,158.09,0.2062,0.1487,182429.3843,106419.3792,cpu_stress,inventory-service,2026-06-09 14:40:00,2026-06-09 14:55:00,post_fault,1.6075051,1
2026-06-09 14:59:55,1495,EXP_FAULT_02,RUN_02,cpu_stress,1,currencyservice,currency-f02-06,online-boutique,node-a,0.2555,29.3899,0,162.5249,0.0009,4.8364,3.658,8.215,10.751,13.5866,160.331,162.3786,0.0473,0.099,143858.7728,108667.1535,cpu_stress,inventory-service,2026-06-09 14:40:00,2026-06-09 14:55:00,post_fault,0.3018122,0
2026-06-09 15:00:00,1500,EXP_FAULT_02,RUN_02,cpu_stress,1,currencyservice,currency-f02-06,online-boutique,node-a,0.2504,29.9892,0,155.0302,0.001468,4.8442,3.4788,7.6399,10.5927,14.0984,152.8929,154.8027,0.1131,0.1144,133270.4971,145704.2748,cpu_stress,inventory-service,2026-06-09 14:40:00,2026-06-09 14:55:00,post_fault,0.75182736,0
2026-06-09 15:00:05,1505,EXP_FAULT_02,RUN_02,cpu_stress,1,currencyservice,currency-f02-06,online-boutique,node-a,0.2427,30.1898,0,161.3043,0.001545,5.0141,3.7327,8.081,11.1225,14.1165,159.1145,161.055,0.1482,0.1011,152229.9132,131169.4789,cpu_stress,inventory-service,2026-06-09 14:40:00,2026-06-09 14:55:00,post_fault,1.138653,1
2026-06-09 15:00:10,1510,EXP_FAULT_02,RUN_02,cpu_stress,1,currencyservice,currency-f02-06,online-boutique,node-a,0.2407,29.9964,0,164.7662,0.001204,4.9355,3.6789,8.3998,11.2856,14.3819,162.5903,164.5677,0.082,0.1164,191500.0365,125133.35,cpu_stress,inventory-service,2026-06-09 14:40:00,2026-06-09 14:55:00,post_fault,0.5194286,0
2026-06-09 15:00:15,1515,EXP_FAULT_02,RUN_02,cpu_stress,1,currencyservice,currency-f02-06,online-boutique,node-a,0.2411,29.5632,0,159.6093,0.001385,4.5588,3.5135,8.0722,9.5861,12.7399,157.5012,159.3883,0.0876,0.1334,159775.7132,137920.7374,cpu_stress,inventory-service,2026-06-09 14:40:00,2026-06-09 14:55:00,post_fault,0.10735774,0
2026-06-09 15:00:20,1520,EXP_FAULT_02,RUN_02,cpu_stress,1,currencyservice,currency-f02-06,online-boutique,node-a,0.2413,29.4355,0,157.3156,0.001633,4.8895,3.6562,8.2178,10.0308,14.2217,155.2593,157.0587,0.1133,0.1436,157003.1281,136093.9855,cpu_stress,inventory-service,2026-06-09 14:40:00,2026-06-09 14:55:00,post_fault,0.7525126,0
2026-06-09 15:00:25,1525,EXP_FAULT_02,RUN_02,cpu_stress,1,currencyservice,currency-f02-06,online-boutique,node-a,0.239,30.1093,0,154.2911,0.001166,4.6065,3.4652,7.2285,10.0438,14.7631,152.3483,154.1112,0.0497,0.1302,138012.704,153485.3097,cpu_stress,inventory-service,2026-06-09 14:40:00,2026-06-09 14:55:00,post_fault,0.18834642,0
2026-06-09 15:00:30,1530,EXP_FAULT_02,RUN_02,cpu_stress,1,currencyservice,currency-f02-06,online-boutique,node-a,0.2573,29.304,0,156.4866,0.001568,4.2804,3.3988,7.5167,8.5688,11.9777,154.5257,156.2413,0.1553,0.0899,159071.5572,120197.9364,cpu_stress,inventory-service,2026-06-09 14:40:00,2026-06-09 14:55:00,post_fault,0.31227252,0
2026-06-09 15:00:35,1535,EXP_FAULT_02,RUN_02,cpu_stress,1,currencyservice,currency-f02-06,online-boutique,node-a,0.244,29.5176,0,151.0479,0.001272,4.5654,3.3093,7.7455,9.1193,14.302,149.2055,150.8557,0.1033,0.0888,141615.0746,136532.0985,cpu_stress,inventory-service,2026-06-09 14:40:00,2026-06-09 14:55:00,post_fault,0.21397428,0
2026-06-09 15:00:40,1540,EXP_FAULT_02,RUN_02,cpu_stress,1,currencyservice,currency-f02-06,online-boutique,node-a,0.2509,29.4391,0,153.1763,0.00168,5.0462,3.8238,8.6883,11.3487,14.9483,151.2688,152.9189,0.1599,0.0975,155289.8154,144214.6786,cpu_stress,inventory-service,2026-06-09 14:40:00,2026-06-09 14:55:00,post_fault,1.3223952,1
2026-06-09 15:00:45,1545,EXP_FAULT_02,RUN_02,cpu_stress,1,currencyservice,currency-f02-06,online-boutique,node-a,0.2556,29.1749,0,154.1812,0.001419,4.6961,3.6377,8.41,9.3847,13.0352,152.3065,153.9625,0.1192,0.0995,196420.2072,110430.9272,cpu_stress,inventory-service,2026-06-09 14:40:00,2026-06-09 14:55:00,post_fault,0.56024337,0
2026-06-09 15:00:50,1550,EXP_FAULT_02,RUN_02,cpu_stress,1,currencyservice,currency-f02-06,online-boutique,node-a,0.2439,29.6074,0,153.6428,0.001739,4.5789,3.5776,7.3607,9.6246,12.8454,151.8108,153.3756,0.1559,0.1113,175834.939,117335.1073,cpu_stress,inventory-service,2026-06-09 14:40:00,2026-06-09 14:55:00,post_fault,0.40705943,0
2026-06-09 15:00:55,1555,EXP_FAULT_02,RUN_02,cpu_stress,1,currencyservice,currency-f02-06,online-boutique,node-a,0.2289,29.8092,0,143.1754,0.001305,4.6245,3.5469,8.1256,9.9065,14.1762,141.5062,142.9886,0.0715,0.1153,126944.0996,134779.6888,cpu_stress,inventory-service,2026-06-09 14:40:00,2026-06-09 14:55:00,post_fault,0.5149909,0
2026-06-09 15:01:00,1560,EXP_FAULT_02,RUN_02,cpu_stress,1,currencyservice,currency-f02-06,online-boutique,node-a,0.2366,29.7791,0,149.35,0.001417,4.9403,3.6744,7.9191,10.2222,14.1201,147.6164,149.1384,0.1269,0.0847,157197.2544,104101.3167,cpu_stress,inventory-service,2026-06-09 14:40:00,2026-06-09 14:55:00,post_fault,1.0542024,1
2026-06-09 15:01:05,1565,EXP_FAULT_02,RUN_02,cpu_stress,1,currencyservice,currency-f02-06,online-boutique,node-a,0.2365,28.9872,0,142.7754,0.002163,4.497,3.1666,7.4886,8.9356,13.5116,141.0612,142.4666,0.2158,0.093,178836.801,137945.1134,cpu_stress,inventory-service,2026-06-09 14:40:00,2026-06-09 14:55:00,post_fault,0.68588984,0
2026-06-09 15:01:10,1570,EXP_FAULT_02,RUN_02,cpu_stress,1,currencyservice,currency-f02-06,online-boutique,node-a,0.2368,29.0558,0,142.1783,0.001486,4.6962,3.6899,7.6918,9.5515,13.3747,140.5817,141.967,0.1068,0.1044,143561.4131,113512.7311,cpu_stress,inventory-service,2026-06-09 14:40:00,2026-06-09 14:55:00,post_fault,0.55257577,0
2026-06-09 15:01:15,1575,EXP_FAULT_02,RUN_02,cpu_stress,1,currencyservice,currency-f02-06,online-boutique,node-a,0.2183,29.1286,0,142.4325,0.001509,4.1856,3.3174,7.3744,9.1675,12.2974,140.854,142.2175,0.1048,0.1101,147270.3338,128797.4636,cpu_stress,inventory-service,2026-06-09 14:40:00,2026-06-09 14:55:00,post_fault,0.3227781,0
2026-06-09 15:01:20,1580,EXP_FAULT_02,RUN_02,cpu_stress,1,currencyservice,currency-f02-06,online-boutique,node-a,0.2292,30.0569,0,140.762,0.001534,4.673,3.3802,7.2076,9.8714,15.2639,139.2145,140.546,0.107,0.1089,159431.7788,140953.2798,cpu_stress,inventory-service,2026-06-09 14:40:00,2026-06-09 14:55:00,post_fault,0.98324335,1
2026-06-09 15:01:25,1585,EXP_FAULT_02,RUN_02,cpu_stress,1,currencyservice,currency-f02-06,online-boutique,node-a,0.2434,29.4043,0,143.1284,0.001222,4.587,3.5705,7.6505,9.7774,12.8705,141.5833,142.9535,0.0897,0.0852,146712.2448,126066.3233,cpu_stress,inventory-service,2026-06-09 14:40:00,2026-06-09 14:55:00,post_fault,0.43443877,0
2026-06-09 15:01:30,1590,EXP_FAULT_02,RUN_02,cpu_stress,1,currencyservice,currency-f02-06,online-boutique,node-a,0.2237,30.0327,0,139.6484,0.001454,5.095,3.7551,8.658,10.7371,14.4819,138.1294,139.4453,0.1261,0.077,140575.0211,107475.6812,cpu_stress,inventory-service,2026-06-09 14:40:00,2026-06-09 14:55:00,post_fault,2.3853073,1
2026-06-09 15:01:35,1595,EXP_FAULT_02,RUN_02,cpu_stress,1,currencyservice,currency-f02-06,online-boutique,node-a,0.2334,29.5956,0,140.9472,0.001994,4.4229,3.3407,7.076,9.835,12.2719,139.4277,140.6662,0.2087,0.0723,175403.5202,109405.7813,cpu_stress,inventory-service,2026-06-09 14:40:00,2026-06-09 14:55:00,post_fault,0.73895156,0
2026-06-09 15:01:40,1600,EXP_FAULT_02,RUN_02,cpu_stress,1,currencyservice,currency-f02-06,online-boutique,node-a,0.2229,29.3528,0,141.6632,0.002099,4.8262,3.7286,7.9364,10.4123,14.8276,140.1369,141.3658,0.1926,0.1048,132936.327,97467.4613,cpu_stress,inventory-service,2026-06-09 14:40:00,2026-06-09 14:55:00,post_fault,2.1924148,1
2026-06-09 15:01:45,1605,EXP_FAULT_02,RUN_02,cpu_stress,1,currencyservice,currency-f02-06,online-boutique,node-a,0.2254,29.6398,0,139.3322,0.001367,4.8464,3.5366,7.7379,10.5079,14.94,137.9044,139.1417,0.0805,0.11,167690.5949,115565.7204,cpu_stress,inventory-service,2026-06-09 14:40:00,2026-06-09 14:55:00,post_fault,1.1901817,1
2026-06-09 15:01:50,1610,EXP_FAULT_02,RUN_02,cpu_stress,1,currencyservice,currency-f02-06,online-boutique,node-a,0.2377,29.1652,0,147.6843,0.00209,4.4956,3.5914,7.852,8.9871,13.6994,146.0763,147.3755,0.2298,0.0789,164070.1673,99515.8421,cpu_stress,inventory-service,2026-06-09 14:40:00,2026-06-09 14:55:00,post_fault,0.56460345,0
2026-06-09 15:01:55,1615,EXP_FAULT_02,RUN_02,cpu_stress,1,currencyservice,currency-f02-06,online-boutique,node-a,0.2331,28.9653,0,141.4858,0.001098,4.6344,3.2498,7.878,10.2194,13.3792,140.0957,141.3305,0.0886,0.0667,140697.357,139318.043,cpu_stress,inventory-service,2026-06-09 14:40:00,2026-06-09 14:55:00,post_fault,0.237537,0
2026-06-09 15:02:00,1620,EXP_FAULT_02,RUN_02,cpu_stress,1,currencyservice,currency-f02-06,online-boutique,node-a,0.235,29.1005,0,136.9957,0.001852,4.7655,3.6877,8.2542,9.9418,13.6777,135.6262,136.7419,0.1516,0.1022,116845.3451,137552.1427,cpu_stress,inventory-service,2026-06-09 14:40:00,2026-06-09 14:55:00,post_fault,1.245312,1
2026-06-09 15:02:05,1625,EXP_FAULT_02,RUN_02,cpu_stress,1,currencyservice,currency-f02-06,online-boutique,node-a,0.2184,29.3416,0,140.6494,0.001616,4.3432,3.321,7.2196,9.0909,12.1129,139.2406,140.4221,0.1359,0.0914,136213.5675,99327.8295,cpu_stress,inventory-service,2026-06-09 14:40:00,2026-06-09 14:55:00,post_fault,0.60800505,0
2026-06-09 15:02:10,1630,EXP_FAULT_02,RUN_02,cpu_stress,1,currencyservice,currency-f02-06,online-boutique,node-a,0.2408,29.387,0,141.4383,0.001598,4.3257,3.3645,6.6474,8.9485,11.7304,140.081,141.2123,0.1379,0.0881,164115.0753,103460.2985,cpu_stress,inventory-service,2026-06-09 14:40:00,2026-06-09 14:55:00,post_fault,0.23584361,0
2026-06-09 15:02:15,1635,EXP_FAULT_02,RUN_02,cpu_stress,1,currencyservice,currency-f02-06,online-boutique,node-a,0.238,29.7022,0,145.817,0.001054,4.8944,3.8902,7.8296,9.346,13.5852,144.4377,145.6632,0.0461,0.1077,143106.8868,124469.1303,cpu_stress,inventory-service,2026-06-09 14:40:00,2026-06-09 14:55:00,post_fault,0.6621865,0
2026-06-09 15:02:20,1640,EXP_FAULT_02,RUN_02,cpu_stress,1,currencyservice,currency-f02-06,online-boutique,node-a,0.2336,29.6281,0,138.8034,0.001605,4.6665,3.3011,7.6634,8.9655,13.5331,137.489,138.5806,0.1564,0.0663,171583.1303,118755.0928,cpu_stress,inventory-service,2026-06-09 14:40:00,2026-06-09 14:55:00,post_fault,0.9202008,0
2026-06-09 15:02:25,1645,EXP_FAULT_02,RUN_02,cpu_stress,1,currencyservice,currency-f02-06,online-boutique,node-a,0.2355,29.5578,0,145.8311,0.00147,4.6127,3.4984,7.4227,9.6714,13.1424,144.4576,145.6168,0.1452,0.0691,171091.5881,115033.8902,cpu_stress,inventory-service,2026-06-09 14:40:00,2026-06-09 14:55:00,post_fault,0.45771623,0
2026-06-09 15:02:30,1650,EXP_FAULT_02,RUN_02,cpu_stress,1,currencyservice,currency-f02-06,online-boutique,node-a,0.2297,30.1339,0,140.0434,0.001194,4.7222,3.673,7.7242,10.1568,12.6469,138.789,139.8762,0.0775,0.0897,117002.3357,114713.4198,cpu_stress,inventory-service,2026-06-09 14:40:00,2026-06-09 14:55:00,post_fault,0.7586638,0
2026-06-09 15:02:35,1655,EXP_FAULT_02,RUN_02,cpu_stress,1,currencyservice,currency-f02-06,online-boutique,node-a,0.2327,29.5916,0,141.8808,0.001066,4.9784,3.4945,7.942,11.0045,14.0938,140.5978,141.7295,0.0479,0.1034,139175.1549,130649.8405,cpu_stress,inventory-service,2026-06-09 14:40:00,2026-06-09 14:55:00,post_fault,0.97664785,1
2026-06-09 15:02:40,1660,EXP_FAULT_02,RUN_02,cpu_stress,1,currencyservice,currency-f02-06,online-boutique,node-a,0.2476,29.7545,0,138.7382,0.001401,4.562,3.2075,7.9706,9.0227,12.8371,137.4967,138.5438,0.1322,0.0622,147115.5883,129396.4766,cpu_stress,inventory-service,2026-06-09 14:40:00,2026-06-09 14:55:00,post_fault,0.8086766,0
2026-06-09 15:02:45,1665,EXP_FAULT_02,RUN_02,cpu_stress,1,currencyservice,currency-f02-06,online-boutique,node-a,0.2398,29.1134,0,141.1756,0.001648,4.1061,2.8735,7.1547,7.9659,11.7764,139.8832,140.943,0.1333,0.0992,163725.8307,133918.6154,cpu_stress,inventory-service,2026-06-09 14:40:00,2026-06-09 14:55:00,post_fault,0.07314974,0
2026-06-09 15:02:50,1670,EXP_FAULT_02,RUN_02,cpu_stress,1,currencyservice,currency-f02-06,online-boutique,node-a,0.2403,29.8242,0,141.2405,0.000951,5.3661,4.0226,8.6777,11.2995,17.0408,140.0402,141.1062,0.049,0.0854,127714.735,114762.3281,cpu_stress,inventory-service,2026-06-09 14:40:00,2026-06-09 14:55:00,post_fault,2.1791806,1
2026-06-09 15:02:55,1675,EXP_FAULT_02,RUN_02,cpu_stress,1,currencyservice,currency-f02-06,online-boutique,node-a,0.2433,29.966,0,137.1247,0.002061,4.2598,3.3407,7.4856,8.2179,13.4533,135.8847,136.8421,0.1877,0.0949,150264.1003,97481.0647,cpu_stress,inventory-service,2026-06-09 14:40:00,2026-06-09 14:55:00,post_fault,0.6984537,0
2026-06-09 15:03:00,1680,EXP_FAULT_02,RUN_02,cpu_stress,1,currencyservice,currency-f02-06,online-boutique,node-a,0.2429,28.9646,0,142.0313,0.001695,4.6325,3.6614,7.4774,9.7233,14.0188,140.7811,141.7905,0.1448,0.096,157092.8371,135455.3668,cpu_stress,inventory-service,2026-06-09 14:40:00,2026-06-09 14:55:00,post_fault,0.6220852,0
2026-06-09 15:03:05,1685,EXP_FAULT_02,RUN_02,cpu_stress,1,currencyservice,currency-f02-06,online-boutique,node-a,0.232,29.5481,0,142.0809,0.001414,4.5694,3.2392,8.0275,9.7997,12.3284,140.9079,141.88,0.1384,0.0625,147921.3927,138208.1175,cpu_stress,inventory-service,2026-06-09 14:40:00,2026-06-09 14:55:00,post_fault,0.44302407,0
2026-06-09 15:03:10,1690,EXP_FAULT_02,RUN_02,cpu_stress,1,currencyservice,currency-f02-06,online-boutique,node-a,0.2362,29.4091,0,142.1943,0.001192,4.7412,3.5262,7.4635,9.8795,12.5464,141.0305,142.0248,0.076,0.0934,153351.1004,114967.7975,cpu_stress,inventory-service,2026-06-09 14:40:00,2026-06-09 14:55:00,post_fault,0.5416635,0
2026-06-09 15:03:15,1695,EXP_FAULT_02,RUN_02,cpu_stress,1,currencyservice,currency-f02-06,online-boutique,node-a,0.2412,30.4489,0,139.3831,0.001218,4.5303,3.218,7.7,9.1737,13.4367,138.2354,139.2134,0.0794,0.0903,176739.0834,116563.8682,cpu_stress,inventory-service,2026-06-09 14:40:00,2026-06-09 14:55:00,post_fault,0.61075056,0
2026-06-09 15:03:20,1700,EXP_FAULT_02,RUN_02,cpu_stress,1,currencyservice,currency-f02-06,online-boutique,node-a,0.2267,28.4858,0,137.307,0.001675,4.5599,3.6284,7.9509,10.0055,13.1112,136.1669,137.0771,0.1797,0.0502,141394.1768,120144.6674,cpu_stress,inventory-service,2026-06-09 14:40:00,2026-06-09 14:55:00,post_fault,0.42731467,0
2026-06-09 15:03:25,1705,EXP_FAULT_02,RUN_02,cpu_stress,1,currencyservice,currency-f02-06,online-boutique,node-a,0.2208,29.756,0,140.6576,0.000741,4.4025,3.0757,7.1108,9.6711,11.579,139.5898,140.5534,0.0352,0.0689,138237.3711,112570.1501,cpu_stress,inventory-service,2026-06-09 14:40:00,2026-06-09 14:55:00,post_fault,0.21484594,0
2026-06-09 15:03:30,1710,EXP_FAULT_02,RUN_02,cpu_stress,1,currencyservice,currency-f02-06,online-boutique,node-a,0.2416,29.3302,0,142.0238,0.001723,4.6831,3.7358,7.5403,8.8832,14.3531,140.8881,141.7791,0.1715,0.0732,121862.5273,140691.4392,cpu_stress,inventory-service,2026-06-09 14:40:00,2026-06-09 14:55:00,post_fault,0.84067214,0
2026-06-09 15:03:35,1715,EXP_FAULT_02,RUN_02,cpu_stress,1,currencyservice,currency-f02-06,online-boutique,node-a,0.2216,29.5137,0,136.3453,0.000959,4.7102,3.7963,7.4749,9.5162,12.3691,135.3242,136.2146,0.052,0.0787,172089.2756,130412.6434,cpu_stress,inventory-service,2026-06-09 14:40:00,2026-06-09 14:55:00,post_fault,0.636659,0
2026-06-09 15:03:40,1720,EXP_FAULT_02,RUN_02,cpu_stress,1,currencyservice,currency-f02-06,online-boutique,node-a,0.2324,29.1466,0,132.5789,0.001295,4.9202,3.6693,8.1611,9.5533,13.3131,131.5371,132.4072,0.1021,0.0696,108899.563,117072.1304,cpu_stress,inventory-service,2026-06-09 14:40:00,2026-06-09 14:55:00,post_fault,1.2815101,1
2026-06-09 15:03:45,1725,EXP_FAULT_02,RUN_02,cpu_stress,1,currencyservice,currency-f02-06,online-boutique,node-a,0.2412,28.7978,0,133.6095,0.001572,4.8011,3.4167,8.3667,9.9567,13.9748,132.5492,133.3994,0.1526,0.0574,168387.3399,127978.4107,cpu_stress,inventory-service,2026-06-09 14:40:00,2026-06-09 14:55:00,post_fault,1.1878196,1
2026-06-09 15:03:50,1730,EXP_FAULT_02,RUN_02,cpu_stress,1,currencyservice,currency-f02-06,online-boutique,node-a,0.2192,29.2373,0,133.551,0.001826,4.301,3.2012,7.0517,8.3864,12.328,132.4744,133.3071,0.1573,0.0865,110316.9465,127723.1242,cpu_stress,inventory-service,2026-06-09 14:40:00,2026-06-09 14:55:00,post_fault,0.6759344,0
2026-06-09 15:03:55,1735,EXP_FAULT_02,RUN_02,cpu_stress,1,currencyservice,currency-f02-06,online-boutique,node-a,0.2302,29.6387,0,137.4741,0.001301,4.841,3.6138,8.0738,9.7663,13.318,136.4825,137.2953,0.1205,0.0584,144493.2407,100186.1047,cpu_stress,inventory-service,2026-06-09 14:40:00,2026-06-09 14:55:00,post_fault,1.0630583,1
2026-06-09 15:04:00,1740,EXP_FAULT_02,RUN_02,cpu_stress,1,currencyservice,currency-f02-06,online-boutique,node-a,0.2353,29.4731,0,133.7943,0.001567,4.2547,3.3246,7.0358,8.157,11.4228,132.8228,133.5846,0.1463,0.0634,154377.4381,127984.3022,cpu_stress,inventory-service,2026-06-09 14:40:00,2026-06-09 14:55:00,post_fault,0.28222933,0
2026-06-09 15:04:05,1745,EXP_FAULT_02,RUN_02,cpu_stress,1,currencyservice,currency-f02-06,online-boutique,node-a,0.2268,29.6058,0,134.4388,0.0021,4.6978,3.7641,7.5924,9.2065,12.9204,133.4434,134.1564,0.2046,0.0777,139152.3212,120024.2164,cpu_stress,inventory-service,2026-06-09 14:40:00,2026-06-09 14:55:00,post_fault,1.9947952,1
2026-06-09 15:04:10,1750,EXP_FAULT_02,RUN_02,cpu_stress,1,currencyservice,currency-f02-06,online-boutique,node-a,0.2419,29.7831,0,135.3057,0.001262,4.423,3.2897,7.1335,9.4173,12.4418,134.3636,135.135,0.1241,0.0466,129832.3044,117750.2822,cpu_stress,inventory-service,2026-06-09 14:40:00,2026-06-09 14:55:00,post_fault,0.5201208,0
2026-06-09 15:04:15,1755,EXP_FAULT_02,RUN_02,cpu_stress,1,currencyservice,currency-f02-06,online-boutique,node-a,0.2461,29.6457,0,134.1112,0.000753,4.9147,3.7481,7.5386,10.3326,13.6367,133.1987,134.0102,0.0542,0.0467,122192.9857,96167.0741,cpu_stress,inventory-service,2026-06-09 14:40:00,2026-06-09 14:55:00,post_fault,1.2910473,1
2026-06-09 15:04:20,1760,EXP_FAULT_02,RUN_02,cpu_stress,1,currencyservice,currency-f02-06,online-boutique,node-a,0.2391,29.6667,0,135.1573,0.001049,4.4702,3.1296,6.7585,8.4932,13.4782,134.2066,135.0155,0.0791,0.0627,135709.5243,120360.3011,cpu_stress,inventory-service,2026-06-09 14:40:00,2026-06-09 14:55:00,post_fault,0.431775,0
2026-06-09 15:04:25,1765,EXP_FAULT_02,RUN_02,cpu_stress,1,currencyservice,currency-f02-06,online-boutique,node-a,0.2377,29.4276,0,133.6796,0.001383,4.344,3.0192,7.4517,8.2291,12.5259,132.7236,133.4946,0.0992,0.0857,120990.7334,102031.4121,cpu_stress,inventory-service,2026-06-09 14:40:00,2026-06-09 14:55:00,post_fault,0.36483738,0
2026-06-09 15:04:30,1770,EXP_FAULT_02,RUN_02,cpu_stress,1,currencyservice,currency-f02-06,online-boutique,node-a,0.2341,29.2615,0,128.8311,0.001285,4.5825,3.526,7.1347,9.0314,13.1098,127.9242,128.6657,0.089,0.0765,155619.8003,103144.8172,cpu_stress,inventory-service,2026-06-09 14:40:00,2026-06-09 14:55:00,post_fault,0.7546198,0
2026-06-09 15:04:35,1775,EXP_FAULT_02,RUN_02,cpu_stress,1,currencyservice,currency-f02-06,online-boutique,node-a,0.2251,29.2927,0,136.0864,0.001884,4.5219,3.1557,7.2761,8.5186,12.4787,135.0376,135.83,0.1711,0.0853,137955.3133,140247.2268,cpu_stress,inventory-service,2026-06-09 14:40:00,2026-06-09 14:55:00,post_fault,0.9772215,1
2026-06-09 15:04:40,1780,EXP_FAULT_02,RUN_02,cpu_stress,1,currencyservice,currency-f02-06,online-boutique,node-a,0.2323,29.2656,0,132.0007,0.000893,4.1919,3.3228,6.8023,8.033,12.6084,131.0918,131.8828,0.0644,0.0535,157723.0894,133661.0032,cpu_stress,inventory-service,2026-06-09 14:40:00,2026-06-09 14:55:00,post_fault,0.18765752,0
2026-06-09 15:04:45,1785,EXP_FAULT_02,RUN_02,cpu_stress,1,currencyservice,currency-f02-06,online-boutique,node-a,0.2395,29.5771,0,135.9624,0.001414,4.1029,3.2517,6.885,8.1515,11.5186,134.9702,135.7701,0.1103,0.082,147234.9923,98207.8985,cpu_stress,inventory-service,2026-06-09 14:40:00,2026-06-09 14:55:00,post_fault,0.1697383,0
2026-06-09 15:04:50,1790,EXP_FAULT_02,RUN_02,cpu_stress,1,currencyservice,currency-f02-06,online-boutique,node-a,0.2311,29.317,0,133.1248,0.00105,4.3374,3.1019,7.0759,8.4304,13.2691,132.2092,132.9851,0.0893,0.0505,143294.4488,121296.7864,cpu_stress,inventory-service,2026-06-09 14:40:00,2026-06-09 14:55:00,post_fault,0.17032304,0
2026-06-09 15:04:55,1795,EXP_FAULT_02,RUN_02,cpu_stress,1,currencyservice,currency-f02-06,online-boutique,node-a,0.2358,29.3406,0,135.5666,0.001121,3.7872,2.7553,6.2117,7.9841,11.2045,134.5997,135.4147,0.0858,0.0661,125713.3075,107393.0961,cpu_stress,inventory-service,2026-06-09 14:40:00,2026-06-09 14:55:00,post_fault,0.30333388,0
2026-06-09 15:10:00,0,EXP_FAULT_03,RUN_03,memory_stress,1,currencyservice,currency-f03-06,online-boutique,node-a,0.2406,28.997,0,153.6454,0.001087,4.2896,3.4965,6.5874,8.301,10.2833,153.5239,153.4784,0.1556,0.0114,195481.7687,150223.1872,memory_stress,checkoutservice,2026-06-09 15:15:00,2026-06-09 15:30:00,pre_fault,0.09541513,0
2026-06-09 15:10:05,5,EXP_FAULT_03,RUN_03,memory_stress,1,currencyservice,currency-f03-06,online-boutique,node-a,0.2378,28.7595,0,158.8561,0.001487,4.316,3.14,6.5729,8.6664,10.2169,158.7399,158.6198,0.2299,0.0063,133268.5709,145615.3463,memory_stress,checkoutservice,2026-06-09 15:15:00,2026-06-09 15:30:00,pre_fault,0.020814376,0
2026-06-09 15:10:10,10,EXP_FAULT_03,RUN_03,memory_stress,1,currencyservice,currency-f03-06,online-boutique,node-a,0.2366,28.9055,0,156.346,0.000534,4.7761,3.5144,7.5109,8.6436,11.6367,156.2992,156.2625,0.0679,0.0157,157136.611,113435.996,memory_stress,checkoutservice,2026-06-09 15:15:00,2026-06-09 15:30:00,pre_fault,0.016539713,0
2026-06-09 15:10:15,15,EXP_FAULT_03,RUN_03,memory_stress,1,currencyservice,currency-f03-06,online-boutique,node-a,0.238,29.4502,0,159.346,0.00045,4.309,3.1216,6.5557,8.7303,11.8491,159.2993,159.2743,0.0712,0.0005,157036.1037,158506.6432,memory_stress,checkoutservice,2026-06-09 15:15:00,2026-06-09 15:30:00,pre_fault,0.30161104,0
2026-06-09 15:10:20,20,EXP_FAULT_03,RUN_03,memory_stress,1,currencyservice,currency-f03-06,online-boutique,node-a,0.2437,28.6512,0,153.8702,0.001207,4.6241,3.5621,7.0073,8.2588,11.696,153.7379,153.6846,0.1809,0.0048,155352.8181,117078.9786,memory_stress,checkoutservice,2026-06-09 15:15:00,2026-06-09 15:30:00,pre_fault,0.13196014,0
2026-06-09 15:10:25,25,EXP_FAULT_03,RUN_03,memory_stress,1,currencyservice,currency-f03-06,online-boutique,node-a,0.2282,29.2237,0,153.521,0.000759,4.4951,3.3791,7.1383,8.0702,11.2313,153.4614,153.4045,0.0825,0.034,176953.354,140608.4003,memory_stress,checkoutservice,2026-06-09 15:15:00,2026-06-09 15:30:00,pre_fault,0.043107964,0
2026-06-09 15:10:30,30,EXP_FAULT_03,RUN_03,memory_stress,1,currencyservice,currency-f03-06,online-boutique,node-a,0.2464,28.9237,0,154.1925,0.001034,4.4007,3.4861,7.1149,7.7223,12.5084,154.128,154.033,0.1464,0.0131,150877.966,160237.1238,memory_stress,checkoutservice,2026-06-09 15:15:00,2026-06-09 15:30:00,pre_fault,0.22453573,0
2026-06-09 15:10:35,35,EXP_FAULT_03,RUN_03,memory_stress,1,currencyservice,currency-f03-06,online-boutique,node-a,0.2505,29.0229,0,153.2808,0.000827,4.5344,3.2147,6.7046,8.5828,12.8601,153.2011,153.154,0.0923,0.0345,135450.9066,101457.5168,memory_stress,checkoutservice,2026-06-09 15:15:00,2026-06-09 15:30:00,pre_fault,0.4197433,0
2026-06-09 15:10:40,40,EXP_FAULT_03,RUN_03,memory_stress,1,currencyservice,currency-f03-06,online-boutique,node-a,0.2517,29.0267,0,151.5129,0.000637,4.4262,3.5227,6.6192,8.3309,12.1196,151.4608,151.4165,0.0782,0.0182,143879.3039,112270.8281,memory_stress,checkoutservice,2026-06-09 15:15:00,2026-06-09 15:30:00,pre_fault,0.7024826,0
2026-06-09 15:10:45,45,EXP_FAULT_03,RUN_03,memory_stress,1,currencyservice,currency-f03-06,online-boutique,node-a,0.2407,29.5036,0,150.9371,0.00158,4.0965,3.0854,6.4533,7.6229,10.6811,150.7659,150.6987,0.1962,0.0422,139121.548,135154.3972,memory_stress,checkoutservice,2026-06-09 15:15:00,2026-06-09 15:30:00,pre_fault,0.0057604173,0
2026-06-09 15:10:50,50,EXP_FAULT_03,RUN_03,memory_stress,1,currencyservice,currency-f03-06,online-boutique,node-a,0.2303,29.044,0,147.8497,0.000515,4.2981,3.4542,6.387,8.5949,10.4446,147.8053,147.7736,0.0463,0.0299,167197.1382,117952.9924,memory_stress,checkoutservice,2026-06-09 15:15:00,2026-06-09 15:30:00,pre_fault,0.15796027,0
2026-06-09 15:10:55,55,EXP_FAULT_03,RUN_03,memory_stress,1,currencyservice,currency-f03-06,online-boutique,node-a,0.2495,28.67,0,147.4769,0.000718,4.6593,3.6467,7.3155,8.4419,11.0172,147.4228,147.3709,0.0859,0.02,173584.2997,153210.5765,memory_stress,checkoutservice,2026-06-09 15:15:00,2026-06-09 15:30:00,pre_fault,0.6478076,0
2026-06-09 15:11:00,60,EXP_FAULT_03,RUN_03,memory_stress,1,currencyservice,currency-f03-06,online-boutique,node-a,0.2369,28.441,0,147.8528,0.001346,4.6166,3.5688,7.108,8.5323,12.035,147.756,147.6537,0.1919,0.0071,127207.188,108904.2879,memory_stress,checkoutservice,2026-06-09 15:15:00,2026-06-09 15:30:00,pre_fault,0.12548074,0
2026-06-09 15:11:05,65,EXP_FAULT_03,RUN_03,memory_stress,1,currencyservice,currency-f03-06,online-boutique,node-a,0.2293,28.5178,0,144.8846,0.001583,4.2298,2.9997,6.6018,8.0826,10.5894,144.76,144.6552,0.2268,0.0026,180381.23,126085.9577,memory_stress,checkoutservice,2026-06-09 15:15:00,2026-06-09 15:30:00,pre_fault,0.023696396,0
2026-06-09 15:11:10,70,EXP_FAULT_03,RUN_03,memory_stress,1,currencyservice,currency-f03-06,online-boutique,node-a,0.2326,28.758,0,147.5011,0.000654,4.5744,3.3741,7.2989,8.0099,10.863,147.4573,147.4047,0.0855,0.0109,131364.1897,144590.3567,memory_stress,checkoutservice,2026-06-09 15:15:00,2026-06-09 15:30:00,pre_fault,0.03783518,0
2026-06-09 15:11:15,75,EXP_FAULT_03,RUN_03,memory_stress,1,currencyservice,currency-f03-06,online-boutique,node-a,0.2415,28.628,0,139.5479,0.00068,4.0324,3.1598,6.224,7.865,10.2747,139.4782,139.4531,0.0732,0.0216,177708.422,135453.2659,memory_stress,checkoutservice,2026-06-09 15:15:00,2026-06-09 15:30:00,pre_fault,0.9235442,0
2026-06-09 15:11:20,80,EXP_FAULT_03,RUN_03,memory_stress,1,currencyservice,currency-f03-06,online-boutique,node-a,0.2295,29.4049,0,140.3697,0.000878,4.361,3.3511,7.1543,7.9432,10.6714,140.317,140.2465,0.1002,0.023,165467.8338,121616.8377,memory_stress,checkoutservice,2026-06-09 15:15:00,2026-06-09 15:30:00,pre_fault,0.031675804,0
2026-06-09 15:11:25,85,EXP_FAULT_03,RUN_03,memory_stress,1,currencyservice,currency-f03-06,online-boutique,node-a,0.247,29.4669,0,140.6782,0.000809,4.8155,3.7465,7.6082,9.186,11.9522,140.6091,140.5645,0.0783,0.0355,148871.9597,122198.3378,memory_stress,checkoutservice,2026-06-09 15:15:00,2026-06-09 15:30:00,pre_fault,0.81367695,0
2026-06-09 15:11:30,90,EXP_FAULT_03,RUN_03,memory_stress,1,currencyservice,currency-f03-06,online-boutique,node-a,0.2312,28.7401,0,141.8468,0.001177,4.0488,3.0097,6.8292,7.9778,9.929,141.7249,141.6798,0.1363,0.0307,170371.9638,113744.6646,memory_stress,checkoutservice,2026-06-09 15:15:00,2026-06-09 15:30:00,pre_fault,0.09723675,0
2026-06-09 15:11:35,95,EXP_FAULT_03,RUN_03,memory_stress,1,currencyservice,currency-f03-06,online-boutique,node-a,0.2515,29.4168,0,143.2316,0.001409,4.414,3.5363,7.0749,8.0556,12.1627,143.105,143.0298,0.1641,0.0378,120553.5007,118492.9592,memory_stress,checkoutservice,2026-06-09 15:15:00,2026-06-09 15:30:00,pre_fault,0.56801784,0
2026-06-09 15:11:40,100,EXP_FAULT_03,RUN_03,memory_stress,1,currencyservice,currency-f03-06,online-boutique,node-a,0.224,28.9215,0,139.1406,0.000954,4.367,3.5244,6.4334,8.5288,11.7496,139.0736,139.0078,0.1079,0.0249,126228.4222,101600.3743,memory_stress,checkoutservice,2026-06-09 15:15:00,2026-06-09 15:30:00,pre_fault,0.0219673,0
2026-06-09 15:11:45,105,EXP_FAULT_03,RUN_03,memory_stress,1,currencyservice,currency-f03-06,online-boutique,node-a,0.2358,28.9566,0,139.1057,0.00069,4.0901,2.9267,6.8233,7.9299,10.4446,139.0594,139.0097,0.0693,0.0267,162344.4175,135716.4496,memory_stress,checkoutservice,2026-06-09 15:15:00,2026-06-09 15:30:00,pre_fault,0.42345944,0
2026-06-09 15:11:50,110,EXP_FAULT_03,RUN_03,memory_stress,1,currencyservice,currency-f03-06,online-boutique,node-a,0.2211,28.3242,0,139.9911,0.001606,4.2318,3.3844,6.9886,8.0476,11.9276,139.8249,139.7663,0.1808,0.0441,155101.1022,93814.958,memory_stress,checkoutservice,2026-06-09 15:15:00,2026-06-09 15:30:00,pre_fault,0.12522191,0
2026-06-09 15:11:55,115,EXP_FAULT_03,RUN_03,memory_stress,1,currencyservice,currency-f03-06,online-boutique,node-a,0.2354,28.9365,0,140.2879,0.000587,4.4009,3.4838,6.7868,8.2743,11.7193,140.2382,140.2055,0.064,0.0183,131124.1572,113400.31,memory_stress,checkoutservice,2026-06-09 15:15:00,2026-06-09 15:30:00,pre_fault,0.23966968,0
2026-06-09 15:12:00,120,EXP_FAULT_03,RUN_03,memory_stress,1,currencyservice,currency-f03-06,online-boutique,node-a,0.2437,28.6063,0,140.0899,0.000589,4.659,3.2627,7.7207,8.2553,11.4064,140.0502,140.0073,0.0429,0.0397,140610.2876,142607.5539,memory_stress,checkoutservice,2026-06-09 15:15:00,2026-06-09 15:30:00,pre_fault,0.63390744,0
2026-06-09 15:12:05,125,EXP_FAULT_03,RUN_03,memory_stress,1,currencyservice,currency-f03-06,online-boutique,node-a,0.2331,29.0547,0,139.6443,0.001285,4.1317,2.9708,6.7487,8.2335,11.4464,139.5451,139.4649,0.1511,0.0283,171060.8627,94930.5649,memory_stress,checkoutservice,2026-06-09 15:15:00,2026-06-09 15:30:00,pre_fault,0.028320875,0
2026-06-09 15:12:10,130,EXP_FAULT_03,RUN_03,memory_stress,1,currencyservice,currency-f03-06,online-boutique,node-a,0.242,29.1296,0,143.8229,0.001025,4.1279,3.2899,6.3275,8.3461,10.3125,143.7422,143.6755,0.101,0.0464,166503.1501,122654.7084,memory_stress,checkoutservice,2026-06-09 15:15:00,2026-06-09 15:30:00,pre_fault,0.2948433,0
2026-06-09 15:12:15,135,EXP_FAULT_03,RUN_03,memory_stress,1,currencyservice,currency-f03-06,online-boutique,node-a,0.2421,28.6828,0,139.9904,0.001293,4.5791,3.7103,7.5078,8.9292,11.3922,139.9243,139.8094,0.1754,0.0056,168974.4286,101656.3183,memory_stress,checkoutservice,2026-06-09 15:15:00,2026-06-09 15:30:00,pre_fault,0.4407251,0
2026-06-09 15:12:20,140,EXP_FAULT_03,RUN_03,memory_stress,1,currencyservice,currency-f03-06,online-boutique,node-a,0.2371,28.4628,0,136.3761,0.000422,4.5583,3.5898,7.0808,8.7536,10.7367,136.3368,136.3185,0.0351,0.0225,126642.4614,140001.2965,memory_stress,checkoutservice,2026-06-09 15:15:00,2026-06-09 15:30:00,pre_fault,0.5414516,0
2026-06-09 15:12:25,145,EXP_FAULT_03,RUN_03,memory_stress,1,currencyservice,currency-f03-06,online-boutique,node-a,0.2432,28.7696,0,143.3517,0.00084,4.7991,3.6117,7.2273,8.9779,12.1524,143.2894,143.2313,0.0784,0.042,154927.8693,94971.8266,memory_stress,checkoutservice,2026-06-09 15:15:00,2026-06-09 15:30:00,pre_fault,0.5019638,0
2026-06-09 15:12:30,150,EXP_FAULT_03,RUN_03,memory_stress,1,currencyservice,currency-f03-06,online-boutique,node-a,0.252,28.7203,0,147.2294,0.001675,4.701,3.7088,7.3604,9.2937,12.9901,147.123,146.9829,0.2036,0.043,178885.467,120348.5055,memory_stress,checkoutservice,2026-06-09 15:15:00,2026-06-09 15:30:00,pre_fault,0.7165016,0
2026-06-09 15:12:35,155,EXP_FAULT_03,RUN_03,memory_stress,1,currencyservice,currency-f03-06,online-boutique,node-a,0.2314,28.9714,0,142.6152,0.001846,4.2073,3.1759,7.0341,7.8539,10.6439,142.4623,142.3519,0.2222,0.0411,121452.2498,126098.9861,memory_stress,checkoutservice,2026-06-09 15:15:00,2026-06-09 15:30:00,pre_fault,0.12533483,0
2026-06-09 15:12:40,160,EXP_FAULT_03,RUN_03,memory_stress,1,currencyservice,currency-f03-06,online-boutique,node-a,0.244,28.5393,0,150.5856,0.000834,3.9804,3.0217,6.7232,7.5952,9.4071,150.5166,150.4601,0.1103,0.0152,157372.6905,100920.4752,memory_stress,checkoutservice,2026-06-09 15:15:00,2026-06-09 15:30:00,pre_fault,0.9583228,0
2026-06-09 15:12:45,165,EXP_FAULT_03,RUN_03,memory_stress,1,currencyservice,currency-f03-06,online-boutique,node-a,0.2363,29.186,0,145.0332,0.001016,4.3116,3.0608,6.7405,8.0722,10.4501,144.9613,144.8859,0.1205,0.0268,123330.9432,139421.4737,memory_stress,checkoutservice,2026-06-09 15:15:00,2026-06-09 15:30:00,pre_fault,0.05951923,0
2026-06-09 15:12:50,170,EXP_FAULT_03,RUN_03,memory_stress,1,currencyservice,currency-f03-06,online-boutique,node-a,0.2383,28.9706,0,145.2589,0.000645,4.2575,3.0327,7.0245,7.5502,12.0342,145.195,145.1653,0.065,0.0286,136474.3806,114359.0848,memory_stress,checkoutservice,2026-06-09 15:15:00,2026-06-09 15:30:00,pre_fault,0.34064913,0
2026-06-09 15:12:55,175,EXP_FAULT_03,RUN_03,memory_stress,1,currencyservice,currency-f03-06,online-boutique,node-a,0.2363,28.7853,0,141.2895,0.001515,4.4685,3.5494,7.3415,8.1655,11.2198,141.2121,141.0755,0.1785,0.0355,158023.32,111776.1353,memory_stress,checkoutservice,2026-06-09 15:15:00,2026-06-09 15:30:00,pre_fault,0.21128556,0
2026-06-09 15:13:00,180,EXP_FAULT_03,RUN_03,memory_stress,1,currencyservice,currency-f03-06,online-boutique,node-a,0.2412,29.2292,0,141.4251,0.000521,4.2401,3.1535,6.4804,7.5913,11.2793,141.3946,141.3514,0.0432,0.0305,137616.3543,118841.8141,memory_stress,checkoutservice,2026-06-09 15:15:00,2026-06-09 15:30:00,pre_fault,0.56827,0
2026-06-09 15:13:05,185,EXP_FAULT_03,RUN_03,memory_stress,1,currencyservice,currency-f03-06,online-boutique,node-a,0.2294,28.9592,0,147.1123,0.001182,4.3011,3.4412,7.2776,8.1676,10.1617,147.0297,146.9385,0.1552,0.0187,124143.9996,129889.0945,memory_stress,checkoutservice,2026-06-09 15:15:00,2026-06-09 15:30:00,pre_fault,0.0069801062,0
2026-06-09 15:13:10,190,EXP_FAULT_03,RUN_03,memory_stress,1,currencyservice,currency-f03-06,online-boutique,node-a,0.238,29.476,0,144.1464,0.000731,4.1979,3.2712,6.5169,8.2014,11.9113,144.0767,144.0411,0.0753,0.0301,158637.1909,94033.7891,memory_stress,checkoutservice,2026-06-09 15:15:00,2026-06-09 15:30:00,pre_fault,0.22451523,0
2026-06-09 15:13:15,195,EXP_FAULT_03,RUN_03,memory_stress,1,currencyservice,currency-f03-06,online-boutique,node-a,0.2433,28.5012,0,145.9577,0.001108,4.4013,3.3595,7.1994,8.3641,10.9061,145.8475,145.796,0.1407,0.021,168295.2706,137156.0646,memory_stress,checkoutservice,2026-06-09 15:15:00,2026-06-09 15:30:00,pre_fault,0.29785684,0
2026-06-09 15:13:20,200,EXP_FAULT_03,RUN_03,memory_stress,1,currencyservice,currency-f03-06,online-boutique,node-a,0.2328,28.0893,0,143.2335,0.001768,4.2193,3.453,6.6046,8.0258,10.8275,143.1153,142.9802,0.2205,0.0327,181512.9644,132209.9122,memory_stress,checkoutservice,2026-06-09 15:15:00,2026-06-09 15:30:00,pre_fault,0.027387101,0
2026-06-09 15:13:25,205,EXP_FAULT_03,RUN_03,memory_stress,1,currencyservice,currency-f03-06,online-boutique,node-a,0.2326,29.8008,0,146.3249,0.001354,4.541,3.4272,6.632,9.0243,12.5086,146.2163,146.1268,0.1485,0.0497,184597.5187,108086.8512,memory_stress,checkoutservice,2026-06-09 15:15:00,2026-06-09 15:30:00,pre_fault,0.33299765,0
2026-06-09 15:13:30,210,EXP_FAULT_03,RUN_03,memory_stress,1,currencyservice,currency-f03-06,online-boutique,node-a,0.236,28.8377,0,145.8267,0.00148,4.2908,3.091,6.6499,8.1062,10.8334,145.7273,145.6109,0.2037,0.0121,155399.0848,131699.3636,memory_stress,checkoutservice,2026-06-09 15:15:00,2026-06-09 15:30:00,pre_fault,0.023485944,0
2026-06-09 15:13:35,215,EXP_FAULT_03,RUN_03,memory_stress,1,currencyservice,currency-f03-06,online-boutique,node-a,0.2351,28.9687,0,141.6691,0.001397,4.2251,3.1732,6.498,7.9482,11.5618,141.5918,141.4712,0.1659,0.032,165512.063,107108.442,memory_stress,checkoutservice,2026-06-09 15:15:00,2026-06-09 15:30:00,pre_fault,0.037783243,0
2026-06-09 15:13:40,220,EXP_FAULT_03,RUN_03,memory_stress,1,currencyservice,currency-f03-06,online-boutique,node-a,0.2396,28.7306,0,139.6407,0.001021,4.4634,3.2115,7.5198,8.0231,11.9277,139.5661,139.4981,0.1396,0.003,178252.4314,100753.0676,memory_stress,checkoutservice,2026-06-09 15:15:00,2026-06-09 15:30:00,pre_fault,0.3087228,0
2026-06-09 15:13:45,225,EXP_FAULT_03,RUN_03,memory_stress,1,currencyservice,currency-f03-06,online-boutique,node-a,0.2527,28.6003,0,140.543,0.001074,4.4881,3.346,7.5381,9.1283,11.0167,140.4615,140.3921,0.139,0.0119,140216.3701,116988.142,memory_stress,checkoutservice,2026-06-09 15:15:00,2026-06-09 15:30:00,pre_fault,1.0046575,1
2026-06-09 15:13:50,230,EXP_FAULT_03,RUN_03,memory_stress,1,currencyservice,currency-f03-06,online-boutique,node-a,0.2199,28.7324,0,140.0668,0.000832,4.6881,3.5104,7.5632,9.1131,12.3996,139.9901,139.9502,0.104,0.0126,152254.4447,105863.3376,memory_stress,checkoutservice,2026-06-09 15:15:00,2026-06-09 15:30:00,pre_fault,0.22573885,0
2026-06-09 15:13:55,235,EXP_FAULT_03,RUN_03,memory_stress,1,currencyservice,currency-f03-06,online-boutique,node-a,0.2297,29.0664,0,135.2073,0.001295,4.9124,3.8754,7.3309,9.1519,12.9046,135.0993,135.0322,0.1308,0.0443,159691.0961,108183.6071,memory_stress,checkoutservice,2026-06-09 15:15:00,2026-06-09 15:30:00,pre_fault,1.0926738,1
2026-06-09 15:14:00,240,EXP_FAULT_03,RUN_03,memory_stress,1,currencyservice,currency-f03-06,online-boutique,node-a,0.239,28.8432,0,136.5829,0.001279,4.4661,3.5137,7.1824,7.953,11.6656,136.4853,136.4082,0.1455,0.0291,171094.4617,132301.4742,memory_stress,checkoutservice,2026-06-09 15:15:00,2026-06-09 15:30:00,pre_fault,0.35824415,0
2026-06-09 15:14:05,245,EXP_FAULT_03,RUN_03,memory_stress,1,currencyservice,currency-f03-06,online-boutique,node-a,0.2384,29.5934,0,136.3331,0.001747,4.3275,3.1599,7.053,8.8008,11.4438,136.2052,136.0949,0.2067,0.0315,162139.8664,125502.0834,memory_stress,checkoutservice,2026-06-09 15:15:00,2026-06-09 15:30:00,pre_fault,0.45508844,0
2026-06-09 15:14:10,250,EXP_FAULT_03,RUN_03,memory_stress,1,currencyservice,currency-f03-06,online-boutique,node-a,0.2332,29.5394,0,136.6859,0.000869,4.274,3.2078,6.5128,8.4173,11.2317,136.6229,136.5672,0.0857,0.0331,148165.5502,118586.6875,memory_stress,checkoutservice,2026-06-09 15:15:00,2026-06-09 15:30:00,pre_fault,0.11597917,0
2026-06-09 15:14:15,255,EXP_FAULT_03,RUN_03,memory_stress,1,currencyservice,currency-f03-06,online-boutique,node-a,0.227,28.2093,0,138.0676,0.001184,4.6521,3.7099,7.6266,8.8567,12.4668,137.9524,137.9042,0.1504,0.0131,155866.6874,124562.0438,memory_stress,checkoutservice,2026-06-09 15:15:00,2026-06-09 15:30:00,pre_fault,0.17833403,0
2026-06-09 15:14:20,260,EXP_FAULT_03,RUN_03,memory_stress,1,currencyservice,currency-f03-06,online-boutique,node-a,0.2316,29.4446,0,135.513,0.001145,4.4199,3.445,6.6739,8.2205,11.7749,135.4117,135.3578,0.1081,0.0471,154648.5372,97771.1135,memory_stress,checkoutservice,2026-06-09 15:15:00,2026-06-09 15:30:00,pre_fault,0.21453913,0
2026-06-09 15:14:25,265,EXP_FAULT_03,RUN_03,memory_stress,1,currencyservice,currency-f03-06,online-boutique,node-a,0.2533,29.6596,0,138.9738,0.001603,4.3756,3.3413,7.2072,8.6074,10.8554,138.8323,138.7511,0.1798,0.0429,176438.7983,124579.7182,memory_stress,checkoutservice,2026-06-09 15:15:00,2026-06-09 15:30:00,pre_fault,0.80729693,0
2026-06-09 15:14:30,270,EXP_FAULT_03,RUN_03,memory_stress,1,currencyservice,currency-f03-06,online-boutique,node-a,0.236,28.9875,0,133.6845,0.000928,4.47,3.5455,7.272,8.9269,12.4435,133.6306,133.5604,0.1155,0.0086,125797.5295,128596.8666,memory_stress,checkoutservice,2026-06-09 15:15:00,2026-06-09 15:30:00,pre_fault,0.3613478,0
2026-06-09 15:14:35,275,EXP_FAULT_03,RUN_03,memory_stress,1,currencyservice,currency-f03-06,online-boutique,node-a,0.2296,28.6993,0,131.1204,0.001119,4.4672,3.3537,7.1592,8.4511,12.3279,131.0634,130.9736,0.1274,0.0193,108399.6702,116598.4243,memory_stress,checkoutservice,2026-06-09 15:15:00,2026-06-09 15:30:00,pre_fault,0.24608469,0
2026-06-09 15:14:40,280,EXP_FAULT_03,RUN_03,memory_stress,1,currencyservice,currency-f03-06,online-boutique,node-a,0.2419,28.9327,0,136.955,0.00082,4.8198,3.6524,7.1283,8.5438,13.4303,136.9088,136.8427,0.1059,0.0064,162670.6217,133093.8734,memory_stress,checkoutservice,2026-06-09 15:15:00,2026-06-09 15:30:00,pre_fault,0.747863,0
2026-06-09 15:14:45,285,EXP_FAULT_03,RUN_03,memory_stress,1,currencyservice,currency-f03-06,online-boutique,node-a,0.2436,29.0618,0,131.7448,0.001678,4.076,2.8997,6.8841,7.5075,9.8557,131.6611,131.5238,0.2083,0.0128,162228.872,103983.3152,memory_stress,checkoutservice,2026-06-09 15:15:00,2026-06-09 15:30:00,pre_fault,0.3901304,0
2026-06-09 15:14:50,290,EXP_FAULT_03,RUN_03,memory_stress,1,currencyservice,currency-f03-06,online-boutique,node-a,0.232,29.2187,0,135.4842,0.000956,4.0525,3.2276,6.83,8.0384,10.0849,135.4189,135.3547,0.125,0.0046,163147.3499,134453.8835,memory_stress,checkoutservice,2026-06-09 15:15:00,2026-06-09 15:30:00,pre_fault,0.13429166,0
2026-06-09 15:14:55,295,EXP_FAULT_03,RUN_03,memory_stress,1,currencyservice,currency-f03-06,online-boutique,node-a,0.2376,29.5056,0,134.3074,0.00083,4.5942,3.3506,6.7408,8.3669,11.5982,134.2514,134.1959,0.1026,0.0089,153657.5503,123016.5085,memory_stress,checkoutservice,2026-06-09 15:15:00,2026-06-09 15:30:00,pre_fault,0.5009418,0
2026-06-09 15:15:00,300,EXP_FAULT_03,RUN_03,memory_stress,1,currencyservice,currency-f03-06,online-boutique,node-a,0.2236,29.3878,0,134.9191,0.003734,5.373,3.6728,10.6328,13.7472,24.4628,127.3994,134.4153,0.1558,0.348,122418.0214,88810.1391,memory_stress,checkoutservice,2026-06-09 15:15:00,2026-06-09 15:30:00,during_fault,10.151799,1
2026-06-09 15:15:05,305,EXP_FAULT_03,RUN_03,memory_stress,1,currencyservice,currency-f03-06,online-boutique,node-a,0.2247,28.3925,0,136.4257,0.002837,5.5312,4.0595,10.5707,13.9376,21.7663,128.9336,136.0387,0.0354,0.3516,146717.8383,125095.5043,memory_stress,checkoutservice,2026-06-09 15:15:00,2026-06-09 15:30:00,during_fault,6.312216,1
2026-06-09 15:15:10,310,EXP_FAULT_03,RUN_03,memory_stress,1,currencyservice,currency-f03-06,online-boutique,node-a,0.234,29.3757,0,139.4938,0.004026,6.0818,4.279,12.2761,16.2948,24.5806,131.7644,138.9322,0.1852,0.3764,149168.2485,96759.4235,memory_stress,checkoutservice,2026-06-09 15:15:00,2026-06-09 15:30:00,during_fault,16.04904,1
2026-06-09 15:15:15,315,EXP_FAULT_03,RUN_03,memory_stress,1,currencyservice,currency-f03-06,online-boutique,node-a,0.2274,28.6331,0,135.19,0.004054,5.5929,4.0753,10.8723,15.1261,23.8967,127.8167,134.6419,0.1984,0.3498,144087.185,99306.5251,memory_stress,checkoutservice,2026-06-09 15:15:00,2026-06-09 15:30:00,during_fault,11.421583,1
2026-06-09 15:15:20,320,EXP_FAULT_03,RUN_03,memory_stress,1,currencyservice,currency-f03-06,online-boutique,node-a,0.2275,29.5482,0,136.8199,0.003766,6.1061,4.4723,12.3692,16.9702,26.0687,129.4675,136.3046,0.1505,0.3648,167783.838,135965.4122,memory_stress,checkoutservice,2026-06-09 15:15:00,2026-06-09 15:30:00,during_fault,16.313286,1
2026-06-09 15:15:25,325,EXP_FAULT_03,RUN_03,memory_stress,1,currencyservice,currency-f03-06,online-boutique,node-a,0.2332,29.3133,0,141.03,0.003612,5.8205,3.827,11.6063,15.34,26.4743,133.6009,140.5205,0.1461,0.3634,125951.3941,94284.2477,memory_stress,checkoutservice,2026-06-09 15:15:00,2026-06-09 15:30:00,during_fault,11.686022,1
2026-06-09 15:15:30,330,EXP_FAULT_03,RUN_03,memory_stress,1,currencyservice,currency-f03-06,online-boutique,node-a,0.233,29.3139,0,137.8062,0.002836,5.9373,3.8908,11.6562,17.0243,24.4223,130.7214,137.4154,0.039,0.3518,127897.4804,108459.9301,memory_stress,checkoutservice,2026-06-09 15:15:00,2026-06-09 15:30:00,during_fault,9.908625,1
2026-06-09 15:15:35,335,EXP_FAULT_03,RUN_03,memory_stress,1,currencyservice,currency-f03-06,online-boutique,node-a,0.2534,29.1861,0,138.9059,0.003282,5.138,3.3964,9.0265,13.8301,21.402,131.9088,138.4501,0.125,0.3309,115816.9616,139376.5984,memory_stress,checkoutservice,2026-06-09 15:15:00,2026-06-09 15:30:00,during_fault,5.0961633,1
2026-06-09 15:15:40,340,EXP_FAULT_03,RUN_03,memory_stress,1,currencyservice,currency-f03-06,online-boutique,node-a,0.2301,29.3349,0,139.4002,0.003463,6.0077,4.0808,10.7827,16.4984,22.9261,132.5235,138.9175,0.1536,0.3291,142279.2263,125989.0893,memory_stress,checkoutservice,2026-06-09 15:15:00,2026-06-09 15:30:00,during_fault,13.065269,1
2026-06-09 15:15:45,345,EXP_FAULT_03,RUN_03,memory_stress,1,currencyservice,currency-f03-06,online-boutique,node-a,0.2366,29.5072,0,139.6458,0.002743,6.2163,4.1041,10.9592,16.6532,25.932,133.0014,139.2628,0.0831,0.3,158114.2557,94261.3166,memory_stress,checkoutservice,2026-06-09 15:15:00,2026-06-09 15:30:00,during_fault,11.840317,1
2026-06-09 15:15:50,350,EXP_FAULT_03,RUN_03,memory_stress,1,currencyservice,currency-f03-06,online-boutique,node-a,0.2339,28.7109,0,146.1425,0.003757,5.4497,4.1294,9.4925,14.9216,24.0486,139.3387,145.5935,0.213,0.336,132698.9591,109694.3732,memory_stress,checkoutservice,2026-06-09 15:15:00,2026-06-09 15:30:00,during_fault,8.074186,1
2026-06-09 15:15:55,355,EXP_FAULT_03,RUN_03,memory_stress,1,currencyservice,currency-f03-06,online-boutique,node-a,0.2282,29.2949,0,150.4879,0.002786,5.6517,3.8866,10.1185,13.7988,21.0734,143.8036,150.0686,0.102,0.3172,169657.1506,112398.9921,memory_stress,checkoutservice,2026-06-09 15:15:00,2026-06-09 15:30:00,during_fault,7.1622133,1
2026-06-09 15:16:00,360,EXP_FAULT_03,RUN_03,memory_stress,1,currencyservice,currency-f03-06,online-boutique,node-a,0.2473,29.4305,0,149.3757,0.002996,6.0308,4.3125,10.814,14.5989,22.1877,142.9517,148.9282,0.1146,0.3329,125441.6186,145481.1392,memory_stress,checkoutservice,2026-06-09 15:15:00,2026-06-09 15:30:00,during_fault,9.596484,1
2026-06-09 15:16:05,365,EXP_FAULT_03,RUN_03,memory_stress,1,currencyservice,currency-f03-06,online-boutique,node-a,0.2178,29.1291,0,147.2328,0.002426,5.8646,4.4759,10.3526,15.2676,21.9484,141.1588,146.8757,0.0647,0.2924,188085.3953,113634.0943,memory_stress,checkoutservice,2026-06-09 15:15:00,2026-06-09 15:30:00,during_fault,8.256092,1
2026-06-09 15:16:10,370,EXP_FAULT_03,RUN_03,memory_stress,1,currencyservice,currency-f03-06,online-boutique,node-a,0.2262,29.1642,0,152.161,0.003546,5.0794,3.381,8.8955,12.8667,20.2044,146.0966,151.6215,0.2359,0.3036,172194.0559,139429.6182,memory_stress,checkoutservice,2026-06-09 15:15:00,2026-06-09 15:30:00,during_fault,6.251813,1
2026-06-09 15:16:15,375,EXP_FAULT_03,RUN_03,memory_stress,1,currencyservice,currency-f03-06,online-boutique,node-a,0.2394,29.7794,0,144.8498,0.002449,5.6903,3.8766,9.7187,14.5315,20.1315,139.3228,144.4951,0.0957,0.2589,151613.5402,138935.6467,memory_stress,checkoutservice,2026-06-09 15:15:00,2026-06-09 15:30:00,during_fault,6.7577295,1
2026-06-09 15:16:20,380,EXP_FAULT_03,RUN_03,memory_stress,1,currencyservice,currency-f03-06,online-boutique,node-a,0.2384,28.3772,0,150.331,0.002407,4.9763,3.6002,9.7428,11.4495,18.4315,144.8275,149.9692,0.1024,0.2594,191108.078,122870.5652,memory_stress,checkoutservice,2026-06-09 15:15:00,2026-06-09 15:30:00,during_fault,1.609127,1
2026-06-09 15:16:25,385,EXP_FAULT_03,RUN_03,memory_stress,1,currencyservice,currency-f03-06,online-boutique,node-a,0.2339,29.0898,0,153.1874,0.003109,5.6315,3.882,10.576,14.1209,20.5153,147.7395,152.7111,0.2025,0.2738,129121.5015,116469.9037,memory_stress,checkoutservice,2026-06-09 15:15:00,2026-06-09 15:30:00,during_fault,7.1982193,1
2026-06-09 15:16:30,390,EXP_FAULT_03,RUN_03,memory_stress,1,currencyservice,currency-f03-06,online-boutique,node-a,0.2352,28.7974,0,144.7709,0.003189,5.2998,3.6632,10.1066,12.7291,18.2496,139.8561,144.3093,0.2249,0.2367,174353.5979,118173.8708,memory_stress,checkoutservice,2026-06-09 15:15:00,2026-06-09 15:30:00,during_fault,5.4758945,1
2026-06-09 15:16:35,395,EXP_FAULT_03,RUN_03,memory_stress,1,currencyservice,currency-f03-06,online-boutique,node-a,0.2249,28.2571,0,147.5929,0.002368,5.1947,3.7684,9.9723,12.2354,19.6523,142.7997,147.2435,0.1151,0.2344,187204.222,124679.8507,memory_stress,checkoutservice,2026-06-09 15:15:00,2026-06-09 15:30:00,during_fault,2.8065457,1
2026-06-09 15:16:40,400,EXP_FAULT_03,RUN_03,memory_stress,1,currencyservice,currency-f03-06,online-boutique,node-a,0.2269,29.2454,0,147.8608,0.002641,5.0745,3.5601,9.0872,13.1343,17.5071,143.2294,147.4703,0.1728,0.2177,145733.416,125714.7079,memory_stress,checkoutservice,2026-06-09 15:15:00,2026-06-09 15:30:00,during_fault,3.8172271,1
2026-06-09 15:16:45,405,EXP_FAULT_03,RUN_03,memory_stress,1,currencyservice,currency-f03-06,online-boutique,node-a,0.2422,28.6939,0,150.83,0.002702,4.6786,3.2547,8.1031,11.4699,17.272,146.2283,150.4225,0.176,0.2315,186036.6324,129860.2771,memory_stress,checkoutservice,2026-06-09 15:15:00,2026-06-09 15:30:00,during_fault,1.2609737,1
2026-06-09 15:16:50,410,EXP_FAULT_03,RUN_03,memory_stress,1,currencyservice,currency-f03-06,online-boutique,node-a,0.2307,29.0049,0,147.1097,0.002709,4.9752,3.5014,8.3743,12.0998,17.6581,142.7119,146.7111,0.161,0.2376,158977.7403,127952.4465,memory_stress,checkoutservice,2026-06-09 15:15:00,2026-06-09 15:30:00,during_fault,3.0897577,1
2026-06-09 15:16:55,415,EXP_FAULT_03,RUN_03,memory_stress,1,currencyservice,currency-f03-06,online-boutique,node-a,0.2357,29.0085,0,148.2106,0.002761,5.4506,3.686,9.1446,12.7016,21.3233,143.8777,147.8014,0.2002,0.209,132382.6244,129499.6718,memory_stress,checkoutservice,2026-06-09 15:15:00,2026-06-09 15:30:00,during_fault,5.138589,1
2026-06-09 15:17:00,420,EXP_FAULT_03,RUN_03,memory_stress,1,currencyservice,currency-f03-06,online-boutique,node-a,0.2458,28.7004,0,145.1203,0.002363,4.9747,3.8459,8.7846,11.7282,19.1227,140.9722,144.7774,0.1186,0.2243,160678.0495,137431.4103,memory_stress,checkoutservice,2026-06-09 15:15:00,2026-06-09 15:30:00,during_fault,1.887632,1
2026-06-09 15:17:05,425,EXP_FAULT_03,RUN_03,memory_stress,1,currencyservice,currency-f03-06,online-boutique,node-a,0.2324,29.1586,0,145.0431,0.003041,5.5505,4.2063,9.6069,13.9322,18.451,140.9228,144.602,0.2105,0.2305,171513.8996,131070.6176,memory_stress,checkoutservice,2026-06-09 15:15:00,2026-06-09 15:30:00,during_fault,7.1445885,1
2026-06-09 15:17:10,430,EXP_FAULT_03,RUN_03,memory_stress,1,currencyservice,currency-f03-06,online-boutique,node-a,0.2435,29.0578,0,146.7578,0.003059,4.7919,3.5778,8.0977,11.2204,18.2336,142.5783,146.3089,0.2155,0.2334,184646.7278,145338.1226,memory_stress,checkoutservice,2026-06-09 15:15:00,2026-06-09 15:30:00,during_fault,2.5740795,1
2026-06-09 15:17:15,435,EXP_FAULT_03,RUN_03,memory_stress,1,currencyservice,currency-f03-06,online-boutique,node-a,0.2256,29.5428,0,145.9259,0.002241,5.3351,3.9099,10.0884,12.7325,19.3686,141.8477,145.599,0.1233,0.2037,171200.1284,132081.998,memory_stress,checkoutservice,2026-06-09 15:15:00,2026-06-09 15:30:00,during_fault,4.5201783,1
2026-06-09 15:17:20,440,EXP_FAULT_03,RUN_03,memory_stress,1,currencyservice,currency-f03-06,online-boutique,node-a,0.2411,28.6916,0,143.3022,0.002892,5.352,3.7721,9.8164,12.7877,20.0719,139.1424,142.8877,0.2162,0.1982,181079.6209,142114.7304,memory_stress,checkoutservice,2026-06-09 15:15:00,2026-06-09 15:30:00,during_fault,4.679208,1
2026-06-09 15:17:25,445,EXP_FAULT_03,RUN_03,memory_stress,1,currencyservice,currency-f03-06,online-boutique,node-a,0.2244,29.0019,0,148.558,0.00288,5.0378,3.9465,8.3992,11.8283,18.4989,144.1956,148.1301,0.2001,0.2278,176558.3985,150669.324,memory_stress,checkoutservice,2026-06-09 15:15:00,2026-06-09 15:30:00,during_fault,4.1676493,1
2026-06-09 15:17:30,450,EXP_FAULT_03,RUN_03,memory_stress,1,currencyservice,currency-f03-06,online-boutique,node-a,0.2345,29.1354,0,149.8834,0.002659,4.9617,3.7866,8.5255,11.8079,17.7896,145.3967,149.4848,0.1659,0.2326,137810.7333,119822.9812,memory_stress,checkoutservice,2026-06-09 15:15:00,2026-06-09 15:30:00,during_fault,2.758914,1
2026-06-09 15:17:35,455,EXP_FAULT_03,RUN_03,memory_stress,1,currencyservice,currency-f03-06,online-boutique,node-a,0.2405,30.0128,0,144.21,0.002328,4.9367,3.3431,8.2401,11.7739,17.1573,139.8285,143.8743,0.1397,0.196,129272.413,118440.6932,memory_stress,checkoutservice,2026-06-09 15:15:00,2026-06-09 15:30:00,during_fault,2.8085978,1
2026-06-09 15:17:40,460,EXP_FAULT_03,RUN_03,memory_stress,1,currencyservice,currency-f03-06,online-boutique,node-a,0.2348,28.795,0,146.4068,0.003022,4.853,3.2588,8.4019,11.5022,16.8961,141.7729,145.9643,0.1989,0.2436,161197.7831,132005.8688,memory_stress,checkoutservice,2026-06-09 15:15:00,2026-06-09 15:30:00,during_fault,2.885387,1
2026-06-09 15:17:45,465,EXP_FAULT_03,RUN_03,memory_stress,1,currencyservice,currency-f03-06,online-boutique,node-a,0.2185,29.0535,0,148.3765,0.002973,5.4572,3.7556,9.2537,14.1209,21.3981,143.4972,147.9353,0.216,0.2252,129804.381,99523.7669,memory_stress,checkoutservice,2026-06-09 15:15:00,2026-06-09 15:30:00,during_fault,7.254336,1
2026-06-09 15:17:50,470,EXP_FAULT_03,RUN_03,memory_stress,1,currencyservice,currency-f03-06,online-boutique,node-a,0.231,29.0311,0,147.6145,0.003142,5.6719,4.0137,10.3164,12.8359,22.802,142.5419,147.1507,0.1924,0.2714,165018.214,132412.9063,memory_stress,checkoutservice,2026-06-09 15:15:00,2026-06-09 15:30:00,during_fault,8.027267,1
2026-06-09 15:17:55,475,EXP_FAULT_03,RUN_03,memory_stress,1,currencyservice,currency-f03-06,online-boutique,node-a,0.244,29.526,0,143.614,0.00294,5.5915,4.0215,10.6179,14.7047,22.8431,138.5499,143.1918,0.1521,0.2701,138506.9075,115537.0876,memory_stress,checkoutservice,2026-06-09 15:15:00,2026-06-09 15:30:00,during_fault,7.120618,1
2026-06-09 15:18:00,480,EXP_FAULT_03,RUN_03,memory_stress,1,currencyservice,currency-f03-06,online-boutique,node-a,0.2316,29.1817,0,145.9324,0.003332,5.3952,3.9947,10.292,12.8936,20.3663,140.5515,145.4462,0.2287,0.2575,184570.7372,118772.7181,memory_stress,checkoutservice,2026-06-09 15:15:00,2026-06-09 15:30:00,during_fault,7.165756,1
2026-06-09 15:18:05,485,EXP_FAULT_03,RUN_03,memory_stress,1,currencyservice,currency-f03-06,online-boutique,node-a,0.2429,29.1067,0,154.4279,0.003343,5.7303,4.3631,11.214,15.4145,23.8885,148.5147,153.9117,0.2085,0.3077,128778.3742,114267.7197,memory_stress,checkoutservice,2026-06-09 15:15:00,2026-06-09 15:30:00,during_fault,7.9353514,1
2026-06-09 15:18:10,490,EXP_FAULT_03,RUN_03,memory_stress,1,currencyservice,currency-f03-06,online-boutique,node-a,0.2383,28.3005,0,146.2771,0.002398,5.7352,3.7862,11.2373,14.165,21.2601,140.5034,145.9264,0.0737,0.277,183677.3261,140923.3714,memory_stress,checkoutservice,2026-06-09 15:15:00,2026-06-09 15:30:00,during_fault,4.932793,1
2026-06-09 15:18:15,495,EXP_FAULT_03,RUN_03,memory_stress,1,currencyservice,currency-f03-06,online-boutique,node-a,0.2551,29.1038,0,157.0228,0.003581,5.7702,3.815,10.1342,15.2895,24.1152,150.5148,156.4605,0.2366,0.3258,128969.0666,127832.8172,memory_stress,checkoutservice,2026-06-09 15:15:00,2026-06-09 15:30:00,during_fault,8.215047,1
2026-06-09 15:18:20,500,EXP_FAULT_03,RUN_03,memory_stress,1,currencyservice,currency-f03-06,online-boutique,node-a,0.2266,29.1839,0,154.996,0.002971,5.9782,4.2355,11.6163,14.4698,21.8431,148.3248,154.5355,0.152,0.3085,137744.8356,135721.5023,memory_stress,checkoutservice,2026-06-09 15:15:00,2026-06-09 15:30:00,during_fault,9.778391,1
2026-06-09 15:18:25,505,EXP_FAULT_03,RUN_03,memory_stress,1,currencyservice,currency-f03-06,online-boutique,node-a,0.2267,29.7113,0,158.8308,0.002723,5.3185,3.6668,10.2324,14.3092,22.477,151.7615,158.3983,0.1097,0.3228,193710.7784,136497.4977,memory_stress,checkoutservice,2026-06-09 15:15:00,2026-06-09 15:30:00,during_fault,5.5063562,1
2026-06-09 15:18:30,510,EXP_FAULT_03,RUN_03,memory_stress,1,currencyservice,currency-f03-06,online-boutique,node-a,0.2329,29.1783,0,156.4047,0.002846,5.489,3.762,9.9616,13.783,21.9642,149.1975,155.9596,0.0892,0.3559,129555.5958,115530.2343,memory_stress,checkoutservice,2026-06-09 15:15:00,2026-06-09 15:30:00,during_fault,5.5881395,1
2026-06-09 15:18:35,515,EXP_FAULT_03,RUN_03,memory_stress,1,currencyservice,currency-f03-06,online-boutique,node-a,0.2271,29.1156,0,160.452,0.003212,5.533,3.7911,10.9315,13.8532,23.2882,152.7671,159.9366,0.1491,0.3663,184120.889,156293.5957,memory_stress,checkoutservice,2026-06-09 15:15:00,2026-06-09 15:30:00,during_fault,7.320974,1
2026-06-09 15:18:40,520,EXP_FAULT_03,RUN_03,memory_stress,1,currencyservice,currency-f03-06,online-boutique,node-a,0.2415,29.1862,0,162.546,0.003446,5.4906,3.9903,9.9669,14.4248,21.5238,154.5257,161.9859,0.1794,0.3806,199287.2812,122349.2981,memory_stress,checkoutservice,2026-06-09 15:15:00,2026-06-09 15:30:00,during_fault,6.5080414,1
2026-06-09 15:18:45,525,EXP_FAULT_03,RUN_03,memory_stress,1,currencyservice,currency-f03-06,online-boutique,node-a,0.2351,29.0168,0,163.2401,0.003682,6.5257,4.7676,12.1651,16.0434,27.3988,154.9327,162.639,0.1814,0.4196,136825.6236,116935.2658,memory_stress,checkoutservice,2026-06-09 15:15:00,2026-06-09 15:30:00,during_fault,15.578104,1
2026-06-09 15:18:50,530,EXP_FAULT_03,RUN_03,memory_stress,1,currencyservice,currency-f03-06,online-boutique,node-a,0.2246,29.0002,0,163.5669,0.00335,5.7437,4.2365,10.4073,14.3731,22.2015,155.1055,163.019,0.1533,0.3946,160296.2356,131262.6112,memory_stress,checkoutservice,2026-06-09 15:15:00,2026-06-09 15:30:00,during_fault,9.166158,1
2026-06-09 15:18:55,535,EXP_FAULT_03,RUN_03,memory_stress,1,currencyservice,currency-f03-06,online-boutique,node-a,0.2457,28.8102,0,166.0414,0.003709,5.7913,3.9407,11.3437,15.1791,22.8721,157.274,165.4255,0.2043,0.4116,211671.6113,160701.5155,memory_stress,checkoutservice,2026-06-09 15:15:00,2026-06-09 15:30:00,during_fault,8.226358,1
2026-06-09 15:19:00,540,EXP_FAULT_03,RUN_03,memory_stress,1,currencyservice,currency-f03-06,online-boutique,node-a,0.2398,29.4559,0,161.3998,0.003807,5.7843,3.8148,10.2759,15.1188,26.0678,152.7365,160.7853,0.1702,0.4442,198119.6357,106598.1133,memory_stress,checkoutservice,2026-06-09 15:15:00,2026-06-09 15:30:00,during_fault,10.465967,1
2026-06-09 15:19:05,545,EXP_FAULT_03,RUN_03,memory_stress,1,currencyservice,currency-f03-06,online-boutique,node-a,0.2536,29.2109,0,162.5938,0.003942,6.2917,4.3946,12.6607,16.8109,26.9527,153.6699,161.9528,0.2375,0.4035,193534.0377,136324.9999,memory_stress,checkoutservice,2026-06-09 15:15:00,2026-06-09 15:30:00,during_fault,13.445597,1
2026-06-09 15:19:10,550,EXP_FAULT_03,RUN_03,memory_stress,1,currencyservice,currency-f03-06,online-boutique,node-a,0.256,28.8245,0,167.8318,0.003646,5.5272,3.748,10.3779,15.4963,23.2832,158.6198,167.2199,0.1468,0.4651,198268.8447,148477.4394,memory_stress,checkoutservice,2026-06-09 15:15:00,2026-06-09 15:30:00,during_fault,5.663041,1
2026-06-09 15:19:15,555,EXP_FAULT_03,RUN_03,memory_stress,1,currencyservice,currency-f03-06,online-boutique,node-a,0.2487,29.3137,0,165.4685,0.004302,6.1354,4.6169,12.6854,15.6398,26.5167,156.2739,164.7567,0.2609,0.4509,188692.3274,116050.5139,memory_stress,checkoutservice,2026-06-09 15:15:00,2026-06-09 15:30:00,during_fault,14.1085,1
2026-06-09 15:19:20,560,EXP_FAULT_03,RUN_03,memory_stress,1,currencyservice,currency-f03-06,online-boutique,node-a,0.2468,29.0252,0,164.5464,0.00329,5.4342,4.0749,9.8464,14.8605,21.1917,155.446,164.0051,0.1166,0.4247,150144.2255,124954.5857,memory_stress,checkoutservice,2026-06-09 15:15:00,2026-06-09 15:30:00,during_fault,5.060834,1
2026-06-09 15:19:25,565,EXP_FAULT_03,RUN_03,memory_stress,1,currencyservice,currency-f03-06,online-boutique,node-a,0.2616,29.3473,0,168.5595,0.003573,5.9277,4.0388,11.3144,15.1982,23.1459,159.196,167.9572,0.1357,0.4666,170410.3317,146257.2924,memory_stress,checkoutservice,2026-06-09 15:15:00,2026-06-09 15:30:00,during_fault,8.371252,1
2026-06-09 15:19:30,570,EXP_FAULT_03,RUN_03,memory_stress,1,currencyservice,currency-f03-06,online-boutique,node-a,0.2587,29.022,0,171.2793,0.003771,6.3542,4.2673,13.016,17.181,27.6121,161.8184,170.6334,0.205,0.441,173772.8301,123442.0449,memory_stress,checkoutservice,2026-06-09 15:15:00,2026-06-09 15:30:00,during_fault,11.713255,1
2026-06-09 15:19:35,575,EXP_FAULT_03,RUN_03,memory_stress,1,currencyservice,currency-f03-06,online-boutique,node-a,0.2324,28.7327,0,161.5266,0.003033,6.1499,4.3774,11.9682,16.1417,24.7977,152.6775,161.0367,0.0806,0.4093,189066.6449,112940.9585,memory_stress,checkoutservice,2026-06-09 15:15:00,2026-06-09 15:30:00,during_fault,9.53804,1
2026-06-09 15:19:40,580,EXP_FAULT_03,RUN_03,memory_stress,1,currencyservice,currency-f03-06,online-boutique,node-a,0.238,28.9922,0,166.7816,0.002989,6.3918,4.6065,11.5313,17.4364,28.8396,157.7638,166.283,0.0777,0.4209,167071.8671,164198.0064,memory_stress,checkoutservice,2026-06-09 15:15:00,2026-06-09 15:30:00,during_fault,10.85941,1
2026-06-09 15:19:45,585,EXP_FAULT_03,RUN_03,memory_stress,1,currencyservice,currency-f03-06,online-boutique,node-a,0.2391,29.2281,0,162.6067,0.003256,5.4652,3.6706,11.0153,15.5868,22.2144,153.8802,162.0773,0.1274,0.402,185727.4233,146315.1438,memory_stress,checkoutservice,2026-06-09 15:15:00,2026-06-09 15:30:00,during_fault,6.0103545,1
2026-06-09 15:19:50,590,EXP_FAULT_03,RUN_03,memory_stress,1,currencyservice,currency-f03-06,online-boutique,node-a,0.2385,29.6031,0,162.6528,0.00288,6.3837,4.2965,13.1786,16.9637,28.815,154.1227,162.1843,0.0653,0.4031,151436.1322,140508.0014,memory_stress,checkoutservice,2026-06-09 15:15:00,2026-06-09 15:30:00,during_fault,11.835963,1
2026-06-09 15:19:55,595,EXP_FAULT_03,RUN_03,memory_stress,1,currencyservice,currency-f03-06,online-boutique,node-a,0.2434,29.0628,0,161.1473,0.003973,6.3115,4.2128,12.2048,17.5089,26.7817,152.7829,160.507,0.2113,0.429,185778.1992,137827.9582,memory_stress,checkoutservice,2026-06-09 15:15:00,2026-06-09 15:30:00,during_fault,14.410391,1
2026-06-09 15:20:00,600,EXP_FAULT_03,RUN_03,memory_stress,1,currencyservice,currency-f03-06,online-boutique,node-a,0.2345,29.0558,0,164.9705,0.003171,5.7957,4.0773,10.2405,15.0969,23.7688,156.6564,164.4474,0.1356,0.3876,169404.8547,153628.3987,memory_stress,checkoutservice,2026-06-09 15:15:00,2026-06-09 15:30:00,during_fault,7.768904,1
2026-06-09 15:20:05,605,EXP_FAULT_03,RUN_03,memory_stress,1,currencyservice,currency-f03-06,online-boutique,node-a,0.2376,29.4816,0,162.548,0.003387,5.5082,4.1535,9.7541,13.5052,22.9934,154.5302,161.9975,0.1356,0.4149,204181.9136,123124.7608,memory_stress,checkoutservice,2026-06-09 15:15:00,2026-06-09 15:30:00,during_fault,7.203298,1
2026-06-09 15:20:10,610,EXP_FAULT_03,RUN_03,memory_stress,1,currencyservice,currency-f03-06,online-boutique,node-a,0.248,28.9938,0,161.8758,0.003145,6.1189,4.2337,11.7073,15.3705,23.0081,154.1298,161.3668,0.149,0.36,180956.7007,137470.5076,memory_stress,checkoutservice,2026-06-09 15:15:00,2026-06-09 15:30:00,during_fault,8.921969,1
2026-06-09 15:20:15,615,EXP_FAULT_03,RUN_03,memory_stress,1,currencyservice,currency-f03-06,online-boutique,node-a,0.2296,29.1263,0,158.1359,0.002724,5.4827,3.7478,10.9742,13.5011,24.2422,150.88,157.7052,0.076,0.3547,200009.8956,113817.2094,memory_stress,checkoutservice,2026-06-09 15:15:00,2026-06-09 15:30:00,during_fault,5.3287673,1
2026-06-09 15:20:20,620,EXP_FAULT_03,RUN_03,memory_stress,1,currencyservice,currency-f03-06,online-boutique,node-a,0.2507,29.6469,0,160.9765,0.002519,5.2757,3.7389,10.6554,14.5675,21.6613,153.832,160.571,0.0496,0.356,204603.4676,149316.9998,memory_stress,checkoutservice,2026-06-09 15:15:00,2026-06-09 15:30:00,during_fault,3.1299648,1
2026-06-09 15:20:25,625,EXP_FAULT_03,RUN_03,memory_stress,1,currencyservice,currency-f03-06,online-boutique,node-a,0.2446,28.6622,0,156.1632,0.002437,5.6639,3.9034,10.9019,14.1353,21.5296,149.4999,155.7827,0.072,0.3085,190048.8045,132424.6774,memory_stress,checkoutservice,2026-06-09 15:15:00,2026-06-09 15:30:00,during_fault,4.2043304,1
2026-06-09 15:20:30,630,EXP_FAULT_03,RUN_03,memory_stress,1,currencyservice,currency-f03-06,online-boutique,node-a,0.2319,29.1309,0,155.7156,0.003635,5.7675,4.431,10.1637,14.1893,23.0799,149.197,155.1497,0.2452,0.3207,150495.5595,161697.4558,memory_stress,checkoutservice,2026-06-09 15:15:00,2026-06-09 15:30:00,during_fault,10.155218,1
2026-06-09 15:20:35,635,EXP_FAULT_03,RUN_03,memory_stress,1,currencyservice,currency-f03-06,online-boutique,node-a,0.2429,29.3345,0,156.4517,0.00292,6.0239,4.2378,11.2483,14.0304,25.5281,150.2446,155.9949,0.1514,0.3054,161051.4789,162580.0864,memory_stress,checkoutservice,2026-06-09 15:15:00,2026-06-09 15:30:00,during_fault,8.73844,1
2026-06-09 15:20:40,640,EXP_FAULT_03,RUN_03,memory_stress,1,currencyservice,currency-f03-06,online-boutique,node-a,0.2408,28.6874,0,159.9473,0.003306,5.9264,4.2246,10.3824,15.8657,23.4336,153.8351,159.4186,0.2278,0.3009,180250.5422,131170.5265,memory_stress,checkoutservice,2026-06-09 15:15:00,2026-06-09 15:30:00,during_fault,8.270857,1
2026-06-09 15:20:45,645,EXP_FAULT_03,RUN_03,memory_stress,1,currencyservice,currency-f03-06,online-boutique,node-a,0.2569,28.792,0,154.5085,0.0031,5.1881,3.658,9.9094,12.584,21.0764,148.8216,154.0295,0.177,0.302,187828.8363,154723.4049,memory_stress,checkoutservice,2026-06-09 15:15:00,2026-06-09 15:30:00,during_fault,3.3926663,1
2026-06-09 15:20:50,650,EXP_FAULT_03,RUN_03,memory_stress,1,currencyservice,currency-f03-06,online-boutique,node-a,0.2424,29.2557,0,157.6204,0.003205,5.0637,3.6208,9.9325,11.9245,20.4644,152.0094,157.1152,0.2099,0.2953,194962.9762,132355.7236,memory_stress,checkoutservice,2026-06-09 15:15:00,2026-06-09 15:30:00,during_fault,3.8284707,1
2026-06-09 15:20:55,655,EXP_FAULT_03,RUN_03,memory_stress,1,currencyservice,currency-f03-06,online-boutique,node-a,0.2344,29.2628,0,154.2589,0.002803,4.9009,3.4442,8.8558,11.1889,18.5273,149.0165,153.8266,0.1923,0.2401,153755.6419,118276.8648,memory_stress,checkoutservice,2026-06-09 15:15:00,2026-06-09 15:30:00,during_fault,2.8298984,1
2026-06-09 15:21:00,660,EXP_FAULT_03,RUN_03,memory_stress,1,currencyservice,currency-f03-06,online-boutique,node-a,0.2261,28.6723,0,151.2064,0.002269,5.1277,3.435,9.378,12.566,19.5213,146.301,150.8633,0.0926,0.2505,148743.2209,148813.6265,memory_stress,checkoutservice,2026-06-09 15:15:00,2026-06-09 15:30:00,during_fault,2.5729332,1
2026-06-09 15:21:05,665,EXP_FAULT_03,RUN_03,memory_stress,1,currencyservice,currency-f03-06,online-boutique,node-a,0.2424,29.3123,0,151.5141,0.003032,5.3191,4.1522,9.6265,13.6537,18.5952,146.6783,151.0547,0.2262,0.2332,142651.3323,101446.5995,memory_stress,checkoutservice,2026-06-09 15:15:00,2026-06-09 15:30:00,during_fault,5.0060897,1
2026-06-09 15:21:10,670,EXP_FAULT_03,RUN_03,memory_stress,1,currencyservice,currency-f03-06,online-boutique,node-a,0.2416,28.8293,0,156.835,0.002817,5.1927,3.9594,8.9133,12.9442,17.4805,151.9962,156.3932,0.2233,0.2185,173041.3266,110503.3855,memory_stress,checkoutservice,2026-06-09 15:15:00,2026-06-09 15:30:00,during_fault,3.1433396,1
2026-06-09 15:21:15,675,EXP_FAULT_03,RUN_03,memory_stress,1,currencyservice,currency-f03-06,online-boutique,node-a,0.2343,29.3589,0,150.4651,0.002725,4.9799,3.3521,9.2885,12.2162,18.9252,145.9453,150.0552,0.1845,0.2254,187720.7344,133791.6427,memory_stress,checkoutservice,2026-06-09 15:15:00,2026-06-09 15:30:00,during_fault,3.176105,1
2026-06-09 15:21:20,680,EXP_FAULT_03,RUN_03,memory_stress,1,currencyservice,currency-f03-06,online-boutique,node-a,0.235,29.2881,0,151.4577,0.002444,5.7546,4.1586,10.6706,14.5834,21.4244,147.0576,151.0875,0.1347,0.2355,167096.3367,110728.0732,memory_stress,checkoutservice,2026-06-09 15:15:00,2026-06-09 15:30:00,during_fault,6.215946,1
2026-06-09 15:21:25,685,EXP_FAULT_03,RUN_03,memory_stress,1,currencyservice,currency-f03-06,online-boutique,node-a,0.2331,28.5684,0,155.5542,0.002488,5.1452,3.9238,8.5935,12.1707,16.8067,151.1268,155.1671,0.1515,0.2356,149608.9638,156351.0295,memory_stress,checkoutservice,2026-06-09 15:15:00,2026-06-09 15:30:00,during_fault,2.4912946,1
2026-06-09 15:21:30,690,EXP_FAULT_03,RUN_03,memory_stress,1,currencyservice,currency-f03-06,online-boutique,node-a,0.2246,29.1707,0,153.6223,0.002934,5.4796,4.2533,9.4377,13.0644,20.0993,149.2005,153.1716,0.2158,0.2349,129800.7944,147052.4073,memory_stress,checkoutservice,2026-06-09 15:15:00,2026-06-09 15:30:00,during_fault,6.628672,1
2026-06-09 15:21:35,695,EXP_FAULT_03,RUN_03,memory_stress,1,currencyservice,currency-f03-06,online-boutique,node-a,0.2418,29.2115,0,152.5524,0.002136,5.1569,3.4601,9.5118,13.0194,17.8661,148.2894,152.2266,0.1038,0.222,131692.8022,108180.0928,memory_stress,checkoutservice,2026-06-09 15:15:00,2026-06-09 15:30:00,during_fault,2.199356,1
2026-06-09 15:21:40,700,EXP_FAULT_03,RUN_03,memory_stress,1,currencyservice,currency-f03-06,online-boutique,node-a,0.2406,29.9805,0,154.3083,0.00242,4.8978,3.3461,9.0461,12.1561,18.0379,149.9372,153.9348,0.1762,0.1973,126852.9649,122023.0516,memory_stress,checkoutservice,2026-06-09 15:15:00,2026-06-09 15:30:00,during_fault,2.3859136,1
2026-06-09 15:21:45,705,EXP_FAULT_03,RUN_03,memory_stress,1,currencyservice,currency-f03-06,online-boutique,node-a,0.233,29.1447,0,159.6601,0.002738,5.2146,3.7275,8.8489,12.8712,18.3316,155.1019,159.223,0.1935,0.2436,160602.0817,107172.2354,memory_stress,checkoutservice,2026-06-09 15:15:00,2026-06-09 15:30:00,during_fault,3.7936606,1
2026-06-09 15:21:50,710,EXP_FAULT_03,RUN_03,memory_stress,1,currencyservice,currency-f03-06,online-boutique,node-a,0.2381,29.131,0,154.1744,0.001913,5.421,3.7573,9.8995,12.7057,18.8298,149.7503,153.8795,0.0538,0.2411,166485.4668,139248.9844,memory_stress,checkoutservice,2026-06-09 15:15:00,2026-06-09 15:30:00,during_fault,2.7881,1
2026-06-09 15:21:55,715,EXP_FAULT_03,RUN_03,memory_stress,1,currencyservice,currency-f03-06,online-boutique,node-a,0.2387,28.6938,0,147.732,0.002572,4.4864,3.2903,8.604,11.3036,14.6545,143.3711,147.3521,0.1761,0.2038,134247.7889,112452.7111,memory_stress,checkoutservice,2026-06-09 15:15:00,2026-06-09 15:30:00,during_fault,0.8020426,0
2026-06-09 15:22:00,720,EXP_FAULT_03,RUN_03,memory_stress,1,currencyservice,currency-f03-06,online-boutique,node-a,0.234,29.7015,0,159.3893,0.002682,5.167,3.737,9.9549,12.7525,18.3345,154.5502,158.9618,0.1677,0.2598,138917.0402,108838.7912,memory_stress,checkoutservice,2026-06-09 15:15:00,2026-06-09 15:30:00,during_fault,4.0093164,1
2026-06-09 15:22:05,725,EXP_FAULT_03,RUN_03,memory_stress,1,currencyservice,currency-f03-06,online-boutique,node-a,0.2382,28.6976,0,163.7839,0.00203,5.3621,4.1042,9.845,12.1888,18.5788,158.6847,163.4515,0.0957,0.2368,158700.4238,109752.4278,memory_stress,checkoutservice,2026-06-09 15:15:00,2026-06-09 15:30:00,during_fault,2.0334241,1
2026-06-09 15:22:10,730,EXP_FAULT_03,RUN_03,memory_stress,1,currencyservice,currency-f03-06,online-boutique,node-a,0.2387,28.9588,0,159.3664,0.002954,5.5139,4.1842,10.4348,12.9504,19.7084,154.1707,158.8956,0.235,0.2357,131022.9318,164392.2828,memory_stress,checkoutservice,2026-06-09 15:15:00,2026-06-09 15:30:00,during_fault,5.214084,1
2026-06-09 15:22:15,735,EXP_FAULT_03,RUN_03,memory_stress,1,currencyservice,currency-f03-06,online-boutique,node-a,0.2426,29.4067,0,156.57,0.00303,5.9156,4.2057,11.1977,15.4859,23.7592,151.25,156.0957,0.1864,0.2879,177426.1973,149959.8222,memory_stress,checkoutservice,2026-06-09 15:15:00,2026-06-09 15:30:00,during_fault,8.47476,1
2026-06-09 15:22:20,740,EXP_FAULT_03,RUN_03,memory_stress,1,currencyservice,currency-f03-06,online-boutique,node-a,0.2416,29.0229,0,159.6034,0.003223,5.6823,4.2987,10.0295,14.0524,23.0777,153.9479,159.0889,0.2105,0.3039,136329.4689,111502.0989,memory_stress,checkoutservice,2026-06-09 15:15:00,2026-06-09 15:30:00,during_fault,6.8689256,1
2026-06-09 15:22:25,745,EXP_FAULT_03,RUN_03,memory_stress,1,currencyservice,currency-f03-06,online-boutique,node-a,0.2312,29.3603,0,151.8237,0.002393,5.3515,4.0758,9.9986,13.7582,18.8274,146.2792,151.4604,0.0837,0.2796,171797.9664,112228.5609,memory_stress,checkoutservice,2026-06-09 15:15:00,2026-06-09 15:30:00,during_fault,4.169759,1
2026-06-09 15:22:30,750,EXP_FAULT_03,RUN_03,memory_stress,1,currencyservice,currency-f03-06,online-boutique,node-a,0.229,29.468,0,159.0743,0.002886,5.5483,4.1151,9.6907,13.2353,22.7281,153.0129,158.6152,0.1848,0.2743,150105.0577,121028.1301,memory_stress,checkoutservice,2026-06-09 15:15:00,2026-06-09 15:30:00,during_fault,6.6855674,1
2026-06-09 15:22:35,755,EXP_FAULT_03,RUN_03,memory_stress,1,currencyservice,currency-f03-06,online-boutique,node-a,0.2297,29.1087,0,157.3821,0.002775,5.4345,3.8216,10.2903,12.9878,21.833,151.1058,156.9454,0.1351,0.3015,175674.2379,132339.1433,memory_stress,checkoutservice,2026-06-09 15:15:00,2026-06-09 15:30:00,during_fault,5.2221236,1
2026-06-09 15:22:40,760,EXP_FAULT_03,RUN_03,memory_stress,1,currencyservice,currency-f03-06,online-boutique,node-a,0.2359,28.9298,0,154.6653,0.003347,5.3986,3.9181,9.3561,13.4908,19.9769,148.2231,154.1477,0.1866,0.3311,139389.4285,142074.1003,memory_stress,checkoutservice,2026-06-09 15:15:00,2026-06-09 15:30:00,during_fault,6.1093874,1
2026-06-09 15:22:45,765,EXP_FAULT_03,RUN_03,memory_stress,1,currencyservice,currency-f03-06,online-boutique,node-a,0.2357,29.2446,0,158.0361,0.003452,5.7931,4.011,9.9949,15.3672,24.6763,151.2084,157.4906,0.2147,0.3309,131150.377,134275.5702,memory_stress,checkoutservice,2026-06-09 15:15:00,2026-06-09 15:30:00,during_fault,9.322789,1
2026-06-09 15:22:50,770,EXP_FAULT_03,RUN_03,memory_stress,1,currencyservice,currency-f03-06,online-boutique,node-a,0.2379,29.4664,0,154.7941,0.003108,5.3632,3.863,9.6976,14.5699,19.7223,147.8749,154.313,0.1513,0.3298,196190.1367,101105.5838,memory_stress,checkoutservice,2026-06-09 15:15:00,2026-06-09 15:30:00,during_fault,5.7623544,1
2026-06-09 15:22:55,775,EXP_FAULT_03,RUN_03,memory_stress,1,currencyservice,currency-f03-06,online-boutique,node-a,0.2395,29.5481,0,149.9492,0.002641,5.4149,3.5537,10.435,13.4289,21.5432,143.0539,149.5531,0.0803,0.3157,130983.1578,120858.5998,memory_stress,checkoutservice,2026-06-09 15:15:00,2026-06-09 15:30:00,during_fault,4.997279,1
2026-06-09 15:23:00,780,EXP_FAULT_03,RUN_03,memory_stress,1,currencyservice,currency-f03-06,online-boutique,node-a,0.2494,29.1272,0,149.1032,0.002736,5.8856,4.0011,11.9998,15.9229,25.7886,142.0353,148.6953,0.0765,0.3314,168341.5891,131913.2025,memory_stress,checkoutservice,2026-06-09 15:15:00,2026-06-09 15:30:00,during_fault,7.246379,1
2026-06-09 15:23:05,785,EXP_FAULT_03,RUN_03,memory_stress,1,currencyservice,currency-f03-06,online-boutique,node-a,0.2392,29.4891,0,144.4785,0.003586,5.7672,4.0151,10.7812,14.088,22.3763,137.3308,143.9603,0.1849,0.3333,164447.6424,117155.4719,memory_stress,checkoutservice,2026-06-09 15:15:00,2026-06-09 15:30:00,during_fault,10.747699,1
2026-06-09 15:23:10,790,EXP_FAULT_03,RUN_03,memory_stress,1,currencyservice,currency-f03-06,online-boutique,node-a,0.2465,29.0837,0,147.6037,0.002888,5.8498,3.8767,10.5047,15.432,24.2126,140.1798,147.1774,0.0693,0.357,149403.7673,152901.935,memory_stress,checkoutservice,2026-06-09 15:15:00,2026-06-09 15:30:00,during_fault,7.6116056,1
2026-06-09 15:23:15,795,EXP_FAULT_03,RUN_03,memory_stress,1,currencyservice,currency-f03-06,online-boutique,node-a,0.2469,29.4509,0,144.5829,0.003692,5.8654,4.1265,10.4602,14.6135,23.6781,137.0837,144.0492,0.1601,0.3736,173662.8328,102072.51,memory_stress,checkoutservice,2026-06-09 15:15:00,2026-06-09 15:30:00,during_fault,11.389531,1
2026-06-09 15:23:20,800,EXP_FAULT_03,RUN_03,memory_stress,1,currencyservice,currency-f03-06,online-boutique,node-a,0.2185,29.3529,0,145.9182,0.003693,5.4534,3.5962,10.6199,15.6757,24.5687,138.1732,145.3793,0.1666,0.3723,159909.2147,105670.9554,memory_stress,checkoutservice,2026-06-09 15:15:00,2026-06-09 15:30:00,during_fault,10.544673,1
2026-06-09 15:23:25,805,EXP_FAULT_03,RUN_03,memory_stress,1,currencyservice,currency-f03-06,online-boutique,node-a,0.2526,29.2033,0,141.4696,0.003906,5.414,3.5963,10.2341,13.6075,22.5026,133.8854,140.917,0.2101,0.3425,163130.4989,116894.2125,memory_stress,checkoutservice,2026-06-09 15:15:00,2026-06-09 15:30:00,during_fault,8.351091,1
2026-06-09 15:23:30,810,EXP_FAULT_03,RUN_03,memory_stress,1,currencyservice,currency-f03-06,online-boutique,node-a,0.2401,29.4073,0,139.4653,0.003258,5.7537,3.7612,10.3172,14.3798,22.9217,131.9122,139.0109,0.0651,0.3893,153727.6,95090.1086,memory_stress,checkoutservice,2026-06-09 15:15:00,2026-06-09 15:30:00,during_fault,9.64152,1
2026-06-09 15:23:35,815,EXP_FAULT_03,RUN_03,memory_stress,1,currencyservice,currency-f03-06,online-boutique,node-a,0.2324,29.2399,0,141.8733,0.003194,5.2067,3.6945,9.7683,13.0217,21.5165,134.0901,141.4201,0.0912,0.362,119546.4962,130360.0163,memory_stress,checkoutservice,2026-06-09 15:15:00,2026-06-09 15:30:00,during_fault,5.8473153,1
2026-06-09 15:23:40,820,EXP_FAULT_03,RUN_03,memory_stress,1,currencyservice,currency-f03-06,online-boutique,node-a,0.2146,28.8276,0,132.945,0.003707,5.8888,4.189,11.9107,15.3225,27.0762,125.6045,132.4522,0.1314,0.3614,118885.3759,108059.3242,memory_stress,checkoutservice,2026-06-09 15:15:00,2026-06-09 15:30:00,during_fault,14.224136,1
2026-06-09 15:23:45,825,EXP_FAULT_03,RUN_03,memory_stress,1,currencyservice,currency-f03-06,online-boutique,node-a,0.2243,29.3123,0,134.8686,0.003255,5.8045,4.0753,10.8579,16.7301,24.8936,127.4027,134.4295,0.0858,0.3532,144653.2159,119461.5401,memory_stress,checkoutservice,2026-06-09 15:15:00,2026-06-09 15:30:00,during_fault,11.340362,1
2026-06-09 15:23:50,830,EXP_FAULT_03,RUN_03,memory_stress,1,currencyservice,currency-f03-06,online-boutique,node-a,0.2329,28.7525,0,137.9475,0.00417,6.1196,4.3452,11.8752,17.7863,27.8905,130.2376,137.3723,0.2027,0.3724,162700.238,112285.3783,memory_stress,checkoutservice,2026-06-09 15:15:00,2026-06-09 15:30:00,during_fault,15.986559,1
2026-06-09 15:23:55,835,EXP_FAULT_03,RUN_03,memory_stress,1,currencyservice,currency-f03-06,online-boutique,node-a,0.2167,29.6007,0,134.7196,0.002794,5.4475,3.7941,11.3148,13.759,24.338,127.3212,134.3433,0.0362,0.3402,122719.5389,105222.7828,memory_stress,checkoutservice,2026-06-09 15:15:00,2026-06-09 15:30:00,during_fault,8.204344,1
2026-06-09 15:24:00,840,EXP_FAULT_03,RUN_03,memory_stress,1,currencyservice,currency-f03-06,online-boutique,node-a,0.2287,29.395,0,136.9073,0.002882,6.2631,4.1097,11.6567,18.0011,25.1187,129.4243,136.5128,0.0428,0.3517,145933.0531,138935.7199,memory_stress,checkoutservice,2026-06-09 15:15:00,2026-06-09 15:30:00,during_fault,13.394168,1
2026-06-09 15:24:05,845,EXP_FAULT_03,RUN_03,memory_stress,1,currencyservice,currency-f03-06,online-boutique,node-a,0.2257,29.102,0,138.757,0.003998,5.3449,3.5096,10.4383,14.7954,21.4152,131.1462,138.2022,0.1745,0.3803,149858.7784,115657.7211,memory_stress,checkoutservice,2026-06-09 15:15:00,2026-06-09 15:30:00,during_fault,10.051825,1
2026-06-09 15:24:10,850,EXP_FAULT_03,RUN_03,memory_stress,1,currencyservice,currency-f03-06,online-boutique,node-a,0.2524,29.3637,0,134.1631,0.004079,5.9802,4.0955,11.4473,16.0025,26.2436,126.9012,133.6159,0.2016,0.3456,168484.4594,110275.3562,memory_stress,checkoutservice,2026-06-09 15:15:00,2026-06-09 15:30:00,during_fault,14.7127075,1
2026-06-09 15:24:15,855,EXP_FAULT_03,RUN_03,memory_stress,1,currencyservice,currency-f03-06,online-boutique,node-a,0.2352,29.3499,0,138.4837,0.002932,5.7177,4.3196,10.7159,15.6251,24.1105,131.2086,138.0776,0.04,0.3661,174690.2541,116336.3788,memory_stress,checkoutservice,2026-06-09 15:15:00,2026-06-09 15:30:00,during_fault,8.491033,1
2026-06-09 15:24:20,860,EXP_FAULT_03,RUN_03,memory_stress,1,currencyservice,currency-f03-06,online-boutique,node-a,0.2247,29.1859,0,136.7481,0.003248,5.6863,4.1255,10.0756,16.0682,23.982,129.7089,136.304,0.0929,0.3512,143685.8349,137948.8808,memory_stress,checkoutservice,2026-06-09 15:15:00,2026-06-09 15:30:00,during_fault,9.996399,1
2026-06-09 15:24:25,865,EXP_FAULT_03,RUN_03,memory_stress,1,currencyservice,currency-f03-06,online-boutique,node-a,0.2286,29.2877,0,135.9924,0.003033,5.9755,3.9258,11.4404,16.9165,27.131,129.1587,135.58,0.0597,0.3527,156558.3433,127437.7858,memory_stress,checkoutservice,2026-06-09 15:15:00,2026-06-09 15:30:00,during_fault,11.356725,1
2026-06-09 15:24:30,870,EXP_FAULT_03,RUN_03,memory_stress,1,currencyservice,currency-f03-06,online-boutique,node-a,0.2297,29.1746,0,134.6521,0.003769,5.5773,3.8155,11.2053,14.6166,22.4758,127.9879,134.1446,0.1697,0.3378,123358.0792,134352.7672,memory_stress,checkoutservice,2026-06-09 15:15:00,2026-06-09 15:30:00,during_fault,10.924185,1
2026-06-09 15:24:35,875,EXP_FAULT_03,RUN_03,memory_stress,1,currencyservice,currency-f03-06,online-boutique,node-a,0.243,29.0854,0,142.4483,0.003861,5.3712,3.7432,10.0793,15.0192,21.6412,135.6434,141.8983,0.2179,0.3321,127931.3632,101912.684,memory_stress,checkoutservice,2026-06-09 15:15:00,2026-06-09 15:30:00,during_fault,8.074293,1
2026-06-09 15:24:40,880,EXP_FAULT_03,RUN_03,memory_stress,1,currencyservice,currency-f03-06,online-boutique,node-a,0.2321,29.1202,0,140.1925,0.002888,5.0534,3.6258,9.3807,13.7158,18.9216,133.711,139.7876,0.0969,0.308,138055.2078,135125.392,memory_stress,checkoutservice,2026-06-09 15:15:00,2026-06-09 15:30:00,during_fault,4.1752076,1
2026-06-09 15:24:45,885,EXP_FAULT_03,RUN_03,memory_stress,1,currencyservice,currency-f03-06,online-boutique,node-a,0.2422,29.8357,0,141.6418,0.002866,5.672,3.8,10.9108,15.0403,21.7337,135.3411,141.2358,0.0748,0.3312,162715.2777,94941.0138,memory_stress,checkoutservice,2026-06-09 15:15:00,2026-06-09 15:30:00,during_fault,8.12709,1
2026-06-09 15:24:50,890,EXP_FAULT_03,RUN_03,memory_stress,1,currencyservice,currency-f03-06,online-boutique,node-a,0.2419,29.256,0,144.009,0.002898,5.2133,3.8981,9.09,12.5409,20.2488,137.8046,143.5917,0.1382,0.2791,129232.9801,121140.0574,memory_stress,checkoutservice,2026-06-09 15:15:00,2026-06-09 15:30:00,during_fault,4.5118723,1
2026-06-09 15:24:55,895,EXP_FAULT_03,RUN_03,memory_stress,1,currencyservice,currency-f03-06,online-boutique,node-a,0.2391,29.6448,0,140.0985,0.002422,5.7735,4.3793,10.364,15.3533,24.5644,134.3259,139.7592,0.0428,0.2965,147772.7718,96441.2103,memory_stress,checkoutservice,2026-06-09 15:15:00,2026-06-09 15:30:00,during_fault,7.425785,1
2026-06-09 15:25:00,900,EXP_FAULT_03,RUN_03,memory_stress,1,currencyservice,currency-f03-06,online-boutique,node-a,0.2437,28.9,0,144.1102,0.003254,5.845,3.874,11.0994,15.3123,22.5409,138.3397,143.6413,0.1914,0.2775,181422.3506,115362.4041,memory_stress,checkoutservice,2026-06-09 15:15:00,2026-06-09 15:30:00,during_fault,8.905161,1
2026-06-09 15:25:05,905,EXP_FAULT_03,RUN_03,memory_stress,1,currencyservice,currency-f03-06,online-boutique,node-a,0.23,28.7889,0,135.6627,0.003086,5.7337,3.9344,11.3146,14.9347,22.8207,130.4743,135.244,0.1479,0.2708,114267.3603,133609.2068,memory_stress,checkoutservice,2026-06-09 15:15:00,2026-06-09 15:30:00,during_fault,8.771254,1
2026-06-09 15:25:10,910,EXP_FAULT_03,RUN_03,memory_stress,1,currencyservice,currency-f03-06,online-boutique,node-a,0.2283,28.9036,0,143.7322,0.002834,5.5092,4.0307,10.3169,13.3238,19.2562,138.4327,143.3249,0.1453,0.262,166734.5411,122258.0577,memory_stress,checkoutservice,2026-06-09 15:15:00,2026-06-09 15:30:00,during_fault,6.229082,1
2026-06-09 15:25:15,915,EXP_FAULT_03,RUN_03,memory_stress,1,currencyservice,currency-f03-06,online-boutique,node-a,0.2498,28.795,0,143.4684,0.003062,5.0921,3.6177,9.6922,12.5024,20.9611,138.4279,143.029,0.1684,0.2709,171368.38,117055.6085,memory_stress,checkoutservice,2026-06-09 15:15:00,2026-06-09 15:30:00,during_fault,3.6950212,1
2026-06-09 15:25:20,920,EXP_FAULT_03,RUN_03,memory_stress,1,currencyservice,currency-f03-06,online-boutique,node-a,0.2424,28.8524,0,143.3983,0.003291,4.8584,3.7074,8.2652,11.0779,19.4847,138.4619,142.9263,0.2194,0.2526,137474.7638,139892.7326,memory_stress,checkoutservice,2026-06-09 15:15:00,2026-06-09 15:30:00,during_fault,3.3321407,1
2026-06-09 15:25:25,925,EXP_FAULT_03,RUN_03,memory_stress,1,currencyservice,currency-f03-06,online-boutique,node-a,0.2455,28.82,0,140.532,0.003117,4.9866,3.3524,9.5301,11.6207,17.9018,135.8761,140.0939,0.1863,0.2518,134739.9733,97749.7607,memory_stress,checkoutservice,2026-06-09 15:15:00,2026-06-09 15:30:00,during_fault,3.5977898,1
2026-06-09 15:25:30,930,EXP_FAULT_03,RUN_03,memory_stress,1,currencyservice,currency-f03-06,online-boutique,node-a,0.2419,28.9434,0,139.4474,0.002403,5.0592,3.478,9.7952,11.7962,19.1109,135.0681,139.1124,0.1023,0.2328,137056.7228,107947.2782,memory_stress,checkoutservice,2026-06-09 15:15:00,2026-06-09 15:30:00,during_fault,2.764695,1
2026-06-09 15:25:35,935,EXP_FAULT_03,RUN_03,memory_stress,1,currencyservice,currency-f03-06,online-boutique,node-a,0.2233,29.2782,0,140.7692,0.002046,5.1436,3.815,9.8708,12.5299,18.0807,136.5187,140.4812,0.0843,0.2036,165305.3037,129354.5327,memory_stress,checkoutservice,2026-06-09 15:15:00,2026-06-09 15:30:00,during_fault,3.2113273,1
2026-06-09 15:25:40,940,EXP_FAULT_03,RUN_03,memory_stress,1,currencyservice,currency-f03-06,online-boutique,node-a,0.2336,29.7343,0,143.8355,0.002993,4.8628,3.3428,9.0917,11.4743,16.5809,139.5221,143.405,0.22,0.2105,178134.9751,117510.4748,memory_stress,checkoutservice,2026-06-09 15:15:00,2026-06-09 15:30:00,during_fault,3.9813836,1
2026-06-09 15:25:45,945,EXP_FAULT_03,RUN_03,memory_stress,1,currencyservice,currency-f03-06,online-boutique,node-a,0.2279,29.1847,0,139.5973,0.002708,4.8347,3.726,8.7796,12.2701,18.5096,135.5218,139.2193,0.1672,0.2108,152642.1274,114065.0868,memory_stress,checkoutservice,2026-06-09 15:15:00,2026-06-09 15:30:00,during_fault,3.0922217,1
2026-06-09 15:25:50,950,EXP_FAULT_03,RUN_03,memory_stress,1,currencyservice,currency-f03-06,online-boutique,node-a,0.2353,30.024,0,140.3071,0.002288,4.8702,3.7393,8.4791,11.0784,16.0913,136.3147,139.9861,0.1164,0.2047,150846.2636,140952.6308,memory_stress,checkoutservice,2026-06-09 15:15:00,2026-06-09 15:30:00,during_fault,2.8192697,1
2026-06-09 15:25:55,955,EXP_FAULT_03,RUN_03,memory_stress,1,currencyservice,currency-f03-06,online-boutique,node-a,0.2392,29.4116,0,136.0828,0.002204,5.1279,3.7443,9.1771,12.7378,18.9204,132.2612,135.783,0.1143,0.1855,161844.5622,128365.3785,memory_stress,checkoutservice,2026-06-09 15:15:00,2026-06-09 15:30:00,during_fault,3.3183532,1
2026-06-09 15:26:00,960,EXP_FAULT_03,RUN_03,memory_stress,1,currencyservice,currency-f03-06,online-boutique,node-a,0.229,28.1486,0,141.0223,0.002069,5.29,3.6509,9.0318,13.1738,18.7679,137.085,140.7306,0.0748,0.2169,152010.8272,95175.788,memory_stress,checkoutservice,2026-06-09 15:15:00,2026-06-09 15:30:00,during_fault,2.5543694,1
2026-06-09 15:26:05,965,EXP_FAULT_03,RUN_03,memory_stress,1,currencyservice,currency-f03-06,online-boutique,node-a,0.2279,29.7457,0,138.4032,0.001567,4.9818,3.8751,9.218,12.0881,17.1182,134.5661,138.1864,0.0376,0.1792,130834.0941,140370.9822,memory_stress,checkoutservice,2026-06-09 15:15:00,2026-06-09 15:30:00,during_fault,1.9229141,1
2026-06-09 15:26:10,970,EXP_FAULT_03,RUN_03,memory_stress,1,currencyservice,currency-f03-06,online-boutique,node-a,0.2339,29.4697,0,140.5994,0.002228,5.0324,3.8239,8.7848,11.3744,16.5829,136.6148,140.2861,0.119,0.1942,125015.1432,137806.1255,memory_stress,checkoutservice,2026-06-09 15:15:00,2026-06-09 15:30:00,during_fault,2.8658547,1
2026-06-09 15:26:15,975,EXP_FAULT_03,RUN_03,memory_stress,1,currencyservice,currency-f03-06,online-boutique,node-a,0.229,29.1731,0,140.0616,0.001737,5.3393,3.8745,9.9102,12.4304,19.0621,136.0636,139.8183,0.0532,0.1901,146591.3396,136580.1489,memory_stress,checkoutservice,2026-06-09 15:15:00,2026-06-09 15:30:00,during_fault,3.103666,1
2026-06-09 15:26:20,980,EXP_FAULT_03,RUN_03,memory_stress,1,currencyservice,currency-f03-06,online-boutique,node-a,0.2264,29.4987,0,138.5903,0.002076,5.2281,3.6304,10.0799,12.0073,17.3298,134.5175,138.3026,0.0727,0.215,152666.2978,127732.7423,memory_stress,checkoutservice,2026-06-09 15:15:00,2026-06-09 15:30:00,during_fault,3.8244545,1
2026-06-09 15:26:25,985,EXP_FAULT_03,RUN_03,memory_stress,1,currencyservice,currency-f03-06,online-boutique,node-a,0.2246,29.2593,0,142.3044,0.002353,4.834,3.7002,9.0396,12.0935,18.3998,138.0052,141.9696,0.1043,0.2305,169196.2833,126651.6392,memory_stress,checkoutservice,2026-06-09 15:15:00,2026-06-09 15:30:00,during_fault,2.5170445,1
2026-06-09 15:26:30,990,EXP_FAULT_03,RUN_03,memory_stress,1,currencyservice,currency-f03-06,online-boutique,node-a,0.2356,29.3254,0,137.0273,0.002152,5.0421,3.6447,9.3412,12.2536,16.8219,132.7458,136.7324,0.0787,0.2161,173122.3425,141108.0891,memory_stress,checkoutservice,2026-06-09 15:15:00,2026-06-09 15:30:00,during_fault,2.7747364,1
2026-06-09 15:26:35,995,EXP_FAULT_03,RUN_03,memory_stress,1,currencyservice,currency-f03-06,online-boutique,node-a,0.2369,29.197,0,137.0218,0.002859,4.9564,3.7232,8.6849,11.6941,18.4085,132.5068,136.63,0.19,0.2017,144542.6963,110842.7799,memory_stress,checkoutservice,2026-06-09 15:15:00,2026-06-09 15:30:00,during_fault,3.6854262,1
2026-06-09 15:26:40,1000,EXP_FAULT_03,RUN_03,memory_stress,1,currencyservice,currency-f03-06,online-boutique,node-a,0.2428,29.8215,0,134.811,0.002509,5.205,3.8795,8.725,13.4718,19.6531,130.2844,134.4728,0.1141,0.2241,135871.3458,116484.531,memory_stress,checkoutservice,2026-06-09 15:15:00,2026-06-09 15:30:00,during_fault,4.798566,1
2026-06-09 15:26:45,1005,EXP_FAULT_03,RUN_03,memory_stress,1,currencyservice,currency-f03-06,online-boutique,node-a,0.2305,29.6976,0,133.7222,0.00263,5.1183,3.7131,9.6199,12.0849,17.5947,129.0045,133.3705,0.1327,0.219,140676.1185,106096.7442,memory_stress,checkoutservice,2026-06-09 15:15:00,2026-06-09 15:30:00,during_fault,4.935089,1
2026-06-09 15:26:50,1010,EXP_FAULT_03,RUN_03,memory_stress,1,currencyservice,currency-f03-06,online-boutique,node-a,0.2231,29.3623,0,135.938,0.003046,5.5475,3.9114,9.5002,13.4683,19.2063,130.9293,135.524,0.145,0.269,141944.8368,112350.4211,memory_stress,checkoutservice,2026-06-09 15:15:00,2026-06-09 15:30:00,during_fault,8.737076,1
2026-06-09 15:26:55,1015,EXP_FAULT_03,RUN_03,memory_stress,1,currencyservice,currency-f03-06,online-boutique,node-a,0.2271,28.4554,0,133.0253,0.002687,5.4047,3.7377,10.2549,14.5381,20.1287,127.9738,132.6678,0.1132,0.2443,148520.7536,89114.2627,memory_stress,checkoutservice,2026-06-09 15:15:00,2026-06-09 15:30:00,during_fault,5.316916,1
2026-06-09 15:27:00,1020,EXP_FAULT_03,RUN_03,memory_stress,1,currencyservice,currency-f03-06,online-boutique,node-a,0.2385,29.3735,0,134.8893,0.002835,5.3068,3.7185,9.6385,14.0332,19.8575,129.5089,134.5069,0.1236,0.2588,134151.6291,98719.6348,memory_stress,checkoutservice,2026-06-09 15:15:00,2026-06-09 15:30:00,during_fault,5.7365713,1
2026-06-09 15:27:05,1025,EXP_FAULT_03,RUN_03,memory_stress,1,currencyservice,currency-f03-06,online-boutique,node-a,0.2426,29.5484,0,140.2281,0.002637,5.8367,4.076,11.4192,15.9174,22.3307,134.4281,139.8584,0.0959,0.2738,177969.131,93594.6715,memory_stress,checkoutservice,2026-06-09 15:15:00,2026-06-09 15:30:00,during_fault,8.237534,1
2026-06-09 15:27:10,1030,EXP_FAULT_03,RUN_03,memory_stress,1,currencyservice,currency-f03-06,online-boutique,node-a,0.2376,29.2583,0,134.6306,0.002612,5.1471,3.7099,9.7105,12.274,19.6622,128.8797,134.279,0.0568,0.2948,112513.5313,122739.1644,memory_stress,checkoutservice,2026-06-09 15:15:00,2026-06-09 15:30:00,during_fault,4.2385316,1
2026-06-09 15:27:15,1035,EXP_FAULT_03,RUN_03,memory_stress,1,currencyservice,currency-f03-06,online-boutique,node-a,0.2229,28.9932,0,135.9575,0.003472,4.7934,3.1683,8.9486,11.9868,17.8967,129.8299,135.4854,0.1757,0.2963,128158.4105,128811.446,memory_stress,checkoutservice,2026-06-09 15:15:00,2026-06-09 15:30:00,during_fault,5.090493,1
2026-06-09 15:27:20,1040,EXP_FAULT_03,RUN_03,memory_stress,1,currencyservice,currency-f03-06,online-boutique,node-a,0.2426,29.0376,0,137.8501,0.003686,5.2617,3.4667,9.5893,12.6172,22.0229,131.4427,137.342,0.22,0.2881,151181.5122,112479.1318,memory_stress,checkoutservice,2026-06-09 15:15:00,2026-06-09 15:30:00,during_fault,7.0873947,1
2026-06-09 15:27:25,1045,EXP_FAULT_03,RUN_03,memory_stress,1,currencyservice,currency-f03-06,online-boutique,node-a,0.2213,28.4456,0,136.6827,0.003296,6.0907,4.0532,11.8866,16.8254,26.9822,130.1307,136.2322,0.146,0.3045,146930.8568,116156.8384,memory_stress,checkoutservice,2026-06-09 15:15:00,2026-06-09 15:30:00,during_fault,12.364378,1
2026-06-09 15:27:30,1050,EXP_FAULT_03,RUN_03,memory_stress,1,currencyservice,currency-f03-06,online-boutique,node-a,0.2335,28.7399,0,140.8195,0.003073,5.342,3.9883,10.1358,13.9983,22.7956,133.9336,140.3867,0.104,0.3288,178626.6529,141517.2993,memory_stress,checkoutservice,2026-06-09 15:15:00,2026-06-09 15:30:00,during_fault,5.633638,1
2026-06-09 15:27:35,1055,EXP_FAULT_03,RUN_03,memory_stress,1,currencyservice,currency-f03-06,online-boutique,node-a,0.2288,29.2771,0,143.1503,0.003256,5.5624,3.9281,9.7737,15.8148,22.9602,135.914,142.6842,0.1271,0.339,128024.2148,144059.8667,memory_stress,checkoutservice,2026-06-09 15:15:00,2026-06-09 15:30:00,during_fault,8.528349,1
2026-06-09 15:27:40,1060,EXP_FAULT_03,RUN_03,memory_stress,1,currencyservice,currency-f03-06,online-boutique,node-a,0.2233,29.3396,0,140.561,0.003087,5.6107,3.7761,10.0474,14.9352,23.0722,133.3396,140.1271,0.0694,0.3646,150611.4182,140091.2021,memory_stress,checkoutservice,2026-06-09 15:15:00,2026-06-09 15:30:00,during_fault,8.987547,1
2026-06-09 15:27:45,1065,EXP_FAULT_03,RUN_03,memory_stress,1,currencyservice,currency-f03-06,online-boutique,node-a,0.2199,29.3414,0,139.6739,0.004113,5.4608,4.0255,10.0357,14.9129,22.5415,132.2689,139.0994,0.2211,0.3534,131044.4416,144727.1617,memory_stress,checkoutservice,2026-06-09 15:15:00,2026-06-09 15:30:00,during_fault,12.498749,1
2026-06-09 15:27:50,1070,EXP_FAULT_03,RUN_03,memory_stress,1,currencyservice,currency-f03-06,online-boutique,node-a,0.2532,29.4954,0,142.9716,0.00361,5.8317,4.4016,10.5742,15.6158,22.5921,135.3002,142.4554,0.1299,0.3863,156945.4306,126921.9897,memory_stress,checkoutservice,2026-06-09 15:15:00,2026-06-09 15:30:00,during_fault,10.822517,1
2026-06-09 15:27:55,1075,EXP_FAULT_03,RUN_03,memory_stress,1,currencyservice,currency-f03-06,online-boutique,node-a,0.2463,29.545,0,146.9376,0.002882,5.7176,4.027,10.5833,14.6295,23.6614,138.9843,146.5142,0.0637,0.3598,154738.8393,106333.9409,memory_stress,checkoutservice,2026-06-09 15:15:00,2026-06-09 15:30:00,during_fault,7.4378877,1
2026-06-09 15:28:00,1080,EXP_FAULT_03,RUN_03,memory_stress,1,currencyservice,currency-f03-06,online-boutique,node-a,0.2452,29.5192,0,145.5662,0.004084,6.394,4.5896,13.0664,18.1912,29.5726,137.56,144.9716,0.2131,0.3815,125204.7423,139660.6335,memory_stress,checkoutservice,2026-06-09 15:15:00,2026-06-09 15:30:00,during_fault,18.178593,1
2026-06-09 15:28:05,1085,EXP_FAULT_03,RUN_03,memory_stress,1,currencyservice,currency-f03-06,online-boutique,node-a,0.2526,29.6896,0,149.7454,0.003059,5.474,3.9425,11.0974,13.8468,23.5978,141.4873,149.2874,0.0805,0.3776,153319.6354,118828.3567,memory_stress,checkoutservice,2026-06-09 15:15:00,2026-06-09 15:30:00,during_fault,6.213986,1
2026-06-09 15:28:10,1090,EXP_FAULT_03,RUN_03,memory_stress,1,currencyservice,currency-f03-06,online-boutique,node-a,0.2276,29.4467,0,145.6153,0.00418,5.9568,3.9222,10.7417,15.2421,25.1435,137.4963,145.0066,0.198,0.4106,149047.6093,133905.4585,memory_stress,checkoutservice,2026-06-09 15:15:00,2026-06-09 15:30:00,during_fault,15.975436,1
2026-06-09 15:28:15,1095,EXP_FAULT_03,RUN_03,memory_stress,1,currencyservice,currency-f03-06,online-boutique,node-a,0.225,29.162,0,147.0601,0.003981,5.6769,3.6854,11.2319,16.1425,26.623,138.9006,146.4747,0.2106,0.3748,143325.7745,99421.8974,memory_stress,checkoutservice,2026-06-09 15:15:00,2026-06-09 15:30:00,during_fault,12.237734,1
2026-06-09 15:28:20,1100,EXP_FAULT_03,RUN_03,memory_stress,1,currencyservice,currency-f03-06,online-boutique,node-a,0.233,29.2471,0,151.3088,0.004015,5.7158,3.8486,10.9813,15.7547,23.8611,142.8996,150.7014,0.2021,0.4053,141580.2669,109817.1452,memory_stress,checkoutservice,2026-06-09 15:15:00,2026-06-09 15:30:00,during_fault,11.6973295,1
2026-06-09 15:28:25,1105,EXP_FAULT_03,RUN_03,memory_stress,1,currencyservice,currency-f03-06,online-boutique,node-a,0.2352,29.0854,0,155.5823,0.003689,5.6745,4.0565,10.3411,14.6989,26.5904,147.0405,155.0084,0.1787,0.3952,183018.546,118469.741,memory_stress,checkoutservice,2026-06-09 15:15:00,2026-06-09 15:30:00,during_fault,9.293752,1
2026-06-09 15:28:30,1110,EXP_FAULT_03,RUN_03,memory_stress,1,currencyservice,currency-f03-06,online-boutique,node-a,0.2313,29.1257,0,148.4524,0.003828,5.7292,4.2943,11.2718,14.9782,22.6367,140.355,147.8841,0.2007,0.3676,172808.8217,121098.1432,memory_stress,checkoutservice,2026-06-09 15:15:00,2026-06-09 15:30:00,during_fault,11.139193,1
2026-06-09 15:28:35,1115,EXP_FAULT_03,RUN_03,memory_stress,1,currencyservice,currency-f03-06,online-boutique,node-a,0.2431,29.0914,0,152.5523,0.003694,6.3752,4.7707,12.3681,18.0179,25.9865,144.3725,151.9889,0.192,0.3714,152349.5782,118459.2767,memory_stress,checkoutservice,2026-06-09 15:15:00,2026-06-09 15:30:00,during_fault,14.559776,1
2026-06-09 15:28:40,1120,EXP_FAULT_03,RUN_03,memory_stress,1,currencyservice,currency-f03-06,online-boutique,node-a,0.2302,29.086,0,154.0975,0.004004,6.1984,4.0501,12.3866,16.4812,23.995,145.8887,153.4804,0.2043,0.4127,193043.6137,145873.083,memory_stress,checkoutservice,2026-06-09 15:15:00,2026-06-09 15:30:00,during_fault,15.557544,1
2026-06-09 15:28:45,1125,EXP_FAULT_03,RUN_03,memory_stress,1,currencyservice,currency-f03-06,online-boutique,node-a,0.2452,29.5958,0,152.8603,0.002821,5.5356,3.6176,10.9385,15.3362,21.1997,144.9933,152.429,0.0448,0.3865,164115.8717,102379.9971,memory_stress,checkoutservice,2026-06-09 15:15:00,2026-06-09 15:30:00,during_fault,5.795104,1
2026-06-09 15:28:50,1130,EXP_FAULT_03,RUN_03,memory_stress,1,currencyservice,currency-f03-06,online-boutique,node-a,0.2369,29.6203,0,153.1914,0.003331,5.767,4.1097,11.2416,15.7791,22.8912,145.4347,152.681,0.1225,0.3878,162588.4022,148038.1838,memory_stress,checkoutservice,2026-06-09 15:15:00,2026-06-09 15:30:00,during_fault,9.529307,1
2026-06-09 15:28:55,1135,EXP_FAULT_03,RUN_03,memory_stress,1,currencyservice,currency-f03-06,online-boutique,node-a,0.2301,29.0432,0,148.2873,0.003668,5.3658,3.7948,10.3607,13.5942,21.9615,140.9277,147.7434,0.1859,0.3581,171645.3211,150893.5772,memory_stress,checkoutservice,2026-06-09 15:15:00,2026-06-09 15:30:00,during_fault,7.9300585,1
2026-06-09 15:29:00,1140,EXP_FAULT_03,RUN_03,memory_stress,1,currencyservice,currency-f03-06,online-boutique,node-a,0.235,29.7503,0,150.2177,0.00255,5.0825,3.7525,9.4471,14.3277,20.96,143.0914,149.8346,0.0483,0.3347,184776.6357,142995.5485,memory_stress,checkoutservice,2026-06-09 15:15:00,2026-06-09 15:30:00,during_fault,3.5997596,1
2026-06-09 15:29:05,1145,EXP_FAULT_03,RUN_03,memory_stress,1,currencyservice,currency-f03-06,online-boutique,node-a,0.2309,28.9288,0,147.2817,0.002594,5.576,4.2251,10.2902,15.4792,24.0172,140.5201,146.8997,0.0566,0.3253,151516.6314,113528.3213,memory_stress,checkoutservice,2026-06-09 15:15:00,2026-06-09 15:30:00,during_fault,5.5780277,1
2026-06-09 15:29:10,1150,EXP_FAULT_03,RUN_03,memory_stress,1,currencyservice,currency-f03-06,online-boutique,node-a,0.2321,29.1559,0,153.1513,0.003049,5.5589,4.0928,11.13,14.9458,20.3222,146.3202,152.6844,0.1457,0.3212,134581.9019,157070.4851,memory_stress,checkoutservice,2026-06-09 15:15:00,2026-06-09 15:30:00,during_fault,6.794927,1
2026-06-09 15:29:15,1155,EXP_FAULT_03,RUN_03,memory_stress,1,currencyservice,currency-f03-06,online-boutique,node-a,0.2331,29.5218,0,151.257,0.002325,5.8725,4.2079,10.8531,16.0578,22.5444,144.8078,150.9053,0.0419,0.3098,153058.8807,141364.096,memory_stress,checkoutservice,2026-06-09 15:15:00,2026-06-09 15:30:00,during_fault,7.1200576,1
2026-06-09 15:29:20,1160,EXP_FAULT_03,RUN_03,memory_stress,1,currencyservice,currency-f03-06,online-boutique,node-a,0.2374,29.658,0,150.7165,0.002568,5.5608,3.8862,10.4411,13.6013,22.9432,144.486,150.3295,0.0854,0.3016,168114.6884,118859.5409,memory_stress,checkoutservice,2026-06-09 15:15:00,2026-06-09 15:30:00,during_fault,5.817898,1
2026-06-09 15:29:25,1165,EXP_FAULT_03,RUN_03,memory_stress,1,currencyservice,currency-f03-06,online-boutique,node-a,0.2355,29.502,0,150.7402,0.003207,5.1629,3.4333,10.2552,13.7336,19.3531,144.7457,150.2567,0.2073,0.2762,184577.5049,125277.5603,memory_stress,checkoutservice,2026-06-09 15:15:00,2026-06-09 15:30:00,during_fault,5.3592486,1
2026-06-09 15:29:30,1170,EXP_FAULT_03,RUN_03,memory_stress,1,currencyservice,currency-f03-06,online-boutique,node-a,0.2367,29.2816,0,143.9377,0.002313,5.2037,3.4606,9.368,11.9889,20.9431,138.4795,143.6047,0.0634,0.2696,137464.2852,108476.2903,memory_stress,checkoutservice,2026-06-09 15:15:00,2026-06-09 15:30:00,during_fault,3.3350785,1
2026-06-09 15:29:35,1175,EXP_FAULT_03,RUN_03,memory_stress,1,currencyservice,currency-f03-06,online-boutique,node-a,0.2301,29.5843,0,153.1391,0.00284,5.3973,4.1556,9.7988,12.3525,21.3291,147.5214,152.7043,0.1749,0.2599,133356.986,136338.442,memory_stress,checkoutservice,2026-06-09 15:15:00,2026-06-09 15:30:00,during_fault,5.9738235,1
2026-06-09 15:29:40,1180,EXP_FAULT_03,RUN_03,memory_stress,1,currencyservice,currency-f03-06,online-boutique,node-a,0.2567,29.4006,0,146.6099,0.00198,5.6934,3.9521,9.8676,13.8984,20.1032,141.4959,146.3197,0.0561,0.2341,177814.2473,111738.6432,memory_stress,checkoutservice,2026-06-09 15:15:00,2026-06-09 15:30:00,during_fault,4.8133817,1
2026-06-09 15:29:45,1185,EXP_FAULT_03,RUN_03,memory_stress,1,currencyservice,currency-f03-06,online-boutique,node-a,0.2407,29.3424,0,142.7361,0.002838,5.7172,4.3175,10.7509,14.0811,22.7994,137.9033,142.3309,0.1632,0.2419,117588.144,124113.6403,memory_stress,checkoutservice,2026-06-09 15:15:00,2026-06-09 15:30:00,during_fault,7.563492,1
2026-06-09 15:29:50,1190,EXP_FAULT_03,RUN_03,memory_stress,1,currencyservice,currency-f03-06,online-boutique,node-a,0.2294,28.895,0,143.3362,0.002343,5.3931,3.8688,9.7356,12.4703,21.3584,138.6807,143.0003,0.0899,0.246,177334.7664,118719.6989,memory_stress,checkoutservice,2026-06-09 15:15:00,2026-06-09 15:30:00,during_fault,4.1949615,1
2026-06-09 15:29:55,1195,EXP_FAULT_03,RUN_03,memory_stress,1,currencyservice,currency-f03-06,online-boutique,node-a,0.2327,29.8428,0,142.8618,0.002065,5.6231,3.9848,9.5958,13.0777,20.8398,138.4058,142.5668,0.0915,0.2035,150171.1919,102342.62,memory_stress,checkoutservice,2026-06-09 15:15:00,2026-06-09 15:30:00,during_fault,5.8138456,1
2026-06-09 15:30:00,1200,EXP_FAULT_03,RUN_03,memory_stress,1,currencyservice,currency-f03-06,online-boutique,node-a,0.2243,29.2112,0,145.482,0.001945,5.1257,3.6201,9.5801,13.216,18.8184,141.04,145.1991,0.0457,0.2373,184346.3027,94787.3837,memory_stress,checkoutservice,2026-06-09 15:15:00,2026-06-09 15:30:00,post_fault,2.6523252,1
2026-06-09 15:30:05,1205,EXP_FAULT_03,RUN_03,memory_stress,1,currencyservice,currency-f03-06,online-boutique,node-a,0.2433,29.0978,0,148.5384,0.002534,5.4525,3.6802,9.8499,13.0551,19.8874,144.0246,148.1619,0.1645,0.2119,123006.3851,131257.5235,memory_stress,checkoutservice,2026-06-09 15:15:00,2026-06-09 15:30:00,post_fault,4.359357,1
2026-06-09 15:30:10,1210,EXP_FAULT_03,RUN_03,memory_stress,1,currencyservice,currency-f03-06,online-boutique,node-a,0.2319,29.0098,0,147.4929,0.00221,4.7947,3.5648,9.2322,10.9011,17.064,143.0963,147.1669,0.1216,0.2045,164793.6962,110602.155,memory_stress,checkoutservice,2026-06-09 15:15:00,2026-06-09 15:30:00,post_fault,1.4755331,1
2026-06-09 15:30:15,1215,EXP_FAULT_03,RUN_03,memory_stress,1,currencyservice,currency-f03-06,online-boutique,node-a,0.2317,30.0187,0,143.1122,0.002791,4.7324,3.3138,8.5488,11.9167,17.9989,138.8185,142.7128,0.1725,0.2269,120446.5322,147455.3873,memory_stress,checkoutservice,2026-06-09 15:15:00,2026-06-09 15:30:00,post_fault,3.3924878,1
2026-06-09 15:30:20,1220,EXP_FAULT_03,RUN_03,memory_stress,1,currencyservice,currency-f03-06,online-boutique,node-a,0.2372,28.9702,0,147.6814,0.001722,5.1419,3.7106,9.3211,12.2482,16.9952,143.4128,147.4271,0.0396,0.2146,163121.005,111391.9291,memory_stress,checkoutservice,2026-06-09 15:15:00,2026-06-09 15:30:00,post_fault,1.6328316,1
2026-06-09 15:30:25,1225,EXP_FAULT_03,RUN_03,memory_stress,1,currencyservice,currency-f03-06,online-boutique,node-a,0.245,29.6076,0,151.1397,0.002737,5.2498,4.0802,9.325,11.5309,20.3623,146.7618,150.726,0.172,0.2416,160344.6909,148246.9744,memory_stress,checkoutservice,2026-06-09 15:15:00,2026-06-09 15:30:00,post_fault,4.169061,1
2026-06-09 15:30:30,1230,EXP_FAULT_03,RUN_03,memory_stress,1,currencyservice,currency-f03-06,online-boutique,node-a,0.2374,29.1043,0,148.7121,0.002611,5.1414,3.4836,9.6327,12.6622,17.1344,144.4474,148.3238,0.1733,0.215,170133.665,123719.8158,memory_stress,checkoutservice,2026-06-09 15:15:00,2026-06-09 15:30:00,post_fault,3.2732978,1
2026-06-09 15:30:35,1235,EXP_FAULT_03,RUN_03,memory_stress,1,currencyservice,currency-f03-06,online-boutique,node-a,0.2412,29.0344,0,147.0212,0.002351,4.82,3.4583,8.4962,11.6438,18.7033,142.8777,146.6756,0.1172,0.2284,169315.3074,132792.329,memory_stress,checkoutservice,2026-06-09 15:15:00,2026-06-09 15:30:00,post_fault,1.5370462,1
2026-06-09 15:30:40,1240,EXP_FAULT_03,RUN_03,memory_stress,1,currencyservice,currency-f03-06,online-boutique,node-a,0.2239,29.3967,0,151.007,0.002621,5.5071,3.8456,10.2578,12.326,18.9846,146.8261,150.6113,0.2062,0.1896,138104.9008,137494.761,memory_stress,checkoutservice,2026-06-09 15:15:00,2026-06-09 15:30:00,post_fault,6.2716155,1
2026-06-09 15:30:45,1245,EXP_FAULT_03,RUN_03,memory_stress,1,currencyservice,currency-f03-06,online-boutique,node-a,0.2341,29.7351,0,153.2913,0.002321,5.2147,4.0443,9.0809,11.9588,17.5512,149.0802,152.9354,0.129,0.2269,172533.3094,132804.38,memory_stress,checkoutservice,2026-06-09 15:15:00,2026-06-09 15:30:00,post_fault,3.5610337,1
2026-06-09 15:30:50,1250,EXP_FAULT_03,RUN_03,memory_stress,1,currencyservice,currency-f03-06,online-boutique,node-a,0.2415,30.021,0,149.6142,0.002533,5.1412,3.5666,8.8027,11.9339,17.7843,145.5938,149.2352,0.1664,0.2126,163805.1404,122224.1193,memory_stress,checkoutservice,2026-06-09 15:15:00,2026-06-09 15:30:00,post_fault,3.8359444,1
2026-06-09 15:30:55,1255,EXP_FAULT_03,RUN_03,memory_stress,1,currencyservice,currency-f03-06,online-boutique,node-a,0.2373,29.3222,0,152.3989,0.00188,5.2262,3.514,9.303,12.2096,17.141,148.3875,152.1124,0.0576,0.2288,171660.8915,141158.7356,memory_stress,checkoutservice,2026-06-09 15:15:00,2026-06-09 15:30:00,post_fault,2.23583,1
2026-06-09 15:31:00,1260,EXP_FAULT_03,RUN_03,memory_stress,1,currencyservice,currency-f03-06,online-boutique,node-a,0.2337,29.4994,0,155.1004,0.002183,4.6121,3.1048,7.6707,11.5031,15.9605,151.039,154.7618,0.1332,0.2053,181401.8135,131456.8636,memory_stress,checkoutservice,2026-06-09 15:15:00,2026-06-09 15:30:00,post_fault,1.0966356,1
2026-06-09 15:31:05,1265,EXP_FAULT_03,RUN_03,memory_stress,1,currencyservice,currency-f03-06,online-boutique,node-a,0.254,29.6232,0,159.1649,0.002085,5.5368,4.1595,10.4229,12.2486,20.7294,155.0598,158.8331,0.0981,0.2337,193630.8904,113001.4972,memory_stress,checkoutservice,2026-06-09 15:15:00,2026-06-09 15:30:00,post_fault,3.4530525,1
2026-06-09 15:31:10,1270,EXP_FAULT_03,RUN_03,memory_stress,1,currencyservice,currency-f03-06,online-boutique,node-a,0.2264,29.2759,0,158.7685,0.002111,5.3583,4.0145,9.7192,13.1995,18.3071,154.7261,158.4334,0.1013,0.2339,154864.0635,162547.9324,memory_stress,checkoutservice,2026-06-09 15:15:00,2026-06-09 15:30:00,post_fault,3.5560036,1
2026-06-09 15:31:15,1275,EXP_FAULT_03,RUN_03,memory_stress,1,currencyservice,currency-f03-06,online-boutique,node-a,0.2567,29.794,0,158.7317,0.001474,5.2973,3.9342,9.7401,12.343,18.6194,154.796,158.4977,0.0399,0.1942,165761.54,156573.4143,memory_stress,checkoutservice,2026-06-09 15:15:00,2026-06-09 15:30:00,post_fault,1.7519646,1
2026-06-09 15:31:20,1280,EXP_FAULT_03,RUN_03,memory_stress,1,currencyservice,currency-f03-06,online-boutique,node-a,0.2353,28.9819,0,160.9401,0.001819,4.7915,3.3938,8.0201,11.6347,15.2045,156.9757,160.6473,0.0681,0.2247,177742.0778,134934.1596,memory_stress,checkoutservice,2026-06-09 15:15:00,2026-06-09 15:30:00,post_fault,0.6323908,0
2026-06-09 15:31:25,1285,EXP_FAULT_03,RUN_03,memory_stress,1,currencyservice,currency-f03-06,online-boutique,node-a,0.2479,29.1803,0,161.7317,0.003014,5.2971,3.7249,10.0126,12.5889,17.664,157.7416,161.2443,0.257,0.2305,149074.9207,165453.3837,memory_stress,checkoutservice,2026-06-09 15:15:00,2026-06-09 15:30:00,post_fault,3.9167538,1
2026-06-09 15:31:30,1290,EXP_FAULT_03,RUN_03,memory_stress,1,currencyservice,currency-f03-06,online-boutique,node-a,0.2346,29.1195,0,163.235,0.00262,5.0971,4.0111,9.0452,12.0476,16.0764,159.2384,162.8072,0.2003,0.2274,157209.6548,118377.088,memory_stress,checkoutservice,2026-06-09 15:15:00,2026-06-09 15:30:00,post_fault,2.8312564,1
2026-06-09 15:31:35,1295,EXP_FAULT_03,RUN_03,memory_stress,1,currencyservice,currency-f03-06,online-boutique,node-a,0.2536,29.2875,0,165.2001,0.002627,4.8607,3.498,8.4177,11.6723,15.3844,161.2693,164.7661,0.2169,0.2172,141775.7131,142970.1427,memory_stress,checkoutservice,2026-06-09 15:15:00,2026-06-09 15:30:00,post_fault,1.3238735,1
2026-06-09 15:31:40,1300,EXP_FAULT_03,RUN_03,memory_stress,1,currencyservice,currency-f03-06,online-boutique,node-a,0.2341,28.9656,0,160.4906,0.002188,5.1237,3.7104,8.4336,12.1176,16.9389,156.7363,160.1394,0.1282,0.223,156145.0711,165438.0963,memory_stress,checkoutservice,2026-06-09 15:15:00,2026-06-09 15:30:00,post_fault,2.013825,1
2026-06-09 15:31:45,1305,EXP_FAULT_03,RUN_03,memory_stress,1,currencyservice,currency-f03-06,online-boutique,node-a,0.2321,28.9006,0,164.3167,0.00167,5.0758,3.8305,8.8711,11.4545,18.2314,160.5548,164.0423,0.0564,0.218,204205.1405,140223.441,memory_stress,checkoutservice,2026-06-09 15:15:00,2026-06-09 15:30:00,post_fault,1.0997413,1
2026-06-09 15:31:50,1310,EXP_FAULT_03,RUN_03,memory_stress,1,currencyservice,currency-f03-06,online-boutique,node-a,0.2478,29.5111,0,160.1669,0.002524,4.9988,3.4072,8.4085,10.7823,18.4747,156.4634,159.7627,0.2143,0.1899,181350.6685,125000.929,memory_stress,checkoutservice,2026-06-09 15:15:00,2026-06-09 15:30:00,post_fault,2.069781,1
2026-06-09 15:31:55,1315,EXP_FAULT_03,RUN_03,memory_stress,1,currencyservice,currency-f03-06,online-boutique,node-a,0.238,29.7759,0,159.316,0.001827,4.6765,3.6668,8.4358,11.3644,16.1683,155.7349,159.0248,0.1041,0.187,200994.561,158024.0267,memory_stress,checkoutservice,2026-06-09 15:15:00,2026-06-09 15:30:00,post_fault,0.73258936,0
2026-06-09 15:32:00,1320,EXP_FAULT_03,RUN_03,memory_stress,1,currencyservice,currency-f03-06,online-boutique,node-a,0.2321,29.2769,0,163.706,0.002419,5.1022,3.5134,9.1866,11.8233,17.2168,160.0464,163.3099,0.187,0.2091,146922.9484,137560.1624,memory_stress,checkoutservice,2026-06-09 15:15:00,2026-06-09 15:30:00,post_fault,2.73879,1
2026-06-09 15:32:05,1325,EXP_FAULT_03,RUN_03,memory_stress,1,currencyservice,currency-f03-06,online-boutique,node-a,0.2457,29.4056,0,157.1251,0.002473,4.8967,3.7716,7.919,10.2365,16.6498,153.6615,156.7366,0.226,0.1626,135095.8804,131900.3289,memory_stress,checkoutservice,2026-06-09 15:15:00,2026-06-09 15:30:00,post_fault,1.7369646,1
2026-06-09 15:32:10,1330,EXP_FAULT_03,RUN_03,memory_stress,1,currencyservice,currency-f03-06,online-boutique,node-a,0.2458,29.5305,0,158.5075,0.001716,5.181,3.8158,9.0484,11.1096,18.5471,155.1131,158.2356,0.1155,0.1565,191137.2649,158020.0024,memory_stress,checkoutservice,2026-06-09 15:15:00,2026-06-09 15:30:00,post_fault,1.5612046,1
2026-06-09 15:32:15,1335,EXP_FAULT_03,RUN_03,memory_stress,1,currencyservice,currency-f03-06,online-boutique,node-a,0.2283,29.4285,0,157.732,0.001581,5.4428,4.1331,9.6638,12.884,17.4623,154.3962,157.4826,0.0497,0.1997,194997.0516,153761.1273,memory_stress,checkoutservice,2026-06-09 15:15:00,2026-06-09 15:30:00,post_fault,2.8918056,1
2026-06-09 15:32:20,1340,EXP_FAULT_03,RUN_03,memory_stress,1,currencyservice,currency-f03-06,online-boutique,node-a,0.2438,29.3791,0,158.3025,0.001441,4.6013,3.2752,8.5064,10.5974,16.8447,155.0071,158.0744,0.0491,0.179,143875.4439,151670.9625,memory_stress,checkoutservice,2026-06-09 15:15:00,2026-06-09 15:30:00,post_fault,0.13842708,0
2026-06-09 15:32:25,1345,EXP_FAULT_03,RUN_03,memory_stress,1,currencyservice,currency-f03-06,online-boutique,node-a,0.2474,29.289,0,163.6607,0.002281,4.6089,3.5583,8.1569,10.4741,14.2729,160.2478,163.2873,0.219,0.1543,199759.6497,113260.6927,memory_stress,checkoutservice,2026-06-09 15:15:00,2026-06-09 15:30:00,post_fault,0.53549397,0
2026-06-09 15:32:30,1350,EXP_FAULT_03,RUN_03,memory_stress,1,currencyservice,currency-f03-06,online-boutique,node-a,0.2576,29.3069,0,158.4773,0.002623,4.7961,3.5545,8.8712,11.1007,16.4766,155.1906,158.0616,0.2273,0.1885,186485.9087,105119.9554,memory_stress,checkoutservice,2026-06-09 15:15:00,2026-06-09 15:30:00,post_fault,1.3719357,1
2026-06-09 15:32:35,1355,EXP_FAULT_03,RUN_03,memory_stress,1,currencyservice,currency-f03-06,online-boutique,node-a,0.2374,29.1847,0,154.5271,0.001511,4.9389,3.5457,9.066,10.7363,16.7137,151.4275,154.2936,0.055,0.1785,158800.8044,110667.8012,memory_stress,checkoutservice,2026-06-09 15:15:00,2026-06-09 15:30:00,post_fault,0.7547501,0
2026-06-09 15:32:40,1360,EXP_FAULT_03,RUN_03,memory_stress,1,currencyservice,currency-f03-06,online-boutique,node-a,0.2468,29.8658,0,157.5005,0.001485,5.1806,3.9856,8.5662,12.1093,18.4931,154.3898,157.2666,0.0471,0.1868,148046.6236,118135.5368,memory_stress,checkoutservice,2026-06-09 15:15:00,2026-06-09 15:30:00,post_fault,1.4675078,1
2026-06-09 15:32:45,1365,EXP_FAULT_03,RUN_03,memory_stress,1,currencyservice,currency-f03-06,online-boutique,node-a,0.2415,30.3944,0,156.8863,0.002528,4.9331,3.9028,7.9075,10.5684,16.6583,153.7703,156.4896,0.2231,0.1736,171029.2382,130765.3404,memory_stress,checkoutservice,2026-06-09 15:15:00,2026-06-09 15:30:00,post_fault,3.0194695,1
2026-06-09 15:32:50,1370,EXP_FAULT_03,RUN_03,memory_stress,1,currencyservice,currency-f03-06,online-boutique,node-a,0.2325,28.7933,0,156.6907,0.001435,4.7335,3.4572,8.3553,10.9157,14.8297,153.6874,156.4659,0.0801,0.1447,161948.6149,157400.5061,memory_stress,checkoutservice,2026-06-09 15:15:00,2026-06-09 15:30:00,post_fault,0.2609428,0
2026-06-09 15:32:55,1375,EXP_FAULT_03,RUN_03,memory_stress,1,currencyservice,currency-f03-06,online-boutique,node-a,0.2342,29.4354,0,151.9811,0.00184,5.6382,4.2232,9.0666,11.556,18.3706,149.0717,151.7015,0.107,0.1726,125995.9386,105181.3066,memory_stress,checkoutservice,2026-06-09 15:15:00,2026-06-09 15:30:00,post_fault,4.2333937,1
2026-06-09 15:33:00,1380,EXP_FAULT_03,RUN_03,memory_stress,1,currencyservice,currency-f03-06,online-boutique,node-a,0.2439,29.1216,0,156.4683,0.00229,5.0988,3.8436,9.3899,11.6169,15.6019,153.4629,156.1101,0.195,0.1633,195334.1319,161730.6112,memory_stress,checkoutservice,2026-06-09 15:15:00,2026-06-09 15:30:00,post_fault,1.9704987,1
2026-06-09 15:33:05,1385,EXP_FAULT_03,RUN_03,memory_stress,1,currencyservice,currency-f03-06,online-boutique,node-a,0.2411,29.1859,0,155.5202,0.001701,4.4157,3.1434,7.9162,9.9657,14.5515,152.6096,155.2556,0.0956,0.169,145421.343,105467.932,memory_stress,checkoutservice,2026-06-09 15:15:00,2026-06-09 15:30:00,post_fault,0.087920085,0
2026-06-09 15:33:10,1390,EXP_FAULT_03,RUN_03,memory_stress,1,currencyservice,currency-f03-06,online-boutique,node-a,0.2427,29.418,0,154.8262,0.002164,5.0108,3.4393,8.9526,11.0607,17.6632,151.9189,154.4912,0.1638,0.1713,183644.8795,123829.2268,memory_stress,checkoutservice,2026-06-09 15:15:00,2026-06-09 15:30:00,post_fault,1.7896004,1
2026-06-09 15:33:15,1395,EXP_FAULT_03,RUN_03,memory_stress,1,currencyservice,currency-f03-06,online-boutique,node-a,0.2477,29.416,0,153.3047,0.002246,4.769,3.3116,8.5725,9.7895,16.5038,150.5077,152.9604,0.1853,0.1589,193130.1047,143203.5405,memory_stress,checkoutservice,2026-06-09 15:15:00,2026-06-09 15:30:00,post_fault,1.1697896,1
2026-06-09 15:33:20,1400,EXP_FAULT_03,RUN_03,memory_stress,1,currencyservice,currency-f03-06,online-boutique,node-a,0.2325,29.3458,0,156.2474,0.002274,4.5394,3.3974,7.5574,9.9594,14.9169,153.407,155.8921,0.1991,0.1562,144946.1112,117752.5979,memory_stress,checkoutservice,2026-06-09 15:15:00,2026-06-09 15:30:00,post_fault,1.0266317,1
2026-06-09 15:33:25,1405,EXP_FAULT_03,RUN_03,memory_stress,1,currencyservice,currency-f03-06,online-boutique,node-a,0.2294,29.6411,0,159.1441,0.001405,4.6215,3.4977,7.4019,10.1057,14.785,156.3521,158.9205,0.0457,0.1779,155540.2217,127170.4135,memory_stress,checkoutservice,2026-06-09 15:15:00,2026-06-09 15:30:00,post_fault,0.476583,0
2026-06-09 15:33:30,1410,EXP_FAULT_03,RUN_03,memory_stress,1,currencyservice,currency-f03-06,online-boutique,node-a,0.2134,29.4672,0,153.1424,0.001555,4.977,3.9198,8.019,10.8489,15.1674,150.5084,152.9043,0.0995,0.1386,126883.7854,111141.2278,memory_stress,checkoutservice,2026-06-09 15:15:00,2026-06-09 15:30:00,post_fault,2.3575964,1
2026-06-09 15:33:35,1415,EXP_FAULT_03,RUN_03,memory_stress,1,currencyservice,currency-f03-06,online-boutique,node-a,0.2444,29.5439,0,156.4112,0.002318,5.2251,3.9751,9.1219,10.5847,17.0801,153.6543,156.0486,0.2084,0.1541,144422.641,113303.2142,memory_stress,checkoutservice,2026-06-09 15:15:00,2026-06-09 15:30:00,post_fault,2.828598,1
2026-06-09 15:33:40,1420,EXP_FAULT_03,RUN_03,memory_stress,1,currencyservice,currency-f03-06,online-boutique,node-a,0.2529,28.8385,0,152.3021,0.00228,4.7722,3.283,8.6853,9.9176,15.5604,149.6344,151.9548,0.1985,0.1488,141400.1801,116710.3471,memory_stress,checkoutservice,2026-06-09 15:15:00,2026-06-09 15:30:00,post_fault,0.99417496,1
2026-06-09 15:33:45,1425,EXP_FAULT_03,RUN_03,memory_stress,1,currencyservice,currency-f03-06,online-boutique,node-a,0.2338,30.1917,0,153.611,0.002223,4.7051,3.4263,7.6621,10.0166,15.4832,150.9914,153.2694,0.1921,0.1494,178716.0043,105302.2916,memory_stress,checkoutservice,2026-06-09 15:15:00,2026-06-09 15:30:00,post_fault,1.8640678,1
2026-06-09 15:33:50,1430,EXP_FAULT_03,RUN_03,memory_stress,1,currencyservice,currency-f03-06,online-boutique,node-a,0.228,29.5366,0,155.6435,0.001321,5.1552,3.6805,9.1152,10.4513,17.2984,153.0923,155.4379,0.0868,0.1187,130465.6836,127014.3884,memory_stress,checkoutservice,2026-06-09 15:15:00,2026-06-09 15:30:00,post_fault,1.583671,1
2026-06-09 15:33:55,1435,EXP_FAULT_03,RUN_03,memory_stress,1,currencyservice,currency-f03-06,online-boutique,node-a,0.236,29.9316,0,155.8259,0.002033,4.4555,3.1148,7.3852,10.4672,14.8759,153.2376,155.5091,0.1685,0.1484,144104.6843,111840.1493,memory_stress,checkoutservice,2026-06-09 15:15:00,2026-06-09 15:30:00,post_fault,0.7457078,0
2026-06-09 15:34:00,1440,EXP_FAULT_03,RUN_03,memory_stress,1,currencyservice,currency-f03-06,online-boutique,node-a,0.2404,29.7471,0,163.3592,0.001482,4.9801,3.5968,7.863,11.5474,17.0274,160.777,163.117,0.1006,0.1415,135434.7792,125589.0868,memory_stress,checkoutservice,2026-06-09 15:15:00,2026-06-09 15:30:00,post_fault,0.8403271,0
2026-06-09 15:34:05,1445,EXP_FAULT_03,RUN_03,memory_stress,1,currencyservice,currency-f03-06,online-boutique,node-a,0.2366,29.5599,0,162.2625,0.002351,4.9235,3.7262,8.6168,10.1289,17.0168,159.6768,161.881,0.2193,0.1622,140722.1205,146128.1068,memory_stress,checkoutservice,2026-06-09 15:15:00,2026-06-09 15:30:00,post_fault,1.9965976,1
2026-06-09 15:34:10,1450,EXP_FAULT_03,RUN_03,memory_stress,1,currencyservice,currency-f03-06,online-boutique,node-a,0.2544,29.5399,0,163.3059,0.001895,4.5203,3.1467,7.6723,10.3186,14.8576,160.7452,162.9964,0.1848,0.1246,136421.2668,118470.215,memory_stress,checkoutservice,2026-06-09 15:15:00,2026-06-09 15:30:00,post_fault,0.20816107,0
2026-06-09 15:34:15,1455,EXP_FAULT_03,RUN_03,memory_stress,1,currencyservice,currency-f03-06,online-boutique,node-a,0.243,29.5307,0,162.497,0.001331,4.3581,3.4021,7.6626,9.0842,14.1412,160.0137,162.2808,0.0825,0.1338,182551.289,126990.0202,memory_stress,checkoutservice,2026-06-09 15:15:00,2026-06-09 15:30:00,post_fault,0.0029315518,0
2026-06-09 15:34:20,1460,EXP_FAULT_03,RUN_03,memory_stress,1,currencyservice,currency-f03-06,online-boutique,node-a,0.2345,29.2053,0,159.9332,0.002347,4.7886,3.6774,8.2998,10.842,14.3734,157.4793,159.5578,0.2186,0.1568,173064.8093,133390.5664,memory_stress,checkoutservice,2026-06-09 15:15:00,2026-06-09 15:30:00,post_fault,1.4836537,1
2026-06-09 15:34:25,1465,EXP_FAULT_03,RUN_03,memory_stress,1,currencyservice,currency-f03-06,online-boutique,node-a,0.2433,29.5556,0,160.1013,0.001317,4.9391,3.7318,7.9881,11.034,14.6437,157.7203,159.8905,0.0713,0.1395,202979.2063,117495.8033,memory_stress,checkoutservice,2026-06-09 15:15:00,2026-06-09 15:30:00,post_fault,0.5391159,0
2026-06-09 15:34:30,1470,EXP_FAULT_03,RUN_03,memory_stress,1,currencyservice,currency-f03-06,online-boutique,node-a,0.2337,28.7262,0,160.4547,0.00118,5.0773,3.7418,8.5197,10.2078,15.269,158.1253,160.2653,0.0664,0.123,194411.8897,157141.5786,memory_stress,checkoutservice,2026-06-09 15:15:00,2026-06-09 15:30:00,post_fault,0.48914298,0
2026-06-09 15:34:35,1475,EXP_FAULT_03,RUN_03,memory_stress,1,currencyservice,currency-f03-06,online-boutique,node-a,0.2388,29.4935,0,160.3845,0.00177,5.21,3.9029,9.4058,10.7389,15.4575,158.043,160.1007,0.1767,0.1072,201342.9497,151342.6626,memory_stress,checkoutservice,2026-06-09 15:15:00,2026-06-09 15:30:00,post_fault,1.8218921,1
2026-06-09 15:34:40,1480,EXP_FAULT_03,RUN_03,memory_stress,1,currencyservice,currency-f03-06,online-boutique,node-a,0.2337,29.5696,0,160.1959,0.001314,5.0689,3.9346,8.1382,11.2728,15.1906,157.9233,159.9854,0.1035,0.107,135109.0981,139826.572,memory_stress,checkoutservice,2026-06-09 15:15:00,2026-06-09 15:30:00,post_fault,1.0484835,1
2026-06-09 15:34:45,1485,EXP_FAULT_03,RUN_03,memory_stress,1,currencyservice,currency-f03-06,online-boutique,node-a,0.2365,29.325,0,159.1349,0.001463,4.6788,3.4727,7.7836,10.5483,15.2467,156.8845,158.9022,0.1173,0.1154,142508.511,107415.2208,memory_stress,checkoutservice,2026-06-09 15:15:00,2026-06-09 15:30:00,post_fault,0.28036705,0
2026-06-09 15:34:50,1490,EXP_FAULT_03,RUN_03,memory_stress,1,currencyservice,currency-f03-06,online-boutique,node-a,0.2565,29.502,0,162.7538,0.001907,4.9219,3.7179,8.63,11.1176,14.0255,160.4794,162.4435,0.1813,0.129,208191.9821,116249.14,memory_stress,checkoutservice,2026-06-09 15:15:00,2026-06-09 15:30:00,post_fault,0.88352096,0
2026-06-09 15:34:55,1495,EXP_FAULT_03,RUN_03,memory_stress,1,currencyservice,currency-f03-06,online-boutique,node-a,0.2265,29.4862,0,164.1892,0.001647,4.9233,3.6769,7.9315,10.3634,14.8372,161.9038,163.9188,0.1286,0.1418,197588.1249,162597.4444,memory_stress,checkoutservice,2026-06-09 15:15:00,2026-06-09 15:30:00,post_fault,1.425935,1
2026-06-09 15:35:00,1500,EXP_FAULT_03,RUN_03,memory_stress,1,currencyservice,currency-f03-06,online-boutique,node-a,0.2404,29.09,0,161.0829,0.001937,5.2154,4.0958,8.6275,10.7534,17.2447,158.8507,160.7709,0.1724,0.1396,171380.5808,130278.1472,memory_stress,checkoutservice,2026-06-09 15:15:00,2026-06-09 15:30:00,post_fault,1.7013295,1
2026-06-09 15:35:05,1505,EXP_FAULT_03,RUN_03,memory_stress,1,currencyservice,currency-f03-06,online-boutique,node-a,0.2424,29.4855,0,156.3622,0.001415,4.2923,3.1104,7.2562,9.3299,13.3229,154.2709,156.1409,0.0948,0.1265,157326.1099,146370.2283,memory_stress,checkoutservice,2026-06-09 15:15:00,2026-06-09 15:30:00,post_fault,0.0043657925,0
2026-06-09 15:35:10,1510,EXP_FAULT_03,RUN_03,memory_stress,1,currencyservice,currency-f03-06,online-boutique,node-a,0.2338,29.4836,0,157.7546,0.001943,4.8014,3.5469,7.4807,10.3413,15.2618,155.5948,157.4481,0.1971,0.1094,142266.3196,125085.6335,memory_stress,checkoutservice,2026-06-09 15:15:00,2026-06-09 15:30:00,post_fault,1.1613238,1
2026-06-09 15:35:15,1515,EXP_FAULT_03,RUN_03,memory_stress,1,currencyservice,currency-f03-06,online-boutique,node-a,0.2311,29.0297,0,157.9473,0.001665,5.1606,3.9869,8.1668,10.4117,16.0492,155.8701,157.6844,0.1597,0.1033,187769.8347,156038.0291,memory_stress,checkoutservice,2026-06-09 15:15:00,2026-06-09 15:30:00,post_fault,1.5228262,1
2026-06-09 15:35:20,1520,EXP_FAULT_03,RUN_03,memory_stress,1,currencyservice,currency-f03-06,online-boutique,node-a,0.2322,29.7704,0,155.8447,0.00167,4.5873,3.3397,7.7823,9.2859,13.5916,153.7808,155.5844,0.1467,0.1136,192064.177,122439.6171,memory_stress,checkoutservice,2026-06-09 15:15:00,2026-06-09 15:30:00,post_fault,0.61481774,0
2026-06-09 15:35:25,1525,EXP_FAULT_03,RUN_03,memory_stress,1,currencyservice,currency-f03-06,online-boutique,node-a,0.2403,29.0607,0,153.629,0.001664,4.4645,3.4684,7.1189,10.2134,12.9539,151.626,153.3733,0.1325,0.1232,157243.9218,129631.4199,memory_stress,checkoutservice,2026-06-09 15:15:00,2026-06-09 15:30:00,post_fault,0.11069243,0
2026-06-09 15:35:30,1530,EXP_FAULT_03,RUN_03,memory_stress,1,currencyservice,currency-f03-06,online-boutique,node-a,0.2484,29.5023,0,152.8548,0.00195,4.4221,3.1071,7.9007,8.8345,12.7291,150.8593,152.5567,0.1686,0.1296,152614.9956,125569.652,memory_stress,checkoutservice,2026-06-09 15:15:00,2026-06-09 15:30:00,post_fault,0.30237833,0
2026-06-09 15:35:35,1535,EXP_FAULT_03,RUN_03,memory_stress,1,currencyservice,currency-f03-06,online-boutique,node-a,0.2481,29.3873,0,152.2171,0.001539,4.4758,3.3111,7.866,9.9302,14.6647,150.3404,151.9828,0.1344,0.0999,180241.3471,108652.7002,memory_stress,checkoutservice,2026-06-09 15:15:00,2026-06-09 15:30:00,post_fault,0.22153325,0
2026-06-09 15:35:40,1540,EXP_FAULT_03,RUN_03,memory_stress,1,currencyservice,currency-f03-06,online-boutique,node-a,0.2513,29.5465,0,150.2474,0.001593,4.8866,3.4399,8.4289,10.9074,14.885,148.3685,150.0081,0.1075,0.1318,166181.8137,147874.9473,memory_stress,checkoutservice,2026-06-09 15:15:00,2026-06-09 15:30:00,post_fault,1.0607288,1
2026-06-09 15:35:45,1545,EXP_FAULT_03,RUN_03,memory_stress,1,currencyservice,currency-f03-06,online-boutique,node-a,0.2242,29.7065,0,145.6659,0.001853,4.9713,3.7595,8.8793,11.1396,15.534,143.8699,145.3961,0.1774,0.0925,157830.1396,125298.0218,memory_stress,checkoutservice,2026-06-09 15:15:00,2026-06-09 15:30:00,post_fault,2.3663392,1
2026-06-09 15:35:50,1550,EXP_FAULT_03,RUN_03,memory_stress,1,currencyservice,currency-f03-06,online-boutique,node-a,0.2358,29.5392,0,146.3599,0.002308,4.4522,3.5533,6.9133,9.7403,12.6298,144.5191,146.0221,0.2236,0.1142,173080.6804,95654.2609,memory_stress,checkoutservice,2026-06-09 15:15:00,2026-06-09 15:30:00,post_fault,0.96009046,1
2026-06-09 15:35:55,1555,EXP_FAULT_03,RUN_03,memory_stress,1,currencyservice,currency-f03-06,online-boutique,node-a,0.2234,29.7166,0,146.5128,0.001682,4.4898,3.245,7.236,9.9301,14.7512,144.7974,146.2663,0.129,0.1175,126283.0067,100619.0728,memory_stress,checkoutservice,2026-06-09 15:15:00,2026-06-09 15:30:00,post_fault,0.82112235,0
2026-06-09 15:36:00,1560,EXP_FAULT_03,RUN_03,memory_stress,1,currencyservice,currency-f03-06,online-boutique,node-a,0.2185,29.327,0,137.9356,0.001307,4.6686,3.4837,7.1652,9.4475,15.0685,136.3442,137.7554,0.0855,0.0948,132785.5633,107245.4287,memory_stress,checkoutservice,2026-06-09 15:15:00,2026-06-09 15:30:00,post_fault,0.8423411,0
2026-06-09 15:36:05,1565,EXP_FAULT_03,RUN_03,memory_stress,1,currencyservice,currency-f03-06,online-boutique,node-a,0.2297,29.5275,0,144.5238,0.001552,4.4566,3.3818,7.0779,9.579,12.3145,142.8665,144.2996,0.1472,0.077,171966.0,111156.3051,memory_stress,checkoutservice,2026-06-09 15:15:00,2026-06-09 15:30:00,post_fault,0.38227654,0
2026-06-09 15:36:10,1570,EXP_FAULT_03,RUN_03,memory_stress,1,currencyservice,currency-f03-06,online-boutique,node-a,0.2213,29.4189,0,144.0981,0.001744,4.8972,3.8579,7.5763,9.5474,15.589,142.4423,143.8467,0.1606,0.0907,183784.5761,111244.0599,memory_stress,checkoutservice,2026-06-09 15:15:00,2026-06-09 15:30:00,post_fault,1.8782132,1
2026-06-09 15:36:15,1575,EXP_FAULT_03,RUN_03,memory_stress,1,currencyservice,currency-f03-06,online-boutique,node-a,0.2319,29.5271,0,146.3105,0.0012,4.9706,3.4565,8.0497,10.3802,14.9444,144.7086,146.135,0.064,0.1116,157272.4645,141973.9845,memory_stress,checkoutservice,2026-06-09 15:15:00,2026-06-09 15:30:00,post_fault,0.97057736,1
2026-06-09 15:36:20,1580,EXP_FAULT_03,RUN_03,memory_stress,1,currencyservice,currency-f03-06,online-boutique,node-a,0.2459,29.585,0,144.5433,0.001365,3.9911,2.9655,6.326,7.8127,12.5501,142.9579,144.346,0.0902,0.1071,181601.4733,131938.5747,memory_stress,checkoutservice,2026-06-09 15:15:00,2026-06-09 15:30:00,post_fault,0.21539097,0
2026-06-09 15:36:25,1585,EXP_FAULT_03,RUN_03,memory_stress,1,currencyservice,currency-f03-06,online-boutique,node-a,0.2508,30.1024,0,136.7931,0.001898,4.8367,3.3765,7.9517,9.4497,14.8227,135.2821,136.5335,0.1692,0.0905,158055.8706,107950.5234,memory_stress,checkoutservice,2026-06-09 15:15:00,2026-06-09 15:30:00,post_fault,2.1896386,1
2026-06-09 15:36:30,1590,EXP_FAULT_03,RUN_03,memory_stress,1,currencyservice,currency-f03-06,online-boutique,node-a,0.2338,28.9803,0,140.5392,0.001149,4.6962,3.6199,8.2421,9.8809,14.8623,139.0424,140.3777,0.064,0.0975,127053.9117,111000.9052,memory_stress,checkoutservice,2026-06-09 15:15:00,2026-06-09 15:30:00,post_fault,0.36718458,0
2026-06-09 15:36:35,1595,EXP_FAULT_03,RUN_03,memory_stress,1,currencyservice,currency-f03-06,online-boutique,node-a,0.2323,28.7682,0,139.1957,0.001816,4.5529,3.5343,7.4387,10.0178,13.5216,137.6977,138.943,0.149,0.1038,149527.8399,123091.3569,memory_stress,checkoutservice,2026-06-09 15:15:00,2026-06-09 15:30:00,post_fault,0.5319952,0
2026-06-09 15:36:40,1600,EXP_FAULT_03,RUN_03,memory_stress,1,currencyservice,currency-f03-06,online-boutique,node-a,0.2353,29.7155,0,143.4136,0.00193,4.5821,3.3558,6.9865,9.351,14.7389,141.8499,143.1368,0.1697,0.1072,119877.936,112049.142,memory_stress,checkoutservice,2026-06-09 15:15:00,2026-06-09 15:30:00,post_fault,0.9840744,1
2026-06-09 15:36:45,1605,EXP_FAULT_03,RUN_03,memory_stress,1,currencyservice,currency-f03-06,online-boutique,node-a,0.2386,29.7422,0,139.5264,0.001526,4.3796,3.1068,6.7392,9.1094,12.8915,138.0475,139.3135,0.1074,0.1055,146720.0657,132366.0581,memory_stress,checkoutservice,2026-06-09 15:15:00,2026-06-09 15:30:00,post_fault,0.34883875,0
2026-06-09 15:36:50,1610,EXP_FAULT_03,RUN_03,memory_stress,1,currencyservice,currency-f03-06,online-boutique,node-a,0.2477,29.5411,0,141.1027,0.00203,5.0845,3.5617,8.9311,9.85,14.4495,139.5946,140.8162,0.1974,0.0891,137329.785,100677.8958,memory_stress,checkoutservice,2026-06-09 15:15:00,2026-06-09 15:30:00,post_fault,2.6207688,1
2026-06-09 15:36:55,1615,EXP_FAULT_03,RUN_03,memory_stress,1,currencyservice,currency-f03-06,online-boutique,node-a,0.2254,29.79,0,139.2277,0.001845,4.644,3.3764,7.5462,10.1484,14.1469,137.7614,138.9708,0.1574,0.0995,139185.493,137296.2601,memory_stress,checkoutservice,2026-06-09 15:15:00,2026-06-09 15:30:00,post_fault,1.4261823,1
2026-06-09 15:37:00,1620,EXP_FAULT_03,RUN_03,memory_stress,1,currencyservice,currency-f03-06,online-boutique,node-a,0.2388,28.9472,0,146.9117,0.001468,4.5105,3.3118,7.5015,8.6915,12.923,145.4309,146.696,0.1186,0.0971,126795.1602,103603.9245,memory_stress,checkoutservice,2026-06-09 15:15:00,2026-06-09 15:30:00,post_fault,0.16624764,0
2026-06-09 15:37:05,1625,EXP_FAULT_03,RUN_03,memory_stress,1,currencyservice,currency-f03-06,online-boutique,node-a,0.2147,29.2351,0,139.0454,0.001757,4.848,3.5096,8.2201,9.7942,14.6098,137.6633,138.8012,0.139,0.1053,170394.8097,140791.9181,memory_stress,checkoutservice,2026-06-09 15:15:00,2026-06-09 15:30:00,post_fault,2.067863,1
2026-06-09 15:37:10,1630,EXP_FAULT_03,RUN_03,memory_stress,1,currencyservice,currency-f03-06,online-boutique,node-a,0.2396,29.7945,0,143.4406,0.000946,5.0849,3.936,8.1345,9.8994,15.9306,142.077,143.3048,0.0415,0.0943,167895.0234,126389.5407,memory_stress,checkoutservice,2026-06-09 15:15:00,2026-06-09 15:30:00,post_fault,1.1292777,1
2026-06-09 15:37:15,1635,EXP_FAULT_03,RUN_03,memory_stress,1,currencyservice,currency-f03-06,online-boutique,node-a,0.2243,29.4885,0,141.1184,0.002109,4.3812,3.2125,7.055,9.7346,14.0492,139.7079,140.8208,0.1979,0.0997,121223.002,144234.0744,memory_stress,checkoutservice,2026-06-09 15:15:00,2026-06-09 15:30:00,post_fault,1.0331589,1
2026-06-09 15:37:20,1640,EXP_FAULT_03,RUN_03,memory_stress,1,currencyservice,currency-f03-06,online-boutique,node-a,0.2414,29.39,0,145.9462,0.001655,4.7675,3.5669,8.4355,10.5088,14.9255,144.5258,145.7046,0.172,0.0696,142049.3557,106486.0308,memory_stress,checkoutservice,2026-06-09 15:15:00,2026-06-09 15:30:00,post_fault,0.84000635,0
2026-06-09 15:37:25,1645,EXP_FAULT_03,RUN_03,memory_stress,1,currencyservice,currency-f03-06,online-boutique,node-a,0.2314,29.4038,0,145.1113,0.001815,4.769,3.8399,7.7453,9.4835,13.7856,143.7085,144.8479,0.1904,0.073,119179.2535,118135.7226,memory_stress,checkoutservice,2026-06-09 15:15:00,2026-06-09 15:30:00,post_fault,1.1718746,1
2026-06-09 15:37:30,1650,EXP_FAULT_03,RUN_03,memory_stress,1,currencyservice,currency-f03-06,online-boutique,node-a,0.2404,29.9544,0,142.0509,0.002035,4.8042,3.5439,7.8377,9.2185,15.3639,140.7149,141.7618,0.2199,0.0692,143729.2597,130211.1318,memory_stress,checkoutservice,2026-06-09 15:15:00,2026-06-09 15:30:00,post_fault,1.8429601,1
2026-06-09 15:37:35,1655,EXP_FAULT_03,RUN_03,memory_stress,1,currencyservice,currency-f03-06,online-boutique,node-a,0.2241,30.0954,0,142.3135,0.001469,4.8225,3.5131,8.2005,10.0201,12.9574,141.0135,142.1044,0.1065,0.1026,128792.5887,104617.9591,memory_stress,checkoutservice,2026-06-09 15:15:00,2026-06-09 15:30:00,post_fault,1.4207706,1
2026-06-09 15:37:40,1660,EXP_FAULT_03,RUN_03,memory_stress,1,currencyservice,currency-f03-06,online-boutique,node-a,0.2347,29.1406,0,145.4181,0.001737,5.0041,3.909,8.3816,10.3924,13.2498,144.0482,145.1654,0.1631,0.0896,130691.7976,118783.6307,memory_stress,checkoutservice,2026-06-09 15:15:00,2026-06-09 15:30:00,post_fault,1.4697616,1
2026-06-09 15:37:45,1665,EXP_FAULT_03,RUN_03,memory_stress,1,currencyservice,currency-f03-06,online-boutique,node-a,0.2227,30.0162,0,144.6721,0.001385,4.6351,3.3311,8.093,9.2298,12.3964,143.3833,144.4717,0.1059,0.0945,179469.0567,100118.8325,memory_stress,checkoutservice,2026-06-09 15:15:00,2026-06-09 15:30:00,post_fault,0.84735644,0
2026-06-09 15:37:50,1670,EXP_FAULT_03,RUN_03,memory_stress,1,currencyservice,currency-f03-06,online-boutique,node-a,0.239,29.2304,0,136.9684,0.001054,5.0206,3.4903,7.8927,10.5638,14.7561,135.8048,136.824,0.0563,0.0881,172286.7987,121987.3868,memory_stress,checkoutservice,2026-06-09 15:15:00,2026-06-09 15:30:00,post_fault,1.2115139,1
2026-06-09 15:37:55,1675,EXP_FAULT_03,RUN_03,memory_stress,1,currencyservice,currency-f03-06,online-boutique,node-a,0.2333,29.4859,0,143.6657,0.001676,4.5899,3.59,7.3696,8.7356,14.3222,142.4148,143.4249,0.185,0.0558,179489.1713,116030.5039,memory_stress,checkoutservice,2026-06-09 15:15:00,2026-06-09 15:30:00,post_fault,0.6481555,0
2026-06-09 15:38:00,1680,EXP_FAULT_03,RUN_03,memory_stress,1,currencyservice,currency-f03-06,online-boutique,node-a,0.245,29.4769,0,139.7773,0.001674,4.0249,3.1574,6.3881,8.2933,12.4803,138.5507,139.5433,0.1352,0.0988,132721.0465,123533.2902,memory_stress,checkoutservice,2026-06-09 15:15:00,2026-06-09 15:30:00,post_fault,0.1807297,0
2026-06-09 15:38:05,1685,EXP_FAULT_03,RUN_03,memory_stress,1,currencyservice,currency-f03-06,online-boutique,node-a,0.2427,29.1462,0,141.0629,0.001309,5.0628,3.946,8.8869,10.9865,15.9751,139.9004,140.8783,0.0909,0.0938,130395.6631,102500.2868,memory_stress,checkoutservice,2026-06-09 15:15:00,2026-06-09 15:30:00,post_fault,1.368919,1
2026-06-09 15:38:10,1690,EXP_FAULT_03,RUN_03,memory_stress,1,currencyservice,currency-f03-06,online-boutique,node-a,0.2399,28.8716,0,140.1876,0.001136,4.6948,3.2549,7.3213,9.8012,13.3669,139.0264,140.0283,0.0682,0.0911,120339.4687,107639.6841,memory_stress,checkoutservice,2026-06-09 15:15:00,2026-06-09 15:30:00,post_fault,0.48286182,0
2026-06-09 15:38:15,1695,EXP_FAULT_03,RUN_03,memory_stress,1,currencyservice,currency-f03-06,online-boutique,node-a,0.2345,29.2356,0,139.1417,0.001325,4.4392,3.3036,7.7644,9.1158,12.4294,138.011,138.9573,0.0918,0.0926,117781.5693,110615.573,memory_stress,checkoutservice,2026-06-09 15:15:00,2026-06-09 15:30:00,post_fault,0.22022805,0
2026-06-09 15:38:20,1700,EXP_FAULT_03,RUN_03,memory_stress,1,currencyservice,currency-f03-06,online-boutique,node-a,0.2323,29.5154,0,135.9743,0.001535,4.5455,3.5714,7.1954,9.8961,12.4904,134.8367,135.7656,0.135,0.0736,119186.692,112829.2913,memory_stress,checkoutservice,2026-06-09 15:15:00,2026-06-09 15:30:00,post_fault,0.66064227,0
2026-06-09 15:38:25,1705,EXP_FAULT_03,RUN_03,memory_stress,1,currencyservice,currency-f03-06,online-boutique,node-a,0.2189,29.4743,0,136.1516,0.001437,4.7973,3.3469,7.755,9.1909,12.7427,135.036,135.956,0.1472,0.0484,140214.5816,112725.0431,memory_stress,checkoutservice,2026-06-09 15:15:00,2026-06-09 15:30:00,post_fault,1.4217156,1
2026-06-09 15:38:30,1710,EXP_FAULT_03,RUN_03,memory_stress,1,currencyservice,currency-f03-06,online-boutique,node-a,0.2279,29.7002,0,136.3552,0.001487,4.594,3.6945,7.858,9.041,12.4443,135.2903,136.1524,0.1365,0.0662,153700.8434,132701.5899,memory_stress,checkoutservice,2026-06-09 15:15:00,2026-06-09 15:30:00,post_fault,0.76973593,0
2026-06-09 15:38:35,1715,EXP_FAULT_03,RUN_03,memory_stress,1,currencyservice,currency-f03-06,online-boutique,node-a,0.2312,29.8403,0,137.2001,0.001515,4.78,3.7542,7.6443,9.0829,13.4336,136.139,136.9923,0.1576,0.0502,152876.8899,140738.2047,memory_stress,checkoutservice,2026-06-09 15:15:00,2026-06-09 15:30:00,post_fault,1.2236305,1
2026-06-09 15:38:40,1720,EXP_FAULT_03,RUN_03,memory_stress,1,currencyservice,currency-f03-06,online-boutique,node-a,0.2326,29.7541,0,137.6322,0.000775,4.5667,3.3545,7.1383,9.1123,14.1122,136.6113,137.5255,0.0383,0.0684,125277.8999,133511.3459,memory_stress,checkoutservice,2026-06-09 15:15:00,2026-06-09 15:30:00,post_fault,0.2762589,0
2026-06-09 15:38:45,1725,EXP_FAULT_03,RUN_03,memory_stress,1,currencyservice,currency-f03-06,online-boutique,node-a,0.2281,29.1887,0,133.4755,0.001568,4.3181,3.3777,7.3243,8.2613,12.2402,132.4158,133.2662,0.1556,0.0537,122721.9695,92881.9946,memory_stress,checkoutservice,2026-06-09 15:15:00,2026-06-09 15:30:00,post_fault,0.2791279,0
2026-06-09 15:38:50,1730,EXP_FAULT_03,RUN_03,memory_stress,1,currencyservice,currency-f03-06,online-boutique,node-a,0.2306,29.8693,0,132.9866,0.000869,4.4729,3.6019,7.8762,9.6163,12.8306,132.0344,132.8711,0.0491,0.0665,132054.7741,137684.6913,memory_stress,checkoutservice,2026-06-09 15:15:00,2026-06-09 15:30:00,post_fault,0.30350152,0
2026-06-09 15:38:55,1735,EXP_FAULT_03,RUN_03,memory_stress,1,currencyservice,currency-f03-06,online-boutique,node-a,0.2329,29.3429,0,130.2507,0.001465,4.3139,3.3063,7.546,9.0883,12.871,129.2566,130.0599,0.1157,0.0751,141780.0333,128340.0403,memory_stress,checkoutservice,2026-06-09 15:15:00,2026-06-09 15:30:00,post_fault,0.35720545,0
2026-06-09 15:39:00,1740,EXP_FAULT_03,RUN_03,memory_stress,1,currencyservice,currency-f03-06,online-boutique,node-a,0.2233,29.4358,0,133.8917,0.000792,4.9498,3.8367,7.742,10.2842,14.6341,132.9545,133.7856,0.0455,0.0606,127948.8345,99159.8166,memory_stress,checkoutservice,2026-06-09 15:15:00,2026-06-09 15:30:00,post_fault,1.1670561,1
2026-06-09 15:39:05,1745,EXP_FAULT_03,RUN_03,memory_stress,1,currencyservice,currency-f03-06,online-boutique,node-a,0.2235,29.2911,0,129.3343,0.000943,4.2219,3.1407,6.7837,7.9693,12.2455,128.4274,129.2123,0.0528,0.0692,107862.6657,134314.8253,memory_stress,checkoutservice,2026-06-09 15:15:00,2026-06-09 15:30:00,post_fault,0.13115036,0
2026-06-09 15:39:10,1750,EXP_FAULT_03,RUN_03,memory_stress,1,currencyservice,currency-f03-06,online-boutique,node-a,0.2184,29.8675,0,133.5837,0.000929,4.6442,3.3334,6.9831,9.1915,12.8416,132.6659,133.4595,0.067,0.0572,146326.1359,101889.5294,memory_stress,checkoutservice,2026-06-09 15:15:00,2026-06-09 15:30:00,post_fault,0.8521155,0
2026-06-09 15:39:15,1755,EXP_FAULT_03,RUN_03,memory_stress,1,currencyservice,currency-f03-06,online-boutique,node-a,0.2261,29.1152,0,131.5256,0.00114,4.5329,3.4895,6.9994,9.754,14.0117,130.6104,131.3756,0.08,0.07,162913.489,90666.0565,memory_stress,checkoutservice,2026-06-09 15:15:00,2026-06-09 15:30:00,post_fault,0.37287578,0
2026-06-09 15:39:20,1760,EXP_FAULT_03,RUN_03,memory_stress,1,currencyservice,currency-f03-06,online-boutique,node-a,0.235,29.1829,0,132.7136,0.001447,3.9393,2.7501,6.0627,7.5434,10.4042,131.7561,132.5216,0.1393,0.0527,152908.2205,112387.2839,memory_stress,checkoutservice,2026-06-09 15:15:00,2026-06-09 15:30:00,post_fault,0.098997116,0
2026-06-09 15:39:25,1765,EXP_FAULT_03,RUN_03,memory_stress,1,currencyservice,currency-f03-06,online-boutique,node-a,0.232,29.4689,0,130.2285,0.001181,4.5085,3.3958,7.3548,9.4345,13.3277,129.3084,130.0748,0.1055,0.0483,158440.2615,114423.2075,memory_stress,checkoutservice,2026-06-09 15:15:00,2026-06-09 15:30:00,post_fault,0.5061587,0
2026-06-09 15:39:30,1770,EXP_FAULT_03,RUN_03,memory_stress,1,currencyservice,currency-f03-06,online-boutique,node-a,0.2415,29.2255,0,131.9614,0.00127,4.3998,3.3728,7.0218,8.9129,13.7748,131.0238,131.7939,0.1211,0.0464,128108.7968,99957.5137,memory_stress,checkoutservice,2026-06-09 15:15:00,2026-06-09 15:30:00,post_fault,0.5758151,0
2026-06-09 15:39:35,1775,EXP_FAULT_03,RUN_03,memory_stress,1,currencyservice,currency-f03-06,online-boutique,node-a,0.2251,29.3742,0,128.6389,0.000934,4.4103,3.407,7.1458,9.6246,13.1797,127.7575,128.5188,0.0489,0.0712,162401.2454,125185.1036,memory_stress,checkoutservice,2026-06-09 15:15:00,2026-06-09 15:30:00,post_fault,0.27512872,0
2026-06-09 15:39:40,1780,EXP_FAULT_03,RUN_03,memory_stress,1,currencyservice,currency-f03-06,online-boutique,node-a,0.2326,30.0252,0,136.0441,0.001122,4.7287,3.6796,7.5391,9.7267,12.2692,135.0876,135.8915,0.1018,0.0508,131612.029,114088.032,memory_stress,checkoutservice,2026-06-09 15:15:00,2026-06-09 15:30:00,post_fault,0.7846853,0
2026-06-09 15:39:45,1785,EXP_FAULT_03,RUN_03,memory_stress,1,currencyservice,currency-f03-06,online-boutique,node-a,0.2231,29.6031,0,131.8963,0.001171,4.7375,3.8267,7.8776,9.5181,13.1973,130.9716,131.7418,0.0895,0.065,121160.2588,104756.0586,memory_stress,checkoutservice,2026-06-09 15:15:00,2026-06-09 15:30:00,post_fault,0.9408733,0
2026-06-09 15:39:50,1790,EXP_FAULT_03,RUN_03,memory_stress,1,currencyservice,currency-f03-06,online-boutique,node-a,0.2363,29.2277,0,130.7916,0.000793,4.5504,3.4459,7.0022,9.0875,12.9664,129.8954,130.6878,0.0417,0.062,133393.4941,124366.0783,memory_stress,checkoutservice,2026-06-09 15:15:00,2026-06-09 15:30:00,post_fault,0.55850893,0
2026-06-09 15:39:55,1795,EXP_FAULT_03,RUN_03,memory_stress,1,currencyservice,currency-f03-06,online-boutique,node-a,0.2367,29.9625,0,133.5035,0.001595,4.5204,3.5605,7.543,8.9863,11.7349,132.5499,133.2907,0.1498,0.0631,121809.1492,87638.1013,memory_stress,checkoutservice,2026-06-09 15:15:00,2026-06-09 15:30:00,post_fault,0.8548907,0
2026-06-09 15:45:00,0,EXP_FAULT_04,RUN_04,network_delay,1,currencyservice,currency-f04-06,online-boutique,node-a,0.2469,28.6363,0,167.4709,0.000732,4.5191,3.5241,6.9715,8.9616,11.9984,167.3986,167.3483,0.117,0.0056,202577.8991,164730.5279,network_delay,frontend,2026-06-09 15:50:00,2026-06-09 16:05:00,pre_fault,0.3011896,0
2026-06-09 15:45:05,5,EXP_FAULT_04,RUN_04,network_delay,1,currencyservice,currency-f04-06,online-boutique,node-a,0.2445,28.852,0,171.0224,0.000778,4.773,3.5852,7.8023,9.1612,13.0904,170.9655,170.8894,0.0923,0.0407,163339.5715,137115.7735,network_delay,frontend,2026-06-09 15:50:00,2026-06-09 16:05:00,pre_fault,0.018347418,0
2026-06-09 15:45:10,10,EXP_FAULT_04,RUN_04,network_delay,1,currencyservice,currency-f04-06,online-boutique,node-a,0.2561,28.486,0,172.6837,0.001539,4.5835,3.4278,7.375,9.3487,12.3259,172.5031,172.418,0.2644,0.0013,153897.6076,127251.4733,network_delay,frontend,2026-06-09 15:50:00,2026-06-09 16:05:00,pre_fault,0.100306466,0
2026-06-09 15:45:15,15,EXP_FAULT_04,RUN_04,network_delay,1,currencyservice,currency-f04-06,online-boutique,node-a,0.2477,28.974,0,169.1975,0.001257,4.0637,3.2381,6.728,8.3062,10.8886,169.0747,168.9849,0.1974,0.0152,160029.2329,116623.4455,network_delay,frontend,2026-06-09 15:50:00,2026-06-09 16:05:00,pre_fault,0.4878537,0
2026-06-09 15:45:20,20,EXP_FAULT_04,RUN_04,network_delay,1,currencyservice,currency-f04-06,online-boutique,node-a,0.2398,28.6205,0,169.8698,0.000624,3.8906,3.0216,6.1814,7.3114,10.3891,169.8308,169.7638,0.0774,0.0286,171088.2628,113220.4562,network_delay,frontend,2026-06-09 15:50:00,2026-06-09 16:05:00,pre_fault,1.7238448,1
2026-06-09 15:45:25,25,EXP_FAULT_04,RUN_04,network_delay,1,currencyservice,currency-f04-06,online-boutique,node-a,0.2392,28.8719,0,164.7955,0.000757,4.9529,3.9184,7.931,9.5681,13.5754,164.7504,164.6708,0.0849,0.0398,167975.5118,164809.4567,network_delay,frontend,2026-06-09 15:50:00,2026-06-09 16:05:00,pre_fault,0.05191625,0
2026-06-09 15:45:30,30,EXP_FAULT_04,RUN_04,network_delay,1,currencyservice,currency-f04-06,online-boutique,node-a,0.2306,29.461,0,165.8569,0.001515,4.4367,3.1553,6.9701,8.6147,11.9789,165.7507,165.6056,0.2269,0.0244,150208.845,140339.2684,network_delay,frontend,2026-06-09 15:50:00,2026-06-09 16:05:00,pre_fault,0.41865057,0
2026-06-09 15:45:35,35,EXP_FAULT_04,RUN_04,network_delay,1,currencyservice,currency-f04-06,online-boutique,node-a,0.2499,28.6525,0,167.2626,0.00125,4.4946,3.4038,7.5505,8.9533,12.1341,167.1859,167.0536,0.2018,0.0073,171554.6748,125687.7163,network_delay,frontend,2026-06-09 15:50:00,2026-06-09 16:05:00,pre_fault,0.11715933,0
2026-06-09 15:45:40,40,EXP_FAULT_04,RUN_04,network_delay,1,currencyservice,currency-f04-06,online-boutique,node-a,0.2469,29.1324,0,165.3941,0.000778,4.5262,3.711,6.5936,7.9665,11.5461,165.3312,165.2655,0.1081,0.0206,173709.4282,155752.3104,network_delay,frontend,2026-06-09 15:50:00,2026-06-09 16:05:00,pre_fault,0.13439736,0
2026-06-09 15:45:45,45,EXP_FAULT_04,RUN_04,network_delay,1,currencyservice,currency-f04-06,online-boutique,node-a,0.2341,29.0251,0,161.1148,0.000951,4.4878,3.3034,6.5883,8.7408,12.0328,161.028,160.9615,0.1245,0.0288,154007.4545,116195.973,network_delay,frontend,2026-06-09 15:50:00,2026-06-09 16:05:00,pre_fault,0.055837035,0
2026-06-09 15:45:50,50,EXP_FAULT_04,RUN_04,network_delay,1,currencyservice,currency-f04-06,online-boutique,node-a,0.2478,28.8718,0,163.1074,0.001445,4.8532,3.9538,8.2458,9.0603,13.6744,162.9644,162.8717,0.2184,0.0172,167964.6331,116542.5813,network_delay,frontend,2026-06-09 15:50:00,2026-06-09 16:05:00,pre_fault,0.22371587,0
2026-06-09 15:45:55,55,EXP_FAULT_04,RUN_04,network_delay,1,currencyservice,currency-f04-06,online-boutique,node-a,0.2512,28.574,0,153.5736,0.001419,4.6137,3.53,6.9642,9.2766,12.5335,153.4961,153.3557,0.2078,0.0101,178691.543,155978.4869,network_delay,frontend,2026-06-09 15:50:00,2026-06-09 16:05:00,pre_fault,0.34330803,0
2026-06-09 15:46:00,60,EXP_FAULT_04,RUN_04,network_delay,1,currencyservice,currency-f04-06,online-boutique,node-a,0.2483,29.1776,0,156.546,0.001685,4.6094,3.4991,7.3048,8.8452,12.3734,156.415,156.2821,0.2356,0.0282,172366.6132,127262.8015,network_delay,frontend,2026-06-09 15:50:00,2026-06-09 16:05:00,pre_fault,0.2566489,0
2026-06-09 15:46:05,65,EXP_FAULT_04,RUN_04,network_delay,1,currencyservice,currency-f04-06,online-boutique,node-a,0.2352,29.1554,0,157.6423,0.000714,4.5274,3.2895,7.2324,8.9951,11.927,157.5685,157.5297,0.0936,0.019,182317.5483,157482.6031,network_delay,frontend,2026-06-09 15:50:00,2026-06-09 16:05:00,pre_fault,0.027171899,0
2026-06-09 15:46:10,70,EXP_FAULT_04,RUN_04,network_delay,1,currencyservice,currency-f04-06,online-boutique,node-a,0.2375,29.1266,0,154.1395,0.001561,4.433,3.6284,6.5024,8.4306,11.2885,154.0143,153.8989,0.234,0.0067,135143.4135,132145.7161,network_delay,frontend,2026-06-09 15:50:00,2026-06-09 16:05:00,pre_fault,0.07644328,0
2026-06-09 15:46:15,75,EXP_FAULT_04,RUN_04,network_delay,1,currencyservice,currency-f04-06,online-boutique,node-a,0.2437,28.581,0,154.673,0.000802,4.1628,3.1392,6.0391,8.2516,10.591,154.6023,154.549,0.0757,0.0483,176063.002,148314.081,network_delay,frontend,2026-06-09 15:50:00,2026-06-09 16:05:00,pre_fault,0.6484622,0
2026-06-09 15:46:20,80,EXP_FAULT_04,RUN_04,network_delay,1,currencyservice,currency-f04-06,online-boutique,node-a,0.24,29.3009,0,157.6426,0.001835,4.3263,3.5388,6.9269,8.8368,11.3814,157.4814,157.3533,0.252,0.0374,189679.4215,160766.7636,network_delay,frontend,2026-06-09 15:50:00,2026-06-09 16:05:00,pre_fault,0.102459826,0
2026-06-09 15:46:25,85,EXP_FAULT_04,RUN_04,network_delay,1,currencyservice,currency-f04-06,online-boutique,node-a,0.2438,28.9527,0,153.6944,0.001262,4.5225,3.1969,7.545,9.0757,12.7424,153.6062,153.5005,0.1752,0.0188,158789.0579,135366.0812,network_delay,frontend,2026-06-09 15:50:00,2026-06-09 16:05:00,pre_fault,0.09765898,0
2026-06-09 15:46:30,90,EXP_FAULT_04,RUN_04,network_delay,1,currencyservice,currency-f04-06,online-boutique,node-a,0.2411,28.5054,0,153.6242,0.001382,4.4066,3.2027,7.2125,7.822,11.7574,153.5334,153.4118,0.169,0.0434,143167.7768,107142.0432,network_delay,frontend,2026-06-09 15:50:00,2026-06-09 16:05:00,pre_fault,0.042160142,0
2026-06-09 15:46:35,95,EXP_FAULT_04,RUN_04,network_delay,1,currencyservice,currency-f04-06,online-boutique,node-a,0.239,28.8541,0,147.123,0.001198,4.2263,3.0579,7.1157,7.9479,11.0247,147.0364,146.9467,0.1599,0.0164,148565.3597,96283.9274,network_delay,frontend,2026-06-09 15:50:00,2026-06-09 16:05:00,pre_fault,0.100007,0
2026-06-09 15:46:40,100,EXP_FAULT_04,RUN_04,network_delay,1,currencyservice,currency-f04-06,online-boutique,node-a,0.2393,29.1587,0,151.6146,0.000498,4.2163,3.3579,6.4454,8.5188,10.842,151.5619,151.5391,0.0507,0.0247,136989.7672,122914.9232,network_delay,frontend,2026-06-09 15:50:00,2026-06-09 16:05:00,pre_fault,0.4614547,0
2026-06-09 15:46:45,105,EXP_FAULT_04,RUN_04,network_delay,1,currencyservice,currency-f04-06,online-boutique,node-a,0.2413,29.1325,0,150.1203,0.001156,4.1375,3.0494,6.4595,7.7537,11.7716,150.0209,149.9468,0.1474,0.0261,163743.2345,141971.7746,network_delay,frontend,2026-06-09 15:50:00,2026-06-09 16:05:00,pre_fault,0.14977653,0
2026-06-09 15:46:50,110,EXP_FAULT_04,RUN_04,network_delay,1,currencyservice,currency-f04-06,online-boutique,node-a,0.2456,28.5932,0,150.933,0.000697,4.2774,3.3413,7.1494,8.5957,10.7579,150.8606,150.8277,0.0666,0.0387,133140.5922,115246.1574,network_delay,frontend,2026-06-09 15:50:00,2026-06-09 16:05:00,pre_fault,0.6902191,0
2026-06-09 15:46:55,115,EXP_FAULT_04,RUN_04,network_delay,1,currencyservice,currency-f04-06,online-boutique,node-a,0.2286,29.2777,0,153.825,0.000613,4.2041,3.3739,6.8747,7.8581,11.3136,153.7796,153.7308,0.0749,0.0193,153648.5336,145161.7641,network_delay,frontend,2026-06-09 15:50:00,2026-06-09 16:05:00,pre_fault,0.24642114,0
2026-06-09 15:47:00,120,EXP_FAULT_04,RUN_04,network_delay,1,currencyservice,currency-f04-06,online-boutique,node-a,0.2466,28.636,0,154.7043,0.001288,4.2765,3.1607,6.9215,7.8914,11.3153,154.6335,154.505,0.1494,0.0499,157774.7314,151717.8624,network_delay,frontend,2026-06-09 15:50:00,2026-06-09 16:05:00,pre_fault,0.21913438,0
2026-06-09 15:47:05,125,EXP_FAULT_04,RUN_04,network_delay,1,currencyservice,currency-f04-06,online-boutique,node-a,0.2382,29.0216,0,147.4317,0.000563,4.464,3.1368,7.3742,8.0714,11.614,147.3973,147.3487,0.0543,0.0287,177355.6208,123239.1392,network_delay,frontend,2026-06-09 15:50:00,2026-06-09 16:05:00,pre_fault,0.18173414,0
2026-06-09 15:47:10,130,EXP_FAULT_04,RUN_04,network_delay,1,currencyservice,currency-f04-06,online-boutique,node-a,0.2409,29.4263,0,155.0329,0.000631,4.3438,3.1715,7.161,8.3672,10.2225,154.9813,154.935,0.0463,0.0516,151437.5369,156916.3593,network_delay,frontend,2026-06-09 15:50:00,2026-06-09 16:05:00,pre_fault,0.19584234,0
2026-06-09 15:47:15,135,EXP_FAULT_04,RUN_04,network_delay,1,currencyservice,currency-f04-06,online-boutique,node-a,0.2393,28.9321,0,151.0907,0.001116,4.4892,3.3235,7.1607,8.9442,12.1272,150.9787,150.9221,0.1471,0.0215,184817.1752,132509.2166,network_delay,frontend,2026-06-09 15:50:00,2026-06-09 16:05:00,pre_fault,0.05649953,0
2026-06-09 15:47:20,140,EXP_FAULT_04,RUN_04,network_delay,1,currencyservice,currency-f04-06,online-boutique,node-a,0.2378,28.7017,0,150.857,0.001492,4.5601,3.3637,7.3833,9.3475,12.2572,150.6995,150.632,0.214,0.0111,145940.3753,140034.7175,network_delay,frontend,2026-06-09 15:50:00,2026-06-09 16:05:00,pre_fault,0.10915001,0
2026-06-09 15:47:25,145,EXP_FAULT_04,RUN_04,network_delay,1,currencyservice,currency-f04-06,online-boutique,node-a,0.2255,28.7132,0,148.7111,0.001159,4.866,3.4776,7.0629,9.8054,12.4096,148.6191,148.5387,0.1573,0.0152,138611.4086,142994.4203,network_delay,frontend,2026-06-09 15:50:00,2026-06-09 16:05:00,pre_fault,0.4364686,0
2026-06-09 15:47:30,150,EXP_FAULT_04,RUN_04,network_delay,1,currencyservice,currency-f04-06,online-boutique,node-a,0.2333,29.4218,0,151.9922,0.000949,4.5041,3.3769,7.0517,8.9815,12.1375,151.9269,151.8479,0.1214,0.0229,188722.9805,146564.2757,network_delay,frontend,2026-06-09 15:50:00,2026-06-09 16:05:00,pre_fault,0.031029576,0
2026-06-09 15:47:35,155,EXP_FAULT_04,RUN_04,network_delay,1,currencyservice,currency-f04-06,online-boutique,node-a,0.23,28.876,0,155.0259,0.001865,4.5778,3.4973,7.3918,8.8902,12.4966,154.8307,154.7368,0.2402,0.0489,146330.612,133793.548,network_delay,frontend,2026-06-09 15:50:00,2026-06-09 16:05:00,pre_fault,0.51787317,0
2026-06-09 15:47:40,160,EXP_FAULT_04,RUN_04,network_delay,1,currencyservice,currency-f04-06,online-boutique,node-a,0.2463,28.8995,0,160.0263,0.001,4.2353,2.9766,6.9223,8.5183,11.9584,159.9348,159.8662,0.1568,0.0033,136611.5053,165865.6393,network_delay,frontend,2026-06-09 15:50:00,2026-06-09 16:05:00,pre_fault,0.34382397,0
2026-06-09 15:47:45,165,EXP_FAULT_04,RUN_04,network_delay,1,currencyservice,currency-f04-06,online-boutique,node-a,0.2523,28.5356,0,156.1691,0.001327,5.0098,3.7765,7.3145,9.332,13.6247,156.0806,155.9618,0.1919,0.0153,167728.7691,138979.6045,network_delay,frontend,2026-06-09 15:50:00,2026-06-09 16:05:00,pre_fault,0.630531,0
2026-06-09 15:47:50,170,EXP_FAULT_04,RUN_04,network_delay,1,currencyservice,currency-f04-06,online-boutique,node-a,0.2404,28.9693,0,159.7612,0.001787,4.3593,3.0906,7.3841,7.7695,10.4367,159.589,159.4757,0.243,0.0425,138804.264,163970.2516,network_delay,frontend,2026-06-09 15:50:00,2026-06-09 16:05:00,pre_fault,0.047945153,0
2026-06-09 15:47:55,175,EXP_FAULT_04,RUN_04,network_delay,1,currencyservice,currency-f04-06,online-boutique,node-a,0.2358,29.2774,0,156.2981,0.001358,4.7877,3.5862,7.1934,9.11,12.2574,156.2193,156.0858,0.1819,0.0303,159088.004,120697.6543,network_delay,frontend,2026-06-09 15:50:00,2026-06-09 16:05:00,pre_fault,0.38685924,0
2026-06-09 15:48:00,180,EXP_FAULT_04,RUN_04,network_delay,1,currencyservice,currency-f04-06,online-boutique,node-a,0.256,28.9761,0,157.7928,0.000517,4.492,3.3789,6.5377,8.608,11.5658,157.7329,157.7112,0.068,0.0136,183084.0447,118999.6622,network_delay,frontend,2026-06-09 15:50:00,2026-06-09 16:05:00,pre_fault,0.85541457,0
2026-06-09 15:48:05,185,EXP_FAULT_04,RUN_04,network_delay,1,currencyservice,currency-f04-06,online-boutique,node-a,0.2512,29.2714,0,156.6961,0.000866,4.2624,3.1809,6.5161,8.2169,11.1879,156.6392,156.5604,0.1172,0.0185,185738.4467,146789.0797,network_delay,frontend,2026-06-09 15:50:00,2026-06-09 16:05:00,pre_fault,0.48568454,0
2026-06-09 15:48:10,190,EXP_FAULT_04,RUN_04,network_delay,1,currencyservice,currency-f04-06,online-boutique,node-a,0.2487,28.5459,0,157.0238,0.001592,4.5805,3.3949,6.9518,8.8348,12.4492,156.9053,156.7738,0.2254,0.0246,166471.3966,149418.24,network_delay,frontend,2026-06-09 15:50:00,2026-06-09 16:05:00,pre_fault,0.15000461,0
2026-06-09 15:48:15,195,EXP_FAULT_04,RUN_04,network_delay,1,currencyservice,currency-f04-06,online-boutique,node-a,0.2415,28.2877,0,154.4003,0.00108,4.545,3.2205,7.1594,9.0195,12.5689,154.2769,154.2336,0.1394,0.0274,151480.1343,126854.4396,network_delay,frontend,2026-06-09 15:50:00,2026-06-09 16:05:00,pre_fault,0.12033701,0
2026-06-09 15:48:20,200,EXP_FAULT_04,RUN_04,network_delay,1,currencyservice,currency-f04-06,online-boutique,node-a,0.2443,29.4326,0,161.4522,0.001146,4.3219,3.1604,6.5981,8.3403,11.9198,161.3688,161.2672,0.1822,0.0028,157996.7209,114632.9083,network_delay,frontend,2026-06-09 15:50:00,2026-06-09 16:05:00,pre_fault,0.04164575,0
2026-06-09 15:48:25,205,EXP_FAULT_04,RUN_04,network_delay,1,currencyservice,currency-f04-06,online-boutique,node-a,0.2431,29.0302,0,151.7452,0.00093,4.004,2.9602,6.3893,8.1617,9.5764,151.6789,151.6041,0.1343,0.0068,128498.135,110714.837,network_delay,frontend,2026-06-09 15:50:00,2026-06-09 16:05:00,pre_fault,0.5368506,0
2026-06-09 15:48:30,210,EXP_FAULT_04,RUN_04,network_delay,1,currencyservice,currency-f04-06,online-boutique,node-a,0.2272,28.8047,0,157.2732,0.001452,4.5288,3.309,7.1889,8.2769,12.8775,157.1678,157.045,0.203,0.0253,170082.0216,154130.5751,network_delay,frontend,2026-06-09 15:50:00,2026-06-09 16:05:00,pre_fault,0.25897986,0
2026-06-09 15:48:35,215,EXP_FAULT_04,RUN_04,network_delay,1,currencyservice,currency-f04-06,online-boutique,node-a,0.233,29.1101,0,153.7405,0.000731,4.2504,3.1268,6.7694,7.6391,11.794,153.6871,153.6281,0.094,0.0183,148671.5879,120454.6685,network_delay,frontend,2026-06-09 15:50:00,2026-06-09 16:05:00,pre_fault,0.15896158,0
2026-06-09 15:48:40,220,EXP_FAULT_04,RUN_04,network_delay,1,currencyservice,currency-f04-06,online-boutique,node-a,0.2357,29.1334,0,153.7581,0.001501,4.2454,3.1023,6.327,7.7278,10.6659,153.5927,153.5272,0.2035,0.0273,162858.3622,136047.154,network_delay,frontend,2026-06-09 15:50:00,2026-06-09 16:05:00,pre_fault,0.017553905,0
2026-06-09 15:48:45,225,EXP_FAULT_04,RUN_04,network_delay,1,currencyservice,currency-f04-06,online-boutique,node-a,0.2422,29.0453,0,152.193,0.001171,4.365,3.4528,7.0845,8.2515,11.4865,152.0679,152.0147,0.171,0.0073,190003.9289,103928.5425,network_delay,frontend,2026-06-09 15:50:00,2026-06-09 16:05:00,pre_fault,0.078328505,0
2026-06-09 15:48:50,230,EXP_FAULT_04,RUN_04,network_delay,1,currencyservice,currency-f04-06,online-boutique,node-a,0.2397,28.8339,0,151.0592,0.001323,4.208,2.9983,6.2155,7.961,10.9936,150.9396,150.8594,0.1804,0.0194,139889.9841,147468.972,network_delay,frontend,2026-06-09 15:50:00,2026-06-09 16:05:00,pre_fault,0.06376977,0
2026-06-09 15:48:55,235,EXP_FAULT_04,RUN_04,network_delay,1,currencyservice,currency-f04-06,online-boutique,node-a,0.2491,29.0102,0,150.4748,0.001099,4.2128,3.0926,6.5668,8.1058,10.3035,150.3941,150.3093,0.157,0.0084,159275.6038,139023.9661,network_delay,frontend,2026-06-09 15:50:00,2026-06-09 16:05:00,pre_fault,0.42850477,0
2026-06-09 15:49:00,240,EXP_FAULT_04,RUN_04,network_delay,1,currencyservice,currency-f04-06,online-boutique,node-a,0.2447,29.4403,0,150.8327,0.00074,4.3147,3.2744,6.9024,7.9995,11.1227,150.774,150.7211,0.0694,0.0422,154995.5705,118746.7074,network_delay,frontend,2026-06-09 15:50:00,2026-06-09 16:05:00,pre_fault,0.30504313,0
2026-06-09 15:49:05,245,EXP_FAULT_04,RUN_04,network_delay,1,currencyservice,currency-f04-06,online-boutique,node-a,0.2444,29.1071,0,146.1188,0.001601,4.61,3.2739,6.9384,8.7758,12.9492,145.9527,145.885,0.2178,0.016,160631.6867,106354.7703,network_delay,frontend,2026-06-09 15:50:00,2026-06-09 16:05:00,pre_fault,0.45594835,0
2026-06-09 15:49:10,250,EXP_FAULT_04,RUN_04,network_delay,1,currencyservice,currency-f04-06,online-boutique,node-a,0.2207,29.3185,0,145.9158,0.001828,4.5772,3.7049,7.1443,8.6485,11.5059,145.7981,145.6491,0.2252,0.0415,184204.1788,99974.0495,network_delay,frontend,2026-06-09 15:50:00,2026-06-09 16:05:00,pre_fault,1.131394,1
2026-06-09 15:49:15,255,EXP_FAULT_04,RUN_04,network_delay,1,currencyservice,currency-f04-06,online-boutique,node-a,0.2339,29.4161,0,146.4261,0.001822,4.1279,3.213,6.8325,7.6241,10.5535,146.2795,146.1594,0.2178,0.049,186702.3842,119535.8093,network_delay,frontend,2026-06-09 15:50:00,2026-06-09 16:05:00,pre_fault,0.09825653,0
2026-06-09 15:49:20,260,EXP_FAULT_04,RUN_04,network_delay,1,currencyservice,currency-f04-06,online-boutique,node-a,0.2427,29.7545,0,143.2029,0.001679,4.1464,2.9601,6.458,8.0703,10.4787,143.0338,142.9624,0.2069,0.0336,145372.4239,119381.2877,network_delay,frontend,2026-06-09 15:50:00,2026-06-09 16:05:00,pre_fault,0.13671936,0
2026-06-09 15:49:25,265,EXP_FAULT_04,RUN_04,network_delay,1,currencyservice,currency-f04-06,online-boutique,node-a,0.2374,28.9991,0,142.5197,0.001678,4.2669,3.0967,6.5345,7.834,11.9185,142.3598,142.2805,0.2213,0.0179,120153.7961,124401.2749,network_delay,frontend,2026-06-09 15:50:00,2026-06-09 16:05:00,pre_fault,0.09818773,0
2026-06-09 15:49:30,270,EXP_FAULT_04,RUN_04,network_delay,1,currencyservice,currency-f04-06,online-boutique,node-a,0.2329,28.9329,0,146.8413,0.001148,4.4082,3.1063,7.416,8.0657,12.3488,146.7563,146.6727,0.1588,0.0098,126709.0118,100547.3326,network_delay,frontend,2026-06-09 15:50:00,2026-06-09 16:05:00,pre_fault,0.014284218,0
2026-06-09 15:49:35,275,EXP_FAULT_04,RUN_04,network_delay,1,currencyservice,currency-f04-06,online-boutique,node-a,0.247,29.2287,0,144.5127,0.000471,4.0072,3.1008,6.5575,7.5926,10.3483,144.486,144.4447,0.0463,0.0217,150907.635,145208.6716,network_delay,frontend,2026-06-09 15:50:00,2026-06-09 16:05:00,pre_fault,1.2093973,1
2026-06-09 15:49:40,280,EXP_FAULT_04,RUN_04,network_delay,1,currencyservice,currency-f04-06,online-boutique,node-a,0.242,28.4438,0,142.8461,0.001098,4.2123,3.0006,6.5491,8.3937,10.5617,142.791,142.6892,0.1516,0.0053,137102.7129,130482.1102,network_delay,frontend,2026-06-09 15:50:00,2026-06-09 16:05:00,pre_fault,0.39829367,0
2026-06-09 15:49:45,285,EXP_FAULT_04,RUN_04,network_delay,1,currencyservice,currency-f04-06,online-boutique,node-a,0.2482,28.2161,0,142.0836,0.001281,4.3975,3.2349,6.7772,8.5284,11.9399,142.0088,141.9016,0.1566,0.0254,178496.0912,127641.6527,network_delay,frontend,2026-06-09 15:50:00,2026-06-09 16:05:00,pre_fault,0.61740905,0
2026-06-09 15:49:50,290,EXP_FAULT_04,RUN_04,network_delay,1,currencyservice,currency-f04-06,online-boutique,node-a,0.228,29.5403,0,143.4301,0.0005,4.299,3.3704,6.3299,7.9113,11.389,143.3826,143.3583,0.0361,0.0356,160095.1261,105188.7312,network_delay,frontend,2026-06-09 15:50:00,2026-06-09 16:05:00,pre_fault,0.13957262,0
2026-06-09 15:49:55,295,EXP_FAULT_04,RUN_04,network_delay,1,currencyservice,currency-f04-06,online-boutique,node-a,0.2361,29.0626,0,143.3171,0.001548,4.5269,3.3657,7.3448,8.8208,10.7936,143.2016,143.0952,0.1894,0.0325,177109.9352,147115.8766,network_delay,frontend,2026-06-09 15:50:00,2026-06-09 16:05:00,pre_fault,0.29835424,0
2026-06-09 15:50:00,300,EXP_FAULT_04,RUN_04,network_delay,1,currencyservice,currency-f04-06,online-boutique,node-a,0.2466,28.5961,0,141.5306,0.003204,6.0293,4.2668,11.8273,15.9273,25.5706,133.7054,141.0771,0.087,0.3665,128378.3093,102889.9982,network_delay,frontend,2026-06-09 15:50:00,2026-06-09 16:05:00,during_fault,9.786173,1
2026-06-09 15:50:05,305,EXP_FAULT_04,RUN_04,network_delay,1,currencyservice,currency-f04-06,online-boutique,node-a,0.2302,28.7036,0,142.1909,0.003765,6.2879,4.3281,11.5032,18.3188,25.3513,134.3328,141.6556,0.1592,0.3761,143067.0319,94493.1857,network_delay,frontend,2026-06-09 15:50:00,2026-06-09 16:05:00,during_fault,15.396875,1
2026-06-09 15:50:10,310,EXP_FAULT_04,RUN_04,network_delay,1,currencyservice,currency-f04-06,online-boutique,node-a,0.2457,29.188,0,142.5623,0.003153,5.3824,3.6879,10.9797,14.3573,21.7517,134.7634,142.1128,0.0771,0.3724,121726.9244,130287.48,network_delay,frontend,2026-06-09 15:50:00,2026-06-09 16:05:00,during_fault,6.0077047,1
2026-06-09 15:50:15,315,EXP_FAULT_04,RUN_04,network_delay,1,currencyservice,currency-f04-06,online-boutique,node-a,0.2255,28.8086,0,148.4829,0.004078,6.0642,4.1511,11.8058,15.7126,24.4208,140.39,147.8775,0.201,0.4045,168329.2414,130795.96,network_delay,frontend,2026-06-09 15:50:00,2026-06-09 16:05:00,during_fault,15.077583,1
2026-06-09 15:50:20,320,EXP_FAULT_04,RUN_04,network_delay,1,currencyservice,currency-f04-06,online-boutique,node-a,0.2314,28.6458,0,147.6642,0.003139,5.6397,3.7605,10.3902,16.0134,25.5847,139.7604,147.2007,0.0682,0.3953,171224.9654,112240.9921,network_delay,frontend,2026-06-09 15:50:00,2026-06-09 16:05:00,during_fault,7.196521,1
2026-06-09 15:50:25,325,EXP_FAULT_04,RUN_04,network_delay,1,currencyservice,currency-f04-06,online-boutique,node-a,0.2421,28.9801,0,151.7498,0.00357,6.0998,4.2102,12.0181,16.5348,25.1939,143.7214,151.208,0.1317,0.4101,156203.8246,128896.8799,network_delay,frontend,2026-06-09 15:50:00,2026-06-09 16:05:00,during_fault,11.575089,1
2026-06-09 15:50:30,330,EXP_FAULT_04,RUN_04,network_delay,1,currencyservice,currency-f04-06,online-boutique,node-a,0.2347,29.2631,0,150.0472,0.003317,6.3034,4.2157,12.2175,15.9487,26.163,142.282,149.5496,0.1218,0.3758,169130.6091,120901.0743,network_delay,frontend,2026-06-09 15:50:00,2026-06-09 16:05:00,during_fault,13.556717,1
2026-06-09 15:50:35,335,EXP_FAULT_04,RUN_04,network_delay,1,currencyservice,currency-f04-06,online-boutique,node-a,0.22,29.1189,0,151.8701,0.003041,5.46,3.6245,10.5041,13.5369,21.9333,144.2362,151.4083,0.0958,0.366,148571.0986,123781.3768,network_delay,frontend,2026-06-09 15:50:00,2026-06-09 16:05:00,during_fault,7.3338304,1
2026-06-09 15:50:40,340,EXP_FAULT_04,RUN_04,network_delay,1,currencyservice,currency-f04-06,online-boutique,node-a,0.2265,29.3328,0,149.869,0.003815,5.8337,4.2817,11.0727,14.9675,21.8559,142.45,149.2974,0.215,0.3567,155979.6958,143783.978,network_delay,frontend,2026-06-09 15:50:00,2026-06-09 16:05:00,during_fault,12.763423,1
2026-06-09 15:50:45,345,EXP_FAULT_04,RUN_04,network_delay,1,currencyservice,currency-f04-06,online-boutique,node-a,0.2286,29.0151,0,153.1194,0.003601,5.3229,3.5423,9.7745,13.5812,20.3196,145.7499,152.568,0.1881,0.3633,193451.578,127322.5188,network_delay,frontend,2026-06-09 15:50:00,2026-06-09 16:05:00,during_fault,7.3311477,1
2026-06-09 15:50:50,350,EXP_FAULT_04,RUN_04,network_delay,1,currencyservice,currency-f04-06,online-boutique,node-a,0.233,28.7288,0,154.6676,0.003516,5.645,4.174,11.2506,13.7051,23.537,147.5166,154.1237,0.2105,0.3334,149872.0093,159350.4129,network_delay,frontend,2026-06-09 15:50:00,2026-06-09 16:05:00,during_fault,8.148237,1
2026-06-09 15:50:55,355,EXP_FAULT_04,RUN_04,network_delay,1,currencyservice,currency-f04-06,online-boutique,node-a,0.2291,28.6958,0,155.5349,0.002809,5.5699,3.8323,9.8928,15.132,21.5527,148.5971,155.098,0.071,0.3658,168209.1879,132508.4556,network_delay,frontend,2026-06-09 15:50:00,2026-06-09 16:05:00,during_fault,5.6152153,1
2026-06-09 15:51:00,360,EXP_FAULT_04,RUN_04,network_delay,1,currencyservice,currency-f04-06,online-boutique,node-a,0.2346,29.3628,0,158.295,0.003322,5.9713,4.4273,10.5348,16.0784,21.9699,151.4275,157.7692,0.1661,0.3597,176773.0527,135831.5531,network_delay,frontend,2026-06-09 15:50:00,2026-06-09 16:05:00,during_fault,10.412606,1
2026-06-09 15:51:05,365,EXP_FAULT_04,RUN_04,network_delay,1,currencyservice,currency-f04-06,online-boutique,node-a,0.2528,29.1124,0,153.3551,0.002586,5.2296,3.9734,9.7141,12.8394,20.5363,147.0158,152.9585,0.0665,0.3301,162845.5431,144355.0887,network_delay,frontend,2026-06-09 15:50:00,2026-06-09 16:05:00,during_fault,2.9984794,1
2026-06-09 15:51:10,370,EXP_FAULT_04,RUN_04,network_delay,1,currencyservice,currency-f04-06,online-boutique,node-a,0.2541,29.8575,0,157.2892,0.002199,5.7454,4.2659,11.4104,13.5098,21.597,151.0773,156.9434,0.0582,0.2877,139598.9919,139363.2092,network_delay,frontend,2026-06-09 15:50:00,2026-06-09 16:05:00,during_fault,5.1335855,1
2026-06-09 15:51:15,375,EXP_FAULT_04,RUN_04,network_delay,1,currencyservice,currency-f04-06,online-boutique,node-a,0.2423,28.364,0,164.1766,0.00326,5.5638,4.0946,10.7167,12.8614,21.5664,157.8194,163.6413,0.202,0.3333,194124.4887,128153.7006,network_delay,frontend,2026-06-09 15:50:00,2026-06-09 16:05:00,during_fault,5.1530075,1
2026-06-09 15:51:20,380,EXP_FAULT_04,RUN_04,network_delay,1,currencyservice,currency-f04-06,online-boutique,node-a,0.2301,29.4673,0,158.3464,0.002489,5.32,3.9469,9.1983,12.9117,20.8962,152.5473,157.9523,0.1226,0.2715,188903.3345,126956.6527,network_delay,frontend,2026-06-09 15:50:00,2026-06-09 16:05:00,during_fault,4.2507277,1
2026-06-09 15:51:25,385,EXP_FAULT_04,RUN_04,network_delay,1,currencyservice,currency-f04-06,online-boutique,node-a,0.2305,29.0732,0,161.3283,0.002406,5.6674,4.2453,10.9319,13.3111,22.1993,155.6899,160.9402,0.1308,0.2573,137524.6669,155803.8277,network_delay,frontend,2026-06-09 15:50:00,2026-06-09 16:05:00,during_fault,5.154426,1
2026-06-09 15:51:30,390,EXP_FAULT_04,RUN_04,network_delay,1,currencyservice,currency-f04-06,online-boutique,node-a,0.2444,28.8962,0,160.5656,0.002464,5.0398,3.8506,9.4278,11.9624,18.6335,155.1742,160.1699,0.1039,0.2917,197430.2274,104887.9861,network_delay,frontend,2026-06-09 15:50:00,2026-06-09 16:05:00,during_fault,1.7324272,1
2026-06-09 15:51:35,395,EXP_FAULT_04,RUN_04,network_delay,1,currencyservice,currency-f04-06,online-boutique,node-a,0.231,29.2378,0,164.7139,0.002332,5.4704,3.6731,9.9182,13.7145,19.0326,159.3621,164.3297,0.1008,0.2834,150138.2587,134181.8156,network_delay,frontend,2026-06-09 15:50:00,2026-06-09 16:05:00,during_fault,4.050213,1
2026-06-09 15:51:40,400,EXP_FAULT_04,RUN_04,network_delay,1,currencyservice,currency-f04-06,online-boutique,node-a,0.2478,29.363,0,157.2066,0.002534,4.9939,3.5447,9.583,11.2171,17.2275,152.2347,156.8083,0.147,0.2514,193249.2216,125305.4069,network_delay,frontend,2026-06-09 15:50:00,2026-06-09 16:05:00,during_fault,2.0698752,1
2026-06-09 15:51:45,405,EXP_FAULT_04,RUN_04,network_delay,1,currencyservice,currency-f04-06,online-boutique,node-a,0.242,29.1963,0,163.2853,0.002152,4.9511,3.725,8.2115,12.27,16.7353,158.341,162.9338,0.1185,0.233,194378.4908,165805.896,network_delay,frontend,2026-06-09 15:50:00,2026-06-09 16:05:00,during_fault,1.2258772,1
2026-06-09 15:51:50,410,EXP_FAULT_04,RUN_04,network_delay,1,currencyservice,currency-f04-06,online-boutique,node-a,0.2366,28.7533,0,161.3191,0.00207,4.8518,3.418,8.7674,12.0666,17.4861,156.5895,160.9851,0.1036,0.2304,192474.2758,106504.6558,network_delay,frontend,2026-06-09 15:50:00,2026-06-09 16:05:00,during_fault,0.86118156,0
2026-06-09 15:51:55,415,EXP_FAULT_04,RUN_04,network_delay,1,currencyservice,currency-f04-06,online-boutique,node-a,0.2334,28.9214,0,157.9477,0.002129,5.6756,4.416,9.6763,12.7841,20.584,153.3817,157.6115,0.0951,0.2411,162393.9321,149921.4271,network_delay,frontend,2026-06-09 15:50:00,2026-06-09 16:05:00,during_fault,4.2406373,1
2026-06-09 15:52:00,420,EXP_FAULT_04,RUN_04,network_delay,1,currencyservice,currency-f04-06,online-boutique,node-a,0.2402,29.2231,0,157.135,0.002921,5.2009,3.5694,9.6644,13.0994,19.8762,152.6399,156.6759,0.2084,0.2506,163289.0953,106699.2924,network_delay,frontend,2026-06-09 15:50:00,2026-06-09 16:05:00,during_fault,3.8754432,1
2026-06-09 15:52:05,425,EXP_FAULT_04,RUN_04,network_delay,1,currencyservice,currency-f04-06,online-boutique,node-a,0.2349,29.0473,0,157.7453,0.002959,5.0914,3.7702,9.1881,12.1945,18.5354,153.2728,157.2785,0.2386,0.2282,188463.1373,124360.4638,network_delay,frontend,2026-06-09 15:50:00,2026-06-09 16:05:00,during_fault,3.6152368,1
2026-06-09 15:52:10,430,EXP_FAULT_04,RUN_04,network_delay,1,currencyservice,currency-f04-06,online-boutique,node-a,0.2381,29.0744,0,160.6303,0.002789,5.2846,4.0409,9.5349,12.4066,19.4747,156.0745,160.1823,0.1949,0.2531,188868.3764,162732.9275,network_delay,frontend,2026-06-09 15:50:00,2026-06-09 16:05:00,during_fault,3.7718549,1
2026-06-09 15:52:15,435,EXP_FAULT_04,RUN_04,network_delay,1,currencyservice,currency-f04-06,online-boutique,node-a,0.2432,29.0921,0,155.4655,0.001716,5.0027,3.6494,8.4545,12.4229,18.8128,151.1425,155.1988,0.0694,0.1973,129600.7208,150519.8299,network_delay,frontend,2026-06-09 15:50:00,2026-06-09 16:05:00,during_fault,0.95967263,1
2026-06-09 15:52:20,440,EXP_FAULT_04,RUN_04,network_delay,1,currencyservice,currency-f04-06,online-boutique,node-a,0.248,28.9865,0,158.396,0.001845,5.516,4.0627,9.8685,12.1879,19.1926,153.9265,158.1037,0.0877,0.2046,131299.3591,133689.2496,network_delay,frontend,2026-06-09 15:50:00,2026-06-09 16:05:00,during_fault,2.4947934,1
2026-06-09 15:52:25,445,EXP_FAULT_04,RUN_04,network_delay,1,currencyservice,currency-f04-06,online-boutique,node-a,0.2395,29.4448,0,153.5569,0.002476,4.9485,3.8126,8.2979,11.3686,16.768,149.0873,153.1767,0.1765,0.2036,171573.8598,158067.199,network_delay,frontend,2026-06-09 15:50:00,2026-06-09 16:05:00,during_fault,2.275638,1
2026-06-09 15:52:30,450,EXP_FAULT_04,RUN_04,network_delay,1,currencyservice,currency-f04-06,online-boutique,node-a,0.243,29.2744,0,161.611,0.002937,5.2908,3.8521,8.8101,12.0254,18.6384,156.827,161.1363,0.2204,0.2543,185472.117,142766.0048,network_delay,frontend,2026-06-09 15:50:00,2026-06-09 16:05:00,during_fault,4.0559998,1
2026-06-09 15:52:35,455,EXP_FAULT_04,RUN_04,network_delay,1,currencyservice,currency-f04-06,online-boutique,node-a,0.238,28.6963,0,158.3145,0.002336,5.8108,4.1815,9.7839,13.7236,21.6025,153.492,157.9447,0.1388,0.231,149100.9288,124060.9844,network_delay,frontend,2026-06-09 15:50:00,2026-06-09 16:05:00,during_fault,4.911846,1
2026-06-09 15:52:40,460,EXP_FAULT_04,RUN_04,network_delay,1,currencyservice,currency-f04-06,online-boutique,node-a,0.2404,28.9318,0,158.6911,0.003081,5.0555,3.422,8.8155,12.6238,18.4609,153.6554,158.2022,0.2539,0.235,160998.9187,148147.6223,network_delay,frontend,2026-06-09 15:50:00,2026-06-09 16:05:00,during_fault,3.2488625,1
2026-06-09 15:52:45,465,EXP_FAULT_04,RUN_04,network_delay,1,currencyservice,currency-f04-06,online-boutique,node-a,0.2319,29.2459,0,154.2422,0.002984,5.0573,3.8563,9.6876,11.5235,20.2462,149.1808,153.7819,0.2269,0.2334,156397.7972,147642.2985,network_delay,frontend,2026-06-09 15:50:00,2026-06-09 16:05:00,during_fault,4.0558167,1
2026-06-09 15:52:50,470,EXP_FAULT_04,RUN_04,network_delay,1,currencyservice,currency-f04-06,online-boutique,node-a,0.2524,29.5226,0,163.945,0.002612,5.5085,3.7242,10.0541,14.2395,21.5205,158.4085,163.5168,0.1235,0.3048,191917.783,130691.6026,network_delay,frontend,2026-06-09 15:50:00,2026-06-09 16:05:00,during_fault,4.058637,1
2026-06-09 15:52:55,475,EXP_FAULT_04,RUN_04,network_delay,1,currencyservice,currency-f04-06,online-boutique,node-a,0.2257,28.7936,0,158.7238,0.002247,5.7129,4.3153,11.1421,14.2099,21.9294,153.168,158.3673,0.0945,0.2621,149752.6949,121288.866,network_delay,frontend,2026-06-09 15:50:00,2026-06-09 16:05:00,during_fault,5.086923,1
2026-06-09 15:53:00,480,EXP_FAULT_04,RUN_04,network_delay,1,currencyservice,currency-f04-06,online-boutique,node-a,0.2395,29.4146,0,158.1778,0.002786,5.8198,4.2981,9.9555,15.4189,22.22,152.3427,157.737,0.1784,0.2623,150040.9105,155236.1886,network_delay,frontend,2026-06-09 15:50:00,2026-06-09 16:05:00,during_fault,7.1245193,1
2026-06-09 15:53:05,485,EXP_FAULT_04,RUN_04,network_delay,1,currencyservice,currency-f04-06,online-boutique,node-a,0.2347,28.5801,0,169.2503,0.003579,5.6914,3.986,10.5561,15.321,22.2085,162.6917,168.6445,0.2577,0.3481,202501.5035,168516.7596,network_delay,frontend,2026-06-09 15:50:00,2026-06-09 16:05:00,during_fault,7.662839,1
2026-06-09 15:53:10,490,EXP_FAULT_04,RUN_04,network_delay,1,currencyservice,currency-f04-06,online-boutique,node-a,0.2358,29.3222,0,163.8101,0.003357,6.0338,4.0729,10.8774,14.3926,25.1744,157.2358,163.2602,0.2027,0.3472,140673.658,133176.5455,network_delay,frontend,2026-06-09 15:50:00,2026-06-09 16:05:00,during_fault,10.504397,1
2026-06-09 15:53:15,495,EXP_FAULT_04,RUN_04,network_delay,1,currencyservice,currency-f04-06,online-boutique,node-a,0.2426,29.6168,0,167.6629,0.003209,5.6604,4.0497,11.0867,14.7113,23.7965,160.6666,167.1249,0.2081,0.3299,214293.8394,140427.2133,network_delay,frontend,2026-06-09 15:50:00,2026-06-09 16:05:00,during_fault,7.087091,1
2026-06-09 15:53:20,500,EXP_FAULT_04,RUN_04,network_delay,1,currencyservice,currency-f04-06,online-boutique,node-a,0.2364,28.6566,0,167.2258,0.003361,5.6845,3.8017,10.8503,14.7281,20.7675,160.0134,166.6638,0.2197,0.3423,188245.002,126174.0868,network_delay,frontend,2026-06-09 15:50:00,2026-06-09 16:05:00,during_fault,6.8884506,1
2026-06-09 15:53:25,505,EXP_FAULT_04,RUN_04,network_delay,1,currencyservice,currency-f04-06,online-boutique,node-a,0.2525,29.0471,0,167.0249,0.002804,5.9915,3.9583,11.1045,16.0095,25.1354,159.5992,166.5566,0.1276,0.3406,195929.9176,170788.293,network_delay,frontend,2026-06-09 15:50:00,2026-06-09 16:05:00,during_fault,6.4621496,1
2026-06-09 15:53:30,510,EXP_FAULT_04,RUN_04,network_delay,1,currencyservice,currency-f04-06,online-boutique,node-a,0.2567,28.9248,0,171.0389,0.00292,5.9269,4.1287,11.0138,15.448,23.1439,163.1578,170.5395,0.0886,0.4108,177817.8931,163039.7704,network_delay,frontend,2026-06-09 15:50:00,2026-06-09 16:05:00,during_fault,5.793893,1
2026-06-09 15:53:35,515,EXP_FAULT_04,RUN_04,network_delay,1,currencyservice,currency-f04-06,online-boutique,node-a,0.2388,29.54,0,169.521,0.002665,6.1702,4.1929,11.6148,17.0314,25.6763,161.4782,169.0692,0.083,0.3688,142461.9979,153735.0685,network_delay,frontend,2026-06-09 15:50:00,2026-06-09 16:05:00,during_fault,8.776558,1
2026-06-09 15:53:40,520,EXP_FAULT_04,RUN_04,network_delay,1,currencyservice,currency-f04-06,online-boutique,node-a,0.2423,28.9653,0,169.7427,0.003956,6.0706,4.3428,11.0532,16.9321,27.2954,161.3606,169.0711,0.2637,0.4079,165511.4355,129936.5798,network_delay,frontend,2026-06-09 15:50:00,2026-06-09 16:05:00,during_fault,11.627144,1
2026-06-09 15:53:45,525,EXP_FAULT_04,RUN_04,network_delay,1,currencyservice,currency-f04-06,online-boutique,node-a,0.2513,29.1877,0,175.622,0.002914,6.0681,4.6025,11.8666,16.8845,24.0695,166.7964,175.1103,0.0839,0.4278,202333.508,180043.2864,network_delay,frontend,2026-06-09 15:50:00,2026-06-09 16:05:00,during_fault,6.9826097,1
2026-06-09 15:53:50,530,EXP_FAULT_04,RUN_04,network_delay,1,currencyservice,currency-f04-06,online-boutique,node-a,0.223,29.2169,0,171.7601,0.003739,6.0635,4.2191,12.1703,16.5707,26.6468,162.8151,171.118,0.2378,0.4043,182891.6996,129946.751,network_delay,frontend,2026-06-09 15:50:00,2026-06-09 16:05:00,during_fault,13.547256,1
2026-06-09 15:53:55,535,EXP_FAULT_04,RUN_04,network_delay,1,currencyservice,currency-f04-06,online-boutique,node-a,0.2445,29.6425,0,175.2477,0.003256,5.4377,3.7643,10.6369,14.5118,24.7724,166.0211,174.6771,0.1115,0.4591,189556.9463,154890.4654,network_delay,frontend,2026-06-09 15:50:00,2026-06-09 16:05:00,during_fault,5.5573997,1
2026-06-09 15:54:00,540,EXP_FAULT_04,RUN_04,network_delay,1,currencyservice,currency-f04-06,online-boutique,node-a,0.2552,28.2292,0,174.8317,0.003932,5.6107,3.6622,10.3812,14.2482,22.3424,165.4184,174.1443,0.2268,0.4606,202320.8762,162217.382,network_delay,frontend,2026-06-09 15:50:00,2026-06-09 16:05:00,during_fault,5.8430614,1
2026-06-09 15:54:05,545,EXP_FAULT_04,RUN_04,network_delay,1,currencyservice,currency-f04-06,online-boutique,node-a,0.2457,29.107,0,179.2292,0.003648,5.5955,4.2268,11.2755,14.6211,26.1059,169.5063,178.5754,0.1906,0.4631,195213.2521,128575.3266,network_delay,frontend,2026-06-09 15:50:00,2026-06-09 16:05:00,during_fault,6.6720533,1
2026-06-09 15:54:10,550,EXP_FAULT_04,RUN_04,network_delay,1,currencyservice,currency-f04-06,online-boutique,node-a,0.243,28.7876,0,177.7475,0.004114,5.7539,4.0094,10.635,15.4173,26.9365,167.9409,177.0162,0.2652,0.4661,155273.6848,138437.2697,network_delay,frontend,2026-06-09 15:50:00,2026-06-09 16:05:00,during_fault,9.14679,1
2026-06-09 15:54:15,555,EXP_FAULT_04,RUN_04,network_delay,1,currencyservice,currency-f04-06,online-boutique,node-a,0.2254,29.2184,0,178.7315,0.003957,5.964,3.8992,10.8839,16.3102,25.7805,168.7931,178.0242,0.2506,0.4566,147160.1275,159229.6452,network_delay,frontend,2026-06-09 15:50:00,2026-06-09 16:05:00,during_fault,13.254405,1
2026-06-09 15:54:20,560,EXP_FAULT_04,RUN_04,network_delay,1,currencyservice,currency-f04-06,online-boutique,node-a,0.2508,29.5657,0,179.4562,0.00333,5.8924,4.401,10.7042,15.9687,25.6483,169.5324,178.8587,0.0909,0.5066,159890.9181,169446.7061,network_delay,frontend,2026-06-09 15:50:00,2026-06-09 16:05:00,during_fault,7.625235,1
2026-06-09 15:54:25,565,EXP_FAULT_04,RUN_04,network_delay,1,currencyservice,currency-f04-06,online-boutique,node-a,0.245,29.2014,0,182.9443,0.0038,5.9569,4.2304,11.0302,15.0298,25.2593,172.7621,182.249,0.2106,0.4846,221402.0213,134512.1845,network_delay,frontend,2026-06-09 15:50:00,2026-06-09 16:05:00,during_fault,9.608891,1
2026-06-09 15:54:30,570,EXP_FAULT_04,RUN_04,network_delay,1,currencyservice,currency-f04-06,online-boutique,node-a,0.2333,29.0775,0,173.7582,0.003303,5.9074,4.1797,12.0958,17.202,24.8729,164.1693,173.1842,0.0931,0.4809,166421.7558,155627.3567,network_delay,frontend,2026-06-09 15:50:00,2026-06-09 16:05:00,during_fault,8.803131,1
2026-06-09 15:54:35,575,EXP_FAULT_04,RUN_04,network_delay,1,currencyservice,currency-f04-06,online-boutique,node-a,0.2591,28.691,0,184.9507,0.002997,6.5524,4.2775,13.1551,18.2771,27.4245,174.8387,184.3964,0.0826,0.4717,188506.491,149507.7409,network_delay,frontend,2026-06-09 15:50:00,2026-06-09 16:05:00,during_fault,8.752687,1
2026-06-09 15:54:40,580,EXP_FAULT_04,RUN_04,network_delay,1,currencyservice,currency-f04-06,online-boutique,node-a,0.2556,29.2044,0,177.2836,0.003121,5.6023,4.0899,10.8695,14.183,22.9406,167.6841,176.7304,0.0607,0.4926,195190.2353,142048.4566,network_delay,frontend,2026-06-09 15:50:00,2026-06-09 16:05:00,during_fault,4.5707254,1
2026-06-09 15:54:45,585,EXP_FAULT_04,RUN_04,network_delay,1,currencyservice,currency-f04-06,online-boutique,node-a,0.2605,29.702,0,176.4347,0.004168,5.8094,4.2001,11.0531,15.8501,26.6416,166.9538,175.6994,0.2749,0.4604,158302.6759,129755.0517,network_delay,frontend,2026-06-09 15:50:00,2026-06-09 16:05:00,during_fault,9.812306,1
2026-06-09 15:54:50,590,EXP_FAULT_04,RUN_04,network_delay,1,currencyservice,currency-f04-06,online-boutique,node-a,0.2369,28.7041,0,176.8363,0.003285,6.3774,4.4102,11.3875,16.1841,27.3134,167.5467,176.2554,0.1429,0.4379,168120.8777,161450.4467,network_delay,frontend,2026-06-09 15:50:00,2026-06-09 16:05:00,during_fault,10.871382,1
2026-06-09 15:54:55,595,EXP_FAULT_04,RUN_04,network_delay,1,currencyservice,currency-f04-06,online-boutique,node-a,0.2495,29.0124,0,180.841,0.003851,6.5163,4.3077,12.7107,16.683,27.8909,171.4046,180.1446,0.2671,0.4293,212737.9705,172082.1509,network_delay,frontend,2026-06-09 15:50:00,2026-06-09 16:05:00,during_fault,13.426458,1
2026-06-09 15:55:00,600,EXP_FAULT_04,RUN_04,network_delay,1,currencyservice,currency-f04-06,online-boutique,node-a,0.2547,28.8396,0,177.1758,0.003238,5.4566,3.959,9.6447,15.5023,21.3849,168.2462,176.6022,0.1623,0.4113,211872.3307,140970.6789,network_delay,frontend,2026-06-09 15:50:00,2026-06-09 16:05:00,during_fault,3.8120599,1
2026-06-09 15:55:05,605,EXP_FAULT_04,RUN_04,network_delay,1,currencyservice,currency-f04-06,online-boutique,node-a,0.2308,29.6956,0,174.611,0.002918,5.22,3.9673,9.3524,14.8195,21.4968,166.0735,174.1016,0.122,0.3875,217669.8097,153020.8726,network_delay,frontend,2026-06-09 15:50:00,2026-06-09 16:05:00,during_fault,4.9568977,1
2026-06-09 15:55:10,610,EXP_FAULT_04,RUN_04,network_delay,1,currencyservice,currency-f04-06,online-boutique,node-a,0.2466,29.1776,0,172.4957,0.003056,6.1152,4.4483,11.2187,15.7104,22.7777,164.2651,171.9686,0.109,0.418,178663.3584,159429.3042,network_delay,frontend,2026-06-09 15:50:00,2026-06-09 16:05:00,during_fault,8.252333,1
2026-06-09 15:55:15,615,EXP_FAULT_04,RUN_04,network_delay,1,currencyservice,currency-f04-06,online-boutique,node-a,0.2443,29.4236,0,171.894,0.002844,6.0003,4.332,11.0861,15.1167,22.621,163.984,171.4051,0.1167,0.3723,175584.8997,123044.2412,network_delay,frontend,2026-06-09 15:50:00,2026-06-09 16:05:00,during_fault,7.386908,1
2026-06-09 15:55:20,620,EXP_FAULT_04,RUN_04,network_delay,1,currencyservice,currency-f04-06,online-boutique,node-a,0.2359,29.1635,0,170.5963,0.002655,5.7256,3.8382,10.163,14.4299,22.0194,162.9981,170.1434,0.1104,0.3425,214969.5854,131375.8558,network_delay,frontend,2026-06-09 15:50:00,2026-06-09 16:05:00,during_fault,5.514951,1
2026-06-09 15:55:25,625,EXP_FAULT_04,RUN_04,network_delay,1,currencyservice,currency-f04-06,online-boutique,node-a,0.2506,29.2254,0,170.3475,0.002307,5.9477,4.4082,11.7389,14.8165,24.6694,163.0758,169.9545,0.0596,0.3334,148541.3075,167043.3426,network_delay,frontend,2026-06-09 15:50:00,2026-06-09 16:05:00,during_fault,4.9830284,1
2026-06-09 15:55:30,630,EXP_FAULT_04,RUN_04,network_delay,1,currencyservice,currency-f04-06,online-boutique,node-a,0.2376,29.0859,0,168.8482,0.003072,5.2221,3.8115,9.2188,12.7804,18.8659,161.8611,168.3296,0.1964,0.3223,160780.4927,116905.2436,network_delay,frontend,2026-06-09 15:50:00,2026-06-09 16:05:00,during_fault,4.0276146,1
2026-06-09 15:55:35,635,EXP_FAULT_04,RUN_04,network_delay,1,currencyservice,currency-f04-06,online-boutique,node-a,0.2479,28.9223,0,173.3919,0.002197,5.5905,4.0096,10.3201,14.2422,20.8171,166.5522,173.011,0.0624,0.3185,172639.2531,174284.1551,network_delay,frontend,2026-06-09 15:50:00,2026-06-09 16:05:00,during_fault,2.6750922,1
2026-06-09 15:55:40,640,EXP_FAULT_04,RUN_04,network_delay,1,currencyservice,currency-f04-06,online-boutique,node-a,0.2328,28.8539,0,164.2526,0.003196,5.5924,4.1427,9.9152,14.0256,21.2995,157.9507,163.7276,0.2029,0.3221,140136.2747,156490.7353,network_delay,frontend,2026-06-09 15:50:00,2026-06-09 16:05:00,during_fault,6.5358152,1
2026-06-09 15:55:45,645,EXP_FAULT_04,RUN_04,network_delay,1,currencyservice,currency-f04-06,online-boutique,node-a,0.2288,29.0469,0,164.1129,0.00331,5.4251,3.6094,9.798,14.4426,19.5633,158.0277,163.5697,0.2357,0.3076,186157.7844,146316.2021,network_delay,frontend,2026-06-09 15:50:00,2026-06-09 16:05:00,during_fault,6.6379356,1
2026-06-09 15:55:50,650,EXP_FAULT_04,RUN_04,network_delay,1,currencyservice,currency-f04-06,online-boutique,node-a,0.2476,29.0836,0,162.7645,0.003274,5.7084,3.8478,10.1603,13.4592,20.9689,156.997,162.2317,0.251,0.2818,203255.4307,145175.9027,network_delay,frontend,2026-06-09 15:50:00,2026-06-09 16:05:00,during_fault,6.71418,1
2026-06-09 15:55:55,655,EXP_FAULT_04,RUN_04,network_delay,1,currencyservice,currency-f04-06,online-boutique,node-a,0.2315,29.8593,0,163.6935,0.002542,5.468,4.0995,9.8586,13.3888,18.8294,158.1575,163.2774,0.1203,0.2958,154556.2852,149203.0564,network_delay,frontend,2026-06-09 15:50:00,2026-06-09 16:05:00,during_fault,5.373301,1
2026-06-09 15:56:00,660,EXP_FAULT_04,RUN_04,network_delay,1,currencyservice,currency-f04-06,online-boutique,node-a,0.2385,29.0448,0,163.2306,0.002535,5.2718,3.71,9.487,12.1343,18.2368,157.923,162.8168,0.133,0.2808,186482.1261,168633.2323,network_delay,frontend,2026-06-09 15:50:00,2026-06-09 16:05:00,during_fault,2.9965532,1
2026-06-09 15:56:05,665,EXP_FAULT_04,RUN_04,network_delay,1,currencyservice,currency-f04-06,online-boutique,node-a,0.2342,29.7319,0,165.0879,0.00269,5.1308,3.9649,9.4374,11.6393,17.3664,159.8957,164.6438,0.1747,0.2693,150099.0694,160010.9345,network_delay,frontend,2026-06-09 15:50:00,2026-06-09 16:05:00,during_fault,3.7670894,1
2026-06-09 15:56:10,670,EXP_FAULT_04,RUN_04,network_delay,1,currencyservice,currency-f04-06,online-boutique,node-a,0.2476,29.2518,0,167.0213,0.002246,5.3658,3.6554,8.9153,13.7132,18.8349,161.9741,166.6462,0.0924,0.2828,198653.8557,142104.9533,network_delay,frontend,2026-06-09 15:50:00,2026-06-09 16:05:00,during_fault,2.4353974,1
2026-06-09 15:56:15,675,EXP_FAULT_04,RUN_04,network_delay,1,currencyservice,currency-f04-06,online-boutique,node-a,0.241,29.0838,0,160.9689,0.002591,5.1694,3.6097,9.8345,12.4084,19.38,156.1593,160.5518,0.1948,0.2223,155964.8039,145949.2196,network_delay,frontend,2026-06-09 15:50:00,2026-06-09 16:05:00,during_fault,2.6866848,1
2026-06-09 15:56:20,680,EXP_FAULT_04,RUN_04,network_delay,1,currencyservice,currency-f04-06,online-boutique,node-a,0.2435,29.1261,0,171.0091,0.002298,5.4123,3.952,9.328,11.9039,17.7907,166.0818,170.6161,0.1455,0.2475,197796.921,122705.8202,network_delay,frontend,2026-06-09 15:50:00,2026-06-09 16:05:00,during_fault,2.6365845,1
2026-06-09 15:56:25,685,EXP_FAULT_04,RUN_04,network_delay,1,currencyservice,currency-f04-06,online-boutique,node-a,0.2547,28.8241,0,172.7556,0.002495,5.1019,3.752,9.7363,12.0301,17.1796,167.82,172.3247,0.1618,0.2691,149102.8471,133404.0148,network_delay,frontend,2026-06-09 15:50:00,2026-06-09 16:05:00,during_fault,1.2732185,1
2026-06-09 15:56:30,690,EXP_FAULT_04,RUN_04,network_delay,1,currencyservice,currency-f04-06,online-boutique,node-a,0.2442,28.7058,0,171.3932,0.001657,5.3204,3.7523,9.0791,13.0475,19.7521,166.6154,171.1092,0.0588,0.2252,163541.6493,170231.9641,network_delay,frontend,2026-06-09 15:50:00,2026-06-09 16:05:00,during_fault,1.0036873,1
2026-06-09 15:56:35,695,EXP_FAULT_04,RUN_04,network_delay,1,currencyservice,currency-f04-06,online-boutique,node-a,0.2486,29.8081,0,171.4051,0.001998,5.6273,3.8538,10.206,14.1572,19.1162,166.6176,171.0626,0.0865,0.2559,197059.8338,157000.792,network_delay,frontend,2026-06-09 15:50:00,2026-06-09 16:05:00,during_fault,3.3600087,1
2026-06-09 15:56:40,700,EXP_FAULT_04,RUN_04,network_delay,1,currencyservice,currency-f04-06,online-boutique,node-a,0.2282,29.4654,0,173.6235,0.001873,5.2084,3.9095,9.5434,13.022,19.7101,168.7763,173.2983,0.05,0.2752,195918.8052,134554.9307,network_delay,frontend,2026-06-09 15:50:00,2026-06-09 16:05:00,during_fault,2.4993224,1
2026-06-09 15:56:45,705,EXP_FAULT_04,RUN_04,network_delay,1,currencyservice,currency-f04-06,online-boutique,node-a,0.2366,29.8657,0,167.031,0.002733,5.2552,3.9707,8.6885,13.0025,19.3588,162.2773,166.5744,0.2065,0.2501,144039.7282,144257.5142,network_delay,frontend,2026-06-09 15:50:00,2026-06-09 16:05:00,during_fault,4.344822,1
2026-06-09 15:56:50,710,EXP_FAULT_04,RUN_04,network_delay,1,currencyservice,currency-f04-06,online-boutique,node-a,0.2509,28.9858,0,168.7502,0.002125,5.273,3.6029,9.1045,11.5204,18.4188,163.8902,168.3916,0.0868,0.2718,208510.2078,164652.2887,network_delay,frontend,2026-06-09 15:50:00,2026-06-09 16:05:00,during_fault,1.5701768,1
2026-06-09 15:56:55,715,EXP_FAULT_04,RUN_04,network_delay,1,currencyservice,currency-f04-06,online-boutique,node-a,0.252,28.9533,0,170.4569,0.00194,5.0287,3.6247,9.2038,11.7176,18.4694,165.4352,170.1262,0.1056,0.2251,148459.9251,121157.5038,network_delay,frontend,2026-06-09 15:50:00,2026-06-09 16:05:00,during_fault,0.6529463,0
2026-06-09 15:57:00,720,EXP_FAULT_04,RUN_04,network_delay,1,currencyservice,currency-f04-06,online-boutique,node-a,0.2435,28.7048,0,173.1437,0.002334,5.7361,4.2827,9.9358,13.1785,22.7448,167.8791,172.7395,0.1434,0.2607,194107.8497,157121.9143,network_delay,frontend,2026-06-09 15:50:00,2026-06-09 16:05:00,during_fault,3.5820642,1
2026-06-09 15:57:05,725,EXP_FAULT_04,RUN_04,network_delay,1,currencyservice,currency-f04-06,online-boutique,node-a,0.2489,29.3358,0,172.4614,0.002135,5.0039,3.7812,8.8627,11.4337,17.6679,167.0759,172.0932,0.0932,0.275,173883.585,151040.9761,network_delay,frontend,2026-06-09 15:50:00,2026-06-09 16:05:00,during_fault,1.0139827,1
2026-06-09 15:57:10,730,EXP_FAULT_04,RUN_04,network_delay,1,currencyservice,currency-f04-06,online-boutique,node-a,0.2394,29.1976,0,163.2877,0.002479,5.1269,3.9935,8.5394,12.6082,18.3491,158.0013,162.8828,0.1668,0.2381,177507.4389,164882.7188,network_delay,frontend,2026-06-09 15:50:00,2026-06-09 16:05:00,during_fault,2.4234388,1
2026-06-09 15:57:15,735,EXP_FAULT_04,RUN_04,network_delay,1,currencyservice,currency-f04-06,online-boutique,node-a,0.2539,28.907,0,171.125,0.003178,5.7036,4.2074,11.1438,14.9458,22.9126,165.2611,170.5811,0.2498,0.2941,174533.0293,129616.6122,network_delay,frontend,2026-06-09 15:50:00,2026-06-09 16:05:00,during_fault,5.3185806,1
2026-06-09 15:57:20,740,EXP_FAULT_04,RUN_04,network_delay,1,currencyservice,currency-f04-06,online-boutique,node-a,0.2655,29.4292,0,172.9576,0.002462,4.852,3.6663,8.995,12.5067,17.762,166.872,172.5319,0.1329,0.2928,174369.9857,120850.6221,network_delay,frontend,2026-06-09 15:50:00,2026-06-09 16:05:00,during_fault,0.8405434,0
2026-06-09 15:57:25,745,EXP_FAULT_04,RUN_04,network_delay,1,currencyservice,currency-f04-06,online-boutique,node-a,0.2337,28.9631,0,170.0508,0.002514,5.3544,4.1433,10.1702,13.9004,18.5535,163.8281,169.6234,0.1183,0.3091,198572.9492,145097.4306,network_delay,frontend,2026-06-09 15:50:00,2026-06-09 16:05:00,during_fault,3.375579,1
2026-06-09 15:57:30,750,EXP_FAULT_04,RUN_04,network_delay,1,currencyservice,currency-f04-06,online-boutique,node-a,0.2394,29.0793,0,168.3164,0.002513,5.4109,3.8116,10.0961,13.0395,19.7047,161.9277,167.8934,0.1031,0.3199,204712.393,110014.4228,network_delay,frontend,2026-06-09 15:50:00,2026-06-09 16:05:00,during_fault,3.352014,1
2026-06-09 15:57:35,755,EXP_FAULT_04,RUN_04,network_delay,1,currencyservice,currency-f04-06,online-boutique,node-a,0.2566,29.0762,0,168.0376,0.003545,5.5966,4.1796,9.614,13.7045,21.3948,161.3261,167.4418,0.2507,0.3451,186370.4214,146656.8121,network_delay,frontend,2026-06-09 15:50:00,2026-06-09 16:05:00,during_fault,6.058187,1
2026-06-09 15:57:40,760,EXP_FAULT_04,RUN_04,network_delay,1,currencyservice,currency-f04-06,online-boutique,node-a,0.2459,28.9687,0,167.2131,0.002974,5.2951,3.5529,9.5775,13.4345,21.6233,160.2891,166.7159,0.1452,0.3521,174615.9754,164898.8966,network_delay,frontend,2026-06-09 15:50:00,2026-06-09 16:05:00,during_fault,3.4609337,1
2026-06-09 15:57:45,765,EXP_FAULT_04,RUN_04,network_delay,1,currencyservice,currency-f04-06,online-boutique,node-a,0.2406,29.5713,0,161.9067,0.003727,5.5582,3.7358,10.3263,13.6678,20.8009,154.9133,161.3032,0.2382,0.3652,149570.6308,164069.5553,network_delay,frontend,2026-06-09 15:50:00,2026-06-09 16:05:00,during_fault,8.652953,1
2026-06-09 15:57:50,770,EXP_FAULT_04,RUN_04,network_delay,1,currencyservice,currency-f04-06,online-boutique,node-a,0.2324,29.1242,0,162.0804,0.00279,5.3522,4.0164,10.5582,14.0675,21.0963,154.8846,161.6283,0.1183,0.3339,156246.6712,126352.8766,network_delay,frontend,2026-06-09 15:50:00,2026-06-09 16:05:00,during_fault,4.515967,1
2026-06-09 15:57:55,775,EXP_FAULT_04,RUN_04,network_delay,1,currencyservice,currency-f04-06,online-boutique,node-a,0.2501,28.8883,0,155.4704,0.003169,5.5338,3.6734,10.3239,13.838,21.0061,148.2735,154.9777,0.1215,0.3713,197909.6726,114513.1697,network_delay,frontend,2026-06-09 15:50:00,2026-06-09 16:05:00,during_fault,5.4820495,1
2026-06-09 15:58:00,780,EXP_FAULT_04,RUN_04,network_delay,1,currencyservice,currency-f04-06,online-boutique,node-a,0.2483,29.6273,0,165.2136,0.002782,5.6611,4.1208,10.0006,15.7869,21.6438,157.3621,164.7541,0.0535,0.4061,138942.339,141177.7707,network_delay,frontend,2026-06-09 15:50:00,2026-06-09 16:05:00,during_fault,5.5306225,1
2026-06-09 15:58:05,785,EXP_FAULT_04,RUN_04,network_delay,1,currencyservice,currency-f04-06,online-boutique,node-a,0.2406,28.9899,0,160.5993,0.003555,5.7677,4.3146,10.2258,15.2266,22.4815,152.66,160.0283,0.1842,0.3868,183797.1427,108240.2625,network_delay,frontend,2026-06-09 15:50:00,2026-06-09 16:05:00,during_fault,8.513933,1
2026-06-09 15:58:10,790,EXP_FAULT_04,RUN_04,network_delay,1,currencyservice,currency-f04-06,online-boutique,node-a,0.2258,29.1641,0,160.3822,0.003337,6.1139,4.5916,12.2741,17.4553,25.1394,152.2594,159.8469,0.1345,0.4007,150339.5087,120266.8115,network_delay,frontend,2026-06-09 15:50:00,2026-06-09 16:05:00,during_fault,12.0598955,1
2026-06-09 15:58:15,795,EXP_FAULT_04,RUN_04,network_delay,1,currencyservice,currency-f04-06,online-boutique,node-a,0.2263,29.3165,0,156.5458,0.004163,5.6776,3.8071,10.6561,15.0758,25.4816,148.3573,155.8941,0.2501,0.4017,185344.9646,153597.7733,network_delay,frontend,2026-06-09 15:50:00,2026-06-09 16:05:00,during_fault,12.7348585,1
2026-06-09 15:58:20,800,EXP_FAULT_04,RUN_04,network_delay,1,currencyservice,currency-f04-06,online-boutique,node-a,0.2371,29.028,0,156.7608,0.004007,6.0232,4.2361,11.2915,17.1339,24.945,148.446,156.1327,0.2202,0.4079,131571.9938,138380.0583,network_delay,frontend,2026-06-09 15:50:00,2026-06-09 16:05:00,during_fault,12.9338255,1
2026-06-09 15:58:25,805,EXP_FAULT_04,RUN_04,network_delay,1,currencyservice,currency-f04-06,online-boutique,node-a,0.2455,29.1125,0,152.4863,0.003078,5.4749,3.9579,9.8942,15.5452,24.4309,144.3402,152.017,0.0983,0.371,132653.9072,142103.3556,network_delay,frontend,2026-06-09 15:50:00,2026-06-09 16:05:00,during_fault,5.543139,1
2026-06-09 15:58:30,810,EXP_FAULT_04,RUN_04,network_delay,1,currencyservice,currency-f04-06,online-boutique,node-a,0.2282,28.7388,0,148.7144,0.003082,5.9982,4.3437,10.6485,15.3477,23.5632,140.663,148.2561,0.0626,0.3957,128017.0574,143517.3937,network_delay,frontend,2026-06-09 15:50:00,2026-06-09 16:05:00,during_fault,9.795947,1
2026-06-09 15:58:35,815,EXP_FAULT_04,RUN_04,network_delay,1,currencyservice,currency-f04-06,online-boutique,node-a,0.2341,29.3422,0,149.3076,0.004179,6.0559,4.0436,11.8734,15.0761,27.6723,141.0355,148.6837,0.2367,0.3873,160588.3068,145620.9021,network_delay,frontend,2026-06-09 15:50:00,2026-06-09 16:05:00,during_fault,15.595617,1
2026-06-09 15:58:40,820,EXP_FAULT_04,RUN_04,network_delay,1,currencyservice,currency-f04-06,online-boutique,node-a,0.2351,29.5227,0,150.692,0.003594,5.8654,4.1262,11.0028,14.8687,26.2496,142.3244,150.1505,0.1519,0.3897,156447.5047,153906.1896,network_delay,frontend,2026-06-09 15:50:00,2026-06-09 16:05:00,during_fault,11.477388,1
2026-06-09 15:58:45,825,EXP_FAULT_04,RUN_04,network_delay,1,currencyservice,currency-f04-06,online-boutique,node-a,0.2424,29.4736,0,151.1975,0.003631,6.2314,4.359,11.9734,15.8715,24.3835,142.7865,150.6484,0.1239,0.4252,130605.4634,111977.6069,network_delay,frontend,2026-06-09 15:50:00,2026-06-09 16:05:00,during_fault,13.968775,1
2026-06-09 15:58:50,830,EXP_FAULT_04,RUN_04,network_delay,1,currencyservice,currency-f04-06,online-boutique,node-a,0.2337,29.1548,0,151.7949,0.003697,5.4319,3.6525,10.7773,14.9853,25.2779,143.3268,151.2337,0.1408,0.4204,152370.7867,129193.731,network_delay,frontend,2026-06-09 15:50:00,2026-06-09 16:05:00,during_fault,8.129929,1
2026-06-09 15:58:55,835,EXP_FAULT_04,RUN_04,network_delay,1,currencyservice,currency-f04-06,online-boutique,node-a,0.2339,29.3047,0,150.4195,0.004141,5.3328,3.6508,10.2015,15.0527,22.6222,142.0908,149.7966,0.2028,0.4201,143100.774,150691.472,network_delay,frontend,2026-06-09 15:50:00,2026-06-09 16:05:00,during_fault,9.422255,1
2026-06-09 15:59:00,840,EXP_FAULT_04,RUN_04,network_delay,1,currencyservice,currency-f04-06,online-boutique,node-a,0.2256,28.9976,0,147.0046,0.003492,6.0512,4.0681,11.3727,15.3696,25.1621,138.9198,146.4912,0.1306,0.3828,135888.1935,128111.7529,network_delay,frontend,2026-06-09 15:50:00,2026-06-09 16:05:00,during_fault,12.735161,1
2026-06-09 15:59:05,845,EXP_FAULT_04,RUN_04,network_delay,1,currencyservice,currency-f04-06,online-boutique,node-a,0.2483,29.5617,0,147.7775,0.003477,5.8016,4.3095,12.0491,15.4866,24.1752,139.7624,147.2636,0.136,0.3778,181443.5568,152635.9036,network_delay,frontend,2026-06-09 15:50:00,2026-06-09 16:05:00,during_fault,9.924217,1
2026-06-09 15:59:10,850,EXP_FAULT_04,RUN_04,network_delay,1,currencyservice,currency-f04-06,online-boutique,node-a,0.228,29.3828,0,147.747,0.003964,5.4688,3.8992,11.1864,13.6646,24.0638,139.7902,147.1613,0.2166,0.3691,165317.1253,132124.5883,network_delay,frontend,2026-06-09 15:50:00,2026-06-09 16:05:00,during_fault,10.609872,1
2026-06-09 15:59:15,855,EXP_FAULT_04,RUN_04,network_delay,1,currencyservice,currency-f04-06,online-boutique,node-a,0.2342,29.0261,0,148.83,0.003956,5.5489,3.6445,10.8967,13.8369,24.8014,140.9527,148.2412,0.186,0.4028,134208.0404,110343.8895,network_delay,frontend,2026-06-09 15:50:00,2026-06-09 16:05:00,during_fault,9.809639,1
2026-06-09 15:59:20,860,EXP_FAULT_04,RUN_04,network_delay,1,currencyservice,currency-f04-06,online-boutique,node-a,0.2327,29.2119,0,147.2604,0.003882,5.6436,3.988,11.5302,15.2251,23.7929,139.639,146.6888,0.2006,0.371,177764.8944,116912.3943,network_delay,frontend,2026-06-09 15:50:00,2026-06-09 16:05:00,during_fault,10.799749,1
2026-06-09 15:59:25,865,EXP_FAULT_04,RUN_04,network_delay,1,currencyservice,currency-f04-06,online-boutique,node-a,0.2359,28.9017,0,144.4452,0.00385,5.9779,4.2805,10.5711,14.7585,24.9311,137.1571,143.8891,0.2247,0.3314,152927.7076,103375.4642,network_delay,frontend,2026-06-09 15:50:00,2026-06-09 16:05:00,during_fault,12.697867,1
2026-06-09 15:59:30,870,EXP_FAULT_04,RUN_04,network_delay,1,currencyservice,currency-f04-06,online-boutique,node-a,0.2323,28.7316,0,151.4867,0.002823,6.0707,4.2906,10.9503,15.9534,26.2916,144.076,151.0591,0.0408,0.3868,143235.1563,147002.8941,network_delay,frontend,2026-06-09 15:50:00,2026-06-09 16:05:00,during_fault,8.85348,1
2026-06-09 15:59:35,875,EXP_FAULT_04,RUN_04,network_delay,1,currencyservice,currency-f04-06,online-boutique,node-a,0.2524,28.7833,0,148.368,0.003092,6.0929,4.1349,11.8922,15.178,25.3499,141.2809,147.9092,0.115,0.3438,162822.3638,135465.8954,network_delay,frontend,2026-06-09 15:50:00,2026-06-09 16:05:00,during_fault,9.297846,1
2026-06-09 15:59:40,880,EXP_FAULT_04,RUN_04,network_delay,1,currencyservice,currency-f04-06,online-boutique,node-a,0.2253,28.951,0,152.585,0.002684,5.8849,3.9907,11.9135,14.4367,23.5533,145.5814,152.1755,0.0715,0.338,140979.9364,116497.9157,network_delay,frontend,2026-06-09 15:50:00,2026-06-09 16:05:00,during_fault,7.9542894,1
2026-06-09 15:59:45,885,EXP_FAULT_04,RUN_04,network_delay,1,currencyservice,currency-f04-06,online-boutique,node-a,0.251,29.1429,0,149.2221,0.002365,5.6312,3.8255,10.5341,14.0539,21.626,142.6198,148.8692,0.049,0.3039,144883.7756,122496.8289,network_delay,frontend,2026-06-09 15:50:00,2026-06-09 16:05:00,during_fault,4.7828274,1
2026-06-09 15:59:50,890,EXP_FAULT_04,RUN_04,network_delay,1,currencyservice,currency-f04-06,online-boutique,node-a,0.241,29.7965,0,155.4684,0.002733,5.2903,3.714,9.7796,13.2315,20.0319,148.8062,155.0434,0.1044,0.3206,195636.5445,107357.4597,network_delay,frontend,2026-06-09 15:50:00,2026-06-09 16:05:00,during_fault,4.532435,1
2026-06-09 15:59:55,895,EXP_FAULT_04,RUN_04,network_delay,1,currencyservice,currency-f04-06,online-boutique,node-a,0.2312,29.7491,0,147.9231,0.003675,6.2141,4.4805,11.9167,15.42,26.7489,141.748,147.3795,0.2324,0.3112,143069.6297,103617.2818,network_delay,frontend,2026-06-09 15:50:00,2026-06-09 16:05:00,during_fault,15.99552,1
2026-06-09 16:00:00,900,EXP_FAULT_04,RUN_04,network_delay,1,currencyservice,currency-f04-06,online-boutique,node-a,0.2456,29.1169,0,154.013,0.00319,5.1878,3.9533,10.0053,13.3773,20.3448,147.8618,153.5217,0.2095,0.2818,172859.1697,128067.2446,network_delay,frontend,2026-06-09 15:50:00,2026-06-09 16:05:00,during_fault,4.220969,1
2026-06-09 16:00:05,905,EXP_FAULT_04,RUN_04,network_delay,1,currencyservice,currency-f04-06,online-boutique,node-a,0.2402,29.5293,0,150.7449,0.003318,5.356,3.8901,9.7865,14.3423,22.1234,144.9457,150.2447,0.2132,0.287,124776.8326,150487.1834,network_delay,frontend,2026-06-09 15:50:00,2026-06-09 16:05:00,during_fault,6.5115423,1
2026-06-09 16:00:10,910,EXP_FAULT_04,RUN_04,network_delay,1,currencyservice,currency-f04-06,online-boutique,node-a,0.2282,29.1133,0,150.632,0.00259,5.8085,3.8719,11.3227,13.7204,22.4234,145.1095,150.2418,0.132,0.2582,128122.2198,98761.561,network_delay,frontend,2026-06-09 15:50:00,2026-06-09 16:05:00,during_fault,7.248028,1
2026-06-09 16:00:15,915,EXP_FAULT_04,RUN_04,network_delay,1,currencyservice,currency-f04-06,online-boutique,node-a,0.2436,29.2435,0,154.7654,0.002838,5.4724,4.2111,10.1472,14.276,20.0908,149.2739,154.3261,0.1526,0.2867,138673.6504,154485.7933,network_delay,frontend,2026-06-09 15:50:00,2026-06-09 16:05:00,during_fault,4.9886575,1
2026-06-09 16:00:20,920,EXP_FAULT_04,RUN_04,network_delay,1,currencyservice,currency-f04-06,online-boutique,node-a,0.2247,28.9869,0,150.9088,0.002427,5.458,4.0259,9.652,12.7001,20.8893,145.8125,150.5426,0.0876,0.2787,130727.0842,142031.2427,network_delay,frontend,2026-06-09 15:50:00,2026-06-09 16:05:00,during_fault,4.8173656,1
2026-06-09 16:00:25,925,EXP_FAULT_04,RUN_04,network_delay,1,currencyservice,currency-f04-06,online-boutique,node-a,0.2154,28.679,0,156.9361,0.002428,5.9484,4.148,9.9645,14.6767,21.1034,151.841,156.5551,0.1431,0.2378,171964.8566,140128.5603,network_delay,frontend,2026-06-09 15:50:00,2026-06-09 16:05:00,during_fault,7.9724274,1
2026-06-09 16:00:30,930,EXP_FAULT_04,RUN_04,network_delay,1,currencyservice,currency-f04-06,online-boutique,node-a,0.2453,29.0631,0,148.6573,0.00316,5.4186,4.1912,10.288,12.2903,19.8732,143.9305,148.1876,0.237,0.2327,139456.0995,137420.1463,network_delay,frontend,2026-06-09 15:50:00,2026-06-09 16:05:00,during_fault,5.651586,1
2026-06-09 16:00:35,935,EXP_FAULT_04,RUN_04,network_delay,1,currencyservice,currency-f04-06,online-boutique,node-a,0.2353,29.6761,0,152.3973,0.002201,5.4871,4.1635,9.8894,13.8296,18.668,147.8034,152.0618,0.1007,0.2348,144346.406,138362.0544,network_delay,frontend,2026-06-09 15:50:00,2026-06-09 16:05:00,during_fault,4.5095267,1
2026-06-09 16:00:40,940,EXP_FAULT_04,RUN_04,network_delay,1,currencyservice,currency-f04-06,online-boutique,node-a,0.2381,29.4007,0,154.6718,0.001971,4.9823,3.6457,9.1355,11.9171,18.0301,150.1401,154.3669,0.0728,0.232,195834.288,138310.9506,network_delay,frontend,2026-06-09 15:50:00,2026-06-09 16:05:00,during_fault,1.5250319,1
2026-06-09 16:00:45,945,EXP_FAULT_04,RUN_04,network_delay,1,currencyservice,currency-f04-06,online-boutique,node-a,0.2331,29.1847,0,151.1766,0.00289,5.3648,4.0059,9.8369,11.9876,19.6392,146.7585,150.7397,0.2267,0.2101,179359.8793,115152.7378,network_delay,frontend,2026-06-09 15:50:00,2026-06-09 16:05:00,during_fault,5.2668214,1
2026-06-09 16:00:50,950,EXP_FAULT_04,RUN_04,network_delay,1,currencyservice,currency-f04-06,online-boutique,node-a,0.2266,29.5059,0,152.8768,0.002826,5.14,3.6691,9.362,11.7575,19.0346,148.5159,152.4448,0.1861,0.2459,160480.994,136469.013,network_delay,frontend,2026-06-09 15:50:00,2026-06-09 16:05:00,during_fault,4.798177,1
2026-06-09 16:00:55,955,EXP_FAULT_04,RUN_04,network_delay,1,currencyservice,currency-f04-06,online-boutique,node-a,0.2373,30.1094,0,156.2697,0.002372,5.1064,3.8962,8.6983,12.3392,19.6854,151.8843,155.8991,0.1372,0.2334,169579.2383,144402.158,network_delay,frontend,2026-06-09 15:50:00,2026-06-09 16:05:00,during_fault,3.332301,1
2026-06-09 16:01:00,960,EXP_FAULT_04,RUN_04,network_delay,1,currencyservice,currency-f04-06,online-boutique,node-a,0.2449,28.9431,0,149.9053,0.002235,5.2765,4.0113,9.3534,12.7153,20.2963,145.6939,149.5702,0.1268,0.2082,168214.3442,102610.4635,network_delay,frontend,2026-06-09 15:50:00,2026-06-09 16:05:00,during_fault,2.6934795,1
2026-06-09 16:01:05,965,EXP_FAULT_04,RUN_04,network_delay,1,currencyservice,currency-f04-06,online-boutique,node-a,0.233,29.4455,0,151.7905,0.00238,5.4587,4.1692,10.4544,12.1334,18.9896,147.4842,151.4293,0.1694,0.1919,151400.7338,106649.51,network_delay,frontend,2026-06-09 15:50:00,2026-06-09 16:05:00,during_fault,4.6611047,1
2026-06-09 16:01:10,970,EXP_FAULT_04,RUN_04,network_delay,1,currencyservice,currency-f04-06,online-boutique,node-a,0.2356,29.0913,0,152.7074,0.002651,5.5733,4.0892,10.3233,12.3054,18.0896,148.3107,152.3026,0.1702,0.2346,130167.4892,143598.013,network_delay,frontend,2026-06-09 15:50:00,2026-06-09 16:05:00,during_fault,5.365924,1
2026-06-09 16:01:15,975,EXP_FAULT_04,RUN_04,network_delay,1,currencyservice,currency-f04-06,online-boutique,node-a,0.255,29.4389,0,152.4158,0.00212,5.5131,3.9535,10.2995,13.778,21.4884,148.0116,152.0928,0.0819,0.2412,154005.4016,157857.0791,network_delay,frontend,2026-06-09 15:50:00,2026-06-09 16:05:00,during_fault,3.7323234,1
2026-06-09 16:01:20,980,EXP_FAULT_04,RUN_04,network_delay,1,currencyservice,currency-f04-06,online-boutique,node-a,0.2462,29.2025,0,148.4058,0.002969,5.3873,4.1573,10.3468,12.6273,17.7601,143.9441,147.9652,0.2179,0.2227,174987.8705,99155.0233,network_delay,frontend,2026-06-09 15:50:00,2026-06-09 16:05:00,during_fault,5.122771,1
2026-06-09 16:01:25,985,EXP_FAULT_04,RUN_04,network_delay,1,currencyservice,currency-f04-06,online-boutique,node-a,0.2437,28.4883,0,147.4429,0.002913,5.2547,4.017,9.2813,11.8187,20.2193,142.941,147.0134,0.2049,0.2247,131810.4532,110460.09,network_delay,frontend,2026-06-09 15:50:00,2026-06-09 16:05:00,during_fault,3.7045684,1
2026-06-09 16:01:30,990,EXP_FAULT_04,RUN_04,network_delay,1,currencyservice,currency-f04-06,online-boutique,node-a,0.2232,29.32,0,149.1413,0.002752,5.1108,3.7573,8.7338,12.3566,20.4671,144.4189,148.7309,0.1853,0.2251,173562.9509,108820.5524,network_delay,frontend,2026-06-09 15:50:00,2026-06-09 16:05:00,during_fault,4.6160707,1
2026-06-09 16:01:35,995,EXP_FAULT_04,RUN_04,network_delay,1,currencyservice,currency-f04-06,online-boutique,node-a,0.2327,29.0818,0,144.2331,0.002146,5.2114,4.0129,9.6815,12.2503,19.9463,139.5656,143.9236,0.0858,0.2238,125221.8176,126427.9368,network_delay,frontend,2026-06-09 15:50:00,2026-06-09 16:05:00,during_fault,2.9467387,1
2026-06-09 16:01:40,1000,EXP_FAULT_04,RUN_04,network_delay,1,currencyservice,currency-f04-06,online-boutique,node-a,0.2422,29.2239,0,143.3918,0.00238,5.2104,3.6381,9.0269,13.0725,18.9468,138.5402,143.0505,0.0938,0.2475,177082.4489,99038.4493,network_delay,frontend,2026-06-09 15:50:00,2026-06-09 16:05:00,during_fault,3.3544564,1
2026-06-09 16:01:45,1005,EXP_FAULT_04,RUN_04,network_delay,1,currencyservice,currency-f04-06,online-boutique,node-a,0.24,29.0575,0,145.2907,0.00297,4.9965,3.4373,8.4919,12.1295,17.2121,140.187,144.8592,0.1565,0.275,150562.6542,143878.1075,network_delay,frontend,2026-06-09 15:50:00,2026-06-09 16:05:00,during_fault,3.4349594,1
2026-06-09 16:01:50,1010,EXP_FAULT_04,RUN_04,network_delay,1,currencyservice,currency-f04-06,online-boutique,node-a,0.2485,28.8817,0,145.8303,0.002546,5.2352,3.5944,10.066,13.2464,19.2658,140.5048,145.459,0.1005,0.2707,162791.6619,126146.4122,network_delay,frontend,2026-06-09 15:50:00,2026-06-09 16:05:00,during_fault,3.263517,1
2026-06-09 16:01:55,1015,EXP_FAULT_04,RUN_04,network_delay,1,currencyservice,currency-f04-06,online-boutique,node-a,0.2298,29.7233,0,146.1311,0.002443,5.6594,3.9603,10.3941,13.6272,23.4004,140.5967,145.7741,0.0825,0.2745,171704.8369,145787.9495,network_delay,frontend,2026-06-09 15:50:00,2026-06-09 16:05:00,during_fault,6.903891,1
2026-06-09 16:02:00,1020,EXP_FAULT_04,RUN_04,network_delay,1,currencyservice,currency-f04-06,online-boutique,node-a,0.2276,28.9511,0,147.8204,0.002573,5.5936,4.0344,11.1345,14.8368,21.7539,141.965,147.44,0.0767,0.3037,188544.2649,130461.0121,network_delay,frontend,2026-06-09 15:50:00,2026-06-09 16:05:00,during_fault,5.835723,1
2026-06-09 16:02:05,1025,EXP_FAULT_04,RUN_04,network_delay,1,currencyservice,currency-f04-06,online-boutique,node-a,0.2357,29.2642,0,151.2101,0.0023,6.1054,4.4457,12.2456,15.7816,24.0753,144.9956,150.8623,0.0384,0.3094,159035.4205,140588.6758,network_delay,frontend,2026-06-09 15:50:00,2026-06-09 16:05:00,during_fault,8.066056,1
2026-06-09 16:02:10,1030,EXP_FAULT_04,RUN_04,network_delay,1,currencyservice,currency-f04-06,online-boutique,node-a,0.2294,29.526,0,144.9172,0.00337,5.7172,4.3061,11.1765,15.6275,21.2546,138.687,144.4288,0.2058,0.2826,124929.9843,148683.4626,network_delay,frontend,2026-06-09 15:50:00,2026-06-09 16:05:00,during_fault,10.344932,1
2026-06-09 16:02:15,1035,EXP_FAULT_04,RUN_04,network_delay,1,currencyservice,currency-f04-06,online-boutique,node-a,0.235,29.5824,0,146.3046,0.003822,5.4108,3.5894,9.3676,12.8636,19.8436,139.7464,145.7454,0.2177,0.3415,181263.7111,131878.2679,network_delay,frontend,2026-06-09 15:50:00,2026-06-09 16:05:00,during_fault,9.3726,1
2026-06-09 16:02:20,1040,EXP_FAULT_04,RUN_04,network_delay,1,currencyservice,currency-f04-06,online-boutique,node-a,0.238,29.4914,0,152.5216,0.003243,5.2599,3.7563,9.6701,14.5962,19.9851,145.487,152.027,0.139,0.3556,149129.2988,157178.6946,network_delay,frontend,2026-06-09 15:50:00,2026-06-09 16:05:00,during_fault,5.7239738,1
2026-06-09 16:02:25,1045,EXP_FAULT_04,RUN_04,network_delay,1,currencyservice,currency-f04-06,online-boutique,node-a,0.2261,28.7779,0,147.948,0.002667,6.0149,4.0338,11.108,14.7129,24.7278,140.9363,147.5534,0.0728,0.3218,175416.3215,111619.6752,network_delay,frontend,2026-06-09 15:50:00,2026-06-09 16:05:00,during_fault,8.722963,1
2026-06-09 16:02:30,1050,EXP_FAULT_04,RUN_04,network_delay,1,currencyservice,currency-f04-06,online-boutique,node-a,0.2283,29.7861,0,154.1451,0.003341,5.6957,3.7552,10.994,14.3258,24.7447,146.5491,153.6302,0.1434,0.3716,174615.0736,152797.1721,network_delay,frontend,2026-06-09 15:50:00,2026-06-09 16:05:00,during_fault,10.147409,1
2026-06-09 16:02:35,1055,EXP_FAULT_04,RUN_04,network_delay,1,currencyservice,currency-f04-06,online-boutique,node-a,0.2512,29.5955,0,149.708,0.002899,5.4835,3.9551,11.2441,13.4059,22.8384,142.1835,149.2739,0.0759,0.3581,129604.599,131221.4439,network_delay,frontend,2026-06-09 15:50:00,2026-06-09 16:05:00,during_fault,5.7486587,1
2026-06-09 16:02:40,1060,EXP_FAULT_04,RUN_04,network_delay,1,currencyservice,currency-f04-06,online-boutique,node-a,0.233,29.9611,0,144.0818,0.003562,5.6018,3.887,10.565,15.0846,24.4228,136.6187,143.5685,0.1598,0.3535,133912.099,134176.7879,network_delay,frontend,2026-06-09 15:50:00,2026-06-09 16:05:00,during_fault,10.817744,1
2026-06-09 16:02:45,1065,EXP_FAULT_04,RUN_04,network_delay,1,currencyservice,currency-f04-06,online-boutique,node-a,0.2388,28.9007,0,155.3694,0.002964,5.4459,3.6267,10.6279,14.2588,21.7671,147.2005,154.909,0.0806,0.3799,171008.8287,109445.2514,network_delay,frontend,2026-06-09 15:50:00,2026-06-09 16:05:00,during_fault,4.992922,1
2026-06-09 16:02:50,1070,EXP_FAULT_04,RUN_04,network_delay,1,currencyservice,currency-f04-06,online-boutique,node-a,0.2322,29.4667,0,158.3487,0.00402,5.3469,3.738,9.5969,13.3718,24.168,149.7659,157.7122,0.2155,0.421,158059.4111,124216.7322,network_delay,frontend,2026-06-09 15:50:00,2026-06-09 16:05:00,during_fault,9.192072,1
2026-06-09 16:02:55,1075,EXP_FAULT_04,RUN_04,network_delay,1,currencyservice,currency-f04-06,online-boutique,node-a,0.246,29.1916,0,152.9758,0.003629,5.251,3.6736,10.1761,13.7216,22.2771,144.6557,152.4207,0.1617,0.3934,140625.0252,131851.3704,network_delay,frontend,2026-06-09 15:50:00,2026-06-09 16:05:00,during_fault,5.8671074,1
2026-06-09 16:03:00,1080,EXP_FAULT_04,RUN_04,network_delay,1,currencyservice,currency-f04-06,online-boutique,node-a,0.2529,29.8898,0,152.6052,0.002921,5.4972,4.1363,9.78,14.5829,21.4464,144.2601,152.1594,0.0614,0.3843,186004.7088,113111.4462,network_delay,frontend,2026-06-09 15:50:00,2026-06-09 16:05:00,during_fault,5.99611,1
2026-06-09 16:03:05,1085,EXP_FAULT_04,RUN_04,network_delay,1,currencyservice,currency-f04-06,online-boutique,node-a,0.2325,29.7767,0,155.79,0.004171,6.4386,4.5259,11.8361,18.0902,27.1579,147.0729,155.1402,0.2409,0.4089,156579.1814,137160.8003,network_delay,frontend,2026-06-09 15:50:00,2026-06-09 16:05:00,during_fault,20.055784,1
2026-06-09 16:03:10,1090,EXP_FAULT_04,RUN_04,network_delay,1,currencyservice,currency-f04-06,online-boutique,node-a,0.2578,29.2395,0,164.3131,0.00383,5.9685,4.0776,11.7965,17.3339,27.116,155.1801,163.6839,0.1979,0.4313,165531.7189,158668.4523,network_delay,frontend,2026-06-09 15:50:00,2026-06-09 16:05:00,during_fault,9.979718,1
2026-06-09 16:03:15,1095,EXP_FAULT_04,RUN_04,network_delay,1,currencyservice,currency-f04-06,online-boutique,node-a,0.2435,29.2646,0,158.3604,0.004356,6.0162,3.9397,11.1629,15.5096,27.9144,149.4958,157.6707,0.2469,0.4428,147921.2823,124624.078,network_delay,frontend,2026-06-09 15:50:00,2026-06-09 16:05:00,during_fault,14.200064,1
2026-06-09 16:03:20,1100,EXP_FAULT_04,RUN_04,network_delay,1,currencyservice,currency-f04-06,online-boutique,node-a,0.2279,29.324,0,159.3182,0.003926,5.5744,3.7626,10.9214,14.6295,25.5511,150.4605,158.6927,0.2245,0.4009,182223.7726,152984.1556,network_delay,frontend,2026-06-09 15:50:00,2026-06-09 16:05:00,during_fault,10.608144,1
2026-06-09 16:03:25,1105,EXP_FAULT_04,RUN_04,network_delay,1,currencyservice,currency-f04-06,online-boutique,node-a,0.2311,28.9215,0,161.4833,0.004222,5.8299,4.1067,11.6992,14.5465,26.1176,152.5182,160.8015,0.2555,0.4263,134373.14,163674.1953,network_delay,frontend,2026-06-09 15:50:00,2026-06-09 16:05:00,during_fault,12.518237,1
2026-06-09 16:03:30,1110,EXP_FAULT_04,RUN_04,network_delay,1,currencyservice,currency-f04-06,online-boutique,node-a,0.237,29.1845,0,160.9151,0.003446,5.5785,4.0146,11.0026,14.9949,24.9344,152.1445,160.3606,0.1055,0.449,135852.5904,104689.1653,network_delay,frontend,2026-06-09 15:50:00,2026-06-09 16:05:00,during_fault,7.492524,1
2026-06-09 16:03:35,1115,EXP_FAULT_04,RUN_04,network_delay,1,currencyservice,currency-f04-06,online-boutique,node-a,0.2395,29.4109,0,161.3909,0.003183,5.7875,3.8692,11.5655,16.3145,26.5605,152.7793,160.8772,0.0873,0.4264,152246.3352,140100.51,network_delay,frontend,2026-06-09 15:50:00,2026-06-09 16:05:00,during_fault,8.06012,1
2026-06-09 16:03:40,1120,EXP_FAULT_04,RUN_04,network_delay,1,currencyservice,currency-f04-06,online-boutique,node-a,0.243,29.0162,0,161.0054,0.003643,6.1162,4.483,12.5798,17.5438,26.9043,152.466,160.4188,0.202,0.3846,176785.4577,120532.8623,network_delay,frontend,2026-06-09 15:50:00,2026-06-09 16:05:00,during_fault,11.258774,1
2026-06-09 16:03:45,1125,EXP_FAULT_04,RUN_04,network_delay,1,currencyservice,currency-f04-06,online-boutique,node-a,0.2438,29.0837,0,162.3658,0.003971,6.0443,4.1882,10.6878,16.8952,26.7249,153.8999,161.7211,0.2142,0.4305,176155.6917,127460.846,network_delay,frontend,2026-06-09 15:50:00,2026-06-09 16:05:00,during_fault,12.041418,1
2026-06-09 16:03:50,1130,EXP_FAULT_04,RUN_04,network_delay,1,currencyservice,currency-f04-06,online-boutique,node-a,0.2238,28.8506,0,163.5793,0.002792,6.3231,4.2012,12.6068,17.2575,24.6768,155.3811,163.1226,0.0756,0.3811,173941.1609,107613.7478,network_delay,frontend,2026-06-09 15:50:00,2026-06-09 16:05:00,during_fault,11.047985,1
2026-06-09 16:03:55,1135,EXP_FAULT_04,RUN_04,network_delay,1,currencyservice,currency-f04-06,online-boutique,node-a,0.2446,30.1048,0,162.6164,0.003547,5.6142,3.7904,10.8425,15.9355,24.8629,154.6151,162.0396,0.1947,0.3821,181869.3187,108576.3862,network_delay,frontend,2026-06-09 15:50:00,2026-06-09 16:05:00,during_fault,8.929062,1
2026-06-09 16:04:00,1140,EXP_FAULT_04,RUN_04,network_delay,1,currencyservice,currency-f04-06,online-boutique,node-a,0.2398,29.8636,0,162.894,0.00321,6.004,4.46,11.8299,15.7651,23.9352,155.1294,162.3712,0.1578,0.3651,148279.2669,127673.5308,network_delay,frontend,2026-06-09 15:50:00,2026-06-09 16:05:00,during_fault,10.412135,1
2026-06-09 16:04:05,1145,EXP_FAULT_04,RUN_04,network_delay,1,currencyservice,currency-f04-06,online-boutique,node-a,0.2266,29.6854,0,159.0885,0.003032,5.9759,4.2814,10.856,15.8074,24.1016,151.7625,158.6062,0.1343,0.3481,162384.3451,129160.6737,network_delay,frontend,2026-06-09 15:50:00,2026-06-09 16:05:00,during_fault,10.732783,1
2026-06-09 16:04:10,1150,EXP_FAULT_04,RUN_04,network_delay,1,currencyservice,currency-f04-06,online-boutique,node-a,0.2452,30.0979,0,166.4133,0.00298,5.6562,4.284,10.457,15.4118,24.0809,158.9782,165.9173,0.1175,0.3785,180147.293,148122.0476,network_delay,frontend,2026-06-09 15:50:00,2026-06-09 16:05:00,during_fault,6.9476867,1
2026-06-09 16:04:15,1155,EXP_FAULT_04,RUN_04,network_delay,1,currencyservice,currency-f04-06,online-boutique,node-a,0.2354,29.5609,0,162.3022,0.003479,4.9566,3.5052,9.0907,13.0657,21.5659,155.2484,161.7375,0.1997,0.365,142528.327,106523.4372,network_delay,frontend,2026-06-09 15:50:00,2026-06-09 16:05:00,during_fault,4.855443,1
2026-06-09 16:04:20,1160,EXP_FAULT_04,RUN_04,network_delay,1,currencyservice,currency-f04-06,online-boutique,node-a,0.2426,28.9637,0,162.2775,0.002578,5.3218,3.6157,9.4957,13.503,20.2176,155.6036,161.8592,0.0899,0.3285,194934.1452,140031.3764,network_delay,frontend,2026-06-09 15:50:00,2026-06-09 16:05:00,during_fault,3.0342102,1
2026-06-09 16:04:25,1165,EXP_FAULT_04,RUN_04,network_delay,1,currencyservice,currency-f04-06,online-boutique,node-a,0.2394,29.4765,0,160.6574,0.003251,5.3575,3.7511,9.8995,13.5054,22.3196,154.244,160.135,0.1815,0.3408,172938.7348,137208.0133,network_delay,frontend,2026-06-09 15:50:00,2026-06-09 16:05:00,during_fault,5.8057666,1
2026-06-09 16:04:30,1170,EXP_FAULT_04,RUN_04,network_delay,1,currencyservice,currency-f04-06,online-boutique,node-a,0.2372,29.6775,0,157.4381,0.003196,5.6965,4.3172,9.8406,15.1158,23.1723,151.377,156.935,0.2127,0.2904,201402.2639,127306.8227,network_delay,frontend,2026-06-09 15:50:00,2026-06-09 16:05:00,during_fault,8.347059,1
2026-06-09 16:04:35,1175,EXP_FAULT_04,RUN_04,network_delay,1,currencyservice,currency-f04-06,online-boutique,node-a,0.2565,29.5186,0,159.157,0.003055,5.2043,3.7827,9.6162,12.6202,21.1241,153.2732,158.6708,0.1773,0.309,148395.7654,133672.732,network_delay,frontend,2026-06-09 15:50:00,2026-06-09 16:05:00,during_fault,3.7894177,1
2026-06-09 16:04:40,1180,EXP_FAULT_04,RUN_04,network_delay,1,currencyservice,currency-f04-06,online-boutique,node-a,0.238,29.018,0,160.4349,0.003093,5.4734,3.7818,10.3155,12.5054,21.8463,154.7101,159.9386,0.237,0.2592,154095.5146,146436.5238,network_delay,frontend,2026-06-09 15:50:00,2026-06-09 16:05:00,during_fault,5.4629164,1
2026-06-09 16:04:45,1185,EXP_FAULT_04,RUN_04,network_delay,1,currencyservice,currency-f04-06,online-boutique,node-a,0.2457,29.3803,0,152.3255,0.001958,5.4297,4.1046,9.4263,12.6567,21.6554,147.2161,152.0272,0.0628,0.2355,166626.5554,136714.6335,network_delay,frontend,2026-06-09 15:50:00,2026-06-09 16:05:00,during_fault,3.0488544,1
2026-06-09 16:04:50,1190,EXP_FAULT_04,RUN_04,network_delay,1,currencyservice,currency-f04-06,online-boutique,node-a,0.2418,28.7893,0,157.3701,0.002818,4.6478,3.502,8.6135,10.735,18.1882,152.2304,156.9266,0.1865,0.257,179181.1564,139021.4627,network_delay,frontend,2026-06-09 15:50:00,2026-06-09 16:05:00,during_fault,1.2539457,1
2026-06-09 16:04:55,1195,EXP_FAULT_04,RUN_04,network_delay,1,currencyservice,currency-f04-06,online-boutique,node-a,0.2351,29.1303,0,156.59,0.00191,5.5826,4.007,10.2234,14.4155,19.479,151.7211,156.2909,0.0632,0.2358,155056.4528,150635.3575,network_delay,frontend,2026-06-09 15:50:00,2026-06-09 16:05:00,during_fault,3.5063682,1
2026-06-09 16:05:00,1200,EXP_FAULT_04,RUN_04,network_delay,1,currencyservice,currency-f04-06,online-boutique,node-a,0.2437,29.2808,0,153.9867,0.002312,5.1067,3.4704,8.9952,11.5856,19.2677,149.2787,153.6306,0.1303,0.2258,159096.9214,158773.0074,network_delay,frontend,2026-06-09 15:50:00,2026-06-09 16:05:00,post_fault,2.2666667,1
2026-06-09 16:05:05,1205,EXP_FAULT_04,RUN_04,network_delay,1,currencyservice,currency-f04-06,online-boutique,node-a,0.2323,29.1363,0,160.0296,0.00182,5.0834,3.5842,8.8116,11.4861,18.5075,155.2018,159.7383,0.0543,0.2369,159712.1858,156658.6008,network_delay,frontend,2026-06-09 15:50:00,2026-06-09 16:05:00,post_fault,1.5086387,1
2026-06-09 16:05:10,1210,EXP_FAULT_04,RUN_04,network_delay,1,currencyservice,currency-f04-06,online-boutique,node-a,0.25,29.6167,0,159.142,0.002544,5.4229,3.9681,9.6204,12.761,19.1074,154.3889,158.7371,0.1633,0.2416,140054.3127,136570.9734,network_delay,frontend,2026-06-09 15:50:00,2026-06-09 16:05:00,post_fault,3.943934,1
2026-06-09 16:05:15,1215,EXP_FAULT_04,RUN_04,network_delay,1,currencyservice,currency-f04-06,online-boutique,node-a,0.24,29.268,0,157.0638,0.002768,5.263,3.6005,8.7742,13.3207,18.7678,152.3698,156.6291,0.211,0.2238,167560.9173,106206.7985,network_delay,frontend,2026-06-09 15:50:00,2026-06-09 16:05:00,post_fault,3.8548024,1
2026-06-09 16:05:20,1220,EXP_FAULT_04,RUN_04,network_delay,1,currencyservice,currency-f04-06,online-boutique,node-a,0.2361,30.094,0,160.2963,0.001987,5.505,4.3082,9.7358,14.086,18.5266,155.6596,159.9778,0.0798,0.2388,136641.3748,152912.5734,network_delay,frontend,2026-06-09 15:50:00,2026-06-09 16:05:00,post_fault,4.2118087,1
2026-06-09 16:05:25,1225,EXP_FAULT_04,RUN_04,network_delay,1,currencyservice,currency-f04-06,online-boutique,node-a,0.2294,29.2154,0,157.7244,0.002819,5.688,4.1359,10.3056,14.1058,22.1944,153.1589,157.2798,0.196,0.2486,155313.3162,152568.1168,network_delay,frontend,2026-06-09 15:50:00,2026-06-09 16:05:00,post_fault,6.932271,1
2026-06-09 16:05:30,1230,EXP_FAULT_04,RUN_04,network_delay,1,currencyservice,currency-f04-06,online-boutique,node-a,0.2381,29.0462,0,162.4297,0.002842,5.3979,3.7902,8.9222,12.2761,21.0086,157.7469,161.9681,0.212,0.2496,163205.6628,123849.7129,network_delay,frontend,2026-06-09 15:50:00,2026-06-09 16:05:00,post_fault,4.337571,1
2026-06-09 16:05:35,1235,EXP_FAULT_04,RUN_04,network_delay,1,currencyservice,currency-f04-06,online-boutique,node-a,0.2478,29.8822,0,162.8228,0.002729,5.0525,3.5772,9.6891,11.2528,19.1859,158.2122,162.3784,0.2248,0.2196,202401.0291,120906.8574,network_delay,frontend,2026-06-09 15:50:00,2026-06-09 16:05:00,post_fault,2.9100845,1
2026-06-09 16:05:40,1240,EXP_FAULT_04,RUN_04,network_delay,1,currencyservice,currency-f04-06,online-boutique,node-a,0.2481,28.969,0,164.6738,0.001952,5.0931,3.7105,9.2542,11.7597,19.1221,160.1571,164.3524,0.0825,0.2389,179759.1633,157142.9516,network_delay,frontend,2026-06-09 15:50:00,2026-06-09 16:05:00,post_fault,1.0214754,1
2026-06-09 16:05:45,1245,EXP_FAULT_04,RUN_04,network_delay,1,currencyservice,currency-f04-06,online-boutique,node-a,0.2533,29.0586,0,165.3121,0.001994,5.5026,3.7652,9.3412,13.0114,18.2955,160.8432,164.9825,0.0975,0.2321,164175.8758,171849.3308,network_delay,frontend,2026-06-09 15:50:00,2026-06-09 16:05:00,post_fault,2.3208718,1
2026-06-09 16:05:50,1250,EXP_FAULT_04,RUN_04,network_delay,1,currencyservice,currency-f04-06,online-boutique,node-a,0.2403,28.742,0,166.6972,0.002442,5.7499,4.2516,9.5551,13.6639,21.2706,162.1772,166.2901,0.1595,0.2476,181975.8303,144889.1013,network_delay,frontend,2026-06-09 15:50:00,2026-06-09 16:05:00,post_fault,4.36862,1
2026-06-09 16:05:55,1255,EXP_FAULT_04,RUN_04,network_delay,1,currencyservice,currency-f04-06,online-boutique,node-a,0.2317,29.5549,0,164.8473,0.002327,5.1834,3.663,8.9171,12.7887,18.869,160.4475,164.4638,0.1508,0.2327,181098.04,164288.7268,network_delay,frontend,2026-06-09 15:50:00,2026-06-09 16:05:00,post_fault,3.1246617,1
2026-06-09 16:06:00,1260,EXP_FAULT_04,RUN_04,network_delay,1,currencyservice,currency-f04-06,online-boutique,node-a,0.2591,29.4083,0,169.0631,0.001924,5.4881,4.1062,9.7913,12.0345,19.3862,164.6771,168.7377,0.0972,0.2282,165359.2589,138553.1238,network_delay,frontend,2026-06-09 15:50:00,2026-06-09 16:05:00,post_fault,2.182513,1
2026-06-09 16:06:05,1265,EXP_FAULT_04,RUN_04,network_delay,1,currencyservice,currency-f04-06,online-boutique,node-a,0.2389,29.9987,0,168.1324,0.002754,4.9651,3.7295,8.3673,11.9801,16.6702,163.7379,167.6694,0.2474,0.2156,187131.3023,134049.4366,network_delay,frontend,2026-06-09 15:50:00,2026-06-09 16:05:00,post_fault,3.1509318,1
2026-06-09 16:06:10,1270,EXP_FAULT_04,RUN_04,network_delay,1,currencyservice,currency-f04-06,online-boutique,node-a,0.2423,29.5668,0,167.7425,0.002321,5.4678,4.2895,9.8435,12.8183,17.4151,163.4843,167.3533,0.1744,0.2149,142960.1252,118670.8946,network_delay,frontend,2026-06-09 15:50:00,2026-06-09 16:05:00,post_fault,3.5248141,1
2026-06-09 16:06:15,1275,EXP_FAULT_04,RUN_04,network_delay,1,currencyservice,currency-f04-06,online-boutique,node-a,0.2556,28.9894,0,175.7958,0.001981,5.3904,4.1105,8.9436,13.4158,20.4884,171.3993,175.4475,0.128,0.2203,147367.5242,182502.0158,network_delay,frontend,2026-06-09 15:50:00,2026-06-09 16:05:00,post_fault,1.4042187,1
2026-06-09 16:06:20,1280,EXP_FAULT_04,RUN_04,network_delay,1,currencyservice,currency-f04-06,online-boutique,node-a,0.2397,29.1546,0,172.6465,0.001483,5.5204,3.7945,9.6223,12.5758,17.4821,168.4204,172.3904,0.0529,0.2032,187289.9551,143922.9092,network_delay,frontend,2026-06-09 15:50:00,2026-06-09 16:05:00,post_fault,1.7940496,1
2026-06-09 16:06:25,1285,EXP_FAULT_04,RUN_04,network_delay,1,currencyservice,currency-f04-06,online-boutique,node-a,0.246,29.6439,0,174.2971,0.001625,5.1702,3.9503,9.4414,11.9839,17.1188,170.0871,174.0138,0.051,0.2323,163694.4401,148475.6893,network_delay,frontend,2026-06-09 15:50:00,2026-06-09 16:05:00,post_fault,1.0486404,1
2026-06-09 16:06:30,1290,EXP_FAULT_04,RUN_04,network_delay,1,currencyservice,currency-f04-06,online-boutique,node-a,0.2372,29.1258,0,172.7688,0.002586,5.0541,3.7982,9.4683,10.8034,17.1493,168.5277,172.322,0.2134,0.2334,156111.4022,173946.4971,network_delay,frontend,2026-06-09 15:50:00,2026-06-09 16:05:00,post_fault,2.3288207,1
2026-06-09 16:06:35,1295,EXP_FAULT_04,RUN_04,network_delay,1,currencyservice,currency-f04-06,online-boutique,node-a,0.2475,28.4531,0,174.986,0.001437,5.0709,3.4611,9.524,11.6257,17.3693,170.8896,174.7346,0.0592,0.1922,184378.8989,151208.3444,network_delay,frontend,2026-06-09 15:50:00,2026-06-09 16:05:00,post_fault,0.17536075,0
2026-06-09 16:06:40,1300,EXP_FAULT_04,RUN_04,network_delay,1,currencyservice,currency-f04-06,online-boutique,node-a,0.2502,29.4671,0,175.4738,0.001799,4.6936,3.49,7.6304,10.3464,14.8359,171.3653,175.1581,0.1203,0.1955,220276.0749,127828.2052,network_delay,frontend,2026-06-09 15:50:00,2026-06-09 16:05:00,post_fault,0.19084115,0
2026-06-09 16:06:45,1305,EXP_FAULT_04,RUN_04,network_delay,1,currencyservice,currency-f04-06,online-boutique,node-a,0.2353,28.7429,0,171.4782,0.002254,5.0512,3.4656,9.1636,10.9165,16.1862,167.4822,171.0917,0.1728,0.2137,141587.8076,115823.8163,network_delay,frontend,2026-06-09 15:50:00,2026-06-09 16:05:00,post_fault,1.5734189,1
2026-06-09 16:06:50,1310,EXP_FAULT_04,RUN_04,network_delay,1,currencyservice,currency-f04-06,online-boutique,node-a,0.2712,29.6143,0,180.9676,0.002195,5.1998,3.7458,9.3403,11.2064,17.8191,176.8406,180.5704,0.1548,0.2424,152229.2973,121168.1018,network_delay,frontend,2026-06-09 15:50:00,2026-06-09 16:05:00,post_fault,1.2292576,1
2026-06-09 16:06:55,1315,EXP_FAULT_04,RUN_04,network_delay,1,currencyservice,currency-f04-06,online-boutique,node-a,0.2417,29.4194,0,176.1255,0.002104,5.3881,4.0408,8.7791,11.5485,17.4365,172.1313,175.755,0.1491,0.2214,210970.5593,135094.0604,network_delay,frontend,2026-06-09 15:50:00,2026-06-09 16:05:00,post_fault,2.4472659,1
2026-06-09 16:07:00,1320,EXP_FAULT_04,RUN_04,network_delay,1,currencyservice,currency-f04-06,online-boutique,node-a,0.2364,29.1817,0,177.6047,0.001604,6.0403,4.4738,11.1405,12.6875,21.1647,173.6965,177.3198,0.0929,0.192,224142.7645,174256.9109,network_delay,frontend,2026-06-09 15:50:00,2026-06-09 16:05:00,post_fault,4.3181286,1
2026-06-09 16:07:05,1325,EXP_FAULT_04,RUN_04,network_delay,1,currencyservice,currency-f04-06,online-boutique,node-a,0.2416,29.6017,0,172.31,0.001391,5.3062,4.0825,8.9843,11.36,16.5852,168.5797,172.0702,0.0682,0.1716,164196.8585,120267.154,network_delay,frontend,2026-06-09 15:50:00,2026-06-09 16:05:00,post_fault,1.2824235,1
2026-06-09 16:07:10,1330,EXP_FAULT_04,RUN_04,network_delay,1,currencyservice,currency-f04-06,online-boutique,node-a,0.2435,29.4504,0,174.0771,0.002256,5.5407,4.3112,9.806,12.3291,20.2597,170.2518,173.6844,0.216,0.1768,149543.8532,154715.3873,network_delay,frontend,2026-06-09 15:50:00,2026-06-09 16:05:00,post_fault,3.3198571,1
2026-06-09 16:07:15,1335,EXP_FAULT_04,RUN_04,network_delay,1,currencyservice,currency-f04-06,online-boutique,node-a,0.238,28.8519,0,164.1978,0.002353,5.2023,3.8871,8.9972,12.5599,18.0281,160.6802,163.8113,0.2311,0.1553,209692.5435,159565.3598,network_delay,frontend,2026-06-09 15:50:00,2026-06-09 16:05:00,post_fault,2.2026594,1
2026-06-09 16:07:20,1340,EXP_FAULT_04,RUN_04,network_delay,1,currencyservice,currency-f04-06,online-boutique,node-a,0.2428,29.255,0,172.5534,0.001772,4.5663,3.474,8.5056,11.0542,16.297,168.9363,172.2476,0.1378,0.168,185713.2586,151438.0561,network_delay,frontend,2026-06-09 15:50:00,2026-06-09 16:05:00,post_fault,0.20569424,0
2026-06-09 16:07:25,1345,EXP_FAULT_04,RUN_04,network_delay,1,currencyservice,currency-f04-06,online-boutique,node-a,0.2389,29.01,0,172.8711,0.002441,5.1425,3.9578,9.2379,11.4593,18.5402,169.2811,172.4492,0.2232,0.1987,193561.3698,158407.8809,network_delay,frontend,2026-06-09 15:50:00,2026-06-09 16:05:00,post_fault,2.1132221,1
2026-06-09 16:07:30,1350,EXP_FAULT_04,RUN_04,network_delay,1,currencyservice,currency-f04-06,online-boutique,node-a,0.2442,29.384,0,171.9064,0.002377,5.1524,3.4945,9.5056,12.4228,16.7508,168.3593,171.4978,0.2372,0.1714,163404.6677,170614.4566,network_delay,frontend,2026-06-09 15:50:00,2026-06-09 16:05:00,post_fault,2.032227,1
2026-06-09 16:07:35,1355,EXP_FAULT_04,RUN_04,network_delay,1,currencyservice,currency-f04-06,online-boutique,node-a,0.2329,29.6399,0,167.0087,0.002509,5.4522,3.8506,9.8289,11.7053,16.6481,163.5894,166.5897,0.2301,0.1889,163867.1879,173604.7539,network_delay,frontend,2026-06-09 15:50:00,2026-06-09 16:05:00,post_fault,4.6955657,1
2026-06-09 16:07:40,1360,EXP_FAULT_04,RUN_04,network_delay,1,currencyservice,currency-f04-06,online-boutique,node-a,0.253,29.0673,0,171.2808,0.002248,5.141,3.885,8.5801,12.108,17.1191,167.8373,170.8957,0.2148,0.1703,178313.867,157963.3161,network_delay,frontend,2026-06-09 15:50:00,2026-06-09 16:05:00,post_fault,1.27491,1
2026-06-09 16:07:45,1365,EXP_FAULT_04,RUN_04,network_delay,1,currencyservice,currency-f04-06,online-boutique,node-a,0.2356,29.2358,0,171.1061,0.00218,4.5172,3.2156,8.3031,10.6668,14.7699,167.7303,170.7331,0.1686,0.2043,146754.4455,114956.2294,network_delay,frontend,2026-06-09 15:50:00,2026-06-09 16:05:00,post_fault,0.7760187,0
2026-06-09 16:07:50,1370,EXP_FAULT_04,RUN_04,network_delay,1,currencyservice,currency-f04-06,online-boutique,node-a,0.2328,29.1176,0,168.8206,0.00231,5.1604,3.6278,8.2646,12.2633,16.9894,165.4649,168.4306,0.2359,0.154,139764.6373,127166.006,network_delay,frontend,2026-06-09 15:50:00,2026-06-09 16:05:00,post_fault,2.4669147,1
2026-06-09 16:07:55,1375,EXP_FAULT_04,RUN_04,network_delay,1,currencyservice,currency-f04-06,online-boutique,node-a,0.2278,30.1609,0,162.1053,0.001452,5.081,3.5319,8.0454,11.5565,16.2304,159.0297,161.8698,0.0808,0.1547,188638.2373,149048.9623,network_delay,frontend,2026-06-09 15:50:00,2026-06-09 16:05:00,post_fault,1.8170788,1
2026-06-09 16:08:00,1380,EXP_FAULT_04,RUN_04,network_delay,1,currencyservice,currency-f04-06,online-boutique,node-a,0.2429,29.7058,0,170.5474,0.001485,4.8422,3.645,8.8824,10.6,16.8121,167.3786,170.2942,0.0972,0.156,213521.0031,163634.5219,network_delay,frontend,2026-06-09 15:50:00,2026-06-09 16:05:00,post_fault,0.43648186,0
2026-06-09 16:08:05,1385,EXP_FAULT_04,RUN_04,network_delay,1,currencyservice,currency-f04-06,online-boutique,node-a,0.2486,29.316,0,166.1141,0.001508,5.2089,4.042,9.6203,11.7532,17.5471,163.0371,165.8636,0.0794,0.1711,159082.464,142380.5244,network_delay,frontend,2026-06-09 15:50:00,2026-06-09 16:05:00,post_fault,0.95347106,0
2026-06-09 16:08:10,1390,EXP_FAULT_04,RUN_04,network_delay,1,currencyservice,currency-f04-06,online-boutique,node-a,0.2415,28.9955,0,166.3454,0.002047,4.6468,3.2202,8.0184,10.5804,15.4228,163.2926,166.0049,0.1621,0.1784,166544.0949,156698.7563,network_delay,frontend,2026-06-09 15:50:00,2026-06-09 16:05:00,post_fault,0.40617165,0
2026-06-09 16:08:15,1395,EXP_FAULT_04,RUN_04,network_delay,1,currencyservice,currency-f04-06,online-boutique,node-a,0.2478,29.7487,0,162.324,0.002272,5.0936,3.5097,8.5044,10.4296,17.3512,159.3456,161.9551,0.1969,0.1719,206419.532,168225.8544,network_delay,frontend,2026-06-09 15:50:00,2026-06-09 16:05:00,post_fault,2.0764124,1
2026-06-09 16:08:20,1400,EXP_FAULT_04,RUN_04,network_delay,1,currencyservice,currency-f04-06,online-boutique,node-a,0.2434,28.9499,0,166.8194,0.002282,5.033,3.983,8.7032,10.7607,16.8045,163.8237,166.4387,0.231,0.1496,169428.9203,153593.929,network_delay,frontend,2026-06-09 15:50:00,2026-06-09 16:05:00,post_fault,1.3469038,1
2026-06-09 16:08:25,1405,EXP_FAULT_04,RUN_04,network_delay,1,currencyservice,currency-f04-06,online-boutique,node-a,0.2413,29.485,0,167.018,0.002015,4.6555,3.288,8.5676,10.561,14.7764,164.086,166.6815,0.1523,0.1842,193027.3433,122470.3552,network_delay,frontend,2026-06-09 15:50:00,2026-06-09 16:05:00,post_fault,0.59624463,0
2026-06-09 16:08:30,1410,EXP_FAULT_04,RUN_04,network_delay,1,currencyservice,currency-f04-06,online-boutique,node-a,0.2396,29.259,0,161.1465,0.00135,4.7223,3.2638,7.9684,10.0144,15.3932,158.3583,160.9289,0.056,0.1616,174715.5907,159943.0443,network_delay,frontend,2026-06-09 15:50:00,2026-06-09 16:05:00,post_fault,0.1827743,0
2026-06-09 16:08:35,1415,EXP_FAULT_04,RUN_04,network_delay,1,currencyservice,currency-f04-06,online-boutique,node-a,0.2309,29.4811,0,166.2974,0.001931,4.7667,3.3417,7.9799,10.9844,15.0301,163.4523,165.9762,0.1574,0.1638,143298.6076,137673.2,network_delay,frontend,2026-06-09 15:50:00,2026-06-09 16:05:00,post_fault,1.2112583,1
2026-06-09 16:08:40,1420,EXP_FAULT_04,RUN_04,network_delay,1,currencyservice,currency-f04-06,online-boutique,node-a,0.2574,29.109,0,166.4891,0.002185,5.309,3.7638,9.5466,12.3014,17.6123,163.6418,166.1253,0.2204,0.1434,150339.9105,163862.4766,network_delay,frontend,2026-06-09 15:50:00,2026-06-09 16:05:00,post_fault,1.88185,1
2026-06-09 16:08:45,1425,EXP_FAULT_04,RUN_04,network_delay,1,currencyservice,currency-f04-06,online-boutique,node-a,0.2461,28.8679,0,168.567,0.001528,4.9518,3.5989,7.9015,11.4933,15.0111,165.7812,168.3094,0.0802,0.1773,177891.0064,134759.5526,network_delay,frontend,2026-06-09 15:50:00,2026-06-09 16:05:00,post_fault,0.28275776,0
2026-06-09 16:08:50,1430,EXP_FAULT_04,RUN_04,network_delay,1,currencyservice,currency-f04-06,online-boutique,node-a,0.2487,29.7836,0,167.8657,0.002376,4.8575,3.343,8.6903,10.9165,14.9573,165.065,167.4668,0.2652,0.1337,152547.6696,111083.7434,network_delay,frontend,2026-06-09 15:50:00,2026-06-09 16:05:00,post_fault,1.3564492,1
2026-06-09 16:08:55,1435,EXP_FAULT_04,RUN_04,network_delay,1,currencyservice,currency-f04-06,online-boutique,node-a,0.2494,29.8075,0,165.625,0.001796,4.6982,3.5037,7.8616,10.3275,15.1911,162.9327,165.3276,0.1485,0.1489,155574.7694,155235.0641,network_delay,frontend,2026-06-09 15:50:00,2026-06-09 16:05:00,post_fault,0.42022544,0
2026-06-09 16:09:00,1440,EXP_FAULT_04,RUN_04,network_delay,1,currencyservice,currency-f04-06,online-boutique,node-a,0.2426,29.3555,0,172.6637,0.001638,4.9187,3.8732,8.3174,10.6082,14.8638,169.9037,172.3809,0.103,0.1798,150570.1315,135179.6157,network_delay,frontend,2026-06-09 15:50:00,2026-06-09 16:05:00,post_fault,0.53091955,0
2026-06-09 16:09:05,1445,EXP_FAULT_04,RUN_04,network_delay,1,currencyservice,currency-f04-06,online-boutique,node-a,0.2505,29.5301,0,174.6095,0.00169,4.9053,3.6725,7.9919,10.5834,15.4367,171.8726,174.3144,0.1651,0.13,162594.1584,161769.7842,network_delay,frontend,2026-06-09 15:50:00,2026-06-09 16:05:00,post_fault,0.40177965,0
2026-06-09 16:09:10,1450,EXP_FAULT_04,RUN_04,network_delay,1,currencyservice,currency-f04-06,online-boutique,node-a,0.2431,29.4724,0,174.3316,0.002229,4.9991,3.621,8.7433,11.3748,14.6887,171.547,173.943,0.2633,0.1253,202994.6738,118456.5388,network_delay,frontend,2026-06-09 15:50:00,2026-06-09 16:05:00,post_fault,1.4355706,1
2026-06-09 16:09:15,1455,EXP_FAULT_04,RUN_04,network_delay,1,currencyservice,currency-f04-06,online-boutique,node-a,0.2284,29.4583,0,172.5562,0.002069,5.0038,3.8609,8.3078,11.6241,15.7173,169.8122,172.1992,0.2386,0.1183,200972.177,159707.6818,network_delay,frontend,2026-06-09 15:50:00,2026-06-09 16:05:00,post_fault,2.1976364,1
2026-06-09 16:09:20,1460,EXP_FAULT_04,RUN_04,network_delay,1,currencyservice,currency-f04-06,online-boutique,node-a,0.2474,29.3193,0,167.7475,0.00151,4.3603,3.1532,6.8428,9.3206,14.5865,165.2008,167.4942,0.127,0.1264,199237.9211,171610.4212,network_delay,frontend,2026-06-09 15:50:00,2026-06-09 16:05:00,post_fault,0.008410277,0
2026-06-09 16:09:25,1465,EXP_FAULT_04,RUN_04,network_delay,1,currencyservice,currency-f04-06,online-boutique,node-a,0.2549,29.5024,0,173.7949,0.001101,4.7447,3.3632,7.5745,10.9377,15.3081,171.2302,173.6036,0.0443,0.147,174713.679,114732.4127,network_delay,frontend,2026-06-09 15:50:00,2026-06-09 16:05:00,post_fault,0.035630353,0
2026-06-09 16:09:30,1470,EXP_FAULT_04,RUN_04,network_delay,1,currencyservice,currency-f04-06,online-boutique,node-a,0.2337,29.0389,0,169.8761,0.002576,5.1591,4.0439,8.3218,10.8643,16.8955,167.2435,169.4385,0.2704,0.1672,213043.659,139967.3449,network_delay,frontend,2026-06-09 15:50:00,2026-06-09 16:05:00,post_fault,2.8652434,1
2026-06-09 16:09:35,1475,EXP_FAULT_04,RUN_04,network_delay,1,currencyservice,currency-f04-06,online-boutique,node-a,0.2433,29.2669,0,174.6977,0.002437,5.1502,3.8093,8.1644,10.4967,16.429,172.0834,174.272,0.269,0.1566,155895.6826,113772.4816,network_delay,frontend,2026-06-09 15:50:00,2026-06-09 16:05:00,post_fault,2.0440764,1
2026-06-09 16:09:40,1480,EXP_FAULT_04,RUN_04,network_delay,1,currencyservice,currency-f04-06,online-boutique,node-a,0.2445,29.1815,0,179.3134,0.002474,4.9206,3.7245,7.6966,10.1554,15.4698,176.5798,178.8697,0.2682,0.1755,181155.9929,128946.4769,network_delay,frontend,2026-06-09 15:50:00,2026-06-09 16:05:00,post_fault,1.3295206,1
2026-06-09 16:09:45,1485,EXP_FAULT_04,RUN_04,network_delay,1,currencyservice,currency-f04-06,online-boutique,node-a,0.2472,29.8115,0,174.9316,0.001703,4.738,3.7312,8.5249,10.3006,14.3674,172.4286,174.6337,0.1285,0.1694,204812.9812,138451.6503,network_delay,frontend,2026-06-09 15:50:00,2026-06-09 16:05:00,post_fault,0.3598916,0
2026-06-09 16:09:50,1490,EXP_FAULT_04,RUN_04,network_delay,1,currencyservice,currency-f04-06,online-boutique,node-a,0.2516,29.6845,0,172.5165,0.002366,4.5889,3.6577,7.7254,9.7911,14.5632,170.0588,172.1082,0.2488,0.1595,168845.7757,127836.239,network_delay,frontend,2026-06-09 15:50:00,2026-06-09 16:05:00,post_fault,0.550522,0
2026-06-09 16:09:55,1495,EXP_FAULT_04,RUN_04,network_delay,1,currencyservice,currency-f04-06,online-boutique,node-a,0.247,29.5547,0,171.5982,0.001934,5.0262,3.8935,8.7282,9.9926,14.6566,169.1566,171.2663,0.1765,0.1554,172845.9115,165568.1232,network_delay,frontend,2026-06-09 15:50:00,2026-06-09 16:05:00,post_fault,1.0151256,1
2026-06-09 16:10:00,1500,EXP_FAULT_04,RUN_04,network_delay,1,currencyservice,currency-f04-06,online-boutique,node-a,0.2547,29.6321,0,173.5595,0.001631,4.6662,3.6864,7.8649,10.1445,13.3739,171.1538,173.2765,0.1718,0.1112,189979.7962,114093.4253,network_delay,frontend,2026-06-09 15:50:00,2026-06-09 16:05:00,post_fault,0.09708515,0
2026-06-09 16:10:05,1505,EXP_FAULT_04,RUN_04,network_delay,1,currencyservice,currency-f04-06,online-boutique,node-a,0.2172,29.6853,0,169.7251,0.002341,4.7522,3.5442,7.7941,9.7041,13.9676,167.4131,169.3277,0.2529,0.1445,184136.3766,165379.0046,network_delay,frontend,2026-06-09 15:50:00,2026-06-09 16:05:00,post_fault,3.3904986,1
2026-06-09 16:10:10,1510,EXP_FAULT_04,RUN_04,network_delay,1,currencyservice,currency-f04-06,online-boutique,node-a,0.2549,28.7762,0,170.0691,0.001006,4.9899,3.7214,7.8634,10.1904,16.2882,167.8495,169.898,0.0505,0.1206,158871.9645,132163.6077,network_delay,frontend,2026-06-09 15:50:00,2026-06-09 16:05:00,post_fault,0.17051753,0
2026-06-09 16:10:15,1515,EXP_FAULT_04,RUN_04,network_delay,1,currencyservice,currency-f04-06,online-boutique,node-a,0.2328,29.2,0,168.1776,0.001694,4.7779,3.3607,8.6379,10.2648,14.5017,165.9471,167.8926,0.1507,0.1343,206687.3808,148128.9834,network_delay,frontend,2026-06-09 15:50:00,2026-06-09 16:05:00,post_fault,0.69787693,0
2026-06-09 16:10:20,1520,EXP_FAULT_04,RUN_04,network_delay,1,currencyservice,currency-f04-06,online-boutique,node-a,0.2447,29.5173,0,170.4763,0.002061,4.6431,3.628,8.1922,9.1472,13.8541,168.2041,170.1248,0.2454,0.1061,218016.9762,129526.1103,network_delay,frontend,2026-06-09 15:50:00,2026-06-09 16:05:00,post_fault,0.5026611,0
2026-06-09 16:10:25,1525,EXP_FAULT_04,RUN_04,network_delay,1,currencyservice,currency-f04-06,online-boutique,node-a,0.2406,29.5176,0,162.6176,0.001274,4.5076,3.1168,7.4759,9.0483,14.9133,160.5425,162.4105,0.0842,0.1229,168326.8137,106099.0784,network_delay,frontend,2026-06-09 15:50:00,2026-06-09 16:05:00,post_fault,0.03316479,0
2026-06-09 16:10:30,1530,EXP_FAULT_04,RUN_04,network_delay,1,currencyservice,currency-f04-06,online-boutique,node-a,0.2512,29.2457,0,163.5953,0.001867,5.2197,3.9848,8.5051,11.8005,15.9353,161.4824,163.2899,0.1842,0.1212,195506.9347,154351.4711,network_delay,frontend,2026-06-09 15:50:00,2026-06-09 16:05:00,post_fault,1.4277809,1
2026-06-09 16:10:35,1535,EXP_FAULT_04,RUN_04,network_delay,1,currencyservice,currency-f04-06,online-boutique,node-a,0.2259,28.9593,0,155.7062,0.002128,4.6995,3.636,7.5158,10.6902,13.2343,153.7612,155.3748,0.2213,0.11,181142.4575,132487.1132,network_delay,frontend,2026-06-09 15:50:00,2026-06-09 16:05:00,post_fault,1.2916341,1
2026-06-09 16:10:40,1540,EXP_FAULT_04,RUN_04,network_delay,1,currencyservice,currency-f04-06,online-boutique,node-a,0.2314,29.9097,0,165.2804,0.001883,5.378,3.8903,8.8452,11.0258,14.9649,163.2519,164.9693,0.2124,0.0988,185404.1167,169919.4041,network_delay,frontend,2026-06-09 15:50:00,2026-06-09 16:05:00,post_fault,3.3716424,1
2026-06-09 16:10:45,1545,EXP_FAULT_04,RUN_04,network_delay,1,currencyservice,currency-f04-06,online-boutique,node-a,0.2431,29.0538,0,158.4679,0.002218,5.0199,3.7827,8.5759,10.3961,14.085,156.5149,158.1164,0.2467,0.1047,190172.315,136363.1418,network_delay,frontend,2026-06-09 15:50:00,2026-06-09 16:05:00,post_fault,1.5095361,1
2026-06-09 16:10:50,1550,EXP_FAULT_04,RUN_04,network_delay,1,currencyservice,currency-f04-06,online-boutique,node-a,0.2377,29.2868,0,158.7034,0.000972,4.6682,3.5851,7.9623,10.5721,13.9478,156.8381,158.5491,0.0542,0.1,141745.022,157767.1875,network_delay,frontend,2026-06-09 15:50:00,2026-06-09 16:05:00,post_fault,0.059753127,0
2026-06-09 16:10:55,1555,EXP_FAULT_04,RUN_04,network_delay,1,currencyservice,currency-f04-06,online-boutique,node-a,0.2455,29.543,0,154.0779,0.001289,5.0375,3.7291,7.8248,10.1716,14.9532,152.2712,153.8793,0.0727,0.1259,161588.7898,139245.9231,network_delay,frontend,2026-06-09 15:50:00,2026-06-09 16:05:00,post_fault,0.880503,0
2026-06-09 16:11:00,1560,EXP_FAULT_04,RUN_04,network_delay,1,currencyservice,currency-f04-06,online-boutique,node-a,0.2312,29.6813,0,155.3619,0.001159,5.1202,3.9665,8.0562,10.1928,16.9734,153.5736,155.1819,0.0935,0.0865,138805.8243,107088.4407,network_delay,frontend,2026-06-09 15:50:00,2026-06-09 16:05:00,post_fault,1.194918,1
2026-06-09 16:11:05,1565,EXP_FAULT_04,RUN_04,network_delay,1,currencyservice,currency-f04-06,online-boutique,node-a,0.2588,29.4482,0,160.2486,0.002123,5.0229,4.0171,8.9012,10.4061,14.1826,158.3858,159.9084,0.247,0.0932,161406.684,124169.7455,network_delay,frontend,2026-06-09 15:50:00,2026-06-09 16:05:00,post_fault,1.4573444,1
2026-06-09 16:11:10,1570,EXP_FAULT_04,RUN_04,network_delay,1,currencyservice,currency-f04-06,online-boutique,node-a,0.245,29.5134,0,157.6015,0.001694,4.8886,3.4578,8.3313,10.0423,14.6078,155.7881,157.3345,0.1839,0.0831,135720.0016,103035.6591,network_delay,frontend,2026-06-09 15:50:00,2026-06-09 16:05:00,post_fault,0.7947061,0
2026-06-09 16:11:15,1575,EXP_FAULT_04,RUN_04,network_delay,1,currencyservice,currency-f04-06,online-boutique,node-a,0.2384,29.7489,0,157.0565,0.001667,4.9945,3.6727,8.365,9.7589,16.3726,155.2945,156.7948,0.1375,0.1243,161306.3178,159737.8816,network_delay,frontend,2026-06-09 15:50:00,2026-06-09 16:05:00,post_fault,1.2786973,1
2026-06-09 16:11:20,1580,EXP_FAULT_04,RUN_04,network_delay,1,currencyservice,currency-f04-06,online-boutique,node-a,0.2306,29.3493,0,160.0561,0.001399,4.8727,3.746,7.4661,10.8634,15.8646,158.2722,159.8322,0.1446,0.0793,167265.1334,118925.9439,network_delay,frontend,2026-06-09 15:50:00,2026-06-09 16:05:00,post_fault,0.72304904,0
2026-06-09 16:11:25,1585,EXP_FAULT_04,RUN_04,network_delay,1,currencyservice,currency-f04-06,online-boutique,node-a,0.237,28.9873,0,151.9683,0.002131,4.9101,3.9195,8.5953,10.4111,14.1152,150.2385,151.6445,0.2407,0.0831,181020.6322,107198.3725,network_delay,frontend,2026-06-09 15:50:00,2026-06-09 16:05:00,post_fault,1.3854877,1
2026-06-09 16:11:30,1590,EXP_FAULT_04,RUN_04,network_delay,1,currencyservice,currency-f04-06,online-boutique,node-a,0.2338,29.4243,0,154.5414,0.000822,4.973,3.973,7.8155,9.5986,15.3279,152.9306,154.4143,0.0423,0.0847,145523.1154,158924.8763,network_delay,frontend,2026-06-09 15:50:00,2026-06-09 16:05:00,post_fault,0.39335683,0
2026-06-09 16:11:35,1595,EXP_FAULT_04,RUN_04,network_delay,1,currencyservice,currency-f04-06,online-boutique,node-a,0.2324,29.311,0,151.9648,0.001489,5.2014,3.8917,9.2322,11.1643,15.3268,150.3283,151.7386,0.1427,0.0835,140243.3779,133584.2416,network_delay,frontend,2026-06-09 15:50:00,2026-06-09 16:05:00,post_fault,1.6905235,1
2026-06-09 16:11:40,1600,EXP_FAULT_04,RUN_04,network_delay,1,currencyservice,currency-f04-06,online-boutique,node-a,0.2395,29.0646,0,148.7999,0.001025,4.824,3.8507,8.3015,10.325,15.1666,147.2748,148.6474,0.0633,0.0892,147508.7425,122273.4893,network_delay,frontend,2026-06-09 15:50:00,2026-06-09 16:05:00,post_fault,0.32809907,0
2026-06-09 16:11:45,1605,EXP_FAULT_04,RUN_04,network_delay,1,currencyservice,currency-f04-06,online-boutique,node-a,0.2316,29.6892,0,154.7341,0.00111,4.7252,3.2829,7.971,10.5145,12.9825,153.1445,154.5624,0.1022,0.0696,181075.7677,101422.9094,network_delay,frontend,2026-06-09 15:50:00,2026-06-09 16:05:00,post_fault,0.33110523,0
2026-06-09 16:11:50,1610,EXP_FAULT_04,RUN_04,network_delay,1,currencyservice,currency-f04-06,online-boutique,node-a,0.2489,29.8588,0,152.2108,0.001016,4.5443,3.4101,7.6159,9.3543,14.8048,150.6811,152.0561,0.0845,0.0701,173619.4515,155245.7899,network_delay,frontend,2026-06-09 15:50:00,2026-06-09 16:05:00,post_fault,0.26791304,0
2026-06-09 16:11:55,1615,EXP_FAULT_04,RUN_04,network_delay,1,currencyservice,currency-f04-06,online-boutique,node-a,0.2312,29.482,0,148.486,0.001114,4.388,3.281,7.7818,8.6861,12.5054,147.02,148.3207,0.0947,0.0707,184945.2674,119855.5649,network_delay,frontend,2026-06-09 15:50:00,2026-06-09 16:05:00,post_fault,0.03528011,0
2026-06-09 16:12:00,1620,EXP_FAULT_04,RUN_04,network_delay,1,currencyservice,currency-f04-06,online-boutique,node-a,0.2394,29.6436,0,150.7198,0.002112,4.4287,3.114,7.0059,8.6166,11.8708,149.2105,150.4016,0.2263,0.092,169997.1002,109452.1268,network_delay,frontend,2026-06-09 15:50:00,2026-06-09 16:05:00,post_fault,0.5829507,0
2026-06-09 16:12:05,1625,EXP_FAULT_04,RUN_04,network_delay,1,currencyservice,currency-f04-06,online-boutique,node-a,0.2415,28.9946,0,151.0556,0.001324,5.4187,3.9472,9.5945,11.3051,15.3745,149.5857,150.8556,0.0916,0.1084,184382.3454,147115.7743,network_delay,frontend,2026-06-09 15:50:00,2026-06-09 16:05:00,post_fault,1.800334,1
2026-06-09 16:12:10,1630,EXP_FAULT_04,RUN_04,network_delay,1,currencyservice,currency-f04-06,online-boutique,node-a,0.2292,29.5304,0,153.203,0.001813,4.3026,3.2344,6.9914,8.4742,12.5922,151.6696,152.9253,0.1932,0.0844,154776.1106,157987.4126,network_delay,frontend,2026-06-09 15:50:00,2026-06-09 16:05:00,post_fault,0.4233818,0
2026-06-09 16:12:15,1635,EXP_FAULT_04,RUN_04,network_delay,1,currencyservice,currency-f04-06,online-boutique,node-a,0.2531,29.5328,0,158.2199,0.001739,4.4037,3.1825,7.1436,9.4955,13.0678,156.6982,157.9448,0.2002,0.075,192641.0137,155161.2471,network_delay,frontend,2026-06-09 15:50:00,2026-06-09 16:05:00,post_fault,0.15963721,0
2026-06-09 16:12:20,1640,EXP_FAULT_04,RUN_04,network_delay,1,currencyservice,currency-f04-06,online-boutique,node-a,0.2264,29.1963,0,152.9726,0.001861,4.9736,3.4566,7.7481,10.2409,15.4097,151.4842,152.6879,0.172,0.1127,181136.3405,158442.1092,network_delay,frontend,2026-06-09 15:50:00,2026-06-09 16:05:00,post_fault,1.7053106,1
2026-06-09 16:12:25,1645,EXP_FAULT_04,RUN_04,network_delay,1,currencyservice,currency-f04-06,online-boutique,node-a,0.2385,29.4888,0,158.1969,0.001362,4.4947,3.4038,7.1253,9.0876,12.5184,156.7084,157.9814,0.134,0.0815,178857.7871,135657.9931,network_delay,frontend,2026-06-09 15:50:00,2026-06-09 16:05:00,post_fault,0.07696962,0
2026-06-09 16:12:30,1650,EXP_FAULT_04,RUN_04,network_delay,1,currencyservice,currency-f04-06,online-boutique,node-a,0.2503,29.9156,0,154.6923,0.001408,4.7866,3.8203,8.0327,9.1467,14.5468,153.25,154.4744,0.1031,0.1148,151886.9485,103781.3553,network_delay,frontend,2026-06-09 15:50:00,2026-06-09 16:05:00,post_fault,0.60110486,0
2026-06-09 16:12:35,1655,EXP_FAULT_04,RUN_04,network_delay,1,currencyservice,currency-f04-06,online-boutique,node-a,0.2558,30.3121,0,155.1778,0.000763,5.0274,4.0146,8.3211,10.7179,13.5834,153.8142,155.0594,0.0452,0.0732,170416.1433,137278.3317,network_delay,frontend,2026-06-09 15:50:00,2026-06-09 16:05:00,post_fault,0.87065125,0
2026-06-09 16:12:40,1660,EXP_FAULT_04,RUN_04,network_delay,1,currencyservice,currency-f04-06,online-boutique,node-a,0.2496,29.8175,0,156.7856,0.0017,4.7386,3.7633,7.9807,9.2628,14.1727,155.3718,156.5191,0.1702,0.0964,165346.6508,122683.5437,network_delay,frontend,2026-06-09 15:50:00,2026-06-09 16:05:00,post_fault,0.6325598,0
2026-06-09 16:12:45,1665,EXP_FAULT_04,RUN_04,network_delay,1,currencyservice,currency-f04-06,online-boutique,node-a,0.2408,29.9518,0,157.0055,0.00105,4.6805,3.4858,7.5015,9.4384,14.3582,155.6435,156.8406,0.099,0.0659,152195.0915,112765.1239,network_delay,frontend,2026-06-09 15:50:00,2026-06-09 16:05:00,post_fault,0.15902404,0
2026-06-09 16:12:50,1670,EXP_FAULT_04,RUN_04,network_delay,1,currencyservice,currency-f04-06,online-boutique,node-a,0.2435,29.7071,0,153.1408,0.001534,4.719,3.4452,8.1818,9.2384,14.6291,151.7791,152.9059,0.1499,0.085,156179.3349,124234.0755,network_delay,frontend,2026-06-09 15:50:00,2026-06-09 16:05:00,post_fault,0.52358514,0
2026-06-09 16:12:55,1675,EXP_FAULT_04,RUN_04,network_delay,1,currencyservice,currency-f04-06,online-boutique,node-a,0.2473,29.0024,0,151.8732,0.001242,4.4033,3.309,7.3292,9.0943,13.3446,150.5475,151.6846,0.0885,0.1002,185890.7188,120076.9752,network_delay,frontend,2026-06-09 15:50:00,2026-06-09 16:05:00,post_fault,0.19942534,0
2026-06-09 16:13:00,1680,EXP_FAULT_04,RUN_04,network_delay,1,currencyservice,currency-f04-06,online-boutique,node-a,0.2423,29.4606,0,149.9042,0.000793,4.1796,3.128,6.3364,8.0446,13.2923,148.6818,149.7854,0.0616,0.0572,151987.825,106138.5028,network_delay,frontend,2026-06-09 15:50:00,2026-06-09 16:05:00,post_fault,0.29657653,0
2026-06-09 16:13:05,1685,EXP_FAULT_04,RUN_04,network_delay,1,currencyservice,currency-f04-06,online-boutique,node-a,0.2462,29.8512,0,151.1624,0.001657,4.8836,3.8955,7.4617,9.2097,15.2776,149.8599,150.9119,0.152,0.0985,160868.6832,108061.0907,network_delay,frontend,2026-06-09 15:50:00,2026-06-09 16:05:00,post_fault,1.0994613,1
2026-06-09 16:13:10,1690,EXP_FAULT_04,RUN_04,network_delay,1,currencyservice,currency-f04-06,online-boutique,node-a,0.2339,29.8073,0,154.4791,0.001966,4.7442,3.3914,8.0624,9.2312,13.5121,153.1473,154.1753,0.2383,0.0654,134488.4165,157582.6335,network_delay,frontend,2026-06-09 15:50:00,2026-06-09 16:05:00,post_fault,1.28971,1
2026-06-09 16:13:15,1695,EXP_FAULT_04,RUN_04,network_delay,1,currencyservice,currency-f04-06,online-boutique,node-a,0.2407,29.8229,0,148.7012,0.001112,4.6511,3.4214,7.0754,9.6406,12.3612,147.5226,148.5358,0.0848,0.0806,154151.7168,114516.1703,network_delay,frontend,2026-06-09 15:50:00,2026-06-09 16:05:00,post_fault,0.287539,0
2026-06-09 16:13:20,1700,EXP_FAULT_04,RUN_04,network_delay,1,currencyservice,currency-f04-06,online-boutique,node-a,0.2335,29.6969,0,149.3281,0.001675,4.9993,3.906,8.2431,10.603,14.3511,148.0662,149.078,0.1683,0.0818,151446.7384,132141.8129,network_delay,frontend,2026-06-09 15:50:00,2026-06-09 16:05:00,post_fault,1.6199276,1
2026-06-09 16:13:25,1705,EXP_FAULT_04,RUN_04,network_delay,1,currencyservice,currency-f04-06,online-boutique,node-a,0.2203,29.3402,0,150.8679,0.001767,4.6014,3.6181,8.0733,9.9978,14.1007,149.6602,150.6014,0.1702,0.0964,141822.5603,129904.3766,network_delay,frontend,2026-06-09 15:50:00,2026-06-09 16:05:00,post_fault,1.14757,1
2026-06-09 16:13:30,1710,EXP_FAULT_04,RUN_04,network_delay,1,currencyservice,currency-f04-06,online-boutique,node-a,0.2413,29.5019,0,142.6863,0.001429,4.1964,3.1714,6.7535,8.3426,11.4601,141.5445,142.4823,0.1499,0.054,136082.2368,142497.7076,network_delay,frontend,2026-06-09 15:50:00,2026-06-09 16:05:00,post_fault,0.11502371,0
2026-06-09 16:13:35,1715,EXP_FAULT_04,RUN_04,network_delay,1,currencyservice,currency-f04-06,online-boutique,node-a,0.2218,29.4867,0,146.3486,0.001661,4.4344,3.263,6.8889,9.6019,13.6144,145.1711,146.1055,0.1483,0.0948,179253.2468,139872.9261,network_delay,frontend,2026-06-09 15:50:00,2026-06-09 16:05:00,post_fault,0.71210206,0
2026-06-09 16:13:40,1720,EXP_FAULT_04,RUN_04,network_delay,1,currencyservice,currency-f04-06,online-boutique,node-a,0.23,29.6482,0,146.6961,0.001294,4.7196,3.7504,7.4796,9.8364,14.4229,145.5479,146.5063,0.1286,0.0613,125585.9714,111202.533,network_delay,frontend,2026-06-09 15:50:00,2026-06-09 16:05:00,post_fault,0.55691373,0
2026-06-09 16:13:45,1725,EXP_FAULT_04,RUN_04,network_delay,1,currencyservice,currency-f04-06,online-boutique,node-a,0.2215,29.4951,0,141.6081,0.001508,4.5835,3.4787,7.1526,9.6516,14.1545,140.5439,141.3946,0.1497,0.0639,158431.9118,116114.3953,network_delay,frontend,2026-06-09 15:50:00,2026-06-09 16:05:00,post_fault,0.8287064,0
2026-06-09 16:13:50,1730,EXP_FAULT_04,RUN_04,network_delay,1,currencyservice,currency-f04-06,online-boutique,node-a,0.2286,29.7447,0,142.3045,0.001176,4.5421,3.2947,7.5826,8.7819,12.7107,141.2355,142.1371,0.0828,0.0846,163167.7872,101849.0574,network_delay,frontend,2026-06-09 15:50:00,2026-06-09 16:05:00,post_fault,0.28801847,0
2026-06-09 16:13:55,1735,EXP_FAULT_04,RUN_04,network_delay,1,currencyservice,currency-f04-06,online-boutique,node-a,0.2144,29.3062,0,142.0187,0.001814,4.4415,3.5848,7.2357,8.5204,12.9562,140.9028,141.7611,0.194,0.0636,120162.1352,106235.357,network_delay,frontend,2026-06-09 15:50:00,2026-06-09 16:05:00,post_fault,1.2108017,1
2026-06-09 16:14:00,1740,EXP_FAULT_04,RUN_04,network_delay,1,currencyservice,currency-f04-06,online-boutique,node-a,0.2415,29.7052,0,140.5464,0.001163,4.4944,3.214,7.5115,9.6687,12.7645,139.5258,140.383,0.1076,0.0558,162044.9208,91653.2344,network_delay,frontend,2026-06-09 15:50:00,2026-06-09 16:05:00,post_fault,0.37741655,0
2026-06-09 16:14:05,1745,EXP_FAULT_04,RUN_04,network_delay,1,currencyservice,currency-f04-06,online-boutique,node-a,0.2378,28.9734,0,139.9262,0.001368,4.5742,3.5452,7.056,8.6159,14.1099,138.897,139.7348,0.1203,0.0712,165631.7538,141653.6469,network_delay,frontend,2026-06-09 15:50:00,2026-06-09 16:05:00,post_fault,0.3706624,0
2026-06-09 16:14:10,1750,EXP_FAULT_04,RUN_04,network_delay,1,currencyservice,currency-f04-06,online-boutique,node-a,0.2378,29.7271,0,139.69,0.001279,4.7369,3.552,7.4512,9.467,14.7768,138.7177,139.5113,0.0981,0.0806,129887.2235,105395.5602,network_delay,frontend,2026-06-09 15:50:00,2026-06-09 16:05:00,post_fault,0.75682706,0
2026-06-09 16:14:15,1755,EXP_FAULT_04,RUN_04,network_delay,1,currencyservice,currency-f04-06,online-boutique,node-a,0.2393,29.8423,0,140.005,0.001183,4.7275,3.6692,7.8069,9.2359,13.3905,139.016,139.8394,0.1198,0.0458,133209.5084,137726.6843,network_delay,frontend,2026-06-09 15:50:00,2026-06-09 16:05:00,post_fault,0.69801444,0
2026-06-09 16:14:20,1760,EXP_FAULT_04,RUN_04,network_delay,1,currencyservice,currency-f04-06,online-boutique,node-a,0.2531,29.7258,0,140.9831,0.000898,4.4422,3.2323,7.0508,9.088,12.2745,140.0189,140.8565,0.0691,0.0575,117909.4358,114687.6881,network_delay,frontend,2026-06-09 15:50:00,2026-06-09 16:05:00,post_fault,0.90132177,0
2026-06-09 16:14:25,1765,EXP_FAULT_04,RUN_04,network_delay,1,currencyservice,currency-f04-06,online-boutique,node-a,0.2489,29.5158,0,140.9678,0.001168,4.3517,3.4783,7.3448,9.0305,11.7362,139.9514,140.8031,0.0777,0.0869,154724.066,107244.8662,network_delay,frontend,2026-06-09 15:50:00,2026-06-09 16:05:00,post_fault,0.53013456,0
2026-06-09 16:14:30,1770,EXP_FAULT_04,RUN_04,network_delay,1,currencyservice,currency-f04-06,online-boutique,node-a,0.2417,29.6123,0,145.6646,0.001562,4.6207,3.3838,7.0832,9.8381,13.9224,144.6001,145.4371,0.1533,0.0742,177806.9628,111961.0441,network_delay,frontend,2026-06-09 15:50:00,2026-06-09 16:05:00,post_fault,0.56447184,0
2026-06-09 16:14:35,1775,EXP_FAULT_04,RUN_04,network_delay,1,currencyservice,currency-f04-06,online-boutique,node-a,0.2305,29.8064,0,141.3623,0.001524,4.7267,3.4985,7.9777,8.8184,13.8257,140.3213,141.1468,0.1662,0.0493,169067.4251,100178.0283,network_delay,frontend,2026-06-09 15:50:00,2026-06-09 16:05:00,post_fault,0.9722439,1
2026-06-09 16:14:40,1780,EXP_FAULT_04,RUN_04,network_delay,1,currencyservice,currency-f04-06,online-boutique,node-a,0.2309,29.2963,0,145.7583,0.001277,4.3894,3.3087,7.1074,8.3428,11.7945,144.7258,145.5722,0.1221,0.0641,128830.1406,127419.1374,network_delay,frontend,2026-06-09 15:50:00,2026-06-09 16:05:00,post_fault,0.07625903,0
2026-06-09 16:14:45,1785,EXP_FAULT_04,RUN_04,network_delay,1,currencyservice,currency-f04-06,online-boutique,node-a,0.2341,29.5249,0,144.9129,0.001325,4.9136,3.8387,8.5765,9.7796,14.7568,143.8751,144.7209,0.0998,0.0923,137496.4025,146015.7713,network_delay,frontend,2026-06-09 15:50:00,2026-06-09 16:05:00,post_fault,0.97184926,1
2026-06-09 16:14:50,1790,EXP_FAULT_04,RUN_04,network_delay,1,currencyservice,currency-f04-06,online-boutique,node-a,0.2329,29.4011,0,147.0961,0.001586,4.9464,3.8013,8.5227,9.476,15.12,145.9857,146.8628,0.1843,0.049,170879.6345,146433.3169,network_delay,frontend,2026-06-09 15:50:00,2026-06-09 16:05:00,post_fault,1.2542508,1
2026-06-09 16:14:55,1795,EXP_FAULT_04,RUN_04,network_delay,1,currencyservice,currency-f04-06,online-boutique,node-a,0.2324,29.7511,0,146.18,0.001758,4.2567,3.1081,6.3964,8.8952,12.5121,145.0995,145.923,0.197,0.06,139883.581,121007.5082,network_delay,frontend,2026-06-09 15:50:00,2026-06-09 16:05:00,post_fault,0.27554956,0
2026-06-09 16:20:00,0,EXP_FAULT_05,RUN_05,cpu_stress,1,currencyservice,currency-f05-06,online-boutique,node-a,0.2473,28.9798,0,160.5016,0.001782,4.3507,3.3387,6.8231,8.2402,10.8802,160.3909,160.2156,0.242,0.044,147753.3983,124283.0668,cpu_stress,productcatalogservice,2026-06-09 16:25:00,2026-06-09 16:40:00,pre_fault,0.01609697,0
2026-06-09 16:20:05,5,EXP_FAULT_05,RUN_05,cpu_stress,1,currencyservice,currency-f05-06,online-boutique,node-a,0.243,29.2308,0,159.5908,0.000676,4.2891,3.495,7.0233,7.7192,10.7854,159.5127,159.4829,0.0665,0.0413,142232.5999,151220.3055,cpu_stress,productcatalogservice,2026-06-09 16:25:00,2026-06-09 16:40:00,pre_fault,0.3021589,0
2026-06-09 16:20:10,10,EXP_FAULT_05,RUN_05,cpu_stress,1,currencyservice,currency-f05-06,online-boutique,node-a,0.2308,29.3771,0,158.3835,0.001052,4.1515,3.1539,6.6775,8.208,11.6639,158.2917,158.2168,0.1523,0.0144,146136.3301,105036.5694,cpu_stress,productcatalogservice,2026-06-09 16:25:00,2026-06-09 16:40:00,pre_fault,0.20144603,0
2026-06-09 16:20:15,15,EXP_FAULT_05,RUN_05,cpu_stress,1,currencyservice,currency-f05-06,online-boutique,node-a,0.2359,29.2984,0,160.7762,0.000686,4.3831,3.0711,7.3412,8.2535,11.5235,160.7346,160.6659,0.0724,0.0379,174319.506,135797.8779,cpu_stress,productcatalogservice,2026-06-09 16:25:00,2026-06-09 16:40:00,pre_fault,0.13479611,0
2026-06-09 16:20:20,20,EXP_FAULT_05,RUN_05,cpu_stress,1,currencyservice,currency-f05-06,online-boutique,node-a,0.2296,29.4515,0,155.5117,0.000916,4.5328,3.7139,7.6561,8.6593,10.7354,155.4618,155.3693,0.0972,0.0452,180956.0406,127206.2184,cpu_stress,productcatalogservice,2026-06-09 16:25:00,2026-06-09 16:40:00,pre_fault,0.08928845,0
2026-06-09 16:20:25,25,EXP_FAULT_05,RUN_05,cpu_stress,1,currencyservice,currency-f05-06,online-boutique,node-a,0.238,28.8812,0,153.4758,0.000972,4.3034,3.117,7.2697,7.9684,11.2974,153.3746,153.3266,0.1009,0.0483,167171.4153,100452.2104,cpu_stress,productcatalogservice,2026-06-09 16:25:00,2026-06-09 16:40:00,pre_fault,0.10921387,0
2026-06-09 16:20:30,30,EXP_FAULT_05,RUN_05,cpu_stress,1,currencyservice,currency-f05-06,online-boutique,node-a,0.2357,29.3202,0,157.3768,0.00138,4.4148,3.1987,6.7804,8.325,12.0738,157.2342,157.1597,0.1711,0.0461,183987.234,117061.1664,cpu_stress,productcatalogservice,2026-06-09 16:25:00,2026-06-09 16:40:00,pre_fault,0.05878823,0
2026-06-09 16:20:35,35,EXP_FAULT_05,RUN_05,cpu_stress,1,currencyservice,currency-f05-06,online-boutique,node-a,0.2607,29.1983,0,154.7437,0.000907,4.3119,3.2923,6.9367,7.8145,10.9406,154.6394,154.6034,0.0876,0.0527,134810.5051,137631.3864,cpu_stress,productcatalogservice,2026-06-09 16:25:00,2026-06-09 16:40:00,pre_fault,1.0379367,1
2026-06-09 16:20:40,40,EXP_FAULT_05,RUN_05,cpu_stress,1,currencyservice,currency-f05-06,online-boutique,node-a,0.234,28.9565,0,155.186,0.000669,4.1656,3.2723,6.0441,8.1033,10.935,155.1299,155.0823,0.0603,0.0434,131133.3271,112204.9842,cpu_stress,productcatalogservice,2026-06-09 16:25:00,2026-06-09 16:40:00,pre_fault,0.3651709,0
2026-06-09 16:20:45,45,EXP_FAULT_05,RUN_05,cpu_stress,1,currencyservice,currency-f05-06,online-boutique,node-a,0.2311,28.4624,0,150.5826,0.001282,4.7231,3.4438,7.9329,9.5281,12.7858,150.5071,150.3895,0.1447,0.0484,126379.3188,110010.9424,cpu_stress,productcatalogservice,2026-06-09 16:25:00,2026-06-09 16:40:00,pre_fault,0.1472937,0
2026-06-09 16:20:50,50,EXP_FAULT_05,RUN_05,cpu_stress,1,currencyservice,currency-f05-06,online-boutique,node-a,0.2378,29.0539,0,158.371,0.001431,4.2743,3.2951,6.9446,7.9831,10.3668,158.2044,158.1443,0.2222,0.0045,168455.5165,121179.6717,cpu_stress,productcatalogservice,2026-06-09 16:25:00,2026-06-09 16:40:00,pre_fault,0.02524493,0
2026-06-09 16:20:55,55,EXP_FAULT_05,RUN_05,cpu_stress,1,currencyservice,currency-f05-06,online-boutique,node-a,0.2388,29.2229,0,153.3574,0.001093,4.3649,3.3448,6.9401,8.0814,12.2319,153.2961,153.1899,0.1665,0.0011,163840.0606,123790.8791,cpu_stress,productcatalogservice,2026-06-09 16:25:00,2026-06-09 16:40:00,pre_fault,0.020676611,0
2026-06-09 16:21:00,60,EXP_FAULT_05,RUN_05,cpu_stress,1,currencyservice,currency-f05-06,online-boutique,node-a,0.2397,28.3773,0,150.56,0.00174,4.7928,3.8358,7.729,9.7999,12.8158,150.4073,150.298,0.2242,0.0378,147083.5852,109612.6947,cpu_stress,productcatalogservice,2026-06-09 16:25:00,2026-06-09 16:40:00,pre_fault,0.44235054,0
2026-06-09 16:21:05,65,EXP_FAULT_05,RUN_05,cpu_stress,1,currencyservice,currency-f05-06,online-boutique,node-a,0.2266,29.2659,0,143.4622,0.001368,4.5062,3.5517,6.535,8.7826,12.7012,143.3482,143.2659,0.1631,0.0331,182197.0238,147233.508,cpu_stress,productcatalogservice,2026-06-09 16:25:00,2026-06-09 16:40:00,pre_fault,0.3040449,0
2026-06-09 16:21:10,70,EXP_FAULT_05,RUN_05,cpu_stress,1,currencyservice,currency-f05-06,online-boutique,node-a,0.2328,29.0742,0,151.2039,0.000825,4.4834,3.6466,7.1432,8.2184,12.5182,151.1491,151.0792,0.1169,0.0078,159928.8414,137955.9572,cpu_stress,productcatalogservice,2026-06-09 16:25:00,2026-06-09 16:40:00,pre_fault,0.01561706,0
2026-06-09 16:21:15,75,EXP_FAULT_05,RUN_05,cpu_stress,1,currencyservice,currency-f05-06,online-boutique,node-a,0.2327,29.1655,0,147.4463,0.001369,4.3746,3.2598,7.2054,8.175,10.4683,147.3616,147.2444,0.186,0.0159,187597.066,150918.1779,cpu_stress,productcatalogservice,2026-06-09 16:25:00,2026-06-09 16:40:00,pre_fault,0.055613436,0
2026-06-09 16:21:20,80,EXP_FAULT_05,RUN_05,cpu_stress,1,currencyservice,currency-f05-06,online-boutique,node-a,0.2388,29.1876,0,146.3876,0.000523,4.5729,3.6075,7.717,8.4248,12.8604,146.3478,146.311,0.0368,0.0398,137864.5891,99321.5338,cpu_stress,productcatalogservice,2026-06-09 16:25:00,2026-06-09 16:40:00,pre_fault,0.16555946,0
2026-06-09 16:21:25,85,EXP_FAULT_05,RUN_05,cpu_stress,1,currencyservice,currency-f05-06,online-boutique,node-a,0.2288,29.2664,0,145.8747,0.000938,4.7427,3.7723,6.9881,9.1013,11.7791,145.7844,145.738,0.1357,0.0011,169091.7087,109570.0487,cpu_stress,productcatalogservice,2026-06-09 16:25:00,2026-06-09 16:40:00,pre_fault,0.28077072,0
2026-06-09 16:21:30,90,EXP_FAULT_05,RUN_05,cpu_stress,1,currencyservice,currency-f05-06,online-boutique,node-a,0.2377,29.2868,0,142.9113,0.001027,4.0284,3.1353,5.9257,7.8417,10.6167,142.8106,142.7646,0.143,0.0037,139895.8752,105107.0566,cpu_stress,productcatalogservice,2026-06-09 16:25:00,2026-06-09 16:40:00,pre_fault,0.19261643,0
2026-06-09 16:21:35,95,EXP_FAULT_05,RUN_05,cpu_stress,1,currencyservice,currency-f05-06,online-boutique,node-a,0.2347,28.6834,0,143.9406,0.001327,4.3178,3.4788,6.8178,7.566,12.133,143.8354,143.7497,0.1527,0.0383,166695.8464,133880.3755,cpu_stress,productcatalogservice,2026-06-09 16:25:00,2026-06-09 16:40:00,pre_fault,0.03301973,0
2026-06-09 16:21:40,100,EXP_FAULT_05,RUN_05,cpu_stress,1,currencyservice,currency-f05-06,online-boutique,node-a,0.244,28.9928,0,143.1635,0.001325,4.4218,3.308,7.2724,8.6181,12.2861,143.026,142.9738,0.158,0.0317,125923.3447,144832.6132,cpu_stress,productcatalogservice,2026-06-09 16:25:00,2026-06-09 16:40:00,pre_fault,0.28995186,0
2026-06-09 16:21:45,105,EXP_FAULT_05,RUN_05,cpu_stress,1,currencyservice,currency-f05-06,online-boutique,node-a,0.2275,28.4063,0,143.9965,0.001428,4.3544,3.0683,7.109,7.838,10.3514,143.9011,143.7909,0.1581,0.0475,147683.9691,135156.0691,cpu_stress,productcatalogservice,2026-06-09 16:25:00,2026-06-09 16:40:00,pre_fault,0.032790996,0
2026-06-09 16:21:50,110,EXP_FAULT_05,RUN_05,cpu_stress,1,currencyservice,currency-f05-06,online-boutique,node-a,0.2373,28.239,0,139.8077,0.001398,4.497,3.5352,7.2942,8.3613,12.2645,139.6703,139.6123,0.1575,0.0379,132801.9479,97079.5802,cpu_stress,productcatalogservice,2026-06-09 16:25:00,2026-06-09 16:40:00,pre_fault,0.22659402,0
2026-06-09 16:21:55,115,EXP_FAULT_05,RUN_05,cpu_stress,1,currencyservice,currency-f05-06,online-boutique,node-a,0.2377,29.0036,0,142.3192,0.001063,4.0784,3.1133,6.7059,7.3353,10.1215,142.2302,142.168,0.1244,0.0269,159175.8181,123100.4696,cpu_stress,productcatalogservice,2026-06-09 16:25:00,2026-06-09 16:40:00,pre_fault,0.20720322,0
2026-06-09 16:22:00,120,EXP_FAULT_05,RUN_05,cpu_stress,1,currencyservice,currency-f05-06,online-boutique,node-a,0.2299,29.0792,0,144.6004,0.001277,4.4157,3.36,7.0083,8.8922,10.4142,144.498,144.4157,0.17,0.0147,120602.3537,147890.0983,cpu_stress,productcatalogservice,2026-06-09 16:25:00,2026-06-09 16:40:00,pre_fault,0.07391684,0
2026-06-09 16:22:05,125,EXP_FAULT_05,RUN_05,cpu_stress,1,currencyservice,currency-f05-06,online-boutique,node-a,0.234,29.0625,0,147.89,0.000943,4.6384,3.6571,7.62,9.4183,12.4956,147.8403,147.7505,0.1368,0.0027,151086.5192,119590.9702,cpu_stress,productcatalogservice,2026-06-09 16:25:00,2026-06-09 16:40:00,pre_fault,0.098464414,0
2026-06-09 16:22:10,130,EXP_FAULT_05,RUN_05,cpu_stress,1,currencyservice,currency-f05-06,online-boutique,node-a,0.2335,29.0124,0,138.7704,0.001022,4.2891,3.3522,6.9619,8.3259,10.5536,138.6907,138.6286,0.1042,0.0376,171714.414,114884.417,cpu_stress,productcatalogservice,2026-06-09 16:25:00,2026-06-09 16:40:00,pre_fault,0.089805976,0
2026-06-09 16:22:15,135,EXP_FAULT_05,RUN_05,cpu_stress,1,currencyservice,currency-f05-06,online-boutique,node-a,0.2421,29.1076,0,144.1467,0.001201,4.4917,3.4477,7.3665,8.6038,11.9612,144.0439,143.9736,0.1384,0.0347,159611.6582,125764.2191,cpu_stress,productcatalogservice,2026-06-09 16:25:00,2026-06-09 16:40:00,pre_fault,0.2537331,0
2026-06-09 16:22:20,140,EXP_FAULT_05,RUN_05,cpu_stress,1,currencyservice,currency-f05-06,online-boutique,node-a,0.2456,30.022,0,143.4389,0.001638,4.5844,3.5089,7.6837,8.3868,12.4193,143.3188,143.2039,0.2152,0.0198,152753.7951,108385.2549,cpu_stress,productcatalogservice,2026-06-09 16:25:00,2026-06-09 16:40:00,pre_fault,0.7631072,0
2026-06-09 16:22:25,145,EXP_FAULT_05,RUN_05,cpu_stress,1,currencyservice,currency-f05-06,online-boutique,node-a,0.2341,28.2015,0,147.0956,0.000955,4.3649,3.4353,6.9483,8.7001,11.8873,146.9933,146.9552,0.1081,0.0323,180544.1233,133225.4522,cpu_stress,productcatalogservice,2026-06-09 16:25:00,2026-06-09 16:40:00,pre_fault,0.13994934,0
2026-06-09 16:22:30,150,EXP_FAULT_05,RUN_05,cpu_stress,1,currencyservice,currency-f05-06,online-boutique,node-a,0.2272,29.178,0,146.1544,0.000613,4.6666,3.3492,7.8721,8.3059,13.1845,146.1211,146.0649,0.0628,0.0268,170134.8209,143103.7586,cpu_stress,productcatalogservice,2026-06-09 16:25:00,2026-06-09 16:40:00,pre_fault,0.112043604,0
2026-06-09 16:22:35,155,EXP_FAULT_05,RUN_05,cpu_stress,1,currencyservice,currency-f05-06,online-boutique,node-a,0.2357,29.3733,0,147.6565,0.001491,3.9802,2.8245,6.6866,7.7138,9.9843,147.5067,147.4364,0.1853,0.0348,157711.2259,130269.7809,cpu_stress,productcatalogservice,2026-06-09 16:25:00,2026-06-09 16:40:00,pre_fault,0.023581604,0
2026-06-09 16:22:40,160,EXP_FAULT_05,RUN_05,cpu_stress,1,currencyservice,currency-f05-06,online-boutique,node-a,0.234,28.7901,0,146.6652,0.00112,4.5026,3.2516,6.7237,9.2247,11.5269,146.5644,146.5009,0.1332,0.0311,179658.3226,112712.9882,cpu_stress,productcatalogservice,2026-06-09 16:25:00,2026-06-09 16:40:00,pre_fault,0.045616455,0
2026-06-09 16:22:45,165,EXP_FAULT_05,RUN_05,cpu_stress,1,currencyservice,currency-f05-06,online-boutique,node-a,0.2366,28.9124,0,151.1468,0.001365,4.6759,3.6484,7.4794,8.5905,11.6852,151.0087,150.9405,0.1632,0.0431,151966.8614,146611.4039,cpu_stress,productcatalogservice,2026-06-09 16:25:00,2026-06-09 16:40:00,pre_fault,0.20143083,0
2026-06-09 16:22:50,170,EXP_FAULT_05,RUN_05,cpu_stress,1,currencyservice,currency-f05-06,online-boutique,node-a,0.2245,28.8442,0,148.8666,0.001234,4.2506,3.0847,7.0631,8.4126,11.5988,148.75,148.6829,0.1549,0.0288,174332.2124,148171.8247,cpu_stress,productcatalogservice,2026-06-09 16:25:00,2026-06-09 16:40:00,pre_fault,0.095373206,0
2026-06-09 16:22:55,175,EXP_FAULT_05,RUN_05,cpu_stress,1,currencyservice,currency-f05-06,online-boutique,node-a,0.2548,28.3019,0,151.0677,0.000624,4.5372,3.568,6.6085,7.9888,11.2149,151.0121,150.9734,0.049,0.0454,173889.6576,139532.1979,cpu_stress,productcatalogservice,2026-06-09 16:25:00,2026-06-09 16:40:00,pre_fault,1.1591063,1
2026-06-09 16:23:00,180,EXP_FAULT_05,RUN_05,cpu_stress,1,currencyservice,currency-f05-06,online-boutique,node-a,0.2313,29.4772,0,145.5617,0.000808,4.3414,3.3859,6.8176,7.9042,11.8128,145.4877,145.4441,0.1037,0.0139,185284.8139,98625.904,cpu_stress,productcatalogservice,2026-06-09 16:25:00,2026-06-09 16:40:00,pre_fault,0.014308872,0
2026-06-09 16:23:05,185,EXP_FAULT_05,RUN_05,cpu_stress,1,currencyservice,currency-f05-06,online-boutique,node-a,0.234,28.796,0,150.83,0.001374,4.3685,3.2958,7.3429,8.2036,10.8773,150.7096,150.6228,0.1731,0.0341,164899.1037,106675.0276,cpu_stress,productcatalogservice,2026-06-09 16:25:00,2026-06-09 16:40:00,pre_fault,0.0058611706,0
2026-06-09 16:23:10,190,EXP_FAULT_05,RUN_05,cpu_stress,1,currencyservice,currency-f05-06,online-boutique,node-a,0.2384,29.1856,0,144.8428,0.000544,4.3534,3.1564,7.0838,8.916,11.78,144.7944,144.7641,0.041,0.0377,123659.4382,115475.7214,cpu_stress,productcatalogservice,2026-06-09 16:25:00,2026-06-09 16:40:00,pre_fault,0.28017393,0
2026-06-09 16:23:15,195,EXP_FAULT_05,RUN_05,cpu_stress,1,currencyservice,currency-f05-06,online-boutique,node-a,0.222,29.4806,0,150.0123,0.001201,4.3311,3.2621,7.2872,8.7555,11.9321,149.9041,149.8322,0.1333,0.0468,132808.048,114766.9546,cpu_stress,productcatalogservice,2026-06-09 16:25:00,2026-06-09 16:40:00,pre_fault,0.2584966,0
2026-06-09 16:23:20,200,EXP_FAULT_05,RUN_05,cpu_stress,1,currencyservice,currency-f05-06,online-boutique,node-a,0.2423,29.0284,0,147.3524,0.000787,4.4741,3.3271,7.5419,7.917,12.5612,147.2717,147.2364,0.1073,0.0088,170508.8099,106613.6991,cpu_stress,productcatalogservice,2026-06-09 16:25:00,2026-06-09 16:40:00,pre_fault,0.2532732,0
2026-06-09 16:23:25,205,EXP_FAULT_05,RUN_05,cpu_stress,1,currencyservice,currency-f05-06,online-boutique,node-a,0.2488,29.0324,0,144.0931,0.001301,4.4202,3.2824,7.1248,7.7836,10.8434,144.0014,143.9055,0.1761,0.0114,140755.2477,118362.306,cpu_stress,productcatalogservice,2026-06-09 16:25:00,2026-06-09 16:40:00,pre_fault,0.45158863,0
2026-06-09 16:23:30,210,EXP_FAULT_05,RUN_05,cpu_stress,1,currencyservice,currency-f05-06,online-boutique,node-a,0.2336,28.9757,0,145.5143,0.000957,4.6458,3.4309,7.5677,8.3645,12.4694,145.4619,145.375,0.1071,0.0322,181527.2341,139101.7873,cpu_stress,productcatalogservice,2026-06-09 16:25:00,2026-06-09 16:40:00,pre_fault,0.12881216,0
2026-06-09 16:23:35,215,EXP_FAULT_05,RUN_05,cpu_stress,1,currencyservice,currency-f05-06,online-boutique,node-a,0.2369,28.7755,0,141.4124,0.000623,4.4954,3.4327,7.1543,8.9207,10.8599,141.3512,141.3243,0.0431,0.0449,118819.5517,103567.5829,cpu_stress,productcatalogservice,2026-06-09 16:25:00,2026-06-09 16:40:00,pre_fault,0.2552404,0
2026-06-09 16:23:40,220,EXP_FAULT_05,RUN_05,cpu_stress,1,currencyservice,currency-f05-06,online-boutique,node-a,0.2323,28.8844,0,147.3998,0.000684,4.553,3.2769,6.9442,8.0944,12.9104,147.3612,147.2989,0.0933,0.0075,164911.7244,98489.2197,cpu_stress,productcatalogservice,2026-06-09 16:25:00,2026-06-09 16:40:00,pre_fault,0.02620909,0
2026-06-09 16:23:45,225,EXP_FAULT_05,RUN_05,cpu_stress,1,currencyservice,currency-f05-06,online-boutique,node-a,0.2347,29.4754,0,139.3485,0.000913,4.2749,3.4795,6.6015,8.6241,10.6929,139.2672,139.2213,0.1189,0.0083,158956.1822,91914.3989,cpu_stress,productcatalogservice,2026-06-09 16:25:00,2026-06-09 16:40:00,pre_fault,0.10084753,0
2026-06-09 16:23:50,230,EXP_FAULT_05,RUN_05,cpu_stress,1,currencyservice,currency-f05-06,online-boutique,node-a,0.2362,29.1576,0,142.4723,0.001856,4.5395,3.3405,7.3435,8.0237,12.0124,142.3005,142.2078,0.2156,0.0488,125575.1619,144538.7653,cpu_stress,productcatalogservice,2026-06-09 16:25:00,2026-06-09 16:40:00,pre_fault,0.5734152,0
2026-06-09 16:23:55,235,EXP_FAULT_05,RUN_05,cpu_stress,1,currencyservice,currency-f05-06,online-boutique,node-a,0.2336,28.6353,0,139.1882,0.001507,4.7397,3.6936,7.1013,9.6872,11.2766,139.0587,138.9784,0.2088,0.001,122064.8057,97309.0411,cpu_stress,productcatalogservice,2026-06-09 16:25:00,2026-06-09 16:40:00,pre_fault,0.5841737,0
2026-06-09 16:24:00,240,EXP_FAULT_05,RUN_05,cpu_stress,1,currencyservice,currency-f05-06,online-boutique,node-a,0.2313,29.1175,0,138.7155,0.001526,4.0703,2.9517,6.0645,7.2607,10.6335,138.636,138.5038,0.1776,0.0342,136418.9804,140445.7904,cpu_stress,productcatalogservice,2026-06-09 16:25:00,2026-06-09 16:40:00,pre_fault,0.008483928,0
2026-06-09 16:24:05,245,EXP_FAULT_05,RUN_05,cpu_stress,1,currencyservice,currency-f05-06,online-boutique,node-a,0.234,29.1712,0,143.8574,0.001399,4.1287,3.2021,6.1274,7.2506,11.1584,143.7216,143.6561,0.182,0.0192,165465.4693,108094.8836,cpu_stress,productcatalogservice,2026-06-09 16:25:00,2026-06-09 16:40:00,pre_fault,0.0028531435,0
2026-06-09 16:24:10,250,EXP_FAULT_05,RUN_05,cpu_stress,1,currencyservice,currency-f05-06,online-boutique,node-a,0.2497,28.8872,0,141.5591,0.001511,4.3239,3.5109,7.2594,8.4488,12.155,141.4593,141.3453,0.1911,0.0228,129249.5204,140938.1515,cpu_stress,productcatalogservice,2026-06-09 16:25:00,2026-06-09 16:40:00,pre_fault,0.49571443,0
2026-06-09 16:24:15,255,EXP_FAULT_05,RUN_05,cpu_stress,1,currencyservice,currency-f05-06,online-boutique,node-a,0.2295,28.9284,0,140.08,0.000869,4.8923,3.8903,7.6303,9.273,13.8768,140.0352,139.9584,0.1023,0.0194,134536.3535,118078.4549,cpu_stress,productcatalogservice,2026-06-09 16:25:00,2026-06-09 16:40:00,pre_fault,0.47744408,0
2026-06-09 16:24:20,260,EXP_FAULT_05,RUN_05,cpu_stress,1,currencyservice,currency-f05-06,online-boutique,node-a,0.2315,29.3566,0,135.6259,0.00155,4.3395,3.1736,7.0276,7.9937,11.7846,135.4711,135.4156,0.2092,0.001,139165.8319,139669.8574,cpu_stress,productcatalogservice,2026-06-09 16:25:00,2026-06-09 16:40:00,pre_fault,0.28966823,0
2026-06-09 16:24:25,265,EXP_FAULT_05,RUN_05,cpu_stress,1,currencyservice,currency-f05-06,online-boutique,node-a,0.223,29.2291,0,133.7777,0.001663,4.2357,3.097,6.3289,7.5297,10.6663,133.629,133.5552,0.2106,0.0118,154105.7435,105451.9318,cpu_stress,productcatalogservice,2026-06-09 16:25:00,2026-06-09 16:40:00,pre_fault,0.3149758,0
2026-06-09 16:24:30,270,EXP_FAULT_05,RUN_05,cpu_stress,1,currencyservice,currency-f05-06,online-boutique,node-a,0.2284,29.2544,0,136.3358,0.000664,4.3509,3.2172,7.0667,7.7075,11.6619,136.2718,136.2453,0.0507,0.0399,167773.5517,92944.1504,cpu_stress,productcatalogservice,2026-06-09 16:25:00,2026-06-09 16:40:00,pre_fault,0.12359631,0
2026-06-09 16:24:35,275,EXP_FAULT_05,RUN_05,cpu_stress,1,currencyservice,currency-f05-06,online-boutique,node-a,0.2269,28.2917,0,137.363,0.001739,4.0665,3.0311,6.4527,7.178,9.9378,137.2524,137.1242,0.2033,0.0356,166773.7864,94444.0431,cpu_stress,productcatalogservice,2026-06-09 16:25:00,2026-06-09 16:40:00,pre_fault,0.02478507,0
2026-06-09 16:24:40,280,EXP_FAULT_05,RUN_05,cpu_stress,1,currencyservice,currency-f05-06,online-boutique,node-a,0.2394,28.9262,0,136.87,0.001296,4.5865,3.6221,7.1211,8.8384,12.7686,136.7653,136.6927,0.155,0.0223,129158.9117,109141.5092,cpu_stress,productcatalogservice,2026-06-09 16:25:00,2026-06-09 16:40:00,pre_fault,0.50043976,0
2026-06-09 16:24:45,285,EXP_FAULT_05,RUN_05,cpu_stress,1,currencyservice,currency-f05-06,online-boutique,node-a,0.2313,28.9934,0,131.0842,0.001659,4.3754,3.2466,7.4015,7.7515,11.4842,130.979,130.8668,0.1735,0.0439,164751.2385,106014.3563,cpu_stress,productcatalogservice,2026-06-09 16:25:00,2026-06-09 16:40:00,pre_fault,0.41555327,0
2026-06-09 16:24:50,290,EXP_FAULT_05,RUN_05,cpu_stress,1,currencyservice,currency-f05-06,online-boutique,node-a,0.2188,29.1992,0,137.9731,0.000394,4.6576,3.6941,7.542,8.2281,13.2411,137.9366,137.9188,0.0447,0.0097,134979.5655,135142.6633,cpu_stress,productcatalogservice,2026-06-09 16:25:00,2026-06-09 16:40:00,pre_fault,0.6345533,0
2026-06-09 16:24:55,295,EXP_FAULT_05,RUN_05,cpu_stress,1,currencyservice,currency-f05-06,online-boutique,node-a,0.231,29.078,0,140.0113,0.000602,4.5921,3.2349,6.9135,9.0359,11.2179,139.9685,139.927,0.0415,0.0429,138314.289,129498.2731,cpu_stress,productcatalogservice,2026-06-09 16:25:00,2026-06-09 16:40:00,pre_fault,0.14460658,0
2026-06-09 16:25:00,300,EXP_FAULT_05,RUN_05,cpu_stress,1,currencyservice,currency-f05-06,online-boutique,node-a,0.226,29.0729,0,136.2149,0.003673,5.8795,3.9566,11.0675,14.7556,24.8794,128.6618,135.7146,0.154,0.3462,164138.6628,103924.064,cpu_stress,productcatalogservice,2026-06-09 16:25:00,2026-06-09 16:40:00,during_fault,12.996518,1
2026-06-09 16:25:05,305,EXP_FAULT_05,RUN_05,cpu_stress,1,currencyservice,currency-f05-06,online-boutique,node-a,0.2366,29.7165,0,141.8867,0.004276,5.9634,4.0439,11.065,16.999,25.8115,133.9702,141.28,0.2115,0.3952,167682.421,125573.8654,cpu_stress,productcatalogservice,2026-06-09 16:25:00,2026-06-09 16:40:00,during_fault,16.46807,1
2026-06-09 16:25:10,310,EXP_FAULT_05,RUN_05,cpu_stress,1,currencyservice,currency-f05-06,online-boutique,node-a,0.2357,29.5898,0,141.6321,0.003599,5.8783,4.0497,11.4383,15.3081,27.2624,133.8429,141.1224,0.1262,0.3835,123045.133,97257.954,cpu_stress,productcatalogservice,2026-06-09 16:25:00,2026-06-09 16:40:00,during_fault,12.404787,1
2026-06-09 16:25:15,315,EXP_FAULT_05,RUN_05,cpu_stress,1,currencyservice,currency-f05-06,online-boutique,node-a,0.2319,29.2442,0,141.3591,0.003467,5.3663,3.925,9.9438,15.0797,22.4557,133.6821,140.8691,0.1092,0.3808,170195.0694,134648.205,cpu_stress,productcatalogservice,2026-06-09 16:25:00,2026-06-09 16:40:00,during_fault,7.7652764,1
2026-06-09 16:25:20,320,EXP_FAULT_05,RUN_05,cpu_stress,1,currencyservice,currency-f05-06,online-boutique,node-a,0.2178,29.3766,0,137.7589,0.003068,5.8929,4.0541,11.3834,15.3965,23.5266,130.4089,137.3362,0.0589,0.3637,117938.1347,131571.3007,cpu_stress,productcatalogservice,2026-06-09 16:25:00,2026-06-09 16:40:00,during_fault,11.852105,1
2026-06-09 16:25:25,325,EXP_FAULT_05,RUN_05,cpu_stress,1,currencyservice,currency-f05-06,online-boutique,node-a,0.2364,29.514,0,140.5404,0.004012,5.6785,4.0702,11.2547,14.7084,24.2857,133.0782,139.9765,0.2119,0.3519,159994.78,100458.1876,cpu_stress,productcatalogservice,2026-06-09 16:25:00,2026-06-09 16:40:00,during_fault,12.370645,1
2026-06-09 16:25:30,330,EXP_FAULT_05,RUN_05,cpu_stress,1,currencyservice,currency-f05-06,online-boutique,node-a,0.229,28.9289,0,142.9893,0.003191,6.066,4.1325,11.1048,16.6538,26.5611,135.6188,142.533,0.0855,0.3708,182986.3223,127982.1585,cpu_stress,productcatalogservice,2026-06-09 16:25:00,2026-06-09 16:40:00,during_fault,11.447391,1
2026-06-09 16:25:35,335,EXP_FAULT_05,RUN_05,cpu_stress,1,currencyservice,currency-f05-06,online-boutique,node-a,0.2222,29.5702,0,150.3738,0.003484,5.6496,3.8315,10.1754,15.4124,23.705,142.7536,149.8499,0.1619,0.3621,165774.7237,141839.3994,cpu_stress,productcatalogservice,2026-06-09 16:25:00,2026-06-09 16:40:00,during_fault,10.86537,1
2026-06-09 16:25:40,340,EXP_FAULT_05,RUN_05,cpu_stress,1,currencyservice,currency-f05-06,online-boutique,node-a,0.2435,28.7201,0,146.8994,0.003146,5.3949,3.8293,9.4543,13.9709,20.8388,139.6645,146.4372,0.0901,0.372,182742.1979,99457.6261,cpu_stress,productcatalogservice,2026-06-09 16:25:00,2026-06-09 16:40:00,during_fault,5.2687883,1
2026-06-09 16:25:45,345,EXP_FAULT_05,RUN_05,cpu_stress,1,currencyservice,currency-f05-06,online-boutique,node-a,0.2362,29.0387,0,143.2243,0.004007,5.4829,4.1174,10.6423,13.3666,20.8586,136.3108,142.6504,0.225,0.3489,170432.7752,101959.3693,cpu_stress,productcatalogservice,2026-06-09 16:25:00,2026-06-09 16:40:00,during_fault,9.732822,1
2026-06-09 16:25:50,350,EXP_FAULT_05,RUN_05,cpu_stress,1,currencyservice,currency-f05-06,online-boutique,node-a,0.2494,29.4232,0,154.194,0.003617,5.4916,4.0893,10.5546,13.7269,23.7335,147.0416,153.6363,0.1967,0.361,137618.5372,159852.7099,cpu_stress,productcatalogservice,2026-06-09 16:25:00,2026-06-09 16:40:00,during_fault,7.415683,1
2026-06-09 16:25:55,355,EXP_FAULT_05,RUN_05,cpu_stress,1,currencyservice,currency-f05-06,online-boutique,node-a,0.2394,28.449,0,148.689,0.003516,5.0693,3.5746,9.3197,12.9937,18.5578,141.9971,148.1662,0.1829,0.3399,135230.5702,124851.8044,cpu_stress,productcatalogservice,2026-06-09 16:25:00,2026-06-09 16:40:00,during_fault,4.3143263,1
2026-06-09 16:26:00,360,EXP_FAULT_05,RUN_05,cpu_stress,1,currencyservice,currency-f05-06,online-boutique,node-a,0.2376,28.7423,0,148.1847,0.003332,5.4634,3.7707,10.0953,13.177,22.7074,141.7714,147.691,0.1679,0.3259,181465.7937,138120.0883,cpu_stress,productcatalogservice,2026-06-09 16:25:00,2026-06-09 16:40:00,during_fault,6.433323,1
2026-06-09 16:26:05,365,EXP_FAULT_05,RUN_05,cpu_stress,1,currencyservice,currency-f05-06,online-boutique,node-a,0.2506,29.8091,0,148.8422,0.003259,5.4988,4.0679,9.856,13.0039,22.8994,142.6488,148.3572,0.1776,0.3074,171890.2382,130946.2763,cpu_stress,productcatalogservice,2026-06-09 16:25:00,2026-06-09 16:40:00,during_fault,7.260891,1
2026-06-09 16:26:10,370,EXP_FAULT_05,RUN_05,cpu_stress,1,currencyservice,currency-f05-06,online-boutique,node-a,0.2342,30.0203,0,148.2574,0.002473,5.9413,3.9803,10.5509,15.5762,24.4092,142.3942,147.8908,0.0834,0.2832,156412.2721,141222.5482,cpu_stress,productcatalogservice,2026-06-09 16:25:00,2026-06-09 16:40:00,during_fault,9.023547,1
2026-06-09 16:26:15,375,EXP_FAULT_05,RUN_05,cpu_stress,1,currencyservice,currency-f05-06,online-boutique,node-a,0.2333,29.8213,0,150.5577,0.003176,5.7443,3.9447,11.191,14.9895,21.8296,144.8172,150.0795,0.2074,0.2709,141590.0315,152723.5683,cpu_stress,productcatalogservice,2026-06-09 16:25:00,2026-06-09 16:40:00,during_fault,9.621739,1
2026-06-09 16:26:20,380,EXP_FAULT_05,RUN_05,cpu_stress,1,currencyservice,currency-f05-06,online-boutique,node-a,0.2357,29.9542,0,150.8913,0.003184,5.3901,3.7141,9.1499,12.9832,21.8679,145.3625,150.4109,0.2047,0.2758,168264.8258,130865.8256,cpu_stress,productcatalogservice,2026-06-09 16:25:00,2026-06-09 16:40:00,during_fault,7.269374,1
2026-06-09 16:26:25,385,EXP_FAULT_05,RUN_05,cpu_stress,1,currencyservice,currency-f05-06,online-boutique,node-a,0.2426,29.2699,0,154.6275,0.002943,5.7975,4.2492,10.8506,14.0751,23.1718,149.1283,154.1724,0.1605,0.2946,187823.0769,126192.8264,cpu_stress,productcatalogservice,2026-06-09 16:25:00,2026-06-09 16:40:00,during_fault,7.312828,1
2026-06-09 16:26:30,390,EXP_FAULT_05,RUN_05,cpu_stress,1,currencyservice,currency-f05-06,online-boutique,node-a,0.246,29.1585,0,154.8972,0.002451,5.4103,4.1977,9.934,12.4335,20.0855,149.6457,154.5176,0.1176,0.262,168857.6903,106900.2337,cpu_stress,productcatalogservice,2026-06-09 16:25:00,2026-06-09 16:40:00,during_fault,3.5691864,1
2026-06-09 16:26:35,395,EXP_FAULT_05,RUN_05,cpu_stress,1,currencyservice,currency-f05-06,online-boutique,node-a,0.2268,28.9169,0,148.5612,0.002336,5.2498,3.7525,9.492,11.9354,18.4918,143.7535,148.2142,0.0876,0.2595,174226.3486,147517.2833,cpu_stress,productcatalogservice,2026-06-09 16:25:00,2026-06-09 16:40:00,during_fault,3.4675663,1
2026-06-09 16:26:40,400,EXP_FAULT_05,RUN_05,cpu_stress,1,currencyservice,currency-f05-06,online-boutique,node-a,0.2481,29.0626,0,154.0565,0.002114,5.4929,3.747,9.7838,14.1023,18.6532,149.2453,153.7308,0.0848,0.2409,151004.8365,141030.6736,cpu_stress,productcatalogservice,2026-06-09 16:25:00,2026-06-09 16:40:00,during_fault,3.1935627,1
2026-06-09 16:26:45,405,EXP_FAULT_05,RUN_05,cpu_stress,1,currencyservice,currency-f05-06,online-boutique,node-a,0.2288,29.2178,0,153.9899,0.001742,5.4264,4.1385,9.4397,12.0854,18.4168,149.3695,153.7217,0.0548,0.2134,133853.5657,137072.8294,cpu_stress,productcatalogservice,2026-06-09 16:25:00,2026-06-09 16:40:00,during_fault,2.982439,1
2026-06-09 16:26:50,410,EXP_FAULT_05,RUN_05,cpu_stress,1,currencyservice,currency-f05-06,online-boutique,node-a,0.2435,29.0297,0,152.1907,0.002192,5.1651,3.7736,9.2479,11.416,18.7999,147.685,151.8572,0.1146,0.2189,130261.8762,105943.5552,cpu_stress,productcatalogservice,2026-06-09 16:25:00,2026-06-09 16:40:00,during_fault,2.1673565,1
2026-06-09 16:26:55,415,EXP_FAULT_05,RUN_05,cpu_stress,1,currencyservice,currency-f05-06,online-boutique,node-a,0.2372,28.5431,0,152.6067,0.002451,4.9288,3.7085,8.5735,10.9863,17.0077,148.1529,152.2327,0.1299,0.2442,154350.6038,153228.9469,cpu_stress,productcatalogservice,2026-06-09 16:25:00,2026-06-09 16:40:00,during_fault,1.6032282,1
2026-06-09 16:27:00,420,EXP_FAULT_05,RUN_05,cpu_stress,1,currencyservice,currency-f05-06,online-boutique,node-a,0.2462,29.2108,0,148.2742,0.002583,5.4462,4.1709,9.7019,13.2578,17.7358,144.0627,147.8912,0.1473,0.2357,165076.1088,147935.3412,cpu_stress,productcatalogservice,2026-06-09 16:25:00,2026-06-09 16:40:00,during_fault,4.513978,1
2026-06-09 16:27:05,425,EXP_FAULT_05,RUN_05,cpu_stress,1,currencyservice,currency-f05-06,online-boutique,node-a,0.2368,29.4144,0,151.2353,0.002744,5.5048,4.2428,9.5966,12.9125,18.1226,146.9834,150.8203,0.2207,0.1942,127137.4335,139768.9036,cpu_stress,productcatalogservice,2026-06-09 16:25:00,2026-06-09 16:40:00,during_fault,5.6738486,1
2026-06-09 16:27:10,430,EXP_FAULT_05,RUN_05,cpu_stress,1,currencyservice,currency-f05-06,online-boutique,node-a,0.2329,28.9095,0,144.5886,0.002292,5.0816,3.7158,9.1039,11.4149,18.8335,140.5584,144.2573,0.1444,0.187,123188.189,123110.3651,cpu_stress,productcatalogservice,2026-06-09 16:25:00,2026-06-09 16:40:00,during_fault,2.544915,1
2026-06-09 16:27:15,435,EXP_FAULT_05,RUN_05,cpu_stress,1,currencyservice,currency-f05-06,online-boutique,node-a,0.2293,28.9546,0,149.14,0.002521,5.1098,3.6691,9.5392,12.4108,17.2615,144.897,148.764,0.1869,0.1891,123218.5231,116291.3561,cpu_stress,productcatalogservice,2026-06-09 16:25:00,2026-06-09 16:40:00,during_fault,3.1849513,1
2026-06-09 16:27:20,440,EXP_FAULT_05,RUN_05,cpu_stress,1,currencyservice,currency-f05-06,online-boutique,node-a,0.2391,29.404,0,145.0666,0.00288,5.0447,3.9306,9.6767,11.8142,18.1808,140.9314,144.6488,0.2207,0.1971,157853.7615,147172.2802,cpu_stress,productcatalogservice,2026-06-09 16:25:00,2026-06-09 16:40:00,during_fault,3.8466144,1
2026-06-09 16:27:25,445,EXP_FAULT_05,RUN_05,cpu_stress,1,currencyservice,currency-f05-06,online-boutique,node-a,0.2347,29.1022,0,148.515,0.002282,5.2822,4.0708,10.0632,12.1876,17.3293,144.2134,148.1761,0.1404,0.1986,157492.0298,113185.7678,cpu_stress,productcatalogservice,2026-06-09 16:25:00,2026-06-09 16:40:00,during_fault,3.2793648,1
2026-06-09 16:27:30,450,EXP_FAULT_05,RUN_05,cpu_stress,1,currencyservice,currency-f05-06,online-boutique,node-a,0.2455,28.9471,0,152.629,0.003091,5.274,3.5598,8.7212,13.1184,20.2581,148.107,152.1572,0.2388,0.2329,170145.0721,156842.7557,cpu_stress,productcatalogservice,2026-06-09 16:25:00,2026-06-09 16:40:00,during_fault,4.307441,1
2026-06-09 16:27:35,455,EXP_FAULT_05,RUN_05,cpu_stress,1,currencyservice,currency-f05-06,online-boutique,node-a,0.2516,29.5012,0,146.8645,0.002842,5.4883,3.8399,9.6078,12.9695,18.4208,142.3355,146.447,0.1852,0.2322,173252.852,129699.6234,cpu_stress,productcatalogservice,2026-06-09 16:25:00,2026-06-09 16:40:00,during_fault,5.73266,1
2026-06-09 16:27:40,460,EXP_FAULT_05,RUN_05,cpu_stress,1,currencyservice,currency-f05-06,online-boutique,node-a,0.2317,29.3057,0,147.306,0.002467,5.6323,4.2834,10.2619,12.5656,22.2515,142.6646,146.9426,0.1443,0.2191,148388.4784,136355.3972,cpu_stress,productcatalogservice,2026-06-09 16:25:00,2026-06-09 16:40:00,during_fault,5.9972672,1
2026-06-09 16:27:45,465,EXP_FAULT_05,RUN_05,cpu_stress,1,currencyservice,currency-f05-06,online-boutique,node-a,0.2397,28.9669,0,154.4503,0.002706,4.8662,3.5438,8.325,11.7568,16.7496,149.4187,154.0324,0.1631,0.2548,166479.1893,142743.1665,cpu_stress,productcatalogservice,2026-06-09 16:25:00,2026-06-09 16:40:00,during_fault,1.9875542,1
2026-06-09 16:27:50,470,EXP_FAULT_05,RUN_05,cpu_stress,1,currencyservice,currency-f05-06,online-boutique,node-a,0.2365,29.0845,0,149.3819,0.002993,5.0568,3.5188,9.8258,11.5361,19.147,144.314,148.9348,0.209,0.238,154196.8922,120258.1278,cpu_stress,productcatalogservice,2026-06-09 16:25:00,2026-06-09 16:40:00,during_fault,3.7647452,1
2026-06-09 16:27:55,475,EXP_FAULT_05,RUN_05,cpu_stress,1,currencyservice,currency-f05-06,online-boutique,node-a,0.2302,28.8852,0,151.3343,0.002724,4.7033,3.5171,8.5793,11.9863,18.4404,146.0275,150.922,0.1375,0.2748,155702.4437,131400.0816,cpu_stress,productcatalogservice,2026-06-09 16:25:00,2026-06-09 16:40:00,during_fault,1.9923985,1
2026-06-09 16:28:00,480,EXP_FAULT_05,RUN_05,cpu_stress,1,currencyservice,currency-f05-06,online-boutique,node-a,0.2359,29.1889,0,154.3151,0.002432,5.4304,3.6206,10.5814,13.9321,20.499,148.7032,153.9397,0.0845,0.2908,186242.2868,146435.8852,cpu_stress,productcatalogservice,2026-06-09 16:25:00,2026-06-09 16:40:00,during_fault,4.0745277,1
2026-06-09 16:28:05,485,EXP_FAULT_05,RUN_05,cpu_stress,1,currencyservice,currency-f05-06,online-boutique,node-a,0.2358,28.886,0,154.3453,0.003233,5.9824,4.3039,11.5555,15.017,24.5164,148.4225,153.8463,0.2241,0.2749,133172.934,160453.9383,cpu_stress,productcatalogservice,2026-06-09 16:25:00,2026-06-09 16:40:00,during_fault,9.480265,1
2026-06-09 16:28:10,490,EXP_FAULT_05,RUN_05,cpu_stress,1,currencyservice,currency-f05-06,online-boutique,node-a,0.2433,28.9828,0,156.1108,0.002899,5.5073,3.9872,9.6389,13.7728,19.9331,149.8881,155.6583,0.1235,0.3291,130466.4871,136998.6127,cpu_stress,productcatalogservice,2026-06-09 16:25:00,2026-06-09 16:40:00,during_fault,4.962041,1
2026-06-09 16:28:15,495,EXP_FAULT_05,RUN_05,cpu_stress,1,currencyservice,currency-f05-06,online-boutique,node-a,0.2483,29.8497,0,151.672,0.003011,5.9605,4.0836,10.7388,14.249,25.6697,145.3926,151.2152,0.1688,0.2879,129610.3823,108915.5798,cpu_stress,productcatalogservice,2026-06-09 16:25:00,2026-06-09 16:40:00,during_fault,9.583809,1
2026-06-09 16:28:20,500,EXP_FAULT_05,RUN_05,cpu_stress,1,currencyservice,currency-f05-06,online-boutique,node-a,0.2303,28.9976,0,155.2659,0.003099,5.4104,4.0848,9.7322,14.0844,22.1958,148.6019,154.7848,0.1388,0.3423,154885.1214,120194.2922,cpu_stress,productcatalogservice,2026-06-09 16:25:00,2026-06-09 16:40:00,during_fault,5.9416723,1
2026-06-09 16:28:25,505,EXP_FAULT_05,RUN_05,cpu_stress,1,currencyservice,currency-f05-06,online-boutique,node-a,0.2296,29.3541,0,156.7915,0.002852,5.7557,4.3,11.1825,14.0067,23.0783,149.8318,156.3443,0.1169,0.3303,149457.3825,131112.3371,cpu_stress,productcatalogservice,2026-06-09 16:25:00,2026-06-09 16:40:00,during_fault,7.7029586,1
2026-06-09 16:28:30,510,EXP_FAULT_05,RUN_05,cpu_stress,1,currencyservice,currency-f05-06,online-boutique,node-a,0.2379,29.9604,0,156.0323,0.002913,5.6228,4.2977,11.3866,13.5858,25.0028,148.8193,155.5777,0.113,0.3416,174381.8382,152541.7959,cpu_stress,productcatalogservice,2026-06-09 16:25:00,2026-06-09 16:40:00,during_fault,7.3734193,1
2026-06-09 16:28:35,515,EXP_FAULT_05,RUN_05,cpu_stress,1,currencyservice,currency-f05-06,online-boutique,node-a,0.2262,28.8557,0,160.9345,0.003775,5.79,4.383,10.2601,14.0351,23.1462,153.2244,160.327,0.2204,0.3871,161343.6358,115188.4709,cpu_stress,productcatalogservice,2026-06-09 16:25:00,2026-06-09 16:40:00,during_fault,10.831694,1
2026-06-09 16:28:40,520,EXP_FAULT_05,RUN_05,cpu_stress,1,currencyservice,currency-f05-06,online-boutique,node-a,0.2415,28.5294,0,168.2539,0.003531,5.781,4.0611,11.1373,16.4136,26.0144,159.9222,167.6599,0.1709,0.4232,160961.5507,160495.8435,cpu_stress,productcatalogservice,2026-06-09 16:25:00,2026-06-09 16:40:00,during_fault,7.3538437,1
2026-06-09 16:28:45,525,EXP_FAULT_05,RUN_05,cpu_stress,1,currencyservice,currency-f05-06,online-boutique,node-a,0.2567,29.392,0,161.9408,0.002665,5.7585,3.805,10.8478,15.5094,26.0887,153.8136,161.5092,0.0628,0.3688,168860.4692,131184.7305,cpu_stress,productcatalogservice,2026-06-09 16:25:00,2026-06-09 16:40:00,during_fault,5.390376,1
2026-06-09 16:28:50,530,EXP_FAULT_05,RUN_05,cpu_stress,1,currencyservice,currency-f05-06,online-boutique,node-a,0.237,29.2753,0,166.9909,0.003126,5.7196,3.7938,10.6331,14.5339,24.4034,158.4089,166.4689,0.1065,0.4155,187862.529,152994.282,cpu_stress,productcatalogservice,2026-06-09 16:25:00,2026-06-09 16:40:00,during_fault,7.163493,1
2026-06-09 16:28:55,535,EXP_FAULT_05,RUN_05,cpu_stress,1,currencyservice,currency-f05-06,online-boutique,node-a,0.2489,29.6476,0,170.0849,0.004154,6.0424,3.9719,12.4194,15.6567,26.5245,161.0443,169.3784,0.2656,0.4409,184240.567,148813.8273,cpu_stress,productcatalogservice,2026-06-09 16:25:00,2026-06-09 16:40:00,during_fault,12.954514,1
2026-06-09 16:29:00,540,EXP_FAULT_05,RUN_05,cpu_stress,1,currencyservice,currency-f05-06,online-boutique,node-a,0.2392,29.3942,0,166.8529,0.003108,5.8306,4.4075,11.9006,14.8161,22.9652,157.9421,166.3344,0.1106,0.4079,212691.9898,117838.5424,cpu_stress,productcatalogservice,2026-06-09 16:25:00,2026-06-09 16:40:00,during_fault,7.796138,1
2026-06-09 16:29:05,545,EXP_FAULT_05,RUN_05,cpu_stress,1,currencyservice,currency-f05-06,online-boutique,node-a,0.2355,29.8236,0,165.624,0.003754,5.8717,4.3146,11.2657,14.593,22.6781,156.5714,165.0023,0.1709,0.4507,158963.2302,158691.518,cpu_stress,productcatalogservice,2026-06-09 16:25:00,2026-06-09 16:40:00,during_fault,11.882507,1
2026-06-09 16:29:10,550,EXP_FAULT_05,RUN_05,cpu_stress,1,currencyservice,currency-f05-06,online-boutique,node-a,0.2399,29.3671,0,169.7563,0.003184,6.1162,4.0309,12.511,15.5168,25.1202,160.4654,169.2158,0.1109,0.4296,145786.6261,168807.4637,cpu_stress,productcatalogservice,2026-06-09 16:25:00,2026-06-09 16:40:00,during_fault,9.791064,1
2026-06-09 16:29:15,555,EXP_FAULT_05,RUN_05,cpu_stress,1,currencyservice,currency-f05-06,online-boutique,node-a,0.2448,28.7992,0,167.0371,0.00378,5.2255,3.6452,9.5768,13.0787,22.0211,157.7348,166.4056,0.1805,0.4509,205234.0043,139755.7115,cpu_stress,productcatalogservice,2026-06-09 16:25:00,2026-06-09 16:40:00,during_fault,5.078017,1
2026-06-09 16:29:20,560,EXP_FAULT_05,RUN_05,cpu_stress,1,currencyservice,currency-f05-06,online-boutique,node-a,0.235,29.1552,0,167.6538,0.003177,5.7951,4.3913,11.3403,15.1816,24.1048,158.3716,167.1211,0.0624,0.4702,164504.4679,169291.4653,cpu_stress,productcatalogservice,2026-06-09 16:25:00,2026-06-09 16:40:00,during_fault,7.7819963,1
2026-06-09 16:29:25,565,EXP_FAULT_05,RUN_05,cpu_stress,1,currencyservice,currency-f05-06,online-boutique,node-a,0.2435,28.8484,0,173.151,0.003276,5.7996,3.9724,11.9696,14.6827,23.6766,163.5777,172.5838,0.1221,0.4451,146894.8843,132328.9231,cpu_stress,productcatalogservice,2026-06-09 16:25:00,2026-06-09 16:40:00,during_fault,6.688864,1
2026-06-09 16:29:30,570,EXP_FAULT_05,RUN_05,cpu_stress,1,currencyservice,currency-f05-06,online-boutique,node-a,0.2426,29.2262,0,171.7114,0.00396,5.9653,4.3779,12.0034,15.6747,27.6066,162.1349,171.0314,0.1989,0.4811,159044.539,121298.0462,cpu_stress,productcatalogservice,2026-06-09 16:25:00,2026-06-09 16:40:00,during_fault,11.19379,1
2026-06-09 16:29:35,575,EXP_FAULT_05,RUN_05,cpu_stress,1,currencyservice,currency-f05-06,online-boutique,node-a,0.2444,28.4796,0,174.1235,0.003097,6.2448,4.4087,11.4029,16.9443,25.8637,164.5874,173.5842,0.068,0.4713,206827.2928,169570.8446,cpu_stress,productcatalogservice,2026-06-09 16:25:00,2026-06-09 16:40:00,during_fault,8.234373,1
2026-06-09 16:29:40,580,EXP_FAULT_05,RUN_05,cpu_stress,1,currencyservice,currency-f05-06,online-boutique,node-a,0.233,29.5545,0,166.1278,0.003427,6.0972,4.6102,11.7557,17.4414,28.0996,157.0784,165.5584,0.161,0.4084,188855.0717,167103.0976,cpu_stress,productcatalogservice,2026-06-09 16:25:00,2026-06-09 16:40:00,during_fault,11.932559,1
2026-06-09 16:29:45,585,EXP_FAULT_05,RUN_05,cpu_stress,1,currencyservice,currency-f05-06,online-boutique,node-a,0.2498,29.5577,0,173.6781,0.003404,5.9508,4.036,11.4375,14.9868,26.5219,164.3543,173.0868,0.134,0.4572,177787.5408,136170.4858,cpu_stress,productcatalogservice,2026-06-09 16:25:00,2026-06-09 16:40:00,during_fault,8.659952,1
2026-06-09 16:29:50,590,EXP_FAULT_05,RUN_05,cpu_stress,1,currencyservice,currency-f05-06,online-boutique,node-a,0.2422,29.4355,0,163.9569,0.003207,6.0359,4.4478,12.1884,14.88,26.715,155.3121,163.4311,0.0923,0.4335,209758.3126,134342.6114,cpu_stress,productcatalogservice,2026-06-09 16:25:00,2026-06-09 16:40:00,during_fault,9.555805,1
2026-06-09 16:29:55,595,EXP_FAULT_05,RUN_05,cpu_stress,1,currencyservice,currency-f05-06,online-boutique,node-a,0.2309,29.3163,0,167.4767,0.002694,5.8447,4.0854,11.0214,15.9882,26.2702,158.8907,167.0256,0.0541,0.397,145524.7248,144859.1297,cpu_stress,productcatalogservice,2026-06-09 16:25:00,2026-06-09 16:40:00,during_fault,7.140307,1
2026-06-09 16:30:00,600,EXP_FAULT_05,RUN_05,cpu_stress,1,currencyservice,currency-f05-06,online-boutique,node-a,0.2319,29.2014,0,160.8507,0.003074,6.3353,4.6779,11.9674,16.5143,25.3567,152.771,160.3562,0.0845,0.41,158089.8923,121723.9552,cpu_stress,productcatalogservice,2026-06-09 16:25:00,2026-06-09 16:40:00,during_fault,12.15304,1
2026-06-09 16:30:05,605,EXP_FAULT_05,RUN_05,cpu_stress,1,currencyservice,currency-f05-06,online-boutique,node-a,0.2329,28.8337,0,168.4743,0.003203,5.401,3.7412,10.0854,14.7299,24.0945,160.1827,167.9347,0.1506,0.389,149030.7029,132414.5199,cpu_stress,productcatalogservice,2026-06-09 16:25:00,2026-06-09 16:40:00,during_fault,5.370438,1
2026-06-09 16:30:10,610,EXP_FAULT_05,RUN_05,cpu_stress,1,currencyservice,currency-f05-06,online-boutique,node-a,0.2411,29.0447,0,169.8133,0.00325,5.95,4.5392,11.5135,16.554,24.6831,161.7158,169.2614,0.1498,0.402,153221.428,157688.1374,cpu_stress,productcatalogservice,2026-06-09 16:25:00,2026-06-09 16:40:00,during_fault,8.19373,1
2026-06-09 16:30:15,615,EXP_FAULT_05,RUN_05,cpu_stress,1,currencyservice,currency-f05-06,online-boutique,node-a,0.2382,29.8672,0,162.2946,0.002481,6.1878,4.5393,12.5715,16.8822,25.5955,154.8384,161.8919,0.0496,0.3531,165290.1086,144682.8847,cpu_stress,productcatalogservice,2026-06-09 16:25:00,2026-06-09 16:40:00,during_fault,9.35134,1
2026-06-09 16:30:20,620,EXP_FAULT_05,RUN_05,cpu_stress,1,currencyservice,currency-f05-06,online-boutique,node-a,0.2456,29.6363,0,162.7347,0.003081,5.2956,3.5117,9.4065,13.0976,20.1459,155.4605,162.2333,0.1221,0.3792,197868.922,146456.6203,cpu_stress,productcatalogservice,2026-06-09 16:25:00,2026-06-09 16:40:00,during_fault,4.6923094,1
2026-06-09 16:30:25,625,EXP_FAULT_05,RUN_05,cpu_stress,1,currencyservice,currency-f05-06,online-boutique,node-a,0.2439,29.6245,0,163.7181,0.002747,5.5015,3.6135,11.0692,14.0421,19.9527,156.7065,163.2684,0.084,0.3657,164365.8656,163697.37,cpu_stress,productcatalogservice,2026-06-09 16:25:00,2026-06-09 16:40:00,during_fault,4.879423,1
2026-06-09 16:30:30,630,EXP_FAULT_05,RUN_05,cpu_stress,1,currencyservice,currency-f05-06,online-boutique,node-a,0.2397,28.8466,0,157.5437,0.002979,5.0623,3.4657,9.2098,11.8703,21.4597,150.9988,157.0743,0.1751,0.2943,197108.5707,121140.6041,cpu_stress,productcatalogservice,2026-06-09 16:25:00,2026-06-09 16:40:00,during_fault,3.0450833,1
2026-06-09 16:30:35,635,EXP_FAULT_05,RUN_05,cpu_stress,1,currencyservice,currency-f05-06,online-boutique,node-a,0.2364,29.3828,0,157.0626,0.002994,5.4841,4.0158,10.243,14.4787,21.6373,150.8255,156.5924,0.1413,0.3289,147112.5382,155093.4602,cpu_stress,productcatalogservice,2026-06-09 16:25:00,2026-06-09 16:40:00,during_fault,5.983916,1
2026-06-09 16:30:40,640,EXP_FAULT_05,RUN_05,cpu_stress,1,currencyservice,currency-f05-06,online-boutique,node-a,0.2263,29.46,0,159.8797,0.002788,5.3424,3.8868,9.0566,12.5925,19.487,153.7861,159.434,0.156,0.2897,177382.4886,128289.0011,cpu_stress,productcatalogservice,2026-06-09 16:25:00,2026-06-09 16:40:00,during_fault,5.4904156,1
2026-06-09 16:30:45,645,EXP_FAULT_05,RUN_05,cpu_stress,1,currencyservice,currency-f05-06,online-boutique,node-a,0.2413,28.7766,0,159.7604,0.002293,5.3027,3.8364,10.2978,12.9305,20.5836,153.9269,159.3941,0.0623,0.304,149251.0907,134498.14,cpu_stress,productcatalogservice,2026-06-09 16:25:00,2026-06-09 16:40:00,during_fault,2.370889,1
2026-06-09 16:30:50,650,EXP_FAULT_05,RUN_05,cpu_stress,1,currencyservice,currency-f05-06,online-boutique,node-a,0.2368,29.2219,0,151.1783,0.002745,5.6081,3.8529,10.9043,14.186,19.5637,145.8829,150.7633,0.1752,0.2399,168952.3436,108890.4412,cpu_stress,productcatalogservice,2026-06-09 16:25:00,2026-06-09 16:40:00,during_fault,6.0208488,1
2026-06-09 16:30:55,655,EXP_FAULT_05,RUN_05,cpu_stress,1,currencyservice,currency-f05-06,online-boutique,node-a,0.2393,29.3914,0,155.8883,0.003433,5.3189,3.7824,10.2909,12.5907,19.8812,150.5844,155.3531,0.2483,0.2868,154390.4396,114404.0062,cpu_stress,productcatalogservice,2026-06-09 16:25:00,2026-06-09 16:40:00,during_fault,6.2418594,1
2026-06-09 16:31:00,660,EXP_FAULT_05,RUN_05,cpu_stress,1,currencyservice,currency-f05-06,online-boutique,node-a,0.2316,29.1061,0,162.6733,0.001969,6.0149,4.3294,11.2757,14.8897,24.1654,157.4284,162.353,0.0741,0.2462,164324.1783,124141.0886,cpu_stress,productcatalogservice,2026-06-09 16:25:00,2026-06-09 16:40:00,during_fault,5.876504,1
2026-06-09 16:31:05,665,EXP_FAULT_05,RUN_05,cpu_stress,1,currencyservice,currency-f05-06,online-boutique,node-a,0.255,28.9808,0,154.9218,0.002975,5.4122,3.9304,9.0561,12.4192,21.5777,150.0188,154.4609,0.2301,0.2308,156939.0971,130868.7174,cpu_stress,productcatalogservice,2026-06-09 16:25:00,2026-06-09 16:40:00,during_fault,4.3870335,1
2026-06-09 16:31:10,670,EXP_FAULT_05,RUN_05,cpu_stress,1,currencyservice,currency-f05-06,online-boutique,node-a,0.2472,29.5115,0,167.5917,0.002685,5.4029,3.8076,10.3337,12.6872,19.5145,162.4793,167.1417,0.1875,0.2625,185753.6418,117268.0087,cpu_stress,productcatalogservice,2026-06-09 16:25:00,2026-06-09 16:40:00,during_fault,3.7468696,1
2026-06-09 16:31:15,675,EXP_FAULT_05,RUN_05,cpu_stress,1,currencyservice,currency-f05-06,online-boutique,node-a,0.2453,29.343,0,157.7579,0.002046,4.9143,3.3596,8.3462,11.5085,18.2287,153.1309,157.4352,0.0641,0.2587,184527.4757,120833.2072,cpu_stress,productcatalogservice,2026-06-09 16:25:00,2026-06-09 16:40:00,during_fault,1.1439899,1
2026-06-09 16:31:20,680,EXP_FAULT_05,RUN_05,cpu_stress,1,currencyservice,currency-f05-06,online-boutique,node-a,0.2435,29.455,0,158.1009,0.002251,5.3312,3.6496,8.8221,12.2637,18.074,153.5308,157.745,0.1153,0.2406,186137.8269,154915.5015,cpu_stress,productcatalogservice,2026-06-09 16:25:00,2026-06-09 16:40:00,during_fault,3.0009246,1
2026-06-09 16:31:25,685,EXP_FAULT_05,RUN_05,cpu_stress,1,currencyservice,currency-f05-06,online-boutique,node-a,0.2432,29.2935,0,158.1712,0.002532,5.1082,3.7639,9.592,12.3371,17.4744,153.6592,157.7706,0.1568,0.2438,159941.3827,143739.1139,cpu_stress,productcatalogservice,2026-06-09 16:25:00,2026-06-09 16:40:00,during_fault,2.5287428,1
2026-06-09 16:31:30,690,EXP_FAULT_05,RUN_05,cpu_stress,1,currencyservice,currency-f05-06,online-boutique,node-a,0.2357,28.8831,0,161.5165,0.001728,5.3233,3.8983,9.5789,13.3982,17.6709,157.0093,161.2374,0.0456,0.2335,203783.1753,134936.5662,cpu_stress,productcatalogservice,2026-06-09 16:25:00,2026-06-09 16:40:00,during_fault,1.7383995,1
2026-06-09 16:31:35,695,EXP_FAULT_05,RUN_05,cpu_stress,1,currencyservice,currency-f05-06,online-boutique,node-a,0.2457,29.0747,0,161.8948,0.002931,4.6371,3.5588,7.7551,10.5876,15.0701,157.2883,161.4203,0.2487,0.2258,139139.6076,160788.2704,cpu_stress,productcatalogservice,2026-06-09 16:25:00,2026-06-09 16:40:00,during_fault,1.3303229,1
2026-06-09 16:31:40,700,EXP_FAULT_05,RUN_05,cpu_stress,1,currencyservice,currency-f05-06,online-boutique,node-a,0.2422,29.0326,0,156.8064,0.001979,5.0486,3.818,8.7122,11.6672,18.513,152.4109,156.4961,0.1006,0.2097,168717.3397,123533.1145,cpu_stress,productcatalogservice,2026-06-09 16:25:00,2026-06-09 16:40:00,during_fault,1.3196375,1
2026-06-09 16:31:45,705,EXP_FAULT_05,RUN_05,cpu_stress,1,currencyservice,currency-f05-06,online-boutique,node-a,0.2516,30.1034,0,158.2956,0.002002,4.3344,3.346,7.8132,10.3499,14.1827,153.8124,157.9786,0.0988,0.2181,182118.3549,144361.1546,cpu_stress,productcatalogservice,2026-06-09 16:25:00,2026-06-09 16:40:00,during_fault,0.2746798,0
2026-06-09 16:31:50,710,EXP_FAULT_05,RUN_05,cpu_stress,1,currencyservice,currency-f05-06,online-boutique,node-a,0.2438,29.1093,0,163.8544,0.002623,5.1914,3.9962,9.4866,11.5682,18.9025,159.1135,163.4246,0.2147,0.2152,148248.1151,154051.6125,cpu_stress,productcatalogservice,2026-06-09 16:25:00,2026-06-09 16:40:00,during_fault,2.6361272,1
2026-06-09 16:31:55,715,EXP_FAULT_05,RUN_05,cpu_stress,1,currencyservice,currency-f05-06,online-boutique,node-a,0.2336,29.5068,0,168.1202,0.003046,5.7793,3.9546,10.1505,14.1782,19.1701,163.0392,167.6081,0.2535,0.2586,192484.0083,174478.1117,cpu_stress,productcatalogservice,2026-06-09 16:25:00,2026-06-09 16:40:00,during_fault,7.9174986,1
2026-06-09 16:32:00,720,EXP_FAULT_05,RUN_05,cpu_stress,1,currencyservice,currency-f05-06,online-boutique,node-a,0.227,28.9758,0,158.8582,0.002334,5.0631,3.8497,9.4749,12.1073,17.3315,154.0606,158.4875,0.1007,0.27,189102.1684,139845.5065,cpu_stress,productcatalogservice,2026-06-09 16:25:00,2026-06-09 16:40:00,during_fault,2.5786166,1
2026-06-09 16:32:05,725,EXP_FAULT_05,RUN_05,cpu_stress,1,currencyservice,currency-f05-06,online-boutique,node-a,0.2387,29.7813,0,163.7175,0.00269,5.7193,4.1562,9.7789,13.2589,21.1568,158.5302,163.2772,0.1914,0.2489,192699.1614,129336.1386,cpu_stress,productcatalogservice,2026-06-09 16:25:00,2026-06-09 16:40:00,during_fault,6.520447,1
2026-06-09 16:32:10,730,EXP_FAULT_05,RUN_05,cpu_stress,1,currencyservice,currency-f05-06,online-boutique,node-a,0.23,28.879,0,161.8539,0.002483,5.8015,4.1243,9.913,13.8682,22.847,156.597,161.452,0.1233,0.2786,144872.6287,111027.96,cpu_stress,productcatalogservice,2026-06-09 16:25:00,2026-06-09 16:40:00,during_fault,5.8751564,1
2026-06-09 16:32:15,735,EXP_FAULT_05,RUN_05,cpu_stress,1,currencyservice,currency-f05-06,online-boutique,node-a,0.2353,29.1444,0,160.669,0.002171,5.2744,3.7198,10.3162,12.2899,19.1825,155.2656,160.3203,0.0955,0.2533,134596.391,114003.9349,cpu_stress,productcatalogservice,2026-06-09 16:25:00,2026-06-09 16:40:00,during_fault,2.5855854,1
2026-06-09 16:32:20,740,EXP_FAULT_05,RUN_05,cpu_stress,1,currencyservice,currency-f05-06,online-boutique,node-a,0.2386,29.4736,0,159.1417,0.002655,5.2448,3.6409,9.7926,13.6554,20.5783,153.5408,158.7193,0.1439,0.2786,185133.8364,139535.5291,cpu_stress,productcatalogservice,2026-06-09 16:25:00,2026-06-09 16:40:00,during_fault,3.7244408,1
2026-06-09 16:32:25,745,EXP_FAULT_05,RUN_05,cpu_stress,1,currencyservice,currency-f05-06,online-boutique,node-a,0.2388,28.6485,0,160.8213,0.002833,5.3497,3.9478,10.3136,14.2761,20.5543,154.8855,160.3657,0.1697,0.2859,198994.2383,161084.228,cpu_stress,productcatalogservice,2026-06-09 16:25:00,2026-06-09 16:40:00,during_fault,3.6688926,1
2026-06-09 16:32:30,750,EXP_FAULT_05,RUN_05,cpu_stress,1,currencyservice,currency-f05-06,online-boutique,node-a,0.2397,28.8288,0,156.2397,0.002306,5.1103,3.6796,9.2906,12.8145,19.2916,150.2975,155.8793,0.0814,0.279,164757.4002,122220.3729,cpu_stress,productcatalogservice,2026-06-09 16:25:00,2026-06-09 16:40:00,during_fault,1.9453137,1
2026-06-09 16:32:35,755,EXP_FAULT_05,RUN_05,cpu_stress,1,currencyservice,currency-f05-06,online-boutique,node-a,0.2425,28.992,0,155.7143,0.002678,5.5212,4.0217,9.6314,14.7044,19.944,149.5552,155.2973,0.108,0.3089,146504.4762,128546.6551,cpu_stress,productcatalogservice,2026-06-09 16:25:00,2026-06-09 16:40:00,during_fault,4.5284176,1
2026-06-09 16:32:40,760,EXP_FAULT_05,RUN_05,cpu_stress,1,currencyservice,currency-f05-06,online-boutique,node-a,0.2558,29.3399,0,160.0631,0.002458,5.5292,3.8587,10.0251,15.1191,21.3242,153.4654,159.6696,0.0668,0.3267,154107.7527,150280.1728,cpu_stress,productcatalogservice,2026-06-09 16:25:00,2026-06-09 16:40:00,during_fault,3.8168952,1
2026-06-09 16:32:45,765,EXP_FAULT_05,RUN_05,cpu_stress,1,currencyservice,currency-f05-06,online-boutique,node-a,0.2272,29.0013,0,160.3996,0.002742,5.3883,3.7359,10.8552,14.4777,22.665,153.5437,159.9597,0.121,0.3189,194308.1177,156185.5686,cpu_stress,productcatalogservice,2026-06-09 16:25:00,2026-06-09 16:40:00,during_fault,4.8986473,1
2026-06-09 16:32:50,770,EXP_FAULT_05,RUN_05,cpu_stress,1,currencyservice,currency-f05-06,online-boutique,node-a,0.255,29.3046,0,155.2923,0.002871,5.3165,3.8923,9.8612,14.1593,19.6871,148.3746,154.8464,0.0889,0.3569,150149.1399,103721.9147,cpu_stress,productcatalogservice,2026-06-09 16:25:00,2026-06-09 16:40:00,during_fault,3.9835618,1
2026-06-09 16:32:55,775,EXP_FAULT_05,RUN_05,cpu_stress,1,currencyservice,currency-f05-06,online-boutique,node-a,0.2322,29.4217,0,153.2304,0.002497,5.7308,4.2457,11.4053,14.5465,24.623,146.2029,152.8477,0.0506,0.3321,167032.163,132460.7923,cpu_stress,productcatalogservice,2026-06-09 16:25:00,2026-06-09 16:40:00,during_fault,6.495836,1
2026-06-09 16:33:00,780,EXP_FAULT_05,RUN_05,cpu_stress,1,currencyservice,currency-f05-06,online-boutique,node-a,0.2391,29.6768,0,154.3279,0.003636,5.2655,3.9307,9.6905,13.3408,20.8235,146.8955,153.7669,0.2208,0.3403,141031.0972,108175.5331,cpu_stress,productcatalogservice,2026-06-09 16:25:00,2026-06-09 16:40:00,during_fault,7.122548,1
2026-06-09 16:33:05,785,EXP_FAULT_05,RUN_05,cpu_stress,1,currencyservice,currency-f05-06,online-boutique,node-a,0.2371,29.4867,0,150.9633,0.003632,5.6625,3.9669,10.5913,14.75,23.4898,143.5462,150.415,0.2074,0.341,150356.231,102673.7377,cpu_stress,productcatalogservice,2026-06-09 16:25:00,2026-06-09 16:40:00,during_fault,9.811099,1
2026-06-09 16:33:10,790,EXP_FAULT_05,RUN_05,cpu_stress,1,currencyservice,currency-f05-06,online-boutique,node-a,0.2327,28.9167,0,154.584,0.00287,6.1517,4.0636,11.8932,16.4868,24.4797,146.8334,154.1403,0.0561,0.3876,175706.5748,130534.2184,cpu_stress,productcatalogservice,2026-06-09 16:25:00,2026-06-09 16:40:00,during_fault,9.701925,1
2026-06-09 16:33:15,795,EXP_FAULT_05,RUN_05,cpu_stress,1,currencyservice,currency-f05-06,online-boutique,node-a,0.2344,29.2268,0,147.0963,0.00381,6.0883,4.4699,11.835,16.8675,24.0582,139.4346,146.5358,0.2144,0.3461,141213.2884,112898.6013,cpu_stress,productcatalogservice,2026-06-09 16:25:00,2026-06-09 16:40:00,during_fault,14.036341,1
2026-06-09 16:33:20,800,EXP_FAULT_05,RUN_05,cpu_stress,1,currencyservice,currency-f05-06,online-boutique,node-a,0.2319,29.3408,0,145.4155,0.003685,5.5799,4.1021,11.4103,15.8138,22.7649,137.7627,144.8796,0.1628,0.3731,180240.2131,103081.3134,cpu_stress,productcatalogservice,2026-06-09 16:25:00,2026-06-09 16:40:00,during_fault,9.96303,1
2026-06-09 16:33:25,805,EXP_FAULT_05,RUN_05,cpu_stress,1,currencyservice,currency-f05-06,online-boutique,node-a,0.2366,29.5164,0,146.662,0.004156,5.4986,3.9695,9.9674,14.8648,22.1821,138.7846,146.0525,0.2207,0.3887,140209.9812,97056.853,cpu_stress,productcatalogservice,2026-06-09 16:25:00,2026-06-09 16:40:00,during_fault,11.061186,1
2026-06-09 16:33:30,810,EXP_FAULT_05,RUN_05,cpu_stress,1,currencyservice,currency-f05-06,online-boutique,node-a,0.2417,29.2531,0,146.8033,0.003641,5.7793,3.9187,11.4249,14.592,24.7093,138.796,146.2688,0.1455,0.389,152386.1715,134465.5973,cpu_stress,productcatalogservice,2026-06-09 16:25:00,2026-06-09 16:40:00,during_fault,10.260729,1
2026-06-09 16:33:35,815,EXP_FAULT_05,RUN_05,cpu_stress,1,currencyservice,currency-f05-06,online-boutique,node-a,0.2485,29.1914,0,142.5291,0.003109,5.5701,4.064,10.6714,14.0665,25.3782,134.7449,142.086,0.0642,0.3789,129054.3854,140805.8545,cpu_stress,productcatalogservice,2026-06-09 16:25:00,2026-06-09 16:40:00,during_fault,6.9786177,1
2026-06-09 16:33:40,820,EXP_FAULT_05,RUN_05,cpu_stress,1,currencyservice,currency-f05-06,online-boutique,node-a,0.224,29.3453,0,142.6377,0.003346,5.7724,3.7974,11.7119,16.0976,23.9482,134.7583,142.1605,0.078,0.3993,129471.2488,130209.771,cpu_stress,productcatalogservice,2026-06-09 16:25:00,2026-06-09 16:40:00,during_fault,11.002293,1
2026-06-09 16:33:45,825,EXP_FAULT_05,RUN_05,cpu_stress,1,currencyservice,currency-f05-06,online-boutique,node-a,0.2375,29.3196,0,140.5479,0.003169,5.6524,3.716,11.1437,15.4345,22.027,132.7575,140.1026,0.0733,0.372,165857.6548,124323.1102,cpu_stress,productcatalogservice,2026-06-09 16:25:00,2026-06-09 16:40:00,during_fault,8.4969425,1
2026-06-09 16:33:50,830,EXP_FAULT_05,RUN_05,cpu_stress,1,currencyservice,currency-f05-06,online-boutique,node-a,0.2249,29.0593,0,142.2388,0.002813,5.8325,4.133,12.0057,15.3169,24.8895,134.3926,141.8387,0.0404,0.3596,126238.759,107247.8102,cpu_stress,productcatalogservice,2026-06-09 16:25:00,2026-06-09 16:40:00,during_fault,8.853823,1
2026-06-09 16:33:55,835,EXP_FAULT_05,RUN_05,cpu_stress,1,currencyservice,currency-f05-06,online-boutique,node-a,0.2461,29.5352,0,143.5584,0.003644,5.6892,4.0828,10.803,16.2255,23.2887,135.6192,143.0352,0.1214,0.4018,142330.3053,112909.2945,cpu_stress,productcatalogservice,2026-06-09 16:25:00,2026-06-09 16:40:00,during_fault,10.104767,1
2026-06-09 16:34:00,840,EXP_FAULT_05,RUN_05,cpu_stress,1,currencyservice,currency-f05-06,online-boutique,node-a,0.2172,29.3012,0,142.4278,0.003144,5.4281,3.9413,11.1757,14.7951,23.3022,134.6296,141.98,0.0686,0.3793,175198.971,109806.6865,cpu_stress,productcatalogservice,2026-06-09 16:25:00,2026-06-09 16:40:00,during_fault,8.431415,1
2026-06-09 16:34:05,845,EXP_FAULT_05,RUN_05,cpu_stress,1,currencyservice,currency-f05-06,online-boutique,node-a,0.2314,29.254,0,134.4757,0.00287,5.3289,3.6501,10.5386,13.8433,24.3933,127.2028,134.0898,0.0414,0.3445,151392.5586,112690.9524,cpu_stress,productcatalogservice,2026-06-09 16:25:00,2026-06-09 16:40:00,during_fault,6.1332407,1
2026-06-09 16:34:10,850,EXP_FAULT_05,RUN_05,cpu_stress,1,currencyservice,currency-f05-06,online-boutique,node-a,0.2393,29.7331,0,140.3489,0.003922,6.6542,4.9446,13.6694,17.1282,27.9555,132.7629,139.7985,0.1696,0.3808,126563.1083,95955.6831,cpu_stress,productcatalogservice,2026-06-09 16:25:00,2026-06-09 16:40:00,during_fault,21.816853,1
2026-06-09 16:34:15,855,EXP_FAULT_05,RUN_05,cpu_stress,1,currencyservice,currency-f05-06,online-boutique,node-a,0.2236,29.3495,0,140.0012,0.003186,5.6741,4.1015,11.5769,14.8296,24.1303,132.6567,139.5551,0.0779,0.3682,136202.8512,110266.3659,cpu_stress,productcatalogservice,2026-06-09 16:25:00,2026-06-09 16:40:00,during_fault,9.839079,1
2026-06-09 16:34:20,860,EXP_FAULT_05,RUN_05,cpu_stress,1,currencyservice,currency-f05-06,online-boutique,node-a,0.2385,29.0688,0,141.3241,0.003937,4.7873,3.5354,9.8404,12.3198,18.8465,133.968,140.7677,0.2195,0.3369,165539.0295,98046.3299,cpu_stress,productcatalogservice,2026-06-09 16:25:00,2026-06-09 16:40:00,during_fault,5.0856743,1
2026-06-09 16:34:25,865,EXP_FAULT_05,RUN_05,cpu_stress,1,currencyservice,currency-f05-06,online-boutique,node-a,0.2284,29.4102,0,139.802,0.003941,5.6882,4.0938,10.7586,14.1809,25.6213,132.7448,139.251,0.2033,0.3478,126539.7564,108861.7781,cpu_stress,productcatalogservice,2026-06-09 16:25:00,2026-06-09 16:40:00,during_fault,12.737306,1
2026-06-09 16:34:30,870,EXP_FAULT_05,RUN_05,cpu_stress,1,currencyservice,currency-f05-06,online-boutique,node-a,0.2397,29.402,0,141.2754,0.002804,6.0601,4.5469,11.666,17.1016,24.005,134.351,140.8793,0.0675,0.3287,117076.1079,124487.386,cpu_stress,productcatalogservice,2026-06-09 16:25:00,2026-06-09 16:40:00,during_fault,10.240955,1
2026-06-09 16:34:35,875,EXP_FAULT_05,RUN_05,cpu_stress,1,currencyservice,currency-f05-06,online-boutique,node-a,0.223,29.4894,0,138.5876,0.00262,5.4438,4.0234,10.0723,14.416,23.9503,132.006,138.2246,0.06,0.3031,131669.6025,142235.0319,cpu_stress,productcatalogservice,2026-06-09 16:25:00,2026-06-09 16:40:00,during_fault,6.6746573,1
2026-06-09 16:34:40,880,EXP_FAULT_05,RUN_05,cpu_stress,1,currencyservice,currency-f05-06,online-boutique,node-a,0.2405,29.1879,0,143.0295,0.003651,4.8225,3.3286,9.6641,13.4705,18.4069,136.4022,142.5073,0.1944,0.3278,158449.5015,101497.014,cpu_stress,productcatalogservice,2026-06-09 16:25:00,2026-06-09 16:40:00,during_fault,4.4485893,1
2026-06-09 16:34:45,885,EXP_FAULT_05,RUN_05,cpu_stress,1,currencyservice,currency-f05-06,online-boutique,node-a,0.2517,29.5391,0,143.8975,0.003031,5.1672,3.5741,10.3506,14.0956,20.827,137.502,143.4613,0.1356,0.3006,159283.4899,112168.3838,cpu_stress,productcatalogservice,2026-06-09 16:25:00,2026-06-09 16:40:00,during_fault,4.6892233,1
2026-06-09 16:34:50,890,EXP_FAULT_05,RUN_05,cpu_stress,1,currencyservice,currency-f05-06,online-boutique,node-a,0.2343,29.4608,0,142.9087,0.002662,5.2234,3.4789,10.1632,13.5608,20.2573,136.7746,142.5283,0.0666,0.3138,147696.1867,120499.6479,cpu_stress,productcatalogservice,2026-06-09 16:25:00,2026-06-09 16:40:00,during_fault,4.5822268,1
2026-06-09 16:34:55,895,EXP_FAULT_05,RUN_05,cpu_stress,1,currencyservice,currency-f05-06,online-boutique,node-a,0.2414,29.6723,0,145.2398,0.002991,5.5251,3.8381,10.0419,13.6513,20.1414,139.2101,144.8054,0.1367,0.2977,166073.1405,98097.8089,cpu_stress,productcatalogservice,2026-06-09 16:25:00,2026-06-09 16:40:00,during_fault,7.0475817,1
2026-06-09 16:35:00,900,EXP_FAULT_05,RUN_05,cpu_stress,1,currencyservice,currency-f05-06,online-boutique,node-a,0.2378,29.6226,0,146.0205,0.002259,5.6528,3.8547,10.1092,15.0149,20.6223,140.2654,145.6907,0.0668,0.263,182053.6778,114420.6516,cpu_stress,productcatalogservice,2026-06-09 16:25:00,2026-06-09 16:40:00,during_fault,5.768402,1
2026-06-09 16:35:05,905,EXP_FAULT_05,RUN_05,cpu_stress,1,currencyservice,currency-f05-06,online-boutique,node-a,0.2367,29.0197,0,147.6386,0.002821,5.226,3.6882,10.3641,13.7899,18.8723,141.9878,147.2221,0.1596,0.2568,185565.9316,119103.6063,cpu_stress,productcatalogservice,2026-06-09 16:25:00,2026-06-09 16:40:00,during_fault,4.1432624,1
2026-06-09 16:35:10,910,EXP_FAULT_05,RUN_05,cpu_stress,1,currencyservice,currency-f05-06,online-boutique,node-a,0.2378,29.2572,0,148.0695,0.002588,5.2447,3.5419,9.738,12.1851,20.2522,142.6563,147.6863,0.1103,0.2728,152640.5067,107922.9678,cpu_stress,productcatalogservice,2026-06-09 16:25:00,2026-06-09 16:40:00,during_fault,3.8566651,1
2026-06-09 16:35:15,915,EXP_FAULT_05,RUN_05,cpu_stress,1,currencyservice,currency-f05-06,online-boutique,node-a,0.2325,28.9776,0,146.721,0.002782,5.2867,3.5879,10.106,12.3723,19.9415,141.5593,146.3128,0.131,0.2772,130206.9605,109741.182,cpu_stress,productcatalogservice,2026-06-09 16:25:00,2026-06-09 16:40:00,during_fault,4.5614038,1
2026-06-09 16:35:20,920,EXP_FAULT_05,RUN_05,cpu_stress,1,currencyservice,currency-f05-06,online-boutique,node-a,0.2323,29.6169,0,145.1955,0.002107,5.3081,3.9898,9.2414,12.8408,18.2948,140.3243,144.8896,0.0438,0.2622,137819.0974,135466.5564,cpu_stress,productcatalogservice,2026-06-09 16:25:00,2026-06-09 16:40:00,during_fault,3.8044517,1
2026-06-09 16:35:25,925,EXP_FAULT_05,RUN_05,cpu_stress,1,currencyservice,currency-f05-06,online-boutique,node-a,0.2347,29.2736,0,147.4425,0.002897,5.186,3.6062,8.9054,13.4293,18.9034,142.5841,147.0154,0.1628,0.2644,134434.5578,120181.7209,cpu_stress,productcatalogservice,2026-06-09 16:25:00,2026-06-09 16:40:00,during_fault,4.535088,1
2026-06-09 16:35:30,930,EXP_FAULT_05,RUN_05,cpu_stress,1,currencyservice,currency-f05-06,online-boutique,node-a,0.2306,28.9518,0,146.3409,0.002858,5.332,4.0842,9.8026,13.4465,18.6658,141.6902,145.9226,0.1911,0.2272,158779.2275,150248.1024,cpu_stress,productcatalogservice,2026-06-09 16:25:00,2026-06-09 16:40:00,during_fault,5.1014695,1
2026-06-09 16:35:35,935,EXP_FAULT_05,RUN_05,cpu_stress,1,currencyservice,currency-f05-06,online-boutique,node-a,0.2348,29.454,0,144.9441,0.002491,5.0663,3.4135,9.0364,12.0009,19.4797,140.5507,144.583,0.1224,0.2387,141242.8649,113689.2382,cpu_stress,productcatalogservice,2026-06-09 16:25:00,2026-06-09 16:40:00,during_fault,3.3059738,1
2026-06-09 16:35:40,940,EXP_FAULT_05,RUN_05,cpu_stress,1,currencyservice,currency-f05-06,online-boutique,node-a,0.2313,29.3375,0,144.0225,0.00306,4.8503,3.7693,8.6664,12.2147,18.25,139.6781,143.5818,0.2017,0.2391,122533.6343,143922.6221,cpu_stress,productcatalogservice,2026-06-09 16:25:00,2026-06-09 16:40:00,during_fault,3.7727478,1
2026-06-09 16:35:45,945,EXP_FAULT_05,RUN_05,cpu_stress,1,currencyservice,currency-f05-06,online-boutique,node-a,0.2517,29.664,0,146.1575,0.002793,5.2981,3.9311,9.9127,13.4688,19.165,141.866,145.7493,0.1722,0.2359,154561.7956,143688.6675,cpu_stress,productcatalogservice,2026-06-09 16:25:00,2026-06-09 16:40:00,during_fault,4.7953897,1
2026-06-09 16:35:50,950,EXP_FAULT_05,RUN_05,cpu_stress,1,currencyservice,currency-f05-06,online-boutique,node-a,0.2445,29.73,0,142.7434,0.002177,5.0793,3.7165,9.7218,12.0227,17.2315,138.7067,142.4326,0.1229,0.1878,153248.453,108549.7114,cpu_stress,productcatalogservice,2026-06-09 16:25:00,2026-06-09 16:40:00,during_fault,2.8703592,1
2026-06-09 16:35:55,955,EXP_FAULT_05,RUN_05,cpu_stress,1,currencyservice,currency-f05-06,online-boutique,node-a,0.2189,28.9895,0,139.4566,0.001925,5.0455,3.53,9.2362,11.5774,16.9986,135.5642,139.1882,0.0844,0.184,158787.9482,100148.1517,cpu_stress,productcatalogservice,2026-06-09 16:25:00,2026-06-09 16:40:00,during_fault,2.5731933,1
2026-06-09 16:36:00,960,EXP_FAULT_05,RUN_05,cpu_stress,1,currencyservice,currency-f05-06,online-boutique,node-a,0.2364,29.3398,0,142.1786,0.001738,4.8985,3.5044,8.3793,12.07,17.9682,138.2337,141.9316,0.0476,0.1995,170757.0421,134432.2309,cpu_stress,productcatalogservice,2026-06-09 16:25:00,2026-06-09 16:40:00,during_fault,1.3922246,1
2026-06-09 16:36:05,965,EXP_FAULT_05,RUN_05,cpu_stress,1,currencyservice,currency-f05-06,online-boutique,node-a,0.2406,29.8812,0,142.3103,0.002221,4.9021,3.2894,9.1261,12.3875,17.3099,138.2836,141.9942,0.1153,0.2008,171281.2136,101164.4047,cpu_stress,productcatalogservice,2026-06-09 16:25:00,2026-06-09 16:40:00,during_fault,2.4505756,1
2026-06-09 16:36:10,970,EXP_FAULT_05,RUN_05,cpu_stress,1,currencyservice,currency-f05-06,online-boutique,node-a,0.2304,29.0834,0,140.0338,0.002116,5.6898,4.1013,10.9033,12.7964,21.1336,136.0443,139.7375,0.0889,0.2074,153632.8246,103218.6253,cpu_stress,productcatalogservice,2026-06-09 16:25:00,2026-06-09 16:40:00,during_fault,5.6236916,1
2026-06-09 16:36:15,975,EXP_FAULT_05,RUN_05,cpu_stress,1,currencyservice,currency-f05-06,online-boutique,node-a,0.2193,28.6919,0,141.5308,0.001713,4.719,3.4024,8.9183,11.9092,17.6852,137.484,141.2883,0.0509,0.1916,138422.7884,103922.2316,cpu_stress,productcatalogservice,2026-06-09 16:25:00,2026-06-09 16:40:00,during_fault,0.9935654,1
2026-06-09 16:36:20,980,EXP_FAULT_05,RUN_05,cpu_stress,1,currencyservice,currency-f05-06,online-boutique,node-a,0.233,28.6572,0,140.3534,0.002672,5.0527,3.6688,8.653,12.1976,18.5621,136.1622,139.9784,0.1613,0.2138,136249.8097,97474.4004,cpu_stress,productcatalogservice,2026-06-09 16:25:00,2026-06-09 16:40:00,during_fault,3.1595402,1
2026-06-09 16:36:25,985,EXP_FAULT_05,RUN_05,cpu_stress,1,currencyservice,currency-f05-06,online-boutique,node-a,0.2288,29.5013,0,139.2095,0.002576,4.5547,3.3798,8.3135,11.0805,17.2952,134.949,138.8509,0.1563,0.2023,135542.799,122796.4171,cpu_stress,productcatalogservice,2026-06-09 16:25:00,2026-06-09 16:40:00,during_fault,2.0450153,1
2026-06-09 16:36:30,990,EXP_FAULT_05,RUN_05,cpu_stress,1,currencyservice,currency-f05-06,online-boutique,node-a,0.2437,29.2845,0,142.3404,0.003171,5.1885,3.9776,8.8777,11.6034,18.5582,137.8497,141.8891,0.2234,0.2279,176513.3209,120594.4789,cpu_stress,productcatalogservice,2026-06-09 16:25:00,2026-06-09 16:40:00,during_fault,5.144203,1
2026-06-09 16:36:35,995,EXP_FAULT_05,RUN_05,cpu_stress,1,currencyservice,currency-f05-06,online-boutique,node-a,0.2443,29.9066,0,146.06,0.00213,5.7997,4.1393,11.2159,13.2811,20.3041,141.3312,145.7489,0.0819,0.2292,171027.2904,125741.0724,cpu_stress,productcatalogservice,2026-06-09 16:25:00,2026-06-09 16:40:00,during_fault,6.467045,1
2026-06-09 16:36:40,1000,EXP_FAULT_05,RUN_05,cpu_stress,1,currencyservice,currency-f05-06,online-boutique,node-a,0.2535,29.0639,0,139.1964,0.002282,5.6258,3.7498,10.709,12.7305,19.49,134.5125,138.8787,0.0905,0.2271,131646.8618,119108.8936,cpu_stress,productcatalogservice,2026-06-09 16:25:00,2026-06-09 16:40:00,during_fault,5.4348564,1
2026-06-09 16:36:45,1005,EXP_FAULT_05,RUN_05,cpu_stress,1,currencyservice,currency-f05-06,online-boutique,node-a,0.25,29.4705,0,137.5444,0.003018,4.998,3.4753,9.4122,12.187,20.3824,132.6688,137.1294,0.1915,0.2236,160764.3127,109205.3818,cpu_stress,productcatalogservice,2026-06-09 16:25:00,2026-06-09 16:40:00,during_fault,4.2118073,1
2026-06-09 16:36:50,1010,EXP_FAULT_05,RUN_05,cpu_stress,1,currencyservice,currency-f05-06,online-boutique,node-a,0.2408,29.2622,0,139.5847,0.002615,5.612,3.7556,9.6428,13.6624,21.7929,134.4577,139.2197,0.0941,0.2708,133903.4431,130988.1098,cpu_stress,productcatalogservice,2026-06-09 16:25:00,2026-06-09 16:40:00,during_fault,6.3841095,1
2026-06-09 16:36:55,1015,EXP_FAULT_05,RUN_05,cpu_stress,1,currencyservice,currency-f05-06,online-boutique,node-a,0.236,29.0837,0,137.8611,0.002877,4.8871,3.5841,8.8575,11.4497,19.4257,132.6176,137.4645,0.1254,0.2711,127746.4267,140506.1288,cpu_stress,productcatalogservice,2026-06-09 16:25:00,2026-06-09 16:40:00,during_fault,3.293216,1
2026-06-09 16:37:00,1020,EXP_FAULT_05,RUN_05,cpu_stress,1,currencyservice,currency-f05-06,online-boutique,node-a,0.2351,28.8578,0,139.6963,0.002935,5.6898,4.2639,11.3427,14.8802,20.8956,134.1605,139.2864,0.1375,0.2724,142265.2102,99954.2632,cpu_stress,productcatalogservice,2026-06-09 16:25:00,2026-06-09 16:40:00,during_fault,7.478732,1
2026-06-09 16:37:05,1025,EXP_FAULT_05,RUN_05,cpu_stress,1,currencyservice,currency-f05-06,online-boutique,node-a,0.249,29.3276,0,139.5588,0.002405,5.2679,3.8767,10.5106,12.4358,20.4473,133.826,139.2231,0.0419,0.2937,151591.2027,93440.32,cpu_stress,productcatalogservice,2026-06-09 16:25:00,2026-06-09 16:40:00,during_fault,4.000463,1
2026-06-09 16:37:10,1030,EXP_FAULT_05,RUN_05,cpu_stress,1,currencyservice,currency-f05-06,online-boutique,node-a,0.2324,29.2248,0,138.4796,0.002489,5.723,3.7834,10.6911,14.8995,23.7048,132.5585,138.1349,0.0354,0.3093,123802.7182,140313.8657,cpu_stress,productcatalogservice,2026-06-09 16:25:00,2026-06-09 16:40:00,during_fault,7.0761385,1
2026-06-09 16:37:15,1035,EXP_FAULT_05,RUN_05,cpu_stress,1,currencyservice,currency-f05-06,online-boutique,node-a,0.2246,29.1842,0,142.997,0.003474,5.3586,3.6943,9.6039,13.9463,22.1505,136.5961,142.5003,0.1757,0.321,161563.9636,121909.6746,cpu_stress,productcatalogservice,2026-06-09 16:25:00,2026-06-09 16:40:00,during_fault,8.193513,1
2026-06-09 16:37:20,1040,EXP_FAULT_05,RUN_05,cpu_stress,1,currencyservice,currency-f05-06,online-boutique,node-a,0.2386,29.3758,0,138.8017,0.003289,5.5029,3.9243,10.4244,14.8755,23.6148,132.3492,138.3452,0.1351,0.3213,132591.2585,139801.4255,cpu_stress,productcatalogservice,2026-06-09 16:25:00,2026-06-09 16:40:00,during_fault,8.033625,1
2026-06-09 16:37:25,1045,EXP_FAULT_05,RUN_05,cpu_stress,1,currencyservice,currency-f05-06,online-boutique,node-a,0.2313,29.8362,0,138.3958,0.002611,5.4637,3.9654,10.2103,14.9908,21.9554,131.8359,138.0345,0.0489,0.3124,154140.868,91787.2216,cpu_stress,productcatalogservice,2026-06-09 16:25:00,2026-06-09 16:40:00,during_fault,6.744054,1
2026-06-09 16:37:30,1050,EXP_FAULT_05,RUN_05,cpu_stress,1,currencyservice,currency-f05-06,online-boutique,node-a,0.2368,29.3135,0,140.4139,0.003606,4.9482,3.4,8.9275,12.2492,21.8523,133.5223,139.9076,0.17,0.3363,156900.2163,102007.907,cpu_stress,productcatalogservice,2026-06-09 16:25:00,2026-06-09 16:40:00,during_fault,5.4890103,1
2026-06-09 16:37:35,1055,EXP_FAULT_05,RUN_05,cpu_stress,1,currencyservice,currency-f05-06,online-boutique,node-a,0.2446,29.0412,0,143.2768,0.003409,5.7622,4.2137,10.9566,15.0202,24.4774,136.0327,142.7883,0.1257,0.3627,142412.1554,94831.4959,cpu_stress,productcatalogservice,2026-06-09 16:25:00,2026-06-09 16:40:00,during_fault,9.0903225,1
2026-06-09 16:37:40,1060,EXP_FAULT_05,RUN_05,cpu_stress,1,currencyservice,currency-f05-06,online-boutique,node-a,0.2469,29.4907,0,147.5997,0.00337,5.6677,3.7523,11.4353,14.8162,22.0614,139.9899,147.1022,0.1408,0.3567,179225.985,146339.0382,cpu_stress,productcatalogservice,2026-06-09 16:25:00,2026-06-09 16:40:00,during_fault,8.517245,1
2026-06-09 16:37:45,1065,EXP_FAULT_05,RUN_05,cpu_stress,1,currencyservice,currency-f05-06,online-boutique,node-a,0.2254,30.1056,0,143.9309,0.003255,5.624,4.2174,10.6064,14.846,22.4401,136.3771,143.4625,0.0989,0.3696,154868.0065,121345.3484,cpu_stress,productcatalogservice,2026-06-09 16:25:00,2026-06-09 16:40:00,during_fault,10.782219,1
2026-06-09 16:37:50,1070,EXP_FAULT_05,RUN_05,cpu_stress,1,currencyservice,currency-f05-06,online-boutique,node-a,0.2279,29.0606,0,147.0118,0.003391,5.5579,3.8255,10.1999,14.3375,25.3943,139.1411,146.5133,0.1388,0.3597,154788.6733,136171.0176,cpu_stress,productcatalogservice,2026-06-09 16:25:00,2026-06-09 16:40:00,during_fault,8.503124,1
2026-06-09 16:37:55,1075,EXP_FAULT_05,RUN_05,cpu_stress,1,currencyservice,currency-f05-06,online-boutique,node-a,0.2428,29.1167,0,148.2185,0.002794,5.5552,3.7424,9.9142,14.9114,25.6387,140.2094,147.8043,0.0475,0.3666,184078.906,148570.4987,cpu_stress,productcatalogservice,2026-06-09 16:25:00,2026-06-09 16:40:00,during_fault,5.6320434,1
2026-06-09 16:38:00,1080,EXP_FAULT_05,RUN_05,cpu_stress,1,currencyservice,currency-f05-06,online-boutique,node-a,0.2458,29.1331,0,147.1231,0.003898,5.5914,3.6646,11.1161,15.3247,22.9255,139.0047,146.5497,0.1665,0.407,130854.647,115942.4185,cpu_stress,productcatalogservice,2026-06-09 16:25:00,2026-06-09 16:40:00,during_fault,9.308513,1
2026-06-09 16:38:05,1085,EXP_FAULT_05,RUN_05,cpu_stress,1,currencyservice,currency-f05-06,online-boutique,node-a,0.2369,28.4788,0,149.3603,0.003419,5.8948,4.4354,11.9363,16.9986,27.402,141.1191,148.8497,0.0944,0.4162,142230.0125,132863.4898,cpu_stress,productcatalogservice,2026-06-09 16:25:00,2026-06-09 16:40:00,during_fault,9.138412,1
2026-06-09 16:38:10,1090,EXP_FAULT_05,RUN_05,cpu_stress,1,currencyservice,currency-f05-06,online-boutique,node-a,0.2333,28.9153,0,154.6433,0.003989,5.5232,3.9215,11.1536,15.4113,23.4772,145.984,154.0265,0.225,0.3918,129965.0904,158690.1993,cpu_stress,productcatalogservice,2026-06-09 16:25:00,2026-06-09 16:40:00,during_fault,9.331767,1
2026-06-09 16:38:15,1095,EXP_FAULT_05,RUN_05,cpu_stress,1,currencyservice,currency-f05-06,online-boutique,node-a,0.2515,29.641,0,150.5822,0.00414,5.6261,4.0277,10.7288,16.008,26.1744,142.1512,149.9587,0.2124,0.411,176584.5651,117300.2214,cpu_stress,productcatalogservice,2026-06-09 16:25:00,2026-06-09 16:40:00,during_fault,10.820112,1
2026-06-09 16:38:20,1100,EXP_FAULT_05,RUN_05,cpu_stress,1,currencyservice,currency-f05-06,online-boutique,node-a,0.2397,29.7695,0,148.4132,0.003776,5.5583,3.8628,11.0798,14.1821,24.2299,140.216,147.8527,0.1584,0.4021,157924.5682,127546.1771,cpu_stress,productcatalogservice,2026-06-09 16:25:00,2026-06-09 16:40:00,during_fault,10.091931,1
2026-06-09 16:38:25,1105,EXP_FAULT_05,RUN_05,cpu_stress,1,currencyservice,currency-f05-06,online-boutique,node-a,0.224,28.9885,0,157.0877,0.003296,6.202,4.1965,11.0912,17.6553,28.0777,148.4791,156.5699,0.0902,0.4276,198387.9689,151655.2293,cpu_stress,productcatalogservice,2026-06-09 16:25:00,2026-06-09 16:40:00,during_fault,12.670229,1
2026-06-09 16:38:30,1110,EXP_FAULT_05,RUN_05,cpu_stress,1,currencyservice,currency-f05-06,online-boutique,node-a,0.2269,29.5365,0,154.1768,0.004159,5.7834,4.1969,12.0181,16.3767,26.0839,145.7712,153.5356,0.2312,0.41,191377.3368,111853.5933,cpu_stress,productcatalogservice,2026-06-09 16:25:00,2026-06-09 16:40:00,during_fault,14.095166,1
2026-06-09 16:38:35,1115,EXP_FAULT_05,RUN_05,cpu_stress,1,currencyservice,currency-f05-06,online-boutique,node-a,0.2391,29.2197,0,152.696,0.003129,5.7421,3.916,11.7933,14.2367,22.4259,144.5241,152.2182,0.075,0.4028,159735.6436,132899.5543,cpu_stress,productcatalogservice,2026-06-09 16:25:00,2026-06-09 16:40:00,during_fault,7.828604,1
2026-06-09 16:38:40,1120,EXP_FAULT_05,RUN_05,cpu_stress,1,currencyservice,currency-f05-06,online-boutique,node-a,0.2478,29.5618,0,153.5241,0.003582,6.1419,4.6186,12.5182,15.944,26.6652,145.4278,152.9742,0.1343,0.4156,147668.9421,154934.8778,cpu_stress,productcatalogservice,2026-06-09 16:25:00,2026-06-09 16:40:00,during_fault,12.565382,1
2026-06-09 16:38:45,1125,EXP_FAULT_05,RUN_05,cpu_stress,1,currencyservice,currency-f05-06,online-boutique,node-a,0.229,29.1184,0,151.1895,0.002879,6.082,4.3739,11.7007,15.7607,25.9524,143.4251,150.7543,0.0759,0.3593,127523.1814,117135.7561,cpu_stress,productcatalogservice,2026-06-09 16:25:00,2026-06-09 16:40:00,during_fault,10.106377,1
2026-06-09 16:38:50,1130,EXP_FAULT_05,RUN_05,cpu_stress,1,currencyservice,currency-f05-06,online-boutique,node-a,0.2442,29.18,0,154.9433,0.00276,5.7513,3.925,11.4601,16.3876,26.0831,147.1695,154.5156,0.0412,0.3865,164653.8735,115859.81,cpu_stress,productcatalogservice,2026-06-09 16:25:00,2026-06-09 16:40:00,during_fault,6.2396793,1
2026-06-09 16:38:55,1135,EXP_FAULT_05,RUN_05,cpu_stress,1,currencyservice,currency-f05-06,online-boutique,node-a,0.2436,29.1125,0,154.0762,0.003825,5.4769,3.7749,9.853,14.0997,22.1018,146.4928,153.487,0.2032,0.3861,186768.2082,100956.6725,cpu_stress,productcatalogservice,2026-06-09 16:25:00,2026-06-09 16:40:00,during_fault,7.862169,1
2026-06-09 16:39:00,1140,EXP_FAULT_05,RUN_05,cpu_stress,1,currencyservice,currency-f05-06,online-boutique,node-a,0.2305,29.6715,0,152.4494,0.00362,5.7542,4.243,10.0289,15.9454,25.1873,145.1557,151.8975,0.1796,0.3723,185352.7001,131455.0845,cpu_stress,productcatalogservice,2026-06-09 16:25:00,2026-06-09 16:40:00,during_fault,11.363081,1
2026-06-09 16:39:05,1145,EXP_FAULT_05,RUN_05,cpu_stress,1,currencyservice,currency-f05-06,online-boutique,node-a,0.2364,29.1952,0,153.402,0.003021,5.7554,3.8268,10.5101,15.3647,23.8701,146.3368,152.9387,0.1176,0.3458,185276.8477,156534.3913,cpu_stress,productcatalogservice,2026-06-09 16:25:00,2026-06-09 16:40:00,during_fault,7.6560516,1
2026-06-09 16:39:10,1150,EXP_FAULT_05,RUN_05,cpu_stress,1,currencyservice,currency-f05-06,online-boutique,node-a,0.2308,29.3934,0,154.6375,0.002801,5.9657,3.9366,10.7661,15.8477,23.4675,147.7322,154.2043,0.1205,0.3127,179110.9511,114830.4172,cpu_stress,productcatalogservice,2026-06-09 16:25:00,2026-06-09 16:40:00,during_fault,9.0538025,1
2026-06-09 16:39:15,1155,EXP_FAULT_05,RUN_05,cpu_stress,1,currencyservice,currency-f05-06,online-boutique,node-a,0.2456,28.9337,0,154.7041,0.002865,5.0867,3.9078,9.9761,12.1233,21.874,148.083,154.2609,0.0937,0.3495,158416.9131,150061.5851,cpu_stress,productcatalogservice,2026-06-09 16:25:00,2026-06-09 16:40:00,during_fault,2.8394272,1
2026-06-09 16:39:20,1160,EXP_FAULT_05,RUN_05,cpu_stress,1,currencyservice,currency-f05-06,online-boutique,node-a,0.2294,29.3698,0,151.2073,0.002454,5.1233,3.8781,9.1383,12.5111,21.5198,144.9902,150.8363,0.0476,0.3234,131596.8938,129815.6966,cpu_stress,productcatalogservice,2026-06-09 16:25:00,2026-06-09 16:40:00,during_fault,3.4412816,1
2026-06-09 16:39:25,1165,EXP_FAULT_05,RUN_05,cpu_stress,1,currencyservice,currency-f05-06,online-boutique,node-a,0.2382,29.7976,0,151.4041,0.00278,5.4056,3.8097,10.7317,14.5902,20.6506,145.3714,150.9832,0.1463,0.2745,124878.5509,135051.9121,cpu_stress,productcatalogservice,2026-06-09 16:25:00,2026-06-09 16:40:00,during_fault,5.643271,1
2026-06-09 16:39:30,1170,EXP_FAULT_05,RUN_05,cpu_stress,1,currencyservice,currency-f05-06,online-boutique,node-a,0.2331,29.3858,0,150.5064,0.002505,5.8784,4.5032,11.6638,14.4679,22.1484,144.7997,150.1293,0.0855,0.2916,166127.1148,154681.0608,cpu_stress,productcatalogservice,2026-06-09 16:25:00,2026-06-09 16:40:00,during_fault,7.530379,1
2026-06-09 16:39:35,1175,EXP_FAULT_05,RUN_05,cpu_stress,1,currencyservice,currency-f05-06,online-boutique,node-a,0.2356,29.3797,0,146.4945,0.002975,5.4587,3.7573,10.7846,12.5541,19.294,141.0881,146.0587,0.1607,0.2751,121278.8799,110780.8055,cpu_stress,productcatalogservice,2026-06-09 16:25:00,2026-06-09 16:40:00,during_fault,6.3911905,1
2026-06-09 16:39:40,1180,EXP_FAULT_05,RUN_05,cpu_stress,1,currencyservice,currency-f05-06,online-boutique,node-a,0.2376,29.3989,0,148.4141,0.003138,5.1223,3.538,9.3122,13.0912,19.5406,143.1239,147.9484,0.2317,0.2341,124998.239,105780.917,cpu_stress,productcatalogservice,2026-06-09 16:25:00,2026-06-09 16:40:00,during_fault,4.7839947,1
2026-06-09 16:39:45,1185,EXP_FAULT_05,RUN_05,cpu_stress,1,currencyservice,currency-f05-06,online-boutique,node-a,0.2357,29.2907,0,148.9942,0.002529,5.6279,4.1881,9.7967,13.1396,21.51,143.9419,148.6174,0.1085,0.2682,145923.047,118328.4616,cpu_stress,productcatalogservice,2026-06-09 16:25:00,2026-06-09 16:40:00,during_fault,5.799164,1
2026-06-09 16:39:50,1190,EXP_FAULT_05,RUN_05,cpu_stress,1,currencyservice,currency-f05-06,online-boutique,node-a,0.2305,29.1168,0,151.3355,0.003051,5.1542,3.9861,8.5777,12.5006,17.4227,146.3953,150.8737,0.1971,0.2646,157047.0793,138583.0043,cpu_stress,productcatalogservice,2026-06-09 16:25:00,2026-06-09 16:40:00,during_fault,4.7367773,1
2026-06-09 16:39:55,1195,EXP_FAULT_05,RUN_05,cpu_stress,1,currencyservice,currency-f05-06,online-boutique,node-a,0.2355,29.3193,0,155.4972,0.002153,5.4924,3.8886,9.9712,13.2806,19.0005,150.638,155.1625,0.115,0.2197,151641.0336,105232.0455,cpu_stress,productcatalogservice,2026-06-09 16:25:00,2026-06-09 16:40:00,during_fault,3.8488526,1
2026-06-09 16:40:00,1200,EXP_FAULT_05,RUN_05,cpu_stress,1,currencyservice,currency-f05-06,online-boutique,node-a,0.2276,29.4077,0,149.6364,0.003015,4.9294,3.8444,9.2729,12.5194,16.9815,144.96,149.1853,0.2035,0.2476,134237.1494,106161.6546,cpu_stress,productcatalogservice,2026-06-09 16:25:00,2026-06-09 16:40:00,post_fault,4.2058897,1
2026-06-09 16:40:05,1205,EXP_FAULT_05,RUN_05,cpu_stress,1,currencyservice,currency-f05-06,online-boutique,node-a,0.2256,30.4766,0,147.8634,0.001949,5.38,4.1741,9.1741,12.9337,18.5507,143.4035,147.5752,0.0374,0.2508,158718.3159,144313.3021,cpu_stress,productcatalogservice,2026-06-09 16:25:00,2026-06-09 16:40:00,post_fault,4.820697,1
2026-06-09 16:40:10,1210,EXP_FAULT_05,RUN_05,cpu_stress,1,currencyservice,currency-f05-06,online-boutique,node-a,0.2344,29.1205,0,150.1186,0.002635,5.098,3.6983,9.6877,11.3207,17.461,145.6334,149.723,0.1438,0.2518,185801.0172,109956.1194,cpu_stress,productcatalogservice,2026-06-09 16:25:00,2026-06-09 16:40:00,post_fault,3.2393756,1
2026-06-09 16:40:15,1215,EXP_FAULT_05,RUN_05,cpu_stress,1,currencyservice,currency-f05-06,online-boutique,node-a,0.2441,28.7715,0,149.0567,0.002342,5.4187,3.9539,9.4311,12.4217,20.2614,144.6447,148.7076,0.1395,0.2096,184587.2112,144582.7618,cpu_stress,productcatalogservice,2026-06-09 16:25:00,2026-06-09 16:40:00,post_fault,3.4085686,1
2026-06-09 16:40:20,1220,EXP_FAULT_05,RUN_05,cpu_stress,1,currencyservice,currency-f05-06,online-boutique,node-a,0.2363,29.6214,0,149.7002,0.001699,5.6712,4.2171,10.0112,13.9438,21.3255,145.3893,149.4459,0.0569,0.1974,143072.7689,145047.7812,cpu_stress,productcatalogservice,2026-06-09 16:25:00,2026-06-09 16:40:00,post_fault,4.3251243,1
2026-06-09 16:40:25,1225,EXP_FAULT_05,RUN_05,cpu_stress,1,currencyservice,currency-f05-06,online-boutique,node-a,0.2449,28.9978,0,154.572,0.002635,5.5387,4.3032,9.1591,12.194,19.7947,150.1165,154.1648,0.1975,0.2098,181281.801,134203.4293,cpu_stress,productcatalogservice,2026-06-09 16:25:00,2026-06-09 16:40:00,post_fault,4.493231,1
2026-06-09 16:40:30,1230,EXP_FAULT_05,RUN_05,cpu_stress,1,currencyservice,currency-f05-06,online-boutique,node-a,0.2207,28.826,0,148.3748,0.002215,5.2969,3.9547,10.0171,12.4626,17.4525,144.1513,148.0462,0.1187,0.21,177287.6621,103823.6849,cpu_stress,productcatalogservice,2026-06-09 16:25:00,2026-06-09 16:40:00,post_fault,3.7037907,1
2026-06-09 16:40:35,1235,EXP_FAULT_05,RUN_05,cpu_stress,1,currencyservice,currency-f05-06,online-boutique,node-a,0.2325,29.3726,0,157.0287,0.002981,5.1954,3.809,8.984,11.649,19.807,152.5653,156.5605,0.237,0.2312,174323.6348,123747.4557,cpu_stress,productcatalogservice,2026-06-09 16:25:00,2026-06-09 16:40:00,post_fault,4.717613,1
2026-06-09 16:40:40,1240,EXP_FAULT_05,RUN_05,cpu_stress,1,currencyservice,currency-f05-06,online-boutique,node-a,0.2488,28.3418,0,151.6916,0.002622,5.2842,4.0345,9.3384,12.8018,18.2364,147.4469,151.2939,0.1685,0.2292,141340.689,118772.3289,cpu_stress,productcatalogservice,2026-06-09 16:25:00,2026-06-09 16:40:00,post_fault,2.7939487,1
2026-06-09 16:40:45,1245,EXP_FAULT_05,RUN_05,cpu_stress,1,currencyservice,currency-f05-06,online-boutique,node-a,0.244,29.8167,0,154.3359,0.002552,5.0325,3.5193,8.8837,12.1682,17.7546,150.1409,153.9421,0.1905,0.2033,163203.2279,116740.3202,cpu_stress,productcatalogservice,2026-06-09 16:25:00,2026-06-09 16:40:00,post_fault,2.8761032,1
2026-06-09 16:40:50,1250,EXP_FAULT_05,RUN_05,cpu_stress,1,currencyservice,currency-f05-06,online-boutique,node-a,0.2364,29.6305,0,154.7913,0.002077,4.7935,3.7633,8.9277,10.6551,15.5564,150.6249,154.4697,0.1355,0.1861,175911.5774,133090.9473,cpu_stress,productcatalogservice,2026-06-09 16:25:00,2026-06-09 16:40:00,post_fault,1.3659363,1
2026-06-09 16:40:55,1255,EXP_FAULT_05,RUN_05,cpu_stress,1,currencyservice,currency-f05-06,online-boutique,node-a,0.2414,29.1078,0,156.8301,0.002164,5.6248,3.926,10.5606,13.561,20.6212,152.6997,156.4907,0.1471,0.1922,129324.9005,107394.2865,cpu_stress,productcatalogservice,2026-06-09 16:25:00,2026-06-09 16:40:00,post_fault,3.9439964,1
2026-06-09 16:41:00,1260,EXP_FAULT_05,RUN_05,cpu_stress,1,currencyservice,currency-f05-06,online-boutique,node-a,0.2536,28.7286,0,157.9005,0.001748,5.2925,3.773,9.6568,13.0126,19.3128,153.8137,157.6244,0.0529,0.2232,139063.8289,104016.9256,cpu_stress,productcatalogservice,2026-06-09 16:25:00,2026-06-09 16:40:00,post_fault,1.51056,1
2026-06-09 16:41:05,1265,EXP_FAULT_05,RUN_05,cpu_stress,1,currencyservice,currency-f05-06,online-boutique,node-a,0.2345,28.8722,0,163.9671,0.002685,5.3349,3.7054,9.9889,12.3723,18.0721,159.6521,163.5268,0.2207,0.2195,160350.9343,120523.1608,cpu_stress,productcatalogservice,2026-06-09 16:25:00,2026-06-09 16:40:00,post_fault,3.6739929,1
2026-06-09 16:41:10,1270,EXP_FAULT_05,RUN_05,cpu_stress,1,currencyservice,currency-f05-06,online-boutique,node-a,0.2522,29.387,0,165.2465,0.001811,5.1011,3.6226,8.3871,11.6931,19.1342,161.087,164.9471,0.0756,0.2237,139751.1729,110474.4076,cpu_stress,productcatalogservice,2026-06-09 16:25:00,2026-06-09 16:40:00,post_fault,1.0500546,1
2026-06-09 16:41:15,1275,EXP_FAULT_05,RUN_05,cpu_stress,1,currencyservice,currency-f05-06,online-boutique,node-a,0.2435,29.3637,0,158.1107,0.002891,5.5284,4.1113,9.9923,12.8013,19.6602,154.0683,157.6536,0.2413,0.2158,194535.4177,117320.9065,cpu_stress,productcatalogservice,2026-06-09 16:25:00,2026-06-09 16:40:00,post_fault,5.4037924,1
2026-06-09 16:41:20,1280,EXP_FAULT_05,RUN_05,cpu_stress,1,currencyservice,currency-f05-06,online-boutique,node-a,0.2325,29.287,0,160.0314,0.002744,4.8968,3.6402,8.9674,11.8022,17.4498,156.0533,159.5922,0.2119,0.2273,186520.1809,154571.3102,cpu_stress,productcatalogservice,2026-06-09 16:25:00,2026-06-09 16:40:00,post_fault,2.738938,1
2026-06-09 16:41:25,1285,EXP_FAULT_05,RUN_05,cpu_stress,1,currencyservice,currency-f05-06,online-boutique,node-a,0.2407,29.0677,0,168.6185,0.001607,5.2334,3.5546,8.7416,12.219,16.4303,164.5332,168.3475,0.0711,0.1999,151587.8279,112500.2063,cpu_stress,productcatalogservice,2026-06-09 16:25:00,2026-06-09 16:40:00,post_fault,1.1061131,1
2026-06-09 16:41:30,1290,EXP_FAULT_05,RUN_05,cpu_stress,1,currencyservice,currency-f05-06,online-boutique,node-a,0.2375,29.4392,0,165.8146,0.001624,5.3375,4.1113,9.1986,11.5758,16.74,161.8428,165.5453,0.0602,0.2091,164697.3948,128884.7826,cpu_stress,productcatalogservice,2026-06-09 16:25:00,2026-06-09 16:40:00,post_fault,1.8889202,1
2026-06-09 16:41:35,1295,EXP_FAULT_05,RUN_05,cpu_stress,1,currencyservice,currency-f05-06,online-boutique,node-a,0.244,28.9298,0,169.6296,0.002828,4.8736,3.2945,8.0974,11.2927,15.7364,165.489,169.1499,0.2477,0.232,174165.0028,132492.2939,cpu_stress,productcatalogservice,2026-06-09 16:25:00,2026-06-09 16:40:00,post_fault,1.6711115,1
2026-06-09 16:41:40,1300,EXP_FAULT_05,RUN_05,cpu_stress,1,currencyservice,currency-f05-06,online-boutique,node-a,0.2273,29.339,0,161.5691,0.002586,5.4274,3.7235,8.7647,11.9882,17.0772,157.69,161.1513,0.2042,0.2135,143192.3267,132147.1785,cpu_stress,productcatalogservice,2026-06-09 16:25:00,2026-06-09 16:40:00,post_fault,5.0307245,1
2026-06-09 16:41:45,1305,EXP_FAULT_05,RUN_05,cpu_stress,1,currencyservice,currency-f05-06,online-boutique,node-a,0.2314,29.4312,0,167.5307,0.002485,4.7242,3.618,8.707,10.3887,15.2187,163.6598,167.1145,0.2022,0.214,211114.5257,119267.207,cpu_stress,productcatalogservice,2026-06-09 16:25:00,2026-06-09 16:40:00,post_fault,1.923205,1
2026-06-09 16:41:50,1310,EXP_FAULT_05,RUN_05,cpu_stress,1,currencyservice,currency-f05-06,online-boutique,node-a,0.2315,29.0299,0,166.1803,0.002041,5.0792,3.6646,8.5744,11.702,17.3472,162.3517,165.8411,0.1658,0.1734,184486.9356,122983.2395,cpu_stress,productcatalogservice,2026-06-09 16:25:00,2026-06-09 16:40:00,post_fault,1.7558258,1
2026-06-09 16:41:55,1315,EXP_FAULT_05,RUN_05,cpu_stress,1,currencyservice,currency-f05-06,online-boutique,node-a,0.249,29.0692,0,167.7968,0.001933,4.9974,3.8676,9.1979,10.6273,17.9339,164.0178,167.4724,0.11,0.2144,191566.6962,125385.776,cpu_stress,productcatalogservice,2026-06-09 16:25:00,2026-06-09 16:40:00,post_fault,0.7341567,0
2026-06-09 16:42:00,1320,EXP_FAULT_05,RUN_05,cpu_stress,1,currencyservice,currency-f05-06,online-boutique,node-a,0.2439,29.3538,0,164.3359,0.002183,5.2122,4.0558,8.8887,11.0954,17.0624,160.6866,163.9771,0.1872,0.1716,205886.9442,165329.2714,cpu_stress,productcatalogservice,2026-06-09 16:25:00,2026-06-09 16:40:00,post_fault,2.0741029,1
2026-06-09 16:42:05,1325,EXP_FAULT_05,RUN_05,cpu_stress,1,currencyservice,currency-f05-06,online-boutique,node-a,0.2222,28.5018,0,162.7152,0.002143,4.5746,3.17,8.4315,10.2572,15.3615,159.168,162.3666,0.1699,0.1788,178901.8881,149762.0564,cpu_stress,productcatalogservice,2026-06-09 16:25:00,2026-06-09 16:40:00,post_fault,1.184042,1
2026-06-09 16:42:10,1330,EXP_FAULT_05,RUN_05,cpu_stress,1,currencyservice,currency-f05-06,online-boutique,node-a,0.2463,28.9459,0,162.2194,0.0015,4.9253,3.3825,8.3593,10.699,17.7732,158.7545,161.9761,0.0418,0.2015,181617.4132,118518.4277,cpu_stress,productcatalogservice,2026-06-09 16:25:00,2026-06-09 16:40:00,post_fault,0.3720012,0
2026-06-09 16:42:15,1335,EXP_FAULT_05,RUN_05,cpu_stress,1,currencyservice,currency-f05-06,online-boutique,node-a,0.251,29.3326,0,167.7246,0.001904,5.4314,3.8862,9.0451,13.0773,16.7848,164.1572,167.4053,0.1384,0.1809,195813.3774,136569.3041,cpu_stress,productcatalogservice,2026-06-09 16:25:00,2026-06-09 16:40:00,post_fault,2.0468354,1
2026-06-09 16:42:20,1340,EXP_FAULT_05,RUN_05,cpu_stress,1,currencyservice,currency-f05-06,online-boutique,node-a,0.2269,29.2011,0,156.5805,0.001937,5.2539,4.0465,9.3101,10.9376,18.2985,153.2972,156.2771,0.1167,0.1866,199890.0967,138395.4565,cpu_stress,productcatalogservice,2026-06-09 16:25:00,2026-06-09 16:40:00,post_fault,2.693709,1
2026-06-09 16:42:25,1345,EXP_FAULT_05,RUN_05,cpu_stress,1,currencyservice,currency-f05-06,online-boutique,node-a,0.2417,29.3521,0,159.4291,0.00245,5.0668,3.618,9.1079,12.1596,17.6487,156.0761,159.0384,0.2235,0.1672,194505.4992,156273.0431,cpu_stress,productcatalogservice,2026-06-09 16:25:00,2026-06-09 16:40:00,post_fault,2.2889373,1
2026-06-09 16:42:30,1350,EXP_FAULT_05,RUN_05,cpu_stress,1,currencyservice,currency-f05-06,online-boutique,node-a,0.231,29.3931,0,157.2215,0.001436,5.3813,4.2222,9.1816,11.3698,18.2053,154.0311,156.9957,0.045,0.1809,134118.2056,115833.716,cpu_stress,productcatalogservice,2026-06-09 16:25:00,2026-06-09 16:40:00,post_fault,2.2178936,1
2026-06-09 16:42:35,1355,EXP_FAULT_05,RUN_05,cpu_stress,1,currencyservice,currency-f05-06,online-boutique,node-a,0.2674,29.1285,0,160.3544,0.002375,5.5072,3.7626,9.6035,11.546,16.7507,157.04,159.9737,0.2241,0.1567,152579.007,158798.6741,cpu_stress,productcatalogservice,2026-06-09 16:25:00,2026-06-09 16:40:00,post_fault,3.4689236,1
2026-06-09 16:42:40,1360,EXP_FAULT_05,RUN_05,cpu_stress,1,currencyservice,currency-f05-06,online-boutique,node-a,0.239,29.4255,0,159.4995,0.0025,4.8804,3.8573,7.9021,11.0908,17.5418,156.2554,159.1007,0.2045,0.1943,182820.3667,113468.0643,cpu_stress,productcatalogservice,2026-06-09 16:25:00,2026-06-09 16:40:00,post_fault,1.9377711,1
2026-06-09 16:42:45,1365,EXP_FAULT_05,RUN_05,cpu_stress,1,currencyservice,currency-f05-06,online-boutique,node-a,0.2358,29.4542,0,161.4612,0.00205,4.4217,3.3242,7.3533,10.2132,14.885,158.2342,161.1301,0.188,0.143,140627.1101,136802.0571,cpu_stress,productcatalogservice,2026-06-09 16:25:00,2026-06-09 16:40:00,post_fault,0.50701034,0
2026-06-09 16:42:50,1370,EXP_FAULT_05,RUN_05,cpu_stress,1,currencyservice,currency-f05-06,online-boutique,node-a,0.2369,29.5162,0,158.2242,0.002154,4.9111,3.5677,9.0516,10.8609,15.3549,155.1333,157.8834,0.187,0.1538,141914.3254,107692.8187,cpu_stress,productcatalogservice,2026-06-09 16:25:00,2026-06-09 16:40:00,post_fault,1.6433738,1
2026-06-09 16:42:55,1375,EXP_FAULT_05,RUN_05,cpu_stress,1,currencyservice,currency-f05-06,online-boutique,node-a,0.2392,29.1199,0,162.0989,0.002524,4.8287,3.8298,7.7103,11.2185,15.4766,158.9267,161.6898,0.2165,0.1926,195824.1553,109952.8829,cpu_stress,productcatalogservice,2026-06-09 16:25:00,2026-06-09 16:40:00,post_fault,1.5406349,1
2026-06-09 16:43:00,1380,EXP_FAULT_05,RUN_05,cpu_stress,1,currencyservice,currency-f05-06,online-boutique,node-a,0.2421,29.2383,0,157.0435,0.001544,4.7051,3.3887,8.1806,9.9952,14.3106,154.1083,156.8011,0.0733,0.1691,144945.5837,154836.5373,cpu_stress,productcatalogservice,2026-06-09 16:25:00,2026-06-09 16:40:00,post_fault,0.29201233,0
2026-06-09 16:43:05,1385,EXP_FAULT_05,RUN_05,cpu_stress,1,currencyservice,currency-f05-06,online-boutique,node-a,0.2397,29.188,0,155.9677,0.001475,5.2054,3.668,8.8256,10.9026,18.3559,153.0895,155.7377,0.0726,0.1575,168618.8972,124086.5277,cpu_stress,productcatalogservice,2026-06-09 16:25:00,2026-06-09 16:40:00,post_fault,1.2891257,1
2026-06-09 16:43:10,1390,EXP_FAULT_05,RUN_05,cpu_stress,1,currencyservice,currency-f05-06,online-boutique,node-a,0.2279,29.8612,0,161.6317,0.001697,4.5839,3.3206,8.0121,9.9765,14.105,158.6912,161.3575,0.1149,0.1594,196094.1216,108112.3849,cpu_stress,productcatalogservice,2026-06-09 16:25:00,2026-06-09 16:40:00,post_fault,0.9066591,0
2026-06-09 16:43:15,1395,EXP_FAULT_05,RUN_05,cpu_stress,1,currencyservice,currency-f05-06,online-boutique,node-a,0.2318,29.6224,0,156.1177,0.001944,5.0828,3.8226,9.224,10.8143,17.299,153.2875,155.8142,0.1663,0.1373,172407.5184,141822.2291,cpu_stress,productcatalogservice,2026-06-09 16:25:00,2026-06-09 16:40:00,post_fault,2.192154,1
2026-06-09 16:43:20,1400,EXP_FAULT_05,RUN_05,cpu_stress,1,currencyservice,currency-f05-06,online-boutique,node-a,0.2417,29.3013,0,154.0658,0.001951,5.056,3.8618,9.2397,10.4261,17.404,151.2755,153.7651,0.1549,0.1458,188442.5332,113667.6995,cpu_stress,productcatalogservice,2026-06-09 16:25:00,2026-06-09 16:40:00,post_fault,1.5823488,1
2026-06-09 16:43:25,1405,EXP_FAULT_05,RUN_05,cpu_stress,1,currencyservice,currency-f05-06,online-boutique,node-a,0.2459,29.1378,0,160.03,0.001286,4.5271,3.1056,8.1028,9.3918,14.627,157.2504,159.8241,0.0488,0.1571,152010.9577,148405.5228,cpu_stress,productcatalogservice,2026-06-09 16:25:00,2026-06-09 16:40:00,post_fault,0.04259679,0
2026-06-09 16:43:30,1410,EXP_FAULT_05,RUN_05,cpu_stress,1,currencyservice,currency-f05-06,online-boutique,node-a,0.2158,30.011,0,157.8795,0.002511,5.0324,3.7439,8.5054,11.7291,17.2956,155.1032,157.4831,0.2276,0.1689,151585.1329,114329.1824,cpu_stress,productcatalogservice,2026-06-09 16:25:00,2026-06-09 16:40:00,post_fault,5.1409016,1
2026-06-09 16:43:35,1415,EXP_FAULT_05,RUN_05,cpu_stress,1,currencyservice,currency-f05-06,online-boutique,node-a,0.2264,29.0314,0,163.1895,0.001552,4.8344,3.5829,8.5326,10.7684,15.6875,160.4084,162.9362,0.1133,0.14,187025.6693,112402.6054,cpu_stress,productcatalogservice,2026-06-09 16:25:00,2026-06-09 16:40:00,post_fault,0.84668064,0
2026-06-09 16:43:40,1420,EXP_FAULT_05,RUN_05,cpu_stress,1,currencyservice,currency-f05-06,online-boutique,node-a,0.2372,29.2169,0,155.9802,0.002588,4.7734,3.604,8.3493,11.2162,15.2361,153.2781,155.5765,0.2387,0.165,177542.3469,129487.7111,cpu_stress,productcatalogservice,2026-06-09 16:25:00,2026-06-09 16:40:00,post_fault,1.7600399,1
2026-06-09 16:43:45,1425,EXP_FAULT_05,RUN_05,cpu_stress,1,currencyservice,currency-f05-06,online-boutique,node-a,0.2499,29.1671,0,161.494,0.002578,5.1058,3.5707,8.9683,11.927,17.9167,158.7573,161.0777,0.257,0.1593,166405.2614,134455.371,cpu_stress,productcatalogservice,2026-06-09 16:25:00,2026-06-09 16:40:00,post_fault,2.16377,1
2026-06-09 16:43:50,1430,EXP_FAULT_05,RUN_05,cpu_stress,1,currencyservice,currency-f05-06,online-boutique,node-a,0.233,29.5261,0,160.557,0.002328,4.9447,3.3832,8.6862,10.3803,15.2624,157.8405,160.1831,0.2127,0.1611,165233.6933,164870.4857,cpu_stress,productcatalogservice,2026-06-09 16:25:00,2026-06-09 16:40:00,post_fault,2.2328534,1
2026-06-09 16:43:55,1435,EXP_FAULT_05,RUN_05,cpu_stress,1,currencyservice,currency-f05-06,online-boutique,node-a,0.2294,29.1258,0,155.678,0.001102,5.0878,3.6964,8.6254,11.7072,15.3802,153.1964,155.5064,0.0421,0.1295,154180.7815,146165.0435,cpu_stress,productcatalogservice,2026-06-09 16:25:00,2026-06-09 16:40:00,post_fault,0.8100487,0
2026-06-09 16:44:00,1440,EXP_FAULT_05,RUN_05,cpu_stress,1,currencyservice,currency-f05-06,online-boutique,node-a,0.2383,29.8499,0,161.6366,0.001376,5.0801,3.9196,8.7926,11.6023,14.6133,159.0827,161.4142,0.0997,0.1227,192335.3221,129569.8258,cpu_stress,productcatalogservice,2026-06-09 16:25:00,2026-06-09 16:40:00,post_fault,1.0784947,1
2026-06-09 16:44:05,1445,EXP_FAULT_05,RUN_05,cpu_stress,1,currencyservice,currency-f05-06,online-boutique,node-a,0.2457,28.7066,0,166.6711,0.001286,4.7846,3.3093,8.4922,10.8503,16.4209,164.0516,166.4568,0.0631,0.1512,145629.9436,110253.4396,cpu_stress,productcatalogservice,2026-06-09 16:25:00,2026-06-09 16:40:00,post_fault,0.039765168,0
2026-06-09 16:44:10,1450,EXP_FAULT_05,RUN_05,cpu_stress,1,currencyservice,currency-f05-06,online-boutique,node-a,0.2416,29.2162,0,169.9638,0.001613,4.9246,3.4405,8.7397,11.2784,15.101,167.3384,169.6896,0.1511,0.1231,194950.0892,148467.3883,cpu_stress,productcatalogservice,2026-06-09 16:25:00,2026-06-09 16:40:00,post_fault,0.50224847,0
2026-06-09 16:44:15,1455,EXP_FAULT_05,RUN_05,cpu_stress,1,currencyservice,currency-f05-06,online-boutique,node-a,0.2384,29.4033,0,163.9028,0.002228,5.0597,3.4892,8.2572,10.3694,17.0317,161.3045,163.5377,0.2511,0.114,175666.2833,166191.1091,cpu_stress,productcatalogservice,2026-06-09 16:25:00,2026-06-09 16:40:00,post_fault,1.9439207,1
2026-06-09 16:44:20,1460,EXP_FAULT_05,RUN_05,cpu_stress,1,currencyservice,currency-f05-06,online-boutique,node-a,0.2425,30.0388,0,167.3807,0.001878,4.8143,3.6562,8.2289,10.8883,16.4626,164.8424,167.0663,0.1592,0.1552,204126.5371,164009.4572,cpu_stress,productcatalogservice,2026-06-09 16:25:00,2026-06-09 16:40:00,post_fault,0.9554205,0
2026-06-09 16:44:25,1465,EXP_FAULT_05,RUN_05,cpu_stress,1,currencyservice,currency-f05-06,online-boutique,node-a,0.2406,29.0795,0,168.4338,0.001461,5.094,3.8782,8.2038,11.0728,14.8434,165.9126,168.1878,0.126,0.12,188168.4929,172872.1503,cpu_stress,productcatalogservice,2026-06-09 16:25:00,2026-06-09 16:40:00,post_fault,0.652003,0
2026-06-09 16:44:30,1470,EXP_FAULT_05,RUN_05,cpu_stress,1,currencyservice,currency-f05-06,online-boutique,node-a,0.2157,29.5108,0,166.4324,0.001139,5.0917,3.8016,8.1021,11.6734,16.7382,164.0113,166.2429,0.0708,0.1187,136879.1718,116214.7995,cpu_stress,productcatalogservice,2026-06-09 16:25:00,2026-06-09 16:40:00,post_fault,2.0911362,1
2026-06-09 16:44:35,1475,EXP_FAULT_05,RUN_05,cpu_stress,1,currencyservice,currency-f05-06,online-boutique,node-a,0.2299,29.0333,0,162.8698,0.001551,4.7252,3.2908,8.5328,9.9294,14.7026,160.4942,162.6172,0.1184,0.1342,155225.1089,140908.1395,cpu_stress,productcatalogservice,2026-06-09 16:25:00,2026-06-09 16:40:00,post_fault,0.5190904,0
2026-06-09 16:44:40,1480,EXP_FAULT_05,RUN_05,cpu_stress,1,currencyservice,currency-f05-06,online-boutique,node-a,0.2507,29.8602,0,167.2451,0.001729,5.2233,4.1603,9.1828,10.8218,16.0157,164.7934,166.9559,0.1609,0.1283,213648.468,116638.4554,cpu_stress,productcatalogservice,2026-06-09 16:25:00,2026-06-09 16:40:00,post_fault,1.509938,1
2026-06-09 16:44:45,1485,EXP_FAULT_05,RUN_05,cpu_stress,1,currencyservice,currency-f05-06,online-boutique,node-a,0.2565,29.4001,0,162.8071,0.001398,4.7618,3.3085,8.3962,10.2989,14.8076,160.4894,162.5796,0.1032,0.1243,168583.5474,133526.8,cpu_stress,productcatalogservice,2026-06-09 16:25:00,2026-06-09 16:40:00,post_fault,0.34870392,0
2026-06-09 16:44:50,1490,EXP_FAULT_05,RUN_05,cpu_stress,1,currencyservice,currency-f05-06,online-boutique,node-a,0.2376,29.0627,0,167.4558,0.00201,4.8123,3.4429,8.5633,10.1744,15.4593,165.0392,167.1193,0.2233,0.1132,201911.8973,167466.9156,cpu_stress,productcatalogservice,2026-06-09 16:25:00,2026-06-09 16:40:00,post_fault,0.79682404,0
2026-06-09 16:44:55,1495,EXP_FAULT_05,RUN_05,cpu_stress,1,currencyservice,currency-f05-06,online-boutique,node-a,0.2362,29.3959,0,160.7219,0.001355,4.8667,3.7959,8.3441,10.454,14.3897,158.4972,160.5041,0.119,0.0987,148022.3185,121737.3393,cpu_stress,productcatalogservice,2026-06-09 16:25:00,2026-06-09 16:40:00,post_fault,0.50711733,0
2026-06-09 16:45:00,1500,EXP_FAULT_05,RUN_05,cpu_stress,1,currencyservice,currency-f05-06,online-boutique,node-a,0.237,29.109,0,161.2264,0.001981,4.8885,3.6482,8.6487,10.8652,16.2553,158.9564,160.9069,0.1682,0.1512,155012.7971,138357.7627,cpu_stress,productcatalogservice,2026-06-09 16:25:00,2026-06-09 16:40:00,post_fault,1.0102344,1
2026-06-09 16:45:05,1505,EXP_FAULT_05,RUN_05,cpu_stress,1,currencyservice,currency-f05-06,online-boutique,node-a,0.2385,29.0063,0,163.0491,0.001281,4.9076,3.8188,7.585,10.9313,14.2635,160.884,162.8403,0.0688,0.14,166335.0276,117297.2229,cpu_stress,productcatalogservice,2026-06-09 16:25:00,2026-06-09 16:40:00,post_fault,0.2919036,0
2026-06-09 16:45:10,1510,EXP_FAULT_05,RUN_05,cpu_stress,1,currencyservice,currency-f05-06,online-boutique,node-a,0.2434,29.7097,0,159.6486,0.001273,4.9752,3.9578,7.9123,10.0685,15.3697,157.5577,159.4453,0.1037,0.0996,174290.8904,156485.7842,cpu_stress,productcatalogservice,2026-06-09 16:25:00,2026-06-09 16:40:00,post_fault,0.62103945,0
2026-06-09 16:45:15,1515,EXP_FAULT_05,RUN_05,cpu_stress,1,currencyservice,currency-f05-06,online-boutique,node-a,0.2444,29.206,0,162.8378,0.001834,4.8972,3.9002,8.7059,11.145,15.4179,160.7041,162.5391,0.1587,0.1399,162202.6858,153337.2936,cpu_stress,productcatalogservice,2026-06-09 16:25:00,2026-06-09 16:40:00,post_fault,0.68152636,0
2026-06-09 16:45:20,1520,EXP_FAULT_05,RUN_05,cpu_stress,1,currencyservice,currency-f05-06,online-boutique,node-a,0.2426,29.0833,0,155.4909,0.001309,4.7297,3.3746,7.7939,9.6155,13.4965,153.4983,155.2874,0.108,0.0955,146310.9649,101543.1834,cpu_stress,productcatalogservice,2026-06-09 16:25:00,2026-06-09 16:40:00,post_fault,0.20715337,0
2026-06-09 16:45:25,1525,EXP_FAULT_05,RUN_05,cpu_stress,1,currencyservice,currency-f05-06,online-boutique,node-a,0.2539,29.404,0,157.5147,0.00112,4.5882,3.4313,7.2169,9.1785,14.8123,155.5361,157.3384,0.0412,0.1351,169052.6986,104653.9606,cpu_stress,productcatalogservice,2026-06-09 16:25:00,2026-06-09 16:40:00,post_fault,0.3121692,0
2026-06-09 16:45:30,1530,EXP_FAULT_05,RUN_05,cpu_stress,1,currencyservice,currency-f05-06,online-boutique,node-a,0.2515,29.7548,0,159.4113,0.001111,5.1357,3.7785,8.7989,10.8322,16.2319,157.4339,159.2342,0.0851,0.092,134053.7814,140986.029,cpu_stress,productcatalogservice,2026-06-09 16:25:00,2026-06-09 16:40:00,post_fault,0.8496059,0
2026-06-09 16:45:35,1535,EXP_FAULT_05,RUN_05,cpu_stress,1,currencyservice,currency-f05-06,online-boutique,node-a,0.2336,29.3865,0,155.5851,0.001234,4.8542,3.4604,7.9527,9.9764,14.1426,153.6496,155.3931,0.0788,0.1132,133905.7946,128059.3991,cpu_stress,productcatalogservice,2026-06-09 16:25:00,2026-06-09 16:40:00,post_fault,0.49363804,0
2026-06-09 16:45:40,1540,EXP_FAULT_05,RUN_05,cpu_stress,1,currencyservice,currency-f05-06,online-boutique,node-a,0.234,29.4417,0,151.5207,0.001281,4.7932,3.4643,7.7744,10.1504,14.1145,149.6794,151.3266,0.0956,0.0985,124506.0658,102815.4132,cpu_stress,productcatalogservice,2026-06-09 16:25:00,2026-06-09 16:40:00,post_fault,0.49308902,0
2026-06-09 16:45:45,1545,EXP_FAULT_05,RUN_05,cpu_stress,1,currencyservice,currency-f05-06,online-boutique,node-a,0.2308,29.9199,0,148.3069,0.001899,4.8518,3.7987,8.2502,10.2545,14.7104,146.4982,148.0252,0.1911,0.0906,153465.3629,144929.7133,cpu_stress,productcatalogservice,2026-06-09 16:25:00,2026-06-09 16:40:00,post_fault,1.7645966,1
2026-06-09 16:45:50,1550,EXP_FAULT_05,RUN_05,cpu_stress,1,currencyservice,currency-f05-06,online-boutique,node-a,0.2288,28.9891,0,148.4269,0.002252,4.5153,3.5839,7.6255,10.2306,14.0611,146.6152,148.0927,0.2219,0.1123,166192.5944,137058.833,cpu_stress,productcatalogservice,2026-06-09 16:25:00,2026-06-09 16:40:00,post_fault,0.9582184,0
2026-06-09 16:45:55,1555,EXP_FAULT_05,RUN_05,cpu_stress,1,currencyservice,currency-f05-06,online-boutique,node-a,0.2368,30.0789,0,148.6822,0.001109,5.071,4.0635,8.2738,10.4948,14.3243,146.9627,148.5172,0.0665,0.0984,176195.9261,143927.6625,cpu_stress,productcatalogservice,2026-06-09 16:25:00,2026-06-09 16:40:00,post_fault,1.15699,1
2026-06-09 16:46:00,1560,EXP_FAULT_05,RUN_05,cpu_stress,1,currencyservice,currency-f05-06,online-boutique,node-a,0.24,29.2894,0,150.1248,0.000976,4.8773,3.6559,7.6743,10.5444,13.9239,148.4246,149.9783,0.0406,0.1059,140933.3106,125362.9659,cpu_stress,productcatalogservice,2026-06-09 16:25:00,2026-06-09 16:40:00,post_fault,0.3872278,0
2026-06-09 16:46:05,1565,EXP_FAULT_05,RUN_05,cpu_stress,1,currencyservice,currency-f05-06,online-boutique,node-a,0.239,29.6068,0,143.0844,0.001519,4.8287,3.6324,7.997,9.9083,14.6128,141.4302,142.867,0.1286,0.0888,135268.6218,137676.6673,cpu_stress,productcatalogservice,2026-06-09 16:25:00,2026-06-09 16:40:00,post_fault,1.039659,1
2026-06-09 16:46:10,1570,EXP_FAULT_05,RUN_05,cpu_stress,1,currencyservice,currency-f05-06,online-boutique,node-a,0.2265,29.3324,0,143.7901,0.001979,4.7674,3.7277,8.4953,9.3623,15.6768,142.1363,143.5056,0.2049,0.0796,147136.2045,136523.7425,cpu_stress,productcatalogservice,2026-06-09 16:25:00,2026-06-09 16:40:00,post_fault,1.5625219,1
2026-06-09 16:46:15,1575,EXP_FAULT_05,RUN_05,cpu_stress,1,currencyservice,currency-f05-06,online-boutique,node-a,0.233,29.3215,0,144.7514,0.001394,4.8151,3.6671,7.7438,10.0667,14.5795,143.1097,144.5496,0.1151,0.0867,165359.2698,95253.1491,cpu_stress,productcatalogservice,2026-06-09 16:25:00,2026-06-09 16:40:00,post_fault,0.7456727,0
2026-06-09 16:46:20,1580,EXP_FAULT_05,RUN_05,cpu_stress,1,currencyservice,currency-f05-06,online-boutique,node-a,0.2332,29.3023,0,139.7074,0.001825,4.5696,3.4581,7.0064,9.1642,13.1342,138.1507,139.4524,0.1704,0.0846,144291.6692,126630.04,cpu_stress,productcatalogservice,2026-06-09 16:25:00,2026-06-09 16:40:00,post_fault,0.7657382,0
2026-06-09 16:46:25,1585,EXP_FAULT_05,RUN_05,cpu_stress,1,currencyservice,currency-f05-06,online-boutique,node-a,0.2292,30.0547,0,144.86,0.001543,4.4817,3.2607,7.1814,8.9938,12.8646,143.2775,144.6364,0.1224,0.1011,126004.0609,105042.868,cpu_stress,productcatalogservice,2026-06-09 16:25:00,2026-06-09 16:40:00,post_fault,0.55535364,0
2026-06-09 16:46:30,1590,EXP_FAULT_05,RUN_05,cpu_stress,1,currencyservice,currency-f05-06,online-boutique,node-a,0.2341,29.7287,0,145.8574,0.002004,4.9187,3.8646,8.7757,10.7518,15.493,144.2231,145.565,0.206,0.0864,120459.7238,128274.7774,cpu_stress,productcatalogservice,2026-06-09 16:25:00,2026-06-09 16:40:00,post_fault,2.0291617,1
2026-06-09 16:46:35,1595,EXP_FAULT_05,RUN_05,cpu_stress,1,currencyservice,currency-f05-06,online-boutique,node-a,0.2391,29.2151,0,142.8599,0.00122,5.1756,3.5782,9.2295,11.2969,15.6705,141.3501,142.6855,0.0894,0.0849,143678.0803,101880.199,cpu_stress,productcatalogservice,2026-06-09 16:25:00,2026-06-09 16:40:00,post_fault,1.4700725,1
2026-06-09 16:46:40,1600,EXP_FAULT_05,RUN_05,cpu_stress,1,currencyservice,currency-f05-06,online-boutique,node-a,0.2552,29.6761,0,142.3655,0.000948,4.2109,2.9177,7.2223,9.0977,11.3578,140.915,142.2306,0.0373,0.0976,142795.4792,131652.1226,cpu_stress,productcatalogservice,2026-06-09 16:25:00,2026-06-09 16:40:00,post_fault,0.9392141,0
2026-06-09 16:46:45,1605,EXP_FAULT_05,RUN_05,cpu_stress,1,currencyservice,currency-f05-06,online-boutique,node-a,0.22,29.3596,0,146.9547,0.001638,3.9901,2.8469,6.232,8.6619,12.0686,145.4146,146.7139,0.128,0.1127,165064.1353,113890.8999,cpu_stress,productcatalogservice,2026-06-09 16:25:00,2026-06-09 16:40:00,post_fault,0.40777373,0
2026-06-09 16:46:50,1610,EXP_FAULT_05,RUN_05,cpu_stress,1,currencyservice,currency-f05-06,online-boutique,node-a,0.2473,29.4931,0,143.5281,0.001971,4.9843,3.5457,8.1828,10.194,15.0094,142.0569,143.2453,0.2111,0.0718,161136.7287,113342.42,cpu_stress,productcatalogservice,2026-06-09 16:25:00,2026-06-09 16:40:00,post_fault,1.9895474,1
2026-06-09 16:46:55,1615,EXP_FAULT_05,RUN_05,cpu_stress,1,currencyservice,currency-f05-06,online-boutique,node-a,0.2409,30.0001,0,141.2012,0.001768,4.5136,3.375,7.8905,8.9719,12.4375,139.7744,140.9517,0.1598,0.0898,162839.6145,119570.8915,cpu_stress,productcatalogservice,2026-06-09 16:25:00,2026-06-09 16:40:00,post_fault,0.76901376,0
2026-06-09 16:47:00,1620,EXP_FAULT_05,RUN_05,cpu_stress,1,currencyservice,currency-f05-06,online-boutique,node-a,0.2483,29.6871,0,141.91,0.001303,4.5211,3.3508,7.7366,9.1888,12.7535,140.4899,141.7251,0.112,0.0728,165633.2833,118395.3299,cpu_stress,productcatalogservice,2026-06-09 16:25:00,2026-06-09 16:40:00,post_fault,0.6060092,0
2026-06-09 16:47:05,1625,EXP_FAULT_05,RUN_05,cpu_stress,1,currencyservice,currency-f05-06,online-boutique,node-a,0.2189,29.4111,0,142.3832,0.000734,4.9692,3.4891,7.9891,10.345,13.3915,141.0313,142.2787,0.0402,0.0643,149426.0358,119163.4667,cpu_stress,productcatalogservice,2026-06-09 16:25:00,2026-06-09 16:40:00,post_fault,1.09592,1
2026-06-09 16:47:10,1630,EXP_FAULT_05,RUN_05,cpu_stress,1,currencyservice,currency-f05-06,online-boutique,node-a,0.2365,29.1487,0,148.333,0.001723,4.6185,3.3014,7.1734,9.2696,14.9357,146.8526,148.0774,0.1649,0.0908,139213.1377,141646.7838,cpu_stress,productcatalogservice,2026-06-09 16:25:00,2026-06-09 16:40:00,post_fault,0.46489483,0
2026-06-09 16:47:15,1635,EXP_FAULT_05,RUN_05,cpu_stress,1,currencyservice,currency-f05-06,online-boutique,node-a,0.2365,29.7572,0,145.3656,0.002213,4.3909,3.2842,7.1388,8.9347,12.417,143.8611,145.0438,0.2183,0.1034,128543.3503,113868.5684,cpu_stress,productcatalogservice,2026-06-09 16:25:00,2026-06-09 16:40:00,post_fault,0.8292898,0
2026-06-09 16:47:20,1640,EXP_FAULT_05,RUN_05,cpu_stress,1,currencyservice,currency-f05-06,online-boutique,node-a,0.232,29.2213,0,144.8439,0.001464,3.957,2.9826,6.9103,7.8511,11.9626,143.495,144.6319,0.109,0.1029,165413.596,120074.6905,cpu_stress,productcatalogservice,2026-06-09 16:25:00,2026-06-09 16:40:00,post_fault,0.033555087,0
2026-06-09 16:47:25,1645,EXP_FAULT_05,RUN_05,cpu_stress,1,currencyservice,currency-f05-06,online-boutique,node-a,0.2358,30.1035,0,144.7668,0.001378,4.6935,3.4147,7.5158,9.0241,13.8054,143.4252,144.5673,0.1384,0.0611,182634.9149,132877.7466,cpu_stress,productcatalogservice,2026-06-09 16:25:00,2026-06-09 16:40:00,post_fault,0.66821146,0
2026-06-09 16:47:30,1650,EXP_FAULT_05,RUN_05,cpu_stress,1,currencyservice,currency-f05-06,online-boutique,node-a,0.2333,29.6167,0,142.9549,0.001386,4.7413,3.4379,7.6143,9.2797,13.8126,141.6178,142.7568,0.1293,0.0689,182770.846,134822.6865,cpu_stress,productcatalogservice,2026-06-09 16:25:00,2026-06-09 16:40:00,post_fault,0.7181604,0
2026-06-09 16:47:35,1655,EXP_FAULT_05,RUN_05,cpu_stress,1,currencyservice,currency-f05-06,online-boutique,node-a,0.2245,29.276,0,148.3823,0.001707,4.774,3.59,8.0701,10.5904,15.1798,147.0087,148.129,0.1743,0.079,142105.8992,141776.3067,cpu_stress,productcatalogservice,2026-06-09 16:25:00,2026-06-09 16:40:00,post_fault,1.1623225,1
2026-06-09 16:47:40,1660,EXP_FAULT_05,RUN_05,cpu_stress,1,currencyservice,currency-f05-06,online-boutique,node-a,0.2221,29.2377,0,151.0009,0.001097,4.5824,3.3136,7.1559,8.725,13.3033,149.6551,150.8352,0.0698,0.0958,152605.8383,101292.2607,cpu_stress,productcatalogservice,2026-06-09 16:25:00,2026-06-09 16:40:00,post_fault,0.33577025,0
2026-06-09 16:47:45,1665,EXP_FAULT_05,RUN_05,cpu_stress,1,currencyservice,currency-f05-06,online-boutique,node-a,0.2379,29.6335,0,139.0999,0.000903,4.4129,3.3672,6.9291,9.6866,13.0146,137.9047,138.9744,0.0684,0.0571,150931.0702,139702.6902,cpu_stress,productcatalogservice,2026-06-09 16:25:00,2026-06-09 16:40:00,post_fault,0.22194111,0
2026-06-09 16:47:50,1670,EXP_FAULT_05,RUN_05,cpu_stress,1,currencyservice,currency-f05-06,online-boutique,node-a,0.234,29.4777,0,144.9031,0.001669,4.987,3.4764,8.5567,10.8019,13.5396,143.6086,144.6612,0.1789,0.063,165286.9221,132215.8723,cpu_stress,productcatalogservice,2026-06-09 16:25:00,2026-06-09 16:40:00,post_fault,1.5811625,1
2026-06-09 16:47:55,1675,EXP_FAULT_05,RUN_05,cpu_stress,1,currencyservice,currency-f05-06,online-boutique,node-a,0.2308,29.3182,0,150.21,0.001001,4.7492,3.8083,7.2035,10.4835,13.6558,148.9469,150.0597,0.0792,0.0711,158428.4035,143852.4423,cpu_stress,productcatalogservice,2026-06-09 16:25:00,2026-06-09 16:40:00,post_fault,0.2640425,0
2026-06-09 16:48:00,1680,EXP_FAULT_05,RUN_05,cpu_stress,1,currencyservice,currency-f05-06,online-boutique,node-a,0.2459,29.7134,0,149.2338,0.001111,4.9062,3.6889,8.1583,10.6755,13.625,147.9752,149.0679,0.0934,0.0724,137065.5985,104415.455,cpu_stress,productcatalogservice,2026-06-09 16:25:00,2026-06-09 16:40:00,post_fault,0.70461386,0
2026-06-09 16:48:05,1685,EXP_FAULT_05,RUN_05,cpu_stress,1,currencyservice,currency-f05-06,online-boutique,node-a,0.2435,29.52,0,145.5714,0.001418,3.9675,2.9265,6.2795,8.0455,11.1134,144.32,145.365,0.1326,0.0739,172613.0915,144319.0542,cpu_stress,productcatalogservice,2026-06-09 16:25:00,2026-06-09 16:40:00,post_fault,0.13196589,0
2026-06-09 16:48:10,1690,EXP_FAULT_05,RUN_05,cpu_stress,1,currencyservice,currency-f05-06,online-boutique,node-a,0.2315,29.144,0,145.0323,0.000907,4.5398,3.2352,7.9093,9.9358,12.1742,143.867,144.9008,0.0562,0.0753,180088.922,109785.4006,cpu_stress,productcatalogservice,2026-06-09 16:25:00,2026-06-09 16:40:00,post_fault,0.062734365,0
2026-06-09 16:48:15,1695,EXP_FAULT_05,RUN_05,cpu_stress,1,currencyservice,currency-f05-06,online-boutique,node-a,0.244,29.5971,0,139.1968,0.001287,4.9507,3.7148,8.4728,9.6297,13.9342,138.0424,139.0177,0.1295,0.0497,165802.0473,142545.6583,cpu_stress,productcatalogservice,2026-06-09 16:25:00,2026-06-09 16:40:00,post_fault,1.3612931,1
2026-06-09 16:48:20,1700,EXP_FAULT_05,RUN_05,cpu_stress,1,currencyservice,currency-f05-06,online-boutique,node-a,0.2234,29.2761,0,134.8658,0.000929,4.3005,3.1976,7.5042,8.5077,12.1945,133.8063,134.7404,0.0389,0.0864,169942.5766,138976.7972,cpu_stress,productcatalogservice,2026-06-09 16:25:00,2026-06-09 16:40:00,post_fault,0.08015618,0
2026-06-09 16:48:25,1705,EXP_FAULT_05,RUN_05,cpu_stress,1,currencyservice,currency-f05-06,online-boutique,node-a,0.2271,29.2584,0,139.9621,0.001639,4.6709,3.5113,7.2191,9.7428,13.7946,138.8329,139.7327,0.1604,0.069,156548.4158,123264.1676,cpu_stress,productcatalogservice,2026-06-09 16:25:00,2026-06-09 16:40:00,post_fault,0.87303174,0
2026-06-09 16:48:30,1710,EXP_FAULT_05,RUN_05,cpu_stress,1,currencyservice,currency-f05-06,online-boutique,node-a,0.236,29.4641,0,141.2173,0.001072,4.4058,3.1472,6.7451,8.7487,11.8816,140.1381,141.066,0.0963,0.055,162726.4925,116379.1936,cpu_stress,productcatalogservice,2026-06-09 16:25:00,2026-06-09 16:40:00,post_fault,0.13425165,0
2026-06-09 16:48:35,1715,EXP_FAULT_05,RUN_05,cpu_stress,1,currencyservice,currency-f05-06,online-boutique,node-a,0.2295,28.9231,0,138.9409,0.001004,4.6339,3.2305,7.3225,9.7112,14.3366,137.9006,138.8013,0.0901,0.0495,171469.4487,92333.4721,cpu_stress,productcatalogservice,2026-06-09 16:25:00,2026-06-09 16:40:00,post_fault,0.22015849,0
2026-06-09 16:48:40,1720,EXP_FAULT_05,RUN_05,cpu_stress,1,currencyservice,currency-f05-06,online-boutique,node-a,0.2228,29.1903,0,139.0491,0.001352,4.6272,3.644,8.0214,9.0997,14.2475,137.9612,138.8612,0.0975,0.0904,176574.1569,135334.5247,cpu_stress,productcatalogservice,2026-06-09 16:25:00,2026-06-09 16:40:00,post_fault,0.5841068,0
2026-06-09 16:48:45,1725,EXP_FAULT_05,RUN_05,cpu_stress,1,currencyservice,currency-f05-06,online-boutique,node-a,0.2328,30.0242,0,135.048,0.00176,4.7797,3.5585,7.9146,9.0837,12.9708,133.9804,134.8103,0.1512,0.0865,167535.087,124579.0041,cpu_stress,productcatalogservice,2026-06-09 16:25:00,2026-06-09 16:40:00,post_fault,1.7195847,1
2026-06-09 16:48:50,1730,EXP_FAULT_05,RUN_05,cpu_stress,1,currencyservice,currency-f05-06,online-boutique,node-a,0.2186,29.4432,0,136.2323,0.001406,4.6428,3.7036,7.205,9.5166,14.5417,135.1872,136.0407,0.1113,0.0803,171338.6747,118996.746,cpu_stress,productcatalogservice,2026-06-09 16:25:00,2026-06-09 16:40:00,post_fault,0.9854601,1
2026-06-09 16:48:55,1735,EXP_FAULT_05,RUN_05,cpu_stress,1,currencyservice,currency-f05-06,online-boutique,node-a,0.2386,29.1739,0,136.3756,0.00209,4.4363,3.1124,7.1304,9.0795,11.8366,135.2744,136.0906,0.2076,0.0775,138218.5132,96327.8701,cpu_stress,productcatalogservice,2026-06-09 16:25:00,2026-06-09 16:40:00,post_fault,0.7519845,0
2026-06-09 16:49:00,1740,EXP_FAULT_05,RUN_05,cpu_stress,1,currencyservice,currency-f05-06,online-boutique,node-a,0.2313,29.833,0,131.4788,0.001383,5.0097,3.9953,8.3794,10.593,14.8265,130.4949,131.297,0.1266,0.0552,133768.401,101993.4085,cpu_stress,productcatalogservice,2026-06-09 16:25:00,2026-06-09 16:40:00,post_fault,2.0145488,1
2026-06-09 16:49:05,1745,EXP_FAULT_05,RUN_05,cpu_stress,1,currencyservice,currency-f05-06,online-boutique,node-a,0.2197,29.4732,0,131.6305,0.001603,4.6467,3.7292,8.1161,9.6111,12.1369,130.6913,131.4195,0.1408,0.0702,161664.898,117363.3217,cpu_stress,productcatalogservice,2026-06-09 16:25:00,2026-06-09 16:40:00,post_fault,1.3186913,1
2026-06-09 16:49:10,1750,EXP_FAULT_05,RUN_05,cpu_stress,1,currencyservice,currency-f05-06,online-boutique,node-a,0.2398,29.4149,0,133.7927,0.0013,4.0249,2.9341,6.6923,7.7736,12.2555,132.8461,133.6188,0.0993,0.0747,166690.5357,106401.1086,cpu_stress,productcatalogservice,2026-06-09 16:25:00,2026-06-09 16:40:00,post_fault,0.23443902,0
2026-06-09 16:49:15,1755,EXP_FAULT_05,RUN_05,cpu_stress,1,currencyservice,currency-f05-06,online-boutique,node-a,0.2214,29.6055,0,135.9577,0.000974,4.3422,3.066,7.1506,8.5875,12.2938,134.9934,135.8252,0.055,0.0775,127165.0121,90248.9641,cpu_stress,productcatalogservice,2026-06-09 16:25:00,2026-06-09 16:40:00,post_fault,0.14446199,0
2026-06-09 16:49:20,1760,EXP_FAULT_05,RUN_05,cpu_stress,1,currencyservice,currency-f05-06,online-boutique,node-a,0.2262,29.4647,0,129.648,0.001453,4.3663,3.2708,7.0497,8.8455,13.0425,128.696,129.4595,0.147,0.0414,115223.6424,92887.1559,cpu_stress,productcatalogservice,2026-06-09 16:25:00,2026-06-09 16:40:00,post_fault,0.45741493,0
2026-06-09 16:49:25,1765,EXP_FAULT_05,RUN_05,cpu_stress,1,currencyservice,currency-f05-06,online-boutique,node-a,0.2323,29.1932,0,138.1055,0.001801,4.435,3.5688,7.2477,9.0747,11.5344,137.0472,137.8567,0.1726,0.0761,146753.9933,138195.5264,cpu_stress,productcatalogservice,2026-06-09 16:25:00,2026-06-09 16:40:00,post_fault,0.49149412,0
2026-06-09 16:49:30,1770,EXP_FAULT_05,RUN_05,cpu_stress,1,currencyservice,currency-f05-06,online-boutique,node-a,0.2417,29.394,0,131.7951,0.001509,4.633,3.4313,8.1157,9.9786,13.7961,130.862,131.5962,0.1391,0.0598,148756.1785,135935.9998,cpu_stress,productcatalogservice,2026-06-09 16:25:00,2026-06-09 16:40:00,post_fault,1.0771967,1
2026-06-09 16:49:35,1775,EXP_FAULT_05,RUN_05,cpu_stress,1,currencyservice,currency-f05-06,online-boutique,node-a,0.2382,29.5433,0,134.5674,0.001636,4.0433,3.0153,6.9228,8.1915,10.4944,133.5863,134.3472,0.1433,0.0768,111617.7368,125995.034,cpu_stress,productcatalogservice,2026-06-09 16:25:00,2026-06-09 16:40:00,post_fault,0.14126955,0
2026-06-09 16:49:40,1780,EXP_FAULT_05,RUN_05,cpu_stress,1,currencyservice,currency-f05-06,online-boutique,node-a,0.2321,29.5354,0,131.7343,0.001181,4.483,3.1336,7.6789,8.9764,13.7479,130.7865,131.5787,0.0811,0.0745,150437.4716,121341.7079,cpu_stress,productcatalogservice,2026-06-09 16:25:00,2026-06-09 16:40:00,post_fault,0.42322335,0
2026-06-09 16:49:45,1785,EXP_FAULT_05,RUN_05,cpu_stress,1,currencyservice,currency-f05-06,online-boutique,node-a,0.2349,29.7138,0,137.7185,0.001155,4.7403,3.377,8.0469,10.2782,13.6344,136.7432,137.5594,0.0716,0.0875,152447.9716,97320.9139,cpu_stress,productcatalogservice,2026-06-09 16:25:00,2026-06-09 16:40:00,post_fault,0.7050257,0
2026-06-09 16:49:50,1790,EXP_FAULT_05,RUN_05,cpu_stress,1,currencyservice,currency-f05-06,online-boutique,node-a,0.2396,29.4989,0,134.4261,0.001021,4.3495,3.1584,7.3454,8.5072,11.5363,133.4968,134.2889,0.0773,0.0599,138327.1702,123817.949,cpu_stress,productcatalogservice,2026-06-09 16:25:00,2026-06-09 16:40:00,post_fault,0.37702933,0
2026-06-09 16:49:55,1795,EXP_FAULT_05,RUN_05,cpu_stress,1,currencyservice,currency-f05-06,online-boutique,node-a,0.2499,28.6982,0,139.2554,0.001624,4.4913,3.2391,7.4245,8.4707,13.3246,138.2318,139.0293,0.1601,0.066,172441.089,132107.1829,cpu_stress,productcatalogservice,2026-06-09 16:25:00,2026-06-09 16:40:00,post_fault,0.7200364,0
