timestamp,relative_time_sec,experiment_id,run_id,scenario,label,service,pod,namespace,node,cpu_usage,memory_usage_mb,restart_count,request_rate,error_rate,avg_latency_ms,p50_latency_ms,p90_latency_ms,p95_latency_ms,p99_latency_ms,throughput,http_2xx_rate,http_4xx_rate,http_5xx_rate,network_receive_bytes,network_transmit_bytes,fault_type,fault_service,fault_start_time,fault_end_time,fault_phase,anomaly_score,prediction
2026-06-09 14:00:00,0,EXP_FAULT_01,RUN_01,pod_kill,1,cartservice,cart-f01-02,online-boutique,node-c,0.3681,41.8216,0,247.4882,0.001544,9.6205,7.6278,13.9532,19.254,23.8313,247.2213,247.1061,0.3174,0.0646,277182.1658,164067.1688,pod_kill,coupon-service,2026-06-09 14:05:00,2026-06-09 14:20:00,pre_fault,0.16974464,0
2026-06-09 14:00:05,5,EXP_FAULT_01,RUN_01,pod_kill,1,cartservice,cart-f01-02,online-boutique,node-c,0.3714,41.3158,0,253.6277,0.00149,10.3322,7.3195,16.0808,18.1238,28.5971,253.4424,253.2497,0.3537,0.0243,261358.6958,237394.0467,pod_kill,coupon-service,2026-06-09 14:05:00,2026-06-09 14:20:00,pre_fault,0.4161273,0
2026-06-09 14:00:10,10,EXP_FAULT_01,RUN_01,pod_kill,1,cartservice,cart-f01-02,online-boutique,node-c,0.3717,42.5582,0,247.1573,0.000922,9.9943,7.3679,15.3981,20.2836,25.4152,247.0422,246.9294,0.1874,0.0405,282952.8487,163296.2031,pod_kill,coupon-service,2026-06-09 14:05:00,2026-06-09 14:20:00,pre_fault,0.037310354,0
2026-06-09 14:00:15,15,EXP_FAULT_01,RUN_01,pod_kill,1,cartservice,cart-f01-02,online-boutique,node-c,0.3545,42.2756,0,253.617,0.001296,10.3809,7.7018,16.6867,19.7442,28.6047,253.4666,253.2882,0.2519,0.0768,291568.3283,204518.5098,pod_kill,coupon-service,2026-06-09 14:05:00,2026-06-09 14:20:00,pre_fault,0.96566486,1
2026-06-09 14:00:20,20,EXP_FAULT_01,RUN_01,pod_kill,1,cartservice,cart-f01-02,online-boutique,node-c,0.3851,42.6559,0,251.2727,0.001801,9.9979,7.5142,15.5946,20.2711,24.9425,250.9562,250.8201,0.3982,0.0544,282588.8742,212654.6514,pod_kill,coupon-service,2026-06-09 14:05:00,2026-06-09 14:20:00,pre_fault,0.16309914,0
2026-06-09 14:00:25,25,EXP_FAULT_01,RUN_01,pod_kill,1,cartservice,cart-f01-02,online-boutique,node-c,0.3701,41.1145,0,250.4845,0.000929,9.7432,7.1008,15.3745,18.1485,25.8197,250.3732,250.2518,0.2027,0.03,241392.5954,208255.2132,pod_kill,coupon-service,2026-06-09 14:05:00,2026-06-09 14:20:00,pre_fault,0.069083884,0
2026-06-09 14:00:30,30,EXP_FAULT_01,RUN_01,pod_kill,1,cartservice,cart-f01-02,online-boutique,node-c,0.378,41.391,0,263.911,0.001571,9.3893,7.4432,14.002,18.0444,25.7109,263.7249,263.4964,0.3833,0.0312,325891.4244,177031.3352,pod_kill,coupon-service,2026-06-09 14:05:00,2026-06-09 14:20:00,pre_fault,0.70140624,1
2026-06-09 14:00:35,35,EXP_FAULT_01,RUN_01,pod_kill,1,cartservice,cart-f01-02,online-boutique,node-c,0.3791,41.1226,0,252.688,0.001195,10.3489,8.2158,15.0654,19.8103,24.663,252.5076,252.386,0.2243,0.0777,273109.3177,220273.916,pod_kill,coupon-service,2026-06-09 14:05:00,2026-06-09 14:20:00,pre_fault,0.1696212,0
2026-06-09 14:00:40,40,EXP_FAULT_01,RUN_01,pod_kill,1,cartservice,cart-f01-02,online-boutique,node-c,0.3761,41.7474,0,251.3039,0.000786,10.1085,7.425,16.3734,17.7169,28.3433,251.2289,251.1065,0.183,0.0144,207460.9411,191727.4191,pod_kill,coupon-service,2026-06-09 14:05:00,2026-06-09 14:20:00,pre_fault,0.0352534,0
2026-06-09 14:00:45,45,EXP_FAULT_01,RUN_01,pod_kill,1,cartservice,cart-f01-02,online-boutique,node-c,0.4119,41.9553,0,252.6816,0.000768,10.2011,7.375,16.0489,19.637,27.0676,252.583,252.4874,0.193,0.0011,213537.2566,219479.2329,pod_kill,coupon-service,2026-06-09 14:05:00,2026-06-09 14:20:00,pre_fault,0.63393766,0
2026-06-09 14:00:50,50,EXP_FAULT_01,RUN_01,pod_kill,1,cartservice,cart-f01-02,online-boutique,node-c,0.3474,41.62,0,251.4041,0.000623,9.5842,6.9802,14.4715,18.9722,23.025,251.3144,251.2474,0.1375,0.0192,307961.8503,201186.6366,pod_kill,coupon-service,2026-06-09 14:05:00,2026-06-09 14:20:00,pre_fault,0.4218072,0
2026-06-09 14:00:55,55,EXP_FAULT_01,RUN_01,pod_kill,1,cartservice,cart-f01-02,online-boutique,node-c,0.3728,42.3854,0,248.0936,0.001283,10.4671,7.8364,15.6217,20.7072,28.2153,247.9353,247.7754,0.3004,0.0178,272704.7937,175035.2057,pod_kill,coupon-service,2026-06-09 14:05:00,2026-06-09 14:20:00,pre_fault,0.23964992,0
2026-06-09 14:01:00,60,EXP_FAULT_01,RUN_01,pod_kill,1,cartservice,cart-f01-02,online-boutique,node-c,0.3631,41.8862,0,238.1516,0.000752,10.0666,7.9873,14.9852,19.1769,27.6818,238.0247,237.9724,0.1514,0.0277,223569.9071,246175.1178,pod_kill,coupon-service,2026-06-09 14:05:00,2026-06-09 14:20:00,pre_fault,0.12217808,0
2026-06-09 14:01:05,65,EXP_FAULT_01,RUN_01,pod_kill,1,cartservice,cart-f01-02,online-boutique,node-c,0.372,41.2727,0,254.3339,0.000543,10.2225,7.7549,15.5199,19.2248,26.7781,254.2349,254.1958,0.0772,0.0609,213486.846,185353.8034,pod_kill,coupon-service,2026-06-09 14:05:00,2026-06-09 14:20:00,pre_fault,0.10640578,0
2026-06-09 14:01:10,70,EXP_FAULT_01,RUN_01,pod_kill,1,cartservice,cart-f01-02,online-boutique,node-c,0.3524,41.3751,0,243.4377,0.00104,10.0765,7.3324,14.6268,20.5641,25.7808,243.288,243.1845,0.2422,0.011,267626.6549,174666.9546,pod_kill,coupon-service,2026-06-09 14:05:00,2026-06-09 14:20:00,pre_fault,0.6001239,0
2026-06-09 14:01:15,75,EXP_FAULT_01,RUN_01,pod_kill,1,cartservice,cart-f01-02,online-boutique,node-c,0.3589,41.743,0,236.7234,0.001702,9.2627,6.9142,13.6389,16.8911,26.2352,236.4715,236.3205,0.3361,0.0669,204630.4697,187869.525,pod_kill,coupon-service,2026-06-09 14:05:00,2026-06-09 14:20:00,pre_fault,0.2599283,0
2026-06-09 14:01:20,80,EXP_FAULT_01,RUN_01,pod_kill,1,cartservice,cart-f01-02,online-boutique,node-c,0.3391,41.8276,0,236.745,0.000419,9.5574,7.8118,15.0454,17.2255,24.4016,236.6841,236.6458,0.0829,0.0163,255239.7251,163011.6962,pod_kill,coupon-service,2026-06-09 14:05:00,2026-06-09 14:20:00,pre_fault,0.4550434,0
2026-06-09 14:01:25,85,EXP_FAULT_01,RUN_01,pod_kill,1,cartservice,cart-f01-02,online-boutique,node-c,0.3653,41.1297,0,238.5189,0.000356,9.683,7.6519,14.9386,17.6178,26.4003,238.4835,238.4339,0.0622,0.0227,299775.1396,180991.4275,pod_kill,coupon-service,2026-06-09 14:05:00,2026-06-09 14:20:00,pre_fault,0.0043568024,0
2026-06-09 14:01:30,90,EXP_FAULT_01,RUN_01,pod_kill,1,cartservice,cart-f01-02,online-boutique,node-c,0.3635,41.9745,0,238.808,0.001267,9.855,7.506,15.8097,19.4013,23.8674,238.6606,238.5054,0.284,0.0186,231550.6698,208082.0907,pod_kill,coupon-service,2026-06-09 14:05:00,2026-06-09 14:20:00,pre_fault,0.12405126,0
2026-06-09 14:01:35,95,EXP_FAULT_01,RUN_01,pod_kill,1,cartservice,cart-f01-02,online-boutique,node-c,0.3817,42.2769,0,234.1674,0.000499,9.1265,6.6272,14.3971,17.8158,22.7932,234.097,234.0505,0.105,0.0118,262237.6698,220605.2303,pod_kill,coupon-service,2026-06-09 14:05:00,2026-06-09 14:20:00,pre_fault,0.51176536,0
2026-06-09 14:01:40,100,EXP_FAULT_01,RUN_01,pod_kill,1,cartservice,cart-f01-02,online-boutique,node-c,0.3682,41.8108,0,235.1609,0.000498,9.6265,7.8582,15.0025,18.5525,26.654,235.0843,235.0437,0.1157,0.0014,247839.4295,243732.9513,pod_kill,coupon-service,2026-06-09 14:05:00,2026-06-09 14:20:00,pre_fault,0.0088979285,0
2026-06-09 14:01:45,105,EXP_FAULT_01,RUN_01,pod_kill,1,cartservice,cart-f01-02,online-boutique,node-c,0.3644,42.1384,0,236.902,0.001717,10.0249,7.9542,15.7953,19.6098,26.221,236.6346,236.4952,0.3577,0.0491,246868.2586,220333.7716,pod_kill,coupon-service,2026-06-09 14:05:00,2026-06-09 14:20:00,pre_fault,0.23590139,0
2026-06-09 14:01:50,110,EXP_FAULT_01,RUN_01,pod_kill,1,cartservice,cart-f01-02,online-boutique,node-c,0.3728,41.8615,0,230.9947,0.001155,9.9321,7.0439,14.4306,18.2311,27.4611,230.8541,230.7279,0.2411,0.0258,197410.9396,196913.8899,pod_kill,coupon-service,2026-06-09 14:05:00,2026-06-09 14:20:00,pre_fault,0.007178751,0
2026-06-09 14:01:55,115,EXP_FAULT_01,RUN_01,pod_kill,1,cartservice,cart-f01-02,online-boutique,node-c,0.3648,42.3412,0,233.2765,0.000912,9.381,7.6866,15.5969,18.4537,25.107,233.1264,233.0637,0.1869,0.0259,290627.0382,218707.9195,pod_kill,coupon-service,2026-06-09 14:05:00,2026-06-09 14:20:00,pre_fault,0.005723863,0
2026-06-09 14:02:00,120,EXP_FAULT_01,RUN_01,pod_kill,1,cartservice,cart-f01-02,online-boutique,node-c,0.3764,42.414,0,231.3334,0.000866,9.9115,7.3092,16.0533,17.8845,23.7022,231.1852,231.1331,0.1504,0.0499,206709.9461,206808.9038,pod_kill,coupon-service,2026-06-09 14:05:00,2026-06-09 14:20:00,pre_fault,0.022565816,0
2026-06-09 14:02:05,125,EXP_FAULT_01,RUN_01,pod_kill,1,cartservice,cart-f01-02,online-boutique,node-c,0.362,41.7179,0,225.5058,0.000544,9.8452,6.9708,14.807,17.2376,25.2239,225.4582,225.3832,0.0911,0.0315,215493.8911,189375.082,pod_kill,coupon-service,2026-06-09 14:05:00,2026-06-09 14:20:00,pre_fault,0.015431831,0
2026-06-09 14:02:10,130,EXP_FAULT_01,RUN_01,pod_kill,1,cartservice,cart-f01-02,online-boutique,node-c,0.3589,42.252,0,229.572,0.000715,10.1053,7.9093,15.898,20.0437,25.0545,229.4796,229.4078,0.1378,0.0263,279013.8003,193463.7795,pod_kill,coupon-service,2026-06-09 14:05:00,2026-06-09 14:20:00,pre_fault,0.14613572,0
2026-06-09 14:02:15,135,EXP_FAULT_01,RUN_01,pod_kill,1,cartservice,cart-f01-02,online-boutique,node-c,0.3564,41.7886,0,225.306,0.000903,10.1808,7.8786,15.2515,20.2203,26.911,225.2309,225.1025,0.2005,0.0029,216803.8323,216701.7238,pod_kill,coupon-service,2026-06-09 14:05:00,2026-06-09 14:20:00,pre_fault,0.2520784,0
2026-06-09 14:02:20,140,EXP_FAULT_01,RUN_01,pod_kill,1,cartservice,cart-f01-02,online-boutique,node-c,0.3693,41.9904,0,232.0818,0.001116,9.8296,7.0067,15.7482,19.945,23.5694,231.9136,231.8228,0.1929,0.066,244266.747,226501.2273,pod_kill,coupon-service,2026-06-09 14:05:00,2026-06-09 14:20:00,pre_fault,0.013417962,0
2026-06-09 14:02:25,145,EXP_FAULT_01,RUN_01,pod_kill,1,cartservice,cart-f01-02,online-boutique,node-c,0.3567,43.0297,0,226.1289,0.001478,9.1822,7.3011,13.6111,18.6512,24.5065,225.9116,225.7948,0.3293,0.0048,230547.9659,170712.9563,pod_kill,coupon-service,2026-06-09 14:05:00,2026-06-09 14:20:00,pre_fault,0.05061694,0
2026-06-09 14:02:30,150,EXP_FAULT_01,RUN_01,pod_kill,1,cartservice,cart-f01-02,online-boutique,node-c,0.3461,42.2864,0,231.0618,0.000603,9.7633,7.8699,14.9403,17.3798,24.5121,231.0108,230.9224,0.1147,0.0247,246802.1813,179567.0366,pod_kill,coupon-service,2026-06-09 14:05:00,2026-06-09 14:20:00,pre_fault,0.30767813,0
2026-06-09 14:02:35,155,EXP_FAULT_01,RUN_01,pod_kill,1,cartservice,cart-f01-02,online-boutique,node-c,0.3678,41.6354,0,230.9737,0.000813,9.3351,6.5384,14.6423,18.015,25.1553,230.8651,230.7859,0.1522,0.0356,287701.1559,196146.0976,pod_kill,coupon-service,2026-06-09 14:05:00,2026-06-09 14:20:00,pre_fault,0.037972916,0
2026-06-09 14:02:40,160,EXP_FAULT_01,RUN_01,pod_kill,1,cartservice,cart-f01-02,online-boutique,node-c,0.3397,42.6653,0,235.1431,0.001323,9.3768,7.2847,13.9773,18.8299,24.9191,234.9883,234.8319,0.2995,0.0117,234841.3798,237818.9797,pod_kill,coupon-service,2026-06-09 14:05:00,2026-06-09 14:20:00,pre_fault,0.61883295,0
2026-06-09 14:02:45,165,EXP_FAULT_01,RUN_01,pod_kill,1,cartservice,cart-f01-02,online-boutique,node-c,0.3697,41.6075,0,231.8587,0.001747,9.2978,6.9532,14.1192,16.8176,23.3563,231.6363,231.4537,0.3653,0.0398,272047.4342,155444.4856,pod_kill,coupon-service,2026-06-09 14:05:00,2026-06-09 14:20:00,pre_fault,0.123116255,0
2026-06-09 14:02:50,170,EXP_FAULT_01,RUN_01,pod_kill,1,cartservice,cart-f01-02,online-boutique,node-c,0.3604,40.9553,0,228.9766,0.000717,9.2634,6.9407,14.3478,18.388,23.7799,228.8856,228.8123,0.1465,0.0178,194653.8244,228010.833,pod_kill,coupon-service,2026-06-09 14:05:00,2026-06-09 14:20:00,pre_fault,0.009782239,0
2026-06-09 14:02:55,175,EXP_FAULT_01,RUN_01,pod_kill,1,cartservice,cart-f01-02,online-boutique,node-c,0.3911,41.6896,0,233.8971,0.001303,9.4262,7.2863,13.9191,18.4017,22.1657,233.703,233.5922,0.2722,0.0327,237979.4332,217577.8066,pod_kill,coupon-service,2026-06-09 14:05:00,2026-06-09 14:20:00,pre_fault,0.41655606,0
2026-06-09 14:03:00,180,EXP_FAULT_01,RUN_01,pod_kill,1,cartservice,cart-f01-02,online-boutique,node-c,0.3628,42.3634,0,239.6468,0.001871,9.5847,7.2424,16.1036,18.129,23.5837,239.4184,239.1985,0.3828,0.0656,292566.7942,168028.4767,pod_kill,coupon-service,2026-06-09 14:05:00,2026-06-09 14:20:00,pre_fault,0.2537424,0
2026-06-09 14:03:05,185,EXP_FAULT_01,RUN_01,pod_kill,1,cartservice,cart-f01-02,online-boutique,node-c,0.3754,42.3097,0,228.1929,0.001491,10.0142,7.0515,16.8898,19.8393,27.9496,227.9466,227.8526,0.3068,0.0335,246968.5647,195504.8904,pod_kill,coupon-service,2026-06-09 14:05:00,2026-06-09 14:20:00,pre_fault,0.008168958,0
2026-06-09 14:03:10,190,EXP_FAULT_01,RUN_01,pod_kill,1,cartservice,cart-f01-02,online-boutique,node-c,0.3608,42.2318,0,236.4137,0.001343,10.0405,7.1396,15.4184,20.2888,25.1453,236.2406,236.0962,0.3078,0.0097,267530.2344,230782.8469,pod_kill,coupon-service,2026-06-09 14:05:00,2026-06-09 14:20:00,pre_fault,0.25072303,0
2026-06-09 14:03:15,195,EXP_FAULT_01,RUN_01,pod_kill,1,cartservice,cart-f01-02,online-boutique,node-c,0.3619,41.5878,0,229.4484,0.001529,9.8878,7.0812,15.3628,18.161,24.0842,229.2374,229.0976,0.3449,0.0059,254249.3221,184606.7904,pod_kill,coupon-service,2026-06-09 14:05:00,2026-06-09 14:20:00,pre_fault,0.16327056,0
2026-06-09 14:03:20,200,EXP_FAULT_01,RUN_01,pod_kill,1,cartservice,cart-f01-02,online-boutique,node-c,0.3746,41.7132,0,237.3466,0.000833,10.0653,7.3107,16.5615,18.059,23.9163,237.2646,237.1488,0.1216,0.0762,261494.2018,224879.9917,pod_kill,coupon-service,2026-06-09 14:05:00,2026-06-09 14:20:00,pre_fault,0.004139126,0
2026-06-09 14:03:25,205,EXP_FAULT_01,RUN_01,pod_kill,1,cartservice,cart-f01-02,online-boutique,node-c,0.3558,40.7801,0,235.9134,0.000918,9.4841,7.1369,14.966,16.8731,22.3389,235.7595,235.6969,0.2082,0.0083,268263.1898,217855.3762,pod_kill,coupon-service,2026-06-09 14:05:00,2026-06-09 14:20:00,pre_fault,0.11765061,0
2026-06-09 14:03:30,210,EXP_FAULT_01,RUN_01,pod_kill,1,cartservice,cart-f01-02,online-boutique,node-c,0.364,42.7541,0,236.5254,0.001629,10.3518,8.2007,15.6475,18.2425,25.3207,236.2879,236.1402,0.3249,0.0603,241571.4078,175129.3882,pod_kill,coupon-service,2026-06-09 14:05:00,2026-06-09 14:20:00,pre_fault,0.38209677,0
2026-06-09 14:03:35,215,EXP_FAULT_01,RUN_01,pod_kill,1,cartservice,cart-f01-02,online-boutique,node-c,0.3728,42.6218,0,232.496,0.001257,9.9845,8.1127,15.8255,19.8328,27.8017,232.2979,232.2037,0.2425,0.0498,257122.8769,174627.3653,pod_kill,coupon-service,2026-06-09 14:05:00,2026-06-09 14:20:00,pre_fault,0.010256393,0
2026-06-09 14:03:40,220,EXP_FAULT_01,RUN_01,pod_kill,1,cartservice,cart-f01-02,online-boutique,node-c,0.3603,42.5117,0,234.5686,0.001021,10.0314,7.6907,15.4571,18.9942,27.2665,234.4751,234.3292,0.2008,0.0386,248526.994,227322.4455,pod_kill,coupon-service,2026-06-09 14:05:00,2026-06-09 14:20:00,pre_fault,0.16750473,0
2026-06-09 14:03:45,225,EXP_FAULT_01,RUN_01,pod_kill,1,cartservice,cart-f01-02,online-boutique,node-c,0.3712,42.0181,0,237.2959,0.001442,9.8528,7.5039,15.7333,20.1658,27.4028,237.1325,236.9536,0.269,0.0733,233565.6005,159292.9112,pod_kill,coupon-service,2026-06-09 14:05:00,2026-06-09 14:20:00,pre_fault,0.03014043,0
2026-06-09 14:03:50,230,EXP_FAULT_01,RUN_01,pod_kill,1,cartservice,cart-f01-02,online-boutique,node-c,0.376,41.75,0,230.6847,0.001088,9.6324,6.8226,14.6261,19.3768,26.9084,230.5342,230.4337,0.2427,0.0083,249962.2951,228777.6747,pod_kill,coupon-service,2026-06-09 14:05:00,2026-06-09 14:20:00,pre_fault,0.044445794,0
2026-06-09 14:03:55,235,EXP_FAULT_01,RUN_01,pod_kill,1,cartservice,cart-f01-02,online-boutique,node-c,0.3507,42.9206,0,228.0411,0.001272,9.8466,7.8818,16.6028,18.8549,27.1362,227.8315,227.7511,0.2697,0.0203,225144.7602,184615.9839,pod_kill,coupon-service,2026-06-09 14:05:00,2026-06-09 14:20:00,pre_fault,0.3433315,0
2026-06-09 14:04:00,240,EXP_FAULT_01,RUN_01,pod_kill,1,cartservice,cart-f01-02,online-boutique,node-c,0.3694,42.3475,0,239.1011,0.001085,10.2661,8.0953,15.9365,19.0776,28.4577,239.0101,238.8416,0.1952,0.0643,206721.9929,171744.2128,pod_kill,coupon-service,2026-06-09 14:05:00,2026-06-09 14:20:00,pre_fault,0.116711274,0
2026-06-09 14:04:05,245,EXP_FAULT_01,RUN_01,pod_kill,1,cartservice,cart-f01-02,online-boutique,node-c,0.3754,41.279,0,224.157,0.001291,9.8626,7.7425,15.9745,19.6421,24.0929,223.9729,223.8675,0.2496,0.0399,256454.9547,229785.7441,pod_kill,coupon-service,2026-06-09 14:05:00,2026-06-09 14:20:00,pre_fault,0.022090588,0
2026-06-09 14:04:10,250,EXP_FAULT_01,RUN_01,pod_kill,1,cartservice,cart-f01-02,online-boutique,node-c,0.3989,41.4988,0,234.7406,0.001475,9.6856,7.4084,15.4641,19.7722,27.3367,234.5609,234.3943,0.3355,0.0108,247478.9337,224453.3613,pod_kill,coupon-service,2026-06-09 14:05:00,2026-06-09 14:20:00,pre_fault,0.46396533,0
2026-06-09 14:04:15,255,EXP_FAULT_01,RUN_01,pod_kill,1,cartservice,cart-f01-02,online-boutique,node-c,0.3411,41.9388,0,218.6608,0.001011,9.7358,7.8263,16.1375,17.644,23.6668,218.5722,218.4399,0.1793,0.0417,225436.5149,145031.3958,pod_kill,coupon-service,2026-06-09 14:05:00,2026-06-09 14:20:00,pre_fault,0.43618852,0
2026-06-09 14:04:20,260,EXP_FAULT_01,RUN_01,pod_kill,1,cartservice,cart-f01-02,online-boutique,node-c,0.3761,41.4323,0,220.8578,0.000641,10.481,7.9833,15.26,20.5931,25.4337,220.764,220.7161,0.1338,0.0078,274678.2337,163750.1047,pod_kill,coupon-service,2026-06-09 14:05:00,2026-06-09 14:20:00,pre_fault,0.012935874,0
2026-06-09 14:04:25,265,EXP_FAULT_01,RUN_01,pod_kill,1,cartservice,cart-f01-02,online-boutique,node-c,0.3289,42.5896,0,219.6013,0.00055,9.3309,6.5903,14.5609,19.0561,22.7246,219.54,219.4805,0.0595,0.0613,276761.4394,222962.4528,pod_kill,coupon-service,2026-06-09 14:05:00,2026-06-09 14:20:00,pre_fault,0.54489887,0
2026-06-09 14:04:30,270,EXP_FAULT_01,RUN_01,pod_kill,1,cartservice,cart-f01-02,online-boutique,node-c,0.3603,42.9537,0,219.2608,0.000533,9.8731,7.3295,16.1099,19.6604,23.9648,219.1989,219.1439,0.0701,0.0468,272853.4437,186832.6977,pod_kill,coupon-service,2026-06-09 14:05:00,2026-06-09 14:20:00,pre_fault,0.011047082,0
2026-06-09 14:04:35,275,EXP_FAULT_01,RUN_01,pod_kill,1,cartservice,cart-f01-02,online-boutique,node-c,0.369,42.1437,0,217.9251,0.000719,10.4941,7.4716,15.4438,18.3862,26.8623,217.845,217.7684,0.1224,0.0343,200156.1345,175221.1543,pod_kill,coupon-service,2026-06-09 14:05:00,2026-06-09 14:20:00,pre_fault,0.040642053,0
2026-06-09 14:04:40,280,EXP_FAULT_01,RUN_01,pod_kill,1,cartservice,cart-f01-02,online-boutique,node-c,0.3732,41.9254,0,219.8935,0.000608,9.4719,7.0513,15.3174,17.5098,23.158,219.8089,219.7597,0.131,0.0028,258449.0876,181707.7022,pod_kill,coupon-service,2026-06-09 14:05:00,2026-06-09 14:20:00,pre_fault,0.17186315,0
2026-06-09 14:04:45,285,EXP_FAULT_01,RUN_01,pod_kill,1,cartservice,cart-f01-02,online-boutique,node-c,0.3569,42.1332,0,211.1301,0.001833,9.0424,6.4971,14.327,17.8702,24.3669,210.881,210.7431,0.3156,0.0714,193470.49,215901.2844,pod_kill,coupon-service,2026-06-09 14:05:00,2026-06-09 14:20:00,pre_fault,0.01787469,0
2026-06-09 14:04:50,290,EXP_FAULT_01,RUN_01,pod_kill,1,cartservice,cart-f01-02,online-boutique,node-c,0.3581,42.6068,0,207.3743,0.00163,9.7608,7.9958,15.494,18.6103,24.1051,207.2509,207.0362,0.3228,0.0153,218019.1774,169389.0646,pod_kill,coupon-service,2026-06-09 14:05:00,2026-06-09 14:20:00,pre_fault,0.0644286,0
2026-06-09 14:04:55,295,EXP_FAULT_01,RUN_01,pod_kill,1,cartservice,cart-f01-02,online-boutique,node-c,0.3446,41.9125,0,213.076,0.000866,9.0957,6.928,13.6434,16.655,22.8153,212.9469,212.8914,0.1376,0.047,202831.8079,170289.7939,pod_kill,coupon-service,2026-06-09 14:05:00,2026-06-09 14:20:00,pre_fault,0.06590055,0
2026-06-09 14:05:00,300,EXP_FAULT_01,RUN_01,pod_kill,1,cartservice,cart-f01-02,online-boutique,node-c,0.3762,42.8976,0,213.476,0.003128,12.5048,8.3761,24.4643,35.4702,56.5094,201.6705,212.8082,0.0608,0.607,206010.2345,211793.4465,pod_kill,coupon-service,2026-06-09 14:05:00,2026-06-09 14:20:00,during_fault,3.6057007,1
2026-06-09 14:05:05,305,EXP_FAULT_01,RUN_01,pod_kill,1,cartservice,cart-f01-02,online-boutique,node-c,0.336,41.7044,0,206.0499,0.004078,13.0367,9.7337,23.2641,37.324,53.0391,194.5374,205.2095,0.3194,0.5209,215013.2844,166970.8248,pod_kill,coupon-service,2026-06-09 14:05:00,2026-06-09 14:20:00,during_fault,12.272287,1
2026-06-09 14:05:10,310,EXP_FAULT_01,RUN_01,pod_kill,1,cartservice,cart-f01-02,online-boutique,node-c,0.3373,42.8893,0,210.9251,0.003361,12.4373,8.8154,22.8704,35.624,57.8429,199.3592,210.2163,0.1791,0.5297,268362.2076,215233.77,pod_kill,coupon-service,2026-06-09 14:05:00,2026-06-09 14:20:00,during_fault,7.628352,1
2026-06-09 14:05:15,315,EXP_FAULT_01,RUN_01,pod_kill,1,cartservice,cart-f01-02,online-boutique,node-c,0.3544,42.7813,0,207.8934,0.003265,13.3967,9.9106,27.4108,33.2835,57.4207,196.5913,207.2147,0.1668,0.5119,204701.1937,208898.3446,pod_kill,coupon-service,2026-06-09 14:05:00,2026-06-09 14:20:00,during_fault,7.4251823,1
2026-06-09 14:05:20,320,EXP_FAULT_01,RUN_01,pod_kill,1,cartservice,cart-f01-02,online-boutique,node-c,0.3643,42.3455,0,213.4428,0.003668,12.7529,8.3791,25.7039,34.5541,52.1169,201.9829,212.6599,0.2631,0.5198,189955.7059,197620.5211,pod_kill,coupon-service,2026-06-09 14:05:00,2026-06-09 14:20:00,during_fault,6.5004973,1
2026-06-09 14:05:25,325,EXP_FAULT_01,RUN_01,pod_kill,1,cartservice,cart-f01-02,online-boutique,node-c,0.3308,42.173,0,220.1044,0.003021,12.7973,9.1451,26.0505,32.1195,56.9228,208.5454,219.4394,0.1239,0.5412,273310.2379,193711.686,pod_kill,coupon-service,2026-06-09 14:05:00,2026-06-09 14:20:00,during_fault,9.0086565,1
2026-06-09 14:05:30,330,EXP_FAULT_01,RUN_01,pod_kill,1,cartservice,cart-f01-02,online-boutique,node-c,0.3611,43.0551,0,214.8177,0.003984,11.6502,8.7639,21.8643,29.71,45.4689,203.6954,213.9619,0.3425,0.5133,271318.543,205923.6561,pod_kill,coupon-service,2026-06-09 14:05:00,2026-06-09 14:20:00,during_fault,6.7164397,1
2026-06-09 14:05:35,335,EXP_FAULT_01,RUN_01,pod_kill,1,cartservice,cart-f01-02,online-boutique,node-c,0.3565,42.6404,0,208.6652,0.003082,12.467,9.088,21.9519,34.5226,50.0247,198.1772,208.0221,0.1426,0.5006,191059.7823,206608.4688,pod_kill,coupon-service,2026-06-09 14:05:00,2026-06-09 14:20:00,during_fault,4.669111,1
2026-06-09 14:05:40,340,EXP_FAULT_01,RUN_01,pod_kill,1,cartservice,cart-f01-02,online-boutique,node-c,0.3652,41.4121,0,210.654,0.002766,12.5941,8.2947,22.3735,34.6343,54.6834,200.3421,210.0715,0.0575,0.5251,210276.9811,169465.4177,pod_kill,coupon-service,2026-06-09 14:05:00,2026-06-09 14:20:00,during_fault,3.7798169,1
2026-06-09 14:05:45,345,EXP_FAULT_01,RUN_01,pod_kill,1,cartservice,cart-f01-02,online-boutique,node-c,0.3523,42.0978,0,204.0236,0.002688,12.1993,8.6164,23.313,31.232,52.2488,194.359,203.4752,0.0673,0.4811,191664.7398,171764.8579,pod_kill,coupon-service,2026-06-09 14:05:00,2026-06-09 14:20:00,during_fault,3.5610557,1
2026-06-09 14:05:50,350,EXP_FAULT_01,RUN_01,pod_kill,1,cartservice,cart-f01-02,online-boutique,node-c,0.3531,43.0615,0,216.2463,0.003169,11.0123,7.2121,21.6762,29.5258,48.7815,206.2297,215.561,0.2106,0.4747,224069.7182,209191.2784,pod_kill,coupon-service,2026-06-09 14:05:00,2026-06-09 14:20:00,during_fault,3.4097755,1
2026-06-09 14:05:55,355,EXP_FAULT_01,RUN_01,pod_kill,1,cartservice,cart-f01-02,online-boutique,node-c,0.3423,42.2938,0,217.6686,0.002777,12.5412,9.4446,22.995,31.2485,47.2747,208.0086,217.0641,0.1401,0.4644,213936.0573,156097.0827,pod_kill,coupon-service,2026-06-09 14:05:00,2026-06-09 14:20:00,during_fault,6.0782537,1
2026-06-09 14:06:00,360,EXP_FAULT_01,RUN_01,pod_kill,1,cartservice,cart-f01-02,online-boutique,node-c,0.3565,42.2035,0,215.9618,0.003509,12.304,9.2435,23.0061,33.7605,52.2132,206.563,215.2041,0.2883,0.4694,185077.6253,162027.8963,pod_kill,coupon-service,2026-06-09 14:05:00,2026-06-09 14:20:00,during_fault,5.9696074,1
2026-06-09 14:06:05,365,EXP_FAULT_01,RUN_01,pod_kill,1,cartservice,cart-f01-02,online-boutique,node-c,0.3607,41.7234,0,220.5629,0.002939,12.6159,9.5595,22.6981,31.3896,51.4872,211.415,219.9147,0.2246,0.4236,232959.8085,157189.9445,pod_kill,coupon-service,2026-06-09 14:05:00,2026-06-09 14:20:00,during_fault,4.819635,1
2026-06-09 14:06:10,370,EXP_FAULT_01,RUN_01,pod_kill,1,cartservice,cart-f01-02,online-boutique,node-c,0.3694,41.665,0,217.1262,0.002597,12.2058,9.096,22.4577,28.8182,44.7825,208.5387,216.5623,0.1224,0.4416,245375.5803,189924.2873,pod_kill,coupon-service,2026-06-09 14:05:00,2026-06-09 14:20:00,during_fault,2.622633,1
2026-06-09 14:06:15,375,EXP_FAULT_01,RUN_01,pod_kill,1,cartservice,cart-f01-02,online-boutique,node-c,0.3771,42.6327,0,217.9349,0.002037,11.6612,8.285,22.4634,30.3863,48.9383,209.7057,217.491,0.07,0.3739,216419.9908,184554.8693,pod_kill,coupon-service,2026-06-09 14:05:00,2026-06-09 14:20:00,during_fault,0.8686069,1
2026-06-09 14:06:20,380,EXP_FAULT_01,RUN_01,pod_kill,1,cartservice,cart-f01-02,online-boutique,node-c,0.3422,41.6746,0,220.0641,0.003229,10.7621,8.1478,19.3295,25.0401,44.003,211.8957,219.3536,0.3312,0.3793,253752.6487,189730.9615,pod_kill,coupon-service,2026-06-09 14:05:00,2026-06-09 14:20:00,during_fault,4.020584,1
2026-06-09 14:06:25,385,EXP_FAULT_01,RUN_01,pod_kill,1,cartservice,cart-f01-02,online-boutique,node-c,0.366,42.3037,0,222.1134,0.002689,11.6229,8.107,20.9741,30.715,40.3606,214.2764,221.5161,0.1931,0.4042,281916.5229,200985.3605,pod_kill,coupon-service,2026-06-09 14:05:00,2026-06-09 14:20:00,during_fault,2.3221054,1
2026-06-09 14:06:30,390,EXP_FAULT_01,RUN_01,pod_kill,1,cartservice,cart-f01-02,online-boutique,node-c,0.3586,42.3019,0,217.7067,0.00238,11.0013,7.9387,20.0216,27.697,40.7861,210.403,217.1886,0.183,0.3351,252992.8932,225660.8786,pod_kill,coupon-service,2026-06-09 14:05:00,2026-06-09 14:20:00,during_fault,1.3959205,1
2026-06-09 14:06:35,395,EXP_FAULT_01,RUN_01,pod_kill,1,cartservice,cart-f01-02,online-boutique,node-c,0.3716,42.2709,0,227.2328,0.001952,11.9403,8.9611,20.311,29.9344,41.48,219.8862,226.7893,0.0625,0.381,290410.4602,173814.594,pod_kill,coupon-service,2026-06-09 14:05:00,2026-06-09 14:20:00,during_fault,1.6980549,1
2026-06-09 14:06:40,400,EXP_FAULT_01,RUN_01,pod_kill,1,cartservice,cart-f01-02,online-boutique,node-c,0.3526,41.7339,0,216.1985,0.002435,10.9851,7.3259,19.9736,26.7413,42.9109,209.3966,215.672,0.2088,0.3177,208216.897,153168.1264,pod_kill,coupon-service,2026-06-09 14:05:00,2026-06-09 14:20:00,during_fault,1.7688446,1
2026-06-09 14:06:45,405,EXP_FAULT_01,RUN_01,pod_kill,1,cartservice,cart-f01-02,online-boutique,node-c,0.3713,40.8851,0,218.1131,0.002447,11.1641,7.9564,21.3328,28.7038,43.913,211.4386,217.5794,0.2002,0.3334,242414.0924,206324.0016,pod_kill,coupon-service,2026-06-09 14:05:00,2026-06-09 14:20:00,during_fault,1.0976801,1
2026-06-09 14:06:50,410,EXP_FAULT_01,RUN_01,pod_kill,1,cartservice,cart-f01-02,online-boutique,node-c,0.3703,42.1383,0,214.7132,0.00282,11.1175,7.6298,19.5486,27.489,42.3822,208.3574,214.1077,0.3211,0.2844,264273.4807,166664.4551,pod_kill,coupon-service,2026-06-09 14:05:00,2026-06-09 14:20:00,during_fault,1.5422711,1
2026-06-09 14:06:55,415,EXP_FAULT_01,RUN_01,pod_kill,1,cartservice,cart-f01-02,online-boutique,node-c,0.3458,42.2796,0,212.9547,0.001817,11.3146,8.0567,21.4681,27.468,41.7624,206.8485,212.5678,0.0603,0.3266,188691.2155,180329.3346,pod_kill,coupon-service,2026-06-09 14:05:00,2026-06-09 14:20:00,during_fault,2.0240405,1
2026-06-09 14:07:00,420,EXP_FAULT_01,RUN_01,pod_kill,1,cartservice,cart-f01-02,online-boutique,node-c,0.3575,42.4307,0,226.814,0.001864,11.8742,8.81,22.7007,26.4903,39.2423,220.423,226.3912,0.0978,0.325,259371.3255,195124.0055,pod_kill,coupon-service,2026-06-09 14:05:00,2026-06-09 14:20:00,during_fault,2.3612351,1
2026-06-09 14:07:05,425,EXP_FAULT_01,RUN_01,pod_kill,1,cartservice,cart-f01-02,online-boutique,node-c,0.3584,42.3839,0,217.8087,0.002404,10.4692,7.5522,18.231,26.127,38.9871,211.6307,217.285,0.2449,0.2788,275210.7403,190365.9042,pod_kill,coupon-service,2026-06-09 14:05:00,2026-06-09 14:20:00,during_fault,0.9491286,1
2026-06-09 14:07:10,430,EXP_FAULT_01,RUN_01,pod_kill,1,cartservice,cart-f01-02,online-boutique,node-c,0.356,43.0393,0,216.5406,0.002101,11.0728,8.4937,18.9515,27.7787,36.3671,210.5054,216.0857,0.1334,0.3215,230229.1356,166113.0968,pod_kill,coupon-service,2026-06-09 14:05:00,2026-06-09 14:20:00,during_fault,1.3027574,1
2026-06-09 14:07:15,435,EXP_FAULT_01,RUN_01,pod_kill,1,cartservice,cart-f01-02,online-boutique,node-c,0.3791,42.1354,0,221.1636,0.002962,11.8018,8.749,19.6245,26.6294,45.3817,214.8254,220.5086,0.3506,0.3044,241797.3989,215741.9601,pod_kill,coupon-service,2026-06-09 14:05:00,2026-06-09 14:20:00,during_fault,2.1970072,1
2026-06-09 14:07:20,440,EXP_FAULT_01,RUN_01,pod_kill,1,cartservice,cart-f01-02,online-boutique,node-c,0.374,41.955,0,215.7189,0.001792,11.8836,9.0885,22.3369,28.6735,44.4322,209.6463,215.3324,0.0951,0.2913,244821.6481,158754.6223,pod_kill,coupon-service,2026-06-09 14:05:00,2026-06-09 14:20:00,during_fault,1.10705,1
2026-06-09 14:07:25,445,EXP_FAULT_01,RUN_01,pod_kill,1,cartservice,cart-f01-02,online-boutique,node-c,0.3806,41.842,0,213.8752,0.002123,10.4025,7.3894,17.4201,25.9534,40.5254,207.6861,213.4211,0.1372,0.3169,260406.8557,157496.5485,pod_kill,coupon-service,2026-06-09 14:05:00,2026-06-09 14:20:00,during_fault,0.10297918,0
2026-06-09 14:07:30,450,EXP_FAULT_01,RUN_01,pod_kill,1,cartservice,cart-f01-02,online-boutique,node-c,0.365,41.4121,0,210.3037,0.002538,10.8563,8.2125,20.1752,25.4531,36.0742,204.0452,209.77,0.2145,0.3192,265358.3867,193656.9174,pod_kill,coupon-service,2026-06-09 14:05:00,2026-06-09 14:20:00,during_fault,1.0387012,1
2026-06-09 14:07:35,455,EXP_FAULT_01,RUN_01,pod_kill,1,cartservice,cart-f01-02,online-boutique,node-c,0.3662,42.2109,0,204.3199,0.002245,11.1099,8.6599,20.9662,26.6152,36.839,198.1317,203.8613,0.139,0.3196,175135.858,193529.0286,pod_kill,coupon-service,2026-06-09 14:05:00,2026-06-09 14:20:00,during_fault,0.669487,1
2026-06-09 14:07:40,460,EXP_FAULT_01,RUN_01,pod_kill,1,cartservice,cart-f01-02,online-boutique,node-c,0.3517,42.387,0,215.5836,0.002042,9.8164,6.8141,16.917,23.9867,33.5095,208.8618,215.1433,0.1228,0.3176,263697.769,164792.2535,pod_kill,coupon-service,2026-06-09 14:05:00,2026-06-09 14:20:00,during_fault,0.4082838,0
2026-06-09 14:07:45,465,EXP_FAULT_01,RUN_01,pod_kill,1,cartservice,cart-f01-02,online-boutique,node-c,0.3475,41.5798,0,202.5147,0.003361,10.3226,7.1855,18.6592,26.7025,35.4927,195.9056,201.8341,0.3235,0.3572,249908.006,150625.225,pod_kill,coupon-service,2026-06-09 14:05:00,2026-06-09 14:20:00,during_fault,2.8479366,1
2026-06-09 14:07:50,470,EXP_FAULT_01,RUN_01,pod_kill,1,cartservice,cart-f01-02,online-boutique,node-c,0.3754,42.6709,0,204.2586,0.002821,11.1824,8.4112,19.7291,27.959,39.5827,197.3361,203.6825,0.2022,0.374,237623.368,137132.1548,pod_kill,coupon-service,2026-06-09 14:05:00,2026-06-09 14:20:00,during_fault,1.2248613,1
2026-06-09 14:07:55,475,EXP_FAULT_01,RUN_01,pod_kill,1,cartservice,cart-f01-02,online-boutique,node-c,0.3493,41.8118,0,205.4821,0.002603,11.3501,8.3961,22.0892,29.544,42.1001,198.2583,204.9472,0.1771,0.3578,197111.6211,195702.7325,pod_kill,coupon-service,2026-06-09 14:05:00,2026-06-09 14:20:00,during_fault,2.3878841,1
2026-06-09 14:08:00,480,EXP_FAULT_01,RUN_01,pod_kill,1,cartservice,cart-f01-02,online-boutique,node-c,0.362,42.0325,0,201.1901,0.003089,10.9253,8.048,18.5801,26.3373,38.3074,193.8152,200.5686,0.2625,0.359,253920.3552,187005.3909,pod_kill,coupon-service,2026-06-09 14:05:00,2026-06-09 14:20:00,during_fault,2.060659,1
2026-06-09 14:08:05,485,EXP_FAULT_01,RUN_01,pod_kill,1,cartservice,cart-f01-02,online-boutique,node-c,0.3411,42.0673,0,207.1598,0.002225,11.8292,8.2461,20.8902,29.8213,43.9006,199.2992,206.6988,0.1031,0.3579,256611.0383,141453.416,pod_kill,coupon-service,2026-06-09 14:05:00,2026-06-09 14:20:00,during_fault,3.5500972,1
2026-06-09 14:08:10,490,EXP_FAULT_01,RUN_01,pod_kill,1,cartservice,cart-f01-02,online-boutique,node-c,0.3713,41.9627,0,201.1845,0.002972,11.8348,8.8822,21.8148,29.4439,45.1571,193.1902,200.5865,0.1844,0.4136,207988.8152,172409.9407,pod_kill,coupon-service,2026-06-09 14:05:00,2026-06-09 14:20:00,during_fault,2.115675,1
2026-06-09 14:08:15,495,EXP_FAULT_01,RUN_01,pod_kill,1,cartservice,cart-f01-02,online-boutique,node-c,0.3573,43.038,0,201.2228,0.00246,11.4595,8.5178,21.6934,28.2747,43.0709,192.9373,200.7277,0.0988,0.3963,250056.055,185088.8138,pod_kill,coupon-service,2026-06-09 14:05:00,2026-06-09 14:20:00,during_fault,1.6046925,1
2026-06-09 14:08:20,500,EXP_FAULT_01,RUN_01,pod_kill,1,cartservice,cart-f01-02,online-boutique,node-c,0.3662,42.7929,0,199.0787,0.003654,11.7208,8.433,23.1232,31.5196,45.2692,190.4683,198.3512,0.2753,0.4522,167406.8922,137908.398,pod_kill,coupon-service,2026-06-09 14:05:00,2026-06-09 14:20:00,during_fault,4.2806435,1
2026-06-09 14:08:25,505,EXP_FAULT_01,RUN_01,pod_kill,1,cartservice,cart-f01-02,online-boutique,node-c,0.3614,42.133,0,203.4361,0.003825,11.6737,7.67,21.6765,30.8506,51.3296,194.3041,202.658,0.3092,0.4689,249404.4795,174093.9085,pod_kill,coupon-service,2026-06-09 14:05:00,2026-06-09 14:20:00,during_fault,5.3666754,1
2026-06-09 14:08:30,510,EXP_FAULT_01,RUN_01,pod_kill,1,cartservice,cart-f01-02,online-boutique,node-c,0.3763,43.1469,0,204.2552,0.002478,11.98,8.2932,21.4696,31.072,49.9538,194.8968,203.749,0.078,0.4282,228343.8159,153348.6359,pod_kill,coupon-service,2026-06-09 14:05:00,2026-06-09 14:20:00,during_fault,1.3885406,1
2026-06-09 14:08:35,515,EXP_FAULT_01,RUN_01,pod_kill,1,cartservice,cart-f01-02,online-boutique,node-c,0.3622,41.7752,0,207.2762,0.00257,11.8636,7.8766,21.93,30.1578,44.9168,197.4637,206.7436,0.0733,0.4593,216502.8928,140333.7924,pod_kill,coupon-service,2026-06-09 14:05:00,2026-06-09 14:20:00,during_fault,2.2050395,1
2026-06-09 14:08:40,520,EXP_FAULT_01,RUN_01,pod_kill,1,cartservice,cart-f01-02,online-boutique,node-c,0.3739,42.0347,0,199.8265,0.0039,12.5503,8.7488,24.569,35.3901,50.1951,189.9189,199.0472,0.3039,0.4754,180177.9828,173470.7067,pod_kill,coupon-service,2026-06-09 14:05:00,2026-06-09 14:20:00,during_fault,5.569617,1
2026-06-09 14:08:45,525,EXP_FAULT_01,RUN_01,pod_kill,1,cartservice,cart-f01-02,online-boutique,node-c,0.3484,42.4168,0,207.0708,0.003502,11.9372,8.9517,21.8123,31.8555,51.5916,196.6322,206.3457,0.2408,0.4842,245809.2773,188861.7823,pod_kill,coupon-service,2026-06-09 14:05:00,2026-06-09 14:20:00,during_fault,5.7718153,1
2026-06-09 14:08:50,530,EXP_FAULT_01,RUN_01,pod_kill,1,cartservice,cart-f01-02,online-boutique,node-c,0.356,43.3322,0,212.4754,0.003824,12.5786,8.8891,24.5158,33.2336,49.4885,201.4028,211.6629,0.2726,0.5399,213357.8188,180876.1293,pod_kill,coupon-service,2026-06-09 14:05:00,2026-06-09 14:20:00,during_fault,7.895381,1
2026-06-09 14:08:55,535,EXP_FAULT_01,RUN_01,pod_kill,1,cartservice,cart-f01-02,online-boutique,node-c,0.3597,42.6242,0,212.5854,0.003845,12.7094,8.4896,24.8954,33.3935,51.9534,201.2925,211.768,0.3068,0.5106,249524.5893,211311.2437,pod_kill,coupon-service,2026-06-09 14:05:00,2026-06-09 14:20:00,during_fault,7.5141363,1
2026-06-09 14:09:00,540,EXP_FAULT_01,RUN_01,pod_kill,1,cartservice,cart-f01-02,online-boutique,node-c,0.3484,41.3667,0,208.7929,0.003579,11.9994,8.2146,22.1806,31.9057,50.2057,197.5611,208.0457,0.1801,0.5671,210078.925,149101.9838,pod_kill,coupon-service,2026-06-09 14:05:00,2026-06-09 14:20:00,during_fault,6.4236364,1
2026-06-09 14:09:05,545,EXP_FAULT_01,RUN_01,pod_kill,1,cartservice,cart-f01-02,online-boutique,node-c,0.3649,42.1911,0,217.6873,0.003843,12.2368,8.2382,22.4458,30.6177,54.5526,205.8343,216.8508,0.2964,0.5402,178980.1969,213747.1987,pod_kill,coupon-service,2026-06-09 14:05:00,2026-06-09 14:20:00,during_fault,6.37485,1
2026-06-09 14:09:10,550,EXP_FAULT_01,RUN_01,pod_kill,1,cartservice,cart-f01-02,online-boutique,node-c,0.3705,42.8851,0,216.9746,0.004013,12.666,8.5064,25.6287,31.531,53.1321,204.9686,216.104,0.2596,0.611,248902.484,222248.9951,pod_kill,coupon-service,2026-06-09 14:05:00,2026-06-09 14:20:00,during_fault,7.3193846,1
2026-06-09 14:09:15,555,EXP_FAULT_01,RUN_01,pod_kill,1,cartservice,cart-f01-02,online-boutique,node-c,0.362,42.3683,0,214.195,0.002838,11.7333,7.9638,24.286,29.2999,50.3275,202.4269,213.587,0.0559,0.5521,198659.8079,186560.2246,pod_kill,coupon-service,2026-06-09 14:05:00,2026-06-09 14:20:00,during_fault,2.7906451,1
2026-06-09 14:09:20,560,EXP_FAULT_01,RUN_01,pod_kill,1,cartservice,cart-f01-02,online-boutique,node-c,0.3544,41.5466,0,214.5589,0.003597,12.8462,8.8042,23.9295,35.7468,59.8209,202.6608,213.7872,0.186,0.5857,206273.238,180688.7924,pod_kill,coupon-service,2026-06-09 14:05:00,2026-06-09 14:20:00,during_fault,7.544122,1
2026-06-09 14:09:25,565,EXP_FAULT_01,RUN_01,pod_kill,1,cartservice,cart-f01-02,online-boutique,node-c,0.3635,41.7723,0,215.0487,0.00378,13.1874,9.3851,25.1279,33.8515,56.3638,203.0806,214.2358,0.208,0.605,197871.8573,185218.0976,pod_kill,coupon-service,2026-06-09 14:05:00,2026-06-09 14:20:00,during_fault,7.844907,1
2026-06-09 14:09:30,570,EXP_FAULT_01,RUN_01,pod_kill,1,cartservice,cart-f01-02,online-boutique,node-c,0.3681,42.6747,0,220.7992,0.003108,13.0162,9.6268,26.1518,34.4348,52.1817,208.6072,220.113,0.0655,0.6207,260464.6558,178154.4986,pod_kill,coupon-service,2026-06-09 14:05:00,2026-06-09 14:20:00,during_fault,5.494462,1
2026-06-09 14:09:35,575,EXP_FAULT_01,RUN_01,pod_kill,1,cartservice,cart-f01-02,online-boutique,node-c,0.3546,42.9227,0,223.3234,0.003258,13.5348,9.2574,25.9416,34.7157,62.1922,211.0552,222.5959,0.1017,0.6258,218206.3895,197917.8439,pod_kill,coupon-service,2026-06-09 14:05:00,2026-06-09 14:20:00,during_fault,8.951813,1
2026-06-09 14:09:40,580,EXP_FAULT_01,RUN_01,pod_kill,1,cartservice,cart-f01-02,online-boutique,node-c,0.3551,42.0304,0,225.7964,0.003818,12.1996,8.0992,23.3602,32.612,51.7074,213.4776,224.9343,0.2451,0.6169,207588.2965,172004.3673,pod_kill,coupon-service,2026-06-09 14:05:00,2026-06-09 14:20:00,during_fault,7.6393166,1
2026-06-09 14:09:45,585,EXP_FAULT_01,RUN_01,pod_kill,1,cartservice,cart-f01-02,online-boutique,node-c,0.3656,42.34,0,224.8219,0.00331,13.3917,8.9529,24.9945,35.9694,57.8694,212.7446,224.0778,0.1425,0.6016,228095.7731,190990.5083,pod_kill,coupon-service,2026-06-09 14:05:00,2026-06-09 14:20:00,during_fault,7.311033,1
2026-06-09 14:09:50,590,EXP_FAULT_01,RUN_01,pod_kill,1,cartservice,cart-f01-02,online-boutique,node-c,0.3752,41.7405,0,227.2808,0.003229,12.6476,9.4254,23.7298,33.8321,51.9797,215.3203,226.547,0.1869,0.5469,226837.6732,207306.6584,pod_kill,coupon-service,2026-06-09 14:05:00,2026-06-09 14:20:00,during_fault,4.458206,1
2026-06-09 14:09:55,595,EXP_FAULT_01,RUN_01,pod_kill,1,cartservice,cart-f01-02,online-boutique,node-c,0.3582,42.2656,0,218.7901,0.003411,12.0235,8.3986,24.447,34.2868,52.5242,207.4407,218.0438,0.1754,0.5708,237127.3043,171930.761,pod_kill,coupon-service,2026-06-09 14:05:00,2026-06-09 14:20:00,during_fault,5.116253,1
2026-06-09 14:10:00,600,EXP_FAULT_01,RUN_01,pod_kill,1,cartservice,cart-f01-02,online-boutique,node-c,0.3573,42.0529,0,218.0964,0.004064,12.7053,8.3379,24.867,35.2102,54.7931,207.0554,217.2101,0.3475,0.5388,270784.4876,215102.7747,pod_kill,coupon-service,2026-06-09 14:05:00,2026-06-09 14:20:00,during_fault,9.011057,1
2026-06-09 14:10:05,605,EXP_FAULT_01,RUN_01,pod_kill,1,cartservice,cart-f01-02,online-boutique,node-c,0.3766,41.7246,0,229.2983,0.002927,12.5581,9.5752,22.4185,32.3379,56.9563,218.0552,228.6273,0.1505,0.5206,247688.442,185575.7387,pod_kill,coupon-service,2026-06-09 14:05:00,2026-06-09 14:20:00,during_fault,3.673252,1
2026-06-09 14:10:10,610,EXP_FAULT_01,RUN_01,pod_kill,1,cartservice,cart-f01-02,online-boutique,node-c,0.3402,42.5027,0,221.0229,0.00347,12.6309,9.6081,25.3573,30.917,56.4597,210.4389,220.2559,0.2897,0.4774,198150.371,176982.6171,pod_kill,coupon-service,2026-06-09 14:05:00,2026-06-09 14:20:00,during_fault,8.704756,1
2026-06-09 14:10:15,615,EXP_FAULT_01,RUN_01,pod_kill,1,cartservice,cart-f01-02,online-boutique,node-c,0.3529,43.0315,0,216.0746,0.002957,11.2728,8.3019,20.7512,29.4266,49.3255,206.1145,215.4356,0.1384,0.5006,183383.3838,142668.6973,pod_kill,coupon-service,2026-06-09 14:05:00,2026-06-09 14:20:00,during_fault,3.1821969,1
2026-06-09 14:10:20,620,EXP_FAULT_01,RUN_01,pod_kill,1,cartservice,cart-f01-02,online-boutique,node-c,0.3419,42.9235,0,218.6089,0.003195,13.0513,9.169,25.1957,31.353,49.9606,208.8233,217.9104,0.2088,0.4898,234739.9549,162223.8565,pod_kill,coupon-service,2026-06-09 14:05:00,2026-06-09 14:20:00,during_fault,8.565725,1
2026-06-09 14:10:25,625,EXP_FAULT_01,RUN_01,pod_kill,1,cartservice,cart-f01-02,online-boutique,node-c,0.3618,41.8189,0,225.9845,0.003185,12.2138,9.2683,22.2673,32.8105,44.7883,216.2528,225.2646,0.2467,0.4732,272763.0871,161450.2343,pod_kill,coupon-service,2026-06-09 14:05:00,2026-06-09 14:20:00,during_fault,4.7758994,1
2026-06-09 14:10:30,630,EXP_FAULT_01,RUN_01,pod_kill,1,cartservice,cart-f01-02,online-boutique,node-c,0.3605,42.7199,0,224.8629,0.003283,12.268,8.7663,21.8103,30.8064,48.6281,215.4699,224.1246,0.2995,0.4388,249792.9939,180890.4486,pod_kill,coupon-service,2026-06-09 14:05:00,2026-06-09 14:20:00,during_fault,5.276235,1
2026-06-09 14:10:35,635,EXP_FAULT_01,RUN_01,pod_kill,1,cartservice,cart-f01-02,online-boutique,node-c,0.3669,41.8112,0,219.0541,0.003115,12.1485,8.5559,22.1726,32.0208,45.7657,210.3579,218.3719,0.2768,0.4055,267361.4371,191306.0576,pod_kill,coupon-service,2026-06-09 14:05:00,2026-06-09 14:20:00,during_fault,3.7191517,1
2026-06-09 14:10:40,640,EXP_FAULT_01,RUN_01,pod_kill,1,cartservice,cart-f01-02,online-boutique,node-c,0.3681,42.039,0,216.3512,0.003358,11.2093,7.8923,20.6396,26.3581,40.2125,208.0461,215.6246,0.3069,0.4196,257006.794,157554.9246,pod_kill,coupon-service,2026-06-09 14:05:00,2026-06-09 14:20:00,during_fault,3.1452878,1
2026-06-09 14:10:45,645,EXP_FAULT_01,RUN_01,pod_kill,1,cartservice,cart-f01-02,online-boutique,node-c,0.378,42.8557,0,218.3169,0.002235,11.7621,8.5588,23.1482,28.3748,47.2022,210.3623,217.8291,0.0945,0.3933,239919.3814,184795.2109,pod_kill,coupon-service,2026-06-09 14:05:00,2026-06-09 14:20:00,during_fault,1.1245844,1
2026-06-09 14:10:50,650,EXP_FAULT_01,RUN_01,pod_kill,1,cartservice,cart-f01-02,online-boutique,node-c,0.3721,41.5925,0,220.7346,0.003249,11.465,8.3734,20.656,26.9268,41.9745,212.9266,220.0174,0.3466,0.3706,270074.8346,167763.3045,pod_kill,coupon-service,2026-06-09 14:05:00,2026-06-09 14:20:00,during_fault,2.9208102,1
2026-06-09 14:10:55,655,EXP_FAULT_01,RUN_01,pod_kill,1,cartservice,cart-f01-02,online-boutique,node-c,0.3502,42.3379,0,216.2893,0.002889,10.9257,8.2615,21.2949,26.7151,42.8969,208.9075,215.6645,0.2704,0.3545,219739.1097,202098.3303,pod_kill,coupon-service,2026-06-09 14:05:00,2026-06-09 14:20:00,during_fault,2.6764865,1
2026-06-09 14:11:00,660,EXP_FAULT_01,RUN_01,pod_kill,1,cartservice,cart-f01-02,online-boutique,node-c,0.359,42.6886,0,216.1017,0.003146,10.7377,7.3654,18.1686,25.8353,41.6247,208.9544,215.4219,0.3075,0.3723,211655.0251,214249.7487,pod_kill,coupon-service,2026-06-09 14:05:00,2026-06-09 14:20:00,during_fault,2.6438372,1
2026-06-09 14:11:05,665,EXP_FAULT_01,RUN_01,pod_kill,1,cartservice,cart-f01-02,online-boutique,node-c,0.3572,42.8634,0,220.806,0.001863,10.63,7.3812,18.6261,26.7135,42.3745,213.9619,220.3946,0.0917,0.3198,217453.0609,198268.8083,pod_kill,coupon-service,2026-06-09 14:05:00,2026-06-09 14:20:00,during_fault,0.7269169,1
2026-06-09 14:11:10,670,EXP_FAULT_01,RUN_01,pod_kill,1,cartservice,cart-f01-02,online-boutique,node-c,0.3488,41.9962,0,225.0342,0.001769,10.7275,7.9734,19.5346,26.2648,36.0527,218.2509,224.636,0.0879,0.3102,215632.2359,220622.8656,pod_kill,coupon-service,2026-06-09 14:05:00,2026-06-09 14:20:00,during_fault,1.3344214,1
2026-06-09 14:11:15,675,EXP_FAULT_01,RUN_01,pod_kill,1,cartservice,cart-f01-02,online-boutique,node-c,0.3724,41.5113,0,220.064,0.001909,11.3335,8.2133,21.0391,26.3876,41.6087,213.5861,219.6438,0.1168,0.3034,242920.5816,194827.3073,pod_kill,coupon-service,2026-06-09 14:05:00,2026-06-09 14:20:00,during_fault,0.88791764,1
2026-06-09 14:11:20,680,EXP_FAULT_01,RUN_01,pod_kill,1,cartservice,cart-f01-02,online-boutique,node-c,0.3434,42.6884,0,219.7181,0.002332,11.0278,8.1344,18.3808,26.9914,39.1552,213.4004,219.2057,0.2116,0.3009,275303.1286,186356.0742,pod_kill,coupon-service,2026-06-09 14:05:00,2026-06-09 14:20:00,during_fault,2.3755074,1
2026-06-09 14:11:25,685,EXP_FAULT_01,RUN_01,pod_kill,1,cartservice,cart-f01-02,online-boutique,node-c,0.356,42.7019,0,218.4082,0.002459,11.3123,8.0081,19.224,25.2701,38.8342,212.2281,217.8712,0.26,0.2771,209625.6085,171069.3206,pod_kill,coupon-service,2026-06-09 14:05:00,2026-06-09 14:20:00,during_fault,2.0206249,1
2026-06-09 14:11:30,690,EXP_FAULT_01,RUN_01,pod_kill,1,cartservice,cart-f01-02,online-boutique,node-c,0.351,42.0807,0,224.0578,0.001592,10.9505,7.7759,19.6557,25.0397,38.5731,217.8342,223.701,0.0688,0.2879,252021.3187,155257.5585,pod_kill,coupon-service,2026-06-09 14:05:00,2026-06-09 14:20:00,during_fault,1.3057125,1
2026-06-09 14:11:35,695,EXP_FAULT_01,RUN_01,pod_kill,1,cartservice,cart-f01-02,online-boutique,node-c,0.3566,42.7814,0,225.8035,0.00256,10.8757,8.2317,19.9413,26.7395,35.209,219.4603,225.2253,0.2741,0.304,206214.7573,200858.813,pod_kill,coupon-service,2026-06-09 14:05:00,2026-06-09 14:20:00,during_fault,1.9075673,1
2026-06-09 14:11:40,700,EXP_FAULT_01,RUN_01,pod_kill,1,cartservice,cart-f01-02,online-boutique,node-c,0.3528,42.3873,0,224.0992,0.002786,10.8459,7.3483,20.6812,24.3933,39.3811,217.6819,223.4749,0.2847,0.3396,218114.0794,182586.6753,pod_kill,coupon-service,2026-06-09 14:05:00,2026-06-09 14:20:00,during_fault,2.445662,1
2026-06-09 14:11:45,705,EXP_FAULT_01,RUN_01,pod_kill,1,cartservice,cart-f01-02,online-boutique,node-c,0.3732,42.5629,0,221.5001,0.0031,10.9705,7.7346,19.803,27.2629,36.1494,215.1036,220.8135,0.3504,0.3363,242601.4732,166152.9739,pod_kill,coupon-service,2026-06-09 14:05:00,2026-06-09 14:20:00,during_fault,2.1844437,1
2026-06-09 14:11:50,710,EXP_FAULT_01,RUN_01,pod_kill,1,cartservice,cart-f01-02,online-boutique,node-c,0.3704,42.8067,0,226.6518,0.002507,11.3514,8.5414,20.0126,28.9677,43.8399,220.1109,226.0837,0.2467,0.3214,283795.4899,178610.7966,pod_kill,coupon-service,2026-06-09 14:05:00,2026-06-09 14:20:00,during_fault,1.5796912,1
2026-06-09 14:11:55,715,EXP_FAULT_01,RUN_01,pod_kill,1,cartservice,cart-f01-02,online-boutique,node-c,0.3706,41.8481,0,228.7155,0.003038,11.6085,8.1935,19.2225,29.7577,43.5199,221.8578,228.0206,0.3271,0.3678,209133.6704,229373.3947,pod_kill,coupon-service,2026-06-09 14:05:00,2026-06-09 14:20:00,during_fault,2.8724532,1
2026-06-09 14:12:00,720,EXP_FAULT_01,RUN_01,pod_kill,1,cartservice,cart-f01-02,online-boutique,node-c,0.3565,41.361,0,231.0463,0.002001,11.2072,7.9858,21.1881,28.4811,41.3055,224.0753,230.5841,0.0708,0.3914,213897.7541,192058.6262,pod_kill,coupon-service,2026-06-09 14:05:00,2026-06-09 14:20:00,during_fault,1.9290352,1
2026-06-09 14:12:05,725,EXP_FAULT_01,RUN_01,pod_kill,1,cartservice,cart-f01-02,online-boutique,node-c,0.3698,43.0262,0,239.0775,0.003077,11.6204,7.772,22.1374,27.1408,38.5378,231.4847,238.3419,0.3322,0.4035,265271.3983,204145.4407,pod_kill,coupon-service,2026-06-09 14:05:00,2026-06-09 14:20:00,during_fault,3.68219,1
2026-06-09 14:12:10,730,EXP_FAULT_01,RUN_01,pod_kill,1,cartservice,cart-f01-02,online-boutique,node-c,0.3691,42.7396,0,239.8982,0.002445,12.0971,8.9648,20.4768,27.3656,42.6424,232.0862,239.3118,0.2359,0.3505,296961.7672,175202.5887,pod_kill,coupon-service,2026-06-09 14:05:00,2026-06-09 14:20:00,during_fault,3.00942,1
2026-06-09 14:12:15,735,EXP_FAULT_01,RUN_01,pod_kill,1,cartservice,cart-f01-02,online-boutique,node-c,0.3756,41.3838,0,241.5837,0.003144,12.5779,8.713,24.3966,31.0914,45.6211,233.4143,240.8241,0.3832,0.3764,246618.2662,218935.352,pod_kill,coupon-service,2026-06-09 14:05:00,2026-06-09 14:20:00,during_fault,4.784364,1
2026-06-09 14:12:20,740,EXP_FAULT_01,RUN_01,pod_kill,1,cartservice,cart-f01-02,online-boutique,node-c,0.373,41.9877,0,240.8039,0.002807,12.5437,8.8558,22.6296,32.0586,45.0034,232.2937,240.1279,0.2944,0.3816,240271.4801,202209.0995,pod_kill,coupon-service,2026-06-09 14:05:00,2026-06-09 14:20:00,during_fault,4.2489295,1
2026-06-09 14:12:25,745,EXP_FAULT_01,RUN_01,pod_kill,1,cartservice,cart-f01-02,online-boutique,node-c,0.3921,42.0434,0,245.8909,0.002407,11.9669,8.4761,21.5105,27.837,49.6299,236.8901,245.2991,0.1234,0.4684,253956.7981,214187.2523,pod_kill,coupon-service,2026-06-09 14:05:00,2026-06-09 14:20:00,during_fault,1.5586218,1
2026-06-09 14:12:30,750,EXP_FAULT_01,RUN_01,pod_kill,1,cartservice,cart-f01-02,online-boutique,node-c,0.3694,42.5502,0,240.9653,0.002186,12.1137,9.2781,21.5188,28.5188,46.4249,231.8457,240.4385,0.0856,0.4412,301717.0531,172285.6356,pod_kill,coupon-service,2026-06-09 14:05:00,2026-06-09 14:20:00,during_fault,2.699775,1
2026-06-09 14:12:35,755,EXP_FAULT_01,RUN_01,pod_kill,1,cartservice,cart-f01-02,online-boutique,node-c,0.3669,41.833,0,252.8055,0.002402,12.5087,9.2087,21.5662,29.5077,52.9306,242.8151,252.1983,0.1344,0.4728,249980.0499,218661.5188,pod_kill,coupon-service,2026-06-09 14:05:00,2026-06-09 14:20:00,during_fault,4.583644,1
2026-06-09 14:12:40,760,EXP_FAULT_01,RUN_01,pod_kill,1,cartservice,cart-f01-02,online-boutique,node-c,0.3905,42.5331,0,243.4144,0.003572,12.2843,9.2885,23.4999,33.2609,51.0909,233.2063,242.5449,0.3422,0.5273,253759.8416,188545.2997,pod_kill,coupon-service,2026-06-09 14:05:00,2026-06-09 14:20:00,during_fault,4.60889,1
2026-06-09 14:12:45,765,EXP_FAULT_01,RUN_01,pod_kill,1,cartservice,cart-f01-02,online-boutique,node-c,0.3706,42.2125,0,246.2684,0.003535,12.5034,8.3915,21.6002,31.7911,50.313,235.5744,245.3978,0.3616,0.509,215968.5199,233277.4115,pod_kill,coupon-service,2026-06-09 14:05:00,2026-06-09 14:20:00,during_fault,6.58756,1
2026-06-09 14:12:50,770,EXP_FAULT_01,RUN_01,pod_kill,1,cartservice,cart-f01-02,online-boutique,node-c,0.3819,42.8597,0,247.9296,0.003709,12.9576,9.0702,25.011,35.8015,57.0054,236.7286,247.01,0.3372,0.5824,301889.5536,183916.3345,pod_kill,coupon-service,2026-06-09 14:05:00,2026-06-09 14:20:00,during_fault,7.1702285,1
2026-06-09 14:12:55,775,EXP_FAULT_01,RUN_01,pod_kill,1,cartservice,cart-f01-02,online-boutique,node-c,0.3813,42.5116,0,248.7705,0.003572,12.4222,8.2311,24.8251,31.861,53.6542,237.2378,247.882,0.3155,0.573,315690.7163,173500.5921,pod_kill,coupon-service,2026-06-09 14:05:00,2026-06-09 14:20:00,during_fault,5.767318,1
2026-06-09 14:13:00,780,EXP_FAULT_01,RUN_01,pod_kill,1,cartservice,cart-f01-02,online-boutique,node-c,0.3704,42.2295,0,251.6837,0.002933,12.9523,9.1766,24.9079,35.3913,56.0698,239.7324,250.9455,0.1233,0.6149,241226.1354,243962.8973,pod_kill,coupon-service,2026-06-09 14:05:00,2026-06-09 14:20:00,during_fault,6.1523967,1
2026-06-09 14:13:05,785,EXP_FAULT_01,RUN_01,pod_kill,1,cartservice,cart-f01-02,online-boutique,node-c,0.3686,42.6023,0,249.4511,0.003191,12.4457,8.9364,24.0085,32.7521,55.895,237.1828,248.6551,0.2267,0.5693,301096.7244,222666.2255,pod_kill,coupon-service,2026-06-09 14:05:00,2026-06-09 14:20:00,during_fault,5.803884,1
2026-06-09 14:13:10,790,EXP_FAULT_01,RUN_01,pod_kill,1,cartservice,cart-f01-02,online-boutique,node-c,0.3689,41.685,0,248.8159,0.003561,12.7222,8.9651,23.9759,32.0225,50.1287,236.1886,247.9298,0.2512,0.6349,269471.5466,228456.3513,pod_kill,coupon-service,2026-06-09 14:05:00,2026-06-09 14:20:00,during_fault,7.3647995,1
2026-06-09 14:13:15,795,EXP_FAULT_01,RUN_01,pod_kill,1,cartservice,cart-f01-02,online-boutique,node-c,0.3776,42.2209,0,247.7527,0.003479,13.3245,8.7015,25.4956,33.2542,55.9176,234.9484,246.8907,0.2845,0.5775,207788.2483,226695.5272,pod_kill,coupon-service,2026-06-09 14:05:00,2026-06-09 14:20:00,during_fault,7.6197953,1
2026-06-09 14:13:20,800,EXP_FAULT_01,RUN_01,pod_kill,1,cartservice,cart-f01-02,online-boutique,node-c,0.3749,42.544,0,244.8924,0.003114,13.1529,8.6488,23.8409,37.767,60.0574,232.0058,244.1298,0.1299,0.6328,268556.41,243270.1798,pod_kill,coupon-service,2026-06-09 14:05:00,2026-06-09 14:20:00,during_fault,6.3031683,1
2026-06-09 14:13:25,805,EXP_FAULT_01,RUN_01,pod_kill,1,cartservice,cart-f01-02,online-boutique,node-c,0.3627,42.6148,0,242.1715,0.00378,13.6703,9.4721,24.5668,34.0538,56.4821,229.1659,241.2561,0.3194,0.596,284044.5761,227387.9663,pod_kill,coupon-service,2026-06-09 14:05:00,2026-06-09 14:20:00,during_fault,11.145185,1
2026-06-09 14:13:30,810,EXP_FAULT_01,RUN_01,pod_kill,1,cartservice,cart-f01-02,online-boutique,node-c,0.3477,42.4077,0,242.0128,0.003821,13.3117,8.7174,23.9671,33.4594,53.873,228.7554,241.0881,0.3295,0.5952,199350.8223,249562.2794,pod_kill,coupon-service,2026-06-09 14:05:00,2026-06-09 14:20:00,during_fault,12.332331,1
2026-06-09 14:13:35,815,EXP_FAULT_01,RUN_01,pod_kill,1,cartservice,cart-f01-02,online-boutique,node-c,0.3686,43.2171,0,246.9101,0.003693,12.4259,8.5152,23.1498,31.6421,54.4957,233.3283,245.9982,0.2684,0.6435,300150.1296,161695.377,pod_kill,coupon-service,2026-06-09 14:05:00,2026-06-09 14:20:00,during_fault,7.7083178,1
2026-06-09 14:13:40,820,EXP_FAULT_01,RUN_01,pod_kill,1,cartservice,cart-f01-02,online-boutique,node-c,0.3605,42.6862,0,248.3246,0.003685,13.1095,9.9306,23.632,32.6924,53.0585,234.5298,247.4094,0.2666,0.6485,243981.1551,241957.4936,pod_kill,coupon-service,2026-06-09 14:05:00,2026-06-09 14:20:00,during_fault,9.887518,1
2026-06-09 14:13:45,825,EXP_FAULT_01,RUN_01,pod_kill,1,cartservice,cart-f01-02,online-boutique,node-c,0.3826,42.3305,0,243.8051,0.003943,13.1283,9.4043,25.8274,33.592,53.077,230.1606,242.8438,0.2981,0.6632,265434.9079,240528.3575,pod_kill,coupon-service,2026-06-09 14:05:00,2026-06-09 14:20:00,during_fault,8.02035,1
2026-06-09 14:13:50,830,EXP_FAULT_01,RUN_01,pod_kill,1,cartservice,cart-f01-02,online-boutique,node-c,0.4046,42.2908,0,235.3776,0.003471,14.0048,10.3195,28.2366,38.0891,59.1309,222.3572,234.5606,0.1839,0.6331,214011.79,155435.1908,pod_kill,coupon-service,2026-06-09 14:05:00,2026-06-09 14:20:00,during_fault,5.808718,1
2026-06-09 14:13:55,835,EXP_FAULT_01,RUN_01,pod_kill,1,cartservice,cart-f01-02,online-boutique,node-c,0.3609,42.2219,0,241.8677,0.003838,13.0868,9.1174,24.3817,37.1326,60.2337,228.4533,240.9393,0.2688,0.6596,279563.6823,225003.436,pod_kill,coupon-service,2026-06-09 14:05:00,2026-06-09 14:20:00,during_fault,9.876558,1
2026-06-09 14:14:00,840,EXP_FAULT_01,RUN_01,pod_kill,1,cartservice,cart-f01-02,online-boutique,node-c,0.3703,42.1927,0,243.4818,0.003007,12.7916,9.2992,25.0945,34.0642,54.1119,230.1456,242.7497,0.0834,0.6487,213231.1079,158698.0109,pod_kill,coupon-service,2026-06-09 14:05:00,2026-06-09 14:20:00,during_fault,5.626737,1
2026-06-09 14:14:05,845,EXP_FAULT_01,RUN_01,pod_kill,1,cartservice,cart-f01-02,online-boutique,node-c,0.363,42.0505,0,239.7616,0.003816,13.1401,9.604,23.9736,37.2671,60.4212,226.7289,238.8466,0.2789,0.636,255096.269,221736.6901,pod_kill,coupon-service,2026-06-09 14:05:00,2026-06-09 14:20:00,during_fault,9.478002,1
2026-06-09 14:14:10,850,EXP_FAULT_01,RUN_01,pod_kill,1,cartservice,cart-f01-02,online-boutique,node-c,0.3494,43.0031,0,236.3301,0.004067,12.4932,8.4731,25.1404,36.104,54.923,223.5241,235.3688,0.3349,0.6264,218874.4267,220845.893,pod_kill,coupon-service,2026-06-09 14:05:00,2026-06-09 14:20:00,during_fault,11.183736,1
2026-06-09 14:14:15,855,EXP_FAULT_01,RUN_01,pod_kill,1,cartservice,cart-f01-02,online-boutique,node-c,0.3617,41.4313,0,231.7257,0.002864,12.7994,9.3126,25.5825,34.6178,54.2694,219.5642,231.0619,0.0917,0.572,273684.879,186669.7139,pod_kill,coupon-service,2026-06-09 14:05:00,2026-06-09 14:20:00,during_fault,5.6114607,1
2026-06-09 14:14:20,860,EXP_FAULT_01,RUN_01,pod_kill,1,cartservice,cart-f01-02,online-boutique,node-c,0.3755,42.2548,0,233.2098,0.003073,13.1777,9.3664,23.2847,33.3781,58.0935,221.187,232.4932,0.1081,0.6085,263479.9193,231372.9075,pod_kill,coupon-service,2026-06-09 14:05:00,2026-06-09 14:20:00,during_fault,5.6205015,1
2026-06-09 14:14:25,865,EXP_FAULT_01,RUN_01,pod_kill,1,cartservice,cart-f01-02,online-boutique,node-c,0.3826,41.7929,0,240.3569,0.002957,12.2543,9.199,21.7415,34.6106,52.9462,228.2971,239.6461,0.1371,0.5737,295754.5522,202475.6932,pod_kill,coupon-service,2026-06-09 14:05:00,2026-06-09 14:20:00,during_fault,3.223526,1
2026-06-09 14:14:30,870,EXP_FAULT_01,RUN_01,pod_kill,1,cartservice,cart-f01-02,online-boutique,node-c,0.357,41.9144,0,233.6857,0.002822,12.511,9.3793,25.4657,31.6027,47.7072,222.2759,233.0262,0.1224,0.5371,277687.2345,157529.3374,pod_kill,coupon-service,2026-06-09 14:05:00,2026-06-09 14:20:00,during_fault,5.4484406,1
2026-06-09 14:14:35,875,EXP_FAULT_01,RUN_01,pod_kill,1,cartservice,cart-f01-02,online-boutique,node-c,0.3811,42.5373,0,239.5333,0.003247,12.1679,8.4107,22.3635,30.2983,48.6412,228.0712,238.7555,0.2321,0.5458,203048.5544,197373.6917,pod_kill,coupon-service,2026-06-09 14:05:00,2026-06-09 14:20:00,during_fault,3.8963387,1
2026-06-09 14:14:40,880,EXP_FAULT_01,RUN_01,pod_kill,1,cartservice,cart-f01-02,online-boutique,node-c,0.3482,43.1836,0,232.1023,0.003479,12.3578,9.1812,22.5633,30.6748,50.6882,221.3452,231.2948,0.2796,0.5279,192518.3099,156814.7617,pod_kill,coupon-service,2026-06-09 14:05:00,2026-06-09 14:20:00,during_fault,8.070584,1
2026-06-09 14:14:45,885,EXP_FAULT_01,RUN_01,pod_kill,1,cartservice,cart-f01-02,online-boutique,node-c,0.3832,42.4119,0,246.0108,0.002954,12.4232,9.0917,23.026,31.4012,51.0452,235.0228,245.2841,0.2243,0.5024,308541.2244,160749.5889,pod_kill,coupon-service,2026-06-09 14:05:00,2026-06-09 14:20:00,during_fault,3.7365766,1
2026-06-09 14:14:50,890,EXP_FAULT_01,RUN_01,pod_kill,1,cartservice,cart-f01-02,online-boutique,node-c,0.3484,41.9119,0,238.2186,0.002809,11.5922,7.8941,22.7897,29.8121,44.596,228.0286,237.5495,0.1699,0.4992,229954.1232,198891.3921,pod_kill,coupon-service,2026-06-09 14:05:00,2026-06-09 14:20:00,during_fault,4.526413,1
2026-06-09 14:14:55,895,EXP_FAULT_01,RUN_01,pod_kill,1,cartservice,cart-f01-02,online-boutique,node-c,0.3645,42.846,0,242.7095,0.002904,11.295,7.8946,20.9787,26.4776,48.3413,232.6415,242.0048,0.1948,0.5099,230783.4219,158770.6075,pod_kill,coupon-service,2026-06-09 14:05:00,2026-06-09 14:20:00,during_fault,3.3212802,1
2026-06-09 14:15:00,900,EXP_FAULT_01,RUN_01,pod_kill,1,cartservice,cart-f01-02,online-boutique,node-c,0.3786,43.0132,0,238.3815,0.002896,12.742,9.306,23.6867,33.7987,45.3682,228.8748,237.6911,0.1892,0.5012,284513.6151,181653.3377,pod_kill,coupon-service,2026-06-09 14:05:00,2026-06-09 14:20:00,during_fault,4.2867794,1
2026-06-09 14:15:05,905,EXP_FAULT_01,RUN_01,pod_kill,1,cartservice,cart-f01-02,online-boutique,node-c,0.3797,41.578,0,242.7279,0.002328,12.1266,8.9782,23.1284,30.4163,50.2356,233.4877,242.1629,0.1293,0.4358,274615.5707,231384.4684,pod_kill,coupon-service,2026-06-09 14:05:00,2026-06-09 14:20:00,during_fault,2.38764,1
2026-06-09 14:15:10,910,EXP_FAULT_01,RUN_01,pod_kill,1,cartservice,cart-f01-02,online-boutique,node-c,0.3728,42.3197,0,242.4147,0.003098,12.3374,9.0672,24.2459,30.7156,50.1244,233.5031,241.6638,0.3304,0.4206,231379.3121,206789.5175,pod_kill,coupon-service,2026-06-09 14:05:00,2026-06-09 14:20:00,during_fault,4.5639915,1
2026-06-09 14:15:15,915,EXP_FAULT_01,RUN_01,pod_kill,1,cartservice,cart-f01-02,online-boutique,node-c,0.3589,42.1379,0,238.1193,0.002445,12.4717,9.1193,23.8548,28.9065,46.0738,229.7327,237.5372,0.2068,0.3753,259051.9863,182544.5458,pod_kill,coupon-service,2026-06-09 14:05:00,2026-06-09 14:20:00,during_fault,4.602629,1
2026-06-09 14:15:20,920,EXP_FAULT_01,RUN_01,pod_kill,1,cartservice,cart-f01-02,online-boutique,node-c,0.3647,42.579,0,243.0973,0.002258,11.324,8.4826,22.1636,29.3134,40.8112,234.9209,242.5484,0.1333,0.4156,260465.4103,207541.4334,pod_kill,coupon-service,2026-06-09 14:05:00,2026-06-09 14:20:00,during_fault,1.9536209,1
2026-06-09 14:15:25,925,EXP_FAULT_01,RUN_01,pod_kill,1,cartservice,cart-f01-02,online-boutique,node-c,0.3636,42.5702,0,242.7669,0.003097,11.4685,7.8892,19.152,27.1106,41.0167,234.8687,242.0151,0.3245,0.4273,270531.3263,237741.0061,pod_kill,coupon-service,2026-06-09 14:05:00,2026-06-09 14:20:00,during_fault,4.071277,1
2026-06-09 14:15:30,930,EXP_FAULT_01,RUN_01,pod_kill,1,cartservice,cart-f01-02,online-boutique,node-c,0.3504,41.9009,0,249.6741,0.002508,11.1687,7.7692,19.2396,25.2072,44.0612,241.7903,249.0479,0.2346,0.3917,317560.5127,174324.8056,pod_kill,coupon-service,2026-06-09 14:05:00,2026-06-09 14:20:00,during_fault,3.426421,1
2026-06-09 14:15:35,935,EXP_FAULT_01,RUN_01,pod_kill,1,cartservice,cart-f01-02,online-boutique,node-c,0.368,42.5898,0,239.7253,0.002209,12.146,8.9542,20.2929,29.6537,44.1315,232.4276,239.1957,0.1262,0.4034,284323.0035,172321.075,pod_kill,coupon-service,2026-06-09 14:05:00,2026-06-09 14:20:00,during_fault,2.8364677,1
2026-06-09 14:15:40,940,EXP_FAULT_01,RUN_01,pod_kill,1,cartservice,cart-f01-02,online-boutique,node-c,0.3719,41.8325,0,242.6033,0.003038,13.0579,9.9709,24.4792,32.4638,44.7174,235.3743,241.8663,0.3841,0.3529,247942.5454,197244.6602,pod_kill,coupon-service,2026-06-09 14:05:00,2026-06-09 14:20:00,during_fault,6.081619,1
2026-06-09 14:15:45,945,EXP_FAULT_01,RUN_01,pod_kill,1,cartservice,cart-f01-02,online-boutique,node-c,0.3657,43.5276,0,241.092,0.002845,12.158,8.6381,20.6522,28.9176,42.659,234.0135,240.406,0.3716,0.3144,274410.2054,160364.3349,pod_kill,coupon-service,2026-06-09 14:05:00,2026-06-09 14:20:00,during_fault,4.382539,1
2026-06-09 14:15:50,950,EXP_FAULT_01,RUN_01,pod_kill,1,cartservice,cart-f01-02,online-boutique,node-c,0.3719,43.294,0,246.3238,0.001668,11.6952,9.0177,19.2786,26.8032,39.2441,239.3891,245.9129,0.0754,0.3356,262941.0477,246620.4609,pod_kill,coupon-service,2026-06-09 14:05:00,2026-06-09 14:20:00,during_fault,1.3933933,1
2026-06-09 14:15:55,955,EXP_FAULT_01,RUN_01,pod_kill,1,cartservice,cart-f01-02,online-boutique,node-c,0.3881,42.936,0,236.2165,0.002851,10.961,8.3214,19.7209,25.6028,40.455,229.4525,235.543,0.3457,0.3277,249979.0425,180622.1288,pod_kill,coupon-service,2026-06-09 14:05:00,2026-06-09 14:20:00,during_fault,1.5873537,1
2026-06-09 14:16:00,960,EXP_FAULT_01,RUN_01,pod_kill,1,cartservice,cart-f01-02,online-boutique,node-c,0.3711,41.9939,0,237.9495,0.001777,11.6448,8.6217,20.8904,28.407,39.9528,231.3458,237.5266,0.0701,0.3528,202495.0194,194866.9467,pod_kill,coupon-service,2026-06-09 14:05:00,2026-06-09 14:20:00,during_fault,1.5541338,1
2026-06-09 14:16:05,965,EXP_FAULT_01,RUN_01,pod_kill,1,cartservice,cart-f01-02,online-boutique,node-c,0.3895,42.0551,0,243.4241,0.00191,11.5524,8.7039,20.415,25.8283,40.8747,236.6282,242.9592,0.1312,0.3337,299537.1884,189300.2508,pod_kill,coupon-service,2026-06-09 14:05:00,2026-06-09 14:20:00,during_fault,0.80703676,1
2026-06-09 14:16:10,970,EXP_FAULT_01,RUN_01,pod_kill,1,cartservice,cart-f01-02,online-boutique,node-c,0.363,41.814,0,234.0848,0.00256,11.4489,8.4895,21.6023,28.1565,42.6288,227.4545,233.4857,0.2853,0.3139,246335.4072,241505.2393,pod_kill,coupon-service,2026-06-09 14:05:00,2026-06-09 14:20:00,during_fault,2.4338703,1
2026-06-09 14:16:15,975,EXP_FAULT_01,RUN_01,pod_kill,1,cartservice,cart-f01-02,online-boutique,node-c,0.3703,42.7971,0,232.8556,0.001955,11.9735,8.8269,20.7658,28.536,40.9126,226.1877,232.4004,0.1097,0.3455,295157.985,224640.9998,pod_kill,coupon-service,2026-06-09 14:05:00,2026-06-09 14:20:00,during_fault,1.9265827,1
2026-06-09 14:16:20,980,EXP_FAULT_01,RUN_01,pod_kill,1,cartservice,cart-f01-02,online-boutique,node-c,0.3556,41.8529,0,237.0542,0.002268,10.9944,8.0252,20.1762,24.6744,36.4525,230.0407,236.5167,0.1786,0.359,203398.0748,173199.5422,pod_kill,coupon-service,2026-06-09 14:05:00,2026-06-09 14:20:00,during_fault,2.0131283,1
2026-06-09 14:16:25,985,EXP_FAULT_01,RUN_01,pod_kill,1,cartservice,cart-f01-02,online-boutique,node-c,0.3733,43.1771,0,240.5311,0.002539,12.508,8.3698,23.7361,32.1726,48.4078,233.2437,239.9203,0.2058,0.405,200166.9169,164672.8751,pod_kill,coupon-service,2026-06-09 14:05:00,2026-06-09 14:20:00,during_fault,3.573194,1
2026-06-09 14:16:30,990,EXP_FAULT_01,RUN_01,pod_kill,1,cartservice,cart-f01-02,online-boutique,node-c,0.3858,42.192,0,230.372,0.002735,11.3049,8.6163,19.854,28.768,39.5478,223.1491,229.7419,0.2402,0.3899,236873.9605,167070.5326,pod_kill,coupon-service,2026-06-09 14:05:00,2026-06-09 14:20:00,during_fault,1.2581686,1
2026-06-09 14:16:35,995,EXP_FAULT_01,RUN_01,pod_kill,1,cartservice,cart-f01-02,online-boutique,node-c,0.3523,41.7502,0,232.6155,0.002084,11.5848,8.5319,22.5492,28.647,41.4232,225.0885,232.1307,0.0696,0.4152,207111.1492,205532.4767,pod_kill,coupon-service,2026-06-09 14:05:00,2026-06-09 14:20:00,during_fault,2.884999,1
2026-06-09 14:16:40,1000,EXP_FAULT_01,RUN_01,pod_kill,1,cartservice,cart-f01-02,online-boutique,node-c,0.3843,42.2619,0,227.3388,0.003131,11.5274,8.789,21.5668,30.2614,45.0083,219.6251,226.627,0.3175,0.3943,191811.1008,192701.0722,pod_kill,coupon-service,2026-06-09 14:05:00,2026-06-09 14:20:00,during_fault,2.2412825,1
2026-06-09 14:16:45,1005,EXP_FAULT_01,RUN_01,pod_kill,1,cartservice,cart-f01-02,online-boutique,node-c,0.3648,40.9418,0,219.5663,0.003016,11.1544,8.1485,18.8771,27.879,44.441,211.8465,218.9041,0.2979,0.3643,276524.4245,188864.3066,pod_kill,coupon-service,2026-06-09 14:05:00,2026-06-09 14:20:00,during_fault,2.504207,1
2026-06-09 14:16:50,1010,EXP_FAULT_01,RUN_01,pod_kill,1,cartservice,cart-f01-02,online-boutique,node-c,0.3673,43.2232,0,221.1892,0.002731,10.9915,7.3241,21.4061,28.9666,39.5876,213.0784,220.5852,0.1725,0.4315,216450.7537,177579.0216,pod_kill,coupon-service,2026-06-09 14:05:00,2026-06-09 14:20:00,during_fault,1.7327831,1
2026-06-09 14:16:55,1015,EXP_FAULT_01,RUN_01,pod_kill,1,cartservice,cart-f01-02,online-boutique,node-c,0.3624,42.4337,0,223.5509,0.003093,11.8516,7.8361,21.353,28.4087,44.6341,214.9958,222.8594,0.3078,0.3838,209149.1604,225025.7178,pod_kill,coupon-service,2026-06-09 14:05:00,2026-06-09 14:20:00,during_fault,3.7782447,1
2026-06-09 14:17:00,1020,EXP_FAULT_01,RUN_01,pod_kill,1,cartservice,cart-f01-02,online-boutique,node-c,0.3617,43.0915,0,217.8182,0.003437,12.1097,8.2286,23.0116,32.7004,43.9098,209.096,217.0697,0.3283,0.4202,191349.8013,221202.8129,pod_kill,coupon-service,2026-06-09 14:05:00,2026-06-09 14:20:00,during_fault,5.196776,1
2026-06-09 14:17:05,1025,EXP_FAULT_01,RUN_01,pod_kill,1,cartservice,cart-f01-02,online-boutique,node-c,0.3475,43.288,0,224.6775,0.002334,11.6654,7.8359,22.8573,30.3319,46.9439,215.4264,224.1532,0.0947,0.4296,279636.938,209799.9042,pod_kill,coupon-service,2026-06-09 14:05:00,2026-06-09 14:20:00,during_fault,3.281133,1
2026-06-09 14:17:10,1030,EXP_FAULT_01,RUN_01,pod_kill,1,cartservice,cart-f01-02,online-boutique,node-c,0.349,43.1613,0,215.4479,0.00322,11.9605,9.0953,23.2534,32.726,49.6988,206.1618,214.7541,0.2631,0.4306,254595.3842,183204.7967,pod_kill,coupon-service,2026-06-09 14:05:00,2026-06-09 14:20:00,during_fault,5.2692666,1
2026-06-09 14:17:15,1035,EXP_FAULT_01,RUN_01,pod_kill,1,cartservice,cart-f01-02,online-boutique,node-c,0.3571,43.0832,0,212.2879,0.003621,11.749,8.7372,22.7865,29.3784,50.632,202.7051,211.5192,0.3373,0.4314,191055.3556,206000.7686,pod_kill,coupon-service,2026-06-09 14:05:00,2026-06-09 14:20:00,during_fault,5.5140204,1
2026-06-09 14:17:20,1040,EXP_FAULT_01,RUN_01,pod_kill,1,cartservice,cart-f01-02,online-boutique,node-c,0.3591,41.8297,0,211.7174,0.002769,11.892,8.2872,22.0669,29.821,46.478,201.9933,211.1312,0.1021,0.4841,245423.0136,209025.0866,pod_kill,coupon-service,2026-06-09 14:05:00,2026-06-09 14:20:00,during_fault,2.9122508,1
2026-06-09 14:17:25,1045,EXP_FAULT_01,RUN_01,pod_kill,1,cartservice,cart-f01-02,online-boutique,node-c,0.3661,42.3978,0,213.2573,0.003326,12.8743,9.7206,25.5723,35.8815,52.7892,203.0258,212.5479,0.2409,0.4685,200874.4012,183723.866,pod_kill,coupon-service,2026-06-09 14:05:00,2026-06-09 14:20:00,during_fault,5.4988256,1
2026-06-09 14:17:30,1050,EXP_FAULT_01,RUN_01,pod_kill,1,cartservice,cart-f01-02,online-boutique,node-c,0.3662,42.4932,0,204.7922,0.003568,12.4538,9.1424,22.522,34.4282,55.6702,194.6632,204.0615,0.2341,0.4965,179061.922,159808.3795,pod_kill,coupon-service,2026-06-09 14:05:00,2026-06-09 14:20:00,during_fault,5.0768747,1
2026-06-09 14:17:35,1055,EXP_FAULT_01,RUN_01,pod_kill,1,cartservice,cart-f01-02,online-boutique,node-c,0.3644,42.3781,0,209.9287,0.003555,12.4461,8.5573,24.6477,33.5799,55.8379,199.3116,209.1824,0.2639,0.4824,186799.3326,141933.1268,pod_kill,coupon-service,2026-06-09 14:05:00,2026-06-09 14:20:00,during_fault,5.3736734,1
2026-06-09 14:17:40,1060,EXP_FAULT_01,RUN_01,pod_kill,1,cartservice,cart-f01-02,online-boutique,node-c,0.3787,42.9781,0,209.0956,0.003158,12.3577,8.1987,24.8628,35.2974,49.5149,198.3318,208.4353,0.1339,0.5265,228895.4759,170695.5349,pod_kill,coupon-service,2026-06-09 14:05:00,2026-06-09 14:20:00,during_fault,3.1324506,1
2026-06-09 14:17:45,1065,EXP_FAULT_01,RUN_01,pod_kill,1,cartservice,cart-f01-02,online-boutique,node-c,0.3537,41.4509,0,208.1812,0.003972,12.8157,9.3601,23.0933,34.3487,58.3125,197.1934,207.3544,0.2844,0.5424,217768.888,141624.5119,pod_kill,coupon-service,2026-06-09 14:05:00,2026-06-09 14:20:00,during_fault,8.853933,1
2026-06-09 14:17:50,1070,EXP_FAULT_01,RUN_01,pod_kill,1,cartservice,cart-f01-02,online-boutique,node-c,0.3676,43.0551,0,209.6229,0.003321,12.3185,8.1961,23.5313,32.1925,50.1107,198.3848,208.9267,0.1406,0.5557,194676.5137,157483.7965,pod_kill,coupon-service,2026-06-09 14:05:00,2026-06-09 14:20:00,during_fault,4.297915,1
2026-06-09 14:17:55,1075,EXP_FAULT_01,RUN_01,pod_kill,1,cartservice,cart-f01-02,online-boutique,node-c,0.3514,42.4219,0,213.0944,0.00309,12.3865,8.6224,22.4231,35.2139,53.3002,201.5597,212.436,0.0885,0.5699,204860.8309,202791.7557,pod_kill,coupon-service,2026-06-09 14:05:00,2026-06-09 14:20:00,during_fault,5.264816,1
2026-06-09 14:18:00,1080,EXP_FAULT_01,RUN_01,pod_kill,1,cartservice,cart-f01-02,online-boutique,node-c,0.3615,42.6901,0,211.7447,0.004361,11.7105,7.8123,21.3587,31.2268,47.0427,200.0145,210.8212,0.3274,0.5961,179738.8172,171945.9989,pod_kill,coupon-service,2026-06-09 14:05:00,2026-06-09 14:20:00,during_fault,8.519007,1
2026-06-09 14:18:05,1085,EXP_FAULT_01,RUN_01,pod_kill,1,cartservice,cart-f01-02,online-boutique,node-c,0.3493,42.7251,0,216.3596,0.003314,12.8144,9.1645,26.0382,35.1884,57.6645,204.4272,215.6426,0.1344,0.5826,209208.954,159532.7892,pod_kill,coupon-service,2026-06-09 14:05:00,2026-06-09 14:20:00,during_fault,7.280847,1
2026-06-09 14:18:10,1090,EXP_FAULT_01,RUN_01,pod_kill,1,cartservice,cart-f01-02,online-boutique,node-c,0.3593,42.7948,0,207.3763,0.003779,14.0409,9.357,27.6823,39.5342,64.2646,195.8728,206.5925,0.225,0.5587,260368.6964,207333.1771,pod_kill,coupon-service,2026-06-09 14:05:00,2026-06-09 14:20:00,during_fault,10.241112,1
2026-06-09 14:18:15,1095,EXP_FAULT_01,RUN_01,pod_kill,1,cartservice,cart-f01-02,online-boutique,node-c,0.3545,42.2917,0,198.11,0.003911,12.8861,9.3574,23.6201,32.4584,53.6624,187.0852,197.3351,0.2178,0.5571,233028.2999,143829.7459,pod_kill,coupon-service,2026-06-09 14:05:00,2026-06-09 14:20:00,during_fault,8.108206,1
2026-06-09 14:18:20,1100,EXP_FAULT_01,RUN_01,pod_kill,1,cartservice,cart-f01-02,online-boutique,node-c,0.3468,42.7659,0,207.5692,0.003537,12.2717,8.9818,24.955,35.1854,47.7847,196.1001,206.8351,0.2039,0.5302,193727.4653,201669.2686,pod_kill,coupon-service,2026-06-09 14:05:00,2026-06-09 14:20:00,during_fault,6.6500826,1
2026-06-09 14:18:25,1105,EXP_FAULT_01,RUN_01,pod_kill,1,cartservice,cart-f01-02,online-boutique,node-c,0.3644,42.2993,0,208.4711,0.003871,12.8832,9.5653,26.454,36.7219,51.2221,197.0004,207.664,0.2883,0.5188,240294.0675,175846.6297,pod_kill,coupon-service,2026-06-09 14:05:00,2026-06-09 14:20:00,during_fault,7.251947,1
2026-06-09 14:18:30,1110,EXP_FAULT_01,RUN_01,pod_kill,1,cartservice,cart-f01-02,online-boutique,node-c,0.3727,42.4046,0,208.1646,0.003906,13.0062,9.7456,24.0789,33.7992,57.3144,196.852,207.3515,0.2956,0.5175,219713.177,160811.946,pod_kill,coupon-service,2026-06-09 14:05:00,2026-06-09 14:20:00,during_fault,6.761218,1
2026-06-09 14:18:35,1115,EXP_FAULT_01,RUN_01,pod_kill,1,cartservice,cart-f01-02,online-boutique,node-c,0.3614,42.522,0,212.8706,0.003573,12.3694,8.6647,24.8656,35.1373,49.1069,201.4164,212.11,0.2432,0.5175,254394.9853,208882.8949,pod_kill,coupon-service,2026-06-09 14:05:00,2026-06-09 14:20:00,during_fault,5.703029,1
2026-06-09 14:18:40,1120,EXP_FAULT_01,RUN_01,pod_kill,1,cartservice,cart-f01-02,online-boutique,node-c,0.3587,42.4095,0,220.7402,0.003536,13.119,9.2816,25.5669,35.766,53.417,209.0633,219.9596,0.219,0.5616,224899.397,154419.9256,pod_kill,coupon-service,2026-06-09 14:05:00,2026-06-09 14:20:00,during_fault,7.946823,1
2026-06-09 14:18:45,1125,EXP_FAULT_01,RUN_01,pod_kill,1,cartservice,cart-f01-02,online-boutique,node-c,0.3439,42.4141,0,213.5471,0.003512,12.2811,8.9961,23.4777,31.6737,56.0047,202.5167,212.7973,0.2329,0.517,202626.4014,187803.5896,pod_kill,coupon-service,2026-06-09 14:05:00,2026-06-09 14:20:00,during_fault,7.2299094,1
2026-06-09 14:18:50,1130,EXP_FAULT_01,RUN_01,pod_kill,1,cartservice,cart-f01-02,online-boutique,node-c,0.3391,43.6653,0,211.5972,0.003832,12.5089,9.0711,23.2029,34.9513,55.2998,200.8776,210.7865,0.319,0.4918,225702.166,148388.8847,pod_kill,coupon-service,2026-06-09 14:05:00,2026-06-09 14:20:00,during_fault,9.858397,1
2026-06-09 14:18:55,1135,EXP_FAULT_01,RUN_01,pod_kill,1,cartservice,cart-f01-02,online-boutique,node-c,0.3601,43.4272,0,217.208,0.00385,11.4237,7.4794,20.966,31.3351,46.4152,206.5309,216.3718,0.2974,0.5388,186846.3498,158790.1793,pod_kill,coupon-service,2026-06-09 14:05:00,2026-06-09 14:20:00,during_fault,6.0340986,1
2026-06-09 14:19:00,1140,EXP_FAULT_01,RUN_01,pod_kill,1,cartservice,cart-f01-02,online-boutique,node-c,0.3582,43.5448,0,219.0901,0.003055,12.9895,9.7023,23.7587,31.9867,50.1654,208.6275,218.4208,0.1547,0.5145,268923.6574,227680.5849,pod_kill,coupon-service,2026-06-09 14:05:00,2026-06-09 14:20:00,during_fault,6.311529,1
2026-06-09 14:19:05,1145,EXP_FAULT_01,RUN_01,pod_kill,1,cartservice,cart-f01-02,online-boutique,node-c,0.3887,43.0481,0,217.0402,0.003724,12.4247,8.37,24.6632,30.3177,52.829,206.99,216.2319,0.3142,0.4941,274843.0867,163885.2892,pod_kill,coupon-service,2026-06-09 14:05:00,2026-06-09 14:20:00,during_fault,4.4273086,1
2026-06-09 14:19:10,1150,EXP_FAULT_01,RUN_01,pod_kill,1,cartservice,cart-f01-02,online-boutique,node-c,0.3567,42.6249,0,209.3012,0.002487,11.5236,8.8135,21.2296,28.2288,47.8283,200.0053,208.7807,0.0615,0.459,198749.4649,147016.2617,pod_kill,coupon-service,2026-06-09 14:05:00,2026-06-09 14:20:00,during_fault,1.9568927,1
2026-06-09 14:19:15,1155,EXP_FAULT_01,RUN_01,pod_kill,1,cartservice,cart-f01-02,online-boutique,node-c,0.3735,43.2805,0,213.1806,0.002605,11.3839,8.4027,21.3511,27.679,46.9461,204.0743,212.6251,0.1041,0.4513,211035.7127,212872.7471,pod_kill,coupon-service,2026-06-09 14:05:00,2026-06-09 14:20:00,during_fault,1.398639,1
2026-06-09 14:19:20,1160,EXP_FAULT_01,RUN_01,pod_kill,1,cartservice,cart-f01-02,online-boutique,node-c,0.3799,42.163,0,214.4812,0.002352,11.9375,8.5305,23.2764,31.5482,50.2212,205.6444,213.9766,0.0807,0.4239,212119.7737,190507.7009,pod_kill,coupon-service,2026-06-09 14:05:00,2026-06-09 14:20:00,during_fault,1.3062065,1
2026-06-09 14:19:25,1165,EXP_FAULT_01,RUN_01,pod_kill,1,cartservice,cart-f01-02,online-boutique,node-c,0.3684,42.0203,0,204.6258,0.002546,11.7725,8.2324,20.6581,30.4982,47.3696,196.4973,204.1049,0.1158,0.4052,258557.6058,182433.5966,pod_kill,coupon-service,2026-06-09 14:05:00,2026-06-09 14:20:00,during_fault,1.5555675,1
2026-06-09 14:19:30,1170,EXP_FAULT_01,RUN_01,pod_kill,1,cartservice,cart-f01-02,online-boutique,node-c,0.3607,43.2678,0,207.0328,0.002811,11.6851,8.2112,23.0914,28.1588,45.8422,199.0889,206.4508,0.1925,0.3894,238822.946,151234.8091,pod_kill,coupon-service,2026-06-09 14:05:00,2026-06-09 14:20:00,during_fault,2.5024033,1
2026-06-09 14:19:35,1175,EXP_FAULT_01,RUN_01,pod_kill,1,cartservice,cart-f01-02,online-boutique,node-c,0.3569,42.145,0,206.6471,0.002453,11.3168,8.0737,20.0174,26.0407,41.9793,199.0809,206.1401,0.1336,0.3734,185848.448,196223.5279,pod_kill,coupon-service,2026-06-09 14:05:00,2026-06-09 14:20:00,during_fault,1.5923105,1
2026-06-09 14:19:40,1180,EXP_FAULT_01,RUN_01,pod_kill,1,cartservice,cart-f01-02,online-boutique,node-c,0.3405,41.9506,0,204.3785,0.002867,11.7521,7.8743,21.4338,26.883,45.7352,197.1753,203.7926,0.2092,0.3767,232121.7009,138653.9218,pod_kill,coupon-service,2026-06-09 14:05:00,2026-06-09 14:20:00,during_fault,4.251087,1
2026-06-09 14:19:45,1185,EXP_FAULT_01,RUN_01,pod_kill,1,cartservice,cart-f01-02,online-boutique,node-c,0.3656,42.5579,0,206.1197,0.003163,11.5494,8.2354,21.253,26.4733,44.0126,199.1305,205.4677,0.2926,0.3594,200749.7001,193261.6662,pod_kill,coupon-service,2026-06-09 14:05:00,2026-06-09 14:20:00,during_fault,2.7700717,1
2026-06-09 14:19:50,1190,EXP_FAULT_01,RUN_01,pod_kill,1,cartservice,cart-f01-02,online-boutique,node-c,0.3551,43.103,0,209.0677,0.002067,12.508,9.1444,24.3558,28.2511,43.3587,202.3153,208.6355,0.0836,0.3486,253748.835,209816.6331,pod_kill,coupon-service,2026-06-09 14:05:00,2026-06-09 14:20:00,during_fault,3.1305757,1
2026-06-09 14:19:55,1195,EXP_FAULT_01,RUN_01,pod_kill,1,cartservice,cart-f01-02,online-boutique,node-c,0.3614,42.2402,0,203.2715,0.002738,10.8136,8.1372,19.9997,25.0554,42.403,196.902,202.7148,0.2195,0.3371,203844.0352,182698.8136,pod_kill,coupon-service,2026-06-09 14:05:00,2026-06-09 14:20:00,during_fault,1.262531,1
2026-06-09 14:20:00,1200,EXP_FAULT_01,RUN_01,pod_kill,1,cartservice,cart-f01-02,online-boutique,node-c,0.3337,42.4192,0,210.3964,0.002828,10.7731,7.337,19.0361,25.4609,41.1652,203.9208,209.8015,0.2942,0.3007,195454.2474,161178.3026,pod_kill,coupon-service,2026-06-09 14:05:00,2026-06-09 14:20:00,post_fault,3.1964946,1
2026-06-09 14:20:05,1205,EXP_FAULT_01,RUN_01,pod_kill,1,cartservice,cart-f01-02,online-boutique,node-c,0.3528,42.3255,0,201.3277,0.002877,11.3288,8.479,21.2884,25.4041,37.9877,195.1251,200.7484,0.2907,0.2886,165779.0263,178615.8797,pod_kill,coupon-service,2026-06-09 14:05:00,2026-06-09 14:20:00,post_fault,2.4541562,1
2026-06-09 14:20:10,1210,EXP_FAULT_01,RUN_01,pod_kill,1,cartservice,cart-f01-02,online-boutique,node-c,0.3597,43.1852,0,204.9108,0.002749,11.1251,7.4962,19.0716,26.3184,39.3497,198.702,204.3474,0.2408,0.3226,181266.5363,191073.9315,pod_kill,coupon-service,2026-06-09 14:05:00,2026-06-09 14:20:00,post_fault,1.7593895,1
2026-06-09 14:20:15,1215,EXP_FAULT_01,RUN_01,pod_kill,1,cartservice,cart-f01-02,online-boutique,node-c,0.3733,41.756,0,205.4691,0.002748,11.6932,8.1572,20.1245,25.8621,43.1018,199.3024,204.9045,0.2337,0.3309,233610.3466,161307.8758,pod_kill,coupon-service,2026-06-09 14:05:00,2026-06-09 14:20:00,post_fault,1.525233,1
2026-06-09 14:20:20,1220,EXP_FAULT_01,RUN_01,pod_kill,1,cartservice,cart-f01-02,online-boutique,node-c,0.3823,41.7685,0,198.0785,0.00259,10.6004,7.112,20.2699,25.1741,40.3366,192.2502,197.5655,0.2059,0.3071,173117.9304,167404.7674,pod_kill,coupon-service,2026-06-09 14:05:00,2026-06-09 14:20:00,post_fault,0.45542163,0
2026-06-09 14:20:25,1225,EXP_FAULT_01,RUN_01,pod_kill,1,cartservice,cart-f01-02,online-boutique,node-c,0.359,42.4207,0,199.0739,0.00203,11.7987,9.1251,21.4931,30.0084,44.7604,193.3836,198.6698,0.1439,0.2603,246652.5866,193418.2143,pod_kill,coupon-service,2026-06-09 14:05:00,2026-06-09 14:20:00,post_fault,1.6701206,1
2026-06-09 14:20:30,1230,EXP_FAULT_01,RUN_01,pod_kill,1,cartservice,cart-f01-02,online-boutique,node-c,0.3527,43.6987,0,203.5426,0.002166,10.6053,7.384,18.6169,23.0968,39.9273,197.7448,203.1017,0.1731,0.2678,224099.0785,186092.7745,pod_kill,coupon-service,2026-06-09 14:05:00,2026-06-09 14:20:00,post_fault,0.9990454,1
2026-06-09 14:20:35,1235,EXP_FAULT_01,RUN_01,pod_kill,1,cartservice,cart-f01-02,online-boutique,node-c,0.3983,42.252,0,200.1607,0.002705,10.6477,7.6619,17.6574,24.4252,39.5356,194.5575,199.6194,0.2838,0.2575,176583.644,199817.5985,pod_kill,coupon-service,2026-06-09 14:05:00,2026-06-09 14:20:00,post_fault,0.7121824,1
2026-06-09 14:20:40,1240,EXP_FAULT_01,RUN_01,pod_kill,1,cartservice,cart-f01-02,online-boutique,node-c,0.3526,42.9545,0,207.4538,0.002305,11.5969,8.1188,19.9196,28.7563,41.1146,201.6819,206.9756,0.1773,0.301,235153.8697,191158.4663,pod_kill,coupon-service,2026-06-09 14:05:00,2026-06-09 14:20:00,post_fault,2.0937023,1
2026-06-09 14:20:45,1245,EXP_FAULT_01,RUN_01,pod_kill,1,cartservice,cart-f01-02,online-boutique,node-c,0.3413,42.1131,0,202.0156,0.002001,10.0039,7.2196,16.8936,23.2808,35.3602,196.5554,201.6113,0.1086,0.2957,240731.3129,188092.5361,pod_kill,coupon-service,2026-06-09 14:05:00,2026-06-09 14:20:00,post_fault,0.79114217,1
2026-06-09 14:20:50,1250,EXP_FAULT_01,RUN_01,pod_kill,1,cartservice,cart-f01-02,online-boutique,node-c,0.3636,42.6416,0,208.5006,0.001839,11.2807,8.2006,21.0283,24.6009,38.7893,202.929,208.1171,0.1106,0.2729,233379.4717,189812.981,pod_kill,coupon-service,2026-06-09 14:05:00,2026-06-09 14:20:00,post_fault,0.76939726,1
2026-06-09 14:20:55,1255,EXP_FAULT_01,RUN_01,pod_kill,1,cartservice,cart-f01-02,online-boutique,node-c,0.3475,42.3023,0,201.8678,0.002412,10.4838,7.8055,18.8226,25.9767,35.1131,196.516,201.381,0.1866,0.3002,254547.7249,208966.8005,pod_kill,coupon-service,2026-06-09 14:05:00,2026-06-09 14:20:00,post_fault,1.0754154,1
2026-06-09 14:21:00,1260,EXP_FAULT_01,RUN_01,pod_kill,1,cartservice,cart-f01-02,online-boutique,node-c,0.3517,42.0907,0,205.4338,0.001981,11.0689,7.6972,20.9159,24.709,39.2488,200.0646,205.0269,0.1161,0.2908,171027.2667,162036.3677,pod_kill,coupon-service,2026-06-09 14:05:00,2026-06-09 14:20:00,post_fault,1.2676642,1
2026-06-09 14:21:05,1265,EXP_FAULT_01,RUN_01,pod_kill,1,cartservice,cart-f01-02,online-boutique,node-c,0.3573,43.1631,0,201.5801,0.001925,10.2866,7.8425,18.1393,23.9386,32.9979,196.4145,201.192,0.1317,0.2563,253563.0443,138249.5295,pod_kill,coupon-service,2026-06-09 14:05:00,2026-06-09 14:20:00,post_fault,0.27961048,0
2026-06-09 14:21:10,1270,EXP_FAULT_01,RUN_01,pod_kill,1,cartservice,cart-f01-02,online-boutique,node-c,0.3849,42.7961,0,210.9362,0.002464,11.4518,8.7478,18.9256,25.6478,42.6108,205.4989,210.4165,0.235,0.2847,175660.9369,212606.9766,pod_kill,coupon-service,2026-06-09 14:05:00,2026-06-09 14:20:00,post_fault,0.73985547,1
2026-06-09 14:21:15,1275,EXP_FAULT_01,RUN_01,pod_kill,1,cartservice,cart-f01-02,online-boutique,node-c,0.3736,42.4158,0,205.1104,0.002615,10.5479,7.138,17.8549,26.1738,38.974,199.853,204.5742,0.2737,0.2626,172473.3522,157345.3166,pod_kill,coupon-service,2026-06-09 14:05:00,2026-06-09 14:20:00,post_fault,0.6116157,0
2026-06-09 14:21:20,1280,EXP_FAULT_01,RUN_01,pod_kill,1,cartservice,cart-f01-02,online-boutique,node-c,0.3446,41.5822,0,219.7559,0.002579,11.3957,8.2685,19.6114,25.6387,36.6842,214.321,219.1892,0.287,0.2797,219617.7558,213727.8999,pod_kill,coupon-service,2026-06-09 14:05:00,2026-06-09 14:20:00,post_fault,3.2921963,1
2026-06-09 14:21:25,1285,EXP_FAULT_01,RUN_01,pod_kill,1,cartservice,cart-f01-02,online-boutique,node-c,0.363,42.8808,0,216.759,0.001836,11.2216,8.4673,18.2976,27.1842,41.8744,211.493,216.361,0.1155,0.2825,237657.6715,216074.5361,pod_kill,coupon-service,2026-06-09 14:05:00,2026-06-09 14:20:00,post_fault,0.8538864,1
2026-06-09 14:21:30,1290,EXP_FAULT_01,RUN_01,pod_kill,1,cartservice,cart-f01-02,online-boutique,node-c,0.3532,42.3136,0,217.0056,0.00242,11.2722,8.6855,19.3132,25.7398,39.17,211.7927,216.4804,0.2681,0.257,184081.2249,195452.1916,pod_kill,coupon-service,2026-06-09 14:05:00,2026-06-09 14:20:00,post_fault,2.0466907,1
2026-06-09 14:21:35,1295,EXP_FAULT_01,RUN_01,pod_kill,1,cartservice,cart-f01-02,online-boutique,node-c,0.3619,42.543,0,216.4455,0.002622,10.682,7.8501,18.2625,24.3959,34.5064,211.1931,215.878,0.3023,0.2652,178196.9844,175455.4084,pod_kill,coupon-service,2026-06-09 14:05:00,2026-06-09 14:20:00,post_fault,1.2602364,1
2026-06-09 14:21:40,1300,EXP_FAULT_01,RUN_01,pod_kill,1,cartservice,cart-f01-02,online-boutique,node-c,0.3476,42.3818,0,218.352,0.002281,11.1445,8.3623,19.77,24.8905,35.8214,213.1891,217.854,0.2179,0.2801,263486.592,176846.987,pod_kill,coupon-service,2026-06-09 14:05:00,2026-06-09 14:20:00,post_fault,2.1033387,1
2026-06-09 14:21:45,1305,EXP_FAULT_01,RUN_01,pod_kill,1,cartservice,cart-f01-02,online-boutique,node-c,0.3643,41.7748,0,218.3257,0.002015,11.0952,8.3828,20.179,24.1552,38.1524,213.3159,217.8858,0.2147,0.2251,240608.8354,216478.7336,pod_kill,coupon-service,2026-06-09 14:05:00,2026-06-09 14:20:00,post_fault,0.9575941,1
2026-06-09 14:21:50,1310,EXP_FAULT_01,RUN_01,pod_kill,1,cartservice,cart-f01-02,online-boutique,node-c,0.3823,42.3925,0,229.6018,0.002428,10.4954,8.221,17.7173,22.3586,35.3902,224.3448,229.0444,0.2553,0.3021,204792.8896,161211.1165,pod_kill,coupon-service,2026-06-09 14:05:00,2026-06-09 14:20:00,post_fault,0.4984358,0
2026-06-09 14:21:55,1315,EXP_FAULT_01,RUN_01,pod_kill,1,cartservice,cart-f01-02,online-boutique,node-c,0.3557,41.8234,0,227.4932,0.002076,11.2959,8.5039,19.4831,27.0828,36.7584,222.4024,227.021,0.2203,0.2519,213765.2407,182218.4306,pod_kill,coupon-service,2026-06-09 14:05:00,2026-06-09 14:20:00,post_fault,1.9794677,1
2026-06-09 14:22:00,1320,EXP_FAULT_01,RUN_01,pod_kill,1,cartservice,cart-f01-02,online-boutique,node-c,0.3659,43.2542,0,224.0047,0.00171,11.2541,7.6068,20.3415,25.1301,37.4937,219.0514,223.6216,0.1419,0.2412,272659.4202,198442.6221,pod_kill,coupon-service,2026-06-09 14:05:00,2026-06-09 14:20:00,post_fault,0.81791544,1
2026-06-09 14:22:05,1325,EXP_FAULT_01,RUN_01,pod_kill,1,cartservice,cart-f01-02,online-boutique,node-c,0.3669,41.9173,0,220.1694,0.001912,10.6611,7.8781,17.0714,24.2663,33.5199,215.3288,219.7484,0.1384,0.2826,249864.4902,198044.7003,pod_kill,coupon-service,2026-06-09 14:05:00,2026-06-09 14:20:00,post_fault,0.450428,0
2026-06-09 14:22:10,1330,EXP_FAULT_01,RUN_01,pod_kill,1,cartservice,cart-f01-02,online-boutique,node-c,0.3513,43.1495,0,227.7933,0.002424,10.292,7.1949,18.2112,22.4675,32.7896,222.862,227.2411,0.2745,0.2777,223457.4198,193843.3396,pod_kill,coupon-service,2026-06-09 14:05:00,2026-06-09 14:20:00,post_fault,1.4819882,1
2026-06-09 14:22:15,1335,EXP_FAULT_01,RUN_01,pod_kill,1,cartservice,cart-f01-02,online-boutique,node-c,0.3684,42.1413,0,228.1161,0.001531,11.2069,8.6622,19.1822,27.0826,36.7056,223.3126,227.7667,0.0816,0.2677,225791.5373,198103.9709,pod_kill,coupon-service,2026-06-09 14:05:00,2026-06-09 14:20:00,post_fault,0.78616554,1
2026-06-09 14:22:20,1340,EXP_FAULT_01,RUN_01,pod_kill,1,cartservice,cart-f01-02,online-boutique,node-c,0.3579,42.0765,0,223.2423,0.001622,10.9003,7.836,19.7336,24.8424,34.9913,218.5729,222.8802,0.1111,0.2511,248151.5399,190448.2516,pod_kill,coupon-service,2026-06-09 14:05:00,2026-06-09 14:20:00,post_fault,0.88834935,1
2026-06-09 14:22:25,1345,EXP_FAULT_01,RUN_01,pod_kill,1,cartservice,cart-f01-02,online-boutique,node-c,0.357,42.9781,0,242.5162,0.00268,11.1395,8.5408,19.1518,24.8496,39.464,237.3403,241.8662,0.3489,0.3011,284489.6625,196838.8872,pod_kill,coupon-service,2026-06-09 14:05:00,2026-06-09 14:20:00,post_fault,3.1342316,1
2026-06-09 14:22:30,1350,EXP_FAULT_01,RUN_01,pod_kill,1,cartservice,cart-f01-02,online-boutique,node-c,0.3489,42.6162,0,226.1622,0.001766,10.4699,7.465,17.434,24.2827,32.3071,221.5502,225.7628,0.1797,0.2197,238499.3029,230353.558,pod_kill,coupon-service,2026-06-09 14:05:00,2026-06-09 14:20:00,post_fault,1.0407271,1
2026-06-09 14:22:35,1355,EXP_FAULT_01,RUN_01,pod_kill,1,cartservice,cart-f01-02,online-boutique,node-c,0.3755,42.2301,0,227.8255,0.002383,10.7933,8.1731,19.7643,23.0077,38.401,223.2079,227.2827,0.2674,0.2755,245909.0975,188542.3851,pod_kill,coupon-service,2026-06-09 14:05:00,2026-06-09 14:20:00,post_fault,0.70534563,1
2026-06-09 14:22:40,1360,EXP_FAULT_01,RUN_01,pod_kill,1,cartservice,cart-f01-02,online-boutique,node-c,0.3856,42.6946,0,230.2063,0.001616,10.9618,8.3379,19.5162,25.0875,36.1991,225.683,229.8343,0.1177,0.2543,241530.9149,223725.6714,pod_kill,coupon-service,2026-06-09 14:05:00,2026-06-09 14:20:00,post_fault,0.15407784,0
2026-06-09 14:22:45,1365,EXP_FAULT_01,RUN_01,pod_kill,1,cartservice,cart-f01-02,online-boutique,node-c,0.3708,42.469,0,230.8825,0.002004,10.8921,7.7269,19.6016,22.7262,33.5889,226.3019,230.4197,0.2506,0.2122,252013.6771,220855.4871,pod_kill,coupon-service,2026-06-09 14:05:00,2026-06-09 14:20:00,post_fault,0.67326844,1
2026-06-09 14:22:50,1370,EXP_FAULT_01,RUN_01,pod_kill,1,cartservice,cart-f01-02,online-boutique,node-c,0.3769,42.6237,0,226.4088,0.002371,10.1297,7.3507,18.2449,22.8291,30.3157,222.0018,225.8719,0.2742,0.2627,254286.9776,148389.2498,pod_kill,coupon-service,2026-06-09 14:05:00,2026-06-09 14:20:00,post_fault,0.34004623,0
2026-06-09 14:22:55,1375,EXP_FAULT_01,RUN_01,pod_kill,1,cartservice,cart-f01-02,online-boutique,node-c,0.3766,42.7388,0,228.5531,0.001868,10.2475,7.2446,18.0044,22.2765,32.7517,224.1342,228.1261,0.2234,0.2036,187438.712,223281.1848,pod_kill,coupon-service,2026-06-09 14:05:00,2026-06-09 14:20:00,post_fault,0.104220666,0
2026-06-09 14:23:00,1380,EXP_FAULT_01,RUN_01,pod_kill,1,cartservice,cart-f01-02,online-boutique,node-c,0.3775,42.332,0,222.4409,0.002041,10.6044,8.1642,16.8492,21.7943,38.0089,218.2158,221.9869,0.2457,0.2084,216468.2622,220631.0609,pod_kill,coupon-service,2026-06-09 14:05:00,2026-06-09 14:20:00,post_fault,0.23378746,0
2026-06-09 14:23:05,1385,EXP_FAULT_01,RUN_01,pod_kill,1,cartservice,cart-f01-02,online-boutique,node-c,0.3599,42.679,0,221.3291,0.002057,11.1411,8.3646,20.3514,24.5011,37.5629,217.1936,220.8738,0.2089,0.2464,222880.9777,199246.2802,pod_kill,coupon-service,2026-06-09 14:05:00,2026-06-09 14:20:00,post_fault,1.2230837,1
2026-06-09 14:23:10,1390,EXP_FAULT_01,RUN_01,pod_kill,1,cartservice,cart-f01-02,online-boutique,node-c,0.3632,43.5508,0,224.344,0.001597,10.406,7.9,19.1536,23.2453,33.0597,220.2579,223.9858,0.1506,0.2076,194763.8397,161824.3314,pod_kill,coupon-service,2026-06-09 14:05:00,2026-06-09 14:20:00,post_fault,0.3696669,0
2026-06-09 14:23:15,1395,EXP_FAULT_01,RUN_01,pod_kill,1,cartservice,cart-f01-02,online-boutique,node-c,0.3557,42.5512,0,229.6621,0.001395,11.2419,8.8277,18.6432,26.5122,33.7865,225.536,229.3418,0.0893,0.2311,220719.3486,209594.0084,pod_kill,coupon-service,2026-06-09 14:05:00,2026-06-09 14:20:00,post_fault,1.3317978,1
2026-06-09 14:23:20,1400,EXP_FAULT_01,RUN_01,pod_kill,1,cartservice,cart-f01-02,online-boutique,node-c,0.347,42.5562,0,225.4141,0.002143,10.2785,7.0488,18.854,21.6381,31.5334,221.3115,224.9311,0.2581,0.2249,217952.6517,149540.9549,pod_kill,coupon-service,2026-06-09 14:05:00,2026-06-09 14:20:00,post_fault,1.2208816,1
2026-06-09 14:23:25,1405,EXP_FAULT_01,RUN_01,pod_kill,1,cartservice,cart-f01-02,online-boutique,node-c,0.3617,42.8356,0,218.0317,0.002456,10.5165,7.3594,17.0597,24.7861,31.8999,214.0476,217.4962,0.3407,0.1948,214590.6365,144619.595,pod_kill,coupon-service,2026-06-09 14:05:00,2026-06-09 14:20:00,post_fault,0.9701387,1
2026-06-09 14:23:30,1410,EXP_FAULT_01,RUN_01,pod_kill,1,cartservice,cart-f01-02,online-boutique,node-c,0.376,42.873,0,225.9656,0.002357,10.1568,7.1921,17.8829,22.6934,32.7081,222.0259,225.4329,0.3511,0.1815,282138.7788,230521.5965,pod_kill,coupon-service,2026-06-09 14:05:00,2026-06-09 14:20:00,post_fault,0.3806588,0
2026-06-09 14:23:35,1415,EXP_FAULT_01,RUN_01,pod_kill,1,cartservice,cart-f01-02,online-boutique,node-c,0.3718,43.4994,0,223.6027,0.001615,9.8115,7.6916,15.5088,22.9176,32.3601,219.8093,223.2416,0.1702,0.1909,231305.142,178860.1227,pod_kill,coupon-service,2026-06-09 14:05:00,2026-06-09 14:20:00,post_fault,0.058109988,0
2026-06-09 14:23:40,1420,EXP_FAULT_01,RUN_01,pod_kill,1,cartservice,cart-f01-02,online-boutique,node-c,0.3721,42.6352,0,225.2031,0.001087,9.9644,7.4107,16.3841,21.5276,29.2765,221.4634,224.9584,0.0599,0.1848,195827.5004,164729.6377,pod_kill,coupon-service,2026-06-09 14:05:00,2026-06-09 14:20:00,post_fault,0.0039433287,0
2026-06-09 14:23:45,1425,EXP_FAULT_01,RUN_01,pod_kill,1,cartservice,cart-f01-02,online-boutique,node-c,0.3687,41.7419,0,221.246,0.001609,11.4911,7.8508,19.2741,24.7203,34.8365,217.5942,220.89,0.1368,0.2193,196767.054,192806.091,pod_kill,coupon-service,2026-06-09 14:05:00,2026-06-09 14:20:00,post_fault,0.9846962,1
2026-06-09 14:23:50,1430,EXP_FAULT_01,RUN_01,pod_kill,1,cartservice,cart-f01-02,online-boutique,node-c,0.3515,43.2218,0,223.9491,0.00186,10.7526,7.5466,17.9863,25.0738,34.662,220.1888,223.5325,0.2146,0.202,224601.6863,151425.9378,pod_kill,coupon-service,2026-06-09 14:05:00,2026-06-09 14:20:00,post_fault,1.2067362,1
2026-06-09 14:23:55,1435,EXP_FAULT_01,RUN_01,pod_kill,1,cartservice,cart-f01-02,online-boutique,node-c,0.3486,42.0402,0,223.756,0.001426,10.6358,7.538,18.6783,24.6118,37.1289,220.1425,223.437,0.1545,0.1645,257871.4949,182990.4113,pod_kill,coupon-service,2026-06-09 14:05:00,2026-06-09 14:20:00,post_fault,1.0247608,1
2026-06-09 14:24:00,1440,EXP_FAULT_01,RUN_01,pod_kill,1,cartservice,cart-f01-02,online-boutique,node-c,0.3661,43.0259,0,231.6754,0.001413,11.1773,7.6706,18.9127,22.5629,33.0662,227.9649,231.348,0.0849,0.2424,204863.6379,175887.7198,pod_kill,coupon-service,2026-06-09 14:05:00,2026-06-09 14:20:00,post_fault,0.72584015,1
2026-06-09 14:24:05,1445,EXP_FAULT_01,RUN_01,pod_kill,1,cartservice,cart-f01-02,online-boutique,node-c,0.3623,43.1348,0,228.2788,0.00166,10.2596,7.2138,16.6583,23.2131,33.5276,224.6481,227.8998,0.1984,0.1806,290527.1129,186912.1714,pod_kill,coupon-service,2026-06-09 14:05:00,2026-06-09 14:20:00,post_fault,0.32643574,0
2026-06-09 14:24:10,1450,EXP_FAULT_01,RUN_01,pod_kill,1,cartservice,cart-f01-02,online-boutique,node-c,0.3594,42.6018,0,226.8404,0.002437,10.3231,7.3785,17.3576,20.8936,35.0917,223.1712,226.2876,0.3513,0.2016,218373.2638,200540.9948,pod_kill,coupon-service,2026-06-09 14:05:00,2026-06-09 14:20:00,post_fault,1.0480127,1
2026-06-09 14:24:15,1455,EXP_FAULT_01,RUN_01,pod_kill,1,cartservice,cart-f01-02,online-boutique,node-c,0.3735,42.9903,0,232.0998,0.002271,10.593,7.3926,16.8016,24.666,31.6589,228.4818,231.5728,0.3504,0.1767,294924.0238,218156.0867,pod_kill,coupon-service,2026-06-09 14:05:00,2026-06-09 14:20:00,post_fault,0.69308335,1
2026-06-09 14:24:20,1460,EXP_FAULT_01,RUN_01,pod_kill,1,cartservice,cart-f01-02,online-boutique,node-c,0.3707,42.4612,0,231.5762,0.001221,11.0017,7.9565,19.6779,25.3686,36.5028,228.1139,231.2933,0.0682,0.2147,233659.3057,179329.9185,pod_kill,coupon-service,2026-06-09 14:05:00,2026-06-09 14:20:00,post_fault,0.3979823,0
2026-06-09 14:24:25,1465,EXP_FAULT_01,RUN_01,pod_kill,1,cartservice,cart-f01-02,online-boutique,node-c,0.3508,42.3697,0,232.8692,0.001533,9.9339,7.0536,16.3723,22.4755,28.6028,229.3879,232.5123,0.1585,0.1984,221211.1613,180855.8846,pod_kill,coupon-service,2026-06-09 14:05:00,2026-06-09 14:20:00,post_fault,0.551675,0
2026-06-09 14:24:30,1470,EXP_FAULT_01,RUN_01,pod_kill,1,cartservice,cart-f01-02,online-boutique,node-c,0.3497,42.7269,0,232.7867,0.001266,10.6596,7.8807,19.2028,21.378,31.8746,229.3904,232.492,0.0837,0.2109,281021.7963,210338.9403,pod_kill,coupon-service,2026-06-09 14:05:00,2026-06-09 14:20:00,post_fault,1.049307,1
2026-06-09 14:24:35,1475,EXP_FAULT_01,RUN_01,pod_kill,1,cartservice,cart-f01-02,online-boutique,node-c,0.3643,42.3523,0,230.8531,0.001043,10.444,8.1563,16.7176,21.5091,29.9737,227.5481,230.6122,0.0785,0.1624,285361.224,163808.0277,pod_kill,coupon-service,2026-06-09 14:05:00,2026-06-09 14:20:00,post_fault,0.2292624,0
2026-06-09 14:24:40,1480,EXP_FAULT_01,RUN_01,pod_kill,1,cartservice,cart-f01-02,online-boutique,node-c,0.3711,42.5337,0,241.8894,0.002,11.7417,8.9088,20.5787,24.9917,37.7337,238.2987,241.4055,0.2482,0.2357,301532.1278,182413.1241,pod_kill,coupon-service,2026-06-09 14:05:00,2026-06-09 14:20:00,post_fault,1.8495686,1
2026-06-09 14:24:45,1485,EXP_FAULT_01,RUN_01,pod_kill,1,cartservice,cart-f01-02,online-boutique,node-c,0.4062,42.3008,0,247.5068,0.001832,10.4053,7.5778,16.4774,22.1913,30.1329,243.9827,247.0534,0.2317,0.2218,289838.3881,191111.9659,pod_kill,coupon-service,2026-06-09 14:05:00,2026-06-09 14:20:00,post_fault,0.26986513,0
2026-06-09 14:24:50,1490,EXP_FAULT_01,RUN_01,pod_kill,1,cartservice,cart-f01-02,online-boutique,node-c,0.3803,43.0505,0,244.8635,0.001066,11.0791,8.0578,18.9088,25.5766,35.2819,241.4778,244.6024,0.1081,0.153,208010.0416,248063.9497,pod_kill,coupon-service,2026-06-09 14:05:00,2026-06-09 14:20:00,post_fault,0.23332138,0
2026-06-09 14:24:55,1495,EXP_FAULT_01,RUN_01,pod_kill,1,cartservice,cart-f01-02,online-boutique,node-c,0.3552,42.3807,0,244.672,0.001236,10.1973,7.1197,16.3312,20.8422,32.0304,241.3308,244.3695,0.0736,0.2289,301803.6096,238398.9448,pod_kill,coupon-service,2026-06-09 14:05:00,2026-06-09 14:20:00,post_fault,0.5938024,0
2026-06-09 14:25:00,1500,EXP_FAULT_01,RUN_01,pod_kill,1,cartservice,cart-f01-02,online-boutique,node-c,0.3651,43.0131,0,240.3444,0.00136,11.1889,8.1622,17.7998,25.6854,34.2371,237.092,240.0175,0.136,0.1909,271058.202,168820.8029,pod_kill,coupon-service,2026-06-09 14:05:00,2026-06-09 14:20:00,post_fault,0.9148942,1
2026-06-09 14:25:05,1505,EXP_FAULT_01,RUN_01,pod_kill,1,cartservice,cart-f01-02,online-boutique,node-c,0.3739,42.1116,0,239.0155,0.00133,10.034,7.3605,17.1171,21.5826,29.3129,235.845,238.6976,0.1045,0.2134,237190.9096,233838.2164,pod_kill,coupon-service,2026-06-09 14:05:00,2026-06-09 14:20:00,post_fault,0.03287334,0
2026-06-09 14:25:10,1510,EXP_FAULT_01,RUN_01,pod_kill,1,cartservice,cart-f01-02,online-boutique,node-c,0.3793,43.5166,0,244.7458,0.001696,10.0114,7.1985,18.0418,22.5237,29.9607,241.4763,244.3308,0.2163,0.1988,273055.369,242178.9409,pod_kill,coupon-service,2026-06-09 14:05:00,2026-06-09 14:20:00,post_fault,0.14183624,0
2026-06-09 14:25:15,1515,EXP_FAULT_01,RUN_01,pod_kill,1,cartservice,cart-f01-02,online-boutique,node-c,0.353,43.0689,0,250.3991,0.0015,11.044,8.4445,18.1213,23.7901,35.0655,247.1516,250.0235,0.1553,0.2203,271680.6601,249395.0607,pod_kill,coupon-service,2026-06-09 14:05:00,2026-06-09 14:20:00,post_fault,1.725955,1
2026-06-09 14:25:20,1520,EXP_FAULT_01,RUN_01,pod_kill,1,cartservice,cart-f01-02,online-boutique,node-c,0.3712,42.1557,0,242.7645,0.001787,10.7078,7.4048,19.0153,21.7043,33.597,239.6319,242.3306,0.2845,0.1494,269388.0039,172900.9115,pod_kill,coupon-service,2026-06-09 14:05:00,2026-06-09 14:20:00,post_fault,0.6021266,0
2026-06-09 14:25:25,1525,EXP_FAULT_01,RUN_01,pod_kill,1,cartservice,cart-f01-02,online-boutique,node-c,0.3647,42.1961,0,246.8766,0.001063,10.1601,7.2036,18.3137,20.2663,30.9887,243.7612,246.6141,0.1072,0.1553,288910.4021,237696.3167,pod_kill,coupon-service,2026-06-09 14:05:00,2026-06-09 14:20:00,post_fault,0.2395592,0
2026-06-09 14:25:30,1530,EXP_FAULT_01,RUN_01,pod_kill,1,cartservice,cart-f01-02,online-boutique,node-c,0.3656,41.6399,0,247.912,0.001241,10.2684,8.0499,17.8345,22.7707,31.1317,244.8368,247.6042,0.1184,0.1894,258092.7193,214885.6677,pod_kill,coupon-service,2026-06-09 14:05:00,2026-06-09 14:20:00,post_fault,0.36262256,0
2026-06-09 14:25:35,1535,EXP_FAULT_01,RUN_01,pod_kill,1,cartservice,cart-f01-02,online-boutique,node-c,0.3861,42.3169,0,242.4098,0.00106,9.9186,7.9641,16.5934,20.3109,30.8847,239.4691,242.1529,0.1177,0.1393,295567.714,188984.9672,pod_kill,coupon-service,2026-06-09 14:05:00,2026-06-09 14:20:00,post_fault,0.07353916,0
2026-06-09 14:25:40,1540,EXP_FAULT_01,RUN_01,pod_kill,1,cartservice,cart-f01-02,online-boutique,node-c,0.3549,42.0408,0,235.0808,0.001553,11.122,8.6227,18.3471,24.2697,32.8438,232.1398,234.7156,0.1735,0.1917,239797.0602,214638.484,pod_kill,coupon-service,2026-06-09 14:05:00,2026-06-09 14:20:00,post_fault,1.565587,1
2026-06-09 14:25:45,1545,EXP_FAULT_01,RUN_01,pod_kill,1,cartservice,cart-f01-02,online-boutique,node-c,0.3617,43.1186,0,246.0184,0.001741,9.803,6.7841,16.0144,19.7857,29.2986,243.0414,245.59,0.2169,0.2115,274619.6664,202689.8051,pod_kill,coupon-service,2026-06-09 14:05:00,2026-06-09 14:20:00,post_fault,0.38552758,0
2026-06-09 14:25:50,1550,EXP_FAULT_01,RUN_01,pod_kill,1,cartservice,cart-f01-02,online-boutique,node-c,0.3483,42.8937,0,232.4875,0.002104,10.0166,7.1789,15.3768,22.0124,30.9148,229.689,231.9984,0.354,0.1351,289052.1617,186240.5568,pod_kill,coupon-service,2026-06-09 14:05:00,2026-06-09 14:20:00,post_fault,1.0421352,1
2026-06-09 14:25:55,1555,EXP_FAULT_01,RUN_01,pod_kill,1,cartservice,cart-f01-02,online-boutique,node-c,0.36,43.1517,0,246.9377,0.001081,10.5477,7.4855,18.3869,22.2697,32.0963,244.09,246.6708,0.0911,0.1758,206056.7848,165210.0333,pod_kill,coupon-service,2026-06-09 14:05:00,2026-06-09 14:20:00,post_fault,0.5816852,0
2026-06-09 14:26:00,1560,EXP_FAULT_01,RUN_01,pod_kill,1,cartservice,cart-f01-02,online-boutique,node-c,0.3842,42.7929,0,241.8363,0.001296,10.3775,7.7848,16.1005,22.653,31.6791,239.067,241.5229,0.1841,0.1292,237292.1072,180807.8422,pod_kill,coupon-service,2026-06-09 14:05:00,2026-06-09 14:20:00,post_fault,0.013146207,0
2026-06-09 14:26:05,1565,EXP_FAULT_01,RUN_01,pod_kill,1,cartservice,cart-f01-02,online-boutique,node-c,0.3717,42.2771,0,238.0574,0.001409,10.2211,7.9078,16.6434,22.7191,27.9443,235.3232,237.722,0.1504,0.185,292000.8929,243135.9317,pod_kill,coupon-service,2026-06-09 14:05:00,2026-06-09 14:20:00,post_fault,0.11227286,0
2026-06-09 14:26:10,1570,EXP_FAULT_01,RUN_01,pod_kill,1,cartservice,cart-f01-02,online-boutique,node-c,0.3816,42.303,0,233.3242,0.001824,10.193,7.5126,16.0041,22.1647,33.2319,230.6703,232.8986,0.2318,0.1938,229690.2971,182527.9793,pod_kill,coupon-service,2026-06-09 14:05:00,2026-06-09 14:20:00,post_fault,0.065285735,0
2026-06-09 14:26:15,1575,EXP_FAULT_01,RUN_01,pod_kill,1,cartservice,cart-f01-02,online-boutique,node-c,0.3676,43.0222,0,239.2838,0.001746,10.6039,7.7845,17.7703,23.2634,31.626,236.5218,238.866,0.26,0.1579,294498.8367,208583.8299,pod_kill,coupon-service,2026-06-09 14:05:00,2026-06-09 14:20:00,post_fault,0.48828983,0
2026-06-09 14:26:20,1580,EXP_FAULT_01,RUN_01,pod_kill,1,cartservice,cart-f01-02,online-boutique,node-c,0.3501,42.5151,0,235.3161,0.001847,10.4594,8.3852,17.3325,22.1866,29.9448,232.6755,234.8814,0.3118,0.1229,289871.486,155530.375,pod_kill,coupon-service,2026-06-09 14:05:00,2026-06-09 14:20:00,post_fault,1.22171,1
2026-06-09 14:26:25,1585,EXP_FAULT_01,RUN_01,pod_kill,1,cartservice,cart-f01-02,online-boutique,node-c,0.3605,43.8461,0,230.6858,0.001303,9.8617,7.3096,15.2193,22.0109,31.2968,228.1903,230.3852,0.1917,0.1089,223456.196,228648.3369,pod_kill,coupon-service,2026-06-09 14:05:00,2026-06-09 14:20:00,post_fault,0.22967282,0
2026-06-09 14:26:30,1590,EXP_FAULT_01,RUN_01,pod_kill,1,cartservice,cart-f01-02,online-boutique,node-c,0.3629,42.6346,0,235.6737,0.001644,11.1089,8.8426,18.2059,22.1762,30.4317,233.1428,235.2864,0.2546,0.1328,255912.0108,173152.5264,pod_kill,coupon-service,2026-06-09 14:05:00,2026-06-09 14:20:00,post_fault,1.0790408,1
2026-06-09 14:26:35,1595,EXP_FAULT_01,RUN_01,pod_kill,1,cartservice,cart-f01-02,online-boutique,node-c,0.3338,43.3306,0,219.8861,0.001789,10.1432,7.7043,16.2267,20.5281,32.8293,217.5059,219.4927,0.2421,0.1513,250091.6498,220210.4131,pod_kill,coupon-service,2026-06-09 14:05:00,2026-06-09 14:20:00,post_fault,1.5284989,1
2026-06-09 14:26:40,1600,EXP_FAULT_01,RUN_01,pod_kill,1,cartservice,cart-f01-02,online-boutique,node-c,0.341,42.9124,0,228.8588,0.001095,10.4314,7.2234,16.4825,22.8557,29.7575,226.4798,228.6082,0.0889,0.1617,235555.5032,223886.3023,pod_kill,coupon-service,2026-06-09 14:05:00,2026-06-09 14:20:00,post_fault,1.1481718,1
2026-06-09 14:26:45,1605,EXP_FAULT_01,RUN_01,pod_kill,1,cartservice,cart-f01-02,online-boutique,node-c,0.368,43.0486,0,233.8149,0.001534,10.812,7.5966,18.4135,21.4609,29.9692,231.3894,233.4561,0.1821,0.1766,292492.9461,179756.6814,pod_kill,coupon-service,2026-06-09 14:05:00,2026-06-09 14:20:00,post_fault,0.4562561,0
2026-06-09 14:26:50,1610,EXP_FAULT_01,RUN_01,pod_kill,1,cartservice,cart-f01-02,online-boutique,node-c,0.3762,43.0625,0,234.0707,0.001165,10.5997,8.0331,16.8397,22.7559,33.5506,231.6869,233.7981,0.1177,0.1549,273534.6687,218067.4438,pod_kill,coupon-service,2026-06-09 14:05:00,2026-06-09 14:20:00,post_fault,0.073694184,0
2026-06-09 14:26:55,1615,EXP_FAULT_01,RUN_01,pod_kill,1,cartservice,cart-f01-02,online-boutique,node-c,0.3606,43.1537,0,230.7512,0.00174,10.0635,8.0019,16.1406,22.3406,29.6774,228.416,230.3497,0.2936,0.1079,282545.4329,218943.5234,pod_kill,coupon-service,2026-06-09 14:05:00,2026-06-09 14:20:00,post_fault,0.3320507,0
2026-06-09 14:27:00,1620,EXP_FAULT_01,RUN_01,pod_kill,1,cartservice,cart-f01-02,online-boutique,node-c,0.3599,41.9974,0,231.9354,0.00208,9.9951,7.5994,15.7046,20.9862,29.4848,229.5548,231.4531,0.3049,0.1774,258706.3027,238637.0213,pod_kill,coupon-service,2026-06-09 14:05:00,2026-06-09 14:20:00,post_fault,0.4771103,0
2026-06-09 14:27:05,1625,EXP_FAULT_01,RUN_01,pod_kill,1,cartservice,cart-f01-02,online-boutique,node-c,0.3722,42.8189,0,229.9857,0.000898,9.9442,7.9736,15.2859,21.6631,31.241,227.8101,229.7793,0.0855,0.1209,211880.4125,184400.9298,pod_kill,coupon-service,2026-06-09 14:05:00,2026-06-09 14:20:00,post_fault,0.0018784277,0
2026-06-09 14:27:10,1630,EXP_FAULT_01,RUN_01,pod_kill,1,cartservice,cart-f01-02,online-boutique,node-c,0.3882,42.1643,0,235.2383,0.00166,10.2668,7.2547,17.4646,22.4858,28.7397,232.8834,234.8478,0.2606,0.13,287478.1664,228654.9964,pod_kill,coupon-service,2026-06-09 14:05:00,2026-06-09 14:20:00,post_fault,0.06416805,0
2026-06-09 14:27:15,1635,EXP_FAULT_01,RUN_01,pod_kill,1,cartservice,cart-f01-02,online-boutique,node-c,0.3657,42.4717,0,237.4765,0.001908,9.8726,7.9657,16.1127,19.4251,28.7206,235.0931,237.0234,0.3043,0.1488,275605.794,168721.2285,pod_kill,coupon-service,2026-06-09 14:05:00,2026-06-09 14:20:00,post_fault,0.24819136,0
2026-06-09 14:27:20,1640,EXP_FAULT_01,RUN_01,pod_kill,1,cartservice,cart-f01-02,online-boutique,node-c,0.3761,41.8016,0,243.9424,0.001094,10.5742,8.0033,18.7765,21.108,33.3722,241.7061,243.6755,0.1506,0.1163,221844.7107,233329.3346,pod_kill,coupon-service,2026-06-09 14:05:00,2026-06-09 14:20:00,post_fault,0.17176418,0
2026-06-09 14:27:25,1645,EXP_FAULT_01,RUN_01,pod_kill,1,cartservice,cart-f01-02,online-boutique,node-c,0.383,42.1104,0,231.9798,0.001563,10.5374,7.4562,16.5624,21.9363,33.5048,229.7892,231.6171,0.2324,0.1303,191959.4015,211277.1869,pod_kill,coupon-service,2026-06-09 14:05:00,2026-06-09 14:20:00,post_fault,0.08348424,0
2026-06-09 14:27:30,1650,EXP_FAULT_01,RUN_01,pod_kill,1,cartservice,cart-f01-02,online-boutique,node-c,0.391,43.2562,0,236.9513,0.001459,10.0791,7.2038,17.8712,19.3758,30.0832,234.78,236.6057,0.2147,0.1308,278148.4976,233922.1978,pod_kill,coupon-service,2026-06-09 14:05:00,2026-06-09 14:20:00,post_fault,0.12738867,0
2026-06-09 14:27:35,1655,EXP_FAULT_01,RUN_01,pod_kill,1,cartservice,cart-f01-02,online-boutique,node-c,0.3596,42.6823,0,234.4034,0.00192,9.5609,6.6687,14.883,18.3994,29.0936,232.2563,233.9535,0.3335,0.1165,234699.3611,239673.96,pod_kill,coupon-service,2026-06-09 14:05:00,2026-06-09 14:20:00,post_fault,0.257771,0
2026-06-09 14:27:40,1660,EXP_FAULT_01,RUN_01,pod_kill,1,cartservice,cart-f01-02,online-boutique,node-c,0.3637,42.9742,0,237.373,0.001394,10.0279,7.9641,16.8759,21.5476,26.6471,235.2533,237.0422,0.2126,0.1182,289655.3086,204609.7111,pod_kill,coupon-service,2026-06-09 14:05:00,2026-06-09 14:20:00,post_fault,0.18715705,0
2026-06-09 14:27:45,1665,EXP_FAULT_01,RUN_01,pod_kill,1,cartservice,cart-f01-02,online-boutique,node-c,0.3661,42.2785,0,250.9162,0.002064,10.0685,7.3516,16.2851,21.3835,31.4809,248.6103,250.3983,0.3361,0.1818,284488.9803,227046.0128,pod_kill,coupon-service,2026-06-09 14:05:00,2026-06-09 14:20:00,post_fault,0.611004,0
2026-06-09 14:27:50,1670,EXP_FAULT_01,RUN_01,pod_kill,1,cartservice,cart-f01-02,online-boutique,node-c,0.3782,42.6928,0,247.4609,0.00165,10.5455,7.3453,17.8076,21.3939,29.3485,245.2062,247.0526,0.285,0.1232,279468.3331,209270.4106,pod_kill,coupon-service,2026-06-09 14:05:00,2026-06-09 14:20:00,post_fault,0.22935367,0
2026-06-09 14:27:55,1675,EXP_FAULT_01,RUN_01,pod_kill,1,cartservice,cart-f01-02,online-boutique,node-c,0.381,43.3249,0,240.4624,0.000923,10.2882,8.2047,17.2776,21.9886,27.621,238.4562,240.2404,0.0909,0.1311,239333.3064,165908.2441,pod_kill,coupon-service,2026-06-09 14:05:00,2026-06-09 14:20:00,post_fault,0.01344049,0
2026-06-09 14:28:00,1680,EXP_FAULT_01,RUN_01,pod_kill,1,cartservice,cart-f01-02,online-boutique,node-c,0.3596,42.501,0,247.9494,0.001754,10.6904,8.394,17.9672,20.5712,30.1894,245.8021,247.5144,0.3297,0.1054,222664.9711,247935.7332,pod_kill,coupon-service,2026-06-09 14:05:00,2026-06-09 14:20:00,post_fault,1.1149508,1
2026-06-09 14:28:05,1685,EXP_FAULT_01,RUN_01,pod_kill,1,cartservice,cart-f01-02,online-boutique,node-c,0.3813,43.0587,0,244.869,0.001496,9.9911,7.6561,17.6764,21.3767,29.4377,242.7603,244.5027,0.1985,0.1678,256507.8192,221706.2661,pod_kill,coupon-service,2026-06-09 14:05:00,2026-06-09 14:20:00,post_fault,0.07461428,0
2026-06-09 14:28:10,1690,EXP_FAULT_01,RUN_01,pod_kill,1,cartservice,cart-f01-02,online-boutique,node-c,0.3523,42.0841,0,247.6738,0.000959,9.8195,7.4996,15.9595,18.8948,26.04,245.6707,247.4362,0.1477,0.0899,309842.0538,198443.6576,pod_kill,coupon-service,2026-06-09 14:05:00,2026-06-09 14:20:00,post_fault,0.42053103,0
2026-06-09 14:28:15,1695,EXP_FAULT_01,RUN_01,pod_kill,1,cartservice,cart-f01-02,online-boutique,node-c,0.361,43.6353,0,240.5655,0.001211,11.2619,8.1168,18.3582,21.9439,29.7894,238.6321,240.2742,0.1512,0.1401,286615.3575,232390.6381,pod_kill,coupon-service,2026-06-09 14:05:00,2026-06-09 14:20:00,post_fault,1.0643696,1
2026-06-09 14:28:20,1700,EXP_FAULT_01,RUN_01,pod_kill,1,cartservice,cart-f01-02,online-boutique,node-c,0.3765,43.1022,0,245.2915,0.000847,10.4953,8.0194,16.3625,20.2451,30.585,243.3958,245.0837,0.122,0.0857,249249.1981,240979.3689,pod_kill,coupon-service,2026-06-09 14:05:00,2026-06-09 14:20:00,post_fault,0.0652573,0
2026-06-09 14:28:25,1705,EXP_FAULT_01,RUN_01,pod_kill,1,cartservice,cart-f01-02,online-boutique,node-c,0.3894,43.0013,0,237.7371,0.000781,9.1879,6.707,14.4852,19.0426,27.0707,235.9048,237.5515,0.07,0.1156,275302.1043,164863.0302,pod_kill,coupon-service,2026-06-09 14:05:00,2026-06-09 14:20:00,post_fault,0.66161484,1
2026-06-09 14:28:30,1710,EXP_FAULT_01,RUN_01,pod_kill,1,cartservice,cart-f01-02,online-boutique,node-c,0.3419,42.0061,0,241.6338,0.001624,10.5219,8.0509,18.3927,19.9387,30.5252,239.7281,241.2414,0.3096,0.0828,258151.1245,224635.8671,pod_kill,coupon-service,2026-06-09 14:05:00,2026-06-09 14:20:00,post_fault,1.8661104,1
2026-06-09 14:28:35,1715,EXP_FAULT_01,RUN_01,pod_kill,1,cartservice,cart-f01-02,online-boutique,node-c,0.3504,42.1641,0,235.892,0.001492,10.2692,7.1518,16.419,20.0034,31.1909,234.0229,235.5401,0.2259,0.1259,212656.6872,173375.3921,pod_kill,coupon-service,2026-06-09 14:05:00,2026-06-09 14:20:00,post_fault,0.84406126,1
2026-06-09 14:28:40,1720,EXP_FAULT_01,RUN_01,pod_kill,1,cartservice,cart-f01-02,online-boutique,node-c,0.369,43.0442,0,230.9674,0.00195,9.4534,7.5712,14.7043,19.3574,25.9884,229.136,230.517,0.3182,0.1322,223585.7437,202984.8007,pod_kill,coupon-service,2026-06-09 14:05:00,2026-06-09 14:20:00,post_fault,0.07766608,0
2026-06-09 14:28:45,1725,EXP_FAULT_01,RUN_01,pod_kill,1,cartservice,cart-f01-02,online-boutique,node-c,0.388,42.8735,0,230.9444,0.00149,9.8444,7.1211,15.8589,20.2865,29.8758,229.1865,230.6003,0.1962,0.1478,198914.8921,211555.2545,pod_kill,coupon-service,2026-06-09 14:05:00,2026-06-09 14:20:00,post_fault,0.14569339,0
2026-06-09 14:28:50,1730,EXP_FAULT_01,RUN_01,pod_kill,1,cartservice,cart-f01-02,online-boutique,node-c,0.3737,43.6468,0,240.8094,0.001086,9.3371,7.0044,16.3426,17.4723,25.3021,239.0513,240.5479,0.1803,0.0812,262962.4388,197124.4192,pod_kill,coupon-service,2026-06-09 14:05:00,2026-06-09 14:20:00,post_fault,0.10451126,0
2026-06-09 14:28:55,1735,EXP_FAULT_01,RUN_01,pod_kill,1,cartservice,cart-f01-02,online-boutique,node-c,0.3605,42.5038,0,232.9592,0.002049,11.1859,9.0207,17.1989,23.1539,32.8391,231.17,232.4818,0.3352,0.1422,251600.7453,183942.1234,pod_kill,coupon-service,2026-06-09 14:05:00,2026-06-09 14:20:00,post_fault,1.5556637,1
2026-06-09 14:29:00,1740,EXP_FAULT_01,RUN_01,pod_kill,1,cartservice,cart-f01-02,online-boutique,node-c,0.3606,42.69,0,232.8951,0.00129,10.1829,8.169,16.6415,19.143,31.1039,231.1611,232.5946,0.182,0.1185,247402.7527,237837.9663,pod_kill,coupon-service,2026-06-09 14:05:00,2026-06-09 14:20:00,post_fault,0.26198316,0
2026-06-09 14:29:05,1745,EXP_FAULT_01,RUN_01,pod_kill,1,cartservice,cart-f01-02,online-boutique,node-c,0.3542,42.8779,0,224.2612,0.002038,10.0455,7.2717,15.2702,21.9121,30.1926,222.6245,223.8041,0.3295,0.1276,196317.2968,225030.8203,pod_kill,coupon-service,2026-06-09 14:05:00,2026-06-09 14:20:00,post_fault,0.6039039,0
2026-06-09 14:29:10,1750,EXP_FAULT_01,RUN_01,pod_kill,1,cartservice,cart-f01-02,online-boutique,node-c,0.3539,43.1136,0,232.7852,0.001263,10.6478,7.7102,17.7041,22.5405,31.3135,231.15,232.4911,0.1527,0.1414,292013.37,159724.0551,pod_kill,coupon-service,2026-06-09 14:05:00,2026-06-09 14:20:00,post_fault,0.79733646,1
2026-06-09 14:29:15,1755,EXP_FAULT_01,RUN_01,pod_kill,1,cartservice,cart-f01-02,online-boutique,node-c,0.3713,42.9046,0,233.1694,0.00197,9.4982,6.7875,14.926,17.975,27.5805,231.3831,232.71,0.3441,0.1153,258349.4583,233893.5386,pod_kill,coupon-service,2026-06-09 14:05:00,2026-06-09 14:20:00,post_fault,0.11612537,0
2026-06-09 14:29:20,1760,EXP_FAULT_01,RUN_01,pod_kill,1,cartservice,cart-f01-02,online-boutique,node-c,0.3506,42.5887,0,220.7587,0.000757,10.17,8.1157,16.403,21.2171,31.3571,219.2497,220.5916,0.0836,0.0835,278234.6522,164136.3603,pod_kill,coupon-service,2026-06-09 14:05:00,2026-06-09 14:20:00,post_fault,0.3107142,0
2026-06-09 14:29:25,1765,EXP_FAULT_01,RUN_01,pod_kill,1,cartservice,cart-f01-02,online-boutique,node-c,0.3768,42.9176,0,221.4104,0.00112,9.5407,6.9886,16.1095,20.3731,29.3131,219.8376,221.1624,0.1207,0.1273,224264.8301,196763.1638,pod_kill,coupon-service,2026-06-09 14:05:00,2026-06-09 14:20:00,post_fault,0.13965282,0
2026-06-09 14:29:30,1770,EXP_FAULT_01,RUN_01,pod_kill,1,cartservice,cart-f01-02,online-boutique,node-c,0.3544,42.8603,0,229.397,0.001011,10.7529,8.6031,16.3844,22.4103,32.7721,227.8066,229.1651,0.1283,0.1036,206608.5584,200058.8506,pod_kill,coupon-service,2026-06-09 14:05:00,2026-06-09 14:20:00,post_fault,0.72958875,1
2026-06-09 14:29:35,1775,EXP_FAULT_01,RUN_01,pod_kill,1,cartservice,cart-f01-02,online-boutique,node-c,0.3654,42.29,0,219.819,0.001459,9.6597,7.6104,16.801,18.6751,29.8943,218.1792,219.4983,0.2419,0.0788,233568.688,155671.5681,pod_kill,coupon-service,2026-06-09 14:05:00,2026-06-09 14:20:00,post_fault,0.01900616,0
2026-06-09 14:29:40,1780,EXP_FAULT_01,RUN_01,pod_kill,1,cartservice,cart-f01-02,online-boutique,node-c,0.3719,43.2078,0,216.707,0.002048,9.0039,7.2034,14.171,19.5729,26.2185,215.049,216.2632,0.3058,0.1379,240106.2618,165885.1102,pod_kill,coupon-service,2026-06-09 14:05:00,2026-06-09 14:20:00,post_fault,0.1395401,0
2026-06-09 14:29:45,1785,EXP_FAULT_01,RUN_01,pod_kill,1,cartservice,cart-f01-02,online-boutique,node-c,0.3623,42.5507,0,211.907,0.001521,9.8839,6.8515,16.1873,21.5233,27.4089,210.3379,211.5846,0.2417,0.0807,202925.2843,168483.6484,pod_kill,coupon-service,2026-06-09 14:05:00,2026-06-09 14:20:00,post_fault,0.038962033,0
2026-06-09 14:29:50,1790,EXP_FAULT_01,RUN_01,pod_kill,1,cartservice,cart-f01-02,online-boutique,node-c,0.3653,43.2806,0,219.821,0.001489,10.2945,7.804,16.2318,19.8482,31.4498,218.178,219.4937,0.1994,0.1279,190591.5648,181892.4962,pod_kill,coupon-service,2026-06-09 14:05:00,2026-06-09 14:20:00,post_fault,0.15331657,0
2026-06-09 14:29:55,1795,EXP_FAULT_01,RUN_01,pod_kill,1,cartservice,cart-f01-02,online-boutique,node-c,0.3671,42.5735,0,214.2275,0.001721,9.244,6.7153,15.3165,19.6259,28.7851,212.6197,213.8587,0.2935,0.0753,176313.9003,140078.4474,pod_kill,coupon-service,2026-06-09 14:05:00,2026-06-09 14:20:00,post_fault,0.020152323,0
2026-06-09 14:35:00,0,EXP_FAULT_02,RUN_02,cpu_stress,1,cartservice,cart-f02-02,online-boutique,node-c,0.3614,42.6152,0,216.0213,0.000854,9.2612,6.6966,14.9108,16.6396,23.9932,215.9544,215.8368,0.1419,0.0426,228961.9908,149185.3416,cpu_stress,inventory-service,2026-06-09 14:40:00,2026-06-09 14:55:00,pre_fault,0.039200865,0
2026-06-09 14:35:05,5,EXP_FAULT_02,RUN_02,cpu_stress,1,cartservice,cart-f02-02,online-boutique,node-c,0.3646,42.5037,0,217.9346,0.000688,9.537,6.9929,15.0051,17.3754,24.8358,217.8399,217.7847,0.1169,0.033,272446.9785,155558.948,cpu_stress,inventory-service,2026-06-09 14:40:00,2026-06-09 14:55:00,pre_fault,0.029826593,0
2026-06-09 14:35:10,10,EXP_FAULT_02,RUN_02,cpu_stress,1,cartservice,cart-f02-02,online-boutique,node-c,0.3631,42.3327,0,220.1937,0.000707,9.0552,6.4617,13.703,18.4794,23.6115,220.131,220.038,0.1167,0.0389,212388.4582,204317.8435,cpu_stress,inventory-service,2026-06-09 14:40:00,2026-06-09 14:55:00,pre_fault,0.10502446,0
2026-06-09 14:35:15,15,EXP_FAULT_02,RUN_02,cpu_stress,1,cartservice,cart-f02-02,online-boutique,node-c,0.3794,41.4473,0,216.8144,0.000885,9.9595,7.4835,15.8398,19.7769,25.6817,216.7227,216.6225,0.1671,0.0249,179567.3005,157680.0702,cpu_stress,inventory-service,2026-06-09 14:40:00,2026-06-09 14:55:00,pre_fault,0.10360595,0
2026-06-09 14:35:20,20,EXP_FAULT_02,RUN_02,cpu_stress,1,cartservice,cart-f02-02,online-boutique,node-c,0.3714,41.0973,0,220.6278,0.000451,9.8661,7.7371,14.508,19.6987,24.1086,220.5537,220.5283,0.0936,0.0059,204748.329,158397.1098,cpu_stress,inventory-service,2026-06-09 14:40:00,2026-06-09 14:55:00,pre_fault,0.034859467,0
2026-06-09 14:35:25,25,EXP_FAULT_02,RUN_02,cpu_stress,1,cartservice,cart-f02-02,online-boutique,node-c,0.37,40.8775,0,223.4653,0.000839,10.5067,8.1983,16.336,18.4434,25.8061,223.3876,223.2778,0.1098,0.0777,239302.2157,189145.8517,cpu_stress,inventory-service,2026-06-09 14:40:00,2026-06-09 14:55:00,pre_fault,0.15020421,0
2026-06-09 14:35:30,30,EXP_FAULT_02,RUN_02,cpu_stress,1,cartservice,cart-f02-02,online-boutique,node-c,0.3571,41.5238,0,229.0108,0.001813,10.0997,7.7214,15.8409,19.8967,26.9694,228.7947,228.5956,0.3449,0.0703,204913.0689,195531.6554,cpu_stress,inventory-service,2026-06-09 14:40:00,2026-06-09 14:55:00,pre_fault,0.47759786,0
2026-06-09 14:35:35,35,EXP_FAULT_02,RUN_02,cpu_stress,1,cartservice,cart-f02-02,online-boutique,node-c,0.3642,41.4659,0,222.5744,0.001524,9.7475,7.1059,15.1408,17.9085,27.4675,222.4062,222.2352,0.3383,0.0008,266160.4046,229520.9591,cpu_stress,inventory-service,2026-06-09 14:40:00,2026-06-09 14:55:00,pre_fault,0.042133193,0
2026-06-09 14:35:40,40,EXP_FAULT_02,RUN_02,cpu_stress,1,cartservice,cart-f02-02,online-boutique,node-c,0.3506,41.3701,0,221.4831,0.000703,9.7308,7.461,14.1569,17.3328,23.3446,221.3965,221.3273,0.1383,0.0174,270282.2959,152494.9889,cpu_stress,inventory-service,2026-06-09 14:40:00,2026-06-09 14:55:00,pre_fault,0.14681524,0
2026-06-09 14:35:45,45,EXP_FAULT_02,RUN_02,cpu_stress,1,cartservice,cart-f02-02,online-boutique,node-c,0.3785,40.7265,0,221.1119,0.001536,9.3122,7.3104,14.6654,16.5779,23.8455,220.8603,220.7723,0.2954,0.0441,258766.8408,147566.3872,cpu_stress,inventory-service,2026-06-09 14:40:00,2026-06-09 14:55:00,pre_fault,0.19574086,0
2026-06-09 14:35:50,50,EXP_FAULT_02,RUN_02,cpu_stress,1,cartservice,cart-f02-02,online-boutique,node-c,0.3715,42.0665,0,214.7521,0.001585,9.8097,7.8668,15.9692,19.2174,24.0534,214.6266,214.4117,0.2712,0.0693,272757.4791,173361.901,cpu_stress,inventory-service,2026-06-09 14:40:00,2026-06-09 14:55:00,pre_fault,0.012379406,0
2026-06-09 14:35:55,55,EXP_FAULT_02,RUN_02,cpu_stress,1,cartservice,cart-f02-02,online-boutique,node-c,0.3512,42.6113,0,224.4043,0.001239,9.0792,7.0461,14.8515,17.258,25.5933,224.2351,224.1263,0.2285,0.0495,195972.2287,165355.6569,cpu_stress,inventory-service,2026-06-09 14:40:00,2026-06-09 14:55:00,pre_fault,0.057406355,0
2026-06-09 14:36:00,60,EXP_FAULT_02,RUN_02,cpu_stress,1,cartservice,cart-f02-02,online-boutique,node-c,0.357,42.4771,0,219.32,0.001191,10.1089,7.5357,17.0695,18.0199,23.7649,219.1878,219.0587,0.1952,0.0661,257439.0379,172991.6533,cpu_stress,inventory-service,2026-06-09 14:40:00,2026-06-09 14:55:00,pre_fault,0.19018558,0
2026-06-09 14:36:05,65,EXP_FAULT_02,RUN_02,cpu_stress,1,cartservice,cart-f02-02,online-boutique,node-c,0.3617,42.0881,0,213.4028,0.001362,9.9396,7.2432,14.666,17.5659,25.3264,213.2596,213.112,0.2559,0.0348,215385.4065,205452.2989,cpu_stress,inventory-service,2026-06-09 14:40:00,2026-06-09 14:55:00,pre_fault,0.04921984,0
2026-06-09 14:36:10,70,EXP_FAULT_02,RUN_02,cpu_stress,1,cartservice,cart-f02-02,online-boutique,node-c,0.3597,41.9805,0,217.5947,0.000912,9.7372,7.0867,15.7628,17.915,26.9494,217.4499,217.3963,0.1446,0.0538,249034.019,158393.059,cpu_stress,inventory-service,2026-06-09 14:40:00,2026-06-09 14:55:00,pre_fault,0.02121715,0
2026-06-09 14:36:15,75,EXP_FAULT_02,RUN_02,cpu_stress,1,cartservice,cart-f02-02,online-boutique,node-c,0.3772,41.823,0,210.5747,0.001402,8.909,6.6807,14.7163,16.8734,25.3152,210.4196,210.2796,0.2431,0.0521,224477.2507,176595.7346,cpu_stress,inventory-service,2026-06-09 14:40:00,2026-06-09 14:55:00,pre_fault,0.43064064,0
2026-06-09 14:36:20,80,EXP_FAULT_02,RUN_02,cpu_stress,1,cartservice,cart-f02-02,online-boutique,node-c,0.3498,42.085,0,207.9037,0.001281,9.392,7.1931,14.4912,18.9045,25.0945,207.7707,207.6374,0.2659,0.0005,198368.6688,156579.7742,cpu_stress,inventory-service,2026-06-09 14:40:00,2026-06-09 14:55:00,pre_fault,0.06978022,0
2026-06-09 14:36:25,85,EXP_FAULT_02,RUN_02,cpu_stress,1,cartservice,cart-f02-02,online-boutique,node-c,0.3801,42.1254,0,208.221,0.001432,9.5681,6.7052,15.7388,16.8574,25.4179,208.0573,207.923,0.2444,0.0537,232929.0327,204089.7667,cpu_stress,inventory-service,2026-06-09 14:40:00,2026-06-09 14:55:00,pre_fault,0.26094848,0
2026-06-09 14:36:30,90,EXP_FAULT_02,RUN_02,cpu_stress,1,cartservice,cart-f02-02,online-boutique,node-c,0.3567,41.774,0,207.771,0.000741,9.2707,6.7122,15.7237,16.5151,24.3465,207.6968,207.6171,0.1505,0.0034,187094.2742,155656.7796,cpu_stress,inventory-service,2026-06-09 14:40:00,2026-06-09 14:55:00,pre_fault,0.014894186,0
2026-06-09 14:36:35,95,EXP_FAULT_02,RUN_02,cpu_stress,1,cartservice,cart-f02-02,online-boutique,node-c,0.3557,42.5742,0,207.8042,0.001397,9.2732,6.7528,13.6019,17.3695,25.2843,207.6915,207.5139,0.2687,0.0216,193520.1423,207529.5472,cpu_stress,inventory-service,2026-06-09 14:40:00,2026-06-09 14:55:00,pre_fault,0.009540963,0
2026-06-09 14:36:40,100,EXP_FAULT_02,RUN_02,cpu_stress,1,cartservice,cart-f02-02,online-boutique,node-c,0.356,42.8573,0,206.6672,0.001561,9.5267,6.9171,14.3524,16.7646,24.6833,206.4662,206.3447,0.3087,0.0138,241538.1923,212295.126,cpu_stress,inventory-service,2026-06-09 14:40:00,2026-06-09 14:55:00,pre_fault,0.040107835,0
2026-06-09 14:36:45,105,EXP_FAULT_02,RUN_02,cpu_stress,1,cartservice,cart-f02-02,online-boutique,node-c,0.3359,41.3957,0,209.7605,0.001191,10.0666,7.5975,15.6691,20.0465,28.3402,209.6361,209.5108,0.2153,0.0344,210353.6557,217417.2615,cpu_stress,inventory-service,2026-06-09 14:40:00,2026-06-09 14:55:00,pre_fault,0.8940565,1
2026-06-09 14:36:50,110,EXP_FAULT_02,RUN_02,cpu_stress,1,cartservice,cart-f02-02,online-boutique,node-c,0.352,42.0708,0,205.0856,0.001708,10.2137,7.4216,17.0446,18.3401,28.0685,204.8904,204.7353,0.2877,0.0627,197915.3868,197190.9585,cpu_stress,inventory-service,2026-06-09 14:40:00,2026-06-09 14:55:00,pre_fault,0.36568445,0
2026-06-09 14:36:55,115,EXP_FAULT_02,RUN_02,cpu_stress,1,cartservice,cart-f02-02,online-boutique,node-c,0.3833,42.3953,0,208.8252,0.0012,8.9555,7.1274,14.5106,16.7259,22.1233,208.6906,208.5746,0.1957,0.0549,181957.0832,143532.8353,cpu_stress,inventory-service,2026-06-09 14:40:00,2026-06-09 14:55:00,pre_fault,0.7949845,1
2026-06-09 14:37:00,120,EXP_FAULT_02,RUN_02,cpu_stress,1,cartservice,cart-f02-02,online-boutique,node-c,0.3864,42.6707,0,207.6929,0.001239,9.7465,6.931,15.3612,19.2862,25.5311,207.5801,207.4355,0.1943,0.0631,224952.2833,145508.7959,cpu_stress,inventory-service,2026-06-09 14:40:00,2026-06-09 14:55:00,pre_fault,0.4159573,0
2026-06-09 14:37:05,125,EXP_FAULT_02,RUN_02,cpu_stress,1,cartservice,cart-f02-02,online-boutique,node-c,0.3403,42.4467,0,202.6733,0.001901,10.1996,7.1988,15.7788,20.3421,26.9796,202.5114,202.2882,0.3204,0.0647,176598.806,174451.5125,cpu_stress,inventory-service,2026-06-09 14:40:00,2026-06-09 14:55:00,pre_fault,0.9114367,1
2026-06-09 14:37:10,130,EXP_FAULT_02,RUN_02,cpu_stress,1,cartservice,cart-f02-02,online-boutique,node-c,0.3413,41.7791,0,205.6446,0.000873,9.7055,7.2863,14.286,19.0582,23.1075,205.5595,205.465,0.1547,0.0249,201136.5113,142943.7538,cpu_stress,inventory-service,2026-06-09 14:40:00,2026-06-09 14:55:00,pre_fault,0.27234036,0
2026-06-09 14:37:15,135,EXP_FAULT_02,RUN_02,cpu_stress,1,cartservice,cart-f02-02,online-boutique,node-c,0.3562,40.2583,0,200.1334,0.000842,8.8163,7.0663,14.8991,16.732,22.3406,200.014,199.9649,0.1492,0.0194,185889.0733,206012.987,cpu_stress,inventory-service,2026-06-09 14:40:00,2026-06-09 14:55:00,pre_fault,0.08337879,0
2026-06-09 14:37:20,140,EXP_FAULT_02,RUN_02,cpu_stress,1,cartservice,cart-f02-02,online-boutique,node-c,0.3629,42.3592,0,204.6207,0.001825,9.846,8.0312,14.8935,20.0137,28.0076,204.4725,204.2473,0.3024,0.071,204802.7164,212341.0838,cpu_stress,inventory-service,2026-06-09 14:40:00,2026-06-09 14:55:00,pre_fault,0.043943055,0
2026-06-09 14:37:25,145,EXP_FAULT_02,RUN_02,cpu_stress,1,cartservice,cart-f02-02,online-boutique,node-c,0.3602,42.1246,0,201.7152,0.000823,9.8465,7.6584,15.6153,20.1718,27.1986,201.6206,201.5491,0.1375,0.0285,251066.0028,186609.2125,cpu_stress,inventory-service,2026-06-09 14:40:00,2026-06-09 14:55:00,pre_fault,0.0019912028,0
2026-06-09 14:37:30,150,EXP_FAULT_02,RUN_02,cpu_stress,1,cartservice,cart-f02-02,online-boutique,node-c,0.3626,42.0305,0,207.1913,0.001127,10.2025,7.162,16.7778,20.4686,27.7146,207.0664,206.9578,0.1929,0.0406,175092.993,193080.4095,cpu_stress,inventory-service,2026-06-09 14:40:00,2026-06-09 14:55:00,pre_fault,0.045357354,0
2026-06-09 14:37:35,155,EXP_FAULT_02,RUN_02,cpu_stress,1,cartservice,cart-f02-02,online-boutique,node-c,0.3641,41.1401,0,207.4999,0.000773,9.1889,6.944,14.4951,17.8447,25.7065,207.3903,207.3395,0.1382,0.0222,255051.9354,195022.141,cpu_stress,inventory-service,2026-06-09 14:40:00,2026-06-09 14:55:00,pre_fault,0.1190566,0
2026-06-09 14:37:40,160,EXP_FAULT_02,RUN_02,cpu_stress,1,cartservice,cart-f02-02,online-boutique,node-c,0.3437,41.7583,0,201.9561,0.000639,9.3193,7.0124,14.2704,18.1476,23.6407,201.9109,201.827,0.1268,0.0023,196157.2876,165967.7206,cpu_stress,inventory-service,2026-06-09 14:40:00,2026-06-09 14:55:00,pre_fault,0.0498311,0
2026-06-09 14:37:45,165,EXP_FAULT_02,RUN_02,cpu_stress,1,cartservice,cart-f02-02,online-boutique,node-c,0.3625,42.2935,0,202.1468,0.001693,9.3702,6.8163,13.738,17.6528,25.7718,202.0021,201.8046,0.3038,0.0384,233601.1879,149815.8658,cpu_stress,inventory-service,2026-06-09 14:40:00,2026-06-09 14:55:00,pre_fault,0.014123052,0
2026-06-09 14:37:50,170,EXP_FAULT_02,RUN_02,cpu_stress,1,cartservice,cart-f02-02,online-boutique,node-c,0.3425,41.7357,0,210.0544,0.000747,9.6144,7.7605,14.6544,18.1615,25.9614,209.9841,209.8974,0.1093,0.0477,246078.0356,194414.5024,cpu_stress,inventory-service,2026-06-09 14:40:00,2026-06-09 14:55:00,pre_fault,0.20829967,0
2026-06-09 14:37:55,175,EXP_FAULT_02,RUN_02,cpu_stress,1,cartservice,cart-f02-02,online-boutique,node-c,0.3666,41.2353,0,209.1055,0.001551,9.2916,7.4531,14.5666,18.978,22.4152,208.9287,208.7812,0.2629,0.0614,262033.848,211304.2641,cpu_stress,inventory-service,2026-06-09 14:40:00,2026-06-09 14:55:00,pre_fault,0.04629896,0
2026-06-09 14:38:00,180,EXP_FAULT_02,RUN_02,cpu_stress,1,cartservice,cart-f02-02,online-boutique,node-c,0.3519,42.0621,0,200.5506,0.001135,8.9511,6.5737,13.5875,15.9925,24.7562,200.4167,200.3229,0.1839,0.0438,243813.8689,202298.7411,cpu_stress,inventory-service,2026-06-09 14:40:00,2026-06-09 14:55:00,pre_fault,0.007104655,0
2026-06-09 14:38:05,185,EXP_FAULT_02,RUN_02,cpu_stress,1,cartservice,cart-f02-02,online-boutique,node-c,0.3649,41.5972,0,207.8145,0.001592,9.4458,7.5106,15.2716,17.7784,23.2262,207.6203,207.4836,0.2784,0.0525,262898.696,204540.8434,cpu_stress,inventory-service,2026-06-09 14:40:00,2026-06-09 14:55:00,pre_fault,0.013360983,0
2026-06-09 14:38:10,190,EXP_FAULT_02,RUN_02,cpu_stress,1,cartservice,cart-f02-02,online-boutique,node-c,0.3431,41.9182,0,207.6638,0.00109,9.7843,7.1991,16.4802,18.2238,25.6824,207.5068,207.4375,0.1663,0.0599,184181.3252,207021.1884,cpu_stress,inventory-service,2026-06-09 14:40:00,2026-06-09 14:55:00,pre_fault,0.3160141,0
2026-06-09 14:38:15,195,EXP_FAULT_02,RUN_02,cpu_stress,1,cartservice,cart-f02-02,online-boutique,node-c,0.3384,42.4121,0,208.4053,0.001613,9.9554,7.8297,14.7583,17.437,27.0387,208.2256,208.0692,0.3313,0.0049,252143.0428,156677.782,cpu_stress,inventory-service,2026-06-09 14:40:00,2026-06-09 14:55:00,pre_fault,0.7839378,1
2026-06-09 14:38:20,200,EXP_FAULT_02,RUN_02,cpu_stress,1,cartservice,cart-f02-02,online-boutique,node-c,0.3648,41.2064,0,207.9475,0.001564,9.8014,7.0068,15.4276,19.3157,25.1324,207.7573,207.6223,0.2808,0.0444,190455.3384,184244.4218,cpu_stress,inventory-service,2026-06-09 14:40:00,2026-06-09 14:55:00,pre_fault,0.02304655,0
2026-06-09 14:38:25,205,EXP_FAULT_02,RUN_02,cpu_stress,1,cartservice,cart-f02-02,online-boutique,node-c,0.3638,41.4403,0,208.0547,0.001077,9.1364,6.6577,15.5132,17.8175,23.2738,207.9111,207.8307,0.1999,0.024,195321.5861,149421.0553,cpu_stress,inventory-service,2026-06-09 14:40:00,2026-06-09 14:55:00,pre_fault,0.08304865,0
2026-06-09 14:38:30,210,EXP_FAULT_02,RUN_02,cpu_stress,1,cartservice,cart-f02-02,online-boutique,node-c,0.3598,43.0485,0,208.9143,0.00151,9.6489,7.2715,15.3971,18.961,25.5844,208.7424,208.5989,0.259,0.0564,204146.5562,184927.4306,cpu_stress,inventory-service,2026-06-09 14:40:00,2026-06-09 14:55:00,pre_fault,0.026002437,0
2026-06-09 14:38:35,215,EXP_FAULT_02,RUN_02,cpu_stress,1,cartservice,cart-f02-02,online-boutique,node-c,0.3747,41.4111,0,211.1681,0.000692,9.2555,7.2404,13.7944,16.2743,22.8088,211.0848,211.0219,0.0895,0.0567,190660.759,205877.342,cpu_stress,inventory-service,2026-06-09 14:40:00,2026-06-09 14:55:00,pre_fault,0.37341803,0
2026-06-09 14:38:40,220,EXP_FAULT_02,RUN_02,cpu_stress,1,cartservice,cart-f02-02,online-boutique,node-c,0.3715,42.1845,0,212.2094,0.001378,9.3834,7.1795,15.4239,18.2585,23.8814,212.0299,211.917,0.227,0.0654,228773.2787,216659.2507,cpu_stress,inventory-service,2026-06-09 14:40:00,2026-06-09 14:55:00,pre_fault,0.09987618,0
2026-06-09 14:38:45,225,EXP_FAULT_02,RUN_02,cpu_stress,1,cartservice,cart-f02-02,online-boutique,node-c,0.3437,42.2139,0,203.2009,0.00144,9.1064,7.1329,14.9561,16.8318,22.9964,203.064,202.9082,0.2584,0.0343,207081.9919,188650.4533,cpu_stress,inventory-service,2026-06-09 14:40:00,2026-06-09 14:55:00,pre_fault,0.12395418,0
2026-06-09 14:38:50,230,EXP_FAULT_02,RUN_02,cpu_stress,1,cartservice,cart-f02-02,online-boutique,node-c,0.3841,42.6844,0,203.448,0.000722,9.2764,7.3689,13.7078,16.4766,23.1208,203.3821,203.3011,0.1231,0.0238,192043.5201,152211.86,cpu_stress,inventory-service,2026-06-09 14:40:00,2026-06-09 14:55:00,pre_fault,0.9178279,1
2026-06-09 14:38:55,235,EXP_FAULT_02,RUN_02,cpu_stress,1,cartservice,cart-f02-02,online-boutique,node-c,0.3438,42.9266,0,209.9339,0.000671,8.4911,6.0413,12.4715,16.7694,22.1481,209.8292,209.7931,0.0863,0.0546,226642.4061,163504.4758,cpu_stress,inventory-service,2026-06-09 14:40:00,2026-06-09 14:55:00,pre_fault,0.04749661,0
2026-06-09 14:39:00,240,EXP_FAULT_02,RUN_02,cpu_stress,1,cartservice,cart-f02-02,online-boutique,node-c,0.3339,42.3348,0,200.8414,0.000698,10.1545,7.932,17.1869,19.5404,25.3171,200.7488,200.7013,0.1227,0.0174,218573.932,152311.0584,cpu_stress,inventory-service,2026-06-09 14:40:00,2026-06-09 14:55:00,pre_fault,0.67311966,1
2026-06-09 14:39:05,245,EXP_FAULT_02,RUN_02,cpu_stress,1,cartservice,cart-f02-02,online-boutique,node-c,0.3611,41.8814,0,204.8194,0.001404,8.8167,6.9209,13.9095,17.1944,23.8004,204.6434,204.5319,0.2821,0.0055,189479.3354,192116.6545,cpu_stress,inventory-service,2026-06-09 14:40:00,2026-06-09 14:55:00,pre_fault,0.07489894,0
2026-06-09 14:39:10,250,EXP_FAULT_02,RUN_02,cpu_stress,1,cartservice,cart-f02-02,online-boutique,node-c,0.3819,42.3013,0,194.52,0.001571,8.7915,6.6227,13.8404,16.9262,24.4163,194.3916,194.2144,0.3042,0.0014,237428.5071,180821.2455,cpu_stress,inventory-service,2026-06-09 14:40:00,2026-06-09 14:55:00,pre_fault,0.8524186,1
2026-06-09 14:39:15,255,EXP_FAULT_02,RUN_02,cpu_stress,1,cartservice,cart-f02-02,online-boutique,node-c,0.3692,42.5052,0,201.2106,0.001413,8.9939,7.1647,14.225,18.4298,24.0569,201.1003,200.9263,0.2225,0.0618,188591.3619,179576.7333,cpu_stress,inventory-service,2026-06-09 14:40:00,2026-06-09 14:55:00,pre_fault,0.22727218,0
2026-06-09 14:39:20,260,EXP_FAULT_02,RUN_02,cpu_stress,1,cartservice,cart-f02-02,online-boutique,node-c,0.3575,42.0574,0,197.4656,0.000359,8.9809,6.4185,14.1406,18.2424,24.2005,197.4383,197.3948,0.0609,0.0099,192305.8613,166289.6152,cpu_stress,inventory-service,2026-06-09 14:40:00,2026-06-09 14:55:00,pre_fault,0.19349104,0
2026-06-09 14:39:25,265,EXP_FAULT_02,RUN_02,cpu_stress,1,cartservice,cart-f02-02,online-boutique,node-c,0.357,42.0094,0,202.2536,0.000648,9.6496,7.542,14.1904,17.6774,25.4587,202.1836,202.1225,0.1184,0.0127,193604.1482,168071.4121,cpu_stress,inventory-service,2026-06-09 14:40:00,2026-06-09 14:55:00,pre_fault,0.0041230563,0
2026-06-09 14:39:30,270,EXP_FAULT_02,RUN_02,cpu_stress,1,cartservice,cart-f02-02,online-boutique,node-c,0.3688,42.7462,0,192.9533,0.00151,9.0548,7.2827,15.3167,18.3123,25.3778,192.771,192.662,0.2343,0.057,242444.8508,155535.4759,cpu_stress,inventory-service,2026-06-09 14:40:00,2026-06-09 14:55:00,pre_fault,0.23681971,0
2026-06-09 14:39:35,275,EXP_FAULT_02,RUN_02,cpu_stress,1,cartservice,cart-f02-02,online-boutique,node-c,0.3621,42.2653,0,196.1169,0.001164,9.7697,7.6553,14.3004,17.2555,24.4147,195.9553,195.8886,0.1612,0.0671,246286.8442,187319.9754,cpu_stress,inventory-service,2026-06-09 14:40:00,2026-06-09 14:55:00,pre_fault,0.013478091,0
2026-06-09 14:39:40,280,EXP_FAULT_02,RUN_02,cpu_stress,1,cartservice,cart-f02-02,online-boutique,node-c,0.3741,42.5121,0,186.439,0.00159,9.2769,6.9253,14.8004,18.7422,23.0769,186.2329,186.1426,0.2799,0.0165,223130.4711,192794.5368,cpu_stress,inventory-service,2026-06-09 14:40:00,2026-06-09 14:55:00,pre_fault,0.3398994,0
2026-06-09 14:39:45,285,EXP_FAULT_02,RUN_02,cpu_stress,1,cartservice,cart-f02-02,online-boutique,node-c,0.3684,42.5069,0,191.4698,0.001557,9.0988,6.6902,13.8684,17.7175,22.1972,191.3428,191.1717,0.2577,0.0405,177686.3517,140415.9076,cpu_stress,inventory-service,2026-06-09 14:40:00,2026-06-09 14:55:00,pre_fault,0.20552507,0
2026-06-09 14:39:50,290,EXP_FAULT_02,RUN_02,cpu_stress,1,cartservice,cart-f02-02,online-boutique,node-c,0.3185,41.952,0,188.2372,0.001446,9.47,6.8466,16.0632,17.5266,22.9726,188.0664,187.9649,0.241,0.0312,210144.004,163406.7239,cpu_stress,inventory-service,2026-06-09 14:40:00,2026-06-09 14:55:00,pre_fault,1.190799,1
2026-06-09 14:39:55,295,EXP_FAULT_02,RUN_02,cpu_stress,1,cartservice,cart-f02-02,online-boutique,node-c,0.3525,41.9781,0,191.1833,0.001457,9.763,7.1784,15.7813,19.6285,25.4211,191.0495,190.9048,0.2548,0.0237,211449.1041,138614.6881,cpu_stress,inventory-service,2026-06-09 14:40:00,2026-06-09 14:55:00,pre_fault,0.05676354,0
2026-06-09 14:40:00,300,EXP_FAULT_02,RUN_02,cpu_stress,1,cartservice,cart-f02-02,online-boutique,node-c,0.3573,42.1829,0,192.9336,0.003781,11.6167,7.6384,21.4844,33.0781,46.9385,182.2438,192.2041,0.195,0.5345,175245.5258,150375.0375,cpu_stress,inventory-service,2026-06-09 14:40:00,2026-06-09 14:55:00,during_fault,5.069434,1
2026-06-09 14:40:05,305,EXP_FAULT_02,RUN_02,cpu_stress,1,cartservice,cart-f02-02,online-boutique,node-c,0.3319,42.5268,0,192.0534,0.004199,11.7302,8.1059,21.4779,29.4298,47.6874,181.3283,191.247,0.2781,0.5283,165498.2309,137837.102,cpu_stress,inventory-service,2026-06-09 14:40:00,2026-06-09 14:55:00,during_fault,8.843312,1
2026-06-09 14:40:10,310,EXP_FAULT_02,RUN_02,cpu_stress,1,cartservice,cart-f02-02,online-boutique,node-c,0.3686,42.4929,0,185.2629,0.004126,11.9828,8.8828,23.0236,33.052,49.7863,174.9702,184.4985,0.2835,0.4808,230342.7489,183907.0755,cpu_stress,inventory-service,2026-06-09 14:40:00,2026-06-09 14:55:00,during_fault,5.897016,1
2026-06-09 14:40:15,315,EXP_FAULT_02,RUN_02,cpu_stress,1,cartservice,cart-f02-02,online-boutique,node-c,0.3519,41.7096,0,184.6497,0.00425,12.071,7.9309,24.7454,33.7446,53.7845,174.5278,183.8649,0.2719,0.5128,194845.7424,159939.1828,cpu_stress,inventory-service,2026-06-09 14:40:00,2026-06-09 14:55:00,during_fault,8.126609,1
2026-06-09 14:40:20,320,EXP_FAULT_02,RUN_02,cpu_stress,1,cartservice,cart-f02-02,online-boutique,node-c,0.3655,41.9782,0,186.9961,0.00375,11.4714,8.5049,23.497,28.3966,50.0785,176.9612,186.2948,0.2425,0.4588,213388.7982,166899.6029,cpu_stress,inventory-service,2026-06-09 14:40:00,2026-06-09 14:55:00,during_fault,4.1309,1
2026-06-09 14:40:25,325,EXP_FAULT_02,RUN_02,cpu_stress,1,cartservice,cart-f02-02,online-boutique,node-c,0.3566,42.2076,0,182.7775,0.003937,12.515,9.3453,23.9114,35.3975,56.5162,173.0687,182.0579,0.2383,0.4813,221039.2878,135872.9481,cpu_stress,inventory-service,2026-06-09 14:40:00,2026-06-09 14:55:00,during_fault,6.620697,1
2026-06-09 14:40:30,330,EXP_FAULT_02,RUN_02,cpu_stress,1,cartservice,cart-f02-02,online-boutique,node-c,0.3527,42.3852,0,181.2125,0.003558,12.2469,8.6468,21.9071,33.2811,52.6923,171.8345,180.5677,0.1769,0.468,152713.7564,144205.5578,cpu_stress,inventory-service,2026-06-09 14:40:00,2026-06-09 14:55:00,during_fault,4.992812,1
2026-06-09 14:40:35,335,EXP_FAULT_02,RUN_02,cpu_stress,1,cartservice,cart-f02-02,online-boutique,node-c,0.3532,42.2256,0,180.1477,0.003543,12.3946,9.0742,23.174,34.6345,48.6621,171.0311,179.5093,0.2197,0.4187,215075.8203,145780.2442,cpu_stress,inventory-service,2026-06-09 14:40:00,2026-06-09 14:55:00,during_fault,5.0802064,1
2026-06-09 14:40:40,340,EXP_FAULT_02,RUN_02,cpu_stress,1,cartservice,cart-f02-02,online-boutique,node-c,0.3352,42.0649,0,184.4965,0.002956,11.7512,7.8681,23.5486,31.8364,45.3488,175.4434,183.9511,0.125,0.4203,186292.848,139261.4763,cpu_stress,inventory-service,2026-06-09 14:40:00,2026-06-09 14:55:00,during_fault,4.1536317,1
2026-06-09 14:40:45,345,EXP_FAULT_02,RUN_02,cpu_stress,1,cartservice,cart-f02-02,online-boutique,node-c,0.3465,41.8627,0,188.1383,0.003037,12.5047,9.4087,21.842,32.4178,48.0091,179.1851,187.5669,0.1472,0.4241,223904.8455,170949.8165,cpu_stress,inventory-service,2026-06-09 14:40:00,2026-06-09 14:55:00,during_fault,4.8148146,1
2026-06-09 14:40:50,350,EXP_FAULT_02,RUN_02,cpu_stress,1,cartservice,cart-f02-02,online-boutique,node-c,0.3456,40.7358,0,186.1081,0.003578,10.6943,7.1902,19.0402,29.9615,44.2329,177.4721,185.4421,0.2706,0.3954,211019.4043,132045.6834,cpu_stress,inventory-service,2026-06-09 14:40:00,2026-06-09 14:55:00,during_fault,4.1712255,1
2026-06-09 14:40:55,355,EXP_FAULT_02,RUN_02,cpu_stress,1,cartservice,cart-f02-02,online-boutique,node-c,0.3584,42.2913,0,181.4586,0.003234,11.8813,7.8896,23.2053,31.119,51.5358,173.3229,180.8718,0.2098,0.377,205953.4944,136278.0991,cpu_stress,inventory-service,2026-06-09 14:40:00,2026-06-09 14:55:00,during_fault,3.0576081,1
2026-06-09 14:41:00,360,EXP_FAULT_02,RUN_02,cpu_stress,1,cartservice,cart-f02-02,online-boutique,node-c,0.353,41.7174,0,189.8613,0.003713,11.4146,7.9482,21.9288,31.1727,41.9931,181.6331,189.1564,0.2739,0.431,224934.36,189916.4492,cpu_stress,inventory-service,2026-06-09 14:40:00,2026-06-09 14:55:00,during_fault,4.8082795,1
2026-06-09 14:41:05,365,EXP_FAULT_02,RUN_02,cpu_stress,1,cartservice,cart-f02-02,online-boutique,node-c,0.3763,41.8456,0,199.8582,0.002717,11.4474,8.1425,20.394,29.4169,46.6538,191.6072,199.3152,0.12,0.4229,187729.8096,152583.5409,cpu_stress,inventory-service,2026-06-09 14:40:00,2026-06-09 14:55:00,during_fault,1.0362889,1
2026-06-09 14:41:10,370,EXP_FAULT_02,RUN_02,cpu_stress,1,cartservice,cart-f02-02,online-boutique,node-c,0.3512,42.1149,0,187.3357,0.003207,11.6995,8.9108,20.6972,30.4293,49.4471,179.8535,186.7349,0.2478,0.353,185778.7719,169399.5312,cpu_stress,inventory-service,2026-06-09 14:40:00,2026-06-09 14:55:00,during_fault,3.4974358,1
2026-06-09 14:41:15,375,EXP_FAULT_02,RUN_02,cpu_stress,1,cartservice,cart-f02-02,online-boutique,node-c,0.3629,41.8903,0,185.7555,0.002569,11.874,8.0108,21.2159,27.9417,43.9493,178.6859,185.2783,0.1511,0.3261,202142.6163,157592.8417,cpu_stress,inventory-service,2026-06-09 14:40:00,2026-06-09 14:55:00,during_fault,1.6410234,1
2026-06-09 14:41:20,380,EXP_FAULT_02,RUN_02,cpu_stress,1,cartservice,cart-f02-02,online-boutique,node-c,0.3311,42.7527,0,190.4842,0.002486,11.5795,8.1225,22.1329,29.1122,44.1576,183.5355,190.0107,0.0974,0.3761,164635.6747,150356.8145,cpu_stress,inventory-service,2026-06-09 14:40:00,2026-06-09 14:55:00,during_fault,3.5259392,1
2026-06-09 14:41:25,385,EXP_FAULT_02,RUN_02,cpu_stress,1,cartservice,cart-f02-02,online-boutique,node-c,0.3256,41.9438,0,186.5954,0.00267,10.7971,7.6464,18.7326,25.7996,37.1059,180.0536,186.0972,0.1532,0.3449,181551.7672,157987.5372,cpu_stress,inventory-service,2026-06-09 14:40:00,2026-06-09 14:55:00,during_fault,3.0035653,1
2026-06-09 14:41:30,390,EXP_FAULT_02,RUN_02,cpu_stress,1,cartservice,cart-f02-02,online-boutique,node-c,0.3525,42.6537,0,192.2033,0.003053,11.7171,7.8644,22.11,27.9255,43.6226,185.605,191.6165,0.2364,0.3504,172982.512,177519.5493,cpu_stress,inventory-service,2026-06-09 14:40:00,2026-06-09 14:55:00,during_fault,3.0903568,1
2026-06-09 14:41:35,395,EXP_FAULT_02,RUN_02,cpu_stress,1,cartservice,cart-f02-02,online-boutique,node-c,0.3591,41.5856,0,193.4313,0.002947,11.7914,7.8823,21.6022,30.1364,40.702,187.1034,192.8612,0.2392,0.3309,220455.2767,192787.7319,cpu_stress,inventory-service,2026-06-09 14:40:00,2026-06-09 14:55:00,during_fault,2.59784,1
2026-06-09 14:41:40,400,EXP_FAULT_02,RUN_02,cpu_stress,1,cartservice,cart-f02-02,online-boutique,node-c,0.3753,42.154,0,193.6908,0.002708,10.8968,7.3657,20.1715,27.8077,41.8153,187.621,193.1663,0.2056,0.3188,195225.1486,155623.9225,cpu_stress,inventory-service,2026-06-09 14:40:00,2026-06-09 14:55:00,during_fault,0.7423107,1
2026-06-09 14:41:45,405,EXP_FAULT_02,RUN_02,cpu_stress,1,cartservice,cart-f02-02,online-boutique,node-c,0.3388,41.4079,0,194.3192,0.002955,11.2797,7.8618,19.8233,26.9194,42.3722,188.3394,193.745,0.2499,0.3243,171440.7683,175060.5536,cpu_stress,inventory-service,2026-06-09 14:40:00,2026-06-09 14:55:00,during_fault,3.631379,1
2026-06-09 14:41:50,410,EXP_FAULT_02,RUN_02,cpu_stress,1,cartservice,cart-f02-02,online-boutique,node-c,0.3452,41.5218,0,193.4807,0.00235,11.2449,8.0069,19.6117,26.1501,40.141,187.7746,193.0261,0.1823,0.2723,178331.2888,131326.9385,cpu_stress,inventory-service,2026-06-09 14:40:00,2026-06-09 14:55:00,during_fault,2.0430381,1
2026-06-09 14:41:55,415,EXP_FAULT_02,RUN_02,cpu_stress,1,cartservice,cart-f02-02,online-boutique,node-c,0.3592,41.674,0,193.5477,0.002891,10.8751,7.904,19.923,26.9712,35.3,187.864,192.9882,0.2744,0.2851,210335.2191,182152.6522,cpu_stress,inventory-service,2026-06-09 14:40:00,2026-06-09 14:55:00,during_fault,1.6742388,1
2026-06-09 14:42:00,420,EXP_FAULT_02,RUN_02,cpu_stress,1,cartservice,cart-f02-02,online-boutique,node-c,0.3539,42.6768,0,195.303,0.002228,10.9231,7.629,18.655,27.6899,42.136,189.7632,194.8679,0.184,0.2511,240306.3148,192572.5453,cpu_stress,inventory-service,2026-06-09 14:40:00,2026-06-09 14:55:00,during_fault,0.8493975,1
2026-06-09 14:42:05,425,EXP_FAULT_02,RUN_02,cpu_stress,1,cartservice,cart-f02-02,online-boutique,node-c,0.3472,41.7248,0,194.0253,0.002814,11.7108,9.1239,21.0756,28.9477,43.2791,188.5516,193.4793,0.2398,0.3061,221819.9808,165947.3202,cpu_stress,inventory-service,2026-06-09 14:40:00,2026-06-09 14:55:00,during_fault,3.1219332,1
2026-06-09 14:42:10,430,EXP_FAULT_02,RUN_02,cpu_stress,1,cartservice,cart-f02-02,online-boutique,node-c,0.3412,41.899,0,189.2401,0.001891,10.6792,7.6155,18.3985,26.9531,35.7783,183.9485,188.8823,0.0846,0.2731,181097.7852,124480.682,cpu_stress,inventory-service,2026-06-09 14:40:00,2026-06-09 14:55:00,during_fault,1.1316946,1
2026-06-09 14:42:15,435,EXP_FAULT_02,RUN_02,cpu_stress,1,cartservice,cart-f02-02,online-boutique,node-c,0.3555,41.8879,0,188.8763,0.003,10.5818,7.8549,20.262,23.3504,39.3107,183.4618,188.3096,0.2818,0.2849,188833.7714,178496.6074,cpu_stress,inventory-service,2026-06-09 14:40:00,2026-06-09 14:55:00,during_fault,1.5643939,1
2026-06-09 14:42:20,440,EXP_FAULT_02,RUN_02,cpu_stress,1,cartservice,cart-f02-02,online-boutique,node-c,0.3637,42.4244,0,188.3346,0.001743,10.4314,7.2183,18.7547,26.3172,39.6836,183.0199,188.0063,0.0827,0.2456,169587.9299,184699.9746,cpu_stress,inventory-service,2026-06-09 14:40:00,2026-06-09 14:55:00,during_fault,0.069046885,0
2026-06-09 14:42:25,445,EXP_FAULT_02,RUN_02,cpu_stress,1,cartservice,cart-f02-02,online-boutique,node-c,0.3476,42.6488,0,181.2534,0.002702,10.8559,7.667,18.8922,25.1627,38.6273,175.9451,180.7636,0.2393,0.2505,190450.2867,151181.1639,cpu_stress,inventory-service,2026-06-09 14:40:00,2026-06-09 14:55:00,during_fault,1.3055509,1
2026-06-09 14:42:30,450,EXP_FAULT_02,RUN_02,cpu_stress,1,cartservice,cart-f02-02,online-boutique,node-c,0.3668,42.634,0,191.4135,0.002485,10.6304,7.9012,19.8979,24.523,41.6291,185.7139,190.9378,0.1673,0.3084,181558.005,139638.607,cpu_stress,inventory-service,2026-06-09 14:40:00,2026-06-09 14:55:00,during_fault,0.40544802,0
2026-06-09 14:42:35,455,EXP_FAULT_02,RUN_02,cpu_stress,1,cartservice,cart-f02-02,online-boutique,node-c,0.3537,42.3006,0,174.2208,0.002767,11.3845,8.6679,21.1091,25.1323,39.558,168.8581,173.7388,0.2134,0.2687,170215.3509,164944.8453,cpu_stress,inventory-service,2026-06-09 14:40:00,2026-06-09 14:55:00,during_fault,1.5197413,1
2026-06-09 14:42:40,460,EXP_FAULT_02,RUN_02,cpu_stress,1,cartservice,cart-f02-02,online-boutique,node-c,0.367,41.5639,0,180.4763,0.003113,10.8518,8.2023,20.865,25.4947,41.7582,174.7609,179.9145,0.2744,0.2874,212967.8332,165377.9724,cpu_stress,inventory-service,2026-06-09 14:40:00,2026-06-09 14:55:00,during_fault,1.724283,1
2026-06-09 14:42:45,465,EXP_FAULT_02,RUN_02,cpu_stress,1,cartservice,cart-f02-02,online-boutique,node-c,0.3407,42.5701,0,184.8868,0.002214,11.1289,7.8029,21.145,26.9461,39.4211,178.8813,184.4776,0.0781,0.3312,188846.5188,125406.2508,cpu_stress,inventory-service,2026-06-09 14:40:00,2026-06-09 14:55:00,during_fault,1.6531643,1
2026-06-09 14:42:50,470,EXP_FAULT_02,RUN_02,cpu_stress,1,cartservice,cart-f02-02,online-boutique,node-c,0.3648,42.7949,0,174.4961,0.0031,11.6646,8.6947,20.1686,28.8283,41.2547,168.4991,173.9552,0.2628,0.2782,194369.958,133084.5309,cpu_stress,inventory-service,2026-06-09 14:40:00,2026-06-09 14:55:00,during_fault,1.9019575,1
2026-06-09 14:42:55,475,EXP_FAULT_02,RUN_02,cpu_stress,1,cartservice,cart-f02-02,online-boutique,node-c,0.3714,42.2132,0,180.5331,0.003128,11.8754,9.0868,21.0837,26.8815,44.2812,174.1406,179.9685,0.2231,0.3416,225369.3375,127516.0344,cpu_stress,inventory-service,2026-06-09 14:40:00,2026-06-09 14:55:00,during_fault,1.9510424,1
2026-06-09 14:43:00,480,EXP_FAULT_02,RUN_02,cpu_stress,1,cartservice,cart-f02-02,online-boutique,node-c,0.3645,42.0478,0,182.6486,0.002749,10.7869,7.2808,19.053,26.1229,42.13,175.9527,182.1466,0.1512,0.3509,216920.2721,173506.022,cpu_stress,inventory-service,2026-06-09 14:40:00,2026-06-09 14:55:00,during_fault,0.87529767,1
2026-06-09 14:43:05,485,EXP_FAULT_02,RUN_02,cpu_stress,1,cartservice,cart-f02-02,online-boutique,node-c,0.3564,41.8369,0,177.163,0.00247,11.5045,8.7327,19.6803,27.6799,44.0316,170.4282,176.7254,0.0998,0.3378,146703.3203,119307.2967,cpu_stress,inventory-service,2026-06-09 14:40:00,2026-06-09 14:55:00,during_fault,1.3341286,1
2026-06-09 14:43:10,490,EXP_FAULT_02,RUN_02,cpu_stress,1,cartservice,cart-f02-02,online-boutique,node-c,0.3539,42.4546,0,170.6771,0.00268,12.943,9.9145,23.8071,30.4829,52.7151,163.8919,170.2196,0.1511,0.3063,193469.1835,129328.8955,cpu_stress,inventory-service,2026-06-09 14:40:00,2026-06-09 14:55:00,during_fault,3.9078834,1
2026-06-09 14:43:15,495,EXP_FAULT_02,RUN_02,cpu_stress,1,cartservice,cart-f02-02,online-boutique,node-c,0.3309,42.3016,0,181.8631,0.002283,11.9174,9.0919,21.2509,28.5861,48.6854,174.4026,181.4479,0.0484,0.3668,172948.5192,157120.7341,cpu_stress,inventory-service,2026-06-09 14:40:00,2026-06-09 14:55:00,during_fault,3.8966885,1
2026-06-09 14:43:20,500,EXP_FAULT_02,RUN_02,cpu_stress,1,cartservice,cart-f02-02,online-boutique,node-c,0.3352,42.1963,0,179.7591,0.002511,11.7103,7.9943,22.4067,29.2503,42.5452,172.0753,179.3078,0.0589,0.3924,217267.0707,184075.0631,cpu_stress,inventory-service,2026-06-09 14:40:00,2026-06-09 14:55:00,during_fault,3.2297797,1
2026-06-09 14:43:25,505,EXP_FAULT_02,RUN_02,cpu_stress,1,cartservice,cart-f02-02,online-boutique,node-c,0.3628,42.4227,0,181.8674,0.003142,11.2549,7.7297,20.2653,31.2874,44.6488,173.7514,181.2959,0.1676,0.4038,173363.8806,125180.9664,cpu_stress,inventory-service,2026-06-09 14:40:00,2026-06-09 14:55:00,during_fault,1.9220705,1
2026-06-09 14:43:30,510,EXP_FAULT_02,RUN_02,cpu_stress,1,cartservice,cart-f02-02,online-boutique,node-c,0.3446,43.527,0,182.5503,0.002677,11.3515,8.5115,22.2251,28.3413,45.2523,174.1385,182.0616,0.0943,0.3944,224709.284,155367.0505,cpu_stress,inventory-service,2026-06-09 14:40:00,2026-06-09 14:55:00,during_fault,2.2211776,1
2026-06-09 14:43:35,515,EXP_FAULT_02,RUN_02,cpu_stress,1,cartservice,cart-f02-02,online-boutique,node-c,0.3458,42.6462,0,176.4155,0.002855,12.1855,8.284,23.883,32.4856,51.5083,168.0413,175.9118,0.1112,0.3924,205411.8599,154135.9285,cpu_stress,inventory-service,2026-06-09 14:40:00,2026-06-09 14:55:00,during_fault,3.3691463,1
2026-06-09 14:43:40,520,EXP_FAULT_02,RUN_02,cpu_stress,1,cartservice,cart-f02-02,online-boutique,node-c,0.3475,42.5048,0,180.7485,0.003583,11.1911,7.9992,20.296,28.2606,46.8932,171.7896,180.1008,0.2157,0.432,158954.9802,165598.1972,cpu_stress,inventory-service,2026-06-09 14:40:00,2026-06-09 14:55:00,during_fault,3.6873538,1
2026-06-09 14:43:45,525,EXP_FAULT_02,RUN_02,cpu_stress,1,cartservice,cart-f02-02,online-boutique,node-c,0.3382,41.3693,0,181.6379,0.002804,11.9161,8.3099,23.5581,31.9539,45.9554,172.523,181.1286,0.0514,0.458,154076.9568,177408.8489,cpu_stress,inventory-service,2026-06-09 14:40:00,2026-06-09 14:55:00,during_fault,4.062179,1
2026-06-09 14:43:50,530,EXP_FAULT_02,RUN_02,cpu_stress,1,cartservice,cart-f02-02,online-boutique,node-c,0.3765,42.2592,0,183.2152,0.002924,11.4197,8.2365,22.2138,28.457,43.8899,173.7972,182.6794,0.067,0.4688,168817.1179,146050.4063,cpu_stress,inventory-service,2026-06-09 14:40:00,2026-06-09 14:55:00,during_fault,1.1004304,1
2026-06-09 14:43:55,535,EXP_FAULT_02,RUN_02,cpu_stress,1,cartservice,cart-f02-02,online-boutique,node-c,0.3433,42.6692,0,188.6919,0.003647,10.6324,8.017,21.7419,27.2882,46.0385,178.7618,188.0038,0.175,0.5131,174504.5758,155868.5339,cpu_stress,inventory-service,2026-06-09 14:40:00,2026-06-09 14:55:00,during_fault,3.5237248,1
2026-06-09 14:44:00,540,EXP_FAULT_02,RUN_02,cpu_stress,1,cartservice,cart-f02-02,online-boutique,node-c,0.3629,42.305,0,187.9175,0.004279,12.1698,8.0835,22.5921,33.2922,55.895,177.7297,187.1133,0.2963,0.5079,210494.4537,151210.1072,cpu_stress,inventory-service,2026-06-09 14:40:00,2026-06-09 14:55:00,during_fault,7.405421,1
2026-06-09 14:44:05,545,EXP_FAULT_02,RUN_02,cpu_stress,1,cartservice,cart-f02-02,online-boutique,node-c,0.3686,42.7212,0,186.0808,0.00294,11.4551,8.0092,23.6069,31.3975,47.2989,176.02,185.5337,0.085,0.462,200251.7694,129571.0336,cpu_stress,inventory-service,2026-06-09 14:40:00,2026-06-09 14:55:00,during_fault,1.4896071,1
2026-06-09 14:44:10,550,EXP_FAULT_02,RUN_02,cpu_stress,1,cartservice,cart-f02-02,online-boutique,node-c,0.3436,42.7905,0,189.6482,0.003464,11.7519,8.5053,23.7312,32.4247,51.9449,179.2401,188.9912,0.1638,0.4932,174937.705,180021.7164,cpu_stress,inventory-service,2026-06-09 14:40:00,2026-06-09 14:55:00,during_fault,4.806861,1
2026-06-09 14:44:15,555,EXP_FAULT_02,RUN_02,cpu_stress,1,cartservice,cart-f02-02,online-boutique,node-c,0.3418,41.7368,0,194.6411,0.003477,12.0023,8.6506,22.4509,34.6502,54.6557,183.8622,193.9643,0.1444,0.5323,248979.6375,163089.0579,cpu_stress,inventory-service,2026-06-09 14:40:00,2026-06-09 14:55:00,during_fault,6.0430517,1
2026-06-09 14:44:20,560,EXP_FAULT_02,RUN_02,cpu_stress,1,cartservice,cart-f02-02,online-boutique,node-c,0.3603,42.1403,0,196.2268,0.003206,12.5916,9.5382,23.5158,32.9988,52.9553,185.3524,195.5977,0.1102,0.519,186283.3669,175365.5003,cpu_stress,inventory-service,2026-06-09 14:40:00,2026-06-09 14:55:00,during_fault,4.3360972,1
2026-06-09 14:44:25,565,EXP_FAULT_02,RUN_02,cpu_stress,1,cartservice,cart-f02-02,online-boutique,node-c,0.3591,41.8816,0,194.6705,0.003325,12.4486,8.5579,24.6217,31.7166,57.173,183.8909,194.0233,0.1322,0.515,229878.2447,176717.8575,cpu_stress,inventory-service,2026-06-09 14:40:00,2026-06-09 14:55:00,during_fault,4.514255,1
2026-06-09 14:44:30,570,EXP_FAULT_02,RUN_02,cpu_stress,1,cartservice,cart-f02-02,online-boutique,node-c,0.3716,42.1435,0,198.1872,0.003633,12.4901,8.3209,25.7129,33.6496,51.5348,187.172,197.4672,0.207,0.513,250334.5565,186052.7567,cpu_stress,inventory-service,2026-06-09 14:40:00,2026-06-09 14:55:00,during_fault,4.666895,1
2026-06-09 14:44:35,575,EXP_FAULT_02,RUN_02,cpu_stress,1,cartservice,cart-f02-02,online-boutique,node-c,0.3549,41.8097,0,197.5693,0.003932,12.3829,8.5498,24.2476,34.3136,49.48,186.6616,196.7925,0.2691,0.5077,214296.6362,153485.6444,cpu_stress,inventory-service,2026-06-09 14:40:00,2026-06-09 14:55:00,during_fault,7.352811,1
2026-06-09 14:44:40,580,EXP_FAULT_02,RUN_02,cpu_stress,1,cartservice,cart-f02-02,online-boutique,node-c,0.3513,42.6674,0,192.0201,0.004062,12.125,8.3937,23.3778,30.5458,48.3448,181.4904,191.2401,0.2753,0.5047,194561.5594,126542.1779,cpu_stress,inventory-service,2026-06-09 14:40:00,2026-06-09 14:55:00,during_fault,7.398474,1
2026-06-09 14:44:45,585,EXP_FAULT_02,RUN_02,cpu_stress,1,cartservice,cart-f02-02,online-boutique,node-c,0.3634,42.0965,0,201.5676,0.003091,12.3836,9.0042,24.7457,34.623,51.6755,190.7808,200.9445,0.0841,0.539,168734.932,139425.7863,cpu_stress,inventory-service,2026-06-09 14:40:00,2026-06-09 14:55:00,during_fault,3.6484818,1
2026-06-09 14:44:50,590,EXP_FAULT_02,RUN_02,cpu_stress,1,cartservice,cart-f02-02,online-boutique,node-c,0.3453,41.8344,0,196.652,0.004045,11.2207,7.8517,21.3356,30.9434,47.9013,186.209,195.8565,0.2802,0.5153,213227.7655,172836.1802,cpu_stress,inventory-service,2026-06-09 14:40:00,2026-06-09 14:55:00,during_fault,6.455776,1
2026-06-09 14:44:55,595,EXP_FAULT_02,RUN_02,cpu_stress,1,cartservice,cart-f02-02,online-boutique,node-c,0.3509,42.2202,0,196.6282,0.003434,12.9613,8.4431,24.7148,32.2315,55.2712,186.4809,195.9531,0.2127,0.4625,168122.8662,174471.5164,cpu_stress,inventory-service,2026-06-09 14:40:00,2026-06-09 14:55:00,during_fault,6.717711,1
2026-06-09 14:45:00,600,EXP_FAULT_02,RUN_02,cpu_stress,1,cartservice,cart-f02-02,online-boutique,node-c,0.3636,42.5303,0,199.0917,0.003424,12.6685,9.5819,23.2194,34.8464,47.7994,189.0309,198.4101,0.2141,0.4675,195900.8913,198442.7777,cpu_stress,inventory-service,2026-06-09 14:40:00,2026-06-09 14:55:00,during_fault,4.9675465,1
2026-06-09 14:45:05,605,EXP_FAULT_02,RUN_02,cpu_stress,1,cartservice,cart-f02-02,online-boutique,node-c,0.3477,42.132,0,197.6235,0.002802,11.6723,8.4187,21.8413,29.4832,46.7011,187.952,197.0698,0.0749,0.4788,201566.3871,200723.953,cpu_stress,inventory-service,2026-06-09 14:40:00,2026-06-09 14:55:00,during_fault,3.051772,1
2026-06-09 14:45:10,610,EXP_FAULT_02,RUN_02,cpu_stress,1,cartservice,cart-f02-02,online-boutique,node-c,0.3631,42.1943,0,194.1041,0.003375,10.9459,7.9272,21.6612,30.3222,44.1686,184.7801,193.449,0.1922,0.4628,242615.9478,150567.3866,cpu_stress,inventory-service,2026-06-09 14:40:00,2026-06-09 14:55:00,during_fault,2.61706,1
2026-06-09 14:45:15,615,EXP_FAULT_02,RUN_02,cpu_stress,1,cartservice,cart-f02-02,online-boutique,node-c,0.3607,42.3354,0,188.6451,0.003757,10.6427,7.0402,19.9735,28.0661,39.2815,179.8831,187.9364,0.2675,0.4413,160492.0433,190687.4763,cpu_stress,inventory-service,2026-06-09 14:40:00,2026-06-09 14:55:00,during_fault,3.2779655,1
2026-06-09 14:45:20,620,EXP_FAULT_02,RUN_02,cpu_stress,1,cartservice,cart-f02-02,online-boutique,node-c,0.3541,42.7498,0,198.3711,0.003061,12.3303,9.0448,24.653,29.7778,49.887,189.4931,197.7639,0.1449,0.4624,180831.1141,157453.3512,cpu_stress,inventory-service,2026-06-09 14:40:00,2026-06-09 14:55:00,during_fault,4.1326942,1
2026-06-09 14:45:25,625,EXP_FAULT_02,RUN_02,cpu_stress,1,cartservice,cart-f02-02,online-boutique,node-c,0.3504,42.8636,0,194.6937,0.003096,11.3281,8.2954,19.598,29.1748,45.0627,186.3176,194.0909,0.2193,0.3835,229994.2399,130933.2027,cpu_stress,inventory-service,2026-06-09 14:40:00,2026-06-09 14:55:00,during_fault,2.82797,1
2026-06-09 14:45:30,630,EXP_FAULT_02,RUN_02,cpu_stress,1,cartservice,cart-f02-02,online-boutique,node-c,0.3578,41.8056,0,195.5028,0.002751,12.5293,9.3573,22.3109,30.7636,49.6482,187.4317,194.9649,0.1284,0.4096,200717.9238,198281.0233,cpu_stress,inventory-service,2026-06-09 14:40:00,2026-06-09 14:55:00,during_fault,3.641295,1
2026-06-09 14:45:35,635,EXP_FAULT_02,RUN_02,cpu_stress,1,cartservice,cart-f02-02,online-boutique,node-c,0.3534,41.7933,0,198.2133,0.003122,11.4187,8.6126,20.7634,28.316,42.1534,190.3455,197.5946,0.2185,0.4003,206690.6186,178001.3642,cpu_stress,inventory-service,2026-06-09 14:40:00,2026-06-09 14:55:00,during_fault,3.1864924,1
2026-06-09 14:45:40,640,EXP_FAULT_02,RUN_02,cpu_stress,1,cartservice,cart-f02-02,online-boutique,node-c,0.3563,41.7463,0,192.3349,0.002625,12.063,8.6653,23.1383,30.1711,45.9092,184.9739,191.8301,0.1469,0.358,213160.6813,174663.4335,cpu_stress,inventory-service,2026-06-09 14:40:00,2026-06-09 14:55:00,during_fault,2.645926,1
2026-06-09 14:45:45,645,EXP_FAULT_02,RUN_02,cpu_stress,1,cartservice,cart-f02-02,online-boutique,node-c,0.3348,42.3334,0,193.6624,0.00241,11.6054,8.0956,20.2549,28.9841,43.5439,186.5674,193.1957,0.0921,0.3747,221842.3375,201104.3394,cpu_stress,inventory-service,2026-06-09 14:40:00,2026-06-09 14:55:00,during_fault,3.3452916,1
2026-06-09 14:45:50,650,EXP_FAULT_02,RUN_02,cpu_stress,1,cartservice,cart-f02-02,online-boutique,node-c,0.3454,42.6155,0,188.0603,0.002449,11.3444,7.955,19.0963,29.4533,43.2148,181.444,187.5997,0.1387,0.322,180610.6389,188775.7063,cpu_stress,inventory-service,2026-06-09 14:40:00,2026-06-09 14:55:00,during_fault,1.8623106,1
2026-06-09 14:45:55,655,EXP_FAULT_02,RUN_02,cpu_stress,1,cartservice,cart-f02-02,online-boutique,node-c,0.3535,41.9658,0,193.7824,0.002609,10.8657,7.4403,20.707,26.4662,38.6131,187.2137,193.2769,0.2103,0.2952,168615.8029,150007.0201,cpu_stress,inventory-service,2026-06-09 14:40:00,2026-06-09 14:55:00,during_fault,1.3113736,1
2026-06-09 14:46:00,660,EXP_FAULT_02,RUN_02,cpu_stress,1,cartservice,cart-f02-02,online-boutique,node-c,0.3572,42.3967,0,194.6044,0.002367,10.7771,7.583,18.437,25.0536,37.3752,188.2579,194.1437,0.1182,0.3424,219727.8836,178146.6058,cpu_stress,inventory-service,2026-06-09 14:40:00,2026-06-09 14:55:00,during_fault,0.71226853,1
2026-06-09 14:46:05,665,EXP_FAULT_02,RUN_02,cpu_stress,1,cartservice,cart-f02-02,online-boutique,node-c,0.365,42.3806,0,192.2433,0.003323,11.5066,8.3268,20.0737,29.3041,39.5639,186.1205,191.6045,0.3055,0.3334,190298.6064,152398.3664,cpu_stress,inventory-service,2026-06-09 14:40:00,2026-06-09 14:55:00,during_fault,2.8096051,1
2026-06-09 14:46:10,670,EXP_FAULT_02,RUN_02,cpu_stress,1,cartservice,cart-f02-02,online-boutique,node-c,0.3485,42.4731,0,195.6992,0.00195,10.3836,7.6905,17.613,25.9042,39.6199,189.7876,195.3175,0.1115,0.2702,195536.4499,165740.7865,cpu_stress,inventory-service,2026-06-09 14:40:00,2026-06-09 14:55:00,during_fault,0.56018037,0
2026-06-09 14:46:15,675,EXP_FAULT_02,RUN_02,cpu_stress,1,cartservice,cart-f02-02,online-boutique,node-c,0.356,43.5615,0,187.7667,0.002165,11.097,7.9823,20.5737,27.9052,43.0585,182.2035,187.3602,0.1515,0.255,214245.0275,160442.6266,cpu_stress,inventory-service,2026-06-09 14:40:00,2026-06-09 14:55:00,during_fault,1.0097637,1
2026-06-09 14:46:20,680,EXP_FAULT_02,RUN_02,cpu_stress,1,cartservice,cart-f02-02,online-boutique,node-c,0.3605,42.7962,0,196.2977,0.002041,11.0907,8.0126,19.4012,28.1011,40.2174,190.6327,195.8972,0.0842,0.3163,234353.2268,203072.5794,cpu_stress,inventory-service,2026-06-09 14:40:00,2026-06-09 14:55:00,during_fault,0.65620506,1
2026-06-09 14:46:25,685,EXP_FAULT_02,RUN_02,cpu_stress,1,cartservice,cart-f02-02,online-boutique,node-c,0.3628,42.5577,0,195.8528,0.002156,11.2748,8.6965,20.3904,25.0266,42.7108,190.2695,195.4305,0.1336,0.2886,197818.4338,194278.7627,cpu_stress,inventory-service,2026-06-09 14:40:00,2026-06-09 14:55:00,during_fault,0.77652425,1
2026-06-09 14:46:30,690,EXP_FAULT_02,RUN_02,cpu_stress,1,cartservice,cart-f02-02,online-boutique,node-c,0.3648,42.8161,0,196.1802,0.002829,10.5976,7.8091,17.6489,26.2637,41.2191,190.5892,195.6252,0.2863,0.2687,208198.6108,144580.5627,cpu_stress,inventory-service,2026-06-09 14:40:00,2026-06-09 14:55:00,during_fault,0.9589368,1
2026-06-09 14:46:35,695,EXP_FAULT_02,RUN_02,cpu_stress,1,cartservice,cart-f02-02,online-boutique,node-c,0.3615,42.5872,0,194.7431,0.001774,10.3574,7.1649,18.6103,25.7044,35.9352,189.329,194.3975,0.0965,0.249,199406.0504,146663.6571,cpu_stress,inventory-service,2026-06-09 14:40:00,2026-06-09 14:55:00,during_fault,0.10977799,0
2026-06-09 14:46:40,700,EXP_FAULT_02,RUN_02,cpu_stress,1,cartservice,cart-f02-02,online-boutique,node-c,0.3699,42.8042,0,200.0828,0.002074,11.3238,8.0002,20.1749,25.7185,37.1035,194.4949,199.6679,0.1323,0.2827,182519.3071,169125.8629,cpu_stress,inventory-service,2026-06-09 14:40:00,2026-06-09 14:55:00,during_fault,0.5726799,0
2026-06-09 14:46:45,705,EXP_FAULT_02,RUN_02,cpu_stress,1,cartservice,cart-f02-02,online-boutique,node-c,0.3536,42.4508,0,195.8026,0.002748,10.7355,8.3851,20.1963,26.1151,35.9268,190.2348,195.2646,0.2517,0.2863,232051.1727,133537.6263,cpu_stress,inventory-service,2026-06-09 14:40:00,2026-06-09 14:55:00,during_fault,1.3195912,1
2026-06-09 14:46:50,710,EXP_FAULT_02,RUN_02,cpu_stress,1,cartservice,cart-f02-02,online-boutique,node-c,0.3486,41.5893,0,196.7713,0.001802,12.0968,9.1036,20.9043,27.9532,40.8191,191.1308,196.4167,0.0637,0.2909,249473.7256,142995.1051,cpu_stress,inventory-service,2026-06-09 14:40:00,2026-06-09 14:55:00,during_fault,2.962007,1
2026-06-09 14:46:55,715,EXP_FAULT_02,RUN_02,cpu_stress,1,cartservice,cart-f02-02,online-boutique,node-c,0.3721,42.5206,0,205.4878,0.002066,11.45,8.5288,20.4519,27.6302,41.6907,199.4321,205.0632,0.0825,0.3421,233832.3897,179391.2882,cpu_stress,inventory-service,2026-06-09 14:40:00,2026-06-09 14:55:00,during_fault,0.6927339,1
2026-06-09 14:47:00,720,EXP_FAULT_02,RUN_02,cpu_stress,1,cartservice,cart-f02-02,online-boutique,node-c,0.3487,42.0069,0,201.3386,0.002678,10.4031,7.8041,19.7399,26.094,35.4467,195.2203,200.7994,0.1984,0.3408,168123.0831,183853.8668,cpu_stress,inventory-service,2026-06-09 14:40:00,2026-06-09 14:55:00,during_fault,1.3149488,1
2026-06-09 14:47:05,725,EXP_FAULT_02,RUN_02,cpu_stress,1,cartservice,cart-f02-02,online-boutique,node-c,0.3712,41.9313,0,203.3908,0.002348,11.5685,8.1549,20.3401,29.168,38.5867,197.0479,202.9132,0.1862,0.2914,247769.3679,199728.7578,cpu_stress,inventory-service,2026-06-09 14:40:00,2026-06-09 14:55:00,during_fault,1.0019356,1
2026-06-09 14:47:10,730,EXP_FAULT_02,RUN_02,cpu_stress,1,cartservice,cart-f02-02,online-boutique,node-c,0.3323,41.8807,0,207.7508,0.002235,11.0912,8.4745,19.8229,25.382,43.5476,201.0257,207.2864,0.1583,0.306,263269.3163,208926.1958,cpu_stress,inventory-service,2026-06-09 14:40:00,2026-06-09 14:55:00,during_fault,3.0079503,1
2026-06-09 14:47:15,735,EXP_FAULT_02,RUN_02,cpu_stress,1,cartservice,cart-f02-02,online-boutique,node-c,0.3619,42.0992,0,208.4463,0.003004,11.4431,8.0421,21.7765,27.2036,45.9265,201.3507,207.82,0.3077,0.3186,221325.5362,163771.5405,cpu_stress,inventory-service,2026-06-09 14:40:00,2026-06-09 14:55:00,during_fault,2.554815,1
2026-06-09 14:47:20,740,EXP_FAULT_02,RUN_02,cpu_stress,1,cartservice,cart-f02-02,online-boutique,node-c,0.3635,42.7482,0,208.5328,0.002047,11.8757,9.0095,22.1173,27.1052,48.9945,201.2627,208.1059,0.0622,0.3647,241080.3831,158618.7107,cpu_stress,inventory-service,2026-06-09 14:40:00,2026-06-09 14:55:00,during_fault,1.550925,1
2026-06-09 14:47:25,745,EXP_FAULT_02,RUN_02,cpu_stress,1,cartservice,cart-f02-02,online-boutique,node-c,0.3514,41.5579,0,219.2883,0.002809,11.6519,8.5135,21.0342,28.7732,48.567,211.2377,218.6723,0.2094,0.4066,197136.0078,188730.7395,cpu_stress,inventory-service,2026-06-09 14:40:00,2026-06-09 14:55:00,during_fault,3.5723202,1
2026-06-09 14:47:30,750,EXP_FAULT_02,RUN_02,cpu_stress,1,cartservice,cart-f02-02,online-boutique,node-c,0.3706,41.6822,0,209.0787,0.002333,11.2765,8.3846,20.42,27.0832,40.0905,201.1188,208.591,0.0964,0.3913,194896.377,144897.0299,cpu_stress,inventory-service,2026-06-09 14:40:00,2026-06-09 14:55:00,during_fault,0.8654251,1
2026-06-09 14:47:35,755,EXP_FAULT_02,RUN_02,cpu_stress,1,cartservice,cart-f02-02,online-boutique,node-c,0.3713,42.8915,0,214.4404,0.002598,12.2612,8.7825,22.3206,30.0058,51.5462,205.9626,213.8833,0.1476,0.4095,253014.6881,185947.2087,cpu_stress,inventory-service,2026-06-09 14:40:00,2026-06-09 14:55:00,during_fault,2.5433412,1
2026-06-09 14:47:40,760,EXP_FAULT_02,RUN_02,cpu_stress,1,cartservice,cart-f02-02,online-boutique,node-c,0.3516,43.6229,0,214.9193,0.003503,12.2224,8.4454,21.3151,29.0083,49.4494,205.9474,214.1664,0.298,0.4549,270590.8842,220657.5206,cpu_stress,inventory-service,2026-06-09 14:40:00,2026-06-09 14:55:00,during_fault,6.7160225,1
2026-06-09 14:47:45,765,EXP_FAULT_02,RUN_02,cpu_stress,1,cartservice,cart-f02-02,online-boutique,node-c,0.3637,42.201,0,216.2643,0.002906,11.3375,8.6546,22.7759,31.1618,41.2107,206.9776,215.6359,0.2021,0.4263,177913.3874,209006.5694,cpu_stress,inventory-service,2026-06-09 14:40:00,2026-06-09 14:55:00,during_fault,2.3116562,1
2026-06-09 14:47:50,770,EXP_FAULT_02,RUN_02,cpu_stress,1,cartservice,cart-f02-02,online-boutique,node-c,0.3559,42.1671,0,214.5891,0.003363,12.2959,8.6193,21.7576,29.2425,50.0348,204.9798,213.8673,0.2913,0.4304,188384.1555,147227.8585,cpu_stress,inventory-service,2026-06-09 14:40:00,2026-06-09 14:55:00,during_fault,5.5285635,1
2026-06-09 14:47:55,775,EXP_FAULT_02,RUN_02,cpu_stress,1,cartservice,cart-f02-02,online-boutique,node-c,0.348,43.1528,0,219.2305,0.003031,12.1681,9.1053,22.8333,29.2332,52.3103,209.1266,218.5661,0.1747,0.4897,224339.9622,221980.4155,cpu_stress,inventory-service,2026-06-09 14:40:00,2026-06-09 14:55:00,during_fault,5.373645,1
2026-06-09 14:48:00,780,EXP_FAULT_02,RUN_02,cpu_stress,1,cartservice,cart-f02-02,online-boutique,node-c,0.352,42.9698,0,222.9062,0.003656,11.6857,8.2011,22.4549,31.4637,47.8365,212.2725,222.0913,0.3279,0.487,205578.7856,165027.1696,cpu_stress,inventory-service,2026-06-09 14:40:00,2026-06-09 14:55:00,during_fault,6.5626497,1
2026-06-09 14:48:05,785,EXP_FAULT_02,RUN_02,cpu_stress,1,cartservice,cart-f02-02,online-boutique,node-c,0.3754,42.0138,0,218.2176,0.003834,13.4411,9.4883,27.2533,36.4888,59.4069,207.4277,217.3811,0.3473,0.4892,276623.0466,194147.4973,cpu_stress,inventory-service,2026-06-09 14:40:00,2026-06-09 14:55:00,during_fault,7.4538584,1
2026-06-09 14:48:10,790,EXP_FAULT_02,RUN_02,cpu_stress,1,cartservice,cart-f02-02,online-boutique,node-c,0.348,42.3464,0,225.7522,0.003172,12.1623,8.5308,24.2336,30.3747,54.3488,214.3594,225.0362,0.1409,0.5751,248113.7206,220736.7718,cpu_stress,inventory-service,2026-06-09 14:40:00,2026-06-09 14:55:00,during_fault,6.0449395,1
2026-06-09 14:48:15,795,EXP_FAULT_02,RUN_02,cpu_stress,1,cartservice,cart-f02-02,online-boutique,node-c,0.3803,41.8102,0,222.0578,0.003208,12.832,9.3623,23.2672,35.6752,58.8872,210.625,221.3454,0.162,0.5505,208182.3302,151472.0443,cpu_stress,inventory-service,2026-06-09 14:40:00,2026-06-09 14:55:00,during_fault,4.085918,1
2026-06-09 14:48:20,800,EXP_FAULT_02,RUN_02,cpu_stress,1,cartservice,cart-f02-02,online-boutique,node-c,0.3385,41.9861,0,212.4935,0.003774,12.5783,8.828,24.4557,36.1933,51.448,201.2809,211.6915,0.2279,0.5741,183561.142,163741.2933,cpu_stress,inventory-service,2026-06-09 14:40:00,2026-06-09 14:55:00,during_fault,9.668129,1
2026-06-09 14:48:25,805,EXP_FAULT_02,RUN_02,cpu_stress,1,cartservice,cart-f02-02,online-boutique,node-c,0.3659,42.8128,0,225.017,0.004052,13.281,10.013,26.8327,33.8829,57.0066,212.8332,224.1052,0.3542,0.5576,275358.0781,228692.5495,cpu_stress,inventory-service,2026-06-09 14:40:00,2026-06-09 14:55:00,during_fault,9.606972,1
2026-06-09 14:48:30,810,EXP_FAULT_02,RUN_02,cpu_stress,1,cartservice,cart-f02-02,online-boutique,node-c,0.3576,42.7624,0,214.2293,0.00312,12.6378,8.9047,26.1519,32.0803,57.6349,202.6353,213.561,0.1007,0.5676,268263.3367,156518.6997,cpu_stress,inventory-service,2026-06-09 14:40:00,2026-06-09 14:55:00,during_fault,5.367956,1
2026-06-09 14:48:35,815,EXP_FAULT_02,RUN_02,cpu_stress,1,cartservice,cart-f02-02,online-boutique,node-c,0.3643,42.3241,0,217.7366,0.003517,12.6602,8.6739,26.3103,35.0178,58.4915,205.7969,216.9707,0.2257,0.5402,258455.4775,163920.2595,cpu_stress,inventory-service,2026-06-09 14:40:00,2026-06-09 14:55:00,during_fault,6.0266128,1
2026-06-09 14:48:40,820,EXP_FAULT_02,RUN_02,cpu_stress,1,cartservice,cart-f02-02,online-boutique,node-c,0.3728,42.2498,0,219.9338,0.003473,12.1089,8.7573,21.8502,33.2664,49.9433,207.7494,219.17,0.1952,0.5686,259398.9324,182053.8649,cpu_stress,inventory-service,2026-06-09 14:40:00,2026-06-09 14:55:00,during_fault,4.262229,1
2026-06-09 14:48:45,825,EXP_FAULT_02,RUN_02,cpu_stress,1,cartservice,cart-f02-02,online-boutique,node-c,0.3746,41.026,0,208.9361,0.003834,11.3548,8.4641,22.8999,32.4564,50.1971,197.2583,208.135,0.2368,0.5643,245234.3638,152370.5692,cpu_stress,inventory-service,2026-06-09 14:40:00,2026-06-09 14:55:00,during_fault,4.614521,1
2026-06-09 14:48:50,830,EXP_FAULT_02,RUN_02,cpu_stress,1,cartservice,cart-f02-02,online-boutique,node-c,0.3518,41.8748,0,207.15,0.003541,12.4008,8.8335,23.9951,34.7241,51.4881,195.6531,206.4164,0.1743,0.5593,246665.5316,175549.1436,cpu_stress,inventory-service,2026-06-09 14:40:00,2026-06-09 14:55:00,during_fault,6.502467,1
2026-06-09 14:48:55,835,EXP_FAULT_02,RUN_02,cpu_stress,1,cartservice,cart-f02-02,online-boutique,node-c,0.3609,42.5314,0,207.1208,0.003472,11.3963,8.1835,23.1919,33.1388,46.0468,195.6343,206.4017,0.1989,0.5202,244010.1856,210051.762,cpu_stress,inventory-service,2026-06-09 14:40:00,2026-06-09 14:55:00,during_fault,3.8553767,1
2026-06-09 14:49:00,840,EXP_FAULT_02,RUN_02,cpu_stress,1,cartservice,cart-f02-02,online-boutique,node-c,0.3518,41.8622,0,210.4087,0.003064,12.9466,9.8148,23.6674,37.6821,51.3421,198.9024,209.764,0.1056,0.5391,241392.8022,186635.3077,cpu_stress,inventory-service,2026-06-09 14:40:00,2026-06-09 14:55:00,during_fault,6.3009944,1
2026-06-09 14:49:05,845,EXP_FAULT_02,RUN_02,cpu_stress,1,cartservice,cart-f02-02,online-boutique,node-c,0.3534,41.9127,0,201.4248,0.003247,12.4555,9.1479,22.2921,31.2434,52.7105,190.4939,200.7708,0.1004,0.5536,168414.5664,182628.1491,cpu_stress,inventory-service,2026-06-09 14:40:00,2026-06-09 14:55:00,during_fault,5.116362,1
2026-06-09 14:49:10,850,EXP_FAULT_02,RUN_02,cpu_stress,1,cartservice,cart-f02-02,online-boutique,node-c,0.3735,42.001,0,206.2608,0.003126,11.7567,8.8559,22.5282,31.495,45.3149,195.2197,205.6161,0.1342,0.5106,247656.356,141893.7169,cpu_stress,inventory-service,2026-06-09 14:40:00,2026-06-09 14:55:00,during_fault,2.391891,1
2026-06-09 14:49:15,855,EXP_FAULT_02,RUN_02,cpu_stress,1,cartservice,cart-f02-02,online-boutique,node-c,0.3676,42.7425,0,204.0606,0.002871,12.1088,8.2236,24.7952,31.7753,54.0835,193.3734,203.4747,0.0856,0.5003,223328.6497,144616.019,cpu_stress,inventory-service,2026-06-09 14:40:00,2026-06-09 14:55:00,during_fault,2.5469663,1
2026-06-09 14:49:20,860,EXP_FAULT_02,RUN_02,cpu_stress,1,cartservice,cart-f02-02,online-boutique,node-c,0.3776,42.6875,0,209.5317,0.00284,12.4451,9.1017,21.945,33.055,50.0908,198.7631,208.9366,0.077,0.5181,258763.1044,172439.3984,cpu_stress,inventory-service,2026-06-09 14:40:00,2026-06-09 14:55:00,during_fault,2.6058254,1
2026-06-09 14:49:25,865,EXP_FAULT_02,RUN_02,cpu_stress,1,cartservice,cart-f02-02,online-boutique,node-c,0.3816,42.6785,0,209.5311,0.003619,12.8115,9.1148,23.5165,35.098,49.3714,198.9108,208.7728,0.2096,0.5487,190411.3344,184469.6889,cpu_stress,inventory-service,2026-06-09 14:40:00,2026-06-09 14:55:00,during_fault,4.8003235,1
2026-06-09 14:49:30,870,EXP_FAULT_02,RUN_02,cpu_stress,1,cartservice,cart-f02-02,online-boutique,node-c,0.3597,41.9535,0,208.2958,0.003734,11.8172,7.9483,21.7705,29.0121,53.4111,197.9618,207.518,0.2901,0.4877,241116.2583,158060.5759,cpu_stress,inventory-service,2026-06-09 14:40:00,2026-06-09 14:55:00,during_fault,5.5351896,1
2026-06-09 14:49:35,875,EXP_FAULT_02,RUN_02,cpu_stress,1,cartservice,cart-f02-02,online-boutique,node-c,0.3636,42.576,0,208.0489,0.002938,12.0148,9.038,22.632,30.1258,47.1799,198.1553,207.4377,0.1166,0.4946,209496.2084,159566.6997,cpu_stress,inventory-service,2026-06-09 14:40:00,2026-06-09 14:55:00,during_fault,3.0056865,1
2026-06-09 14:49:40,880,EXP_FAULT_02,RUN_02,cpu_stress,1,cartservice,cart-f02-02,online-boutique,node-c,0.343,43.2047,0,211.7278,0.003383,12.7577,8.3581,23.0125,33.1581,50.477,201.9255,211.0116,0.2616,0.4546,230997.676,157933.3912,cpu_stress,inventory-service,2026-06-09 14:40:00,2026-06-09 14:55:00,during_fault,7.8144026,1
2026-06-09 14:49:45,885,EXP_FAULT_02,RUN_02,cpu_stress,1,cartservice,cart-f02-02,online-boutique,node-c,0.3802,42.0658,0,209.8722,0.003301,12.0803,8.3337,24.4145,29.7234,52.0575,200.4984,209.1794,0.2041,0.4887,252279.8502,173419.0077,cpu_stress,inventory-service,2026-06-09 14:40:00,2026-06-09 14:55:00,during_fault,2.8772213,1
2026-06-09 14:49:50,890,EXP_FAULT_02,RUN_02,cpu_stress,1,cartservice,cart-f02-02,online-boutique,node-c,0.3555,42.4022,0,205.2189,0.003397,11.8723,8.724,20.972,29.0667,44.8192,196.3526,204.5218,0.3003,0.3967,171288.7384,144885.6182,cpu_stress,inventory-service,2026-06-09 14:40:00,2026-06-09 14:55:00,during_fault,4.5861235,1
2026-06-09 14:49:55,895,EXP_FAULT_02,RUN_02,cpu_stress,1,cartservice,cart-f02-02,online-boutique,node-c,0.3739,43.0159,0,211.6023,0.002578,11.1805,8.4868,22.0156,28.2891,48.1944,202.8867,211.0569,0.1199,0.4255,236112.9358,199499.6324,cpu_stress,inventory-service,2026-06-09 14:40:00,2026-06-09 14:55:00,during_fault,1.0773716,1
2026-06-09 14:50:00,900,EXP_FAULT_02,RUN_02,cpu_stress,1,cartservice,cart-f02-02,online-boutique,node-c,0.3448,43.0269,0,206.2167,0.0024,11.8584,8.4438,22.5216,30.4871,47.0512,198.0657,205.7219,0.0925,0.4023,223154.1897,181768.4452,cpu_stress,inventory-service,2026-06-09 14:40:00,2026-06-09 14:55:00,during_fault,3.2271843,1
2026-06-09 14:50:05,905,EXP_FAULT_02,RUN_02,cpu_stress,1,cartservice,cart-f02-02,online-boutique,node-c,0.3534,42.0741,0,210.271,0.002205,12.2405,8.3115,20.8017,29.5012,51.4864,202.3081,209.8074,0.0749,0.3886,253644.3693,157881.2765,cpu_stress,inventory-service,2026-06-09 14:40:00,2026-06-09 14:55:00,during_fault,3.3241851,1
2026-06-09 14:50:10,910,EXP_FAULT_02,RUN_02,cpu_stress,1,cartservice,cart-f02-02,online-boutique,node-c,0.3526,42.7143,0,209.1031,0.003113,12.347,9.0605,23.8809,28.6707,45.0516,201.3911,208.4523,0.263,0.3878,178555.3709,140223.3427,cpu_stress,inventory-service,2026-06-09 14:40:00,2026-06-09 14:55:00,during_fault,4.8851137,1
2026-06-09 14:50:15,915,EXP_FAULT_02,RUN_02,cpu_stress,1,cartservice,cart-f02-02,online-boutique,node-c,0.3683,42.1645,0,210.7165,0.002221,11.3202,8.296,21.4703,29.8192,46.3843,203.3544,210.2485,0.0769,0.3911,227369.624,205204.152,cpu_stress,inventory-service,2026-06-09 14:40:00,2026-06-09 14:55:00,during_fault,0.89629936,1
2026-06-09 14:50:20,920,EXP_FAULT_02,RUN_02,cpu_stress,1,cartservice,cart-f02-02,online-boutique,node-c,0.3678,41.9551,0,212.8195,0.002984,11.3944,8.6833,19.5594,28.6206,41.8314,205.5278,212.1844,0.3115,0.3236,194534.6184,143078.9958,cpu_stress,inventory-service,2026-06-09 14:40:00,2026-06-09 14:55:00,during_fault,2.2166603,1
2026-06-09 14:50:25,925,EXP_FAULT_02,RUN_02,cpu_stress,1,cartservice,cart-f02-02,online-boutique,node-c,0.3402,43.8768,0,210.2522,0.001923,12.4503,8.9275,22.2692,28.7449,48.9341,203.4636,209.8479,0.095,0.3093,215957.5766,175461.8022,cpu_stress,inventory-service,2026-06-09 14:40:00,2026-06-09 14:55:00,during_fault,4.635249,1
2026-06-09 14:50:30,930,EXP_FAULT_02,RUN_02,cpu_stress,1,cartservice,cart-f02-02,online-boutique,node-c,0.361,43.2006,0,217.9254,0.002748,11.1599,8.2239,19.1183,26.4084,42.9059,211.0587,217.3266,0.2732,0.3256,225170.1637,202793.7323,cpu_stress,inventory-service,2026-06-09 14:40:00,2026-06-09 14:55:00,during_fault,2.1738987,1
2026-06-09 14:50:35,935,EXP_FAULT_02,RUN_02,cpu_stress,1,cartservice,cart-f02-02,online-boutique,node-c,0.3577,42.0838,0,220.4097,0.001662,11.2593,7.7606,21.3397,26.1784,40.7122,213.7987,220.0433,0.062,0.3044,190881.9347,146986.0318,cpu_stress,inventory-service,2026-06-09 14:40:00,2026-06-09 14:55:00,during_fault,1.2281243,1
2026-06-09 14:50:40,940,EXP_FAULT_02,RUN_02,cpu_stress,1,cartservice,cart-f02-02,online-boutique,node-c,0.3537,41.4462,0,209.6685,0.001873,11.5636,8.6108,21.8206,27.1695,38.8962,203.5417,209.2757,0.1065,0.2862,192761.9079,158308.9384,cpu_stress,inventory-service,2026-06-09 14:40:00,2026-06-09 14:55:00,during_fault,2.0610843,1
2026-06-09 14:50:45,945,EXP_FAULT_02,RUN_02,cpu_stress,1,cartservice,cart-f02-02,online-boutique,node-c,0.3636,41.6766,0,214.6269,0.002785,11.3086,7.7471,20.0501,24.8899,44.1201,208.3768,214.0293,0.294,0.3036,220233.4616,168726.3731,cpu_stress,inventory-service,2026-06-09 14:40:00,2026-06-09 14:55:00,during_fault,1.9958451,1
2026-06-09 14:50:50,950,EXP_FAULT_02,RUN_02,cpu_stress,1,cartservice,cart-f02-02,online-boutique,node-c,0.3593,41.4443,0,208.8324,0.002675,10.6893,7.8559,18.2749,23.3468,41.3038,202.8471,208.2737,0.2344,0.3243,236056.5082,178619.7809,cpu_stress,inventory-service,2026-06-09 14:40:00,2026-06-09 14:55:00,during_fault,1.4357916,1
2026-06-09 14:50:55,955,EXP_FAULT_02,RUN_02,cpu_stress,1,cartservice,cart-f02-02,online-boutique,node-c,0.3786,41.5462,0,217.6555,0.002688,11.1469,7.5385,20.8069,25.4968,38.399,211.5018,217.0705,0.3026,0.2825,184947.1156,223614.49,cpu_stress,inventory-service,2026-06-09 14:40:00,2026-06-09 14:55:00,during_fault,1.0282805,1
2026-06-09 14:51:00,960,EXP_FAULT_02,RUN_02,cpu_stress,1,cartservice,cart-f02-02,online-boutique,node-c,0.3645,42.9111,0,212.301,0.002899,10.5167,7.2591,18.5647,26.676,36.6417,206.2944,211.6855,0.2845,0.331,174300.7183,186959.9867,cpu_stress,inventory-service,2026-06-09 14:40:00,2026-06-09 14:55:00,during_fault,1.4714369,1
2026-06-09 14:51:05,965,EXP_FAULT_02,RUN_02,cpu_stress,1,cartservice,cart-f02-02,online-boutique,node-c,0.3491,42.7024,0,203.2624,0.002186,10.23,7.1838,17.818,25.7324,33.5415,197.5605,202.8182,0.1182,0.3261,171895.6059,133827.2336,cpu_stress,inventory-service,2026-06-09 14:40:00,2026-06-09 14:55:00,during_fault,0.651121,1
2026-06-09 14:51:10,970,EXP_FAULT_02,RUN_02,cpu_stress,1,cartservice,cart-f02-02,online-boutique,node-c,0.3497,43.1095,0,210.5544,0.003099,10.7885,8.0707,19.1288,24.8004,38.2412,204.4961,209.9018,0.3209,0.3317,254771.1729,150630.4588,cpu_stress,inventory-service,2026-06-09 14:40:00,2026-06-09 14:55:00,during_fault,2.7619927,1
2026-06-09 14:51:15,975,EXP_FAULT_02,RUN_02,cpu_stress,1,cartservice,cart-f02-02,online-boutique,node-c,0.3487,42.5084,0,202.2024,0.002857,10.0391,7.4151,19.3121,23.1785,36.1434,196.3546,201.6248,0.2878,0.2898,197301.5273,189976.003,cpu_stress,inventory-service,2026-06-09 14:40:00,2026-06-09 14:55:00,during_fault,1.2550089,1
2026-06-09 14:51:20,980,EXP_FAULT_02,RUN_02,cpu_stress,1,cartservice,cart-f02-02,online-boutique,node-c,0.3474,41.1406,0,196.5583,0.001663,11.3091,8.2941,19.2529,25.6118,41.2114,190.8266,196.2314,0.0587,0.2681,226585.491,129274.6377,cpu_stress,inventory-service,2026-06-09 14:40:00,2026-06-09 14:55:00,during_fault,1.8094403,1
2026-06-09 14:51:25,985,EXP_FAULT_02,RUN_02,cpu_stress,1,cartservice,cart-f02-02,online-boutique,node-c,0.393,42.8701,0,203.4175,0.002625,11.5489,9.0058,20.1708,28.8807,42.7415,197.2269,202.8835,0.246,0.288,240866.2754,141285.8334,cpu_stress,inventory-service,2026-06-09 14:40:00,2026-06-09 14:55:00,during_fault,0.7087189,1
2026-06-09 14:51:30,990,EXP_FAULT_02,RUN_02,cpu_stress,1,cartservice,cart-f02-02,online-boutique,node-c,0.3498,42.8891,0,200.6025,0.002874,10.1833,7.6522,19.5474,23.079,36.5407,194.262,200.0259,0.2845,0.2921,168198.6151,204808.1837,cpu_stress,inventory-service,2026-06-09 14:40:00,2026-06-09 14:55:00,during_fault,1.2899462,1
2026-06-09 14:51:35,995,EXP_FAULT_02,RUN_02,cpu_stress,1,cartservice,cart-f02-02,online-boutique,node-c,0.3627,41.9961,0,202.4713,0.003159,10.1498,7.6817,18.5065,25.1082,40.2811,195.8075,201.8317,0.2849,0.3547,187307.2937,149450.4816,cpu_stress,inventory-service,2026-06-09 14:40:00,2026-06-09 14:55:00,during_fault,1.629351,1
2026-06-09 14:51:40,1000,EXP_FAULT_02,RUN_02,cpu_stress,1,cartservice,cart-f02-02,online-boutique,node-c,0.3389,42.4564,0,199.0832,0.00251,11.0728,7.7594,19.1019,27.6502,41.9692,192.3577,198.5835,0.1715,0.3281,205601.4578,161999.8484,cpu_stress,inventory-service,2026-06-09 14:40:00,2026-06-09 14:55:00,during_fault,2.3318868,1
2026-06-09 14:51:45,1005,EXP_FAULT_02,RUN_02,cpu_stress,1,cartservice,cart-f02-02,online-boutique,node-c,0.3446,42.3252,0,195.7848,0.002529,11.6824,8.9266,20.8597,30.2753,40.0873,188.9303,195.2896,0.1815,0.3137,209553.1142,130465.6664,cpu_stress,inventory-service,2026-06-09 14:40:00,2026-06-09 14:55:00,during_fault,2.7949176,1
2026-06-09 14:51:50,1010,EXP_FAULT_02,RUN_02,cpu_stress,1,cartservice,cart-f02-02,online-boutique,node-c,0.3599,42.3237,0,197.2467,0.002147,11.7911,9.0541,23.0709,29.7345,45.7075,190.0832,196.8233,0.0662,0.3572,169551.5978,147077.7448,cpu_stress,inventory-service,2026-06-09 14:40:00,2026-06-09 14:55:00,during_fault,1.6238563,1
2026-06-09 14:51:55,1015,EXP_FAULT_02,RUN_02,cpu_stress,1,cartservice,cart-f02-02,online-boutique,node-c,0.3584,42.7247,0,195.4571,0.002798,11.9557,8.94,20.9443,28.938,46.0382,187.957,194.9102,0.1641,0.3828,169346.0925,180507.2425,cpu_stress,inventory-service,2026-06-09 14:40:00,2026-06-09 14:55:00,during_fault,2.5193813,1
2026-06-09 14:52:00,1020,EXP_FAULT_02,RUN_02,cpu_stress,1,cartservice,cart-f02-02,online-boutique,node-c,0.3554,41.6232,0,191.0093,0.002673,10.5844,7.0854,18.8772,27.0373,40.371,183.4063,190.4986,0.1416,0.3691,215464.0256,140214.1253,cpu_stress,inventory-service,2026-06-09 14:40:00,2026-06-09 14:55:00,during_fault,1.1655116,1
2026-06-09 14:52:05,1025,EXP_FAULT_02,RUN_02,cpu_stress,1,cartservice,cart-f02-02,online-boutique,node-c,0.3342,42.0176,0,190.8495,0.003036,11.925,8.5317,22.6047,32.5578,46.6882,182.9304,190.27,0.1592,0.4203,221216.7809,185533.6252,cpu_stress,inventory-service,2026-06-09 14:40:00,2026-06-09 14:55:00,during_fault,5.0332804,1
2026-06-09 14:52:10,1030,EXP_FAULT_02,RUN_02,cpu_stress,1,cartservice,cart-f02-02,online-boutique,node-c,0.3389,42.7305,0,185.8481,0.002959,11.4272,7.8001,20.7814,30.1032,45.268,177.8831,185.2981,0.1688,0.3812,201223.8209,134618.4943,cpu_stress,inventory-service,2026-06-09 14:40:00,2026-06-09 14:55:00,during_fault,3.1697285,1
2026-06-09 14:52:15,1035,EXP_FAULT_02,RUN_02,cpu_stress,1,cartservice,cart-f02-02,online-boutique,node-c,0.3706,42.3031,0,188.1166,0.00348,11.9564,8.3443,21.9741,29.6418,52.706,179.6712,187.462,0.2567,0.3979,234544.7058,183998.8933,cpu_stress,inventory-service,2026-06-09 14:40:00,2026-06-09 14:55:00,during_fault,3.3614547,1
2026-06-09 14:52:20,1040,EXP_FAULT_02,RUN_02,cpu_stress,1,cartservice,cart-f02-02,online-boutique,node-c,0.3544,41.9138,0,189.1368,0.002972,12.3139,8.4144,24.9062,32.5595,48.7113,180.3897,188.5747,0.1152,0.4469,223973.4378,194648.3539,cpu_stress,inventory-service,2026-06-09 14:40:00,2026-06-09 14:55:00,during_fault,3.5737755,1
2026-06-09 14:52:25,1045,EXP_FAULT_02,RUN_02,cpu_stress,1,cartservice,cart-f02-02,online-boutique,node-c,0.3465,42.1067,0,186.3637,0.002911,11.7024,7.9398,22.3874,28.8372,46.537,177.5076,185.8212,0.1135,0.429,165905.3062,173123.2629,cpu_stress,inventory-service,2026-06-09 14:40:00,2026-06-09 14:55:00,during_fault,3.0390391,1
2026-06-09 14:52:30,1050,EXP_FAULT_02,RUN_02,cpu_stress,1,cartservice,cart-f02-02,online-boutique,node-c,0.3404,42.5676,0,179.68,0.003124,11.3858,7.957,23.2486,28.2019,45.3221,170.8607,179.1186,0.1273,0.434,220157.1024,146267.5103,cpu_stress,inventory-service,2026-06-09 14:40:00,2026-06-09 14:55:00,during_fault,3.1768165,1
2026-06-09 14:52:35,1055,EXP_FAULT_02,RUN_02,cpu_stress,1,cartservice,cart-f02-02,online-boutique,node-c,0.3641,43.0523,0,183.9775,0.00272,11.2814,7.8286,20.0084,29.7744,44.3092,174.7551,183.4772,0.0511,0.4492,191101.4881,178447.6526,cpu_stress,inventory-service,2026-06-09 14:40:00,2026-06-09 14:55:00,during_fault,1.1042254,1
2026-06-09 14:52:40,1060,EXP_FAULT_02,RUN_02,cpu_stress,1,cartservice,cart-f02-02,online-boutique,node-c,0.3644,42.415,0,187.3462,0.003033,11.3703,7.7502,20.3667,32.6315,46.0051,177.6999,186.7779,0.1219,0.4464,168722.0859,154934.8268,cpu_stress,inventory-service,2026-06-09 14:40:00,2026-06-09 14:55:00,during_fault,1.8540442,1
2026-06-09 14:52:45,1065,EXP_FAULT_02,RUN_02,cpu_stress,1,cartservice,cart-f02-02,online-boutique,node-c,0.358,42.9541,0,186.618,0.003367,12.4519,9.1939,24.9813,34.6296,48.1359,176.7875,185.9896,0.1299,0.4984,215101.639,149307.453,cpu_stress,inventory-service,2026-06-09 14:40:00,2026-06-09 14:55:00,during_fault,4.371956,1
2026-06-09 14:52:50,1070,EXP_FAULT_02,RUN_02,cpu_stress,1,cartservice,cart-f02-02,online-boutique,node-c,0.3551,42.7542,0,188.0368,0.003802,12.5018,8.8304,25.0072,31.065,58.1153,177.9043,187.3218,0.2604,0.4546,221489.1439,133432.4805,cpu_stress,inventory-service,2026-06-09 14:40:00,2026-06-09 14:55:00,during_fault,6.307081,1
2026-06-09 14:52:55,1075,EXP_FAULT_02,RUN_02,cpu_stress,1,cartservice,cart-f02-02,online-boutique,node-c,0.3588,42.5911,0,178.8265,0.003578,11.9924,8.2974,22.3942,30.222,48.1789,169.1149,178.1867,0.1605,0.4793,186921.5881,144980.4053,cpu_stress,inventory-service,2026-06-09 14:40:00,2026-06-09 14:55:00,during_fault,4.123947,1
2026-06-09 14:53:00,1080,EXP_FAULT_02,RUN_02,cpu_stress,1,cartservice,cart-f02-02,online-boutique,node-c,0.3279,41.3938,0,183.5547,0.004171,12.5577,9.1762,23.7734,35.2227,55.0224,173.3535,182.7891,0.2827,0.4828,195010.98,140217.2632,cpu_stress,inventory-service,2026-06-09 14:40:00,2026-06-09 14:55:00,during_fault,11.260271,1
2026-06-09 14:53:05,1085,EXP_FAULT_02,RUN_02,cpu_stress,1,cartservice,cart-f02-02,online-boutique,node-c,0.3686,42.6165,0,183.2729,0.003764,11.7056,8.1587,21.6579,30.1004,52.5506,173.1059,182.583,0.2021,0.4877,232217.8067,153308.7386,cpu_stress,inventory-service,2026-06-09 14:40:00,2026-06-09 14:55:00,during_fault,4.003146,1
2026-06-09 14:53:10,1090,EXP_FAULT_02,RUN_02,cpu_stress,1,cartservice,cart-f02-02,online-boutique,node-c,0.3726,42.1979,0,187.6976,0.003101,11.827,7.8035,22.7466,32.5619,48.4343,177.3322,187.1156,0.0905,0.4915,190511.5551,138531.7945,cpu_stress,inventory-service,2026-06-09 14:40:00,2026-06-09 14:55:00,during_fault,1.9824883,1
2026-06-09 14:53:15,1095,EXP_FAULT_02,RUN_02,cpu_stress,1,cartservice,cart-f02-02,online-boutique,node-c,0.3463,42.2369,0,182.9601,0.003441,11.9563,8.2649,24.2861,31.0558,49.2973,172.7858,182.3305,0.114,0.5156,198699.1153,153574.2461,cpu_stress,inventory-service,2026-06-09 14:40:00,2026-06-09 14:55:00,during_fault,4.739096,1
2026-06-09 14:53:20,1100,EXP_FAULT_02,RUN_02,cpu_stress,1,cartservice,cart-f02-02,online-boutique,node-c,0.3536,43.3001,0,186.3643,0.003336,12.1703,8.323,25.2725,32.4588,48.1199,176.0633,185.7426,0.1309,0.4908,157551.8605,180496.8999,cpu_stress,inventory-service,2026-06-09 14:40:00,2026-06-09 14:55:00,during_fault,4.3233705,1
2026-06-09 14:53:25,1105,EXP_FAULT_02,RUN_02,cpu_stress,1,cartservice,cart-f02-02,online-boutique,node-c,0.349,42.8177,0,183.2033,0.003723,12.0137,8.3827,24.1591,30.4501,47.2823,173.0761,182.5212,0.168,0.5141,168529.9027,123675.5473,cpu_stress,inventory-service,2026-06-09 14:40:00,2026-06-09 14:55:00,during_fault,5.4411063,1
2026-06-09 14:53:30,1110,EXP_FAULT_02,RUN_02,cpu_stress,1,cartservice,cart-f02-02,online-boutique,node-c,0.3597,42.0588,0,190.5316,0.003435,11.8551,8.4216,22.0476,32.8583,52.5974,180.1844,189.877,0.1275,0.527,223285.6048,181540.3488,cpu_stress,inventory-service,2026-06-09 14:40:00,2026-06-09 14:55:00,during_fault,3.9030082,1
2026-06-09 14:53:35,1115,EXP_FAULT_02,RUN_02,cpu_stress,1,cartservice,cart-f02-02,online-boutique,node-c,0.3171,42.1838,0,189.3751,0.003668,11.7305,8.6256,21.6645,29.2846,54.3528,179.1587,188.6804,0.172,0.5227,220846.8878,188311.5191,cpu_stress,inventory-service,2026-06-09 14:40:00,2026-06-09 14:55:00,during_fault,8.291174,1
2026-06-09 14:53:40,1120,EXP_FAULT_02,RUN_02,cpu_stress,1,cartservice,cart-f02-02,online-boutique,node-c,0.3586,42.3805,0,189.2426,0.003885,12.3914,8.1487,24.1334,34.3584,52.2805,179.188,188.5073,0.2719,0.4634,215242.2128,132112.3501,cpu_stress,inventory-service,2026-06-09 14:40:00,2026-06-09 14:55:00,during_fault,6.263188,1
2026-06-09 14:53:45,1125,EXP_FAULT_02,RUN_02,cpu_stress,1,cartservice,cart-f02-02,online-boutique,node-c,0.3443,42.4041,0,193.2355,0.004029,12.5754,9.2453,23.9822,31.743,53.4168,183.1939,192.457,0.2841,0.4945,176972.9382,155250.9332,cpu_stress,inventory-service,2026-06-09 14:40:00,2026-06-09 14:55:00,during_fault,8.877974,1
2026-06-09 14:53:50,1130,EXP_FAULT_02,RUN_02,cpu_stress,1,cartservice,cart-f02-02,online-boutique,node-c,0.3608,43.0661,0,189.5329,0.003395,11.8987,8.0168,23.6277,31.1773,49.2656,179.9611,188.8895,0.2104,0.4329,181010.1297,158858.1024,cpu_stress,inventory-service,2026-06-09 14:40:00,2026-06-09 14:55:00,during_fault,3.6330295,1
2026-06-09 14:53:55,1135,EXP_FAULT_02,RUN_02,cpu_stress,1,cartservice,cart-f02-02,online-boutique,node-c,0.374,41.717,0,183.021,0.003841,12.1593,8.1338,24.8638,31.0116,47.1195,173.9798,182.3181,0.2879,0.415,171516.0062,169368.0943,cpu_stress,inventory-service,2026-06-09 14:40:00,2026-06-09 14:55:00,during_fault,4.534608,1
2026-06-09 14:54:00,1140,EXP_FAULT_02,RUN_02,cpu_stress,1,cartservice,cart-f02-02,online-boutique,node-c,0.3703,42.536,0,193.4073,0.002713,12.4966,8.8304,21.9521,30.4817,49.0079,184.2124,192.8826,0.0954,0.4293,237064.6461,160537.0341,cpu_stress,inventory-service,2026-06-09 14:40:00,2026-06-09 14:55:00,during_fault,2.3289692,1
2026-06-09 14:54:05,1145,EXP_FAULT_02,RUN_02,cpu_stress,1,cartservice,cart-f02-02,online-boutique,node-c,0.3559,42.3438,0,188.9923,0.003306,12.5483,9.5004,23.2691,33.5533,49.5165,180.2132,188.3676,0.2061,0.4186,192714.1544,171831.64,cpu_stress,inventory-service,2026-06-09 14:40:00,2026-06-09 14:55:00,during_fault,4.634719,1
2026-06-09 14:54:10,1150,EXP_FAULT_02,RUN_02,cpu_stress,1,cartservice,cart-f02-02,online-boutique,node-c,0.3375,42.7316,0,184.7214,0.003731,10.9277,7.721,21.0703,28.7282,40.3991,176.3926,184.0323,0.2899,0.3993,185308.846,149270.1369,cpu_stress,inventory-service,2026-06-09 14:40:00,2026-06-09 14:55:00,during_fault,4.3693423,1
2026-06-09 14:54:15,1155,EXP_FAULT_02,RUN_02,cpu_stress,1,cartservice,cart-f02-02,online-boutique,node-c,0.36,42.1802,0,187.6844,0.003159,11.5929,7.7237,21.0751,31.5401,43.5712,179.5698,187.0916,0.2104,0.3824,195480.0286,185701.9243,cpu_stress,inventory-service,2026-06-09 14:40:00,2026-06-09 14:55:00,during_fault,2.6598454,1
2026-06-09 14:54:20,1160,EXP_FAULT_02,RUN_02,cpu_stress,1,cartservice,cart-f02-02,online-boutique,node-c,0.3426,42.2937,0,184.9052,0.003337,11.9873,8.7952,23.5322,29.8219,47.565,177.1986,184.2882,0.249,0.368,164155.0021,170741.2966,cpu_stress,inventory-service,2026-06-09 14:40:00,2026-06-09 14:55:00,during_fault,4.8495064,1
2026-06-09 14:54:25,1165,EXP_FAULT_02,RUN_02,cpu_stress,1,cartservice,cart-f02-02,online-boutique,node-c,0.3498,42.71,0,186.4518,0.002323,10.6765,7.3372,21.1045,25.5919,40.7375,179.0943,186.0187,0.0947,0.3384,158013.5329,176774.71,cpu_stress,inventory-service,2026-06-09 14:40:00,2026-06-09 14:55:00,during_fault,0.7456085,1
2026-06-09 14:54:30,1170,EXP_FAULT_02,RUN_02,cpu_stress,1,cartservice,cart-f02-02,online-boutique,node-c,0.3642,43.4828,0,183.1516,0.003228,10.0136,7.2099,18.8692,24.3938,36.5761,176.1291,182.5605,0.2299,0.3612,181652.8229,141201.3082,cpu_stress,inventory-service,2026-06-09 14:40:00,2026-06-09 14:55:00,during_fault,1.1854432,1
2026-06-09 14:54:35,1175,EXP_FAULT_02,RUN_02,cpu_stress,1,cartservice,cart-f02-02,online-boutique,node-c,0.361,42.8925,0,188.1397,0.002389,11.7366,8.0707,20.786,29.9373,40.8757,181.2695,187.6902,0.0765,0.373,226451.2767,137204.4229,cpu_stress,inventory-service,2026-06-09 14:40:00,2026-06-09 14:55:00,during_fault,1.3699291,1
2026-06-09 14:54:40,1180,EXP_FAULT_02,RUN_02,cpu_stress,1,cartservice,cart-f02-02,online-boutique,node-c,0.3558,42.6846,0,180.1711,0.002773,10.8629,7.3098,20.4595,25.7366,39.2481,173.8334,179.6714,0.1729,0.3267,171139.6991,180651.7483,cpu_stress,inventory-service,2026-06-09 14:40:00,2026-06-09 14:55:00,during_fault,1.0400273,1
2026-06-09 14:54:45,1185,EXP_FAULT_02,RUN_02,cpu_stress,1,cartservice,cart-f02-02,online-boutique,node-c,0.341,43.1216,0,185.6599,0.002583,10.5734,7.4191,20.5736,25.7377,40.2816,179.4205,185.1803,0.1662,0.3135,164206.5665,149678.4463,cpu_stress,inventory-service,2026-06-09 14:40:00,2026-06-09 14:55:00,during_fault,1.3796527,1
2026-06-09 14:54:50,1190,EXP_FAULT_02,RUN_02,cpu_stress,1,cartservice,cart-f02-02,online-boutique,node-c,0.3245,42.5384,0,178.6032,0.002752,11.7246,8.5042,22.6578,26.474,44.3163,172.8056,178.1117,0.2277,0.2638,204570.5884,153640.0492,cpu_stress,inventory-service,2026-06-09 14:40:00,2026-06-09 14:55:00,during_fault,4.487724,1
2026-06-09 14:54:55,1195,EXP_FAULT_02,RUN_02,cpu_stress,1,cartservice,cart-f02-02,online-boutique,node-c,0.334,42.3694,0,181.1908,0.001785,11.5018,7.7458,19.2068,27.2178,44.2834,175.5773,180.8673,0.0478,0.2757,163829.8748,140103.5654,cpu_stress,inventory-service,2026-06-09 14:40:00,2026-06-09 14:55:00,during_fault,2.3728848,1
2026-06-09 14:55:00,1200,EXP_FAULT_02,RUN_02,cpu_stress,1,cartservice,cart-f02-02,online-boutique,node-c,0.3574,42.0695,0,173.0736,0.002246,10.57,8.034,20.0814,23.5321,41.4971,167.7366,172.6849,0.1284,0.2603,215454.9222,154515.7189,cpu_stress,inventory-service,2026-06-09 14:40:00,2026-06-09 14:55:00,post_fault,0.35827407,0
2026-06-09 14:55:05,1205,EXP_FAULT_02,RUN_02,cpu_stress,1,cartservice,cart-f02-02,online-boutique,node-c,0.3524,42.0819,0,184.2127,0.002612,10.8966,8.1066,19.8413,26.6833,40.6721,178.5814,183.7316,0.1859,0.2952,183426.1679,129943.4748,cpu_stress,inventory-service,2026-06-09 14:40:00,2026-06-09 14:55:00,post_fault,1.1888012,1
2026-06-09 14:55:10,1210,EXP_FAULT_02,RUN_02,cpu_stress,1,cartservice,cart-f02-02,online-boutique,node-c,0.3437,43.228,0,178.2183,0.001849,10.8458,7.4794,20.5555,25.2442,39.8061,172.9254,177.8888,0.0734,0.2562,193472.3153,147635.2844,cpu_stress,inventory-service,2026-06-09 14:40:00,2026-06-09 14:55:00,post_fault,0.8222114,1
2026-06-09 14:55:15,1215,EXP_FAULT_02,RUN_02,cpu_stress,1,cartservice,cart-f02-02,online-boutique,node-c,0.3465,43.1299,0,183.268,0.002917,10.7098,8.3621,19.9434,24.3531,37.9525,177.82,182.7335,0.2647,0.2698,186329.2252,120077.0919,cpu_stress,inventory-service,2026-06-09 14:40:00,2026-06-09 14:55:00,post_fault,1.5973098,1
2026-06-09 14:55:20,1220,EXP_FAULT_02,RUN_02,cpu_stress,1,cartservice,cart-f02-02,online-boutique,node-c,0.3489,42.127,0,180.0899,0.002837,10.7284,7.2093,20.0171,25.441,39.5714,174.746,179.5791,0.2187,0.2922,164978.5129,130125.8269,cpu_stress,inventory-service,2026-06-09 14:40:00,2026-06-09 14:55:00,post_fault,1.4591548,1
2026-06-09 14:55:25,1225,EXP_FAULT_02,RUN_02,cpu_stress,1,cartservice,cart-f02-02,online-boutique,node-c,0.3541,43.034,0,179.1593,0.001729,10.2498,6.8832,17.4826,22.553,35.4208,174.0729,178.8495,0.0508,0.259,218370.7849,154937.0205,cpu_stress,inventory-service,2026-06-09 14:40:00,2026-06-09 14:55:00,post_fault,0.1411421,0
2026-06-09 14:55:30,1230,EXP_FAULT_02,RUN_02,cpu_stress,1,cartservice,cart-f02-02,online-boutique,node-c,0.3542,42.0611,0,177.4916,0.002013,11.2133,7.9606,19.4557,27.7901,41.5558,172.4664,177.1343,0.1194,0.2379,164638.5534,143820.1906,cpu_stress,inventory-service,2026-06-09 14:40:00,2026-06-09 14:55:00,post_fault,0.83706856,1
2026-06-09 14:55:35,1235,EXP_FAULT_02,RUN_02,cpu_stress,1,cartservice,cart-f02-02,online-boutique,node-c,0.3416,42.0714,0,182.7458,0.002595,11.0369,8.0059,19.2133,24.4596,40.5477,177.6424,182.2715,0.2077,0.2665,181484.4449,159824.5125,cpu_stress,inventory-service,2026-06-09 14:40:00,2026-06-09 14:55:00,post_fault,1.8797824,1
2026-06-09 14:55:40,1240,EXP_FAULT_02,RUN_02,cpu_stress,1,cartservice,cart-f02-02,online-boutique,node-c,0.3644,42.7363,0,177.5526,0.002535,10.6709,7.7235,19.9644,26.4987,36.3765,172.6504,177.1026,0.1836,0.2664,159732.0134,175486.4471,cpu_stress,inventory-service,2026-06-09 14:40:00,2026-06-09 14:55:00,post_fault,0.36089683,0
2026-06-09 14:55:45,1245,EXP_FAULT_02,RUN_02,cpu_stress,1,cartservice,cart-f02-02,online-boutique,node-c,0.3497,42.0872,0,185.8528,0.002278,10.2651,6.9432,16.9031,22.7136,33.5343,180.7498,185.4294,0.1406,0.2827,226633.9347,161591.123,cpu_stress,inventory-service,2026-06-09 14:40:00,2026-06-09 14:55:00,post_fault,0.50759214,0
2026-06-09 14:55:50,1250,EXP_FAULT_02,RUN_02,cpu_stress,1,cartservice,cart-f02-02,online-boutique,node-c,0.3483,42.3564,0,180.9415,0.00199,11.0916,8.309,19.6303,25.702,41.2039,176.1166,180.5814,0.1203,0.2398,222654.8138,137561.2382,cpu_stress,inventory-service,2026-06-09 14:40:00,2026-06-09 14:55:00,post_fault,0.99449843,1
2026-06-09 14:55:55,1255,EXP_FAULT_02,RUN_02,cpu_stress,1,cartservice,cart-f02-02,online-boutique,node-c,0.3621,42.6571,0,177.4188,0.002802,11.3897,8.1373,21.719,27.6394,42.7166,172.6795,176.9217,0.2707,0.2264,165190.3939,165266.2409,cpu_stress,inventory-service,2026-06-09 14:40:00,2026-06-09 14:55:00,post_fault,1.2372956,1
2026-06-09 14:56:00,1260,EXP_FAULT_02,RUN_02,cpu_stress,1,cartservice,cart-f02-02,online-boutique,node-c,0.3629,43.4297,0,183.9829,0.002735,9.7117,7.2179,18.392,23.7705,31.311,179.0814,183.4798,0.2847,0.2185,206942.3287,165421.5778,cpu_stress,inventory-service,2026-06-09 14:40:00,2026-06-09 14:55:00,post_fault,0.4144295,0
2026-06-09 14:56:05,1265,EXP_FAULT_02,RUN_02,cpu_stress,1,cartservice,cart-f02-02,online-boutique,node-c,0.36,41.9837,0,183.4037,0.002925,10.512,8.0349,18.205,24.6363,36.8167,178.5739,182.8671,0.2696,0.2669,169430.7911,153147.2633,cpu_stress,inventory-service,2026-06-09 14:40:00,2026-06-09 14:55:00,post_fault,1.1337243,1
2026-06-09 14:56:10,1270,EXP_FAULT_02,RUN_02,cpu_stress,1,cartservice,cart-f02-02,online-boutique,node-c,0.3559,41.8621,0,187.106,0.002606,10.7881,7.7581,18.198,25.6881,35.5078,182.2697,186.6184,0.2715,0.2162,185925.0405,135831.9333,cpu_stress,inventory-service,2026-06-09 14:40:00,2026-06-09 14:55:00,post_fault,1.0471314,1
2026-06-09 14:56:15,1275,EXP_FAULT_02,RUN_02,cpu_stress,1,cartservice,cart-f02-02,online-boutique,node-c,0.3337,43.204,0,182.7602,0.0019,10.652,8.0481,19.7782,23.3751,39.8194,178.1905,182.4128,0.0923,0.255,194609.8885,155550.7857,cpu_stress,inventory-service,2026-06-09 14:40:00,2026-06-09 14:55:00,post_fault,1.3243589,1
2026-06-09 14:56:20,1280,EXP_FAULT_02,RUN_02,cpu_stress,1,cartservice,cart-f02-02,online-boutique,node-c,0.3403,41.7311,0,184.7154,0.002131,10.8328,7.9277,18.3939,26.801,36.5742,180.1436,184.3217,0.1571,0.2366,226828.1477,133133.2794,cpu_stress,inventory-service,2026-06-09 14:40:00,2026-06-09 14:55:00,post_fault,1.4618728,1
2026-06-09 14:56:25,1285,EXP_FAULT_02,RUN_02,cpu_stress,1,cartservice,cart-f02-02,online-boutique,node-c,0.3213,42.8635,0,192.415,0.001683,11.0025,7.8634,18.461,24.5736,34.8025,187.7633,192.0911,0.0583,0.2656,201784.6226,177056.7216,cpu_stress,inventory-service,2026-06-09 14:40:00,2026-06-09 14:55:00,post_fault,2.7587082,1
2026-06-09 14:56:30,1290,EXP_FAULT_02,RUN_02,cpu_stress,1,cartservice,cart-f02-02,online-boutique,node-c,0.3674,41.0813,0,192.8716,0.001723,10.5303,7.5567,18.9793,24.9057,38.5634,188.267,192.5394,0.0902,0.242,188406.9208,137643.5321,cpu_stress,inventory-service,2026-06-09 14:40:00,2026-06-09 14:55:00,post_fault,0.17816263,0
2026-06-09 14:56:35,1295,EXP_FAULT_02,RUN_02,cpu_stress,1,cartservice,cart-f02-02,online-boutique,node-c,0.3656,42.4883,0,194.023,0.001603,10.8632,7.9828,17.7957,25.2507,40.2969,189.4501,193.712,0.0719,0.2391,224602.8779,188141.1456,cpu_stress,inventory-service,2026-06-09 14:40:00,2026-06-09 14:55:00,post_fault,0.21871214,0
2026-06-09 14:56:40,1300,EXP_FAULT_02,RUN_02,cpu_stress,1,cartservice,cart-f02-02,online-boutique,node-c,0.3408,43.1647,0,199.1197,0.002744,11.2734,7.6798,20.348,26.7009,39.4419,194.3462,198.5733,0.3023,0.2441,234052.7743,201232.9804,cpu_stress,inventory-service,2026-06-09 14:40:00,2026-06-09 14:55:00,post_fault,2.8415947,1
2026-06-09 14:56:45,1305,EXP_FAULT_02,RUN_02,cpu_stress,1,cartservice,cart-f02-02,online-boutique,node-c,0.3364,43.0403,0,197.7017,0.001919,10.9003,8.451,20.4527,26.364,38.3409,193.1436,197.3223,0.157,0.2224,182300.0975,129989.9151,cpu_stress,inventory-service,2026-06-09 14:40:00,2026-06-09 14:55:00,post_fault,1.7198855,1
2026-06-09 14:56:50,1310,EXP_FAULT_02,RUN_02,cpu_stress,1,cartservice,cart-f02-02,online-boutique,node-c,0.3617,42.7976,0,197.8443,0.001903,9.5244,6.4442,15.5678,23.2411,32.3567,193.3464,197.4678,0.1244,0.2521,179484.2869,173921.1115,cpu_stress,inventory-service,2026-06-09 14:40:00,2026-06-09 14:55:00,post_fault,0.0040523834,0
2026-06-09 14:56:55,1315,EXP_FAULT_02,RUN_02,cpu_stress,1,cartservice,cart-f02-02,online-boutique,node-c,0.3582,42.7885,0,199.1988,0.002653,11.0362,8.6567,19.84,26.1263,34.341,194.6956,198.6704,0.2744,0.254,238107.6497,144789.7702,cpu_stress,inventory-service,2026-06-09 14:40:00,2026-06-09 14:55:00,post_fault,1.3249241,1
2026-06-09 14:57:00,1320,EXP_FAULT_02,RUN_02,cpu_stress,1,cartservice,cart-f02-02,online-boutique,node-c,0.3486,43.0548,0,202.1365,0.002132,10.4954,8.1414,17.7888,25.4516,34.743,197.6635,201.7056,0.2018,0.2291,233287.3354,171576.2042,cpu_stress,inventory-service,2026-06-09 14:40:00,2026-06-09 14:55:00,post_fault,0.84380114,1
2026-06-09 14:57:05,1325,EXP_FAULT_02,RUN_02,cpu_stress,1,cartservice,cart-f02-02,online-boutique,node-c,0.3602,44.2328,0,202.4682,0.001672,11.0921,8.069,18.4987,25.7661,34.1843,198.0817,202.1297,0.0893,0.2491,228357.0008,162687.7365,cpu_stress,inventory-service,2026-06-09 14:40:00,2026-06-09 14:55:00,post_fault,1.206541,1
2026-06-09 14:57:10,1330,EXP_FAULT_02,RUN_02,cpu_stress,1,cartservice,cart-f02-02,online-boutique,node-c,0.3568,42.9969,0,201.0022,0.002012,10.8606,8.1513,19.7769,23.1044,35.5363,196.6744,200.5978,0.1762,0.2283,237218.9835,168436.574,cpu_stress,inventory-service,2026-06-09 14:40:00,2026-06-09 14:55:00,post_fault,0.674724,1
2026-06-09 14:57:15,1335,EXP_FAULT_02,RUN_02,cpu_stress,1,cartservice,cart-f02-02,online-boutique,node-c,0.3486,43.0439,0,197.4097,0.002161,9.7877,7.093,17.1186,22.9786,32.2824,193.1632,196.983,0.1824,0.2443,214452.8432,187564.9006,cpu_stress,inventory-service,2026-06-09 14:40:00,2026-06-09 14:55:00,post_fault,0.37226927,0
2026-06-09 14:57:20,1340,EXP_FAULT_02,RUN_02,cpu_stress,1,cartservice,cart-f02-02,online-boutique,node-c,0.3658,42.758,0,204.9743,0.001827,10.0463,7.4557,18.426,21.5422,30.3722,200.6941,204.5997,0.1375,0.237,221642.3359,173836.5503,cpu_stress,inventory-service,2026-06-09 14:40:00,2026-06-09 14:55:00,post_fault,0.037377313,0
2026-06-09 14:57:25,1345,EXP_FAULT_02,RUN_02,cpu_stress,1,cartservice,cart-f02-02,online-boutique,node-c,0.3549,42.792,0,203.0604,0.002256,11.7054,8.773,21.594,27.6679,42.7597,198.8313,202.6024,0.2133,0.2448,235426.1135,206628.4376,cpu_stress,inventory-service,2026-06-09 14:40:00,2026-06-09 14:55:00,post_fault,1.9585842,1
2026-06-09 14:57:30,1350,EXP_FAULT_02,RUN_02,cpu_stress,1,cartservice,cart-f02-02,online-boutique,node-c,0.3754,42.2743,0,199.0378,0.002082,10.7026,7.2612,17.4823,25.5058,36.6184,194.9181,198.6235,0.2185,0.1958,167926.4197,145663.7431,cpu_stress,inventory-service,2026-06-09 14:40:00,2026-06-09 14:55:00,post_fault,0.07737838,0
2026-06-09 14:57:35,1355,EXP_FAULT_02,RUN_02,cpu_stress,1,cartservice,cart-f02-02,online-boutique,node-c,0.3576,42.8001,0,202.5238,0.001972,10.0897,7.3175,16.5099,24.3862,31.0462,198.436,202.1243,0.1852,0.2143,233510.697,164121.311,cpu_stress,inventory-service,2026-06-09 14:40:00,2026-06-09 14:55:00,post_fault,0.2007503,0
2026-06-09 14:57:40,1360,EXP_FAULT_02,RUN_02,cpu_stress,1,cartservice,cart-f02-02,online-boutique,node-c,0.3455,43.1351,0,199.0321,0.00141,10.3531,7.7909,17.7205,24.3775,35.1891,195.112,198.7515,0.057,0.2236,236934.0724,162542.3878,cpu_stress,inventory-service,2026-06-09 14:40:00,2026-06-09 14:55:00,post_fault,0.49482304,0
2026-06-09 14:57:45,1365,EXP_FAULT_02,RUN_02,cpu_stress,1,cartservice,cart-f02-02,online-boutique,node-c,0.3345,42.3686,0,192.2052,0.002054,10.5971,8.0136,19.2909,23.3119,32.1157,188.4103,191.8104,0.2095,0.1853,199851.7018,129177.9448,cpu_stress,inventory-service,2026-06-09 14:40:00,2026-06-09 14:55:00,post_fault,1.5026244,1
2026-06-09 14:57:50,1370,EXP_FAULT_02,RUN_02,cpu_stress,1,cartservice,cart-f02-02,online-boutique,node-c,0.3579,43.1129,0,197.0055,0.00186,10.8469,8.2134,19.9439,22.333,38.199,193.2162,196.6391,0.1658,0.2006,230194.5132,201566.7257,cpu_stress,inventory-service,2026-06-09 14:40:00,2026-06-09 14:55:00,post_fault,0.5283524,0
2026-06-09 14:57:55,1375,EXP_FAULT_02,RUN_02,cpu_stress,1,cartservice,cart-f02-02,online-boutique,node-c,0.3786,43.2515,0,198.4022,0.00198,11.0248,7.8282,19.2578,23.0212,36.6576,194.5482,198.0093,0.1629,0.23,192064.3243,171207.3499,cpu_stress,inventory-service,2026-06-09 14:40:00,2026-06-09 14:55:00,post_fault,0.24543628,0
2026-06-09 14:58:00,1380,EXP_FAULT_02,RUN_02,cpu_stress,1,cartservice,cart-f02-02,online-boutique,node-c,0.3337,42.9351,0,197.999,0.002185,10.8618,7.4471,19.4531,23.9871,32.2965,194.2355,197.5664,0.2106,0.222,218773.065,131477.1487,cpu_stress,inventory-service,2026-06-09 14:40:00,2026-06-09 14:55:00,post_fault,2.0814528,1
2026-06-09 14:58:05,1385,EXP_FAULT_02,RUN_02,cpu_stress,1,cartservice,cart-f02-02,online-boutique,node-c,0.3631,42.6412,0,201.3654,0.001944,9.8857,7.5561,17.1845,20.8305,29.2397,197.5596,200.974,0.2091,0.1823,168159.4223,201166.84,cpu_stress,inventory-service,2026-06-09 14:40:00,2026-06-09 14:55:00,post_fault,0.051810943,0
2026-06-09 14:58:10,1390,EXP_FAULT_02,RUN_02,cpu_stress,1,cartservice,cart-f02-02,online-boutique,node-c,0.3279,42.4338,0,197.6807,0.001233,10.2108,7.2661,17.1651,21.0653,35.137,194.1209,197.4369,0.0642,0.1796,229573.2107,153629.352,cpu_stress,inventory-service,2026-06-09 14:40:00,2026-06-09 14:55:00,post_fault,1.2188442,1
2026-06-09 14:58:15,1395,EXP_FAULT_02,RUN_02,cpu_stress,1,cartservice,cart-f02-02,online-boutique,node-c,0.3449,41.8002,0,199.591,0.001391,10.1544,7.5128,16.9022,23.7055,35.3674,196.0327,199.3135,0.1121,0.1655,221388.8653,148249.114,cpu_stress,inventory-service,2026-06-09 14:40:00,2026-06-09 14:55:00,post_fault,0.4470831,0
2026-06-09 14:58:20,1400,EXP_FAULT_02,RUN_02,cpu_stress,1,cartservice,cart-f02-02,online-boutique,node-c,0.3477,41.64,0,201.2555,0.001843,10.6175,7.6801,18.4157,22.7807,33.9016,197.6825,200.8845,0.2057,0.1653,240779.0719,169531.394,cpu_stress,inventory-service,2026-06-09 14:40:00,2026-06-09 14:55:00,post_fault,0.93351924,1
2026-06-09 14:58:25,1405,EXP_FAULT_02,RUN_02,cpu_stress,1,cartservice,cart-f02-02,online-boutique,node-c,0.3502,43.2348,0,189.2634,0.001562,10.0969,7.807,16.1262,22.825,31.1664,185.9568,188.9678,0.1396,0.156,240851.2412,125329.3412,cpu_stress,inventory-service,2026-06-09 14:40:00,2026-06-09 14:55:00,post_fault,0.18224177,0
2026-06-09 14:58:30,1410,EXP_FAULT_02,RUN_02,cpu_stress,1,cartservice,cart-f02-02,online-boutique,node-c,0.3506,42.626,0,193.8971,0.001382,10.6699,8.2974,18.2024,23.877,33.3728,190.5761,193.629,0.0803,0.1877,199555.1391,166610.9342,cpu_stress,inventory-service,2026-06-09 14:40:00,2026-06-09 14:55:00,post_fault,0.45860162,0
2026-06-09 14:58:35,1415,EXP_FAULT_02,RUN_02,cpu_stress,1,cartservice,cart-f02-02,online-boutique,node-c,0.3361,43.1838,0,193.6524,0.001599,9.9723,6.938,18.261,21.7668,30.7698,190.3122,193.3428,0.1021,0.2076,198035.8143,136224.019,cpu_stress,inventory-service,2026-06-09 14:40:00,2026-06-09 14:55:00,post_fault,0.6896182,1
2026-06-09 14:58:40,1420,EXP_FAULT_02,RUN_02,cpu_stress,1,cartservice,cart-f02-02,online-boutique,node-c,0.37,43.3691,0,193.936,0.002064,10.2886,7.3646,18.3156,23.1413,32.8946,190.6234,193.5357,0.1932,0.2071,178638.4936,192265.0849,cpu_stress,inventory-service,2026-06-09 14:40:00,2026-06-09 14:55:00,post_fault,0.12527053,0
2026-06-09 14:58:45,1425,EXP_FAULT_02,RUN_02,cpu_stress,1,cartservice,cart-f02-02,online-boutique,node-c,0.3454,42.6232,0,202.9132,0.002094,9.5105,6.5037,14.9453,20.5998,32.9793,199.4742,202.4883,0.2157,0.2093,252374.5835,205694.1725,cpu_stress,inventory-service,2026-06-09 14:40:00,2026-06-09 14:55:00,post_fault,0.38420892,0
2026-06-09 14:58:50,1430,EXP_FAULT_02,RUN_02,cpu_stress,1,cartservice,cart-f02-02,online-boutique,node-c,0.3575,42.6768,0,195.2797,0.001758,10.6164,8.0268,18.3763,21.9274,35.7653,192.0366,194.9363,0.1756,0.1678,243425.6836,159673.9714,cpu_stress,inventory-service,2026-06-09 14:40:00,2026-06-09 14:55:00,post_fault,0.31270045,0
2026-06-09 14:58:55,1435,EXP_FAULT_02,RUN_02,cpu_stress,1,cartservice,cart-f02-02,online-boutique,node-c,0.3614,42.899,0,198.599,0.002537,9.9062,7.8907,17.5241,22.5925,32.4535,195.2669,198.0952,0.3077,0.1962,209720.1323,199059.7949,cpu_stress,inventory-service,2026-06-09 14:40:00,2026-06-09 14:55:00,post_fault,0.34464163,0
2026-06-09 14:59:00,1440,EXP_FAULT_02,RUN_02,cpu_stress,1,cartservice,cart-f02-02,online-boutique,node-c,0.3517,42.5622,0,200.6307,0.002386,9.4125,7.3321,16.0196,20.3722,30.1747,197.3828,200.1521,0.3011,0.1775,241627.0181,147453.3636,cpu_stress,inventory-service,2026-06-09 14:40:00,2026-06-09 14:55:00,post_fault,0.24532843,0
2026-06-09 14:59:05,1445,EXP_FAULT_02,RUN_02,cpu_stress,1,cartservice,cart-f02-02,online-boutique,node-c,0.3509,42.408,0,199.7312,0.001966,9.968,7.7672,16.9818,20.4023,31.2666,196.5147,199.3386,0.2439,0.1487,225799.7637,173712.3433,cpu_stress,inventory-service,2026-06-09 14:40:00,2026-06-09 14:55:00,post_fault,0.31841877,0
2026-06-09 14:59:10,1450,EXP_FAULT_02,RUN_02,cpu_stress,1,cartservice,cart-f02-02,online-boutique,node-c,0.3348,42.6233,0,207.379,0.001688,9.9657,7.7195,15.6428,21.3347,33.2294,204.0961,207.0289,0.1507,0.1993,172486.6064,208933.9227,cpu_stress,inventory-service,2026-06-09 14:40:00,2026-06-09 14:55:00,post_fault,1.0056008,1
2026-06-09 14:59:15,1455,EXP_FAULT_02,RUN_02,cpu_stress,1,cartservice,cart-f02-02,online-boutique,node-c,0.3411,42.5988,0,200.0927,0.002222,10.9114,8.157,18.5029,22.8176,32.0185,196.9815,199.6481,0.2826,0.162,248606.0684,170299.3497,cpu_stress,inventory-service,2026-06-09 14:40:00,2026-06-09 14:55:00,post_fault,1.6568387,1
2026-06-09 14:59:20,1460,EXP_FAULT_02,RUN_02,cpu_stress,1,cartservice,cart-f02-02,online-boutique,node-c,0.3455,42.9886,0,201.6502,0.00162,10.3395,7.3189,18.3191,22.2017,29.592,198.5926,201.3236,0.1757,0.151,178922.2812,160009.6055,cpu_stress,inventory-service,2026-06-09 14:40:00,2026-06-09 14:55:00,post_fault,0.6028645,0
2026-06-09 14:59:25,1465,EXP_FAULT_02,RUN_02,cpu_stress,1,cartservice,cart-f02-02,online-boutique,node-c,0.3515,41.9854,0,208.7678,0.001056,10.7645,7.603,17.538,24.3727,32.7221,205.7038,208.5473,0.0632,0.1574,264008.4587,171309.7547,cpu_stress,inventory-service,2026-06-09 14:40:00,2026-06-09 14:55:00,post_fault,0.6144804,0
2026-06-09 14:59:30,1470,EXP_FAULT_02,RUN_02,cpu_stress,1,cartservice,cart-f02-02,online-boutique,node-c,0.3651,42.4519,0,205.978,0.002512,9.8761,6.8666,15.3806,19.81,31.735,202.8841,205.4606,0.3245,0.1929,201533.4515,211363.1934,cpu_stress,inventory-service,2026-06-09 14:40:00,2026-06-09 14:55:00,post_fault,0.40796655,0
2026-06-09 14:59:35,1475,EXP_FAULT_02,RUN_02,cpu_stress,1,cartservice,cart-f02-02,online-boutique,node-c,0.368,42.9402,0,213.8182,0.001564,10.2619,7.1751,18.5348,23.6564,29.0275,210.7181,213.4837,0.1945,0.14,236620.1382,222203.2053,cpu_stress,inventory-service,2026-06-09 14:40:00,2026-06-09 14:55:00,post_fault,0.05425387,0
2026-06-09 14:59:40,1480,EXP_FAULT_02,RUN_02,cpu_stress,1,cartservice,cart-f02-02,online-boutique,node-c,0.3584,42.8917,0,212.2935,0.001201,10.3605,7.6421,17.6004,22.285,33.3821,209.2773,212.0385,0.0963,0.1587,221401.6311,207852.8298,cpu_stress,inventory-service,2026-06-09 14:40:00,2026-06-09 14:55:00,post_fault,0.2091835,0
2026-06-09 14:59:45,1485,EXP_FAULT_02,RUN_02,cpu_stress,1,cartservice,cart-f02-02,online-boutique,node-c,0.3622,43.0451,0,217.9589,0.001949,10.7358,8.5212,17.438,21.6599,32.9844,214.8483,217.5341,0.2146,0.2102,227124.0149,141694.9322,cpu_stress,inventory-service,2026-06-09 14:40:00,2026-06-09 14:55:00,post_fault,0.6252769,0
2026-06-09 14:59:50,1490,EXP_FAULT_02,RUN_02,cpu_stress,1,cartservice,cart-f02-02,online-boutique,node-c,0.3422,41.8785,0,212.7659,0.00226,9.9582,7.681,17.124,21.5768,30.0846,209.6845,212.2852,0.3167,0.1641,191571.3005,146514.0156,cpu_stress,inventory-service,2026-06-09 14:40:00,2026-06-09 14:55:00,post_fault,1.0252663,1
2026-06-09 14:59:55,1495,EXP_FAULT_02,RUN_02,cpu_stress,1,cartservice,cart-f02-02,online-boutique,node-c,0.3534,42.1435,0,208.4189,0.002024,10.3467,7.1208,16.2761,23.7533,29.1968,205.4654,207.9969,0.2348,0.1871,178777.0885,214708.3215,cpu_stress,inventory-service,2026-06-09 14:40:00,2026-06-09 14:55:00,post_fault,0.54214317,0
2026-06-09 15:00:00,1500,EXP_FAULT_02,RUN_02,cpu_stress,1,cartservice,cart-f02-02,online-boutique,node-c,0.3757,41.9646,0,206.5232,0.00193,10.6136,8.132,16.7773,22.409,31.8825,203.6274,206.1246,0.2088,0.1898,191306.2613,149682.5813,cpu_stress,inventory-service,2026-06-09 14:40:00,2026-06-09 14:55:00,post_fault,0.08972961,0
2026-06-09 15:00:05,1505,EXP_FAULT_02,RUN_02,cpu_stress,1,cartservice,cart-f02-02,online-boutique,node-c,0.3448,43.637,0,222.048,0.001844,10.9456,8.3509,18.7417,24.1157,31.8644,219.0442,221.6384,0.2308,0.1787,187230.9931,194643.6826,cpu_stress,inventory-service,2026-06-09 14:40:00,2026-06-09 14:55:00,post_fault,1.934674,1
2026-06-09 15:00:10,1510,EXP_FAULT_02,RUN_02,cpu_stress,1,cartservice,cart-f02-02,online-boutique,node-c,0.3713,43.1433,0,209.1513,0.001261,9.8958,7.3662,16.5514,22.5586,27.6504,206.3968,208.8875,0.0796,0.1843,181819.7414,183283.1694,cpu_stress,inventory-service,2026-06-09 14:40:00,2026-06-09 14:55:00,post_fault,0.031132076,0
2026-06-09 15:00:15,1515,EXP_FAULT_02,RUN_02,cpu_stress,1,cartservice,cart-f02-02,online-boutique,node-c,0.3312,42.8364,0,218.1873,0.001813,10.3092,7.1087,17.5268,21.9672,33.3506,215.3027,217.7918,0.2659,0.1296,187889.126,208888.9755,cpu_stress,inventory-service,2026-06-09 14:40:00,2026-06-09 14:55:00,post_fault,1.8679392,1
2026-06-09 15:00:20,1520,EXP_FAULT_02,RUN_02,cpu_stress,1,cartservice,cart-f02-02,online-boutique,node-c,0.3566,42.1793,0,221.0514,0.001889,10.1614,7.9455,16.5102,20.3263,29.0987,218.1287,220.6339,0.2827,0.1348,196439.0622,217908.4129,cpu_stress,inventory-service,2026-06-09 14:40:00,2026-06-09 14:55:00,post_fault,0.4553787,0
2026-06-09 15:00:25,1525,EXP_FAULT_02,RUN_02,cpu_stress,1,cartservice,cart-f02-02,online-boutique,node-c,0.3511,42.9856,0,217.0677,0.000895,9.5876,6.8194,16.7181,19.8563,31.9043,214.3619,216.8734,0.0647,0.1296,237391.107,168744.4858,cpu_stress,inventory-service,2026-06-09 14:40:00,2026-06-09 14:55:00,post_fault,0.0684355,0
2026-06-09 15:00:30,1530,EXP_FAULT_02,RUN_02,cpu_stress,1,cartservice,cart-f02-02,online-boutique,node-c,0.3628,42.7428,0,209.7445,0.002071,10.0872,7.2433,16.8931,21.1326,28.8966,207.0725,209.3101,0.2697,0.1646,180502.4628,207558.677,cpu_stress,inventory-service,2026-06-09 14:40:00,2026-06-09 14:55:00,post_fault,0.18269596,0
2026-06-09 15:00:35,1535,EXP_FAULT_02,RUN_02,cpu_stress,1,cartservice,cart-f02-02,online-boutique,node-c,0.362,43.068,0,207.29,0.001696,9.8496,7.4185,16.1696,20.3019,28.1472,204.6472,206.9383,0.2195,0.1321,190014.5894,147599.8331,cpu_stress,inventory-service,2026-06-09 14:40:00,2026-06-09 14:55:00,post_fault,0.046321884,0
2026-06-09 15:00:40,1540,EXP_FAULT_02,RUN_02,cpu_stress,1,cartservice,cart-f02-02,online-boutique,node-c,0.3703,42.0606,0,214.6314,0.001634,9.8804,7.1226,16.8541,20.5324,29.5954,211.9785,214.2807,0.2273,0.1235,199716.2788,160653.4824,cpu_stress,inventory-service,2026-06-09 14:40:00,2026-06-09 14:55:00,post_fault,0.0074902833,0
2026-06-09 15:00:45,1545,EXP_FAULT_02,RUN_02,cpu_stress,1,cartservice,cart-f02-02,online-boutique,node-c,0.3767,42.1722,0,214.3329,0.00208,10.409,7.3954,16.1511,21.6637,34.0741,211.6033,213.8871,0.322,0.1237,211843.7072,197985.8502,cpu_stress,inventory-service,2026-06-09 14:40:00,2026-06-09 14:55:00,post_fault,0.122627184,0
2026-06-09 15:00:50,1550,EXP_FAULT_02,RUN_02,cpu_stress,1,cartservice,cart-f02-02,online-boutique,node-c,0.329,42.4279,0,209.9251,0.00221,10.7914,8.1603,18.1152,24.4596,31.7263,207.3062,209.4611,0.3276,0.1364,227224.8903,218269.4978,cpu_stress,inventory-service,2026-06-09 14:40:00,2026-06-09 14:55:00,post_fault,2.7331948,1
2026-06-09 15:00:55,1555,EXP_FAULT_02,RUN_02,cpu_stress,1,cartservice,cart-f02-02,online-boutique,node-c,0.357,42.2353,0,208.9918,0.000941,10.3773,7.5906,18.368,20.1534,33.2183,206.5832,208.7952,0.0882,0.1085,236185.2629,141933.663,cpu_stress,inventory-service,2026-06-09 14:40:00,2026-06-09 14:55:00,post_fault,0.18130158,0
2026-06-09 15:01:00,1560,EXP_FAULT_02,RUN_02,cpu_stress,1,cartservice,cart-f02-02,online-boutique,node-c,0.3643,42.7754,0,209.2293,0.00152,10.4673,8.124,18.7294,21.1132,29.1794,206.8002,208.9112,0.164,0.154,264405.6406,215628.1912,cpu_stress,inventory-service,2026-06-09 14:40:00,2026-06-09 14:55:00,post_fault,0.13810885,0
2026-06-09 15:01:05,1565,EXP_FAULT_02,RUN_02,cpu_stress,1,cartservice,cart-f02-02,online-boutique,node-c,0.349,42.9064,0,208.969,0.001308,10.2378,7.1837,16.3456,20.4714,31.2097,206.5674,208.6955,0.1636,0.1098,251641.6151,180982.4807,cpu_stress,inventory-service,2026-06-09 14:40:00,2026-06-09 14:55:00,post_fault,0.38839263,0
2026-06-09 15:01:10,1570,EXP_FAULT_02,RUN_02,cpu_stress,1,cartservice,cart-f02-02,online-boutique,node-c,0.3732,42.189,0,205.9533,0.001335,9.7797,7.6906,17.5252,20.5915,30.8512,203.644,205.6783,0.1666,0.1084,208461.3857,145713.647,cpu_stress,inventory-service,2026-06-09 14:40:00,2026-06-09 14:55:00,post_fault,0.076039165,0
2026-06-09 15:01:15,1575,EXP_FAULT_02,RUN_02,cpu_stress,1,cartservice,cart-f02-02,online-boutique,node-c,0.3586,43.0227,0,201.6281,0.001583,9.3876,7.3896,15.3244,19.3381,27.7682,199.3495,201.3089,0.2121,0.1071,246948.5299,188101.3934,cpu_stress,inventory-service,2026-06-09 14:40:00,2026-06-09 14:55:00,post_fault,0.006586236,0
2026-06-09 15:01:20,1580,EXP_FAULT_02,RUN_02,cpu_stress,1,cartservice,cart-f02-02,online-boutique,node-c,0.3675,42.7755,0,205.0113,0.000891,9.723,7.1166,17.2948,21.7891,27.7224,202.8203,204.8286,0.0743,0.1084,262188.1065,160084.5005,cpu_stress,inventory-service,2026-06-09 14:40:00,2026-06-09 14:55:00,post_fault,0.06235712,0
2026-06-09 15:01:25,1585,EXP_FAULT_02,RUN_02,cpu_stress,1,cartservice,cart-f02-02,online-boutique,node-c,0.3582,42.0308,0,200.159,0.001215,9.2766,6.5541,16.0458,18.3982,29.3979,197.9944,199.9157,0.0887,0.1546,183249.9499,156342.2123,cpu_stress,inventory-service,2026-06-09 14:40:00,2026-06-09 14:55:00,post_fault,0.013057018,0
2026-06-09 15:01:30,1590,EXP_FAULT_02,RUN_02,cpu_stress,1,cartservice,cart-f02-02,online-boutique,node-c,0.3652,42.5164,0,202.3019,0.001842,10.1227,7.6418,17.3768,21.2358,29.6909,200.0766,201.9292,0.27,0.1027,216653.9094,172943.6886,cpu_stress,inventory-service,2026-06-09 14:40:00,2026-06-09 14:55:00,post_fault,0.042626765,0
2026-06-09 15:01:35,1595,EXP_FAULT_02,RUN_02,cpu_stress,1,cartservice,cart-f02-02,online-boutique,node-c,0.347,42.0683,0,200.047,0.001837,10.0184,7.7562,15.554,19.2421,28.392,197.8603,199.6794,0.2259,0.1416,207330.4986,199013.2947,cpu_stress,inventory-service,2026-06-09 14:40:00,2026-06-09 14:55:00,post_fault,0.4436763,0
2026-06-09 15:01:40,1600,EXP_FAULT_02,RUN_02,cpu_stress,1,cartservice,cart-f02-02,online-boutique,node-c,0.3659,42.9818,0,207.6751,0.001967,10.3344,7.8369,17.9022,19.9568,29.4751,205.4767,207.2665,0.3037,0.1049,175361.3725,153191.9663,cpu_stress,inventory-service,2026-06-09 14:40:00,2026-06-09 14:55:00,post_fault,0.1736424,0
2026-06-09 15:01:45,1605,EXP_FAULT_02,RUN_02,cpu_stress,1,cartservice,cart-f02-02,online-boutique,node-c,0.3565,42.3977,0,197.6816,0.001965,9.7562,7.7041,14.8822,20.5761,29.5972,195.5635,197.2932,0.2412,0.1473,217203.721,129382.9248,cpu_stress,inventory-service,2026-06-09 14:40:00,2026-06-09 14:55:00,post_fault,0.10415707,0
2026-06-09 15:01:50,1610,EXP_FAULT_02,RUN_02,cpu_stress,1,cartservice,cart-f02-02,online-boutique,node-c,0.3789,42.6478,0,204.6354,0.001475,9.576,7.6831,14.7501,19.3591,28.3543,202.5203,204.3336,0.1891,0.1128,179587.499,141984.8903,cpu_stress,inventory-service,2026-06-09 14:40:00,2026-06-09 14:55:00,post_fault,0.23264432,0
2026-06-09 15:01:55,1615,EXP_FAULT_02,RUN_02,cpu_stress,1,cartservice,cart-f02-02,online-boutique,node-c,0.3667,42.9879,0,196.3901,0.002298,10.3763,7.2323,16.9727,21.427,31.0911,194.353,195.9387,0.2981,0.1532,217550.942,188977.3441,cpu_stress,inventory-service,2026-06-09 14:40:00,2026-06-09 14:55:00,post_fault,0.21464357,0
2026-06-09 15:02:00,1620,EXP_FAULT_02,RUN_02,cpu_stress,1,cartservice,cart-f02-02,online-boutique,node-c,0.3258,42.9219,0,204.9614,0.001504,10.4761,8.0275,16.8319,23.2384,30.874,202.9447,204.6532,0.1516,0.1566,208608.3217,182822.0843,cpu_stress,inventory-service,2026-06-09 14:40:00,2026-06-09 14:55:00,post_fault,1.9015375,1
2026-06-09 15:02:05,1625,EXP_FAULT_02,RUN_02,cpu_stress,1,cartservice,cart-f02-02,online-boutique,node-c,0.3499,43.3594,0,203.2758,0.001219,9.9688,7.8121,15.8203,19.3594,30.8651,201.29,203.028,0.1462,0.1016,189658.8043,151911.2884,cpu_stress,inventory-service,2026-06-09 14:40:00,2026-06-09 14:55:00,post_fault,0.176112,0
2026-06-09 15:02:10,1630,EXP_FAULT_02,RUN_02,cpu_stress,1,cartservice,cart-f02-02,online-boutique,node-c,0.3514,42.7419,0,210.6395,0.001837,9.8392,7.711,15.5616,21.9383,31.443,208.4991,210.2526,0.2941,0.0928,207806.2891,195411.3981,cpu_stress,inventory-service,2026-06-09 14:40:00,2026-06-09 14:55:00,post_fault,0.2960434,0
2026-06-09 15:02:15,1635,EXP_FAULT_02,RUN_02,cpu_stress,1,cartservice,cart-f02-02,online-boutique,node-c,0.3542,43.6132,0,201.5411,0.001253,10.5251,8.3759,18.3642,22.577,29.8769,199.6398,201.2885,0.1607,0.0919,177796.0808,176947.7902,cpu_stress,inventory-service,2026-06-09 14:40:00,2026-06-09 14:55:00,post_fault,0.35566908,0
2026-06-09 15:02:20,1640,EXP_FAULT_02,RUN_02,cpu_stress,1,cartservice,cart-f02-02,online-boutique,node-c,0.3281,42.6623,0,211.0115,0.001779,10.1891,8.2116,15.832,22.036,31.1367,208.9459,210.6361,0.2169,0.1586,223064.0469,183756.7753,cpu_stress,inventory-service,2026-06-09 14:40:00,2026-06-09 14:55:00,post_fault,1.7701874,1
2026-06-09 15:02:25,1645,EXP_FAULT_02,RUN_02,cpu_stress,1,cartservice,cart-f02-02,online-boutique,node-c,0.3609,42.5485,0,211.0492,0.00148,9.518,6.9915,16.6367,18.5031,27.3695,209.0737,210.7369,0.1703,0.142,227187.4886,181747.0281,cpu_stress,inventory-service,2026-06-09 14:40:00,2026-06-09 14:55:00,post_fault,0.0066143973,0
2026-06-09 15:02:30,1650,EXP_FAULT_02,RUN_02,cpu_stress,1,cartservice,cart-f02-02,online-boutique,node-c,0.3457,43.4007,0,211.6492,0.001623,10.2399,7.6167,17.0378,21.2375,29.2591,209.7082,211.3057,0.2221,0.1213,209847.81,150887.88,cpu_stress,inventory-service,2026-06-09 14:40:00,2026-06-09 14:55:00,post_fault,0.68483317,1
2026-06-09 15:02:35,1655,EXP_FAULT_02,RUN_02,cpu_stress,1,cartservice,cart-f02-02,online-boutique,node-c,0.3606,42.6991,0,208.3549,0.002086,9.6199,7.216,14.7824,20.22,27.5428,206.3699,207.9203,0.2992,0.1355,258261.7469,168782.8605,cpu_stress,inventory-service,2026-06-09 14:40:00,2026-06-09 14:55:00,post_fault,0.079051204,0
2026-06-09 15:02:40,1660,EXP_FAULT_02,RUN_02,cpu_stress,1,cartservice,cart-f02-02,online-boutique,node-c,0.3549,42.4213,0,207.823,0.000869,9.8817,7.4431,16.5039,21.1103,29.5911,205.9996,207.6424,0.0569,0.1236,191146.5193,161218.4056,cpu_stress,inventory-service,2026-06-09 14:40:00,2026-06-09 14:55:00,post_fault,0.04448928,0
2026-06-09 15:02:45,1665,EXP_FAULT_02,RUN_02,cpu_stress,1,cartservice,cart-f02-02,online-boutique,node-c,0.3612,42.7094,0,212.4164,0.001575,9.9162,7.594,15.4714,18.8677,28.5891,210.521,212.0817,0.2492,0.0855,270349.962,167360.881,cpu_stress,inventory-service,2026-06-09 14:40:00,2026-06-09 14:55:00,post_fault,0.071711406,0
2026-06-09 15:02:50,1670,EXP_FAULT_02,RUN_02,cpu_stress,1,cartservice,cart-f02-02,online-boutique,node-c,0.3629,42.7937,0,211.0761,0.001691,10.2347,8.2063,15.6599,19.9914,30.9617,209.2076,210.7192,0.2766,0.0803,210323.7214,185769.3662,cpu_stress,inventory-service,2026-06-09 14:40:00,2026-06-09 14:55:00,post_fault,0.14278509,0
2026-06-09 15:02:55,1675,EXP_FAULT_02,RUN_02,cpu_stress,1,cartservice,cart-f02-02,online-boutique,node-c,0.3398,43.003,0,211.5017,0.001274,10.4323,7.6328,18.3125,22.682,30.7365,209.6728,211.2322,0.1801,0.0893,270419.6911,191179.1091,cpu_stress,inventory-service,2026-06-09 14:40:00,2026-06-09 14:55:00,post_fault,0.9581173,1
2026-06-09 15:03:00,1680,EXP_FAULT_02,RUN_02,cpu_stress,1,cartservice,cart-f02-02,online-boutique,node-c,0.3585,43.171,0,218.1104,0.001031,10.4288,7.2309,17.5014,22.0572,30.2487,216.2876,217.8854,0.1208,0.1041,256338.1071,202979.5879,cpu_stress,inventory-service,2026-06-09 14:40:00,2026-06-09 14:55:00,post_fault,0.24045797,0
2026-06-09 15:03:05,1685,EXP_FAULT_02,RUN_02,cpu_stress,1,cartservice,cart-f02-02,online-boutique,node-c,0.3609,43.1818,0,215.7856,0.000775,9.9736,7.6106,17.611,19.5564,31.7644,214.0365,215.6182,0.0887,0.0786,177107.2543,169077.6009,cpu_stress,inventory-service,2026-06-09 14:40:00,2026-06-09 14:55:00,post_fault,0.013748219,0
2026-06-09 15:03:10,1690,EXP_FAULT_02,RUN_02,cpu_stress,1,cartservice,cart-f02-02,online-boutique,node-c,0.3598,42.9569,0,213.8228,0.000872,10.3615,7.4895,17.559,19.6348,30.4307,212.089,213.6364,0.074,0.1124,208893.2797,171355.0231,cpu_stress,inventory-service,2026-06-09 14:40:00,2026-06-09 14:55:00,post_fault,0.13193099,0
2026-06-09 15:03:15,1695,EXP_FAULT_02,RUN_02,cpu_stress,1,cartservice,cart-f02-02,online-boutique,node-c,0.3704,42.8124,0,216.2992,0.001547,9.5462,7.4063,16.2826,20.5444,28.0952,214.4722,215.9645,0.2438,0.0909,196530.1397,162460.8897,cpu_stress,inventory-service,2026-06-09 14:40:00,2026-06-09 14:55:00,post_fault,0.028980356,0
2026-06-09 15:03:20,1700,EXP_FAULT_02,RUN_02,cpu_stress,1,cartservice,cart-f02-02,online-boutique,node-c,0.3589,43.2357,0,218.1255,0.000839,10.2897,7.4281,15.5623,20.7554,30.5451,216.43,217.9425,0.0741,0.1089,277470.133,211815.8329,cpu_stress,inventory-service,2026-06-09 14:40:00,2026-06-09 14:55:00,post_fault,0.13023356,0
2026-06-09 15:03:25,1705,EXP_FAULT_02,RUN_02,cpu_stress,1,cartservice,cart-f02-02,online-boutique,node-c,0.3579,42.7201,0,211.3306,0.001762,9.655,6.799,16.7276,18.3441,27.7136,209.5693,210.9582,0.2941,0.0783,270220.1467,208063.9118,cpu_stress,inventory-service,2026-06-09 14:40:00,2026-06-09 14:55:00,post_fault,0.07785589,0
2026-06-09 15:03:30,1710,EXP_FAULT_02,RUN_02,cpu_stress,1,cartservice,cart-f02-02,online-boutique,node-c,0.3672,43.5338,0,213.4898,0.001224,10.2299,7.8906,16.2015,21.1604,27.9891,211.8099,213.2286,0.1874,0.0739,267589.8816,147104.9718,cpu_stress,inventory-service,2026-06-09 14:40:00,2026-06-09 14:55:00,post_fault,0.07517097,0
2026-06-09 15:03:35,1715,EXP_FAULT_02,RUN_02,cpu_stress,1,cartservice,cart-f02-02,online-boutique,node-c,0.3675,42.4343,0,211.6182,0.001869,9.6397,7.1776,15.874,19.5003,28.5496,209.8802,211.2227,0.281,0.1145,260778.2909,168438.1551,cpu_stress,inventory-service,2026-06-09 14:40:00,2026-06-09 14:55:00,post_fault,0.0131306555,0
2026-06-09 15:03:40,1720,EXP_FAULT_02,RUN_02,cpu_stress,1,cartservice,cart-f02-02,online-boutique,node-c,0.3566,43.8544,0,211.5861,0.001034,9.7225,7.4936,14.9742,20.4131,28.2031,209.9952,211.3673,0.1293,0.0896,236394.4294,155983.8334,cpu_stress,inventory-service,2026-06-09 14:40:00,2026-06-09 14:55:00,post_fault,0.046433467,0
2026-06-09 15:03:45,1725,EXP_FAULT_02,RUN_02,cpu_stress,1,cartservice,cart-f02-02,online-boutique,node-c,0.3529,43.0329,0,197.8393,0.001705,9.0696,7.128,13.8435,19.1088,28.5454,196.3067,197.5019,0.2522,0.0852,234211.912,175651.5676,cpu_stress,inventory-service,2026-06-09 14:40:00,2026-06-09 14:55:00,post_fault,0.011477651,0
2026-06-09 15:03:50,1730,EXP_FAULT_02,RUN_02,cpu_stress,1,cartservice,cart-f02-02,online-boutique,node-c,0.3515,43.3991,0,210.5457,0.000908,10.0717,8.1175,16.9821,21.3341,29.4754,209.0297,210.3545,0.0966,0.0946,202245.0104,204629.9832,cpu_stress,inventory-service,2026-06-09 14:40:00,2026-06-09 14:55:00,post_fault,0.16149665,0
2026-06-09 15:03:55,1735,EXP_FAULT_02,RUN_02,cpu_stress,1,cartservice,cart-f02-02,online-boutique,node-c,0.3628,41.9438,0,204.6474,0.001579,9.59,7.2909,16.2539,19.4612,28.013,203.1405,204.3242,0.1971,0.1261,246856.4572,150051.5207,cpu_stress,inventory-service,2026-06-09 14:40:00,2026-06-09 14:55:00,post_fault,0.0045310394,0
2026-06-09 15:04:00,1740,EXP_FAULT_02,RUN_02,cpu_stress,1,cartservice,cart-f02-02,online-boutique,node-c,0.3624,43.7063,0,203.324,0.002029,9.638,7.7604,15.0407,19.044,29.051,201.6908,202.9114,0.2896,0.123,203460.4004,143648.785,cpu_stress,inventory-service,2026-06-09 14:40:00,2026-06-09 14:55:00,post_fault,0.17602274,0
2026-06-09 15:04:05,1745,EXP_FAULT_02,RUN_02,cpu_stress,1,cartservice,cart-f02-02,online-boutique,node-c,0.3614,43.105,0,203.2853,0.002051,10.3627,7.7128,16.1453,22.5935,28.3481,201.7278,202.8684,0.3146,0.1023,172295.232,167952.0074,cpu_stress,inventory-service,2026-06-09 14:40:00,2026-06-09 14:55:00,post_fault,0.26484814,0
2026-06-09 15:04:10,1750,EXP_FAULT_02,RUN_02,cpu_stress,1,cartservice,cart-f02-02,online-boutique,node-c,0.3774,43.3743,0,203.3097,0.000907,9.7783,7.7143,16.5239,21.1782,25.4798,201.9012,203.1252,0.1106,0.0739,174959.4911,170021.6975,cpu_stress,inventory-service,2026-06-09 14:40:00,2026-06-09 14:55:00,post_fault,0.2822774,0
2026-06-09 15:04:15,1755,EXP_FAULT_02,RUN_02,cpu_stress,1,cartservice,cart-f02-02,online-boutique,node-c,0.3593,43.222,0,201.6975,0.001543,10.3917,7.8789,16.2557,20.9444,30.9624,200.1907,201.3864,0.2029,0.1083,257537.0993,207382.2055,cpu_stress,inventory-service,2026-06-09 14:40:00,2026-06-09 14:55:00,post_fault,0.19170675,0
2026-06-09 15:04:20,1760,EXP_FAULT_02,RUN_02,cpu_stress,1,cartservice,cart-f02-02,online-boutique,node-c,0.3586,43.414,0,197.2212,0.001402,9.8597,7.6859,15.3171,20.248,25.5752,195.8064,196.9446,0.2063,0.0703,192259.359,146704.4314,cpu_stress,inventory-service,2026-06-09 14:40:00,2026-06-09 14:55:00,post_fault,0.012221293,0
2026-06-09 15:04:25,1765,EXP_FAULT_02,RUN_02,cpu_stress,1,cartservice,cart-f02-02,online-boutique,node-c,0.3568,41.6931,0,195.1476,0.001181,9.5691,6.999,15.1433,20.0663,27.1846,193.7349,194.9172,0.1712,0.0592,186085.0691,140620.8242,cpu_stress,inventory-service,2026-06-09 14:40:00,2026-06-09 14:55:00,post_fault,0.0019012776,0
2026-06-09 15:04:30,1770,EXP_FAULT_02,RUN_02,cpu_stress,1,cartservice,cart-f02-02,online-boutique,node-c,0.3704,43.074,0,190.6481,0.000864,9.8135,7.8953,15.1897,18.668,25.6987,189.3129,190.4834,0.0605,0.1042,227547.803,182312.3119,cpu_stress,inventory-service,2026-06-09 14:40:00,2026-06-09 14:55:00,post_fault,0.1895228,0
2026-06-09 15:04:35,1775,EXP_FAULT_02,RUN_02,cpu_stress,1,cartservice,cart-f02-02,online-boutique,node-c,0.3442,41.876,0,184.4116,0.001543,9.5188,7.0477,16.1164,19.6204,29.8139,183.0889,184.127,0.2276,0.0571,153190.6976,180965.881,cpu_stress,inventory-service,2026-06-09 14:40:00,2026-06-09 14:55:00,post_fault,0.1353071,0
2026-06-09 15:04:40,1780,EXP_FAULT_02,RUN_02,cpu_stress,1,cartservice,cart-f02-02,online-boutique,node-c,0.3544,42.5022,0,189.1471,0.002053,9.6258,7.1638,16.6177,18.4801,29.4047,187.7108,188.7588,0.2873,0.101,190917.2081,146398.7215,cpu_stress,inventory-service,2026-06-09 14:40:00,2026-06-09 14:55:00,post_fault,0.08076514,0
2026-06-09 15:04:45,1785,EXP_FAULT_02,RUN_02,cpu_stress,1,cartservice,cart-f02-02,online-boutique,node-c,0.3597,42.6112,0,194.3512,0.000733,9.6151,7.1079,14.7429,18.3655,27.8578,193.0128,194.2086,0.0602,0.0823,200683.0368,144903.3249,cpu_stress,inventory-service,2026-06-09 14:40:00,2026-06-09 14:55:00,post_fault,0.043361194,0
2026-06-09 15:04:50,1790,EXP_FAULT_02,RUN_02,cpu_stress,1,cartservice,cart-f02-02,online-boutique,node-c,0.3542,42.1729,0,190.6308,0.000767,9.533,7.2348,14.9117,19.1873,28.8053,189.317,190.4846,0.0816,0.0647,228748.1788,168120.5189,cpu_stress,inventory-service,2026-06-09 14:40:00,2026-06-09 14:55:00,post_fault,0.014859711,0
2026-06-09 15:04:55,1795,EXP_FAULT_02,RUN_02,cpu_stress,1,cartservice,cart-f02-02,online-boutique,node-c,0.3396,42.9082,0,186.9835,0.000863,9.8743,7.0917,15.5763,20.2139,27.7369,185.7065,186.8222,0.101,0.0603,234401.6973,136613.1728,cpu_stress,inventory-service,2026-06-09 14:40:00,2026-06-09 14:55:00,post_fault,0.20338559,0
2026-06-09 15:10:00,0,EXP_FAULT_03,RUN_03,memory_stress,1,cartservice,cart-f03-02,online-boutique,node-c,0.3635,41.5452,0,217.5127,0.001621,9.2503,7.2031,14.6017,18.5508,23.5343,217.3264,217.1601,0.2767,0.076,258927.5754,183981.6989,memory_stress,checkoutservice,2026-06-09 15:15:00,2026-06-09 15:30:00,pre_fault,0.005616829,0
2026-06-09 15:10:05,5,EXP_FAULT_03,RUN_03,memory_stress,1,cartservice,cart-f03-02,online-boutique,node-c,0.3446,42.4626,0,217.2458,0.001793,9.3932,6.7174,14.9315,16.4676,23.1904,216.9742,216.8563,0.3385,0.051,209365.1495,182318.4227,memory_stress,checkoutservice,2026-06-09 15:15:00,2026-06-09 15:30:00,pre_fault,0.3974071,0
2026-06-09 15:10:10,10,EXP_FAULT_03,RUN_03,memory_stress,1,cartservice,cart-f03-02,online-boutique,node-c,0.3598,42.394,0,215.7189,0.000706,10.0315,8.0218,15.8803,19.8023,24.3384,215.6202,215.5667,0.0989,0.0534,204325.6065,208283.4025,memory_stress,checkoutservice,2026-06-09 15:15:00,2026-06-09 15:30:00,pre_fault,0.041520245,0
2026-06-09 15:10:15,15,EXP_FAULT_03,RUN_03,memory_stress,1,cartservice,cart-f03-02,online-boutique,node-c,0.378,42.0479,0,216.8148,0.001105,9.2808,7.3457,14.1456,16.9628,22.8807,216.6828,216.5752,0.1682,0.0713,234396.6925,224566.4588,memory_stress,checkoutservice,2026-06-09 15:15:00,2026-06-09 15:30:00,pre_fault,0.32455945,0
2026-06-09 15:10:20,20,EXP_FAULT_03,RUN_03,memory_stress,1,cartservice,cart-f03-02,online-boutique,node-c,0.37,41.5841,0,216.6565,0.001229,10.5311,7.7211,17.2011,20.7164,26.872,216.5551,216.3902,0.2009,0.0654,182251.683,187434.3828,memory_stress,checkoutservice,2026-06-09 15:15:00,2026-06-09 15:30:00,pre_fault,0.1045077,0
2026-06-09 15:10:25,25,EXP_FAULT_03,RUN_03,memory_stress,1,cartservice,cart-f03-02,online-boutique,node-c,0.3645,42.1531,0,217.752,0.001636,9.4805,7.3089,15.9517,18.7151,26.5099,217.5065,217.3958,0.2849,0.0713,214412.8636,193700.0872,memory_stress,checkoutservice,2026-06-09 15:15:00,2026-06-09 15:30:00,pre_fault,0.0054685352,0
2026-06-09 15:10:30,30,EXP_FAULT_03,RUN_03,memory_stress,1,cartservice,cart-f03-02,online-boutique,node-c,0.3476,42.1199,0,215.4476,0.00097,10.2364,8.2398,15.9237,19.334,28.9435,215.3612,215.2385,0.1386,0.0705,228427.4058,215039.887,memory_stress,checkoutservice,2026-06-09 15:15:00,2026-06-09 15:30:00,pre_fault,0.45724708,0
2026-06-09 15:10:35,35,EXP_FAULT_03,RUN_03,memory_stress,1,cartservice,cart-f03-02,online-boutique,node-c,0.3618,42.3111,0,212.7479,0.000649,10.2188,7.9804,17.125,19.882,24.6657,212.672,212.6098,0.1085,0.0296,228155.1462,181618.5435,memory_stress,checkoutservice,2026-06-09 15:15:00,2026-06-09 15:30:00,pre_fault,0.04075714,0
2026-06-09 15:10:40,40,EXP_FAULT_03,RUN_03,memory_stress,1,cartservice,cart-f03-02,online-boutique,node-c,0.3538,41.5141,0,218.9311,0.001343,9.0798,6.9389,14.3395,16.0129,24.1558,218.7705,218.6371,0.2731,0.0209,204366.187,148505.7869,memory_stress,checkoutservice,2026-06-09 15:15:00,2026-06-09 15:30:00,pre_fault,0.024954248,0
2026-06-09 15:10:45,45,EXP_FAULT_03,RUN_03,memory_stress,1,cartservice,cart-f03-02,online-boutique,node-c,0.3783,41.9792,0,216.8759,0.001056,8.7948,6.6477,14.2956,15.7472,23.0997,216.7355,216.6468,0.1736,0.0555,194433.6544,185083.349,memory_stress,checkoutservice,2026-06-09 15:15:00,2026-06-09 15:30:00,pre_fault,0.6037795,0
2026-06-09 15:10:50,50,EXP_FAULT_03,RUN_03,memory_stress,1,cartservice,cart-f03-02,online-boutique,node-c,0.3416,41.5088,0,219.2086,0.001244,10.1007,7.5041,15.8686,20.0578,26.0387,219.0109,218.9359,0.2182,0.0546,212085.2997,151435.8216,memory_stress,checkoutservice,2026-06-09 15:15:00,2026-06-09 15:30:00,pre_fault,0.7798518,1
2026-06-09 15:10:55,55,EXP_FAULT_03,RUN_03,memory_stress,1,cartservice,cart-f03-02,online-boutique,node-c,0.3469,41.3844,0,213.9695,0.00102,9.2553,7.4204,13.9329,17.5676,24.3021,213.8468,213.7513,0.1664,0.0518,233333.8527,221515.3699,memory_stress,checkoutservice,2026-06-09 15:15:00,2026-06-09 15:30:00,pre_fault,0.08455242,0
2026-06-09 15:11:00,60,EXP_FAULT_03,RUN_03,memory_stress,1,cartservice,cart-f03-02,online-boutique,node-c,0.3706,41.093,0,213.8002,0.000462,10.1604,8.2039,16.7112,19.8543,24.8774,213.7279,213.7015,0.088,0.0107,181858.7234,201927.7905,memory_stress,checkoutservice,2026-06-09 15:15:00,2026-06-09 15:30:00,pre_fault,0.015906513,0
2026-06-09 15:11:05,65,EXP_FAULT_03,RUN_03,memory_stress,1,cartservice,cart-f03-02,online-boutique,node-c,0.3595,41.7804,0,218.0004,0.001698,9.0772,7.0295,13.6988,17.2614,23.0006,217.7652,217.6303,0.2961,0.074,210931.5877,196637.9012,memory_stress,checkoutservice,2026-06-09 15:15:00,2026-06-09 15:30:00,pre_fault,0.0049487934,0
2026-06-09 15:11:10,70,EXP_FAULT_03,RUN_03,memory_stress,1,cartservice,cart-f03-02,online-boutique,node-c,0.3393,41.649,0,216.4835,0.000814,10.0725,7.4502,14.9487,20.0554,25.128,216.4035,216.3073,0.1406,0.0356,228915.7816,224366.3476,memory_stress,checkoutservice,2026-06-09 15:15:00,2026-06-09 15:30:00,pre_fault,0.66068923,1
2026-06-09 15:11:15,75,EXP_FAULT_03,RUN_03,memory_stress,1,cartservice,cart-f03-02,online-boutique,node-c,0.3673,42.6794,0,211.5181,0.001773,9.7844,6.8659,14.7271,19.5923,23.6245,211.2769,211.143,0.3142,0.0609,243405.7623,155923.5355,memory_stress,checkoutservice,2026-06-09 15:15:00,2026-06-09 15:30:00,pre_fault,0.012870306,0
2026-06-09 15:11:20,80,EXP_FAULT_03,RUN_03,memory_stress,1,cartservice,cart-f03-02,online-boutique,node-c,0.3569,42.723,0,206.4304,0.001534,9.2315,6.5798,14.063,17.9232,23.1521,206.2287,206.1137,0.3099,0.0068,173562.241,175376.9173,memory_stress,checkoutservice,2026-06-09 15:15:00,2026-06-09 15:30:00,pre_fault,0.005100746,0
2026-06-09 15:11:25,85,EXP_FAULT_03,RUN_03,memory_stress,1,cartservice,cart-f03-02,online-boutique,node-c,0.3745,42.3755,0,208.0513,0.000938,9.7447,7.2862,14.9459,19.7247,27.5411,207.9413,207.8561,0.1792,0.0159,180444.7109,146264.1541,memory_stress,checkoutservice,2026-06-09 15:15:00,2026-06-09 15:30:00,pre_fault,0.14311047,0
2026-06-09 15:11:30,90,EXP_FAULT_03,RUN_03,memory_stress,1,cartservice,cart-f03-02,online-boutique,node-c,0.3637,42.9885,0,203.7462,0.000862,9.6744,7.0678,16.3999,19.5331,25.8915,203.6408,203.5707,0.1523,0.0233,197869.4796,160563.5364,memory_stress,checkoutservice,2026-06-09 15:15:00,2026-06-09 15:30:00,pre_fault,0.04775241,0
2026-06-09 15:11:35,95,EXP_FAULT_03,RUN_03,memory_stress,1,cartservice,cart-f03-02,online-boutique,node-c,0.3551,42.291,0,203.4008,0.000499,9.6116,7.2062,14.3699,19.6217,23.7985,203.361,203.2992,0.0636,0.0379,238703.521,188700.7247,memory_stress,checkoutservice,2026-06-09 15:15:00,2026-06-09 15:30:00,pre_fault,0.0030585653,0
2026-06-09 15:11:40,100,EXP_FAULT_03,RUN_03,memory_stress,1,cartservice,cart-f03-02,online-boutique,node-c,0.3658,41.8854,0,202.9309,0.001575,10.4102,8.3598,15.1342,19.939,26.1247,202.6937,202.6112,0.2573,0.0624,253322.1842,147900.0578,memory_stress,checkoutservice,2026-06-09 15:15:00,2026-06-09 15:30:00,pre_fault,0.121789835,0
2026-06-09 15:11:45,105,EXP_FAULT_03,RUN_03,memory_stress,1,cartservice,cart-f03-02,online-boutique,node-c,0.364,43.2061,0,202.2825,0.001777,8.9829,7.1789,13.1465,16.4673,22.6751,202.0874,201.9231,0.3002,0.0593,239324.928,170744.5789,memory_stress,checkoutservice,2026-06-09 15:15:00,2026-06-09 15:30:00,pre_fault,0.043970402,0
2026-06-09 15:11:50,110,EXP_FAULT_03,RUN_03,memory_stress,1,cartservice,cart-f03-02,online-boutique,node-c,0.3437,41.8751,0,191.8642,0.001348,9.2243,7.4839,13.4633,16.6773,24.7877,191.7363,191.6055,0.2043,0.0544,183032.5496,198191.2984,memory_stress,checkoutservice,2026-06-09 15:15:00,2026-06-09 15:30:00,pre_fault,0.077186905,0
2026-06-09 15:11:55,115,EXP_FAULT_03,RUN_03,memory_stress,1,cartservice,cart-f03-02,online-boutique,node-c,0.3669,41.9112,0,205.4249,0.001572,10.347,7.6359,15.5223,18.9826,27.2929,205.3049,205.1021,0.293,0.0298,190323.3813,180484.867,memory_stress,checkoutservice,2026-06-09 15:15:00,2026-06-09 15:30:00,pre_fault,0.099813975,0
2026-06-09 15:12:00,120,EXP_FAULT_03,RUN_03,memory_stress,1,cartservice,cart-f03-02,online-boutique,node-c,0.3549,42.4093,0,201.0703,0.001431,9.5046,7.0836,13.8629,16.9215,25.9877,200.9013,200.7826,0.2789,0.0088,228552.6144,177464.9547,memory_stress,checkoutservice,2026-06-09 15:15:00,2026-06-09 15:30:00,pre_fault,0.021134287,0
2026-06-09 15:12:05,125,EXP_FAULT_03,RUN_03,memory_stress,1,cartservice,cart-f03-02,online-boutique,node-c,0.3448,42.5822,0,200.5465,0.001519,9.9133,7.0677,16.5673,18.9889,25.5281,200.354,200.2418,0.2677,0.0369,252612.4206,146471.7357,memory_stress,checkoutservice,2026-06-09 15:15:00,2026-06-09 15:30:00,pre_fault,0.3487415,0
2026-06-09 15:12:10,130,EXP_FAULT_03,RUN_03,memory_stress,1,cartservice,cart-f03-02,online-boutique,node-c,0.3408,42.5793,0,202.3579,0.0008,9.2093,7.3335,14.1078,17.6822,23.1687,202.2872,202.1961,0.1412,0.0206,182342.5583,133786.6255,memory_stress,checkoutservice,2026-06-09 15:15:00,2026-06-09 15:30:00,pre_fault,0.07773854,0
2026-06-09 15:12:15,135,EXP_FAULT_03,RUN_03,memory_stress,1,cartservice,cart-f03-02,online-boutique,node-c,0.3718,42.8822,0,202.262,0.001542,9.4699,6.8151,15.4002,18.9093,23.5132,202.0992,201.95,0.2818,0.0301,187166.0357,142665.3599,memory_stress,checkoutservice,2026-06-09 15:15:00,2026-06-09 15:30:00,pre_fault,0.125195,0
2026-06-09 15:12:20,140,EXP_FAULT_03,RUN_03,memory_stress,1,cartservice,cart-f03-02,online-boutique,node-c,0.3522,41.4807,0,196.1313,0.001432,9.4937,6.9465,13.9071,17.0044,24.5761,195.9638,195.8505,0.2169,0.0639,233421.6076,137803.4953,memory_stress,checkoutservice,2026-06-09 15:15:00,2026-06-09 15:30:00,pre_fault,0.035945095,0
2026-06-09 15:12:25,145,EXP_FAULT_03,RUN_03,memory_stress,1,cartservice,cart-f03-02,online-boutique,node-c,0.3429,42.2589,0,200.0558,0.001516,8.8533,6.2324,14.0131,17.5274,21.3954,199.8702,199.7524,0.2681,0.0352,175638.8992,157158.3732,memory_stress,checkoutservice,2026-06-09 15:15:00,2026-06-09 15:30:00,pre_fault,0.07803758,0
2026-06-09 15:12:30,150,EXP_FAULT_03,RUN_03,memory_stress,1,cartservice,cart-f03-02,online-boutique,node-c,0.3606,43.4074,0,197.8242,0.001214,9.4757,7.0809,13.8944,18.745,24.5172,197.681,197.584,0.2401,0.0002,250047.2626,196839.8478,memory_stress,checkoutservice,2026-06-09 15:15:00,2026-06-09 15:30:00,pre_fault,0.015608549,0
2026-06-09 15:12:35,155,EXP_FAULT_03,RUN_03,memory_stress,1,cartservice,cart-f03-02,online-boutique,node-c,0.3396,41.5357,0,199.7759,0.001096,8.9526,6.5155,14.4217,16.0158,23.3217,199.6857,199.5569,0.1556,0.0634,222444.0746,187804.415,memory_stress,checkoutservice,2026-06-09 15:15:00,2026-06-09 15:30:00,pre_fault,0.09418636,0
2026-06-09 15:12:40,160,EXP_FAULT_03,RUN_03,memory_stress,1,cartservice,cart-f03-02,online-boutique,node-c,0.3767,40.8973,0,198.0793,0.000611,9.4176,6.7149,15.9763,17.6167,24.0354,198.007,197.9583,0.066,0.055,221524.4034,167044.2694,memory_stress,checkoutservice,2026-06-09 15:15:00,2026-06-09 15:30:00,pre_fault,0.4655528,0
2026-06-09 15:12:45,165,EXP_FAULT_03,RUN_03,memory_stress,1,cartservice,cart-f03-02,online-boutique,node-c,0.3537,42.2985,0,200.5689,0.00099,9.9844,7.5673,16.2531,18.3271,25.2676,200.4455,200.3704,0.1919,0.0066,166813.2676,166688.8199,memory_stress,checkoutservice,2026-06-09 15:15:00,2026-06-09 15:30:00,pre_fault,0.06662863,0
2026-06-09 15:12:50,170,EXP_FAULT_03,RUN_03,memory_stress,1,cartservice,cart-f03-02,online-boutique,node-c,0.373,42.3337,0,205.9625,0.000992,9.3526,7.0904,15.0178,18.4817,23.1932,205.8395,205.7582,0.1687,0.0356,183604.2832,167843.1086,memory_stress,checkoutservice,2026-06-09 15:15:00,2026-06-09 15:30:00,pre_fault,0.28705716,0
2026-06-09 15:12:55,175,EXP_FAULT_03,RUN_03,memory_stress,1,cartservice,cart-f03-02,online-boutique,node-c,0.3421,41.0672,0,195.6189,0.001283,9.2341,6.5982,13.6563,17.0986,22.0983,195.4495,195.368,0.2241,0.0268,239758.696,152576.558,memory_stress,checkoutservice,2026-06-09 15:15:00,2026-06-09 15:30:00,pre_fault,0.12267642,0
2026-06-09 15:13:00,180,EXP_FAULT_03,RUN_03,memory_stress,1,cartservice,cart-f03-02,online-boutique,node-c,0.3668,42.2648,0,211.7617,0.001291,9.1057,7.0649,13.2996,16.992,23.4727,211.5629,211.4882,0.2282,0.0452,230821.1152,147013.6095,memory_stress,checkoutservice,2026-06-09 15:15:00,2026-06-09 15:30:00,pre_fault,0.10032143,0
2026-06-09 15:13:05,185,EXP_FAULT_03,RUN_03,memory_stress,1,cartservice,cart-f03-02,online-boutique,node-c,0.3464,42.0222,0,205.0041,0.000714,9.325,7.1508,15.2247,16.9438,22.129,204.939,204.8576,0.1318,0.0146,221324.4282,144122.3439,memory_stress,checkoutservice,2026-06-09 15:15:00,2026-06-09 15:30:00,pre_fault,0.030639067,0
2026-06-09 15:13:10,190,EXP_FAULT_03,RUN_03,memory_stress,1,cartservice,cart-f03-02,online-boutique,node-c,0.3685,42.166,0,193.1562,0.001668,8.8618,6.5733,14.2583,16.8071,21.9653,192.937,192.834,0.3039,0.0183,159699.8646,156342.5982,memory_stress,checkoutservice,2026-06-09 15:15:00,2026-06-09 15:30:00,pre_fault,0.24639265,0
2026-06-09 15:13:15,195,EXP_FAULT_03,RUN_03,memory_stress,1,cartservice,cart-f03-02,online-boutique,node-c,0.39,42.4682,0,202.6114,0.000465,9.5026,7.789,15.9869,16.7806,22.4137,202.5531,202.5172,0.081,0.0132,232526.0973,148017.6489,memory_stress,checkoutservice,2026-06-09 15:15:00,2026-06-09 15:30:00,pre_fault,1.12673,1
2026-06-09 15:13:20,200,EXP_FAULT_03,RUN_03,memory_stress,1,cartservice,cart-f03-02,online-boutique,node-c,0.3707,42.1523,0,205.6247,0.001616,9.6551,6.8658,16.1809,19.0447,26.8491,205.398,205.2924,0.2795,0.0528,224917.348,148549.2296,memory_stress,checkoutservice,2026-06-09 15:15:00,2026-06-09 15:30:00,pre_fault,0.03338446,0
2026-06-09 15:13:25,205,EXP_FAULT_03,RUN_03,memory_stress,1,cartservice,cart-f03-02,online-boutique,node-c,0.3549,42.1851,0,208.7782,0.000714,9.2231,7.0416,15.5023,18.6176,22.4166,208.6996,208.6293,0.1218,0.0271,234184.9557,157548.3313,memory_stress,checkoutservice,2026-06-09 15:15:00,2026-06-09 15:30:00,pre_fault,0.015728517,0
2026-06-09 15:13:30,210,EXP_FAULT_03,RUN_03,memory_stress,1,cartservice,cart-f03-02,online-boutique,node-c,0.3569,41.9214,0,210.3711,0.001378,9.7694,6.9527,15.7132,18.6472,24.4884,210.2572,210.0813,0.2751,0.0147,205954.4996,216269.0627,memory_stress,checkoutservice,2026-06-09 15:15:00,2026-06-09 15:30:00,pre_fault,0.061258562,0
2026-06-09 15:13:35,215,EXP_FAULT_03,RUN_03,memory_stress,1,cartservice,cart-f03-02,online-boutique,node-c,0.3636,42.2294,0,203.8971,0.00049,8.5687,6.5113,13.9992,15.337,20.6121,203.853,203.7972,0.0623,0.0376,250586.0667,182672.339,memory_stress,checkoutservice,2026-06-09 15:15:00,2026-06-09 15:30:00,pre_fault,0.48349643,0
2026-06-09 15:13:40,220,EXP_FAULT_03,RUN_03,memory_stress,1,cartservice,cart-f03-02,online-boutique,node-c,0.3545,42.0033,0,204.4977,0.000928,9.2691,6.5704,13.5648,18.8654,25.3374,204.4302,204.3079,0.1543,0.0354,201861.8751,212120.8807,memory_stress,checkoutservice,2026-06-09 15:15:00,2026-06-09 15:30:00,pre_fault,0.0026162616,0
2026-06-09 15:13:45,225,EXP_FAULT_03,RUN_03,memory_stress,1,cartservice,cart-f03-02,online-boutique,node-c,0.3542,41.7118,0,202.2462,0.000533,9.226,7.0188,13.5038,16.7757,23.9549,202.2025,202.1385,0.1048,0.0029,255535.1614,203480.8482,memory_stress,checkoutservice,2026-06-09 15:15:00,2026-06-09 15:30:00,pre_fault,0.026392967,0
2026-06-09 15:13:50,230,EXP_FAULT_03,RUN_03,memory_stress,1,cartservice,cart-f03-02,online-boutique,node-c,0.3514,42.5259,0,203.2719,0.001572,9.0164,7.1248,15.1012,17.9324,25.5552,203.0881,202.9523,0.2896,0.0299,214939.4291,164275.0643,memory_stress,checkoutservice,2026-06-09 15:15:00,2026-06-09 15:30:00,pre_fault,0.017320607,0
2026-06-09 15:13:55,235,EXP_FAULT_03,RUN_03,memory_stress,1,cartservice,cart-f03-02,online-boutique,node-c,0.3329,42.7832,0,200.6635,0.000658,9.8791,6.9671,16.6291,19.6226,28.0877,200.5725,200.5314,0.1006,0.0314,211477.5547,186757.4181,memory_stress,checkoutservice,2026-06-09 15:15:00,2026-06-09 15:30:00,pre_fault,0.50617707,0
2026-06-09 15:14:00,240,EXP_FAULT_03,RUN_03,memory_stress,1,cartservice,cart-f03-02,online-boutique,node-c,0.3385,41.7262,0,202.5749,0.000349,8.9573,6.3328,15.2183,16.2092,21.4745,202.5351,202.5041,0.0697,0.0011,241854.0183,166746.1841,memory_stress,checkoutservice,2026-06-09 15:15:00,2026-06-09 15:30:00,pre_fault,0.056341134,0
2026-06-09 15:14:05,245,EXP_FAULT_03,RUN_03,memory_stress,1,cartservice,cart-f03-02,online-boutique,node-c,0.3356,42.2283,0,199.6499,0.000829,9.0273,6.6501,14.7635,17.1856,25.09,199.5322,199.4843,0.1045,0.0611,216370.0952,184100.7315,memory_stress,checkoutservice,2026-06-09 15:15:00,2026-06-09 15:30:00,pre_fault,0.12382759,0
2026-06-09 15:14:10,250,EXP_FAULT_03,RUN_03,memory_stress,1,cartservice,cart-f03-02,online-boutique,node-c,0.3464,42.0499,0,203.409,0.000886,8.7747,7.0326,13.897,16.1302,23.1301,203.2999,203.2288,0.1649,0.0153,250023.9257,164616.091,memory_stress,checkoutservice,2026-06-09 15:15:00,2026-06-09 15:30:00,pre_fault,0.0064021684,0
2026-06-09 15:14:15,255,EXP_FAULT_03,RUN_03,memory_stress,1,cartservice,cart-f03-02,online-boutique,node-c,0.3451,42.6083,0,192.9959,0.001705,10.0982,7.9775,16.327,18.2886,24.0327,192.7587,192.6669,0.29,0.0391,160266.4252,183722.4611,memory_stress,checkoutservice,2026-06-09 15:15:00,2026-06-09 15:30:00,pre_fault,0.40878168,0
2026-06-09 15:14:20,260,EXP_FAULT_03,RUN_03,memory_stress,1,cartservice,cart-f03-02,online-boutique,node-c,0.355,41.9447,0,195.8598,0.001787,9.4615,7.6298,15.7136,17.0162,23.5377,195.6424,195.5098,0.3027,0.0474,225696.7563,198894.4087,memory_stress,checkoutservice,2026-06-09 15:15:00,2026-06-09 15:30:00,pre_fault,0.04802169,0
2026-06-09 15:14:25,265,EXP_FAULT_03,RUN_03,memory_stress,1,cartservice,cart-f03-02,online-boutique,node-c,0.3721,42.0493,0,196.0761,0.001268,9.1176,7.1331,14.7619,16.563,24.6151,195.9365,195.8274,0.1924,0.0563,174353.0421,137006.1677,memory_stress,checkoutservice,2026-06-09 15:15:00,2026-06-09 15:30:00,pre_fault,0.3536533,0
2026-06-09 15:14:30,270,EXP_FAULT_03,RUN_03,memory_stress,1,cartservice,cart-f03-02,online-boutique,node-c,0.3542,42.7794,0,189.1269,0.000859,9.66,7.4874,15.1794,19.321,23.9706,189.0453,188.9644,0.1036,0.0589,224253.168,187091.4148,memory_stress,checkoutservice,2026-06-09 15:15:00,2026-06-09 15:30:00,pre_fault,0.0056653307,0
2026-06-09 15:14:35,275,EXP_FAULT_03,RUN_03,memory_stress,1,cartservice,cart-f03-02,online-boutique,node-c,0.3547,42.0298,0,186.7688,0.00141,9.1232,6.8282,14.4077,18.1162,22.5318,186.6588,186.5055,0.226,0.0373,193776.9266,158025.2052,memory_stress,checkoutservice,2026-06-09 15:15:00,2026-06-09 15:30:00,pre_fault,0.031764723,0
2026-06-09 15:14:40,280,EXP_FAULT_03,RUN_03,memory_stress,1,cartservice,cart-f03-02,online-boutique,node-c,0.3352,42.6753,0,179.5501,0.000943,9.6759,7.9057,15.5224,17.2334,24.0103,179.4581,179.3808,0.1233,0.046,190132.6922,156385.2385,memory_stress,checkoutservice,2026-06-09 15:15:00,2026-06-09 15:30:00,pre_fault,0.21998623,0
2026-06-09 15:14:45,285,EXP_FAULT_03,RUN_03,memory_stress,1,cartservice,cart-f03-02,online-boutique,node-c,0.3568,42.6069,0,188.9007,0.000789,9.9223,7.1569,14.4157,18.2388,23.5663,188.7912,188.7517,0.106,0.0429,181012.5671,168950.5778,memory_stress,checkoutservice,2026-06-09 15:15:00,2026-06-09 15:30:00,pre_fault,0.0092173945,0
2026-06-09 15:14:50,290,EXP_FAULT_03,RUN_03,memory_stress,1,cartservice,cart-f03-02,online-boutique,node-c,0.3746,41.8765,0,181.9707,0.000489,8.7922,6.1749,14.6299,16.2932,20.6941,181.9307,181.8818,0.0785,0.0105,198228.039,175734.727,memory_stress,checkoutservice,2026-06-09 15:15:00,2026-06-09 15:30:00,pre_fault,1.1823123,1
2026-06-09 15:14:55,295,EXP_FAULT_03,RUN_03,memory_stress,1,cartservice,cart-f03-02,online-boutique,node-c,0.3569,42.3451,0,184.9562,0.000485,9.5892,7.1728,14.4199,18.926,23.6156,184.8936,184.8666,0.0566,0.0331,207408.0974,167399.6577,memory_stress,checkoutservice,2026-06-09 15:15:00,2026-06-09 15:30:00,pre_fault,0.065431915,0
2026-06-09 15:15:00,300,EXP_FAULT_03,RUN_03,memory_stress,1,cartservice,cart-f03-02,online-boutique,node-c,0.355,47.4036,0,188.0915,0.001585,17.6576,8.4426,39.824,57.3692,111.7639,170.8893,187.7934,0.2762,0.0218,239451.9016,170016.7283,memory_stress,checkoutservice,2026-06-09 15:15:00,2026-06-09 15:30:00,during_fault,21.673435,1
2026-06-09 15:15:05,305,EXP_FAULT_03,RUN_03,memory_stress,1,cartservice,cart-f03-02,online-boutique,node-c,0.3729,46.7215,0,188.2515,0.00217,18.5714,8.2201,38.1427,59.6742,106.9231,171.0164,187.843,0.38,0.0286,205342.3128,131395.4026,memory_stress,checkoutservice,2026-06-09 15:15:00,2026-06-09 15:30:00,during_fault,21.729877,1
2026-06-09 15:15:10,310,EXP_FAULT_03,RUN_03,memory_stress,1,cartservice,cart-f03-02,online-boutique,node-c,0.3238,46.966,0,178.8783,0.00148,18.1207,8.5647,37.8896,60.4645,99.9734,162.707,178.6135,0.209,0.0558,210991.6009,141188.2521,memory_stress,checkoutservice,2026-06-09 15:15:00,2026-06-09 15:30:00,during_fault,29.748657,1
2026-06-09 15:15:15,315,EXP_FAULT_03,RUN_03,memory_stress,1,cartservice,cart-f03-02,online-boutique,node-c,0.3515,46.7552,0,181.1569,0.001272,18.9086,8.7191,39.0086,60.4675,104.7693,164.9396,180.9264,0.1938,0.0367,182182.0823,166431.952,memory_stress,checkoutservice,2026-06-09 15:15:00,2026-06-09 15:30:00,during_fault,24.898956,1
2026-06-09 15:15:20,320,EXP_FAULT_03,RUN_03,memory_stress,1,cartservice,cart-f03-02,online-boutique,node-c,0.3412,47.2821,0,179.3438,0.001099,17.8612,8.5415,34.5002,61.6417,114.4123,163.5198,179.1467,0.1672,0.0299,235609.3552,188729.9594,memory_stress,checkoutservice,2026-06-09 15:15:00,2026-06-09 15:30:00,during_fault,23.594557,1
2026-06-09 15:15:25,325,EXP_FAULT_03,RUN_03,memory_stress,1,cartservice,cart-f03-02,online-boutique,node-c,0.3452,47.2122,0,180.3425,0.001355,18.2085,8.5887,39.0607,61.1423,104.8579,164.6729,180.0982,0.2302,0.0141,229384.3166,163162.5602,memory_stress,checkoutservice,2026-06-09 15:15:00,2026-06-09 15:30:00,during_fault,24.775053,1
2026-06-09 15:15:30,330,EXP_FAULT_03,RUN_03,memory_stress,1,cartservice,cart-f03-02,online-boutique,node-c,0.3616,46.9703,0,180.5847,0.002238,18.1183,8.4192,35.2211,57.554,114.2092,165.1548,180.1806,0.373,0.0311,214576.5062,167295.7446,memory_stress,checkoutservice,2026-06-09 15:15:00,2026-06-09 15:30:00,during_fault,22.624294,1
2026-06-09 15:15:35,335,EXP_FAULT_03,RUN_03,memory_stress,1,cartservice,cart-f03-02,online-boutique,node-c,0.3303,46.2163,0,187.2358,0.001899,17.8363,8.6318,37.6659,53.0923,102.28,171.6493,186.8803,0.3105,0.045,214183.4238,198774.7976,memory_stress,checkoutservice,2026-06-09 15:15:00,2026-06-09 15:30:00,during_fault,26.69875,1
2026-06-09 15:15:40,340,EXP_FAULT_03,RUN_03,memory_stress,1,cartservice,cart-f03-02,online-boutique,node-c,0.3505,46.2876,0,182.9046,0.000837,15.8809,8.3704,31.0958,52.577,83.5427,168.1391,182.7515,0.1371,0.016,166068.5967,184161.1651,memory_stress,checkoutservice,2026-06-09 15:15:00,2026-06-09 15:30:00,during_fault,12.154129,1
2026-06-09 15:15:45,345,EXP_FAULT_03,RUN_03,memory_stress,1,cartservice,cart-f03-02,online-boutique,node-c,0.3471,46.5014,0,187.1168,0.001561,16.6727,8.4957,34.4618,54.645,94.9477,172.388,186.8248,0.2689,0.0231,199798.7633,184252.2715,memory_stress,checkoutservice,2026-06-09 15:15:00,2026-06-09 15:30:00,during_fault,17.695847,1
2026-06-09 15:15:50,350,EXP_FAULT_03,RUN_03,memory_stress,1,cartservice,cart-f03-02,online-boutique,node-c,0.3312,45.6488,0,188.2985,0.000671,17.28,8.6882,34.3824,53.7817,90.6544,173.999,188.1721,0.1193,0.0071,235285.2395,180785.3276,memory_stress,checkoutservice,2026-06-09 15:15:00,2026-06-09 15:30:00,during_fault,19.450756,1
2026-06-09 15:15:55,355,EXP_FAULT_03,RUN_03,memory_stress,1,cartservice,cart-f03-02,online-boutique,node-c,0.3642,45.2477,0,184.3633,0.000962,15.2849,7.8751,33.1433,49.3464,76.6416,170.8211,184.186,0.1665,0.0108,216317.2197,150137.6434,memory_stress,checkoutservice,2026-06-09 15:15:00,2026-06-09 15:30:00,during_fault,7.2995286,1
2026-06-09 15:16:00,360,EXP_FAULT_03,RUN_03,memory_stress,1,cartservice,cart-f03-02,online-boutique,node-c,0.3596,45.5918,0,184.6644,0.001436,14.9608,7.6012,32.3559,42.2918,73.5375,171.5361,184.3993,0.2634,0.0017,192910.8315,136223.9438,memory_stress,checkoutservice,2026-06-09 15:15:00,2026-06-09 15:30:00,during_fault,8.626341,1
2026-06-09 15:16:05,365,EXP_FAULT_03,RUN_03,memory_stress,1,cartservice,cart-f03-02,online-boutique,node-c,0.3523,46.5382,0,189.1967,0.001686,16.971,8.4041,32.9523,49.9814,86.9084,176.2531,188.8778,0.2765,0.0424,179406.067,129462.9001,memory_stress,checkoutservice,2026-06-09 15:15:00,2026-06-09 15:30:00,during_fault,18.159107,1
2026-06-09 15:16:10,370,EXP_FAULT_03,RUN_03,memory_stress,1,cartservice,cart-f03-02,online-boutique,node-c,0.3586,45.562,0,187.912,0.001741,17.2207,9.3215,34.3791,52.2086,93.1787,175.5491,187.5848,0.2718,0.0553,190127.9743,149094.7114,memory_stress,checkoutservice,2026-06-09 15:15:00,2026-06-09 15:30:00,during_fault,16.1424,1
2026-06-09 15:16:15,375,EXP_FAULT_03,RUN_03,memory_stress,1,cartservice,cart-f03-02,online-boutique,node-c,0.3246,46.112,0,189.1889,0.001448,15.0141,8.2452,31.0589,46.515,75.1775,177.2406,188.915,0.2562,0.0177,217325.2482,176099.1428,memory_stress,checkoutservice,2026-06-09 15:15:00,2026-06-09 15:30:00,during_fault,15.497507,1
2026-06-09 15:16:20,380,EXP_FAULT_03,RUN_03,memory_stress,1,cartservice,cart-f03-02,online-boutique,node-c,0.3618,45.8386,0,186.6868,0.001224,13.6836,7.2081,28.3244,39.6662,73.0644,175.3969,186.4583,0.1825,0.0459,159040.217,175640.0661,memory_stress,checkoutservice,2026-06-09 15:15:00,2026-06-09 15:30:00,during_fault,5.8192487,1
2026-06-09 15:16:25,385,EXP_FAULT_03,RUN_03,memory_stress,1,cartservice,cart-f03-02,online-boutique,node-c,0.3441,45.1906,0,192.0029,0.001784,13.7487,7.7151,26.6582,38.8815,73.1442,180.808,191.6604,0.3362,0.0064,250687.87,172459.4172,memory_stress,checkoutservice,2026-06-09 15:15:00,2026-06-09 15:30:00,during_fault,7.7915545,1
2026-06-09 15:16:30,390,EXP_FAULT_03,RUN_03,memory_stress,1,cartservice,cart-f03-02,online-boutique,node-c,0.3565,44.469,0,190.0107,0.001183,14.3159,7.8049,26.6057,37.5538,62.0432,179.4031,189.7859,0.1882,0.0366,193445.9706,143998.8899,memory_stress,checkoutservice,2026-06-09 15:15:00,2026-06-09 15:30:00,during_fault,5.7824416,1
2026-06-09 15:16:35,395,EXP_FAULT_03,RUN_03,memory_stress,1,cartservice,cart-f03-02,online-boutique,node-c,0.3488,45.9022,0,191.2666,0.00203,14.0883,8.2103,27.4065,41.6789,60.0485,180.8446,190.8784,0.3799,0.0083,160373.9183,194352.4038,memory_stress,checkoutservice,2026-06-09 15:15:00,2026-06-09 15:30:00,during_fault,9.653489,1
2026-06-09 15:16:40,400,EXP_FAULT_03,RUN_03,memory_stress,1,cartservice,cart-f03-02,online-boutique,node-c,0.331,44.8316,0,187.614,0.001777,13.2053,7.8324,24.5081,37.1727,55.7877,177.8069,187.2806,0.2776,0.0558,187701.958,171908.6197,memory_stress,checkoutservice,2026-06-09 15:15:00,2026-06-09 15:30:00,during_fault,7.5295777,1
2026-06-09 15:16:45,405,EXP_FAULT_03,RUN_03,memory_stress,1,cartservice,cart-f03-02,online-boutique,node-c,0.3818,44.56,0,191.9088,0.001582,14.0,8.2226,26.8493,38.9915,59.4604,182.1845,191.6052,0.2932,0.0104,226652.3273,155729.8197,memory_stress,checkoutservice,2026-06-09 15:15:00,2026-06-09 15:30:00,during_fault,3.167024,1
2026-06-09 15:16:50,410,EXP_FAULT_03,RUN_03,memory_stress,1,cartservice,cart-f03-02,online-boutique,node-c,0.356,44.7967,0,190.4306,0.001192,13.7687,7.8042,25.0796,39.6509,60.9666,181.1248,190.2036,0.1841,0.0429,195267.1924,178459.0065,memory_stress,checkoutservice,2026-06-09 15:15:00,2026-06-09 15:30:00,during_fault,5.075006,1
2026-06-09 15:16:55,415,EXP_FAULT_03,RUN_03,memory_stress,1,cartservice,cart-f03-02,online-boutique,node-c,0.3408,44.7179,0,191.3674,0.000866,13.6001,7.9575,25.5491,35.5035,58.0489,182.2364,191.2016,0.141,0.0247,219353.9837,178953.3737,memory_stress,checkoutservice,2026-06-09 15:15:00,2026-06-09 15:30:00,during_fault,5.910178,1
2026-06-09 15:17:00,420,EXP_FAULT_03,RUN_03,memory_stress,1,cartservice,cart-f03-02,online-boutique,node-c,0.3569,44.6546,0,183.7013,0.001527,14.2033,8.2009,26.9342,36.7927,59.1832,175.034,183.4207,0.2665,0.0141,157231.8304,169429.3078,memory_stress,checkoutservice,2026-06-09 15:15:00,2026-06-09 15:30:00,during_fault,5.9608245,1
2026-06-09 15:17:05,425,EXP_FAULT_03,RUN_03,memory_stress,1,cartservice,cart-f03-02,online-boutique,node-c,0.3493,45.1639,0,185.6511,0.001204,12.1501,6.8791,23.2969,31.1948,52.6367,176.9758,185.4276,0.212,0.0115,222271.6523,157513.5833,memory_stress,checkoutservice,2026-06-09 15:15:00,2026-06-09 15:30:00,during_fault,3.3277106,1
2026-06-09 15:17:10,430,EXP_FAULT_03,RUN_03,memory_stress,1,cartservice,cart-f03-02,online-boutique,node-c,0.3587,44.2761,0,194.4878,0.001857,13.609,7.5555,25.8734,36.3863,54.5551,185.4299,194.1267,0.3478,0.0134,218988.4483,152787.4877,memory_stress,checkoutservice,2026-06-09 15:15:00,2026-06-09 15:30:00,during_fault,4.685269,1
2026-06-09 15:17:15,435,EXP_FAULT_03,RUN_03,memory_stress,1,cartservice,cart-f03-02,online-boutique,node-c,0.3516,44.5238,0,190.8752,0.001804,14.3486,7.8951,27.1947,41.2929,58.9121,181.9215,190.5308,0.3125,0.0318,209690.3623,132769.9643,memory_stress,checkoutservice,2026-06-09 15:15:00,2026-06-09 15:30:00,during_fault,7.288901,1
2026-06-09 15:17:20,440,EXP_FAULT_03,RUN_03,memory_stress,1,cartservice,cart-f03-02,online-boutique,node-c,0.3445,45.2655,0,187.8874,0.001315,12.7263,7.8634,25.2688,31.9117,59.9141,179.0188,187.6404,0.2436,0.0033,213898.5353,144190.6787,memory_stress,checkoutservice,2026-06-09 15:15:00,2026-06-09 15:30:00,during_fault,5.1562576,1
2026-06-09 15:17:25,445,EXP_FAULT_03,RUN_03,memory_stress,1,cartservice,cart-f03-02,online-boutique,node-c,0.3562,44.1498,0,188.4512,0.001003,12.5304,7.2322,24.6349,34.1306,57.1159,179.4362,188.2623,0.1748,0.0142,204459.5088,176753.9905,memory_stress,checkoutservice,2026-06-09 15:15:00,2026-06-09 15:30:00,during_fault,2.2692475,1
2026-06-09 15:17:30,450,EXP_FAULT_03,RUN_03,memory_stress,1,cartservice,cart-f03-02,online-boutique,node-c,0.3553,44.4985,0,188.3098,0.001903,14.3558,8.5638,28.2967,38.3467,61.8105,179.0397,187.9514,0.3093,0.049,239706.4569,151489.8834,memory_stress,checkoutservice,2026-06-09 15:15:00,2026-06-09 15:30:00,during_fault,6.8604417,1
2026-06-09 15:17:35,455,EXP_FAULT_03,RUN_03,memory_stress,1,cartservice,cart-f03-02,online-boutique,node-c,0.3674,45.7132,0,177.608,0.001188,13.5534,7.9069,25.8637,38.6183,57.6709,168.6744,177.397,0.1677,0.0433,179479.3886,164451.1895,memory_stress,checkoutservice,2026-06-09 15:15:00,2026-06-09 15:30:00,during_fault,4.9584293,1
2026-06-09 15:17:40,460,EXP_FAULT_03,RUN_03,memory_stress,1,cartservice,cart-f03-02,online-boutique,node-c,0.3523,45.4869,0,180.805,0.001391,13.877,8.3832,25.074,37.2956,59.6746,171.4185,180.5535,0.2079,0.0437,225248.2662,173443.4049,memory_stress,checkoutservice,2026-06-09 15:15:00,2026-06-09 15:30:00,during_fault,6.812799,1
2026-06-09 15:17:45,465,EXP_FAULT_03,RUN_03,memory_stress,1,cartservice,cart-f03-02,online-boutique,node-c,0.3453,44.485,0,174.124,0.001753,12.9739,7.4269,24.7982,34.7229,56.5791,164.6596,173.8187,0.2482,0.057,153579.0043,180373.4555,memory_stress,checkoutservice,2026-06-09 15:15:00,2026-06-09 15:30:00,during_fault,4.7248163,1
2026-06-09 15:17:50,470,EXP_FAULT_03,RUN_03,memory_stress,1,cartservice,cart-f03-02,online-boutique,node-c,0.3499,44.3791,0,180.3092,0.001116,13.7335,7.6855,28.2198,41.0148,64.7825,170.2575,180.1079,0.1768,0.0245,190690.7896,160895.1451,memory_stress,checkoutservice,2026-06-09 15:15:00,2026-06-09 15:30:00,during_fault,4.9484353,1
2026-06-09 15:17:55,475,EXP_FAULT_03,RUN_03,memory_stress,1,cartservice,cart-f03-02,online-boutique,node-c,0.36,45.6073,0,172.6371,0.00069,15.4743,8.1947,28.9689,43.1494,73.2574,162.6157,172.5179,0.0932,0.0259,204050.7607,137050.7742,memory_stress,checkoutservice,2026-06-09 15:15:00,2026-06-09 15:30:00,during_fault,8.191075,1
2026-06-09 15:18:00,480,EXP_FAULT_03,RUN_03,memory_stress,1,cartservice,cart-f03-02,online-boutique,node-c,0.3441,44.6493,0,179.3748,0.002011,13.8596,7.1054,27.0019,39.1941,69.0737,168.4528,179.0141,0.3263,0.0344,204267.9497,154373.0169,memory_stress,checkoutservice,2026-06-09 15:15:00,2026-06-09 15:30:00,during_fault,7.2736907,1
2026-06-09 15:18:05,485,EXP_FAULT_03,RUN_03,memory_stress,1,cartservice,cart-f03-02,online-boutique,node-c,0.3575,45.6705,0,175.5816,0.001823,15.312,8.3222,30.4687,42.2666,79.2923,164.4866,175.2615,0.3062,0.014,205453.1123,143239.1087,memory_stress,checkoutservice,2026-06-09 15:15:00,2026-06-09 15:30:00,during_fault,10.305286,1
2026-06-09 15:18:10,490,EXP_FAULT_03,RUN_03,memory_stress,1,cartservice,cart-f03-02,online-boutique,node-c,0.355,46.2873,0,176.2202,0.001296,15.1642,8.279,29.0895,46.5371,81.5258,164.6286,175.9919,0.2279,0.0004,209369.2924,167138.8058,memory_stress,checkoutservice,2026-06-09 15:15:00,2026-06-09 15:30:00,during_fault,10.701678,1
2026-06-09 15:18:15,495,EXP_FAULT_03,RUN_03,memory_stress,1,cartservice,cart-f03-02,online-boutique,node-c,0.3493,46.2942,0,180.2163,0.001821,15.1118,7.4969,32.0365,46.6295,84.4236,167.8753,179.8881,0.2893,0.0389,163675.4154,123275.1824,memory_stress,checkoutservice,2026-06-09 15:15:00,2026-06-09 15:30:00,during_fault,12.4310255,1
2026-06-09 15:18:20,500,EXP_FAULT_03,RUN_03,memory_stress,1,cartservice,cart-f03-02,online-boutique,node-c,0.358,46.6734,0,181.4343,0.001115,15.7864,7.5944,30.0534,44.6429,86.3803,168.5695,181.232,0.1676,0.0346,187437.5631,181150.6376,memory_stress,checkoutservice,2026-06-09 15:15:00,2026-06-09 15:30:00,during_fault,12.129373,1
2026-06-09 15:18:25,505,EXP_FAULT_03,RUN_03,memory_stress,1,cartservice,cart-f03-02,online-boutique,node-c,0.3585,46.1998,0,184.6764,0.001702,16.5806,8.9822,34.4026,52.6929,98.3809,171.0587,184.3621,0.2902,0.024,211652.1658,133036.9144,memory_stress,checkoutservice,2026-06-09 15:15:00,2026-06-09 15:30:00,during_fault,14.995569,1
2026-06-09 15:18:30,510,EXP_FAULT_03,RUN_03,memory_stress,1,cartservice,cart-f03-02,online-boutique,node-c,0.3479,46.4718,0,176.7485,0.001185,16.2849,8.1698,33.1612,52.038,91.8273,163.311,176.5391,0.1893,0.0201,183001.8814,119955.1813,memory_stress,checkoutservice,2026-06-09 15:15:00,2026-06-09 15:30:00,during_fault,15.039731,1
2026-06-09 15:18:35,515,EXP_FAULT_03,RUN_03,memory_stress,1,cartservice,cart-f03-02,online-boutique,node-c,0.3739,45.8542,0,180.018,0.0018,16.082,7.4352,31.6215,53.6407,97.6101,165.8235,179.6939,0.2866,0.0374,198889.9192,138222.3291,memory_stress,checkoutservice,2026-06-09 15:15:00,2026-06-09 15:30:00,during_fault,10.288305,1
2026-06-09 15:18:40,520,EXP_FAULT_03,RUN_03,memory_stress,1,cartservice,cart-f03-02,online-boutique,node-c,0.3466,47.1915,0,182.4359,0.001705,19.327,9.0216,40.0596,60.446,107.2642,167.6401,182.1247,0.2477,0.0634,203133.6329,145806.2393,memory_stress,checkoutservice,2026-06-09 15:15:00,2026-06-09 15:30:00,during_fault,30.678486,1
2026-06-09 15:18:45,525,EXP_FAULT_03,RUN_03,memory_stress,1,cartservice,cart-f03-02,online-boutique,node-c,0.3753,46.3451,0,182.7867,0.002429,18.2455,9.1011,36.2562,56.4969,106.2022,167.4795,182.3427,0.3815,0.0625,235082.3742,155287.6169,memory_stress,checkoutservice,2026-06-09 15:15:00,2026-06-09 15:30:00,during_fault,20.017801,1
2026-06-09 15:18:50,530,EXP_FAULT_03,RUN_03,memory_stress,1,cartservice,cart-f03-02,online-boutique,node-c,0.3672,46.7781,0,178.4282,0.001932,16.4761,8.1891,35.9486,50.7943,94.2238,163.1994,178.0834,0.2897,0.0551,154590.0927,143453.4179,memory_stress,checkoutservice,2026-06-09 15:15:00,2026-06-09 15:30:00,during_fault,14.764432,1
2026-06-09 15:18:55,535,EXP_FAULT_03,RUN_03,memory_stress,1,cartservice,cart-f03-02,online-boutique,node-c,0.3387,47.097,0,182.2566,0.001946,17.4244,8.2692,35.6177,55.256,110.2218,166.3917,181.9019,0.3303,0.0244,209677.4787,136888.6514,memory_stress,checkoutservice,2026-06-09 15:15:00,2026-06-09 15:30:00,during_fault,24.852207,1
2026-06-09 15:19:00,540,EXP_FAULT_03,RUN_03,memory_stress,1,cartservice,cart-f03-02,online-boutique,node-c,0.3442,46.8593,0,179.9912,0.000817,18.1501,8.037,35.9624,64.1896,105.7075,164.1303,179.8441,0.11,0.037,171071.6073,147724.7517,memory_stress,checkoutservice,2026-06-09 15:15:00,2026-06-09 15:30:00,during_fault,22.172369,1
2026-06-09 15:19:05,545,EXP_FAULT_03,RUN_03,memory_stress,1,cartservice,cart-f03-02,online-boutique,node-c,0.3542,47.3428,0,181.1903,0.001676,18.4975,8.1074,40.3648,65.7063,104.3652,164.9606,180.8866,0.2527,0.051,188359.5998,133477.3368,memory_stress,checkoutservice,2026-06-09 15:15:00,2026-06-09 15:30:00,during_fault,25.288229,1
2026-06-09 15:19:10,550,EXP_FAULT_03,RUN_03,memory_stress,1,cartservice,cart-f03-02,online-boutique,node-c,0.3551,47.4061,0,193.3256,0.001926,19.361,9.4764,38.1883,63.6192,109.9313,175.8268,192.9532,0.3365,0.0359,218835.6678,144209.4611,memory_stress,checkoutservice,2026-06-09 15:15:00,2026-06-09 15:30:00,during_fault,30.024845,1
2026-06-09 15:19:15,555,EXP_FAULT_03,RUN_03,memory_stress,1,cartservice,cart-f03-02,online-boutique,node-c,0.3369,46.8488,0,182.6019,0.001257,18.7863,8.6753,37.1934,66.2107,103.6042,166.0312,182.3723,0.2233,0.0063,161311.9611,142399.0436,memory_stress,checkoutservice,2026-06-09 15:15:00,2026-06-09 15:30:00,during_fault,28.303925,1
2026-06-09 15:19:20,560,EXP_FAULT_03,RUN_03,memory_stress,1,cartservice,cart-f03-02,online-boutique,node-c,0.3428,47.0707,0,189.4754,0.002348,18.8995,9.4211,37.2716,63.0615,106.9708,172.1219,189.0306,0.3976,0.0472,242145.0084,186210.3917,memory_stress,checkoutservice,2026-06-09 15:15:00,2026-06-09 15:30:00,during_fault,31.767649,1
2026-06-09 15:19:25,565,EXP_FAULT_03,RUN_03,memory_stress,1,cartservice,cart-f03-02,online-boutique,node-c,0.3508,47.1166,0,188.4977,0.002063,18.0132,8.2149,40.3784,62.4707,104.4122,171.2349,188.1088,0.3552,0.0336,180221.6674,193431.8444,memory_stress,checkoutservice,2026-06-09 15:15:00,2026-06-09 15:30:00,during_fault,25.037663,1
2026-06-09 15:19:30,570,EXP_FAULT_03,RUN_03,memory_stress,1,cartservice,cart-f03-02,online-boutique,node-c,0.3632,46.8475,0,192.6605,0.000903,18.953,8.8908,38.654,65.9047,107.95,175.1683,192.4866,0.1664,0.0075,178482.8967,190020.5173,memory_stress,checkoutservice,2026-06-09 15:15:00,2026-06-09 15:30:00,during_fault,21.454607,1
2026-06-09 15:19:35,575,EXP_FAULT_03,RUN_03,memory_stress,1,cartservice,cart-f03-02,online-boutique,node-c,0.3719,47.4528,0,188.5219,0.00122,16.7262,7.6087,37.7672,57.9331,101.6637,171.4683,188.2919,0.1758,0.0543,223072.7871,198566.5351,memory_stress,checkoutservice,2026-06-09 15:15:00,2026-06-09 15:30:00,during_fault,14.399547,1
2026-06-09 15:19:40,580,EXP_FAULT_03,RUN_03,memory_stress,1,cartservice,cart-f03-02,online-boutique,node-c,0.354,47.6043,0,191.9554,0.001455,18.4391,8.4293,38.1267,56.3414,116.6178,174.7924,191.676,0.2643,0.015,247713.5346,170684.0955,memory_stress,checkoutservice,2026-06-09 15:15:00,2026-06-09 15:30:00,during_fault,25.041773,1
2026-06-09 15:19:45,585,EXP_FAULT_03,RUN_03,memory_stress,1,cartservice,cart-f03-02,online-boutique,node-c,0.3301,46.5983,0,190.4993,0.001083,18.1185,8.3572,37.9745,62.7421,111.0003,173.716,190.293,0.1708,0.0355,211396.2906,177916.6966,memory_stress,checkoutservice,2026-06-09 15:15:00,2026-06-09 15:30:00,during_fault,26.161102,1
2026-06-09 15:19:50,590,EXP_FAULT_03,RUN_03,memory_stress,1,cartservice,cart-f03-02,online-boutique,node-c,0.3517,47.4589,0,194.0363,0.001548,17.7606,7.9663,34.2765,59.2798,107.3204,177.1519,193.736,0.2818,0.0185,249751.0565,146896.4414,memory_stress,checkoutservice,2026-06-09 15:15:00,2026-06-09 15:30:00,during_fault,22.860012,1
2026-06-09 15:19:55,595,EXP_FAULT_03,RUN_03,memory_stress,1,cartservice,cart-f03-02,online-boutique,node-c,0.3644,46.2145,0,192.3345,0.001244,18.8506,9.8261,40.3081,65.314,107.6072,175.9168,192.0953,0.2132,0.026,175278.6768,143299.3233,memory_stress,checkoutservice,2026-06-09 15:15:00,2026-06-09 15:30:00,during_fault,20.70757,1
2026-06-09 15:20:00,600,EXP_FAULT_03,RUN_03,memory_stress,1,cartservice,cart-f03-02,online-boutique,node-c,0.3564,46.0247,0,198.6588,0.002164,17.3952,7.9697,34.5978,59.0729,109.7571,182.051,198.2289,0.3667,0.0632,199426.6011,170216.9132,memory_stress,checkoutservice,2026-06-09 15:15:00,2026-06-09 15:30:00,during_fault,19.388123,1
2026-06-09 15:20:05,605,EXP_FAULT_03,RUN_03,memory_stress,1,cartservice,cart-f03-02,online-boutique,node-c,0.354,46.4763,0,195.4744,0.001937,16.9495,8.7559,36.7477,50.914,87.8172,179.5823,195.0958,0.3156,0.063,174111.0767,163708.5651,memory_stress,checkoutservice,2026-06-09 15:15:00,2026-06-09 15:30:00,during_fault,18.431509,1
2026-06-09 15:20:10,610,EXP_FAULT_03,RUN_03,memory_stress,1,cartservice,cart-f03-02,online-boutique,node-c,0.3616,46.6788,0,196.8126,0.000631,16.4759,8.62,35.134,48.7082,90.0173,181.3715,196.6885,0.1017,0.0224,217248.1656,154361.8777,memory_stress,checkoutservice,2026-06-09 15:15:00,2026-06-09 15:30:00,during_fault,12.264838,1
2026-06-09 15:20:15,615,EXP_FAULT_03,RUN_03,memory_stress,1,cartservice,cart-f03-02,online-boutique,node-c,0.3591,46.1516,0,197.588,0.001855,16.3744,8.7334,34.3768,48.5395,98.0434,182.4581,197.2214,0.309,0.0576,255823.5396,199711.9913,memory_stress,checkoutservice,2026-06-09 15:15:00,2026-06-09 15:30:00,during_fault,14.619522,1
2026-06-09 15:20:20,620,EXP_FAULT_03,RUN_03,memory_stress,1,cartservice,cart-f03-02,online-boutique,node-c,0.3426,46.715,0,195.8359,0.000834,16.5321,7.9458,35.0724,54.3499,81.4276,181.4645,195.6726,0.1621,0.0012,175225.5226,202541.6031,memory_stress,checkoutservice,2026-06-09 15:15:00,2026-06-09 15:30:00,during_fault,16.554602,1
2026-06-09 15:20:25,625,EXP_FAULT_03,RUN_03,memory_stress,1,cartservice,cart-f03-02,online-boutique,node-c,0.3571,46.1898,0,194.9443,0.001192,16.7009,8.5947,34.4636,48.6938,82.1986,181.1183,194.7119,0.2112,0.0212,196508.7831,186388.5745,memory_stress,checkoutservice,2026-06-09 15:15:00,2026-06-09 15:30:00,during_fault,14.305034,1
2026-06-09 15:20:30,630,EXP_FAULT_03,RUN_03,memory_stress,1,cartservice,cart-f03-02,online-boutique,node-c,0.3386,47.5939,0,189.1095,0.002256,15.9689,8.6856,34.0366,45.9692,85.0,176.0405,188.6828,0.3612,0.0655,202636.2191,151029.2348,memory_stress,checkoutservice,2026-06-09 15:15:00,2026-06-09 15:30:00,during_fault,21.87885,1
2026-06-09 15:20:35,635,EXP_FAULT_03,RUN_03,memory_stress,1,cartservice,cart-f03-02,online-boutique,node-c,0.3642,46.7144,0,191.4773,0.000969,15.8335,8.0667,32.2516,45.0999,78.8116,178.936,191.2918,0.1629,0.0226,241325.5671,147072.6989,memory_stress,checkoutservice,2026-06-09 15:15:00,2026-06-09 15:30:00,during_fault,10.983639,1
2026-06-09 15:20:40,640,EXP_FAULT_03,RUN_03,memory_stress,1,cartservice,cart-f03-02,online-boutique,node-c,0.3638,46.3537,0,192.4868,0.001036,16.5734,8.2492,31.8499,49.5608,86.8604,180.3843,192.2875,0.1559,0.0435,210012.9895,159467.1098,memory_stress,checkoutservice,2026-06-09 15:15:00,2026-06-09 15:30:00,during_fault,12.556085,1
2026-06-09 15:20:45,645,EXP_FAULT_03,RUN_03,memory_stress,1,cartservice,cart-f03-02,online-boutique,node-c,0.344,45.2705,0,187.2239,0.00114,15.8548,8.3312,32.8495,44.7924,83.5516,175.8982,187.0105,0.1677,0.0457,220043.3617,149072.8942,memory_stress,checkoutservice,2026-06-09 15:15:00,2026-06-09 15:30:00,during_fault,12.424365,1
2026-06-09 15:20:50,650,EXP_FAULT_03,RUN_03,memory_stress,1,cartservice,cart-f03-02,online-boutique,node-c,0.3601,45.2778,0,192.4339,0.001369,14.4311,8.1067,29.5534,40.1416,67.7966,181.2514,192.1705,0.2287,0.0348,246608.1032,158840.1802,memory_stress,checkoutservice,2026-06-09 15:15:00,2026-06-09 15:30:00,during_fault,6.809831,1
2026-06-09 15:20:55,655,EXP_FAULT_03,RUN_03,memory_stress,1,cartservice,cart-f03-02,online-boutique,node-c,0.3628,45.9306,0,187.2311,0.000949,14.2416,7.6577,28.9603,43.3649,72.0752,176.7671,187.0535,0.1252,0.0525,163343.0473,141141.397,memory_stress,checkoutservice,2026-06-09 15:15:00,2026-06-09 15:30:00,during_fault,6.305494,1
2026-06-09 15:21:00,660,EXP_FAULT_03,RUN_03,memory_stress,1,cartservice,cart-f03-02,online-boutique,node-c,0.322,45.6873,0,192.8169,0.000846,15.7022,9.3168,28.69,41.4979,69.6097,182.4722,192.6537,0.1341,0.0291,193917.6275,180176.7986,memory_stress,checkoutservice,2026-06-09 15:15:00,2026-06-09 15:30:00,during_fault,16.146805,1
2026-06-09 15:21:05,665,EXP_FAULT_03,RUN_03,memory_stress,1,cartservice,cart-f03-02,online-boutique,node-c,0.3659,45.0202,0,193.5997,0.001078,13.693,7.4619,26.3492,36.28,65.4801,183.5534,193.391,0.157,0.0517,167162.8904,175843.6876,memory_stress,checkoutservice,2026-06-09 15:15:00,2026-06-09 15:30:00,during_fault,4.013935,1
2026-06-09 15:21:10,670,EXP_FAULT_03,RUN_03,memory_stress,1,cartservice,cart-f03-02,online-boutique,node-c,0.3342,45.0247,0,193.1219,0.001388,12.932,7.1338,24.9529,36.1199,64.6699,183.3524,192.8539,0.2183,0.0497,247259.6608,171663.7368,memory_stress,checkoutservice,2026-06-09 15:15:00,2026-06-09 15:30:00,during_fault,6.426039,1
2026-06-09 15:21:15,675,EXP_FAULT_03,RUN_03,memory_stress,1,cartservice,cart-f03-02,online-boutique,node-c,0.3653,44.2148,0,189.0056,0.001065,13.5922,7.7865,23.7145,34.4216,66.8521,179.7737,188.8043,0.1394,0.0619,163005.1696,144421.0949,memory_stress,checkoutservice,2026-06-09 15:15:00,2026-06-09 15:30:00,during_fault,3.1605878,1
2026-06-09 15:21:20,680,EXP_FAULT_03,RUN_03,memory_stress,1,cartservice,cart-f03-02,online-boutique,node-c,0.3407,45.5522,0,179.5998,0.00208,13.2968,7.3706,26.9766,35.3648,55.5017,170.9528,179.2262,0.3459,0.0278,193549.8169,176948.9596,memory_stress,checkoutservice,2026-06-09 15:15:00,2026-06-09 15:30:00,during_fault,8.010443,1
2026-06-09 15:21:25,685,EXP_FAULT_03,RUN_03,memory_stress,1,cartservice,cart-f03-02,online-boutique,node-c,0.3664,44.5933,0,191.2662,0.001898,13.9814,8.4324,25.7905,38.0314,62.1803,182.1827,190.9032,0.3229,0.0401,227167.9518,177306.9031,memory_stress,checkoutservice,2026-06-09 15:15:00,2026-06-09 15:30:00,during_fault,4.8776045,1
2026-06-09 15:21:30,690,EXP_FAULT_03,RUN_03,memory_stress,1,cartservice,cart-f03-02,online-boutique,node-c,0.3457,44.9327,0,187.2083,0.001761,12.6502,7.4467,24.0939,32.3272,58.3222,178.4732,186.8786,0.3102,0.0195,222806.3478,192682.0544,memory_stress,checkoutservice,2026-06-09 15:15:00,2026-06-09 15:30:00,during_fault,4.906731,1
2026-06-09 15:21:35,695,EXP_FAULT_03,RUN_03,memory_stress,1,cartservice,cart-f03-02,online-boutique,node-c,0.3564,44.6215,0,198.1183,0.001509,13.8844,8.6792,26.3794,35.1666,56.7558,188.893,197.8195,0.2606,0.0383,202503.2082,164580.4187,memory_stress,checkoutservice,2026-06-09 15:15:00,2026-06-09 15:30:00,during_fault,5.6314816,1
2026-06-09 15:21:40,700,EXP_FAULT_03,RUN_03,memory_stress,1,cartservice,cart-f03-02,online-boutique,node-c,0.3584,45.4552,0,192.8204,0.000866,13.7466,7.7415,25.1542,36.9275,58.2641,183.8547,192.6534,0.1439,0.0231,173941.6655,193956.8818,memory_stress,checkoutservice,2026-06-09 15:15:00,2026-06-09 15:30:00,during_fault,5.036076,1
2026-06-09 15:21:45,705,EXP_FAULT_03,RUN_03,memory_stress,1,cartservice,cart-f03-02,online-boutique,node-c,0.3549,44.6677,0,192.64,0.001157,13.8838,7.4342,24.312,35.8134,56.0475,183.5896,192.4172,0.1853,0.0376,212285.4603,154302.7944,memory_stress,checkoutservice,2026-06-09 15:15:00,2026-06-09 15:30:00,during_fault,5.248492,1
2026-06-09 15:21:50,710,EXP_FAULT_03,RUN_03,memory_stress,1,cartservice,cart-f03-02,online-boutique,node-c,0.3731,45.2995,0,194.2491,0.00159,14.6542,8.0295,28.2874,38.0762,67.0976,184.8437,193.9403,0.2496,0.0592,206622.5895,133074.9068,memory_stress,checkoutservice,2026-06-09 15:15:00,2026-06-09 15:30:00,during_fault,6.1371193,1
2026-06-09 15:21:55,715,EXP_FAULT_03,RUN_03,memory_stress,1,cartservice,cart-f03-02,online-boutique,node-c,0.3478,46.3659,0,199.2053,0.000981,13.8049,8.2797,27.9206,38.1213,58.6346,189.4954,199.0097,0.1521,0.0434,233416.5341,199261.6355,memory_stress,checkoutservice,2026-06-09 15:15:00,2026-06-09 15:30:00,during_fault,8.038359,1
2026-06-09 15:22:00,720,EXP_FAULT_03,RUN_03,memory_stress,1,cartservice,cart-f03-02,online-boutique,node-c,0.3652,44.2681,0,202.445,0.000902,14.4921,7.8417,26.4382,39.9132,61.9799,192.2785,202.2624,0.1165,0.0661,176700.5892,189990.3724,memory_stress,checkoutservice,2026-06-09 15:15:00,2026-06-09 15:30:00,during_fault,4.7592483,1
2026-06-09 15:22:05,725,EXP_FAULT_03,RUN_03,memory_stress,1,cartservice,cart-f03-02,online-boutique,node-c,0.3839,44.4392,0,204.6509,0.00152,13.9947,7.3797,28.2875,38.8659,64.8249,193.937,204.3397,0.2686,0.0425,267768.3865,174126.1155,memory_stress,checkoutservice,2026-06-09 15:15:00,2026-06-09 15:30:00,during_fault,2.9859054,1
2026-06-09 15:22:10,730,EXP_FAULT_03,RUN_03,memory_stress,1,cartservice,cart-f03-02,online-boutique,node-c,0.3582,45.1097,0,208.5063,0.002107,14.2946,7.8511,29.4338,40.8088,69.9898,197.2288,208.067,0.3951,0.0443,178706.3897,212815.1672,memory_stress,checkoutservice,2026-06-09 15:15:00,2026-06-09 15:30:00,during_fault,7.867038,1
2026-06-09 15:22:15,735,EXP_FAULT_03,RUN_03,memory_stress,1,cartservice,cart-f03-02,online-boutique,node-c,0.3565,45.1962,0,205.2827,0.000681,14.9881,8.5654,29.7709,42.5785,73.0842,193.8195,205.143,0.0791,0.0606,264391.1612,187987.7303,memory_stress,checkoutservice,2026-06-09 15:15:00,2026-06-09 15:30:00,during_fault,7.342702,1
2026-06-09 15:22:20,740,EXP_FAULT_03,RUN_03,memory_stress,1,cartservice,cart-f03-02,online-boutique,node-c,0.3658,44.6141,0,206.2613,0.001141,14.5028,7.465,29.0639,41.5563,71.6326,194.2744,206.0258,0.196,0.0394,269314.3991,175767.1135,memory_stress,checkoutservice,2026-06-09 15:15:00,2026-06-09 15:30:00,during_fault,5.339827,1
2026-06-09 15:22:25,745,EXP_FAULT_03,RUN_03,memory_stress,1,cartservice,cart-f03-02,online-boutique,node-c,0.3493,46.1631,0,203.6071,0.001634,14.9172,8.2266,30.2009,43.4902,69.5513,191.2478,203.2745,0.3102,0.0224,186573.3275,161480.2923,memory_stress,checkoutservice,2026-06-09 15:15:00,2026-06-09 15:30:00,during_fault,11.524439,1
2026-06-09 15:22:30,750,EXP_FAULT_03,RUN_03,memory_stress,1,cartservice,cart-f03-02,online-boutique,node-c,0.3703,45.4418,0,202.605,0.001454,15.2214,8.8036,28.5808,43.2297,78.2841,189.7796,202.3104,0.231,0.0637,197088.4489,177392.8988,memory_stress,checkoutservice,2026-06-09 15:15:00,2026-06-09 15:30:00,during_fault,7.650897,1
2026-06-09 15:22:35,755,EXP_FAULT_03,RUN_03,memory_stress,1,cartservice,cart-f03-02,online-boutique,node-c,0.3727,45.231,0,208.1263,0.000622,14.4818,7.6019,30.8628,39.6604,67.4255,194.4951,207.9968,0.1168,0.0127,216526.4433,143350.0515,memory_stress,checkoutservice,2026-06-09 15:15:00,2026-06-09 15:30:00,during_fault,4.2807364,1
2026-06-09 15:22:40,760,EXP_FAULT_03,RUN_03,memory_stress,1,cartservice,cart-f03-02,online-boutique,node-c,0.3744,45.8161,0,214.3817,0.000897,15.8387,7.8512,29.9947,44.8901,88.7691,199.7199,214.1894,0.1624,0.0299,197023.0341,216713.4654,memory_stress,checkoutservice,2026-06-09 15:15:00,2026-06-09 15:30:00,during_fault,8.071433,1
2026-06-09 15:22:45,765,EXP_FAULT_03,RUN_03,memory_stress,1,cartservice,cart-f03-02,online-boutique,node-c,0.3679,47.0631,0,218.0426,0.001155,17.1411,9.0475,33.6136,48.9691,85.5794,202.5752,217.7908,0.2454,0.0064,202586.3521,178315.71,memory_stress,checkoutservice,2026-06-09 15:15:00,2026-06-09 15:30:00,during_fault,15.439398,1
2026-06-09 15:22:50,770,EXP_FAULT_03,RUN_03,memory_stress,1,cartservice,cart-f03-02,online-boutique,node-c,0.3714,46.4318,0,213.3384,0.001366,18.1261,8.5134,37.6164,51.9844,92.696,197.634,213.047,0.2572,0.0342,197794.6469,216527.957,memory_stress,checkoutservice,2026-06-09 15:15:00,2026-06-09 15:30:00,during_fault,17.49231,1
2026-06-09 15:22:55,775,EXP_FAULT_03,RUN_03,memory_stress,1,cartservice,cart-f03-02,online-boutique,node-c,0.3612,46.4099,0,218.7031,0.001477,15.6018,7.459,29.8752,47.2474,79.0358,202.0751,218.3801,0.2596,0.0635,264912.4561,209930.631,memory_stress,checkoutservice,2026-06-09 15:15:00,2026-06-09 15:30:00,during_fault,11.627096,1
2026-06-09 15:23:00,780,EXP_FAULT_03,RUN_03,memory_stress,1,cartservice,cart-f03-02,online-boutique,node-c,0.3596,46.8068,0,223.2386,0.001144,17.3107,9.0338,35.135,56.9389,97.8459,205.6364,222.9832,0.1842,0.0712,231251.1869,232800.8514,memory_stress,checkoutservice,2026-06-09 15:15:00,2026-06-09 15:30:00,during_fault,17.334015,1
2026-06-09 15:23:05,785,EXP_FAULT_03,RUN_03,memory_stress,1,cartservice,cart-f03-02,online-boutique,node-c,0.3471,48.0114,0,215.1109,0.001522,16.9682,8.6721,35.8738,54.6042,96.5418,197.6761,214.7835,0.283,0.0444,221395.0498,221815.3204,memory_stress,checkoutservice,2026-06-09 15:15:00,2026-06-09 15:30:00,during_fault,22.44614,1
2026-06-09 15:23:10,790,EXP_FAULT_03,RUN_03,memory_stress,1,cartservice,cart-f03-02,online-boutique,node-c,0.37,46.9712,0,212.1113,0.00199,17.5741,8.2092,34.9394,57.9684,101.4738,194.441,211.6891,0.3497,0.0724,191185.6331,196540.8586,memory_stress,checkoutservice,2026-06-09 15:15:00,2026-06-09 15:30:00,during_fault,18.692581,1
2026-06-09 15:23:15,795,EXP_FAULT_03,RUN_03,memory_stress,1,cartservice,cart-f03-02,online-boutique,node-c,0.3817,46.6979,0,218.7299,0.002016,18.0691,8.5266,37.3335,59.276,98.983,200.0471,218.2889,0.4286,0.0124,270894.2948,213185.7848,memory_stress,checkoutservice,2026-06-09 15:15:00,2026-06-09 15:30:00,during_fault,18.639786,1
2026-06-09 15:23:20,800,EXP_FAULT_03,RUN_03,memory_stress,1,cartservice,cart-f03-02,online-boutique,node-c,0.3541,46.3768,0,220.0282,0.001854,19.1834,9.2049,36.8955,58.4502,107.6271,200.9011,219.6203,0.4003,0.0076,269910.6565,223426.1911,memory_stress,checkoutservice,2026-06-09 15:15:00,2026-06-09 15:30:00,during_fault,28.59487,1
2026-06-09 15:23:25,805,EXP_FAULT_03,RUN_03,memory_stress,1,cartservice,cart-f03-02,online-boutique,node-c,0.3435,46.1664,0,218.5565,0.00089,17.9569,8.3942,35.5446,63.4956,98.4026,199.3202,218.3619,0.1591,0.0355,228884.5437,208989.5813,memory_stress,checkoutservice,2026-06-09 15:15:00,2026-06-09 15:30:00,during_fault,21.781437,1
2026-06-09 15:23:30,810,EXP_FAULT_03,RUN_03,memory_stress,1,cartservice,cart-f03-02,online-boutique,node-c,0.3519,47.3436,0,211.637,0.001132,18.3222,8.191,38.7284,59.1967,111.5822,192.7392,211.3974,0.2255,0.014,204084.1635,141037.7864,memory_stress,checkoutservice,2026-06-09 15:15:00,2026-06-09 15:30:00,during_fault,23.73028,1
2026-06-09 15:23:35,815,EXP_FAULT_03,RUN_03,memory_stress,1,cartservice,cart-f03-02,online-boutique,node-c,0.3501,47.8691,0,212.7424,0.002061,18.5841,9.1914,40.4453,65.7891,110.3061,193.3947,212.3038,0.3689,0.0696,221622.2049,163425.2697,memory_stress,checkoutservice,2026-06-09 15:15:00,2026-06-09 15:30:00,during_fault,29.806042,1
2026-06-09 15:23:40,820,EXP_FAULT_03,RUN_03,memory_stress,1,cartservice,cart-f03-02,online-boutique,node-c,0.3393,47.8645,0,209.033,0.001965,18.8116,9.2559,39.2356,60.7294,116.1403,189.8996,208.6223,0.3419,0.0688,247851.8701,168099.6841,memory_stress,checkoutservice,2026-06-09 15:15:00,2026-06-09 15:30:00,during_fault,33.503803,1
2026-06-09 15:23:45,825,EXP_FAULT_03,RUN_03,memory_stress,1,cartservice,cart-f03-02,online-boutique,node-c,0.3542,47.1063,0,211.3935,0.001528,20.5291,9.4528,40.3115,69.236,122.2612,192.123,211.0706,0.3064,0.0165,206582.7199,181614.2492,memory_stress,checkoutservice,2026-06-09 15:15:00,2026-06-09 15:30:00,during_fault,34.395294,1
2026-06-09 15:23:50,830,EXP_FAULT_03,RUN_03,memory_stress,1,cartservice,cart-f03-02,online-boutique,node-c,0.3477,47.0885,0,210.26,0.002235,18.4123,8.895,36.5402,58.3747,113.3463,191.004,209.7901,0.465,0.0049,259756.3821,209156.1968,memory_stress,checkoutservice,2026-06-09 15:15:00,2026-06-09 15:30:00,during_fault,28.369537,1
2026-06-09 15:23:55,835,EXP_FAULT_03,RUN_03,memory_stress,1,cartservice,cart-f03-02,online-boutique,node-c,0.3672,47.6309,0,206.876,0.001263,20.0319,8.7703,40.2642,64.1909,113.9368,188.0438,206.6147,0.2315,0.0298,221713.4626,162824.8346,memory_stress,checkoutservice,2026-06-09 15:15:00,2026-06-09 15:30:00,during_fault,28.188013,1
2026-06-09 15:24:00,840,EXP_FAULT_03,RUN_03,memory_stress,1,cartservice,cart-f03-02,online-boutique,node-c,0.3761,47.5041,0,206.3696,0.00139,17.0766,8.3786,36.1368,55.5504,105.2979,187.6687,206.0829,0.2391,0.0476,215642.241,184285.801,memory_stress,checkoutservice,2026-06-09 15:15:00,2026-06-09 15:30:00,during_fault,15.176346,1
2026-06-09 15:24:05,845,EXP_FAULT_03,RUN_03,memory_stress,1,cartservice,cart-f03-02,online-boutique,node-c,0.372,47.606,0,202.8402,0.001193,17.5254,8.7783,38.8173,58.5403,113.4327,184.6849,202.5981,0.2119,0.0302,176663.2175,182526.7442,memory_stress,checkoutservice,2026-06-09 15:15:00,2026-06-09 15:30:00,during_fault,17.00878,1
2026-06-09 15:24:10,850,EXP_FAULT_03,RUN_03,memory_stress,1,cartservice,cart-f03-02,online-boutique,node-c,0.3467,46.9262,0,200.6436,0.001665,18.3994,9.3519,41.0271,57.1245,107.7,182.8954,200.3096,0.2652,0.0688,237238.7451,200221.6329,memory_stress,checkoutservice,2026-06-09 15:15:00,2026-06-09 15:30:00,during_fault,26.061611,1
2026-06-09 15:24:15,855,EXP_FAULT_03,RUN_03,memory_stress,1,cartservice,cart-f03-02,online-boutique,node-c,0.3377,46.6161,0,203.9548,0.002355,17.042,8.0425,37.0496,51.9954,108.6202,186.1786,203.4745,0.4456,0.0347,200087.1841,147055.7583,memory_stress,checkoutservice,2026-06-09 15:15:00,2026-06-09 15:30:00,during_fault,24.162655,1
2026-06-09 15:24:20,860,EXP_FAULT_03,RUN_03,memory_stress,1,cartservice,cart-f03-02,online-boutique,node-c,0.374,47.3343,0,207.5545,0.000849,18.0348,9.2512,37.6467,62.3913,104.1705,189.9125,207.3784,0.1699,0.0062,189665.837,149233.458,memory_stress,checkoutservice,2026-06-09 15:15:00,2026-06-09 15:30:00,during_fault,16.75112,1
2026-06-09 15:24:25,865,EXP_FAULT_03,RUN_03,memory_stress,1,cartservice,cart-f03-02,online-boutique,node-c,0.3393,46.1114,0,209.2875,0.001728,18.7492,8.7814,38.9927,58.3414,118.0446,191.8764,208.9259,0.3085,0.0531,245937.6306,188440.1499,memory_stress,checkoutservice,2026-06-09 15:15:00,2026-06-09 15:30:00,during_fault,28.707699,1
2026-06-09 15:24:30,870,EXP_FAULT_03,RUN_03,memory_stress,1,cartservice,cart-f03-02,online-boutique,node-c,0.3778,45.8079,0,204.9464,0.001497,18.5453,9.361,40.4868,62.0973,97.8829,188.3567,204.6396,0.2759,0.0309,225377.3088,152096.6468,memory_stress,checkoutservice,2026-06-09 15:15:00,2026-06-09 15:30:00,during_fault,17.542349,1
2026-06-09 15:24:35,875,EXP_FAULT_03,RUN_03,memory_stress,1,cartservice,cart-f03-02,online-boutique,node-c,0.3573,47.0228,0,202.4736,0.001753,17.1569,9.1667,34.759,53.4826,96.8078,186.524,202.1187,0.3374,0.0175,231289.2021,211014.4213,memory_stress,checkoutservice,2026-06-09 15:15:00,2026-06-09 15:30:00,during_fault,19.115551,1
2026-06-09 15:24:40,880,EXP_FAULT_03,RUN_03,memory_stress,1,cartservice,cart-f03-02,online-boutique,node-c,0.3802,46.3503,0,205.6467,0.000711,16.6868,8.6764,32.9275,52.0779,97.0502,190.0232,205.5004,0.1256,0.0206,257503.5094,179860.0117,memory_stress,checkoutservice,2026-06-09 15:15:00,2026-06-09 15:30:00,during_fault,9.570389,1
2026-06-09 15:24:45,885,EXP_FAULT_03,RUN_03,memory_stress,1,cartservice,cart-f03-02,online-boutique,node-c,0.363,46.6633,0,211.1467,0.001401,17.2223,8.4319,35.6809,54.2826,99.8847,195.5865,210.851,0.2404,0.0553,217000.3079,188593.6895,memory_stress,checkoutservice,2026-06-09 15:15:00,2026-06-09 15:30:00,during_fault,16.526117,1
2026-06-09 15:24:50,890,EXP_FAULT_03,RUN_03,memory_stress,1,cartservice,cart-f03-02,online-boutique,node-c,0.3432,45.8012,0,204.7472,0.001984,16.354,8.448,32.3641,53.0524,83.5063,190.117,204.341,0.339,0.0671,206860.148,139335.409,memory_stress,checkoutservice,2026-06-09 15:15:00,2026-06-09 15:30:00,during_fault,17.653835,1
2026-06-09 15:24:55,895,EXP_FAULT_03,RUN_03,memory_stress,1,cartservice,cart-f03-02,online-boutique,node-c,0.3731,45.9318,0,208.4452,0.001689,16.7557,8.9517,32.1929,50.5097,96.2845,194.0644,208.0931,0.2878,0.0643,195400.2086,158725.1744,memory_stress,checkoutservice,2026-06-09 15:15:00,2026-06-09 15:30:00,during_fault,12.649997,1
2026-06-09 15:25:00,900,EXP_FAULT_03,RUN_03,memory_stress,1,cartservice,cart-f03-02,online-boutique,node-c,0.3418,46.6549,0,207.4025,0.001295,14.4295,7.4063,29.3855,42.5935,76.9182,193.7702,207.134,0.2253,0.0432,248642.5077,170650.4498,memory_stress,checkoutservice,2026-06-09 15:15:00,2026-06-09 15:30:00,during_fault,11.624512,1
2026-06-09 15:25:05,905,EXP_FAULT_03,RUN_03,memory_stress,1,cartservice,cart-f03-02,online-boutique,node-c,0.3476,45.7796,0,206.3254,0.000785,15.8042,8.9773,28.8948,47.6401,76.1402,193.3529,206.1636,0.1155,0.0463,261555.3603,163542.5309,memory_stress,checkoutservice,2026-06-09 15:15:00,2026-06-09 15:30:00,during_fault,11.8543625,1
2026-06-09 15:25:10,910,EXP_FAULT_03,RUN_03,memory_stress,1,cartservice,cart-f03-02,online-boutique,node-c,0.3563,44.4427,0,204.7003,0.001589,14.9373,8.595,29.5273,45.575,79.1017,192.2113,204.3749,0.3236,0.0018,188026.4366,174780.6114,memory_stress,checkoutservice,2026-06-09 15:15:00,2026-06-09 15:30:00,during_fault,8.225583,1
2026-06-09 15:25:15,915,EXP_FAULT_03,RUN_03,memory_stress,1,cartservice,cart-f03-02,online-boutique,node-c,0.3577,46.0469,0,204.3779,0.001891,14.3242,7.9182,25.6968,40.9236,68.0729,192.4769,203.9914,0.3528,0.0337,244418.7051,158737.5561,memory_stress,checkoutservice,2026-06-09 15:15:00,2026-06-09 15:30:00,during_fault,9.226992,1
2026-06-09 15:25:20,920,EXP_FAULT_03,RUN_03,memory_stress,1,cartservice,cart-f03-02,online-boutique,node-c,0.365,45.3962,0,210.5149,0.000808,14.7022,8.6848,27.7933,42.7361,68.5152,198.789,210.3448,0.1465,0.0236,178069.2151,181996.7935,memory_stress,checkoutservice,2026-06-09 15:15:00,2026-06-09 15:30:00,during_fault,6.054255,1
2026-06-09 15:25:25,925,EXP_FAULT_03,RUN_03,memory_stress,1,cartservice,cart-f03-02,online-boutique,node-c,0.3546,46.1228,0,207.7059,0.001817,14.7602,8.4194,29.4957,43.7058,65.39,196.4373,207.3285,0.3601,0.0172,214116.3872,154328.7468,memory_stress,checkoutservice,2026-06-09 15:15:00,2026-06-09 15:30:00,during_fault,10.679346,1
2026-06-09 15:25:30,930,EXP_FAULT_03,RUN_03,memory_stress,1,cartservice,cart-f03-02,online-boutique,node-c,0.3589,45.6485,0,209.7962,0.001229,14.6986,7.7238,28.3836,38.0812,73.6015,198.8869,209.5382,0.1898,0.0681,269828.2052,167013.3297,memory_stress,checkoutservice,2026-06-09 15:15:00,2026-06-09 15:30:00,during_fault,7.8864503,1
2026-06-09 15:25:35,935,EXP_FAULT_03,RUN_03,memory_stress,1,cartservice,cart-f03-02,online-boutique,node-c,0.364,45.6609,0,211.1634,0.002099,15.2565,8.4629,28.4055,38.9399,72.7037,200.4604,210.7202,0.3789,0.0643,252178.5654,200236.7392,memory_stress,checkoutservice,2026-06-09 15:15:00,2026-06-09 15:30:00,during_fault,10.419373,1
2026-06-09 15:25:40,940,EXP_FAULT_03,RUN_03,memory_stress,1,cartservice,cart-f03-02,online-boutique,node-c,0.3577,45.3284,0,213.7954,0.000599,13.7451,7.8702,25.7663,37.4718,59.1586,203.3685,213.6674,0.0906,0.0373,258988.9622,193984.3404,memory_stress,checkoutservice,2026-06-09 15:15:00,2026-06-09 15:30:00,during_fault,4.6632514,1
2026-06-09 15:25:45,945,EXP_FAULT_03,RUN_03,memory_stress,1,cartservice,cart-f03-02,online-boutique,node-c,0.3778,44.5684,0,211.9507,0.001585,13.8804,8.0042,24.3716,37.805,58.6131,201.7162,211.6149,0.3114,0.0244,207255.5018,191036.7619,memory_stress,checkoutservice,2026-06-09 15:15:00,2026-06-09 15:30:00,during_fault,3.5663898,1
2026-06-09 15:25:50,950,EXP_FAULT_03,RUN_03,memory_stress,1,cartservice,cart-f03-02,online-boutique,node-c,0.351,45.5699,0,219.206,0.001975,14.8673,8.6166,26.7026,38.7952,64.8573,208.8263,218.7731,0.4129,0.02,225905.6868,153392.7295,memory_stress,checkoutservice,2026-06-09 15:15:00,2026-06-09 15:30:00,during_fault,11.142475,1
2026-06-09 15:25:55,955,EXP_FAULT_03,RUN_03,memory_stress,1,cartservice,cart-f03-02,online-boutique,node-c,0.3623,45.0965,0,213.5338,0.001843,13.6565,7.8063,27.3828,37.5,64.0789,203.4869,213.1402,0.3832,0.0104,202191.3593,181696.2074,memory_stress,checkoutservice,2026-06-09 15:15:00,2026-06-09 15:30:00,during_fault,5.679094,1
2026-06-09 15:26:00,960,EXP_FAULT_03,RUN_03,memory_stress,1,cartservice,cart-f03-02,online-boutique,node-c,0.3631,44.2902,0,218.8636,0.001023,14.5032,7.9244,25.9303,40.0031,64.6515,208.714,218.6397,0.195,0.0289,276841.6161,175808.6252,memory_stress,checkoutservice,2026-06-09 15:15:00,2026-06-09 15:30:00,during_fault,5.598928,1
2026-06-09 15:26:05,965,EXP_FAULT_03,RUN_03,memory_stress,1,cartservice,cart-f03-02,online-boutique,node-c,0.3628,44.7981,0,207.4011,0.001057,14.6331,8.1388,28.7346,36.3041,70.2272,197.7613,207.1819,0.1937,0.0255,236148.3505,217557.2879,memory_stress,checkoutservice,2026-06-09 15:15:00,2026-06-09 15:30:00,during_fault,6.0105734,1
2026-06-09 15:26:10,970,EXP_FAULT_03,RUN_03,memory_stress,1,cartservice,cart-f03-02,online-boutique,node-c,0.3623,44.5963,0,211.4158,0.001137,14.0221,8.0192,26.8881,35.8229,62.2474,201.4752,211.1753,0.1667,0.0737,252761.2476,208445.6931,memory_stress,checkoutservice,2026-06-09 15:15:00,2026-06-09 15:30:00,during_fault,4.828405,1
2026-06-09 15:26:15,975,EXP_FAULT_03,RUN_03,memory_stress,1,cartservice,cart-f03-02,online-boutique,node-c,0.3766,45.3525,0,202.7684,0.001915,13.2266,7.7468,26.0338,37.4104,55.9416,192.9559,202.3802,0.3649,0.0233,184224.569,141854.9086,memory_stress,checkoutservice,2026-06-09 15:15:00,2026-06-09 15:30:00,during_fault,4.0003514,1
2026-06-09 15:26:20,980,EXP_FAULT_03,RUN_03,memory_stress,1,cartservice,cart-f03-02,online-boutique,node-c,0.3768,45.2237,0,209.7941,0.001432,13.7061,7.8474,27.3482,38.5119,62.7753,199.469,209.4936,0.2701,0.0304,191903.6276,199344.8883,memory_stress,checkoutservice,2026-06-09 15:15:00,2026-06-09 15:30:00,during_fault,3.744262,1
2026-06-09 15:26:25,985,EXP_FAULT_03,RUN_03,memory_stress,1,cartservice,cart-f03-02,online-boutique,node-c,0.3586,45.41,0,198.0336,0.000816,13.1434,7.7636,23.6145,38.6686,58.2853,188.096,197.872,0.1017,0.0599,231940.4999,135544.661,memory_stress,checkoutservice,2026-06-09 15:15:00,2026-06-09 15:30:00,during_fault,3.9187455,1
2026-06-09 15:26:30,990,EXP_FAULT_03,RUN_03,memory_stress,1,cartservice,cart-f03-02,online-boutique,node-c,0.3507,44.745,0,198.3458,0.002033,13.9671,7.78,27.8918,36.0002,64.8168,187.9096,197.9427,0.3682,0.0349,214584.4365,151891.4733,memory_stress,checkoutservice,2026-06-09 15:15:00,2026-06-09 15:30:00,during_fault,7.2449417,1
2026-06-09 15:26:35,995,EXP_FAULT_03,RUN_03,memory_stress,1,cartservice,cart-f03-02,online-boutique,node-c,0.3539,44.831,0,201.8648,0.000812,14.4928,8.6441,29.8841,40.9005,73.2368,191.0544,201.701,0.1305,0.0333,257520.5858,180008.4326,memory_stress,checkoutservice,2026-06-09 15:15:00,2026-06-09 15:30:00,during_fault,6.3738594,1
2026-06-09 15:26:40,1000,EXP_FAULT_03,RUN_03,memory_stress,1,cartservice,cart-f03-02,online-boutique,node-c,0.3641,45.2616,0,203.3956,0.000689,15.5801,7.9787,27.791,45.2254,75.948,192.0491,203.2555,0.1186,0.0215,209265.2104,200320.9639,memory_stress,checkoutservice,2026-06-09 15:15:00,2026-06-09 15:30:00,during_fault,7.7580094,1
2026-06-09 15:26:45,1005,EXP_FAULT_03,RUN_03,memory_stress,1,cartservice,cart-f03-02,online-boutique,node-c,0.3695,45.7129,0,198.4619,0.001817,13.9811,7.9451,25.5971,41.8111,63.9317,186.8823,198.1012,0.297,0.0636,182915.6169,176381.3402,memory_stress,checkoutservice,2026-06-09 15:15:00,2026-06-09 15:30:00,during_fault,6.3268356,1
2026-06-09 15:26:50,1010,EXP_FAULT_03,RUN_03,memory_stress,1,cartservice,cart-f03-02,online-boutique,node-c,0.3592,46.5699,0,197.8491,0.001263,14.6031,7.5295,28.7497,44.4707,67.7744,185.811,197.5992,0.1816,0.0683,175487.5648,197178.1407,memory_stress,checkoutservice,2026-06-09 15:15:00,2026-06-09 15:30:00,during_fault,9.200281,1
2026-06-09 15:26:55,1015,EXP_FAULT_03,RUN_03,memory_stress,1,cartservice,cart-f03-02,online-boutique,node-c,0.3347,45.4369,0,190.4906,0.001897,14.3611,8.0246,27.769,44.901,74.949,178.4632,190.1292,0.3265,0.0349,245436.7732,179837.2917,memory_stress,checkoutservice,2026-06-09 15:15:00,2026-06-09 15:30:00,during_fault,11.305037,1
2026-06-09 15:27:00,1020,EXP_FAULT_03,RUN_03,memory_stress,1,cartservice,cart-f03-02,online-boutique,node-c,0.3566,44.873,0,192.2959,0.001857,15.3382,8.3529,30.5923,48.571,85.8085,179.5748,191.9389,0.3276,0.0294,202224.3776,179415.8669,memory_stress,checkoutservice,2026-06-09 15:15:00,2026-06-09 15:30:00,during_fault,9.678541,1
2026-06-09 15:27:05,1025,EXP_FAULT_03,RUN_03,memory_stress,1,cartservice,cart-f03-02,online-boutique,node-c,0.3622,46.0245,0,185.9007,0.001074,15.3667,7.8212,32.285,45.6842,73.0951,173.1935,185.7009,0.1373,0.0624,162756.7565,191767.4676,memory_stress,checkoutservice,2026-06-09 15:15:00,2026-06-09 15:30:00,during_fault,9.12224,1
2026-06-09 15:27:10,1030,EXP_FAULT_03,RUN_03,memory_stress,1,cartservice,cart-f03-02,online-boutique,node-c,0.3384,46.2478,0,190.0354,0.001946,16.6038,8.2933,34.1431,50.0178,81.6954,176.494,189.6657,0.3241,0.0456,243531.9157,179599.9514,memory_stress,checkoutservice,2026-06-09 15:15:00,2026-06-09 15:30:00,during_fault,19.84122,1
2026-06-09 15:27:15,1035,EXP_FAULT_03,RUN_03,memory_stress,1,cartservice,cart-f03-02,online-boutique,node-c,0.3353,46.3441,0,188.3163,0.001423,16.2512,8.2227,32.4621,47.2288,90.4104,174.4006,188.0484,0.2298,0.0381,218489.1162,126383.6431,memory_stress,checkoutservice,2026-06-09 15:15:00,2026-06-09 15:30:00,during_fault,17.92979,1
2026-06-09 15:27:20,1040,EXP_FAULT_03,RUN_03,memory_stress,1,cartservice,cart-f03-02,online-boutique,node-c,0.3531,46.6998,0,179.7998,0.00215,16.8235,8.5332,32.5301,55.1101,97.5709,166.0093,179.4132,0.3575,0.0291,233504.2263,150613.298,memory_stress,checkoutservice,2026-06-09 15:15:00,2026-06-09 15:30:00,during_fault,18.695648,1
2026-06-09 15:27:25,1045,EXP_FAULT_03,RUN_03,memory_stress,1,cartservice,cart-f03-02,online-boutique,node-c,0.3399,46.9863,0,186.6216,0.001582,16.0203,7.4199,30.8595,49.8398,87.3109,171.9434,186.3263,0.2328,0.0625,217493.7737,133768.79,memory_stress,checkoutservice,2026-06-09 15:15:00,2026-06-09 15:30:00,during_fault,18.052769,1
2026-06-09 15:27:30,1050,EXP_FAULT_03,RUN_03,memory_stress,1,cartservice,cart-f03-02,online-boutique,node-c,0.3617,47.457,0,181.3037,0.001534,15.4722,7.3013,31.8943,49.741,91.3773,166.5587,181.0256,0.2321,0.046,172800.4806,185710.8844,memory_stress,checkoutservice,2026-06-09 15:15:00,2026-06-09 15:30:00,during_fault,13.854979,1
2026-06-09 15:27:35,1055,EXP_FAULT_03,RUN_03,memory_stress,1,cartservice,cart-f03-02,online-boutique,node-c,0.3471,46.5204,0,184.9644,0.001493,16.9816,8.393,33.5063,52.5151,96.9787,169.5279,184.6882,0.2636,0.0126,181146.8723,196428.8437,memory_stress,checkoutservice,2026-06-09 15:15:00,2026-06-09 15:30:00,during_fault,18.598524,1
2026-06-09 15:27:40,1060,EXP_FAULT_03,RUN_03,memory_stress,1,cartservice,cart-f03-02,online-boutique,node-c,0.3645,47.3319,0,178.7476,0.001078,17.7909,9.0453,35.7523,61.873,106.8876,163.5601,178.5549,0.1655,0.0271,162579.768,193159.0058,memory_stress,checkoutservice,2026-06-09 15:15:00,2026-06-09 15:30:00,during_fault,18.317596,1
2026-06-09 15:27:45,1065,EXP_FAULT_03,RUN_03,memory_stress,1,cartservice,cart-f03-02,online-boutique,node-c,0.3541,47.4093,0,181.6163,0.001708,16.9603,7.9955,35.0886,58.3961,93.5301,165.8435,181.3062,0.2716,0.0385,166079.5766,122125.8175,memory_stress,checkoutservice,2026-06-09 15:15:00,2026-06-09 15:30:00,during_fault,19.810684,1
2026-06-09 15:27:50,1070,EXP_FAULT_03,RUN_03,memory_stress,1,cartservice,cart-f03-02,online-boutique,node-c,0.3433,47.9611,0,180.8692,0.002478,17.2217,8.2797,33.5885,56.0027,110.9837,164.8207,180.421,0.3863,0.062,218584.3231,188940.1136,memory_stress,checkoutservice,2026-06-09 15:15:00,2026-06-09 15:30:00,during_fault,27.078411,1
2026-06-09 15:27:55,1075,EXP_FAULT_03,RUN_03,memory_stress,1,cartservice,cart-f03-02,online-boutique,node-c,0.355,47.7785,0,183.9026,0.001354,18.7823,8.5262,37.2386,62.9316,108.3163,167.464,183.6537,0.2057,0.0433,204994.455,126829.9538,memory_stress,checkoutservice,2026-06-09 15:15:00,2026-06-09 15:30:00,during_fault,26.216267,1
2026-06-09 15:28:00,1080,EXP_FAULT_03,RUN_03,memory_stress,1,cartservice,cart-f03-02,online-boutique,node-c,0.3608,47.3108,0,190.4869,0.000768,18.0127,9.061,36.1302,62.1192,98.2079,173.3202,190.3405,0.1318,0.0146,242794.7735,151090.1869,memory_stress,checkoutservice,2026-06-09 15:15:00,2026-06-09 15:30:00,during_fault,18.909573,1
2026-06-09 15:28:05,1085,EXP_FAULT_03,RUN_03,memory_stress,1,cartservice,cart-f03-02,online-boutique,node-c,0.37,47.7527,0,184.3117,0.001506,16.7995,8.5212,34.8256,58.1722,109.599,167.5561,184.0341,0.2397,0.0379,213537.6654,142344.6097,memory_stress,checkoutservice,2026-06-09 15:15:00,2026-06-09 15:30:00,during_fault,16.583197,1
2026-06-09 15:28:10,1090,EXP_FAULT_03,RUN_03,memory_stress,1,cartservice,cart-f03-02,online-boutique,node-c,0.3426,48.3865,0,182.4811,0.000731,18.3286,9.0073,35.5605,61.3688,107.7981,165.8466,182.3478,0.1025,0.0309,176366.5409,136206.1896,memory_stress,checkoutservice,2026-06-09 15:15:00,2026-06-09 15:30:00,during_fault,26.819714,1
2026-06-09 15:28:15,1095,EXP_FAULT_03,RUN_03,memory_stress,1,cartservice,cart-f03-02,online-boutique,node-c,0.3622,48.5768,0,186.2324,0.001582,18.6478,8.125,36.9851,63.5118,121.4562,169.253,185.9377,0.257,0.0376,181046.0831,198311.5064,memory_stress,checkoutservice,2026-06-09 15:15:00,2026-06-09 15:30:00,during_fault,27.099249,1
2026-06-09 15:28:20,1100,EXP_FAULT_03,RUN_03,memory_stress,1,cartservice,cart-f03-02,online-boutique,node-c,0.3731,47.9681,0,186.0471,0.000936,19.1857,8.9207,42.2757,68.3919,125.9052,169.1084,185.8731,0.1202,0.0538,226811.0782,136626.2823,memory_stress,checkoutservice,2026-06-09 15:15:00,2026-06-09 15:30:00,during_fault,22.59808,1
2026-06-09 15:28:25,1105,EXP_FAULT_03,RUN_03,memory_stress,1,cartservice,cart-f03-02,online-boutique,node-c,0.3496,47.2402,0,191.2115,0.001834,18.4795,9.2087,40.7943,60.8452,111.9778,173.8515,190.8608,0.3385,0.0122,234080.4969,166438.6559,memory_stress,checkoutservice,2026-06-09 15:15:00,2026-06-09 15:30:00,during_fault,26.800406,1
2026-06-09 15:28:30,1110,EXP_FAULT_03,RUN_03,memory_stress,1,cartservice,cart-f03-02,online-boutique,node-c,0.3401,47.3298,0,185.8079,0.001818,17.8742,8.6987,37.1356,58.8449,109.2336,169.158,185.4701,0.3014,0.0365,182617.6119,177918.3269,memory_stress,checkoutservice,2026-06-09 15:15:00,2026-06-09 15:30:00,during_fault,26.663696,1
2026-06-09 15:28:35,1115,EXP_FAULT_03,RUN_03,memory_stress,1,cartservice,cart-f03-02,online-boutique,node-c,0.3599,46.1413,0,187.8751,0.001976,18.3805,9.057,38.4794,58.6623,108.7432,171.1999,187.504,0.3205,0.0506,168949.4708,154727.7094,memory_stress,checkoutservice,2026-06-09 15:15:00,2026-06-09 15:30:00,during_fault,22.059952,1
2026-06-09 15:28:40,1120,EXP_FAULT_03,RUN_03,memory_stress,1,cartservice,cart-f03-02,online-boutique,node-c,0.3411,47.6775,0,191.1122,0.001788,17.2295,8.484,35.2363,59.3297,106.1094,174.5041,190.7705,0.3155,0.0262,169384.1884,192179.74,memory_stress,checkoutservice,2026-06-09 15:15:00,2026-06-09 15:30:00,during_fault,24.634956,1
2026-06-09 15:28:45,1125,EXP_FAULT_03,RUN_03,memory_stress,1,cartservice,cart-f03-02,online-boutique,node-c,0.3734,48.103,0,191.684,0.001932,18.2713,9.0885,36.5472,58.5881,107.7476,175.2963,191.3137,0.3551,0.0152,209989.327,128389.1816,memory_stress,checkoutservice,2026-06-09 15:15:00,2026-06-09 15:30:00,during_fault,22.871387,1
2026-06-09 15:28:50,1130,EXP_FAULT_03,RUN_03,memory_stress,1,cartservice,cart-f03-02,online-boutique,node-c,0.3719,47.1813,0,186.7096,0.001901,18.1963,9.3374,38.0379,55.3668,106.1372,171.0989,186.3547,0.3285,0.0264,169110.6399,193278.318,memory_stress,checkoutservice,2026-06-09 15:15:00,2026-06-09 15:30:00,during_fault,20.40547,1
2026-06-09 15:28:55,1135,EXP_FAULT_03,RUN_03,memory_stress,1,cartservice,cart-f03-02,online-boutique,node-c,0.3554,47.5039,0,187.71,0.0021,18.2499,9.2981,39.3221,61.3598,99.6315,172.4097,187.3158,0.3838,0.0103,201525.6686,185653.3574,memory_stress,checkoutservice,2026-06-09 15:15:00,2026-06-09 15:30:00,during_fault,25.975906,1
2026-06-09 15:29:00,1140,EXP_FAULT_03,RUN_03,memory_stress,1,cartservice,cart-f03-02,online-boutique,node-c,0.349,47.2204,0,187.516,0.001435,16.7892,7.7357,34.9564,53.001,95.856,172.7413,187.2468,0.2471,0.022,202575.4877,147093.2884,memory_stress,checkoutservice,2026-06-09 15:15:00,2026-06-09 15:30:00,during_fault,18.911757,1
2026-06-09 15:29:05,1145,EXP_FAULT_03,RUN_03,memory_stress,1,cartservice,cart-f03-02,online-boutique,node-c,0.3523,46.5165,0,189.1471,0.001082,17.3815,8.2563,37.0611,53.4944,97.9623,174.751,188.9424,0.1481,0.0567,233371.3739,203262.9867,memory_stress,checkoutservice,2026-06-09 15:15:00,2026-06-09 15:30:00,during_fault,17.751934,1
2026-06-09 15:29:10,1150,EXP_FAULT_03,RUN_03,memory_stress,1,cartservice,cart-f03-02,online-boutique,node-c,0.3384,46.3539,0,183.3496,0.001218,15.9762,8.5185,30.3119,50.121,88.9017,169.8467,183.1264,0.2194,0.0039,211346.5096,151109.3413,memory_stress,checkoutservice,2026-06-09 15:15:00,2026-06-09 15:30:00,during_fault,15.7430725,1
2026-06-09 15:29:15,1155,EXP_FAULT_03,RUN_03,memory_stress,1,cartservice,cart-f03-02,online-boutique,node-c,0.3575,46.7555,0,179.9703,0.001457,15.5965,8.5042,29.3696,45.0701,81.0433,167.1668,179.7081,0.2414,0.0208,230283.4793,155671.5253,memory_stress,checkoutservice,2026-06-09 15:15:00,2026-06-09 15:30:00,during_fault,12.790167,1
2026-06-09 15:29:20,1160,EXP_FAULT_03,RUN_03,memory_stress,1,cartservice,cart-f03-02,online-boutique,node-c,0.3647,46.048,0,184.8972,0.001026,14.6644,7.3259,28.3165,44.3209,73.0709,172.2482,184.7074,0.136,0.0538,239945.0755,155793.4361,memory_stress,checkoutservice,2026-06-09 15:15:00,2026-06-09 15:30:00,during_fault,7.238745,1
2026-06-09 15:29:25,1165,EXP_FAULT_03,RUN_03,memory_stress,1,cartservice,cart-f03-02,online-boutique,node-c,0.3469,45.9701,0,180.86,0.001175,15.9965,8.63,34.0797,47.2706,88.576,168.9865,180.6475,0.2116,0.0009,234520.8232,142627.2039,memory_stress,checkoutservice,2026-06-09 15:15:00,2026-06-09 15:30:00,during_fault,13.388181,1
2026-06-09 15:29:30,1170,EXP_FAULT_03,RUN_03,memory_stress,1,cartservice,cart-f03-02,online-boutique,node-c,0.3818,45.9609,0,180.9533,0.001907,14.3724,8.1747,30.2053,44.2108,70.6601,169.4408,180.6082,0.2903,0.0548,185435.8826,144422.849,memory_stress,checkoutservice,2026-06-09 15:15:00,2026-06-09 15:30:00,during_fault,6.1887617,1
2026-06-09 15:29:35,1175,EXP_FAULT_03,RUN_03,memory_stress,1,cartservice,cart-f03-02,online-boutique,node-c,0.3453,46.1016,0,181.1515,0.000434,14.1914,8.1258,28.1094,42.3735,64.5596,170.2262,181.0729,0.0733,0.0054,225008.1706,162689.5851,memory_stress,checkoutservice,2026-06-09 15:15:00,2026-06-09 15:30:00,during_fault,7.6236315,1
2026-06-09 15:29:40,1180,EXP_FAULT_03,RUN_03,memory_stress,1,cartservice,cart-f03-02,online-boutique,node-c,0.3703,45.6897,0,176.8786,0.000734,14.3507,8.3766,25.6901,37.8717,73.5101,166.5967,176.7488,0.091,0.0388,154615.4881,118294.3054,memory_stress,checkoutservice,2026-06-09 15:15:00,2026-06-09 15:30:00,during_fault,5.0632615,1
2026-06-09 15:29:45,1185,EXP_FAULT_03,RUN_03,memory_stress,1,cartservice,cart-f03-02,online-boutique,node-c,0.3329,45.7635,0,185.7011,0.0016,15.6021,8.2088,29.3331,41.3802,69.4545,175.2992,185.4039,0.2893,0.0078,224026.296,165275.3127,memory_stress,checkoutservice,2026-06-09 15:15:00,2026-06-09 15:30:00,during_fault,15.420654,1
2026-06-09 15:29:50,1190,EXP_FAULT_03,RUN_03,memory_stress,1,cartservice,cart-f03-02,online-boutique,node-c,0.3534,44.9248,0,182.2974,0.002225,13.9717,7.9967,25.6225,37.5436,62.2898,172.4535,181.8917,0.345,0.0606,210690.9698,160008.4363,memory_stress,checkoutservice,2026-06-09 15:15:00,2026-06-09 15:30:00,during_fault,7.105696,1
2026-06-09 15:29:55,1195,EXP_FAULT_03,RUN_03,memory_stress,1,cartservice,cart-f03-02,online-boutique,node-c,0.355,45.5406,0,183.246,0.001548,13.2807,7.0034,27.0609,36.6502,57.4482,173.7072,182.9623,0.2628,0.0209,185049.727,169167.6093,memory_stress,checkoutservice,2026-06-09 15:15:00,2026-06-09 15:30:00,during_fault,5.7680674,1
2026-06-09 15:30:00,1200,EXP_FAULT_03,RUN_03,memory_stress,1,cartservice,cart-f03-02,online-boutique,node-c,0.3439,45.8324,0,179.8297,0.000686,13.7113,7.3121,26.6941,35.0895,65.7535,170.7186,179.7063,0.1215,0.0019,174056.6916,169476.572,memory_stress,checkoutservice,2026-06-09 15:15:00,2026-06-09 15:30:00,post_fault,6.86785,1
2026-06-09 15:30:05,1205,EXP_FAULT_03,RUN_03,memory_stress,1,cartservice,cart-f03-02,online-boutique,node-c,0.3431,45.4577,0,174.5901,0.00074,13.968,7.9487,26.9853,35.3793,60.9334,165.8547,174.4609,0.1168,0.0125,191905.6191,120142.8396,memory_stress,checkoutservice,2026-06-09 15:15:00,2026-06-09 15:30:00,post_fault,6.9891305,1
2026-06-09 15:30:10,1210,EXP_FAULT_03,RUN_03,memory_stress,1,cartservice,cart-f03-02,online-boutique,node-c,0.35,45.7776,0,174.6618,0.00097,13.1975,7.0783,25.6834,33.3624,62.1593,165.9891,174.4923,0.1574,0.0121,187272.9715,180646.89,memory_stress,checkoutservice,2026-06-09 15:15:00,2026-06-09 15:30:00,post_fault,5.816513,1
2026-06-09 15:30:15,1215,EXP_FAULT_03,RUN_03,memory_stress,1,cartservice,cart-f03-02,online-boutique,node-c,0.3423,45.5233,0,169.855,0.001052,13.3536,7.608,26.7347,35.6942,57.5944,161.5127,169.6762,0.1753,0.0034,213280.7281,121301.8682,memory_stress,checkoutservice,2026-06-09 15:15:00,2026-06-09 15:30:00,post_fault,6.387144,1
2026-06-09 15:30:20,1220,EXP_FAULT_03,RUN_03,memory_stress,1,cartservice,cart-f03-02,online-boutique,node-c,0.353,45.6198,0,178.9364,0.001857,13.6244,7.4219,26.5685,35.8935,62.6267,170.1639,178.6042,0.3006,0.0317,190924.8118,120350.0111,memory_stress,checkoutservice,2026-06-09 15:15:00,2026-06-09 15:30:00,post_fault,7.126231,1
2026-06-09 15:30:25,1225,EXP_FAULT_03,RUN_03,memory_stress,1,cartservice,cart-f03-02,online-boutique,node-c,0.3649,44.9026,0,174.5026,0.001158,13.7703,7.7329,25.4438,35.4441,57.1151,166.2073,174.3006,0.1671,0.0349,183716.9999,170715.0903,memory_stress,checkoutservice,2026-06-09 15:15:00,2026-06-09 15:30:00,post_fault,4.1392717,1
2026-06-09 15:30:30,1230,EXP_FAULT_03,RUN_03,memory_stress,1,cartservice,cart-f03-02,online-boutique,node-c,0.3609,45.3944,0,177.1277,0.001707,13.7534,7.7123,23.8432,38.9346,63.049,168.7276,176.8253,0.2652,0.0372,178980.2089,180745.3878,memory_stress,checkoutservice,2026-06-09 15:15:00,2026-06-09 15:30:00,post_fault,5.862114,1
2026-06-09 15:30:35,1235,EXP_FAULT_03,RUN_03,memory_stress,1,cartservice,cart-f03-02,online-boutique,node-c,0.3276,45.3286,0,175.8909,0.001481,14.3163,8.2211,27.7089,39.2396,58.8586,167.6804,175.6304,0.2085,0.052,184654.4485,182825.2437,memory_stress,checkoutservice,2026-06-09 15:15:00,2026-06-09 15:30:00,post_fault,11.025151,1
2026-06-09 15:30:40,1240,EXP_FAULT_03,RUN_03,memory_stress,1,cartservice,cart-f03-02,online-boutique,node-c,0.3414,45.068,0,178.6972,0.001326,13.2485,8.0617,23.7627,33.6748,57.8813,170.5063,178.4603,0.1796,0.0574,164940.9795,157325.1415,memory_stress,checkoutservice,2026-06-09 15:15:00,2026-06-09 15:30:00,post_fault,6.012862,1
2026-06-09 15:30:45,1245,EXP_FAULT_03,RUN_03,memory_stress,1,cartservice,cart-f03-02,online-boutique,node-c,0.3339,45.2483,0,178.0596,0.00155,12.8513,7.6332,24.1958,35.7618,60.6592,169.9484,177.7836,0.2721,0.0039,176196.9594,178978.2285,memory_stress,checkoutservice,2026-06-09 15:15:00,2026-06-09 15:30:00,post_fault,6.2274313,1
2026-06-09 15:30:50,1250,EXP_FAULT_03,RUN_03,memory_stress,1,cartservice,cart-f03-02,online-boutique,node-c,0.3618,44.3132,0,179.4492,0.001275,12.9728,7.9067,23.9909,36.9049,51.8484,171.457,179.2204,0.1926,0.0361,151428.6715,184590.6761,memory_stress,checkoutservice,2026-06-09 15:15:00,2026-06-09 15:30:00,post_fault,2.6941051,1
2026-06-09 15:30:55,1255,EXP_FAULT_03,RUN_03,memory_stress,1,cartservice,cart-f03-02,online-boutique,node-c,0.3486,45.1227,0,179.6496,0.000796,13.5672,8.4778,24.4313,37.8092,58.821,171.8094,179.5066,0.1127,0.0303,174928.44,123074.1233,memory_stress,checkoutservice,2026-06-09 15:15:00,2026-06-09 15:30:00,post_fault,5.2210784,1
2026-06-09 15:31:00,1260,EXP_FAULT_03,RUN_03,memory_stress,1,cartservice,cart-f03-02,online-boutique,node-c,0.3542,45.4729,0,178.9507,0.001114,12.3347,7.624,21.7775,33.4912,48.9524,171.1739,178.7514,0.1545,0.0448,199024.7683,137362.9838,memory_stress,checkoutservice,2026-06-09 15:15:00,2026-06-09 15:30:00,post_fault,3.6191037,1
2026-06-09 15:31:05,1265,EXP_FAULT_03,RUN_03,memory_stress,1,cartservice,cart-f03-02,online-boutique,node-c,0.3478,44.7485,0,174.847,0.000539,13.1919,8.3392,25.5182,36.8097,60.6545,167.4279,174.7527,0.0876,0.0067,208742.3764,170023.4272,memory_stress,checkoutservice,2026-06-09 15:15:00,2026-06-09 15:30:00,post_fault,3.8615677,1
2026-06-09 15:31:10,1270,EXP_FAULT_03,RUN_03,memory_stress,1,cartservice,cart-f03-02,online-boutique,node-c,0.3689,44.6159,0,184.7802,0.001864,12.9495,7.2176,23.3637,31.7023,52.6382,176.9139,184.4358,0.2841,0.0603,171411.5123,153330.8943,memory_stress,checkoutservice,2026-06-09 15:15:00,2026-06-09 15:30:00,post_fault,2.9747229,1
2026-06-09 15:31:15,1275,EXP_FAULT_03,RUN_03,memory_stress,1,cartservice,cart-f03-02,online-boutique,node-c,0.3548,44.8062,0,180.7879,0.000811,13.176,7.4175,24.34,33.7321,53.4231,173.3146,180.6413,0.105,0.0416,174873.617,189290.2488,memory_stress,checkoutservice,2026-06-09 15:15:00,2026-06-09 15:30:00,post_fault,3.636135,1
2026-06-09 15:31:20,1280,EXP_FAULT_03,RUN_03,memory_stress,1,cartservice,cart-f03-02,online-boutique,node-c,0.3459,45.1102,0,182.5123,0.001963,13.7175,8.2964,23.5443,34.9881,61.1542,174.9449,182.1539,0.3065,0.0518,198849.8793,174815.457,memory_stress,checkoutservice,2026-06-09 15:15:00,2026-06-09 15:30:00,post_fault,7.4259443,1
2026-06-09 15:31:25,1285,EXP_FAULT_03,RUN_03,memory_stress,1,cartservice,cart-f03-02,online-boutique,node-c,0.3644,44.8562,0,187.2768,0.000779,13.2767,8.2466,25.1564,36.9316,50.809,179.726,187.131,0.1248,0.0211,231181.0503,148896.6352,memory_stress,checkoutservice,2026-06-09 15:15:00,2026-06-09 15:30:00,post_fault,2.9770646,1
2026-06-09 15:31:30,1290,EXP_FAULT_03,RUN_03,memory_stress,1,cartservice,cart-f03-02,online-boutique,node-c,0.3591,44.8255,0,187.6959,0.000877,12.4436,7.5622,23.7064,33.3777,48.7015,180.2089,187.5313,0.0998,0.0648,206898.3431,154041.561,memory_stress,checkoutservice,2026-06-09 15:15:00,2026-06-09 15:30:00,post_fault,2.4577808,1
2026-06-09 15:31:35,1295,EXP_FAULT_03,RUN_03,memory_stress,1,cartservice,cart-f03-02,online-boutique,node-c,0.3533,44.3316,0,188.589,0.000563,11.6782,6.9953,19.7117,28.7846,53.0882,181.2217,188.4828,0.0855,0.0207,185837.8128,169167.9786,memory_stress,checkoutservice,2026-06-09 15:15:00,2026-06-09 15:30:00,post_fault,1.1851149,1
2026-06-09 15:31:40,1300,EXP_FAULT_03,RUN_03,memory_stress,1,cartservice,cart-f03-02,online-boutique,node-c,0.3428,44.0642,0,189.867,0.001631,12.9439,8.101,25.0381,34.1478,56.1,182.4785,189.5572,0.2785,0.0312,193471.9364,177523.6925,memory_stress,checkoutservice,2026-06-09 15:15:00,2026-06-09 15:30:00,post_fault,4.639375,1
2026-06-09 15:31:45,1305,EXP_FAULT_03,RUN_03,memory_stress,1,cartservice,cart-f03-02,online-boutique,node-c,0.3648,44.9519,0,188.4396,0.0019,12.1472,7.6176,23.7419,30.5406,49.3804,181.1151,188.0814,0.3148,0.0433,196640.0864,144307.7111,memory_stress,checkoutservice,2026-06-09 15:15:00,2026-06-09 15:30:00,post_fault,2.9485414,1
2026-06-09 15:31:50,1310,EXP_FAULT_03,RUN_03,memory_stress,1,cartservice,cart-f03-02,online-boutique,node-c,0.3608,43.7245,0,194.668,0.001747,12.9402,8.3631,24.5672,34.2162,49.4439,187.1928,194.328,0.2853,0.0547,192895.4101,205311.7876,memory_stress,checkoutservice,2026-06-09 15:15:00,2026-06-09 15:30:00,post_fault,2.7972214,1
2026-06-09 15:31:55,1315,EXP_FAULT_03,RUN_03,memory_stress,1,cartservice,cart-f03-02,online-boutique,node-c,0.3404,45.0885,0,197.1978,0.000887,13.5783,8.6341,25.614,33.7897,50.7759,189.8579,197.0228,0.1495,0.0255,193960.1612,176283.6959,memory_stress,checkoutservice,2026-06-09 15:15:00,2026-06-09 15:30:00,post_fault,6.3942933,1
2026-06-09 15:32:00,1320,EXP_FAULT_03,RUN_03,memory_stress,1,cartservice,cart-f03-02,online-boutique,node-c,0.3471,44.714,0,198.1411,0.001239,11.0779,7.2041,18.8444,28.3604,49.0955,190.8545,197.8957,0.2451,0.0003,220573.4247,131874.3484,memory_stress,checkoutservice,2026-06-09 15:15:00,2026-06-09 15:30:00,post_fault,1.5191891,1
2026-06-09 15:32:05,1325,EXP_FAULT_03,RUN_03,memory_stress,1,cartservice,cart-f03-02,online-boutique,node-c,0.354,44.7384,0,196.1832,0.000673,11.4101,6.7858,19.4091,26.7371,42.5474,189.0904,196.0512,0.066,0.066,167297.9079,147326.4381,memory_stress,checkoutservice,2026-06-09 15:15:00,2026-06-09 15:30:00,post_fault,1.2717165,1
2026-06-09 15:32:10,1330,EXP_FAULT_03,RUN_03,memory_stress,1,cartservice,cart-f03-02,online-boutique,node-c,0.3443,44.5555,0,191.3891,0.001381,12.5386,7.8687,21.4927,32.5385,48.2966,184.4603,191.1249,0.2336,0.0307,194366.4025,125945.7425,memory_stress,checkoutservice,2026-06-09 15:15:00,2026-06-09 15:30:00,post_fault,4.0078483,1
2026-06-09 15:32:15,1335,EXP_FAULT_03,RUN_03,memory_stress,1,cartservice,cart-f03-02,online-boutique,node-c,0.3614,45.194,0,193.585,0.001814,12.1636,7.6145,21.6396,31.8762,52.7304,186.6121,193.2338,0.2867,0.0646,176877.0476,142134.0541,memory_stress,checkoutservice,2026-06-09 15:15:00,2026-06-09 15:30:00,post_fault,3.4926643,1
2026-06-09 15:32:20,1340,EXP_FAULT_03,RUN_03,memory_stress,1,cartservice,cart-f03-02,online-boutique,node-c,0.377,43.9356,0,201.8018,0.001727,13.0196,7.4802,24.8223,31.446,55.7497,194.684,201.4533,0.3107,0.0378,222608.2775,181100.595,memory_stress,checkoutservice,2026-06-09 15:15:00,2026-06-09 15:30:00,post_fault,1.936766,1
2026-06-09 15:32:25,1345,EXP_FAULT_03,RUN_03,memory_stress,1,cartservice,cart-f03-02,online-boutique,node-c,0.3577,45.1474,0,196.9651,0.00132,11.6764,7.1722,19.9135,29.8822,48.9764,190.193,196.7052,0.2513,0.0086,206170.1228,141100.5868,memory_stress,checkoutservice,2026-06-09 15:15:00,2026-06-09 15:30:00,post_fault,2.5389824,1
2026-06-09 15:32:30,1350,EXP_FAULT_03,RUN_03,memory_stress,1,cartservice,cart-f03-02,online-boutique,node-c,0.3711,45.5345,0,201.7082,0.001038,10.7089,6.8153,18.2179,26.9785,41.7456,194.8538,201.4988,0.1902,0.0191,202130.1517,159062.5085,memory_stress,checkoutservice,2026-06-09 15:15:00,2026-06-09 15:30:00,post_fault,1.2677088,1
2026-06-09 15:32:35,1355,EXP_FAULT_03,RUN_03,memory_stress,1,cartservice,cart-f03-02,online-boutique,node-c,0.3588,44.4711,0,193.7265,0.001081,10.9476,6.65,18.1913,28.6011,40.1019,187.2475,193.5171,0.168,0.0415,173841.5434,170820.1349,memory_stress,checkoutservice,2026-06-09 15:15:00,2026-06-09 15:30:00,post_fault,0.8109226,1
2026-06-09 15:32:40,1360,EXP_FAULT_03,RUN_03,memory_stress,1,cartservice,cart-f03-02,online-boutique,node-c,0.3541,44.2122,0,194.3168,0.001963,10.9513,7.0458,18.8449,26.279,42.2913,187.8013,193.9353,0.332,0.0495,178059.6399,130861.7605,memory_stress,checkoutservice,2026-06-09 15:15:00,2026-06-09 15:30:00,post_fault,1.2323917,1
2026-06-09 15:32:45,1365,EXP_FAULT_03,RUN_03,memory_stress,1,cartservice,cart-f03-02,online-boutique,node-c,0.3456,43.4941,0,196.8086,0.001269,12.0213,7.2006,20.3174,30.7772,48.457,190.3561,196.5589,0.2368,0.0129,207774.2423,201376.4392,memory_stress,checkoutservice,2026-06-09 15:15:00,2026-06-09 15:30:00,post_fault,2.3007858,1
2026-06-09 15:32:50,1370,EXP_FAULT_03,RUN_03,memory_stress,1,cartservice,cart-f03-02,online-boutique,node-c,0.3653,43.7764,0,194.7385,0.001634,11.9525,7.9846,20.822,27.2174,44.6898,188.454,194.4203,0.272,0.0461,184810.4003,156674.7663,memory_stress,checkoutservice,2026-06-09 15:15:00,2026-06-09 15:30:00,post_fault,1.2422483,1
2026-06-09 15:32:55,1375,EXP_FAULT_03,RUN_03,memory_stress,1,cartservice,cart-f03-02,online-boutique,node-c,0.3492,44.7671,0,200.4327,0.001366,11.5846,7.2354,21.8458,28.5088,42.7843,194.0773,200.159,0.2475,0.0263,227354.7994,171406.0074,memory_stress,checkoutservice,2026-06-09 15:15:00,2026-06-09 15:30:00,post_fault,2.4513276,1
2026-06-09 15:33:00,1380,EXP_FAULT_03,RUN_03,memory_stress,1,cartservice,cart-f03-02,online-boutique,node-c,0.3452,45.5518,0,195.5327,0.000771,13.1733,7.7559,23.1444,31.2614,49.7897,189.427,195.382,0.1481,0.0026,201871.8573,192788.479,memory_stress,checkoutservice,2026-06-09 15:15:00,2026-06-09 15:30:00,post_fault,5.410833,1
2026-06-09 15:33:05,1385,EXP_FAULT_03,RUN_03,memory_stress,1,cartservice,cart-f03-02,online-boutique,node-c,0.3713,44.5844,0,192.3953,0.00153,12.6714,7.6012,23.8575,31.3784,46.9705,186.4522,192.101,0.251,0.0433,203595.2109,185048.0486,memory_stress,checkoutservice,2026-06-09 15:15:00,2026-06-09 15:30:00,post_fault,2.2699504,1
2026-06-09 15:33:10,1390,EXP_FAULT_03,RUN_03,memory_stress,1,cartservice,cart-f03-02,online-boutique,node-c,0.3434,44.4837,0,190.5672,0.001551,11.5876,7.0124,19.1805,28.2656,45.084,184.7452,190.2716,0.2676,0.0279,205574.0108,196813.7954,memory_stress,checkoutservice,2026-06-09 15:15:00,2026-06-09 15:30:00,post_fault,2.4124794,1
2026-06-09 15:33:15,1395,EXP_FAULT_03,RUN_03,memory_stress,1,cartservice,cart-f03-02,online-boutique,node-c,0.3508,43.8638,0,194.6246,0.001924,12.159,7.5391,22.8658,29.4986,44.11,188.6878,194.2501,0.3089,0.0656,175774.801,137966.2225,memory_stress,checkoutservice,2026-06-09 15:15:00,2026-06-09 15:30:00,post_fault,2.7373466,1
2026-06-09 15:33:20,1400,EXP_FAULT_03,RUN_03,memory_stress,1,cartservice,cart-f03-02,online-boutique,node-c,0.3562,44.4485,0,195.8674,0.00132,12.0722,8.2028,22.2589,27.152,42.7898,190.036,195.6089,0.2471,0.0113,235749.655,200473.6634,memory_stress,checkoutservice,2026-06-09 15:15:00,2026-06-09 15:30:00,post_fault,2.2774773,1
2026-06-09 15:33:25,1405,EXP_FAULT_03,RUN_03,memory_stress,1,cartservice,cart-f03-02,online-boutique,node-c,0.3479,43.9342,0,196.556,0.001521,12.012,7.3876,19.9438,29.8189,47.5935,190.7228,196.2571,0.2324,0.0665,178967.4526,206683.25,memory_stress,checkoutservice,2026-06-09 15:15:00,2026-06-09 15:30:00,post_fault,2.5286424,1
2026-06-09 15:33:30,1410,EXP_FAULT_03,RUN_03,memory_stress,1,cartservice,cart-f03-02,online-boutique,node-c,0.338,43.9084,0,187.416,0.001005,12.0696,7.1724,20.041,27.6912,45.564,182.0101,187.2276,0.152,0.0363,211332.2127,127878.0239,memory_stress,checkoutservice,2026-06-09 15:15:00,2026-06-09 15:30:00,post_fault,2.772248,1
2026-06-09 15:33:35,1415,EXP_FAULT_03,RUN_03,memory_stress,1,cartservice,cart-f03-02,online-boutique,node-c,0.3671,43.9665,0,189.1039,0.001867,11.807,7.5589,19.8386,28.6576,48.2204,183.6713,188.7508,0.3048,0.0483,200261.9029,124630.7357,memory_stress,checkoutservice,2026-06-09 15:15:00,2026-06-09 15:30:00,post_fault,1.2977998,1
2026-06-09 15:33:40,1420,EXP_FAULT_03,RUN_03,memory_stress,1,cartservice,cart-f03-02,online-boutique,node-c,0.3507,44.3777,0,197.6496,0.001718,12.8802,7.7709,24.3315,30.6444,52.128,192.0658,197.31,0.2864,0.0533,184073.6272,174601.6818,memory_stress,checkoutservice,2026-06-09 15:15:00,2026-06-09 15:30:00,post_fault,4.2372117,1
2026-06-09 15:33:45,1425,EXP_FAULT_03,RUN_03,memory_stress,1,cartservice,cart-f03-02,online-boutique,node-c,0.36,44.4204,0,196.7255,0.001699,12.6701,7.8541,22.4981,32.4227,49.8422,191.2181,196.3912,0.2974,0.0369,173817.6434,144388.0727,memory_stress,checkoutservice,2026-06-09 15:15:00,2026-06-09 15:30:00,post_fault,3.0567472,1
2026-06-09 15:33:50,1430,EXP_FAULT_03,RUN_03,memory_stress,1,cartservice,cart-f03-02,online-boutique,node-c,0.3655,44.1794,0,196.7632,0.001195,12.2244,7.9876,21.1415,31.048,45.2889,191.4113,196.5281,0.1911,0.044,251607.141,144591.37,memory_stress,checkoutservice,2026-06-09 15:15:00,2026-06-09 15:30:00,post_fault,1.5720346,1
2026-06-09 15:33:55,1435,EXP_FAULT_03,RUN_03,memory_stress,1,cartservice,cart-f03-02,online-boutique,node-c,0.3611,44.1162,0,193.4484,0.001438,12.4922,8.3995,20.91,30.5426,44.1748,188.2109,193.1702,0.2532,0.025,231727.0325,143133.1961,memory_stress,checkoutservice,2026-06-09 15:15:00,2026-06-09 15:30:00,post_fault,2.2221646,1
2026-06-09 15:34:00,1440,EXP_FAULT_03,RUN_03,memory_stress,1,cartservice,cart-f03-02,online-boutique,node-c,0.3613,43.6507,0,195.671,0.001819,10.944,6.8545,19.8134,24.3361,37.3225,190.4184,195.3151,0.2877,0.0682,220390.374,130633.5679,memory_stress,checkoutservice,2026-06-09 15:15:00,2026-06-09 15:30:00,post_fault,0.6999792,1
2026-06-09 15:34:05,1445,EXP_FAULT_03,RUN_03,memory_stress,1,cartservice,cart-f03-02,online-boutique,node-c,0.3515,43.9532,0,196.8953,0.001813,10.9132,6.7628,18.0177,26.7938,40.5708,191.6329,196.5384,0.3129,0.044,169895.757,133570.276,memory_stress,checkoutservice,2026-06-09 15:15:00,2026-06-09 15:30:00,post_fault,1.0834671,1
2026-06-09 15:34:10,1450,EXP_FAULT_03,RUN_03,memory_stress,1,cartservice,cart-f03-02,online-boutique,node-c,0.3598,43.6989,0,199.538,0.001206,11.5785,7.2765,20.1213,26.7323,39.6884,194.3463,199.2974,0.1894,0.0513,173628.4418,169825.7443,memory_stress,checkoutservice,2026-06-09 15:15:00,2026-06-09 15:30:00,post_fault,0.98886585,1
2026-06-09 15:34:15,1455,EXP_FAULT_03,RUN_03,memory_stress,1,cartservice,cart-f03-02,online-boutique,node-c,0.3479,44.0601,0,201.5789,0.00111,10.3513,6.4459,18.6027,26.0932,37.0562,196.4584,201.3551,0.1949,0.0288,203757.5893,202812.9391,memory_stress,checkoutservice,2026-06-09 15:15:00,2026-06-09 15:30:00,post_fault,0.4379136,0
2026-06-09 15:34:20,1460,EXP_FAULT_03,RUN_03,memory_stress,1,cartservice,cart-f03-02,online-boutique,node-c,0.3579,44.3923,0,199.3379,0.001015,12.0143,7.3923,22.2601,28.5892,42.298,194.289,199.1355,0.1623,0.0401,178517.2478,139651.5146,memory_stress,checkoutservice,2026-06-09 15:15:00,2026-06-09 15:30:00,post_fault,1.7852705,1
2026-06-09 15:34:25,1465,EXP_FAULT_03,RUN_03,memory_stress,1,cartservice,cart-f03-02,online-boutique,node-c,0.3469,44.1199,0,207.3671,0.001267,11.6385,7.23,20.5397,28.0519,45.067,202.1632,207.1043,0.2471,0.0157,222412.0023,184135.6237,memory_stress,checkoutservice,2026-06-09 15:15:00,2026-06-09 15:30:00,post_fault,2.1892173,1
2026-06-09 15:34:30,1470,EXP_FAULT_03,RUN_03,memory_stress,1,cartservice,cart-f03-02,online-boutique,node-c,0.3743,43.2031,0,206.8369,0.000892,11.2471,7.582,20.7945,27.6686,42.3612,201.8155,206.6523,0.1682,0.0164,194470.6695,149989.8514,memory_stress,checkoutservice,2026-06-09 15:15:00,2026-06-09 15:30:00,post_fault,0.13289964,0
2026-06-09 15:34:35,1475,EXP_FAULT_03,RUN_03,memory_stress,1,cartservice,cart-f03-02,online-boutique,node-c,0.3645,43.7495,0,207.0006,0.001589,11.0039,6.9796,18.742,24.0206,39.5216,201.9169,206.6717,0.3017,0.0272,194709.1443,197859.3599,memory_stress,checkoutservice,2026-06-09 15:15:00,2026-06-09 15:30:00,post_fault,0.62671167,0
2026-06-09 15:34:40,1480,EXP_FAULT_03,RUN_03,memory_stress,1,cartservice,cart-f03-02,online-boutique,node-c,0.3806,45.3633,0,208.7618,0.001921,12.2363,8.0756,21.8484,28.47,40.1749,203.7031,208.3607,0.331,0.0701,238511.2825,200709.3587,memory_stress,checkoutservice,2026-06-09 15:15:00,2026-06-09 15:30:00,post_fault,2.7482715,1
2026-06-09 15:34:45,1485,EXP_FAULT_03,RUN_03,memory_stress,1,cartservice,cart-f03-02,online-boutique,node-c,0.3575,43.9023,0,204.6785,0.0007,11.5847,8.2175,18.6816,28.4405,41.4869,199.8744,204.5353,0.1197,0.0235,222567.7859,182631.2736,memory_stress,checkoutservice,2026-06-09 15:15:00,2026-06-09 15:30:00,post_fault,0.90336895,1
2026-06-09 15:34:50,1490,EXP_FAULT_03,RUN_03,memory_stress,1,cartservice,cart-f03-02,online-boutique,node-c,0.3415,43.4533,0,211.4925,0.00089,11.8633,8.4455,19.3364,29.0771,42.3162,206.5767,211.3043,0.1317,0.0565,194406.8754,163420.0047,memory_stress,checkoutservice,2026-06-09 15:15:00,2026-06-09 15:30:00,post_fault,2.4135432,1
2026-06-09 15:34:55,1495,EXP_FAULT_03,RUN_03,memory_stress,1,cartservice,cart-f03-02,online-boutique,node-c,0.3573,44.0936,0,209.6781,0.000707,11.3391,7.0449,20.0774,26.464,40.7887,204.9274,209.5299,0.1333,0.0149,204561.3585,180102.7983,memory_stress,checkoutservice,2026-06-09 15:15:00,2026-06-09 15:30:00,post_fault,0.8159131,1
2026-06-09 15:35:00,1500,EXP_FAULT_03,RUN_03,memory_stress,1,cartservice,cart-f03-02,online-boutique,node-c,0.3706,42.8256,0,215.1472,0.000675,12.1795,7.5353,22.0635,26.5755,46.6583,210.2986,215.0021,0.081,0.0641,264028.7847,162992.0131,memory_stress,checkoutservice,2026-06-09 15:15:00,2026-06-09 15:30:00,post_fault,0.8519389,1
2026-06-09 15:35:05,1505,EXP_FAULT_03,RUN_03,memory_stress,1,cartservice,cart-f03-02,online-boutique,node-c,0.3628,43.9564,0,213.7092,0.001299,11.1405,7.1337,17.9715,24.6581,37.0059,208.9449,213.4317,0.2464,0.0312,216297.9925,203148.8086,memory_stress,checkoutservice,2026-06-09 15:15:00,2026-06-09 15:30:00,post_fault,0.75352633,1
2026-06-09 15:35:10,1510,EXP_FAULT_03,RUN_03,memory_stress,1,cartservice,cart-f03-02,online-boutique,node-c,0.3561,44.2341,0,212.8662,0.001102,11.8082,7.8882,21.1051,27.2239,44.7271,208.1834,212.6316,0.2254,0.0092,269730.2565,196218.8921,memory_stress,checkoutservice,2026-06-09 15:15:00,2026-06-09 15:30:00,post_fault,1.6899197,1
2026-06-09 15:35:15,1515,EXP_FAULT_03,RUN_03,memory_stress,1,cartservice,cart-f03-02,online-boutique,node-c,0.3492,43.3623,0,213.3019,0.001199,10.9949,6.8298,20.3954,23.799,34.8616,208.636,213.0462,0.243,0.0127,221646.4725,171163.4914,memory_stress,checkoutservice,2026-06-09 15:15:00,2026-06-09 15:30:00,post_fault,1.0370728,1
2026-06-09 15:35:20,1520,EXP_FAULT_03,RUN_03,memory_stress,1,cartservice,cart-f03-02,online-boutique,node-c,0.3542,44.2551,0,211.0158,0.000989,10.9006,6.7358,18.825,23.5408,38.0649,206.485,210.807,0.1495,0.0592,205686.9689,183275.117,memory_stress,checkoutservice,2026-06-09 15:15:00,2026-06-09 15:30:00,post_fault,0.8466815,1
2026-06-09 15:35:25,1525,EXP_FAULT_03,RUN_03,memory_stress,1,cartservice,cart-f03-02,online-boutique,node-c,0.3756,44.2451,0,208.1886,0.001412,11.5476,7.2991,19.2976,24.1203,39.3743,203.7669,207.8946,0.2214,0.0726,256775.231,160494.3898,memory_stress,checkoutservice,2026-06-09 15:15:00,2026-06-09 15:30:00,post_fault,0.8029777,1
2026-06-09 15:35:30,1530,EXP_FAULT_03,RUN_03,memory_stress,1,cartservice,cart-f03-02,online-boutique,node-c,0.3625,43.5238,0,208.7204,0.001753,11.0027,7.4487,19.121,23.0812,39.3266,204.3492,208.3546,0.3141,0.0517,184968.5434,204421.6491,memory_stress,checkoutservice,2026-06-09 15:15:00,2026-06-09 15:30:00,post_fault,0.65918267,1
2026-06-09 15:35:35,1535,EXP_FAULT_03,RUN_03,memory_stress,1,cartservice,cart-f03-02,online-boutique,node-c,0.3556,42.5882,0,216.2957,0.000688,11.3075,7.0263,18.916,26.0928,37.8083,211.8689,216.147,0.1294,0.0193,274493.6828,185197.0072,memory_stress,checkoutservice,2026-06-09 15:15:00,2026-06-09 15:30:00,post_fault,0.8355524,1
2026-06-09 15:35:40,1540,EXP_FAULT_03,RUN_03,memory_stress,1,cartservice,cart-f03-02,online-boutique,node-c,0.3535,44.2129,0,212.3681,0.00176,10.7689,7.0798,17.5509,24.7376,37.418,208.0046,211.9944,0.3158,0.0579,213930.8497,145609.7207,memory_stress,checkoutservice,2026-06-09 15:15:00,2026-06-09 15:30:00,post_fault,1.2618759,1
2026-06-09 15:35:45,1545,EXP_FAULT_03,RUN_03,memory_stress,1,cartservice,cart-f03-02,online-boutique,node-c,0.3748,43.3988,0,212.542,0.001634,10.7994,7.584,19.7214,23.5372,39.5612,208.2257,212.1946,0.2972,0.0502,206612.7675,178762.8153,memory_stress,checkoutservice,2026-06-09 15:15:00,2026-06-09 15:30:00,post_fault,0.15044253,0
2026-06-09 15:35:50,1550,EXP_FAULT_03,RUN_03,memory_stress,1,cartservice,cart-f03-02,online-boutique,node-c,0.3766,43.7398,0,207.5767,0.001696,11.2625,7.269,20.0338,25.1474,39.7418,203.4121,207.2246,0.3387,0.0134,211603.4818,207750.8977,memory_stress,checkoutservice,2026-06-09 15:15:00,2026-06-09 15:30:00,post_fault,0.419259,0
2026-06-09 15:35:55,1555,EXP_FAULT_03,RUN_03,memory_stress,1,cartservice,cart-f03-02,online-boutique,node-c,0.359,43.993,0,207.1598,0.001632,11.1041,7.7747,19.75,26.0756,39.1593,203.0425,206.8216,0.2798,0.0584,232854.631,206338.586,memory_stress,checkoutservice,2026-06-09 15:15:00,2026-06-09 15:30:00,post_fault,1.0960709,1
2026-06-09 15:36:00,1560,EXP_FAULT_03,RUN_03,memory_stress,1,cartservice,cart-f03-02,online-boutique,node-c,0.3705,43.4854,0,213.2471,0.001958,11.7738,7.6716,20.3031,24.5872,38.8079,209.1022,212.8295,0.3716,0.046,229695.4898,196796.2806,memory_stress,checkoutservice,2026-06-09 15:15:00,2026-06-09 15:30:00,post_fault,1.0914135,1
2026-06-09 15:36:05,1565,EXP_FAULT_03,RUN_03,memory_stress,1,cartservice,cart-f03-02,online-boutique,node-c,0.3813,43.5292,0,207.199,0.001939,11.6392,8.2837,20.4588,25.461,39.3557,203.2208,206.7973,0.3307,0.071,182377.4203,171315.269,memory_stress,checkoutservice,2026-06-09 15:15:00,2026-06-09 15:30:00,post_fault,0.5285516,0
2026-06-09 15:36:10,1570,EXP_FAULT_03,RUN_03,memory_stress,1,cartservice,cart-f03-02,online-boutique,node-c,0.3707,43.4615,0,206.2476,0.000733,11.6663,7.3851,20.9819,27.348,36.7077,202.421,206.0963,0.093,0.0583,233521.3758,169055.883,memory_stress,checkoutservice,2026-06-09 15:15:00,2026-06-09 15:30:00,post_fault,0.36750475,0
2026-06-09 15:36:15,1575,EXP_FAULT_03,RUN_03,memory_stress,1,cartservice,cart-f03-02,online-boutique,node-c,0.349,43.148,0,196.1847,0.001555,10.9654,7.4124,19.9242,24.7035,37.8992,192.4696,195.8796,0.2517,0.0534,184380.346,165054.3668,memory_stress,checkoutservice,2026-06-09 15:15:00,2026-06-09 15:30:00,post_fault,0.86096704,1
2026-06-09 15:36:20,1580,EXP_FAULT_03,RUN_03,memory_stress,1,cartservice,cart-f03-02,online-boutique,node-c,0.3671,44.4008,0,205.397,0.001199,11.5807,7.5007,18.616,26.0613,35.3909,201.6049,205.1507,0.2111,0.0352,234563.5983,186379.5113,memory_stress,checkoutservice,2026-06-09 15:15:00,2026-06-09 15:30:00,post_fault,1.0945982,1
2026-06-09 15:36:25,1585,EXP_FAULT_03,RUN_03,memory_stress,1,cartservice,cart-f03-02,online-boutique,node-c,0.3399,43.506,0,199.9347,0.001507,11.0107,8.0676,17.8927,24.0653,37.4636,196.3408,199.6334,0.2833,0.018,236879.577,201438.1108,memory_stress,checkoutservice,2026-06-09 15:15:00,2026-06-09 15:30:00,post_fault,1.4723058,1
2026-06-09 15:36:30,1590,EXP_FAULT_03,RUN_03,memory_stress,1,cartservice,cart-f03-02,online-boutique,node-c,0.3709,43.9168,0,204.7953,0.001347,11.3779,7.4253,20.5409,25.4752,38.6214,201.1536,204.5194,0.216,0.0598,196960.1201,170832.9768,memory_stress,checkoutservice,2026-06-09 15:15:00,2026-06-09 15:30:00,post_fault,0.6247224,0
2026-06-09 15:36:35,1595,EXP_FAULT_03,RUN_03,memory_stress,1,cartservice,cart-f03-02,online-boutique,node-c,0.3493,43.2709,0,198.4031,0.001262,11.0138,7.7166,17.1781,25.2856,33.0182,194.94,198.1527,0.2039,0.0465,192632.8873,199759.7871,memory_stress,checkoutservice,2026-06-09 15:15:00,2026-06-09 15:30:00,post_fault,0.8369074,1
2026-06-09 15:36:40,1600,EXP_FAULT_03,RUN_03,memory_stress,1,cartservice,cart-f03-02,online-boutique,node-c,0.3515,43.978,0,208.0012,0.001959,11.4415,8.3438,19.0915,24.6865,40.174,204.3286,207.5937,0.3359,0.0715,189031.138,210987.0923,memory_stress,checkoutservice,2026-06-09 15:15:00,2026-06-09 15:30:00,post_fault,2.0843835,1
2026-06-09 15:36:45,1605,EXP_FAULT_03,RUN_03,memory_stress,1,cartservice,cart-f03-02,online-boutique,node-c,0.3662,43.6825,0,203.2679,0.000764,10.1021,6.685,17.9457,20.7825,35.8569,199.8339,203.1125,0.1197,0.0356,197438.1302,198563.1258,memory_stress,checkoutservice,2026-06-09 15:15:00,2026-06-09 15:30:00,post_fault,0.045304652,0
2026-06-09 15:36:50,1610,EXP_FAULT_03,RUN_03,memory_stress,1,cartservice,cart-f03-02,online-boutique,node-c,0.3485,43.5054,0,201.0713,0.001338,11.3187,8.2924,18.1646,24.9719,35.9009,197.6346,200.8022,0.2688,0.0003,241113.767,143735.3563,memory_stress,checkoutservice,2026-06-09 15:15:00,2026-06-09 15:30:00,post_fault,1.3357008,1
2026-06-09 15:36:55,1615,EXP_FAULT_03,RUN_03,memory_stress,1,cartservice,cart-f03-02,online-boutique,node-c,0.3688,43.3598,0,195.4913,0.0015,9.9148,7.2496,16.1006,20.1754,29.2307,192.2428,195.198,0.2857,0.0075,242572.5017,148483.6779,memory_stress,checkoutservice,2026-06-09 15:15:00,2026-06-09 15:30:00,post_fault,0.030416304,0
2026-06-09 15:37:00,1620,EXP_FAULT_03,RUN_03,memory_stress,1,cartservice,cart-f03-02,online-boutique,node-c,0.3616,43.3164,0,210.6429,0.001551,10.4066,7.2813,18.484,22.464,32.0004,207.1155,210.3163,0.2947,0.032,269158.8707,163982.4122,memory_stress,checkoutservice,2026-06-09 15:15:00,2026-06-09 15:30:00,post_fault,0.23872201,0
2026-06-09 15:37:05,1625,EXP_FAULT_03,RUN_03,memory_stress,1,cartservice,cart-f03-02,online-boutique,node-c,0.348,43.4969,0,201.3403,0.00166,10.1125,6.846,16.9345,21.556,31.3991,198.0043,201.006,0.2684,0.0659,221454.6132,178399.3271,memory_stress,checkoutservice,2026-06-09 15:15:00,2026-06-09 15:30:00,post_fault,0.38618818,0
2026-06-09 15:37:10,1630,EXP_FAULT_03,RUN_03,memory_stress,1,cartservice,cart-f03-02,online-boutique,node-c,0.3704,43.2669,0,203.212,0.001414,9.8664,6.6963,17.2915,22.2207,30.2776,199.8891,202.9246,0.2561,0.0313,232294.2318,173954.2519,memory_stress,checkoutservice,2026-06-09 15:15:00,2026-06-09 15:30:00,post_fault,0.02915071,0
2026-06-09 15:37:15,1635,EXP_FAULT_03,RUN_03,memory_stress,1,cartservice,cart-f03-02,online-boutique,node-c,0.3553,43.3873,0,205.3672,0.000868,10.7625,7.7146,17.4003,22.9416,37.7067,202.1613,205.189,0.1154,0.0628,187279.5702,144833.0705,memory_stress,checkoutservice,2026-06-09 15:15:00,2026-06-09 15:30:00,post_fault,0.36108127,0
2026-06-09 15:37:20,1640,EXP_FAULT_03,RUN_03,memory_stress,1,cartservice,cart-f03-02,online-boutique,node-c,0.3492,43.4274,0,207.722,0.000518,10.0656,7.5066,17.3574,23.3759,30.2075,204.5651,207.6143,0.08,0.0277,176627.5694,165025.0163,memory_stress,checkoutservice,2026-06-09 15:15:00,2026-06-09 15:30:00,post_fault,0.11679608,0
2026-06-09 15:37:25,1645,EXP_FAULT_03,RUN_03,memory_stress,1,cartservice,cart-f03-02,online-boutique,node-c,0.3728,43.2993,0,197.7787,0.001408,10.8973,7.4243,17.6203,25.2269,33.2651,194.69,197.5002,0.2431,0.0354,190246.4251,186222.6651,memory_stress,checkoutservice,2026-06-09 15:15:00,2026-06-09 15:30:00,post_fault,0.12234446,0
2026-06-09 15:37:30,1650,EXP_FAULT_03,RUN_03,memory_stress,1,cartservice,cart-f03-02,online-boutique,node-c,0.3897,43.6581,0,206.8914,0.001175,10.6004,7.2533,18.8184,24.5579,32.9987,203.7427,206.6483,0.2318,0.0113,241981.9824,198497.8967,memory_stress,checkoutservice,2026-06-09 15:15:00,2026-06-09 15:30:00,post_fault,0.24107401,0
2026-06-09 15:37:35,1655,EXP_FAULT_03,RUN_03,memory_stress,1,cartservice,cart-f03-02,online-boutique,node-c,0.3617,43.1047,0,203.7508,0.00109,10.2349,6.6236,17.9652,21.0186,34.6668,200.6875,203.5288,0.1756,0.0464,198756.4637,147750.2034,memory_stress,checkoutservice,2026-06-09 15:15:00,2026-06-09 15:30:00,post_fault,0.039305724,0
2026-06-09 15:37:40,1660,EXP_FAULT_03,RUN_03,memory_stress,1,cartservice,cart-f03-02,online-boutique,node-c,0.3497,42.9125,0,212.5956,0.001777,11.2402,7.672,18.116,22.3952,36.7283,209.3479,212.2177,0.3201,0.0578,267346.7926,199793.3657,memory_stress,checkoutservice,2026-06-09 15:15:00,2026-06-09 15:30:00,post_fault,1.5081491,1
2026-06-09 15:37:45,1665,EXP_FAULT_03,RUN_03,memory_stress,1,cartservice,cart-f03-02,online-boutique,node-c,0.3568,43.4625,0,206.3696,0.000727,11.016,7.8757,19.1438,23.7723,38.2144,203.4293,206.2195,0.1192,0.0309,246482.6419,178178.3142,memory_stress,checkoutservice,2026-06-09 15:15:00,2026-06-09 15:30:00,post_fault,0.44288293,0
2026-06-09 15:37:50,1670,EXP_FAULT_03,RUN_03,memory_stress,1,cartservice,cart-f03-02,online-boutique,node-c,0.3929,43.3317,0,210.0898,0.001244,10.3107,7.7551,17.8437,23.4045,31.5043,207.0508,209.8285,0.2361,0.0252,214214.7841,189131.8573,memory_stress,checkoutservice,2026-06-09 15:15:00,2026-06-09 15:30:00,post_fault,0.31869012,0
2026-06-09 15:37:55,1675,EXP_FAULT_03,RUN_03,memory_stress,1,cartservice,cart-f03-02,online-boutique,node-c,0.3575,43.3443,0,205.0606,0.000763,9.784,6.3803,17.2735,19.5392,29.5035,202.1921,204.9042,0.0913,0.0652,242518.8243,143827.2616,memory_stress,checkoutservice,2026-06-09 15:15:00,2026-06-09 15:30:00,post_fault,0.014630338,0
2026-06-09 15:38:00,1680,EXP_FAULT_03,RUN_03,memory_stress,1,cartservice,cart-f03-02,online-boutique,node-c,0.3734,43.0539,0,212.3687,0.000728,10.9576,7.248,18.2989,24.5598,33.3532,209.461,212.2141,0.1188,0.0358,249167.1758,191124.6179,memory_stress,checkoutservice,2026-06-09 15:15:00,2026-06-09 15:30:00,post_fault,0.064245686,0
2026-06-09 15:38:05,1685,EXP_FAULT_03,RUN_03,memory_stress,1,cartservice,cart-f03-02,online-boutique,node-c,0.3783,42.8836,0,205.7561,0.000409,10.3955,7.3195,17.1007,21.6467,31.3996,202.997,205.672,0.076,0.0081,228516.1197,206606.6808,memory_stress,checkoutservice,2026-06-09 15:15:00,2026-06-09 15:30:00,post_fault,0.11683299,0
2026-06-09 15:38:10,1690,EXP_FAULT_03,RUN_03,memory_stress,1,cartservice,cart-f03-02,online-boutique,node-c,0.3713,44.5555,0,212.7635,0.000964,11.1077,7.3859,17.7914,22.1734,32.8295,209.8604,212.5583,0.1604,0.0448,210671.9564,213009.5526,memory_stress,checkoutservice,2026-06-09 15:15:00,2026-06-09 15:30:00,post_fault,0.6329073,0
2026-06-09 15:38:15,1695,EXP_FAULT_03,RUN_03,memory_stress,1,cartservice,cart-f03-02,online-boutique,node-c,0.3695,43.3943,0,209.149,0.001848,10.4395,7.771,17.4981,22.3811,31.7373,206.3152,208.7624,0.3146,0.072,237626.8052,165040.3643,memory_stress,checkoutservice,2026-06-09 15:15:00,2026-06-09 15:30:00,post_fault,0.19589114,0
2026-06-09 15:38:20,1700,EXP_FAULT_03,RUN_03,memory_stress,1,cartservice,cart-f03-02,online-boutique,node-c,0.3534,42.8742,0,216.9942,0.001534,10.6615,7.1606,17.2437,22.9742,34.534,214.1177,216.6614,0.3317,0.0011,191949.8511,142134.6572,memory_stress,checkoutservice,2026-06-09 15:15:00,2026-06-09 15:30:00,post_fault,0.69920695,1
2026-06-09 15:38:25,1705,EXP_FAULT_03,RUN_03,memory_stress,1,cartservice,cart-f03-02,online-boutique,node-c,0.3655,43.0523,0,211.7453,0.000382,10.6396,7.7589,16.985,23.8776,30.2823,209.0606,211.6643,0.0624,0.0186,228200.2349,161297.6608,memory_stress,checkoutservice,2026-06-09 15:15:00,2026-06-09 15:30:00,post_fault,0.06174003,0
2026-06-09 15:38:30,1710,EXP_FAULT_03,RUN_03,memory_stress,1,cartservice,cart-f03-02,online-boutique,node-c,0.3482,43.1695,0,212.6632,0.000814,10.3387,7.5988,17.6093,20.782,31.7456,209.9251,212.4901,0.1688,0.0043,252850.6892,219674.1859,memory_stress,checkoutservice,2026-06-09 15:15:00,2026-06-09 15:30:00,post_fault,0.37741193,0
2026-06-09 15:38:35,1715,EXP_FAULT_03,RUN_03,memory_stress,1,cartservice,cart-f03-02,online-boutique,node-c,0.3555,43.3139,0,202.5125,0.000883,11.1401,7.2368,19.0516,22.932,36.7405,199.9292,202.3336,0.1202,0.0587,176974.7545,147589.012,memory_stress,checkoutservice,2026-06-09 15:15:00,2026-06-09 15:30:00,post_fault,0.59153837,0
2026-06-09 15:38:40,1720,EXP_FAULT_03,RUN_03,memory_stress,1,cartservice,cart-f03-02,online-boutique,node-c,0.369,42.7362,0,209.6393,0.001867,10.5722,7.9443,16.9635,22.7298,35.3577,206.8508,209.2479,0.3216,0.0697,182707.8436,209575.2515,memory_stress,checkoutservice,2026-06-09 15:15:00,2026-06-09 15:30:00,post_fault,0.1715729,0
2026-06-09 15:38:45,1725,EXP_FAULT_03,RUN_03,memory_stress,1,cartservice,cart-f03-02,online-boutique,node-c,0.3476,43.6888,0,199.982,0.000685,9.5728,7.2379,16.1171,21.7421,27.8023,197.5533,199.8449,0.1302,0.0068,186860.6004,177977.2066,memory_stress,checkoutservice,2026-06-09 15:15:00,2026-06-09 15:30:00,post_fault,0.028756404,0
2026-06-09 15:38:50,1730,EXP_FAULT_03,RUN_03,memory_stress,1,cartservice,cart-f03-02,online-boutique,node-c,0.3614,44.7239,0,207.37,0.001104,9.9554,7.0298,16.5714,19.8774,29.755,204.8174,207.1411,0.2169,0.0119,172531.3023,204060.764,memory_stress,checkoutservice,2026-06-09 15:15:00,2026-06-09 15:30:00,post_fault,0.29939833,0
2026-06-09 15:38:55,1735,EXP_FAULT_03,RUN_03,memory_stress,1,cartservice,cart-f03-02,online-boutique,node-c,0.3693,43.9969,0,203.5931,0.001185,10.7346,7.7277,18.8078,23.6869,32.6627,201.1512,203.3519,0.1845,0.0568,194340.9133,180218.1997,memory_stress,checkoutservice,2026-06-09 15:15:00,2026-06-09 15:30:00,post_fault,0.3931079,0
2026-06-09 15:39:00,1740,EXP_FAULT_03,RUN_03,memory_stress,1,cartservice,cart-f03-02,online-boutique,node-c,0.3506,43.2021,0,196.4892,0.001607,10.2073,7.2537,17.7689,21.8412,29.8921,194.0685,196.1733,0.2511,0.0647,229097.8046,179000.8424,memory_stress,checkoutservice,2026-06-09 15:15:00,2026-06-09 15:30:00,post_fault,0.29306725,0
2026-06-09 15:39:05,1745,EXP_FAULT_03,RUN_03,memory_stress,1,cartservice,cart-f03-02,online-boutique,node-c,0.3767,42.978,0,212.6357,0.001078,10.8392,7.6607,17.2429,24.4469,33.0038,210.1487,212.4063,0.2065,0.0228,249868.0308,178682.7123,memory_stress,checkoutservice,2026-06-09 15:15:00,2026-06-09 15:30:00,post_fault,0.050326753,0
2026-06-09 15:39:10,1750,EXP_FAULT_03,RUN_03,memory_stress,1,cartservice,cart-f03-02,online-boutique,node-c,0.3665,43.6665,0,192.5383,0.000836,10.1626,7.6407,16.4248,19.9012,30.0788,190.3343,192.3773,0.1049,0.0561,174047.2276,188911.7031,memory_stress,checkoutservice,2026-06-09 15:15:00,2026-06-09 15:30:00,post_fault,0.085131526,0
2026-06-09 15:39:15,1755,EXP_FAULT_03,RUN_03,memory_stress,1,cartservice,cart-f03-02,online-boutique,node-c,0.3771,42.7301,0,192.8609,0.001674,10.4361,7.8728,18.3172,20.3182,32.7314,190.5722,192.5381,0.2604,0.0625,173522.3755,128510.9127,memory_stress,checkoutservice,2026-06-09 15:15:00,2026-06-09 15:30:00,post_fault,0.035660338,0
2026-06-09 15:39:20,1760,EXP_FAULT_03,RUN_03,memory_stress,1,cartservice,cart-f03-02,online-boutique,node-c,0.3505,43.5079,0,198.7394,0.000583,10.9011,7.5683,16.9173,24.3918,35.5814,196.4592,198.6237,0.061,0.0548,243829.3172,133113.5111,memory_stress,checkoutservice,2026-06-09 15:15:00,2026-06-09 15:30:00,post_fault,0.43213454,0
2026-06-09 15:39:25,1765,EXP_FAULT_03,RUN_03,memory_stress,1,cartservice,cart-f03-02,online-boutique,node-c,0.368,43.2538,0,193.3114,0.001025,9.5082,6.3541,16.2368,20.5492,30.5697,191.0891,193.1131,0.1833,0.0149,189125.1255,127016.5224,memory_stress,checkoutservice,2026-06-09 15:15:00,2026-06-09 15:30:00,post_fault,0.193407,0
2026-06-09 15:39:30,1770,EXP_FAULT_03,RUN_03,memory_stress,1,cartservice,cart-f03-02,online-boutique,node-c,0.3599,42.8847,0,187.1913,0.001749,9.6578,7.2892,14.9443,20.9221,31.737,184.996,186.8639,0.2688,0.0587,215472.508,125382.1716,memory_stress,checkoutservice,2026-06-09 15:15:00,2026-06-09 15:30:00,post_fault,0.0064840997,0
2026-06-09 15:39:35,1775,EXP_FAULT_03,RUN_03,memory_stress,1,cartservice,cart-f03-02,online-boutique,node-c,0.3646,43.6583,0,185.1863,0.000851,10.7263,8.1857,16.3889,20.9497,31.8816,183.0352,185.0287,0.1541,0.0035,193861.5976,187042.0079,memory_stress,checkoutservice,2026-06-09 15:15:00,2026-06-09 15:30:00,post_fault,0.13566688,0
2026-06-09 15:39:40,1780,EXP_FAULT_03,RUN_03,memory_stress,1,cartservice,cart-f03-02,online-boutique,node-c,0.3694,43.1279,0,191.7894,0.001329,10.7493,7.8694,18.8796,21.1936,33.0957,189.5578,191.5344,0.1977,0.0573,194319.307,181363.6018,memory_stress,checkoutservice,2026-06-09 15:15:00,2026-06-09 15:30:00,post_fault,0.08902285,0
2026-06-09 15:39:45,1785,EXP_FAULT_03,RUN_03,memory_stress,1,cartservice,cart-f03-02,online-boutique,node-c,0.3757,42.8958,0,184.6921,0.000931,9.5284,7.1428,16.2879,18.5387,29.513,182.5184,184.5202,0.135,0.037,156337.9151,135614.9306,memory_stress,checkoutservice,2026-06-09 15:15:00,2026-06-09 15:30:00,post_fault,0.55774754,0
2026-06-09 15:39:50,1790,EXP_FAULT_03,RUN_03,memory_stress,1,cartservice,cart-f03-02,online-boutique,node-c,0.3672,43.466,0,187.6952,0.001553,10.0394,7.331,16.6404,21.8874,30.1687,185.4735,187.4037,0.2835,0.008,209635.6698,169418.4127,memory_stress,checkoutservice,2026-06-09 15:15:00,2026-06-09 15:30:00,post_fault,0.03298436,0
2026-06-09 15:39:55,1795,EXP_FAULT_03,RUN_03,memory_stress,1,cartservice,cart-f03-02,online-boutique,node-c,0.3342,43.0739,0,185.4523,0.001506,10.906,7.6481,19.352,22.8345,36.4292,183.2122,185.173,0.2674,0.0119,160808.3346,170381.6339,memory_stress,checkoutservice,2026-06-09 15:15:00,2026-06-09 15:30:00,post_fault,1.3361384,1
2026-06-09 15:45:00,0,EXP_FAULT_04,RUN_04,network_delay,1,cartservice,cart-f04-02,online-boutique,node-c,0.3594,43.3964,0,227.0134,0.001317,9.5076,7.593,14.6784,16.9117,25.0755,226.9037,226.7143,0.2568,0.0423,237719.4839,205548.9058,network_delay,frontend,2026-06-09 15:50:00,2026-06-09 16:05:00,pre_fault,0.048006136,0
2026-06-09 15:45:05,5,EXP_FAULT_04,RUN_04,network_delay,1,cartservice,cart-f04-02,online-boutique,node-c,0.3857,42.1247,0,230.6454,0.001563,10.0534,7.1923,15.7752,19.4147,23.9258,230.4862,230.2849,0.3136,0.047,213692.069,214726.0676,network_delay,frontend,2026-06-09 15:50:00,2026-06-09 16:05:00,pre_fault,0.053877532,0
2026-06-09 15:45:10,10,EXP_FAULT_04,RUN_04,network_delay,1,cartservice,cart-f04-02,online-boutique,node-c,0.3656,42.6276,0,241.2023,0.000852,9.6625,7.8523,16.1427,18.5795,23.5488,241.0817,240.9967,0.1615,0.0441,297669.3169,196360.8446,network_delay,frontend,2026-06-09 15:50:00,2026-06-09 16:05:00,pre_fault,0.016472753,0
2026-06-09 15:45:15,15,EXP_FAULT_04,RUN_04,network_delay,1,cartservice,cart-f04-02,online-boutique,node-c,0.3556,41.4176,0,231.3308,0.001262,9.9092,7.7954,15.67,19.0613,25.3925,231.1587,231.039,0.2772,0.0146,283668.8583,167495.2635,network_delay,frontend,2026-06-09 15:50:00,2026-06-09 16:05:00,pre_fault,0.29970628,0
2026-06-09 15:45:20,20,EXP_FAULT_04,RUN_04,network_delay,1,cartservice,cart-f04-02,online-boutique,node-c,0.356,42.3994,0,238.3814,0.000913,10.1652,8.3127,15.6803,18.5788,27.4775,238.2435,238.1637,0.1716,0.0461,272261.4778,235764.0991,network_delay,frontend,2026-06-09 15:50:00,2026-06-09 16:05:00,pre_fault,0.36569682,0
2026-06-09 15:45:25,25,EXP_FAULT_04,RUN_04,network_delay,1,cartservice,cart-f04-02,online-boutique,node-c,0.3787,42.4491,0,232.9987,0.001368,9.4365,7.3649,15.3563,18.7132,26.5398,232.8082,232.68,0.2973,0.0214,258871.5012,171695.6096,network_delay,frontend,2026-06-09 15:50:00,2026-06-09 16:05:00,pre_fault,0.13478547,0
2026-06-09 15:45:30,30,EXP_FAULT_04,RUN_04,network_delay,1,cartservice,cart-f04-02,online-boutique,node-c,0.36,41.2394,0,240.8057,0.000538,10.7136,8.5804,16.0842,21.1533,29.7703,240.7346,240.6762,0.1205,0.009,243400.53,249885.3077,network_delay,frontend,2026-06-09 15:50:00,2026-06-09 16:05:00,pre_fault,0.5623629,0
2026-06-09 15:45:35,35,EXP_FAULT_04,RUN_04,network_delay,1,cartservice,cart-f04-02,online-boutique,node-c,0.3523,42.0239,0,224.8402,0.000412,9.6749,7.7607,15.7634,17.1512,23.1415,224.7731,224.7475,0.0597,0.033,232512.7729,159520.3921,network_delay,frontend,2026-06-09 15:50:00,2026-06-09 16:05:00,pre_fault,0.07136567,0
2026-06-09 15:45:40,40,EXP_FAULT_04,RUN_04,network_delay,1,cartservice,cart-f04-02,online-boutique,node-c,0.3648,41.6493,0,236.9242,0.000754,9.0552,6.5847,13.7502,16.212,24.2842,236.835,236.7455,0.1752,0.0035,237850.0504,211958.9416,network_delay,frontend,2026-06-09 15:50:00,2026-06-09 16:05:00,pre_fault,0.06749483,0
2026-06-09 15:45:45,45,EXP_FAULT_04,RUN_04,network_delay,1,cartservice,cart-f04-02,online-boutique,node-c,0.3789,41.112,0,239.7618,0.000594,9.6122,7.3589,16.1396,17.2531,24.9396,239.6834,239.6194,0.1259,0.0165,286449.4559,243189.6415,network_delay,frontend,2026-06-09 15:50:00,2026-06-09 16:05:00,pre_fault,0.09529756,0
2026-06-09 15:45:50,50,EXP_FAULT_04,RUN_04,network_delay,1,cartservice,cart-f04-02,online-boutique,node-c,0.3718,41.2253,0,228.1396,0.001088,9.709,7.369,16.3512,17.1294,26.3179,228.0248,227.8915,0.172,0.0761,252843.0492,192648.3234,network_delay,frontend,2026-06-09 15:50:00,2026-06-09 16:05:00,pre_fault,0.010683785,0
2026-06-09 15:45:55,55,EXP_FAULT_04,RUN_04,network_delay,1,cartservice,cart-f04-02,online-boutique,node-c,0.3677,41.0997,0,242.0085,0.001283,10.0262,7.0262,16.0519,18.4535,24.3865,241.8267,241.698,0.2447,0.0658,235630.5276,224293.8925,network_delay,frontend,2026-06-09 15:50:00,2026-06-09 16:05:00,pre_fault,0.16936234,0
2026-06-09 15:46:00,60,EXP_FAULT_04,RUN_04,network_delay,1,cartservice,cart-f04-02,online-boutique,node-c,0.3536,41.9853,0,228.356,0.000562,9.534,6.9119,14.0452,17.9039,27.1358,228.2722,228.2276,0.1156,0.0127,254773.5387,184856.3752,network_delay,frontend,2026-06-09 15:50:00,2026-06-09 16:05:00,pre_fault,0.053113304,0
2026-06-09 15:46:05,65,EXP_FAULT_04,RUN_04,network_delay,1,cartservice,cart-f04-02,online-boutique,node-c,0.348,42.1168,0,226.6754,0.000514,9.9847,7.9871,15.0297,18.2437,28.4564,226.6205,226.559,0.0848,0.0316,286039.6422,173042.3664,network_delay,frontend,2026-06-09 15:50:00,2026-06-09 16:05:00,pre_fault,0.31676716,0
2026-06-09 15:46:10,70,EXP_FAULT_04,RUN_04,network_delay,1,cartservice,cart-f04-02,online-boutique,node-c,0.355,42.5942,0,234.0774,0.001054,9.5716,7.1195,13.9207,19.6011,22.91,233.9268,233.8306,0.2327,0.0141,299274.5571,216989.4177,network_delay,frontend,2026-06-09 15:50:00,2026-06-09 16:05:00,pre_fault,0.122436285,0
2026-06-09 15:46:15,75,EXP_FAULT_04,RUN_04,network_delay,1,cartservice,cart-f04-02,online-boutique,node-c,0.3885,41.8379,0,239.7953,0.000437,9.7654,6.8946,15.6496,17.5955,23.5643,239.7506,239.6905,0.0682,0.0365,235440.6876,170465.7515,network_delay,frontend,2026-06-09 15:50:00,2026-06-09 16:05:00,pre_fault,0.29980892,0
2026-06-09 15:46:20,80,EXP_FAULT_04,RUN_04,network_delay,1,cartservice,cart-f04-02,online-boutique,node-c,0.3676,41.8698,0,233.1671,0.000426,10.0291,7.5629,14.8049,20.2045,26.1777,233.1194,233.0677,0.0749,0.0244,228191.3547,181793.9429,network_delay,frontend,2026-06-09 15:50:00,2026-06-09 16:05:00,pre_fault,0.0100946035,0
2026-06-09 15:46:25,85,EXP_FAULT_04,RUN_04,network_delay,1,cartservice,cart-f04-02,online-boutique,node-c,0.3736,41.8302,0,226.6226,0.001459,9.4093,7.1817,14.5748,16.5965,24.0448,226.5067,226.292,0.2694,0.0611,208865.9308,185883.411,network_delay,frontend,2026-06-09 15:50:00,2026-06-09 16:05:00,pre_fault,0.06082186,0
2026-06-09 15:46:30,90,EXP_FAULT_04,RUN_04,network_delay,1,cartservice,cart-f04-02,online-boutique,node-c,0.3709,43.1629,0,218.4308,0.00147,9.3349,7.4873,15.4835,18.2906,22.0129,218.2151,218.1098,0.3175,0.0035,269798.2642,161977.8187,network_delay,frontend,2026-06-09 15:50:00,2026-06-09 16:05:00,pre_fault,0.05323878,0
2026-06-09 15:46:35,95,EXP_FAULT_04,RUN_04,network_delay,1,cartservice,cart-f04-02,online-boutique,node-c,0.3544,41.9897,0,222.7484,0.001482,9.7085,7.9106,15.2704,19.0093,24.9013,222.5992,222.4184,0.2763,0.0538,189883.0644,166113.4206,network_delay,frontend,2026-06-09 15:50:00,2026-06-09 16:05:00,pre_fault,0.18782482,0
2026-06-09 15:46:40,100,EXP_FAULT_04,RUN_04,network_delay,1,cartservice,cart-f04-02,online-boutique,node-c,0.3692,42.0957,0,219.8619,0.000735,10.2894,8.4319,16.2991,21.0921,24.3934,219.7512,219.7003,0.0854,0.0762,222690.0399,202485.9099,network_delay,frontend,2026-06-09 15:50:00,2026-06-09 16:05:00,pre_fault,0.014270863,0
2026-06-09 15:46:45,105,EXP_FAULT_04,RUN_04,network_delay,1,cartservice,cart-f04-02,online-boutique,node-c,0.3437,42.8545,0,219.0438,0.00048,9.893,6.9915,16.1509,17.7746,27.5207,218.9904,218.9387,0.0656,0.0395,274247.7559,180774.0892,network_delay,frontend,2026-06-09 15:50:00,2026-06-09 16:05:00,pre_fault,0.27375934,0
2026-06-09 15:46:50,110,EXP_FAULT_04,RUN_04,network_delay,1,cartservice,cart-f04-02,online-boutique,node-c,0.3538,42.0836,0,218.2839,0.000475,9.1566,6.4612,13.4151,17.0368,26.0808,218.2216,218.1802,0.0839,0.0198,271175.3055,157580.4807,network_delay,frontend,2026-06-09 15:50:00,2026-06-09 16:05:00,pre_fault,0.008708961,0
2026-06-09 15:46:55,115,EXP_FAULT_04,RUN_04,network_delay,1,cartservice,cart-f04-02,online-boutique,node-c,0.3433,42.5399,0,216.0965,0.000759,10.5408,8.2485,16.0192,19.7286,26.3503,215.9984,215.9325,0.1067,0.0573,233381.3818,172216.7143,network_delay,frontend,2026-06-09 15:50:00,2026-06-09 16:05:00,pre_fault,0.7975046,1
2026-06-09 15:47:00,120,EXP_FAULT_04,RUN_04,network_delay,1,cartservice,cart-f04-02,online-boutique,node-c,0.3794,41.6105,0,211.8833,0.001621,9.1174,6.9711,15.4048,17.0682,25.542,211.6565,211.5399,0.3008,0.0426,245200.6991,218347.8295,network_delay,frontend,2026-06-09 15:50:00,2026-06-09 16:05:00,pre_fault,0.39548397,0
2026-06-09 15:47:05,125,EXP_FAULT_04,RUN_04,network_delay,1,cartservice,cart-f04-02,online-boutique,node-c,0.3597,41.6608,0,214.6205,0.000615,9.0679,6.9992,13.6105,17.9813,22.2828,214.5293,214.4886,0.0831,0.0488,212466.0932,153307.7622,network_delay,frontend,2026-06-09 15:50:00,2026-06-09 16:05:00,pre_fault,0.071341835,0
2026-06-09 15:47:10,130,EXP_FAULT_04,RUN_04,network_delay,1,cartservice,cart-f04-02,online-boutique,node-c,0.3446,42.303,0,214.7799,0.001244,9.6005,7.3328,13.9259,16.9826,23.0959,214.6688,214.5127,0.2534,0.0138,267694.9864,148719.4329,network_delay,frontend,2026-06-09 15:50:00,2026-06-09 16:05:00,pre_fault,0.27981097,0
2026-06-09 15:47:15,135,EXP_FAULT_04,RUN_04,network_delay,1,cartservice,cart-f04-02,online-boutique,node-c,0.3583,41.747,0,214.0714,0.001764,8.5491,6.7021,12.7805,15.4979,22.8259,213.8521,213.6937,0.3244,0.0532,212405.2888,152524.1441,network_delay,frontend,2026-06-09 15:50:00,2026-06-09 16:05:00,pre_fault,0.03231928,0
2026-06-09 15:47:20,140,EXP_FAULT_04,RUN_04,network_delay,1,cartservice,cart-f04-02,online-boutique,node-c,0.3696,41.8954,0,215.8041,0.001642,9.3082,6.8063,15.6128,17.1934,24.4766,215.6112,215.4497,0.3189,0.0355,267928.1303,145187.7405,network_delay,frontend,2026-06-09 15:50:00,2026-06-09 16:05:00,pre_fault,0.03992413,0
2026-06-09 15:47:25,145,EXP_FAULT_04,RUN_04,network_delay,1,cartservice,cart-f04-02,online-boutique,node-c,0.3574,41.3063,0,221.0098,0.001377,10.0295,7.0291,15.5259,19.8665,24.3803,220.8834,220.7056,0.2896,0.0147,199094.1153,183401.2824,network_delay,frontend,2026-06-09 15:50:00,2026-06-09 16:05:00,pre_fault,0.26873535,0
2026-06-09 15:47:30,150,EXP_FAULT_04,RUN_04,network_delay,1,cartservice,cart-f04-02,online-boutique,node-c,0.3504,42.072,0,217.5255,0.001423,9.2303,7.5018,14.883,18.9061,22.223,217.3265,217.2159,0.2713,0.0382,212540.0276,190158.5451,network_delay,frontend,2026-06-09 15:50:00,2026-06-09 16:05:00,pre_fault,0.09491644,0
2026-06-09 15:47:35,155,EXP_FAULT_04,RUN_04,network_delay,1,cartservice,cart-f04-02,online-boutique,node-c,0.3645,42.2762,0,214.2798,0.000549,9.3397,6.781,13.6066,17.3043,23.5534,214.2293,214.1622,0.0862,0.0315,191100.2718,151118.271,network_delay,frontend,2026-06-09 15:50:00,2026-06-09 16:05:00,pre_fault,0.10594495,0
2026-06-09 15:47:40,160,EXP_FAULT_04,RUN_04,network_delay,1,cartservice,cart-f04-02,online-boutique,node-c,0.3727,42.3053,0,218.0047,0.001158,9.2588,6.7608,13.9475,17.3263,24.1675,217.8694,217.7522,0.2104,0.0421,211573.0343,154262.6779,network_delay,frontend,2026-06-09 15:50:00,2026-06-09 16:05:00,pre_fault,0.16982035,0
2026-06-09 15:47:45,165,EXP_FAULT_04,RUN_04,network_delay,1,cartservice,cart-f04-02,online-boutique,node-c,0.3477,41.6618,0,221.3058,0.000538,9.9555,7.3754,14.508,19.2504,25.0353,221.252,221.1868,0.0699,0.049,181998.1096,211531.2019,network_delay,frontend,2026-06-09 15:50:00,2026-06-09 16:05:00,pre_fault,0.2774287,0
2026-06-09 15:47:50,170,EXP_FAULT_04,RUN_04,network_delay,1,cartservice,cart-f04-02,online-boutique,node-c,0.3412,42.0478,0,215.2422,0.000779,9.7472,7.7347,15.2176,19.5184,27.307,215.1778,215.0746,0.1134,0.0543,270368.3643,222614.9955,network_delay,frontend,2026-06-09 15:50:00,2026-06-09 16:05:00,pre_fault,0.33763415,0
2026-06-09 15:47:55,175,EXP_FAULT_04,RUN_04,network_delay,1,cartservice,cart-f04-02,online-boutique,node-c,0.357,41.2561,0,225.9866,0.001828,9.6803,6.8031,14.7467,18.5928,24.9005,225.7572,225.5734,0.3589,0.0543,275937.5924,230541.1275,network_delay,frontend,2026-06-09 15:50:00,2026-06-09 16:05:00,pre_fault,0.26106077,0
2026-06-09 15:48:00,180,EXP_FAULT_04,RUN_04,network_delay,1,cartservice,cart-f04-02,online-boutique,node-c,0.3563,41.8428,0,225.1671,0.001158,9.9763,7.1494,14.7952,18.9508,27.7783,225.0722,224.9064,0.2041,0.0567,196841.3556,154155.7378,network_delay,frontend,2026-06-09 15:50:00,2026-06-09 16:05:00,pre_fault,0.21465573,0
2026-06-09 15:48:05,185,EXP_FAULT_04,RUN_04,network_delay,1,cartservice,cart-f04-02,online-boutique,node-c,0.3699,42.3519,0,217.379,0.000306,9.1775,6.9984,15.3998,18.2004,25.7481,217.3539,217.3124,0.0595,0.0072,219700.5239,185682.2496,network_delay,frontend,2026-06-09 15:50:00,2026-06-09 16:05:00,pre_fault,0.32597747,0
2026-06-09 15:48:10,190,EXP_FAULT_04,RUN_04,network_delay,1,cartservice,cart-f04-02,online-boutique,node-c,0.3573,41.6638,0,220.5738,0.000946,9.7782,7.1566,14.8505,18.6121,24.4987,220.4898,220.3653,0.1593,0.0492,270604.856,197487.4454,network_delay,frontend,2026-06-09 15:50:00,2026-06-09 16:05:00,pre_fault,0.07362994,0
2026-06-09 15:48:15,195,EXP_FAULT_04,RUN_04,network_delay,1,cartservice,cart-f04-02,online-boutique,node-c,0.3445,42.2087,0,218.269,0.001446,9.3144,7.191,14.0812,18.9334,22.876,218.1527,217.9533,0.2402,0.0754,248223.6018,185647.2408,network_delay,frontend,2026-06-09 15:50:00,2026-06-09 16:05:00,pre_fault,0.2657591,0
2026-06-09 15:48:20,200,EXP_FAULT_04,RUN_04,network_delay,1,cartservice,cart-f04-02,online-boutique,node-c,0.3821,41.8758,0,213.6259,0.000597,9.8829,7.7241,15.1791,17.7971,25.5595,213.5615,213.4984,0.0711,0.0563,197333.9886,183246.7866,network_delay,frontend,2026-06-09 15:50:00,2026-06-09 16:05:00,pre_fault,0.2664805,0
2026-06-09 15:48:25,205,EXP_FAULT_04,RUN_04,network_delay,1,cartservice,cart-f04-02,online-boutique,node-c,0.3685,40.9391,0,215.2299,0.000925,9.0182,7.1805,15.1195,17.6089,24.0686,215.1506,215.0308,0.1476,0.0515,181514.9954,139975.745,network_delay,frontend,2026-06-09 15:50:00,2026-06-09 16:05:00,pre_fault,0.18578964,0
2026-06-09 15:48:30,210,EXP_FAULT_04,RUN_04,network_delay,1,cartservice,cart-f04-02,online-boutique,node-c,0.3541,41.6788,0,225.6524,0.000972,9.6962,7.0334,16.0574,17.4943,23.5031,225.5565,225.4331,0.1773,0.042,191653.6739,233819.6035,network_delay,frontend,2026-06-09 15:50:00,2026-06-09 16:05:00,pre_fault,0.1335156,0
2026-06-09 15:48:35,215,EXP_FAULT_04,RUN_04,network_delay,1,cartservice,cart-f04-02,online-boutique,node-c,0.3758,41.3614,0,213.8724,0.000615,9.4755,7.1576,13.8971,17.0501,26.0568,213.8092,213.7409,0.1311,0.0004,254345.587,139213.0491,network_delay,frontend,2026-06-09 15:50:00,2026-06-09 16:05:00,pre_fault,0.27486366,0
2026-06-09 15:48:40,220,EXP_FAULT_04,RUN_04,network_delay,1,cartservice,cart-f04-02,online-boutique,node-c,0.3469,42.0019,0,216.163,0.001263,8.814,6.4008,14.7412,16.1424,23.2128,216.0034,215.8901,0.2319,0.0411,178687.4168,212453.8981,network_delay,frontend,2026-06-09 15:50:00,2026-06-09 16:05:00,pre_fault,0.04280985,0
2026-06-09 15:48:45,225,EXP_FAULT_04,RUN_04,network_delay,1,cartservice,cart-f04-02,online-boutique,node-c,0.3552,42.8582,0,219.0041,0.001269,9.733,7.5213,14.5341,19.4801,26.1571,218.8538,218.726,0.2036,0.0744,216334.4145,174057.4801,network_delay,frontend,2026-06-09 15:50:00,2026-06-09 16:05:00,pre_fault,0.12046947,0
2026-06-09 15:48:50,230,EXP_FAULT_04,RUN_04,network_delay,1,cartservice,cart-f04-02,online-boutique,node-c,0.3748,42.3081,0,223.2383,0.001365,9.1025,7.2174,14.4867,17.0389,23.0606,223.1073,222.9334,0.2865,0.0183,189356.0632,229165.6302,network_delay,frontend,2026-06-09 15:50:00,2026-06-09 16:05:00,pre_fault,0.184206,0
2026-06-09 15:48:55,235,EXP_FAULT_04,RUN_04,network_delay,1,cartservice,cart-f04-02,online-boutique,node-c,0.3813,42.2619,0,226.2795,0.000941,9.0582,6.6924,13.2683,17.3404,22.5303,226.1676,226.0667,0.1968,0.016,257105.5201,178531.5364,network_delay,frontend,2026-06-09 15:50:00,2026-06-09 16:05:00,pre_fault,0.5219905,0
2026-06-09 15:49:00,240,EXP_FAULT_04,RUN_04,network_delay,1,cartservice,cart-f04-02,online-boutique,node-c,0.3502,42.268,0,213.9765,0.001172,8.8822,7.0549,14.248,16.8409,23.7872,213.8458,213.7257,0.2079,0.0429,199612.5964,168077.3056,network_delay,frontend,2026-06-09 15:50:00,2026-06-09 16:05:00,pre_fault,0.011367145,0
2026-06-09 15:49:05,245,EXP_FAULT_04,RUN_04,network_delay,1,cartservice,cart-f04-02,online-boutique,node-c,0.3446,42.8202,0,213.4284,0.000751,9.8053,7.7289,16.0802,18.6467,24.9966,213.3084,213.268,0.1099,0.0504,256232.4656,218299.8354,network_delay,frontend,2026-06-09 15:50:00,2026-06-09 16:05:00,pre_fault,0.22737837,0
2026-06-09 15:49:10,250,EXP_FAULT_04,RUN_04,network_delay,1,cartservice,cart-f04-02,online-boutique,node-c,0.3522,42.5681,0,217.0093,0.001313,9.8731,7.9301,16.6005,19.0133,25.3395,216.8619,216.7244,0.266,0.0189,250089.8223,207687.3294,network_delay,frontend,2026-06-09 15:50:00,2026-06-09 16:05:00,pre_fault,0.21079418,0
2026-06-09 15:49:15,255,EXP_FAULT_04,RUN_04,network_delay,1,cartservice,cart-f04-02,online-boutique,node-c,0.3668,42.0885,0,211.7911,0.000521,9.4344,7.3515,15.9352,19.0203,26.8181,211.718,211.6808,0.073,0.0373,235659.0194,213626.7567,network_delay,frontend,2026-06-09 15:50:00,2026-06-09 16:05:00,pre_fault,0.12861472,0
2026-06-09 15:49:20,260,EXP_FAULT_04,RUN_04,network_delay,1,cartservice,cart-f04-02,online-boutique,node-c,0.3707,42.818,0,214.2939,0.000647,9.0956,7.0945,14.3134,16.5229,24.5109,214.1926,214.1552,0.0757,0.0631,270741.5717,210940.4597,network_delay,frontend,2026-06-09 15:50:00,2026-06-09 16:05:00,pre_fault,0.34900692,0
2026-06-09 15:49:25,265,EXP_FAULT_04,RUN_04,network_delay,1,cartservice,cart-f04-02,online-boutique,node-c,0.3636,42.0297,0,207.2071,0.000983,8.4679,6.2636,14.3506,15.4658,23.8777,207.1337,207.0034,0.1711,0.0326,238876.1696,181019.2376,network_delay,frontend,2026-06-09 15:50:00,2026-06-09 16:05:00,pre_fault,0.3143116,0
2026-06-09 15:49:30,270,EXP_FAULT_04,RUN_04,network_delay,1,cartservice,cart-f04-02,online-boutique,node-c,0.3414,42.2301,0,211.8473,0.001116,9.6579,7.6463,14.233,19.3564,22.9824,211.7565,211.6109,0.1751,0.0613,205147.7101,191700.2438,network_delay,frontend,2026-06-09 15:50:00,2026-06-09 16:05:00,pre_fault,0.33800724,0
2026-06-09 15:49:35,275,EXP_FAULT_04,RUN_04,network_delay,1,cartservice,cart-f04-02,online-boutique,node-c,0.3679,42.191,0,207.6233,0.001706,9.5639,7.5158,16.2224,16.8418,25.661,207.491,207.2691,0.3266,0.0276,256193.1265,192859.7818,network_delay,frontend,2026-06-09 15:50:00,2026-06-09 16:05:00,pre_fault,0.012518801,0
2026-06-09 15:49:40,280,EXP_FAULT_04,RUN_04,network_delay,1,cartservice,cart-f04-02,online-boutique,node-c,0.3609,41.9237,0,205.1956,0.00031,9.2451,6.7443,14.1048,17.7624,25.2741,205.166,205.132,0.0629,0.0006,198842.3232,194948.7629,network_delay,frontend,2026-06-09 15:50:00,2026-06-09 16:05:00,pre_fault,0.13730974,0
2026-06-09 15:49:45,285,EXP_FAULT_04,RUN_04,network_delay,1,cartservice,cart-f04-02,online-boutique,node-c,0.3225,41.4082,0,201.0656,0.000284,9.4034,6.6997,15.4091,17.2875,23.4525,201.0244,201.0084,0.0526,0.0046,225434.6838,149627.8229,network_delay,frontend,2026-06-09 15:50:00,2026-06-09 16:05:00,pre_fault,0.65091807,1
2026-06-09 15:49:50,290,EXP_FAULT_04,RUN_04,network_delay,1,cartservice,cart-f04-02,online-boutique,node-c,0.3746,41.4508,0,204.051,0.000671,9.3523,7.1206,15.7673,18.4023,25.0156,203.9714,203.9141,0.085,0.052,230860.0973,197701.2482,network_delay,frontend,2026-06-09 15:50:00,2026-06-09 16:05:00,pre_fault,0.40042323,0
2026-06-09 15:49:55,295,EXP_FAULT_04,RUN_04,network_delay,1,cartservice,cart-f04-02,online-boutique,node-c,0.3519,42.206,0,201.4312,0.001417,8.8634,7.1751,14.7573,17.7928,23.7738,201.2422,201.1457,0.2396,0.0459,242878.2122,208218.8458,network_delay,frontend,2026-06-09 15:50:00,2026-06-09 16:05:00,pre_fault,0.004398658,0
2026-06-09 15:50:00,300,EXP_FAULT_04,RUN_04,network_delay,1,cartservice,cart-f04-02,online-boutique,node-c,0.3537,41.4531,0,200.2434,0.006403,21.8221,11.3387,44.2828,72.1074,122.3681,176.1717,198.9612,0.3546,0.9275,169721.7503,212613.3085,network_delay,frontend,2026-06-09 15:50:00,2026-06-09 16:05:00,during_fault,70.966324,1
2026-06-09 15:50:05,305,EXP_FAULT_04,RUN_04,network_delay,1,cartservice,cart-f04-02,online-boutique,node-c,0.3433,42.2188,0,199.3386,0.00542,19.9192,11.264,39.4755,63.963,112.1655,175.5225,198.2582,0.1444,0.936,176170.3763,203862.8195,network_delay,frontend,2026-06-09 15:50:00,2026-06-09 16:05:00,during_fault,52.139507,1
2026-06-09 15:50:10,310,EXP_FAULT_04,RUN_04,network_delay,1,cartservice,cart-f04-02,online-boutique,node-c,0.3567,42.5882,0,201.9681,0.00666,20.687,10.5404,44.2823,62.6398,111.6303,177.9551,200.6231,0.3881,0.9569,259091.5435,173571.7175,network_delay,frontend,2026-06-09 15:50:00,2026-06-09 16:05:00,during_fault,62.178284,1
2026-06-09 15:50:15,315,EXP_FAULT_04,RUN_04,network_delay,1,cartservice,cart-f04-02,online-boutique,node-c,0.3874,43.1228,0,202.9204,0.006572,19.3068,11.3989,38.3422,58.822,105.4438,178.9557,201.5868,0.3607,0.9729,236413.4375,202270.8497,network_delay,frontend,2026-06-09 15:50:00,2026-06-09 16:05:00,during_fault,42.75125,1
2026-06-09 15:50:20,320,EXP_FAULT_04,RUN_04,network_delay,1,cartservice,cart-f04-02,online-boutique,node-c,0.3429,41.8318,0,193.7905,0.006499,19.2615,10.4098,36.808,57.2191,112.8129,171.2341,192.5309,0.3437,0.9158,182781.3947,175753.3268,network_delay,frontend,2026-06-09 15:50:00,2026-06-09 16:05:00,during_fault,54.240154,1
2026-06-09 15:50:25,325,EXP_FAULT_04,RUN_04,network_delay,1,cartservice,cart-f04-02,online-boutique,node-c,0.3476,42.4648,0,193.1288,0.005688,18.7291,9.8526,38.1002,56.6713,100.0171,171.0679,192.0303,0.2022,0.8963,208073.5782,138549.7252,network_delay,frontend,2026-06-09 15:50:00,2026-06-09 16:05:00,during_fault,42.724678,1
2026-06-09 15:50:30,330,EXP_FAULT_04,RUN_04,network_delay,1,cartservice,cart-f04-02,online-boutique,node-c,0.3482,42.0793,0,197.4273,0.005958,19.0326,10.3258,40.99,60.31,108.6157,175.3243,196.251,0.2928,0.8835,237464.3818,174045.3762,network_delay,frontend,2026-06-09 15:50:00,2026-06-09 16:05:00,during_fault,47.093613,1
2026-06-09 15:50:35,335,EXP_FAULT_04,RUN_04,network_delay,1,cartservice,cart-f04-02,online-boutique,node-c,0.362,41.7009,0,199.3842,0.005675,18.1242,10.8023,38.6487,52.5684,101.09,177.5903,198.2527,0.2656,0.8659,247457.4652,184044.9155,network_delay,frontend,2026-06-09 15:50:00,2026-06-09 16:05:00,during_fault,35.976097,1
2026-06-09 15:50:40,340,EXP_FAULT_04,RUN_04,network_delay,1,cartservice,cart-f04-02,online-boutique,node-c,0.3487,42.1504,0,198.1263,0.005263,17.9181,10.5991,37.3947,55.5497,97.7164,176.9901,197.0836,0.1876,0.8551,222119.3405,184834.7805,network_delay,frontend,2026-06-09 15:50:00,2026-06-09 16:05:00,during_fault,35.554016,1
2026-06-09 15:50:45,345,EXP_FAULT_04,RUN_04,network_delay,1,cartservice,cart-f04-02,online-boutique,node-c,0.3541,41.8866,0,198.3467,0.006216,18.3196,10.4413,35.7936,51.167,101.114,177.7484,197.1137,0.3887,0.8442,210077.8089,196148.2497,network_delay,frontend,2026-06-09 15:50:00,2026-06-09 16:05:00,during_fault,43.105755,1
2026-06-09 15:50:50,350,EXP_FAULT_04,RUN_04,network_delay,1,cartservice,cart-f04-02,online-boutique,node-c,0.3627,42.0706,0,199.1898,0.005879,18.4667,9.7753,37.2996,56.4171,87.5801,179.096,198.0187,0.3878,0.7832,254446.0559,209987.7719,network_delay,frontend,2026-06-09 15:50:00,2026-06-09 16:05:00,during_fault,39.10347,1
2026-06-09 15:50:55,355,EXP_FAULT_04,RUN_04,network_delay,1,cartservice,cart-f04-02,online-boutique,node-c,0.3621,42.4067,0,197.8813,0.005094,17.5384,10.3484,33.469,52.6642,85.1855,178.6779,196.8733,0.2531,0.7549,246246.9322,194796.4562,network_delay,frontend,2026-06-09 15:50:00,2026-06-09 16:05:00,during_fault,29.229773,1
2026-06-09 15:51:00,360,EXP_FAULT_04,RUN_04,network_delay,1,cartservice,cart-f04-02,online-boutique,node-c,0.3776,42.1927,0,200.1717,0.005058,16.9701,9.8618,33.0465,46.0164,91.9343,181.4465,199.1593,0.3029,0.7096,199038.486,184637.0911,network_delay,frontend,2026-06-09 15:50:00,2026-06-09 16:05:00,during_fault,22.960943,1
2026-06-09 15:51:05,365,EXP_FAULT_04,RUN_04,network_delay,1,cartservice,cart-f04-02,online-boutique,node-c,0.3452,42.7543,0,204.794,0.004606,16.6558,10.1294,29.9594,44.722,77.4778,186.3533,203.8507,0.1955,0.7478,191867.401,167768.3665,network_delay,frontend,2026-06-09 15:50:00,2026-06-09 16:05:00,during_fault,26.565033,1
2026-06-09 15:51:10,370,EXP_FAULT_04,RUN_04,network_delay,1,cartservice,cart-f04-02,online-boutique,node-c,0.349,42.1222,0,200.0049,0.004366,17.0097,9.2533,32.4274,45.0581,87.9326,182.7327,199.1316,0.207,0.6663,205001.358,155406.7452,network_delay,frontend,2026-06-09 15:50:00,2026-06-09 16:05:00,during_fault,26.384686,1
2026-06-09 15:51:15,375,EXP_FAULT_04,RUN_04,network_delay,1,cartservice,cart-f04-02,online-boutique,node-c,0.3591,41.8195,0,202.1365,0.004374,16.7518,9.389,33.6204,48.9432,75.2897,185.3454,201.2524,0.2484,0.6357,244668.1546,170057.7717,network_delay,frontend,2026-06-09 15:50:00,2026-06-09 16:05:00,during_fault,23.06076,1
2026-06-09 15:51:20,380,EXP_FAULT_04,RUN_04,network_delay,1,cartservice,cart-f04-02,online-boutique,node-c,0.3512,42.153,0,207.7898,0.004733,16.9361,10.1604,33.655,46.6061,72.5378,191.2009,206.8063,0.3217,0.6617,214020.7598,183069.9728,network_delay,frontend,2026-06-09 15:50:00,2026-06-09 16:05:00,during_fault,27.753399,1
2026-06-09 15:51:25,385,EXP_FAULT_04,RUN_04,network_delay,1,cartservice,cart-f04-02,online-boutique,node-c,0.3664,42.0371,0,207.0323,0.004658,16.2291,9.7588,29.5073,42.666,69.7102,191.0908,206.0679,0.3613,0.6032,270631.855,198946.2173,network_delay,frontend,2026-06-09 15:50:00,2026-06-09 16:05:00,during_fault,20.565603,1
2026-06-09 15:51:30,390,EXP_FAULT_04,RUN_04,network_delay,1,cartservice,cart-f04-02,online-boutique,node-c,0.3613,42.7142,0,208.2573,0.003983,14.2658,8.0042,26.1541,40.3919,66.3202,192.899,207.4277,0.2283,0.6013,251445.1421,165166.8988,network_delay,frontend,2026-06-09 15:50:00,2026-06-09 16:05:00,during_fault,11.540201,1
2026-06-09 15:51:35,395,EXP_FAULT_04,RUN_04,network_delay,1,cartservice,cart-f04-02,online-boutique,node-c,0.3763,41.7298,0,206.6414,0.004663,17.12,10.5445,32.5553,46.8359,80.2317,191.9323,205.6778,0.3633,0.6003,258259.6092,169963.3025,network_delay,frontend,2026-06-09 15:50:00,2026-06-09 16:05:00,during_fault,22.902369,1
2026-06-09 15:51:40,400,EXP_FAULT_04,RUN_04,network_delay,1,cartservice,cart-f04-02,online-boutique,node-c,0.3602,42.5159,0,211.005,0.003916,15.3561,10.0254,27.6225,40.2433,62.9555,196.521,210.1788,0.2418,0.5844,265171.6951,166454.9033,network_delay,frontend,2026-06-09 15:50:00,2026-06-09 16:05:00,during_fault,15.424601,1
2026-06-09 15:51:45,405,EXP_FAULT_04,RUN_04,network_delay,1,cartservice,cart-f04-02,online-boutique,node-c,0.3384,43.1628,0,213.5666,0.004153,15.4409,8.8616,26.6683,40.1352,68.1328,199.2993,212.6797,0.3041,0.5828,212550.7382,221636.6952,network_delay,frontend,2026-06-09 15:50:00,2026-06-09 16:05:00,during_fault,20.927128,1
2026-06-09 15:51:50,410,EXP_FAULT_04,RUN_04,network_delay,1,cartservice,cart-f04-02,online-boutique,node-c,0.353,42.1238,0,207.1317,0.004022,14.8012,8.7021,25.553,39.6018,68.6389,193.6916,206.2985,0.2637,0.5694,199945.9094,180335.9168,network_delay,frontend,2026-06-09 15:50:00,2026-06-09 16:05:00,during_fault,14.589131,1
2026-06-09 15:51:55,415,EXP_FAULT_04,RUN_04,network_delay,1,cartservice,cart-f04-02,online-boutique,node-c,0.3832,42.0278,0,202.575,0.003796,14.971,9.3383,28.7311,36.4248,59.355,189.7141,201.8061,0.2833,0.4856,177421.4522,159883.9618,network_delay,frontend,2026-06-09 15:50:00,2026-06-09 16:05:00,during_fault,9.713415,1
2026-06-09 15:52:00,420,EXP_FAULT_04,RUN_04,network_delay,1,cartservice,cart-f04-02,online-boutique,node-c,0.3425,40.9001,0,202.5288,0.00397,15.2483,8.9269,26.5297,37.3397,59.7312,189.88,201.7248,0.273,0.531,176794.2892,206462.9038,network_delay,frontend,2026-06-09 15:50:00,2026-06-09 16:05:00,during_fault,18.280298,1
2026-06-09 15:52:05,425,EXP_FAULT_04,RUN_04,network_delay,1,cartservice,cart-f04-02,online-boutique,node-c,0.3636,41.7661,0,210.6288,0.003593,15.7897,9.4123,26.8413,41.2041,69.8716,197.6591,209.8719,0.223,0.5339,218351.6523,178575.2531,network_delay,frontend,2026-06-09 15:50:00,2026-06-09 16:05:00,during_fault,16.065271,1
2026-06-09 15:52:10,430,EXP_FAULT_04,RUN_04,network_delay,1,cartservice,cart-f04-02,online-boutique,node-c,0.3569,42.0259,0,205.2877,0.003879,14.9044,8.6695,27.0466,37.8829,63.5704,192.6341,204.4913,0.2844,0.512,219317.8507,144539.9664,network_delay,frontend,2026-06-09 15:50:00,2026-06-09 16:05:00,during_fault,13.680285,1
2026-06-09 15:52:15,435,EXP_FAULT_04,RUN_04,network_delay,1,cartservice,cart-f04-02,online-boutique,node-c,0.3531,42.9355,0,202.0012,0.003577,15.3617,9.4451,26.5867,41.2436,60.0241,189.5931,201.2788,0.1897,0.5328,199298.7579,164159.8734,network_delay,frontend,2026-06-09 15:50:00,2026-06-09 16:05:00,during_fault,14.891004,1
2026-06-09 15:52:20,440,EXP_FAULT_04,RUN_04,network_delay,1,cartservice,cart-f04-02,online-boutique,node-c,0.3513,41.6619,0,199.6746,0.003828,14.4173,9.0524,26.9513,39.9669,61.7543,187.212,198.9103,0.3006,0.4637,216026.1712,192762.4629,network_delay,frontend,2026-06-09 15:50:00,2026-06-09 16:05:00,during_fault,12.31912,1
2026-06-09 15:52:25,445,EXP_FAULT_04,RUN_04,network_delay,1,cartservice,cart-f04-02,online-boutique,node-c,0.3507,41.7408,0,200.8052,0.00368,13.8163,8.5352,27.3271,37.4047,63.2089,188.1488,200.0663,0.2147,0.5243,236853.6786,146418.0527,network_delay,frontend,2026-06-09 15:50:00,2026-06-09 16:05:00,during_fault,10.061966,1
2026-06-09 15:52:30,450,EXP_FAULT_04,RUN_04,network_delay,1,cartservice,cart-f04-02,online-boutique,node-c,0.3798,43.0988,0,203.2213,0.004202,14.5452,9.3625,28.2261,38.4965,57.0571,190.0818,202.3673,0.3452,0.5088,224585.5111,148992.5532,network_delay,frontend,2026-06-09 15:50:00,2026-06-09 16:05:00,during_fault,10.571129,1
2026-06-09 15:52:35,455,EXP_FAULT_04,RUN_04,network_delay,1,cartservice,cart-f04-02,online-boutique,node-c,0.3762,43.3734,0,193.3433,0.003973,15.2787,9.7187,27.7349,38.631,70.0271,180.5121,192.5752,0.2275,0.5405,187642.8872,187588.8069,network_delay,frontend,2026-06-09 15:50:00,2026-06-09 16:05:00,during_fault,11.643577,1
2026-06-09 15:52:40,460,EXP_FAULT_04,RUN_04,network_delay,1,cartservice,cart-f04-02,online-boutique,node-c,0.3746,42.3017,0,189.8683,0.004065,13.9295,8.8194,26.2803,36.4996,57.081,176.8311,189.0966,0.2768,0.4949,178463.5763,135084.0363,network_delay,frontend,2026-06-09 15:50:00,2026-06-09 16:05:00,during_fault,8.2098255,1
2026-06-09 15:52:45,465,EXP_FAULT_04,RUN_04,network_delay,1,cartservice,cart-f04-02,online-boutique,node-c,0.3612,42.8211,0,196.675,0.003354,16.1204,10.256,28.3824,44.5397,68.4618,182.7407,196.0153,0.0711,0.5886,227510.5886,145890.7015,network_delay,frontend,2026-06-09 15:50:00,2026-06-09 16:05:00,during_fault,15.566259,1
2026-06-09 15:52:50,470,EXP_FAULT_04,RUN_04,network_delay,1,cartservice,cart-f04-02,online-boutique,node-c,0.3626,41.8274,0,195.4258,0.004327,15.1747,8.7793,27.1068,40.3671,69.6147,181.0257,194.5802,0.2621,0.5835,224406.4794,171860.7377,network_delay,frontend,2026-06-09 15:50:00,2026-06-09 16:05:00,during_fault,14.798993,1
2026-06-09 15:52:55,475,EXP_FAULT_04,RUN_04,network_delay,1,cartservice,cart-f04-02,online-boutique,node-c,0.3425,41.6924,0,184.5905,0.004163,15.7103,9.1981,29.5696,40.2855,65.6085,170.4302,183.822,0.2309,0.5376,172822.9775,132378.9616,network_delay,frontend,2026-06-09 15:50:00,2026-06-09 16:05:00,during_fault,19.18251,1
2026-06-09 15:53:00,480,EXP_FAULT_04,RUN_04,network_delay,1,cartservice,cart-f04-02,online-boutique,node-c,0.3579,42.3981,0,191.696,0.004711,17.0395,10.5758,30.4513,50.0809,71.9225,176.3719,190.793,0.3157,0.5873,196668.4188,132569.5045,network_delay,frontend,2026-06-09 15:50:00,2026-06-09 16:05:00,during_fault,24.964294,1
2026-06-09 15:53:05,485,EXP_FAULT_04,RUN_04,network_delay,1,cartservice,cart-f04-02,online-boutique,node-c,0.335,43.4317,0,190.3722,0.00467,15.1876,9.4365,30.3359,40.6629,68.5123,174.5055,189.4832,0.2793,0.6097,176488.2719,171911.0108,network_delay,frontend,2026-06-09 15:50:00,2026-06-09 16:05:00,during_fault,21.083107,1
2026-06-09 15:53:10,490,EXP_FAULT_04,RUN_04,network_delay,1,cartservice,cart-f04-02,online-boutique,node-c,0.36,42.0955,0,189.9943,0.004862,15.8648,9.9654,32.77,44.7745,74.8004,173.5284,189.0705,0.293,0.6307,172486.6532,152426.8723,network_delay,frontend,2026-06-09 15:50:00,2026-06-09 16:05:00,during_fault,20.02206,1
2026-06-09 15:53:15,495,EXP_FAULT_04,RUN_04,network_delay,1,cartservice,cart-f04-02,online-boutique,node-c,0.3591,42.504,0,194.8793,0.005332,18.201,10.2099,35.8216,56.4549,80.6307,177.2143,193.8402,0.3153,0.7239,255626.3343,131323.9104,network_delay,frontend,2026-06-09 15:50:00,2026-06-09 16:05:00,during_fault,34.596004,1
2026-06-09 15:53:20,500,EXP_FAULT_04,RUN_04,network_delay,1,cartservice,cart-f04-02,online-boutique,node-c,0.3903,41.4557,0,199.126,0.00441,17.6261,10.563,36.3229,50.5839,88.9409,180.5727,198.2478,0.164,0.7142,261413.396,205519.181,network_delay,frontend,2026-06-09 15:50:00,2026-06-09 16:05:00,during_fault,21.741058,1
2026-06-09 15:53:25,505,EXP_FAULT_04,RUN_04,network_delay,1,cartservice,cart-f04-02,online-boutique,node-c,0.3535,42.0139,0,182.1277,0.005189,17.8244,10.6584,33.157,49.3936,95.8711,164.4564,181.1827,0.2768,0.6682,210187.2374,159908.052,network_delay,frontend,2026-06-09 15:50:00,2026-06-09 16:05:00,during_fault,31.544239,1
2026-06-09 15:53:30,510,EXP_FAULT_04,RUN_04,network_delay,1,cartservice,cart-f04-02,online-boutique,node-c,0.3776,42.4197,0,184.7228,0.004933,16.5058,9.8235,33.0466,47.674,86.5707,166.2222,183.8116,0.1943,0.7169,189082.7642,190029.0343,network_delay,frontend,2026-06-09 15:50:00,2026-06-09 16:05:00,during_fault,19.221859,1
2026-06-09 15:53:35,515,EXP_FAULT_04,RUN_04,network_delay,1,cartservice,cart-f04-02,online-boutique,node-c,0.3469,42.4255,0,188.5323,0.005206,19.3581,10.726,39.0538,59.3005,101.6126,169.0306,187.5509,0.2023,0.7791,194376.1429,164376.1998,network_delay,frontend,2026-06-09 15:50:00,2026-06-09 16:05:00,during_fault,44.315563,1
2026-06-09 15:53:40,520,EXP_FAULT_04,RUN_04,network_delay,1,cartservice,cart-f04-02,online-boutique,node-c,0.3542,41.3278,0,197.6223,0.004713,19.0673,10.7743,36.8316,60.9236,94.9459,176.6083,196.6909,0.0886,0.8428,241976.4853,173016.4421,network_delay,frontend,2026-06-09 15:50:00,2026-06-09 16:05:00,during_fault,40.325356,1
2026-06-09 15:53:45,525,EXP_FAULT_04,RUN_04,network_delay,1,cartservice,cart-f04-02,online-boutique,node-c,0.359,41.3085,0,200.4628,0.005244,19.1683,10.6405,36.2763,56.6263,100.5554,178.5832,199.4115,0.221,0.8303,230679.8609,197639.851,network_delay,frontend,2026-06-09 15:50:00,2026-06-09 16:05:00,during_fault,41.777046,1
2026-06-09 15:53:50,530,EXP_FAULT_04,RUN_04,network_delay,1,cartservice,cart-f04-02,online-boutique,node-c,0.3512,43.0396,0,194.2453,0.006494,19.2347,11.449,35.4718,58.7688,109.4898,172.4628,192.9838,0.3713,0.8902,252591.2456,191538.444,network_delay,frontend,2026-06-09 15:50:00,2026-06-09 16:05:00,during_fault,51.56132,1
2026-06-09 15:53:55,535,EXP_FAULT_04,RUN_04,network_delay,1,cartservice,cart-f04-02,online-boutique,node-c,0.3735,41.4359,0,195.3959,0.005493,19.7402,10.391,41.9871,62.0173,115.7077,173.1252,194.3225,0.1727,0.9006,236731.2282,165727.3652,network_delay,frontend,2026-06-09 15:50:00,2026-06-09 16:05:00,during_fault,42.308968,1
2026-06-09 15:54:00,540,EXP_FAULT_04,RUN_04,network_delay,1,cartservice,cart-f04-02,online-boutique,node-c,0.3488,41.901,0,197.0188,0.00625,21.4123,11.0506,40.602,69.4751,126.7991,174.1345,195.7875,0.356,0.8753,247566.4253,198231.9308,network_delay,frontend,2026-06-09 15:50:00,2026-06-09 16:05:00,during_fault,67.20311,1
2026-06-09 15:54:05,545,EXP_FAULT_04,RUN_04,network_delay,1,cartservice,cart-f04-02,online-boutique,node-c,0.3615,42.5428,0,197.4002,0.006235,22.0507,11.4335,42.2516,68.4382,120.875,174.1502,196.1693,0.3316,0.8992,225916.7556,202089.0489,network_delay,frontend,2026-06-09 15:50:00,2026-06-09 16:05:00,during_fault,68.06416,1
2026-06-09 15:54:10,550,EXP_FAULT_04,RUN_04,network_delay,1,cartservice,cart-f04-02,online-boutique,node-c,0.3501,42.7492,0,197.2945,0.006268,19.058,10.2187,38.4731,61.0442,108.5502,173.8293,196.0579,0.3249,0.9117,214819.571,137929.4054,network_delay,frontend,2026-06-09 15:50:00,2026-06-09 16:05:00,during_fault,49.184723,1
2026-06-09 15:54:15,555,EXP_FAULT_04,RUN_04,network_delay,1,cartservice,cart-f04-02,online-boutique,node-c,0.3652,41.9372,0,197.9638,0.005987,20.2051,11.3495,41.8291,63.1534,112.7709,174.2756,196.7786,0.2846,0.9006,180626.9827,142183.289,network_delay,frontend,2026-06-09 15:50:00,2026-06-09 16:05:00,during_fault,50.811085,1
2026-06-09 15:54:20,560,EXP_FAULT_04,RUN_04,network_delay,1,cartservice,cart-f04-02,online-boutique,node-c,0.3514,42.6626,0,204.3258,0.005756,21.2367,11.1931,44.4037,61.9343,120.9197,179.7848,203.1497,0.1736,1.0025,235087.8334,193487.8777,network_delay,frontend,2026-06-09 15:50:00,2026-06-09 16:05:00,during_fault,62.356,1
2026-06-09 15:54:25,565,EXP_FAULT_04,RUN_04,network_delay,1,cartservice,cart-f04-02,online-boutique,node-c,0.3637,42.8623,0,207.5116,0.007117,20.0647,10.9459,39.5344,61.6335,114.6393,182.4775,206.0348,0.4792,0.9976,232333.5284,139546.317,network_delay,frontend,2026-06-09 15:50:00,2026-06-09 16:05:00,during_fault,59.895313,1
2026-06-09 15:54:30,570,EXP_FAULT_04,RUN_04,network_delay,1,cartservice,cart-f04-02,online-boutique,node-c,0.3585,42.02,0,209.2932,0.006272,20.9121,10.7185,41.6543,70.8602,106.6777,184.2371,207.9805,0.352,0.9606,281946.8835,216542.8071,network_delay,frontend,2026-06-09 15:50:00,2026-06-09 16:05:00,during_fault,61.74762,1
2026-06-09 15:54:35,575,EXP_FAULT_04,RUN_04,network_delay,1,cartservice,cart-f04-02,online-boutique,node-c,0.3587,42.2325,0,207.4863,0.005748,18.9706,10.4703,36.6197,60.2324,97.6064,182.8148,206.2937,0.2426,0.95,231731.3075,207003.9572,network_delay,frontend,2026-06-09 15:50:00,2026-06-09 16:05:00,during_fault,43.57611,1
2026-06-09 15:54:40,580,EXP_FAULT_04,RUN_04,network_delay,1,cartservice,cart-f04-02,online-boutique,node-c,0.3582,41.797,0,207.4874,0.005547,19.6125,10.9447,42.2196,62.4709,103.4419,183.1027,206.3366,0.2103,0.9406,267860.962,218216.1043,network_delay,frontend,2026-06-09 15:50:00,2026-06-09 16:05:00,during_fault,47.24408,1
2026-06-09 15:54:45,585,EXP_FAULT_04,RUN_04,network_delay,1,cartservice,cart-f04-02,online-boutique,node-c,0.3434,42.9281,0,206.9067,0.006442,18.8345,10.6791,40.8691,58.233,108.751,182.8103,205.5738,0.3662,0.9667,249516.8614,190839.4421,network_delay,frontend,2026-06-09 15:50:00,2026-06-09 16:05:00,during_fault,52.77643,1
2026-06-09 15:54:50,590,EXP_FAULT_04,RUN_04,network_delay,1,cartservice,cart-f04-02,online-boutique,node-c,0.351,43.034,0,210.3745,0.005423,20.6083,11.3323,43.6593,63.4132,112.9937,186.3907,209.2337,0.2267,0.9141,219630.6806,166320.1229,network_delay,frontend,2026-06-09 15:50:00,2026-06-09 16:05:00,during_fault,55.352062,1
2026-06-09 15:54:55,595,EXP_FAULT_04,RUN_04,network_delay,1,cartservice,cart-f04-02,online-boutique,node-c,0.3967,42.6768,0,208.7082,0.005652,18.8712,9.6801,37.3055,57.5815,93.9621,185.2943,207.5286,0.278,0.9015,256860.9734,202092.2321,network_delay,frontend,2026-06-09 15:50:00,2026-06-09 16:05:00,during_fault,32.49577,1
2026-06-09 15:55:00,600,EXP_FAULT_04,RUN_04,network_delay,1,cartservice,cart-f04-02,online-boutique,node-c,0.3466,42.1906,0,215.0449,0.005716,18.4469,9.7523,38.5906,53.4508,96.2576,191.5277,213.8156,0.2879,0.9414,252998.6413,178091.7764,network_delay,frontend,2026-06-09 15:50:00,2026-06-09 16:05:00,during_fault,44.30498,1
2026-06-09 15:55:05,605,EXP_FAULT_04,RUN_04,network_delay,1,cartservice,cart-f04-02,online-boutique,node-c,0.3613,41.7244,0,210.8887,0.005156,18.1701,9.6833,35.8516,52.4052,101.6248,188.3973,209.8014,0.2167,0.8707,226235.6105,180213.2217,network_delay,frontend,2026-06-09 15:50:00,2026-06-09 16:05:00,during_fault,34.912415,1
2026-06-09 15:55:10,610,EXP_FAULT_04,RUN_04,network_delay,1,cartservice,cart-f04-02,online-boutique,node-c,0.3502,42.5034,0,212.9497,0.005691,19.657,10.3026,37.4727,59.2677,104.9266,190.8182,211.7377,0.3651,0.8468,211610.7445,176983.945,network_delay,frontend,2026-06-09 15:50:00,2026-06-09 16:05:00,during_fault,51.343544,1
2026-06-09 15:55:15,615,EXP_FAULT_04,RUN_04,network_delay,1,cartservice,cart-f04-02,online-boutique,node-c,0.3688,42.6433,0,210.1301,0.004494,17.4073,10.2176,36.643,53.2637,97.0422,189.0954,209.1858,0.0992,0.8451,260100.136,200879.2803,network_delay,frontend,2026-06-09 15:50:00,2026-06-09 16:05:00,during_fault,25.576363,1
2026-06-09 15:55:20,620,EXP_FAULT_04,RUN_04,network_delay,1,cartservice,cart-f04-02,online-boutique,node-c,0.3509,42.1664,0,202.5635,0.004893,18.1704,10.7696,35.2073,57.0543,86.3439,182.93,201.5724,0.2353,0.7557,252389.7841,185139.8577,network_delay,frontend,2026-06-09 15:50:00,2026-06-09 16:05:00,during_fault,35.17494,1
2026-06-09 15:55:25,625,EXP_FAULT_04,RUN_04,network_delay,1,cartservice,cart-f04-02,online-boutique,node-c,0.375,42.0974,0,205.9893,0.005621,17.3996,10.1508,33.9824,53.5689,93.992,186.5846,204.8314,0.3636,0.7943,238207.4136,176609.5144,network_delay,frontend,2026-06-09 15:50:00,2026-06-09 16:05:00,during_fault,29.096172,1
2026-06-09 15:55:30,630,EXP_FAULT_04,RUN_04,network_delay,1,cartservice,cart-f04-02,online-boutique,node-c,0.3401,41.5732,0,209.6213,0.004328,15.9484,9.805,28.6122,46.1099,74.823,190.7685,208.714,0.1648,0.7424,224669.7966,159413.164,network_delay,frontend,2026-06-09 15:50:00,2026-06-09 16:05:00,during_fault,23.619577,1
2026-06-09 15:55:35,635,EXP_FAULT_04,RUN_04,network_delay,1,cartservice,cart-f04-02,online-boutique,node-c,0.3591,42.6451,0,208.8932,0.004524,16.8606,10.0046,32.1193,48.4661,77.5337,190.8502,207.9481,0.2545,0.6905,277288.0932,190264.3033,network_delay,frontend,2026-06-09 15:50:00,2026-06-09 16:05:00,during_fault,24.729572,1
2026-06-09 15:55:40,640,EXP_FAULT_04,RUN_04,network_delay,1,cartservice,cart-f04-02,online-boutique,node-c,0.3668,42.763,0,205.8461,0.004551,16.6582,10.1035,32.6468,43.3234,73.3442,188.7089,204.9093,0.2862,0.6507,210996.2066,147960.1638,network_delay,frontend,2026-06-09 15:50:00,2026-06-09 16:05:00,during_fault,22.004656,1
2026-06-09 15:55:45,645,EXP_FAULT_04,RUN_04,network_delay,1,cartservice,cart-f04-02,online-boutique,node-c,0.3554,42.6955,0,210.2728,0.003962,16.1719,10.2724,33.0501,48.1726,69.7216,193.5201,209.4398,0.1323,0.7007,242948.6652,167542.1217,network_delay,frontend,2026-06-09 15:50:00,2026-06-09 16:05:00,during_fault,19.943521,1
2026-06-09 15:55:50,650,EXP_FAULT_04,RUN_04,network_delay,1,cartservice,cart-f04-02,online-boutique,node-c,0.3561,42.2308,0,199.816,0.004144,16.0388,9.2193,29.0621,44.989,77.5994,184.4889,198.988,0.2372,0.5909,216736.6981,178222.99,network_delay,frontend,2026-06-09 15:50:00,2026-06-09 16:05:00,during_fault,18.984058,1
2026-06-09 15:55:55,655,EXP_FAULT_04,RUN_04,network_delay,1,cartservice,cart-f04-02,online-boutique,node-c,0.3548,42.9338,0,203.3348,0.004132,15.4045,9.171,29.1438,39.8769,64.0473,188.3348,202.4946,0.2388,0.6014,259677.5532,153285.0925,network_delay,frontend,2026-06-09 15:50:00,2026-06-09 16:05:00,during_fault,16.644611,1
2026-06-09 15:56:00,660,EXP_FAULT_04,RUN_04,network_delay,1,cartservice,cart-f04-02,online-boutique,node-c,0.3607,42.741,0,198.8471,0.003712,15.941,10.4273,30.2115,40.4366,66.3325,184.7251,198.1091,0.209,0.529,193900.0374,211063.3801,network_delay,frontend,2026-06-09 15:50:00,2026-06-09 16:05:00,during_fault,16.327818,1
2026-06-09 15:56:05,665,EXP_FAULT_04,RUN_04,network_delay,1,cartservice,cart-f04-02,online-boutique,node-c,0.381,42.9619,0,198.8964,0.003769,15.1612,9.1319,27.0179,40.7938,71.5047,185.2661,198.1468,0.2359,0.5137,188218.88,151648.5249,network_delay,frontend,2026-06-09 15:50:00,2026-06-09 16:05:00,during_fault,10.323431,1
2026-06-09 15:56:10,670,EXP_FAULT_04,RUN_04,network_delay,1,cartservice,cart-f04-02,online-boutique,node-c,0.3452,42.2912,0,205.0697,0.003338,14.2123,9.1842,27.826,36.0502,58.0873,191.4754,204.3852,0.1644,0.5201,178182.7298,178892.1832,network_delay,frontend,2026-06-09 15:50:00,2026-06-09 16:05:00,during_fault,11.348793,1
2026-06-09 15:56:15,675,EXP_FAULT_04,RUN_04,network_delay,1,cartservice,cart-f04-02,online-boutique,node-c,0.3694,41.0869,0,202.1714,0.003077,14.3521,9.3582,26.3116,36.4665,60.907,189.1811,201.5493,0.1348,0.4873,182557.8944,181742.8136,network_delay,frontend,2026-06-09 15:50:00,2026-06-09 16:05:00,during_fault,8.508324,1
2026-06-09 15:56:20,680,EXP_FAULT_04,RUN_04,network_delay,1,cartservice,cart-f04-02,online-boutique,node-c,0.3746,42.2706,0,202.6435,0.003266,14.9333,8.7065,27.6058,39.9524,68.039,189.8763,201.9817,0.1802,0.4816,173487.606,157586.6218,network_delay,frontend,2026-06-09 15:50:00,2026-06-09 16:05:00,during_fault,9.496066,1
2026-06-09 15:56:25,685,EXP_FAULT_04,RUN_04,network_delay,1,cartservice,cart-f04-02,online-boutique,node-c,0.3571,42.3407,0,205.6802,0.003383,14.3177,9.6216,25.6827,36.1108,59.0889,192.9262,204.9843,0.1802,0.5156,174780.5506,197528.9857,network_delay,frontend,2026-06-09 15:50:00,2026-06-09 16:05:00,during_fault,10.074242,1
2026-06-09 15:56:30,690,EXP_FAULT_04,RUN_04,network_delay,1,cartservice,cart-f04-02,online-boutique,node-c,0.354,42.1226,0,200.1881,0.003182,13.789,8.9229,23.4494,35.05,54.1571,187.9115,199.5512,0.117,0.5199,220963.02,194635.2288,network_delay,frontend,2026-06-09 15:50:00,2026-06-09 16:05:00,during_fault,8.112688,1
2026-06-09 15:56:35,695,EXP_FAULT_04,RUN_04,network_delay,1,cartservice,cart-f04-02,online-boutique,node-c,0.357,42.9954,0,207.2328,0.003675,14.1195,8.9731,27.4331,34.3048,63.4792,194.5314,206.4713,0.269,0.4925,203257.2818,142972.0196,network_delay,frontend,2026-06-09 15:50:00,2026-06-09 16:05:00,during_fault,10.389316,1
2026-06-09 15:56:40,700,EXP_FAULT_04,RUN_04,network_delay,1,cartservice,cart-f04-02,online-boutique,node-c,0.363,42.4432,0,200.8989,0.004251,15.0916,9.9043,27.7065,37.8862,62.7395,188.4905,200.0448,0.3837,0.4704,172439.3452,164116.6413,network_delay,frontend,2026-06-09 15:50:00,2026-06-09 16:05:00,during_fault,14.472125,1
2026-06-09 15:56:45,705,EXP_FAULT_04,RUN_04,network_delay,1,cartservice,cart-f04-02,online-boutique,node-c,0.3583,41.8513,0,208.9116,0.003656,13.7902,8.4797,25.4561,36.8078,56.0874,195.8931,208.1479,0.2738,0.4899,211059.475,214904.8337,network_delay,frontend,2026-06-09 15:50:00,2026-06-09 16:05:00,during_fault,9.361408,1
2026-06-09 15:56:50,710,EXP_FAULT_04,RUN_04,network_delay,1,cartservice,cart-f04-02,online-boutique,node-c,0.3486,41.9845,0,213.7618,0.0037,14.5514,9.0772,26.9238,40.5912,60.1981,200.237,212.9708,0.2221,0.5689,233437.301,192160.691,network_delay,frontend,2026-06-09 15:50:00,2026-06-09 16:05:00,during_fault,13.749624,1
2026-06-09 15:56:55,715,EXP_FAULT_04,RUN_04,network_delay,1,cartservice,cart-f04-02,online-boutique,node-c,0.3478,42.3776,0,216.4232,0.003258,15.7942,9.618,28.8876,39.6737,70.6377,202.4723,215.7181,0.1353,0.5698,254786.9989,191267.8963,network_delay,frontend,2026-06-09 15:50:00,2026-06-09 16:05:00,during_fault,17.751062,1
2026-06-09 15:57:00,720,EXP_FAULT_04,RUN_04,network_delay,1,cartservice,cart-f04-02,online-boutique,node-c,0.369,41.6881,0,225.6432,0.003342,14.5322,8.7615,28.6715,41.2795,65.4556,210.7188,224.8892,0.1729,0.5811,284645.1373,226021.5988,network_delay,frontend,2026-06-09 15:50:00,2026-06-09 16:05:00,during_fault,10.333937,1
2026-06-09 15:57:05,725,EXP_FAULT_04,RUN_04,network_delay,1,cartservice,cart-f04-02,online-boutique,node-c,0.3743,41.9102,0,216.2463,0.004265,14.9024,8.8259,29.3173,37.3423,67.4039,201.3924,215.3239,0.3158,0.6066,281171.7529,179382.4252,network_delay,frontend,2026-06-09 15:50:00,2026-06-09 16:05:00,during_fault,12.915804,1
2026-06-09 15:57:10,730,EXP_FAULT_04,RUN_04,network_delay,1,cartservice,cart-f04-02,online-boutique,node-c,0.3573,42.2266,0,222.9626,0.004283,14.8093,8.3533,26.629,38.7744,67.1929,207.1174,222.0077,0.3023,0.6526,258125.074,175581.7088,network_delay,frontend,2026-06-09 15:50:00,2026-06-09 16:05:00,during_fault,16.253256,1
2026-06-09 15:57:15,735,EXP_FAULT_04,RUN_04,network_delay,1,cartservice,cart-f04-02,online-boutique,node-c,0.3631,41.9798,0,218.4933,0.004193,17.2805,11.0719,33.0514,49.7371,84.3457,202.3599,217.5771,0.2622,0.654,264785.0555,155243.4615,network_delay,frontend,2026-06-09 15:50:00,2026-06-09 16:05:00,during_fault,25.666317,1
2026-06-09 15:57:20,740,EXP_FAULT_04,RUN_04,network_delay,1,cartservice,cart-f04-02,online-boutique,node-c,0.372,43.0532,0,223.3551,0.004317,15.4861,9.2427,31.497,45.0627,73.3888,206.195,222.391,0.3106,0.6535,250359.5647,212474.6758,network_delay,frontend,2026-06-09 15:50:00,2026-06-09 16:05:00,during_fault,16.774303,1
2026-06-09 15:57:25,745,EXP_FAULT_04,RUN_04,network_delay,1,cartservice,cart-f04-02,online-boutique,node-c,0.3596,42.6088,0,231.9273,0.004127,16.7234,9.2544,31.3197,43.5641,76.5415,213.4432,230.9701,0.1965,0.7607,233630.0336,203761.6517,network_delay,frontend,2026-06-09 15:50:00,2026-06-09 16:05:00,during_fault,24.117008,1
2026-06-09 15:57:30,750,EXP_FAULT_04,RUN_04,network_delay,1,cartservice,cart-f04-02,online-boutique,node-c,0.3398,42.0882,0,229.0825,0.004675,17.639,9.8111,31.602,53.0037,76.4512,210.0041,228.0115,0.3505,0.7205,282050.1721,220097.6107,network_delay,frontend,2026-06-09 15:50:00,2026-06-09 16:05:00,during_fault,36.93522,1
2026-06-09 15:57:35,755,EXP_FAULT_04,RUN_04,network_delay,1,cartservice,cart-f04-02,online-boutique,node-c,0.3676,41.9492,0,230.6954,0.004834,17.5238,9.5017,33.4746,48.3406,76.3658,210.6686,229.5802,0.303,0.8122,203665.3148,185999.0304,network_delay,frontend,2026-06-09 15:50:00,2026-06-09 16:05:00,during_fault,29.813843,1
2026-06-09 15:57:40,760,EXP_FAULT_04,RUN_04,network_delay,1,cartservice,cart-f04-02,online-boutique,node-c,0.3763,42.15,0,233.1627,0.005025,17.5636,9.9997,36.4068,51.5265,90.9564,212.0841,231.9911,0.3009,0.8707,224201.3297,164066.3941,network_delay,frontend,2026-06-09 15:50:00,2026-06-09 16:05:00,during_fault,29.330551,1
2026-06-09 15:57:45,765,EXP_FAULT_04,RUN_04,network_delay,1,cartservice,cart-f04-02,online-boutique,node-c,0.3831,42.1891,0,223.5856,0.005333,16.3064,10.1782,31.3518,49.9332,84.8532,202.5657,222.3933,0.3725,0.8198,280365.2573,233862.8833,network_delay,frontend,2026-06-09 15:50:00,2026-06-09 16:05:00,during_fault,22.62929,1
2026-06-09 15:57:50,770,EXP_FAULT_04,RUN_04,network_delay,1,cartservice,cart-f04-02,online-boutique,node-c,0.3801,42.5637,0,237.3794,0.005539,18.1086,10.1031,34.5587,54.5079,95.6,214.2743,236.0645,0.4033,0.9116,245789.0729,213648.9612,network_delay,frontend,2026-06-09 15:50:00,2026-06-09 16:05:00,during_fault,35.001305,1
2026-06-09 15:57:55,775,EXP_FAULT_04,RUN_04,network_delay,1,cartservice,cart-f04-02,online-boutique,node-c,0.3631,42.4158,0,232.172,0.004417,18.1094,10.483,33.7279,51.0514,93.5253,208.9486,231.1466,0.1176,0.9078,281003.7652,159866.978,network_delay,frontend,2026-06-09 15:50:00,2026-06-09 16:05:00,during_fault,32.043747,1
2026-06-09 15:58:00,780,EXP_FAULT_04,RUN_04,network_delay,1,cartservice,cart-f04-02,online-boutique,node-c,0.3648,41.8597,0,230.0766,0.004804,17.662,9.9588,33.7584,54.918,94.5894,206.3025,228.9713,0.1324,0.9729,240052.0915,210974.772,network_delay,frontend,2026-06-09 15:50:00,2026-06-09 16:05:00,during_fault,31.056904,1
2026-06-09 15:58:05,785,EXP_FAULT_04,RUN_04,network_delay,1,cartservice,cart-f04-02,online-boutique,node-c,0.3637,42.216,0,230.9397,0.005928,18.8677,10.927,39.6869,61.1487,106.7811,206.3071,229.5708,0.4205,0.9485,224855.8481,246616.0198,network_delay,frontend,2026-06-09 15:50:00,2026-06-09 16:05:00,during_fault,45.141582,1
2026-06-09 15:58:10,790,EXP_FAULT_04,RUN_04,network_delay,1,cartservice,cart-f04-02,online-boutique,node-c,0.3622,43.3636,0,230.6183,0.004953,19.6669,11.5014,39.7946,57.8877,111.5968,205.4419,229.4761,0.1737,0.9686,244573.8236,226671.284,network_delay,frontend,2026-06-09 15:50:00,2026-06-09 16:05:00,during_fault,44.349213,1
2026-06-09 15:58:15,795,EXP_FAULT_04,RUN_04,network_delay,1,cartservice,cart-f04-02,online-boutique,node-c,0.3378,42.0176,0,228.1941,0.006269,18.9862,10.1472,36.0535,57.1761,108.2631,202.5611,226.7636,0.4264,1.0042,256129.6004,211722.1884,network_delay,frontend,2026-06-09 15:50:00,2026-06-09 16:05:00,during_fault,56.277576,1
2026-06-09 15:58:20,800,EXP_FAULT_04,RUN_04,network_delay,1,cartservice,cart-f04-02,online-boutique,node-c,0.3627,41.8593,0,224.8067,0.006385,19.8757,10.5583,41.4217,63.7048,108.4064,199.1317,223.3714,0.3853,1.05,268157.9856,206761.114,network_delay,frontend,2026-06-09 15:50:00,2026-06-09 16:05:00,during_fault,54.583046,1
2026-06-09 15:58:25,805,EXP_FAULT_04,RUN_04,network_delay,1,cartservice,cart-f04-02,online-boutique,node-c,0.3555,42.8439,0,224.5917,0.005795,19.4493,10.056,37.5947,61.7392,96.8756,198.5081,223.2902,0.2812,1.0203,251409.9265,226501.7323,network_delay,frontend,2026-06-09 15:50:00,2026-06-09 16:05:00,during_fault,50.2442,1
2026-06-09 15:58:30,810,EXP_FAULT_04,RUN_04,network_delay,1,cartservice,cart-f04-02,online-boutique,node-c,0.3809,41.4254,0,235.0258,0.006726,17.5223,10.1299,35.604,55.957,100.3352,207.3577,233.4451,0.5057,1.075,243762.8142,231675.5361,network_delay,frontend,2026-06-09 15:50:00,2026-06-09 16:05:00,during_fault,39.465942,1
2026-06-09 15:58:35,815,EXP_FAULT_04,RUN_04,network_delay,1,cartservice,cart-f04-02,online-boutique,node-c,0.3771,41.7735,0,230.8504,0.005719,21.298,11.0242,39.7461,67.3741,115.8316,203.458,229.5302,0.2731,1.047,283012.9624,192687.2687,network_delay,frontend,2026-06-09 15:50:00,2026-06-09 16:05:00,during_fault,56.752846,1
2026-06-09 15:58:40,820,EXP_FAULT_04,RUN_04,network_delay,1,cartservice,cart-f04-02,online-boutique,node-c,0.368,42.5839,0,229.7194,0.006938,20.3445,10.5974,39.7519,63.4445,107.4402,202.0907,228.1256,0.487,1.1068,221815.4815,235993.6761,network_delay,frontend,2026-06-09 15:50:00,2026-06-09 16:05:00,during_fault,61.568573,1
2026-06-09 15:58:45,825,EXP_FAULT_04,RUN_04,network_delay,1,cartservice,cart-f04-02,online-boutique,node-c,0.3663,42.6204,0,226.6199,0.005932,20.3841,10.9299,38.5389,62.9746,108.4997,199.4553,225.2755,0.2986,1.0458,289955.5583,216148.9653,network_delay,frontend,2026-06-09 15:50:00,2026-06-09 16:05:00,during_fault,54.87373,1
2026-06-09 15:58:50,830,EXP_FAULT_04,RUN_04,network_delay,1,cartservice,cart-f04-02,online-boutique,node-c,0.3563,42.7627,0,230.3262,0.006116,20.9923,12.104,40.3856,65.2749,108.4189,202.7002,228.9176,0.298,1.1106,238177.5462,222979.1835,network_delay,frontend,2026-06-09 15:50:00,2026-06-09 16:05:00,during_fault,64.69765,1
2026-06-09 15:58:55,835,EXP_FAULT_04,RUN_04,network_delay,1,cartservice,cart-f04-02,online-boutique,node-c,0.3542,42.6904,0,221.7722,0.006571,18.5509,10.3994,38.0823,59.7324,106.1795,195.2205,220.315,0.3826,1.0747,195981.0313,196190.9071,network_delay,frontend,2026-06-09 15:50:00,2026-06-09 16:05:00,during_fault,50.17727,1
2026-06-09 15:59:00,840,EXP_FAULT_04,RUN_04,network_delay,1,cartservice,cart-f04-02,online-boutique,node-c,0.3582,42.6516,0,218.8357,0.005572,20.4241,11.3914,38.4778,59.6334,103.7913,192.8168,217.6164,0.1904,1.0289,290022.6588,177996.4415,network_delay,frontend,2026-06-09 15:50:00,2026-06-09 16:05:00,during_fault,54.0579,1
2026-06-09 15:59:05,845,EXP_FAULT_04,RUN_04,network_delay,1,cartservice,cart-f04-02,online-boutique,node-c,0.3608,42.781,0,223.9174,0.006278,19.9239,11.5706,39.9643,63.7194,119.4846,197.4839,222.5116,0.3801,1.0257,253145.1677,206233.0329,network_delay,frontend,2026-06-09 15:50:00,2026-06-09 16:05:00,during_fault,54.976723,1
2026-06-09 15:59:10,850,EXP_FAULT_04,RUN_04,network_delay,1,cartservice,cart-f04-02,online-boutique,node-c,0.3616,42.7291,0,220.6162,0.006102,19.7525,10.9859,37.2828,65.5613,100.1257,194.9399,219.2699,0.2989,1.0473,242602.4811,212364.3134,network_delay,frontend,2026-06-09 15:50:00,2026-06-09 16:05:00,during_fault,51.89507,1
2026-06-09 15:59:15,855,EXP_FAULT_04,RUN_04,network_delay,1,cartservice,cart-f04-02,online-boutique,node-c,0.3947,42.1547,0,220.9452,0.005836,20.4183,10.7338,41.2091,64.0939,120.6914,195.7399,219.6557,0.2959,0.9936,251219.5209,176930.6889,network_delay,frontend,2026-06-09 15:50:00,2026-06-09 16:05:00,during_fault,44.937584,1
2026-06-09 15:59:20,860,EXP_FAULT_04,RUN_04,network_delay,1,cartservice,cart-f04-02,online-boutique,node-c,0.3681,42.5925,0,224.5244,0.005116,19.8192,10.8246,36.5593,63.2588,111.802,199.4379,223.3757,0.1345,1.0141,271876.0435,223996.2747,network_delay,frontend,2026-06-09 15:50:00,2026-06-09 16:05:00,during_fault,43.994957,1
2026-06-09 15:59:25,865,EXP_FAULT_04,RUN_04,network_delay,1,cartservice,cart-f04-02,online-boutique,node-c,0.3738,42.167,0,216.0241,0.005329,19.2658,11.3222,37.652,55.0954,93.4125,192.4124,214.873,0.2465,0.9046,193626.6973,152486.0413,network_delay,frontend,2026-06-09 15:50:00,2026-06-09 16:05:00,during_fault,39.953148,1
2026-06-09 15:59:30,870,EXP_FAULT_04,RUN_04,network_delay,1,cartservice,cart-f04-02,online-boutique,node-c,0.3758,42.801,0,223.2467,0.006354,18.0854,10.1418,36.8294,56.3072,89.6682,199.306,221.8281,0.4438,0.9747,230596.7033,198835.7681,network_delay,frontend,2026-06-09 15:50:00,2026-06-09 16:05:00,during_fault,40.022316,1
2026-06-09 15:59:35,875,EXP_FAULT_04,RUN_04,network_delay,1,cartservice,cart-f04-02,online-boutique,node-c,0.3511,41.5935,0,213.6994,0.005258,18.0577,10.5349,35.3496,54.6726,89.6602,191.5607,212.5757,0.2625,0.8612,272404.1656,150226.5199,network_delay,frontend,2026-06-09 15:50:00,2026-06-09 16:05:00,during_fault,37.771416,1
2026-06-09 15:59:40,880,EXP_FAULT_04,RUN_04,network_delay,1,cartservice,cart-f04-02,online-boutique,node-c,0.3663,41.9895,0,225.1561,0.004674,18.6612,11.0858,38.5594,51.74,90.5426,202.592,224.1037,0.1474,0.905,246870.6755,161789.5506,network_delay,frontend,2026-06-09 15:50:00,2026-06-09 16:05:00,during_fault,35.26136,1
2026-06-09 15:59:45,885,EXP_FAULT_04,RUN_04,network_delay,1,cartservice,cart-f04-02,online-boutique,node-c,0.3558,42.5332,0,216.116,0.005771,18.9073,11.6863,38.4847,56.2075,91.7798,195.0344,214.8688,0.4413,0.8059,213005.2627,197173.0894,network_delay,frontend,2026-06-09 15:50:00,2026-06-09 16:05:00,during_fault,45.091885,1
2026-06-09 15:59:50,890,EXP_FAULT_04,RUN_04,network_delay,1,cartservice,cart-f04-02,online-boutique,node-c,0.3551,42.9336,0,226.2733,0.005,19.6141,10.9241,37.3819,61.3001,105.8969,205.1156,225.142,0.2636,0.8677,195244.6121,161102.9734,network_delay,frontend,2026-06-09 15:50:00,2026-06-09 16:05:00,during_fault,45.749672,1
2026-06-09 15:59:55,895,EXP_FAULT_04,RUN_04,network_delay,1,cartservice,cart-f04-02,online-boutique,node-c,0.3733,42.9247,0,217.2709,0.005617,14.9442,8.8935,27.583,44.8493,68.0525,197.6177,216.0504,0.4187,0.8018,266097.6163,222280.1127,network_delay,frontend,2026-06-09 15:50:00,2026-06-09 16:05:00,during_fault,21.453924,1
2026-06-09 16:00:00,900,EXP_FAULT_04,RUN_04,network_delay,1,cartservice,cart-f04-02,online-boutique,node-c,0.3653,42.8134,0,222.9998,0.004123,16.4076,9.222,30.5941,49.9397,73.7862,203.7406,222.0804,0.1876,0.7318,192931.6007,230933.7268,network_delay,frontend,2026-06-09 15:50:00,2026-06-09 16:05:00,during_fault,20.795427,1
2026-06-09 16:00:05,905,EXP_FAULT_04,RUN_04,network_delay,1,cartservice,cart-f04-02,online-boutique,node-c,0.3624,42.6799,0,218.8062,0.003999,16.7745,9.5309,29.6753,48.2928,72.6816,200.6618,217.9313,0.1617,0.7132,190088.1358,178111.168,network_delay,frontend,2026-06-09 15:50:00,2026-06-09 16:05:00,during_fault,21.822762,1
2026-06-09 16:00:10,910,EXP_FAULT_04,RUN_04,network_delay,1,cartservice,cart-f04-02,online-boutique,node-c,0.3528,41.7135,0,226.1831,0.004838,17.4702,10.6262,35.4309,51.334,75.5022,208.024,225.0888,0.4115,0.6829,263318.7217,217486.7441,network_delay,frontend,2026-06-09 15:50:00,2026-06-09 16:05:00,during_fault,32.81682,1
2026-06-09 16:00:15,915,EXP_FAULT_04,RUN_04,network_delay,1,cartservice,cart-f04-02,online-boutique,node-c,0.3571,42.5544,0,222.73,0.004169,16.5188,9.3714,31.9344,43.9817,74.0632,205.6795,221.8014,0.282,0.6466,215427.0612,183873.6887,network_delay,frontend,2026-06-09 15:50:00,2026-06-09 16:05:00,during_fault,23.153341,1
2026-06-09 16:00:20,920,EXP_FAULT_04,RUN_04,network_delay,1,cartservice,cart-f04-02,online-boutique,node-c,0.3487,42.5534,0,225.9724,0.003696,15.1056,9.3983,28.9816,38.4116,74.0325,209.3842,225.1373,0.1758,0.6593,260957.6352,167501.8858,network_delay,frontend,2026-06-09 15:50:00,2026-06-09 16:05:00,during_fault,16.971312,1
2026-06-09 16:00:25,925,EXP_FAULT_04,RUN_04,network_delay,1,cartservice,cart-f04-02,online-boutique,node-c,0.371,41.7176,0,225.2504,0.004288,14.6931,9.462,26.0472,42.288,59.2518,209.1831,224.2845,0.3438,0.6222,264959.0479,221892.0643,network_delay,frontend,2026-06-09 15:50:00,2026-06-09 16:05:00,during_fault,13.528641,1
2026-06-09 16:00:30,930,EXP_FAULT_04,RUN_04,network_delay,1,cartservice,cart-f04-02,online-boutique,node-c,0.3441,41.8722,0,226.8538,0.003405,16.5372,9.8913,28.7023,42.6276,69.8379,211.324,226.0813,0.1546,0.6179,275171.341,184483.0667,network_delay,frontend,2026-06-09 15:50:00,2026-06-09 16:05:00,during_fault,23.654928,1
2026-06-09 16:00:35,935,EXP_FAULT_04,RUN_04,network_delay,1,cartservice,cart-f04-02,online-boutique,node-c,0.3461,42.0415,0,228.3136,0.00336,15.5415,8.9298,30.9062,40.8578,65.6242,213.2077,227.5465,0.1952,0.5719,204632.6179,198342.8269,network_delay,frontend,2026-06-09 15:50:00,2026-06-09 16:05:00,during_fault,18.219625,1
2026-06-09 16:00:40,940,EXP_FAULT_04,RUN_04,network_delay,1,cartservice,cart-f04-02,online-boutique,node-c,0.3653,42.4772,0,233.1205,0.003707,15.0863,9.0515,27.395,41.2812,68.5549,218.0471,232.2563,0.2274,0.6368,267243.6476,167303.4044,network_delay,frontend,2026-06-09 15:50:00,2026-06-09 16:05:00,during_fault,14.567278,1
2026-06-09 16:00:45,945,EXP_FAULT_04,RUN_04,network_delay,1,cartservice,cart-f04-02,online-boutique,node-c,0.3652,41.958,0,233.478,0.003412,15.4485,9.1264,28.5036,37.4219,62.9514,218.7722,232.6813,0.2029,0.5937,286469.3288,195780.5364,network_delay,frontend,2026-06-09 15:50:00,2026-06-09 16:05:00,during_fault,14.994257,1
2026-06-09 16:00:50,950,EXP_FAULT_04,RUN_04,network_delay,1,cartservice,cart-f04-02,online-boutique,node-c,0.352,41.5168,0,226.8205,0.003509,14.9811,9.5304,29.1476,37.0369,57.6759,212.7177,226.0245,0.1986,0.5974,206096.6924,168155.2025,network_delay,frontend,2026-06-09 15:50:00,2026-06-09 16:05:00,during_fault,15.469975,1
2026-06-09 16:00:55,955,EXP_FAULT_04,RUN_04,network_delay,1,cartservice,cart-f04-02,online-boutique,node-c,0.3809,41.7668,0,233.5422,0.004176,14.1585,8.7391,24.2371,36.0126,58.909,219.0815,232.567,0.3731,0.6021,228584.8312,221720.4106,network_delay,frontend,2026-06-09 15:50:00,2026-06-09 16:05:00,during_fault,10.716871,1
2026-06-09 16:01:00,960,EXP_FAULT_04,RUN_04,network_delay,1,cartservice,cart-f04-02,online-boutique,node-c,0.3626,41.3008,0,222.1163,0.004068,14.637,9.7461,28.2919,35.697,55.9581,208.4519,221.2127,0.36,0.5437,245492.4419,213630.4738,network_delay,frontend,2026-06-09 15:50:00,2026-06-09 16:05:00,during_fault,13.501493,1
2026-06-09 16:01:05,965,EXP_FAULT_04,RUN_04,network_delay,1,cartservice,cart-f04-02,online-boutique,node-c,0.3702,41.9946,0,229.2849,0.003281,14.6266,9.7613,28.1247,40.9345,63.2463,215.2152,228.5326,0.1483,0.6041,200770.1706,219904.9721,network_delay,frontend,2026-06-09 15:50:00,2026-06-09 16:05:00,during_fault,10.4668,1
2026-06-09 16:01:10,970,EXP_FAULT_04,RUN_04,network_delay,1,cartservice,cart-f04-02,online-boutique,node-c,0.3596,43.0039,0,225.5318,0.003726,14.6641,9.127,27.8805,37.2094,63.582,211.4766,224.6914,0.2445,0.5959,246901.0714,209849.0477,network_delay,frontend,2026-06-09 15:50:00,2026-06-09 16:05:00,during_fault,13.712107,1
2026-06-09 16:01:15,975,EXP_FAULT_04,RUN_04,network_delay,1,cartservice,cart-f04-02,online-boutique,node-c,0.3574,42.7642,0,221.2325,0.004314,14.9061,9.0135,27.7339,36.9176,61.996,207.135,220.2781,0.4325,0.5219,192327.1415,188401.7808,network_delay,frontend,2026-06-09 15:50:00,2026-06-09 16:05:00,during_fault,16.878147,1
2026-06-09 16:01:20,980,EXP_FAULT_04,RUN_04,network_delay,1,cartservice,cart-f04-02,online-boutique,node-c,0.3765,42.2187,0,215.1599,0.0031,14.633,9.7636,26.6565,39.0104,57.909,201.3414,214.493,0.1269,0.54,249843.1495,183743.9289,network_delay,frontend,2026-06-09 15:50:00,2026-06-09 16:05:00,during_fault,8.386982,1
2026-06-09 16:01:25,985,EXP_FAULT_04,RUN_04,network_delay,1,cartservice,cart-f04-02,online-boutique,node-c,0.3633,42.5621,0,211.2986,0.00357,14.4349,9.5388,25.9887,35.5338,57.4426,197.2823,210.5441,0.1942,0.5603,217265.9213,164984.2541,network_delay,frontend,2026-06-09 15:50:00,2026-06-09 16:05:00,during_fault,10.472349,1
2026-06-09 16:01:30,990,EXP_FAULT_04,RUN_04,network_delay,1,cartservice,cart-f04-02,online-boutique,node-c,0.3434,42.1103,0,224.805,0.003978,15.0485,8.854,27.1773,40.6319,62.5935,209.4163,223.9107,0.259,0.6352,248913.149,232017.5453,network_delay,frontend,2026-06-09 15:50:00,2026-06-09 16:05:00,during_fault,18.579489,1
2026-06-09 16:01:35,995,EXP_FAULT_04,RUN_04,network_delay,1,cartservice,cart-f04-02,online-boutique,node-c,0.3395,42.3444,0,218.6363,0.004298,16.5843,10.5665,32.0109,45.8621,70.6228,203.0633,217.6965,0.293,0.6467,217742.3842,224246.6695,network_delay,frontend,2026-06-09 15:50:00,2026-06-09 16:05:00,during_fault,27.671429,1
2026-06-09 16:01:40,1000,EXP_FAULT_04,RUN_04,network_delay,1,cartservice,cart-f04-02,online-boutique,node-c,0.3809,42.5239,0,223.4725,0.003759,15.7271,9.3487,30.8793,44.1061,71.2918,207.0006,222.6324,0.1852,0.6549,187446.6364,175260.5494,network_delay,frontend,2026-06-09 15:50:00,2026-06-09 16:05:00,during_fault,13.647278,1
2026-06-09 16:01:45,1005,EXP_FAULT_04,RUN_04,network_delay,1,cartservice,cart-f04-02,online-boutique,node-c,0.3314,42.7375,0,206.8965,0.00372,16.0347,9.5519,28.5651,41.5213,76.1238,191.048,206.1267,0.1555,0.6143,210199.4744,191475.4253,network_delay,frontend,2026-06-09 15:50:00,2026-06-09 16:05:00,during_fault,23.380291,1
2026-06-09 16:01:50,1010,EXP_FAULT_04,RUN_04,network_delay,1,cartservice,cart-f04-02,online-boutique,node-c,0.3547,43.0423,0,199.8084,0.004512,17.1129,10.7709,34.0213,43.9857,72.1817,183.8609,198.9069,0.2357,0.6659,245556.8188,212226.6612,network_delay,frontend,2026-06-09 15:50:00,2026-06-09 16:05:00,during_fault,25.914642,1
2026-06-09 16:01:55,1015,EXP_FAULT_04,RUN_04,network_delay,1,cartservice,cart-f04-02,online-boutique,node-c,0.347,42.3102,0,203.3276,0.004792,16.1745,9.3551,30.9504,45.473,78.9739,186.3998,202.3532,0.284,0.6904,251538.2683,207161.832,network_delay,frontend,2026-06-09 15:50:00,2026-06-09 16:05:00,during_fault,24.735422,1
2026-06-09 16:02:00,1020,EXP_FAULT_04,RUN_04,network_delay,1,cartservice,cart-f04-02,online-boutique,node-c,0.3352,41.5836,0,199.5525,0.004863,17.6634,9.6591,31.9758,48.3887,89.1991,182.2186,198.5821,0.2576,0.7127,172678.6691,186963.9488,network_delay,frontend,2026-06-09 15:50:00,2026-06-09 16:05:00,during_fault,35.865337,1
2026-06-09 16:02:05,1025,EXP_FAULT_04,RUN_04,network_delay,1,cartservice,cart-f04-02,online-boutique,node-c,0.367,42.9251,0,203.0521,0.004745,16.3874,8.8109,32.0135,45.4112,83.657,184.7258,202.0887,0.2152,0.7482,255690.535,180385.8106,network_delay,frontend,2026-06-09 15:50:00,2026-06-09 16:05:00,during_fault,21.358404,1
2026-06-09 16:02:10,1030,EXP_FAULT_04,RUN_04,network_delay,1,cartservice,cart-f04-02,online-boutique,node-c,0.3638,43.0019,0,204.692,0.004845,18.2303,11.253,36.4494,55.5631,95.9204,185.5315,203.7003,0.2244,0.7673,200662.4807,179353.7233,network_delay,frontend,2026-06-09 15:50:00,2026-06-09 16:05:00,during_fault,32.25063,1
2026-06-09 16:02:15,1035,EXP_FAULT_04,RUN_04,network_delay,1,cartservice,cart-f04-02,online-boutique,node-c,0.3652,42.2238,0,191.1491,0.005573,17.0988,10.3251,32.1576,52.4921,91.9624,172.5352,190.0838,0.366,0.6993,178421.8971,181980.1671,network_delay,frontend,2026-06-09 15:50:00,2026-06-09 16:05:00,during_fault,28.66477,1
2026-06-09 16:02:20,1040,EXP_FAULT_04,RUN_04,network_delay,1,cartservice,cart-f04-02,online-boutique,node-c,0.3719,42.2662,0,195.1584,0.005159,18.6327,10.6691,37.7316,53.2118,91.0908,175.5415,194.1516,0.2472,0.7596,253834.9467,149936.7841,network_delay,frontend,2026-06-09 15:50:00,2026-06-09 16:05:00,during_fault,33.33007,1
2026-06-09 16:02:25,1045,EXP_FAULT_04,RUN_04,network_delay,1,cartservice,cart-f04-02,online-boutique,node-c,0.3548,42.8917,0,198.6668,0.005213,17.5104,9.3108,36.4181,50.2525,84.4161,178.1396,197.6311,0.2348,0.8008,209867.458,136591.2629,network_delay,frontend,2026-06-09 15:50:00,2026-06-09 16:05:00,during_fault,31.44226,1
2026-06-09 16:02:30,1050,EXP_FAULT_04,RUN_04,network_delay,1,cartservice,cart-f04-02,online-boutique,node-c,0.3432,42.1677,0,198.5576,0.005726,18.7277,10.7238,37.4856,56.3919,101.2695,177.3972,197.4207,0.3135,0.8234,214891.5635,146813.6861,network_delay,frontend,2026-06-09 15:50:00,2026-06-09 16:05:00,during_fault,45.01048,1
2026-06-09 16:02:35,1055,EXP_FAULT_04,RUN_04,network_delay,1,cartservice,cart-f04-02,online-boutique,node-c,0.3456,42.1338,0,200.1138,0.005327,21.1073,11.045,42.1209,64.2372,119.3405,178.2331,199.0479,0.2235,0.8425,253470.2158,209604.404,network_delay,frontend,2026-06-09 15:50:00,2026-06-09 16:05:00,during_fault,60.87925,1
2026-06-09 16:02:40,1060,EXP_FAULT_04,RUN_04,network_delay,1,cartservice,cart-f04-02,online-boutique,node-c,0.3502,42.9704,0,195.3555,0.005714,18.8147,10.5883,40.1441,61.2061,103.0451,173.4971,194.2393,0.2805,0.8357,213228.6047,143448.9724,network_delay,frontend,2026-06-09 15:50:00,2026-06-09 16:05:00,during_fault,42.98659,1
2026-06-09 16:02:45,1065,EXP_FAULT_04,RUN_04,network_delay,1,cartservice,cart-f04-02,online-boutique,node-c,0.3715,42.3705,0,190.2137,0.005906,20.7389,11.4157,41.9285,61.0719,106.0047,168.4452,189.0903,0.2899,0.8335,211626.8504,154907.4215,network_delay,frontend,2026-06-09 15:50:00,2026-06-09 16:05:00,during_fault,51.107845,1
2026-06-09 16:02:50,1070,EXP_FAULT_04,RUN_04,network_delay,1,cartservice,cart-f04-02,online-boutique,node-c,0.355,42.6075,0,191.5614,0.00521,18.7471,10.2337,40.1739,62.8589,110.7562,169.348,190.5634,0.1075,0.8905,208462.4053,165678.3874,network_delay,frontend,2026-06-09 15:50:00,2026-06-09 16:05:00,during_fault,37.887993,1
2026-06-09 16:02:55,1075,EXP_FAULT_04,RUN_04,network_delay,1,cartservice,cart-f04-02,online-boutique,node-c,0.365,42.1251,0,197.1017,0.006112,20.4832,11.8424,40.5859,60.6172,116.7013,173.9039,195.8971,0.2569,0.9478,188950.8193,183441.7328,network_delay,frontend,2026-06-09 15:50:00,2026-06-09 16:05:00,during_fault,53.55387,1
2026-06-09 16:03:00,1080,EXP_FAULT_04,RUN_04,network_delay,1,cartservice,cart-f04-02,online-boutique,node-c,0.3433,42.8797,0,200.3386,0.006486,20.628,11.8149,41.1563,60.6006,124.0155,176.4563,199.0392,0.356,0.9434,211115.4502,149494.4521,network_delay,frontend,2026-06-09 15:50:00,2026-06-09 16:05:00,during_fault,64.51741,1
2026-06-09 16:03:05,1085,EXP_FAULT_04,RUN_04,network_delay,1,cartservice,cart-f04-02,online-boutique,node-c,0.3753,42.0692,0,195.6797,0.00599,20.094,11.8592,39.9184,68.1628,111.3968,172.2939,194.5075,0.2301,0.942,229868.9272,148418.5601,network_delay,frontend,2026-06-09 15:50:00,2026-06-09 16:05:00,during_fault,46.633442,1
2026-06-09 16:03:10,1090,EXP_FAULT_04,RUN_04,network_delay,1,cartservice,cart-f04-02,online-boutique,node-c,0.3499,43.0742,0,196.9872,0.006451,20.2239,11.3577,41.0645,65.046,115.5989,173.3441,195.7165,0.3282,0.9425,196908.6864,178919.2207,network_delay,frontend,2026-06-09 15:50:00,2026-06-09 16:05:00,during_fault,58.424652,1
2026-06-09 16:03:15,1095,EXP_FAULT_04,RUN_04,network_delay,1,cartservice,cart-f04-02,online-boutique,node-c,0.3438,42.522,0,197.9167,0.00557,20.9991,12.3072,39.1899,65.3845,117.4945,174.2113,196.8143,0.1605,0.942,184652.1265,145831.241,network_delay,frontend,2026-06-09 15:50:00,2026-06-09 16:05:00,during_fault,61.520153,1
2026-06-09 16:03:20,1100,EXP_FAULT_04,RUN_04,network_delay,1,cartservice,cart-f04-02,online-boutique,node-c,0.3269,42.4493,0,197.7582,0.006967,21.159,11.2352,41.8905,61.7266,116.2282,174.0452,196.3804,0.4582,0.9196,265257.8192,207555.2036,network_delay,frontend,2026-06-09 15:50:00,2026-06-09 16:05:00,during_fault,78.584595,1
2026-06-09 16:03:25,1105,EXP_FAULT_04,RUN_04,network_delay,1,cartservice,cart-f04-02,online-boutique,node-c,0.3599,43.1609,0,199.7271,0.005436,21.3339,12.3213,45.1964,67.4317,112.6607,176.0538,198.6413,0.166,0.9198,204334.87,191681.1821,network_delay,frontend,2026-06-09 15:50:00,2026-06-09 16:05:00,during_fault,56.91201,1
2026-06-09 16:03:30,1110,EXP_FAULT_04,RUN_04,network_delay,1,cartservice,cart-f04-02,online-boutique,node-c,0.342,41.9004,0,202.9878,0.006147,19.5066,10.8,38.0997,63.9776,112.7903,179.0574,201.74,0.341,0.9068,191512.9353,134128.2309,network_delay,frontend,2026-06-09 15:50:00,2026-06-09 16:05:00,during_fault,54.47237,1
2026-06-09 16:03:35,1115,EXP_FAULT_04,RUN_04,network_delay,1,cartservice,cart-f04-02,online-boutique,node-c,0.3635,42.1401,0,198.8633,0.006142,19.3493,11.4493,38.9679,60.552,111.1838,175.8051,197.6418,0.3254,0.8961,237060.4554,197132.5205,network_delay,frontend,2026-06-09 15:50:00,2026-06-09 16:05:00,during_fault,46.084347,1
2026-06-09 16:03:40,1120,EXP_FAULT_04,RUN_04,network_delay,1,cartservice,cart-f04-02,online-boutique,node-c,0.3595,41.7042,0,199.1252,0.006113,20.5704,11.0374,41.1473,67.1346,120.0771,176.3273,197.908,0.336,0.8813,235915.9034,160123.8612,network_delay,frontend,2026-06-09 15:50:00,2026-06-09 16:05:00,during_fault,56.362133,1
2026-06-09 16:03:45,1125,EXP_FAULT_04,RUN_04,network_delay,1,cartservice,cart-f04-02,online-boutique,node-c,0.3496,42.6387,0,205.2594,0.006464,18.4015,10.4467,36.2155,56.0402,92.4787,182.2709,203.9325,0.4232,0.9037,176799.5509,158555.7542,network_delay,frontend,2026-06-09 15:50:00,2026-06-09 16:05:00,during_fault,47.96975,1
2026-06-09 16:03:50,1130,EXP_FAULT_04,RUN_04,network_delay,1,cartservice,cart-f04-02,online-boutique,node-c,0.367,42.364,0,200.3269,0.005804,18.1249,9.8998,34.2267,58.6498,91.2113,178.3698,199.1643,0.2898,0.8728,182573.0043,145917.1098,network_delay,frontend,2026-06-09 15:50:00,2026-06-09 16:05:00,during_fault,35.65072,1
2026-06-09 16:03:55,1135,EXP_FAULT_04,RUN_04,network_delay,1,cartservice,cart-f04-02,online-boutique,node-c,0.3663,42.3166,0,204.8494,0.005476,19.9862,11.4977,42.1331,61.3251,114.4044,183.0013,203.7277,0.2517,0.8701,191029.5424,187972.8473,network_delay,frontend,2026-06-09 15:50:00,2026-06-09 16:05:00,during_fault,46.65521,1
2026-06-09 16:04:00,1140,EXP_FAULT_04,RUN_04,network_delay,1,cartservice,cart-f04-02,online-boutique,node-c,0.3473,42.6475,0,195.7417,0.005892,16.8482,8.9471,32.2903,48.9368,93.9975,175.4496,194.5884,0.3862,0.7672,253927.866,157611.2331,network_delay,frontend,2026-06-09 15:50:00,2026-06-09 16:05:00,during_fault,34.88784,1
2026-06-09 16:04:05,1145,EXP_FAULT_04,RUN_04,network_delay,1,cartservice,cart-f04-02,online-boutique,node-c,0.3587,43.0309,0,199.1786,0.005085,17.5492,10.18,36.6214,48.1931,86.1943,179.2161,198.1657,0.2067,0.8062,181403.2693,152972.6585,network_delay,frontend,2026-06-09 15:50:00,2026-06-09 16:05:00,during_fault,30.093967,1
2026-06-09 16:04:10,1150,EXP_FAULT_04,RUN_04,network_delay,1,cartservice,cart-f04-02,online-boutique,node-c,0.33,43.5825,0,202.975,0.004894,17.9571,9.6757,32.8466,50.261,92.0986,183.2941,201.9816,0.2282,0.7652,192527.5235,204944.3462,network_delay,frontend,2026-06-09 15:50:00,2026-06-09 16:05:00,during_fault,39.176323,1
2026-06-09 16:04:15,1155,EXP_FAULT_04,RUN_04,network_delay,1,cartservice,cart-f04-02,online-boutique,node-c,0.3808,42.9087,0,200.9835,0.004866,18.8563,10.8007,36.57,58.9824,88.6391,182.1474,200.0055,0.2563,0.7217,248643.1064,144599.4419,network_delay,frontend,2026-06-09 15:50:00,2026-06-09 16:05:00,during_fault,31.285425,1
2026-06-09 16:04:20,1160,EXP_FAULT_04,RUN_04,network_delay,1,cartservice,cart-f04-02,online-boutique,node-c,0.3587,42.3872,0,200.8572,0.004744,17.6787,11.1036,31.7993,51.2961,84.4928,182.7516,199.9044,0.2448,0.708,170190.3094,191303.5914,network_delay,frontend,2026-06-09 15:50:00,2026-06-09 16:05:00,during_fault,29.399353,1
2026-06-09 16:04:25,1165,EXP_FAULT_04,RUN_04,network_delay,1,cartservice,cart-f04-02,online-boutique,node-c,0.351,42.4383,0,194.8212,0.00484,16.2621,9.6392,32.3838,49.6819,72.6652,177.933,193.8784,0.2426,0.7002,200345.2614,142561.8338,network_delay,frontend,2026-06-09 15:50:00,2026-06-09 16:05:00,during_fault,23.679592,1
2026-06-09 16:04:30,1170,EXP_FAULT_04,RUN_04,network_delay,1,cartservice,cart-f04-02,online-boutique,node-c,0.3401,42.5488,0,197.2681,0.005161,16.3391,10.3089,33.2665,42.5442,73.7841,180.8243,196.25,0.3444,0.6738,242541.5805,183036.1836,network_delay,frontend,2026-06-09 15:50:00,2026-06-09 16:05:00,during_fault,28.700937,1
2026-06-09 16:04:35,1175,EXP_FAULT_04,RUN_04,network_delay,1,cartservice,cart-f04-02,online-boutique,node-c,0.3457,41.712,0,192.4377,0.004225,13.8924,8.3374,26.9475,41.3299,59.3602,177.0917,191.6245,0.1757,0.6374,249736.8257,166550.8169,network_delay,frontend,2026-06-09 15:50:00,2026-06-09 16:05:00,during_fault,12.8199215,1
2026-06-09 16:04:40,1180,EXP_FAULT_04,RUN_04,network_delay,1,cartservice,cart-f04-02,online-boutique,node-c,0.3431,42.6033,0,193.41,0.004317,15.1249,9.477,27.2018,40.4084,66.9983,178.5953,192.5751,0.2233,0.6116,169369.3488,199059.1202,network_delay,frontend,2026-06-09 15:50:00,2026-06-09 16:05:00,during_fault,17.680212,1
2026-06-09 16:04:45,1185,EXP_FAULT_04,RUN_04,network_delay,1,cartservice,cart-f04-02,online-boutique,node-c,0.3677,42.3504,0,194.6672,0.003755,15.7787,10.0986,29.7056,44.7756,72.3507,180.3625,193.9362,0.1613,0.5697,203782.4676,182595.1368,network_delay,frontend,2026-06-09 15:50:00,2026-06-09 16:05:00,during_fault,14.38414,1
2026-06-09 16:04:50,1190,EXP_FAULT_04,RUN_04,network_delay,1,cartservice,cart-f04-02,online-boutique,node-c,0.3543,42.1895,0,196.6072,0.004432,16.3661,10.525,32.9273,45.0234,78.7645,182.651,195.7358,0.3348,0.5366,187793.0713,159429.8488,network_delay,frontend,2026-06-09 15:50:00,2026-06-09 16:05:00,during_fault,21.690838,1
2026-06-09 16:04:55,1195,EXP_FAULT_04,RUN_04,network_delay,1,cartservice,cart-f04-02,online-boutique,node-c,0.3379,42.1804,0,194.8679,0.003376,14.4529,9.3637,25.5308,37.2134,65.187,181.5669,194.21,0.1571,0.5008,206856.9426,133294.1039,network_delay,frontend,2026-06-09 15:50:00,2026-06-09 16:05:00,during_fault,13.060588,1
2026-06-09 16:05:00,1200,EXP_FAULT_04,RUN_04,network_delay,1,cartservice,cart-f04-02,online-boutique,node-c,0.344,42.0911,0,193.2283,0.004263,15.9066,9.0829,28.8427,42.4053,74.6008,180.1869,192.4045,0.312,0.5118,240871.0426,147029.6474,network_delay,frontend,2026-06-09 15:50:00,2026-06-09 16:05:00,post_fault,20.592678,1
2026-06-09 16:05:05,1205,EXP_FAULT_04,RUN_04,network_delay,1,cartservice,cart-f04-02,online-boutique,node-c,0.3647,43.301,0,188.8598,0.003335,14.9013,9.4989,28.0089,39.3704,61.1294,176.3463,188.23,0.1416,0.4882,186949.377,187078.0424,network_delay,frontend,2026-06-09 15:50:00,2026-06-09 16:05:00,post_fault,9.936807,1
2026-06-09 16:05:10,1210,EXP_FAULT_04,RUN_04,network_delay,1,cartservice,cart-f04-02,online-boutique,node-c,0.3533,42.4874,0,181.2954,0.003896,14.02,8.2729,27.0627,36.9446,63.8672,169.4342,180.5891,0.2268,0.4796,197912.7074,138553.3199,network_delay,frontend,2026-06-09 15:50:00,2026-06-09 16:05:00,post_fault,9.735883,1
2026-06-09 16:05:15,1215,EXP_FAULT_04,RUN_04,network_delay,1,cartservice,cart-f04-02,online-boutique,node-c,0.3629,42.9159,0,186.0821,0.003541,14.9946,10.0538,26.4394,36.6767,65.1742,174.1015,185.4232,0.1501,0.5089,230472.1357,165217.3147,network_delay,frontend,2026-06-09 15:50:00,2026-06-09 16:05:00,post_fault,10.782409,1
2026-06-09 16:05:20,1220,EXP_FAULT_04,RUN_04,network_delay,1,cartservice,cart-f04-02,online-boutique,node-c,0.3627,42.682,0,186.2554,0.004451,14.2046,8.5458,26.8895,35.4844,63.1638,174.3538,185.4263,0.3382,0.4909,229468.5551,147800.4734,network_delay,frontend,2026-06-09 15:50:00,2026-06-09 16:05:00,post_fault,11.958505,1
2026-06-09 16:05:25,1225,EXP_FAULT_04,RUN_04,network_delay,1,cartservice,cart-f04-02,online-boutique,node-c,0.3693,43.3968,0,192.4176,0.003266,14.8926,9.2334,25.5745,40.4928,58.0013,180.3703,191.7891,0.1613,0.4672,202317.5316,179475.3373,network_delay,frontend,2026-06-09 15:50:00,2026-06-09 16:05:00,post_fault,9.2346115,1
2026-06-09 16:05:30,1230,EXP_FAULT_04,RUN_04,network_delay,1,cartservice,cart-f04-02,online-boutique,node-c,0.3527,42.6631,0,190.6181,0.0037,13.1436,7.8956,23.7917,32.7651,52.1053,178.7484,189.9127,0.2614,0.444,203078.4451,164538.4347,network_delay,frontend,2026-06-09 15:50:00,2026-06-09 16:05:00,post_fault,7.5438776,1
2026-06-09 16:05:35,1235,EXP_FAULT_04,RUN_04,network_delay,1,cartservice,cart-f04-02,online-boutique,node-c,0.362,42.0712,0,185.1574,0.004093,14.2428,9.2477,24.8531,34.1422,57.3873,173.775,184.3996,0.2727,0.4851,194959.8101,191450.379,network_delay,frontend,2026-06-09 15:50:00,2026-06-09 16:05:00,post_fault,10.257186,1
2026-06-09 16:05:40,1240,EXP_FAULT_04,RUN_04,network_delay,1,cartservice,cart-f04-02,online-boutique,node-c,0.3584,42.8166,0,193.6673,0.003905,14.6647,8.9781,28.1019,38.9137,65.6331,181.9206,192.9111,0.2675,0.4887,204671.4816,197723.1253,network_delay,frontend,2026-06-09 15:50:00,2026-06-09 16:05:00,post_fault,11.757155,1
2026-06-09 16:05:45,1245,EXP_FAULT_04,RUN_04,network_delay,1,cartservice,cart-f04-02,online-boutique,node-c,0.3554,41.7549,0,191.5233,0.004269,14.9338,9.9587,25.1519,36.783,64.836,180.0221,190.7058,0.3401,0.4774,215812.7279,177786.8979,network_delay,frontend,2026-06-09 15:50:00,2026-06-09 16:05:00,post_fault,14.582441,1
2026-06-09 16:05:50,1250,EXP_FAULT_04,RUN_04,network_delay,1,cartservice,cart-f04-02,online-boutique,node-c,0.3442,42.2624,0,191.7852,0.003293,13.7064,8.4707,25.926,36.7037,52.7092,180.5526,191.1537,0.1652,0.4664,179548.2661,154528.2211,network_delay,frontend,2026-06-09 15:50:00,2026-06-09 16:05:00,post_fault,8.893814,1
2026-06-09 16:05:55,1255,EXP_FAULT_04,RUN_04,network_delay,1,cartservice,cart-f04-02,online-boutique,node-c,0.351,42.7991,0,194.1368,0.004238,13.7547,8.0932,26.0234,32.4863,56.122,182.8641,193.314,0.3435,0.4793,190852.6884,174550.8253,network_delay,frontend,2026-06-09 15:50:00,2026-06-09 16:05:00,post_fault,11.740411,1
2026-06-09 16:06:00,1260,EXP_FAULT_04,RUN_04,network_delay,1,cartservice,cart-f04-02,online-boutique,node-c,0.3629,43.4445,0,188.5644,0.003976,14.0658,9.5541,23.8024,37.7148,58.887,177.7834,187.8146,0.3108,0.4389,160583.7632,149916.7476,network_delay,frontend,2026-06-09 15:50:00,2026-06-09 16:05:00,post_fault,9.590411,1
2026-06-09 16:06:05,1265,EXP_FAULT_04,RUN_04,network_delay,1,cartservice,cart-f04-02,online-boutique,node-c,0.3661,43.0266,0,196.1288,0.003288,14.3663,9.1844,26.8958,34.7815,63.9005,185.0329,195.4839,0.2338,0.411,187550.4778,196758.2424,network_delay,frontend,2026-06-09 15:50:00,2026-06-09 16:05:00,post_fault,8.1921425,1
2026-06-09 16:06:10,1270,EXP_FAULT_04,RUN_04,network_delay,1,cartservice,cart-f04-02,online-boutique,node-c,0.3747,42.2001,0,197.3041,0.00281,13.9826,8.7906,25.2619,35.7241,55.2895,186.3876,196.7498,0.1327,0.4217,223558.9168,199559.7404,network_delay,frontend,2026-06-09 15:50:00,2026-06-09 16:05:00,post_fault,5.6275268,1
2026-06-09 16:06:15,1275,EXP_FAULT_04,RUN_04,network_delay,1,cartservice,cart-f04-02,online-boutique,node-c,0.3555,42.6434,0,198.7738,0.003609,12.9323,8.0365,23.5812,31.8014,49.5388,187.8629,198.0565,0.2508,0.4665,216088.6063,206055.1106,network_delay,frontend,2026-06-09 15:50:00,2026-06-09 16:05:00,post_fault,6.8709,1
2026-06-09 16:06:20,1280,EXP_FAULT_04,RUN_04,network_delay,1,cartservice,cart-f04-02,online-boutique,node-c,0.3435,41.9148,0,197.4801,0.003526,13.6591,8.2708,23.1046,32.7166,54.1019,186.7614,196.7837,0.2842,0.4122,203548.5005,135271.7223,network_delay,frontend,2026-06-09 15:50:00,2026-06-09 16:05:00,post_fault,9.860248,1
2026-06-09 16:06:25,1285,EXP_FAULT_04,RUN_04,network_delay,1,cartservice,cart-f04-02,online-boutique,node-c,0.3381,42.868,0,202.6198,0.003612,15.3943,9.192,26.41,37.4881,56.3637,191.7347,201.8879,0.3066,0.4253,182589.7729,157525.9178,network_delay,frontend,2026-06-09 15:50:00,2026-06-09 16:05:00,post_fault,17.988678,1
2026-06-09 16:06:30,1290,EXP_FAULT_04,RUN_04,network_delay,1,cartservice,cart-f04-02,online-boutique,node-c,0.3573,42.1066,0,206.2721,0.003474,13.2885,7.9491,24.1031,34.8443,52.1342,195.3558,205.5555,0.2652,0.4514,206354.2656,163613.2722,network_delay,frontend,2026-06-09 15:50:00,2026-06-09 16:05:00,post_fault,7.3800898,1
2026-06-09 16:06:35,1295,EXP_FAULT_04,RUN_04,network_delay,1,cartservice,cart-f04-02,online-boutique,node-c,0.3322,41.3718,0,202.716,0.002759,13.6668,8.8658,26.4548,34.4666,53.2124,192.1876,202.1568,0.098,0.4613,204906.0782,173174.2664,network_delay,frontend,2026-06-09 15:50:00,2026-06-09 16:05:00,post_fault,10.773916,1
2026-06-09 16:06:40,1300,EXP_FAULT_04,RUN_04,network_delay,1,cartservice,cart-f04-02,online-boutique,node-c,0.339,42.1345,0,203.6008,0.003399,13.2011,8.8916,21.9958,30.3153,56.7697,193.1716,202.9087,0.2687,0.4234,214539.7368,182505.4159,network_delay,frontend,2026-06-09 15:50:00,2026-06-09 16:05:00,post_fault,9.118891,1
2026-06-09 16:06:45,1305,EXP_FAULT_04,RUN_04,network_delay,1,cartservice,cart-f04-02,online-boutique,node-c,0.3616,42.4196,0,204.3,0.003368,13.841,8.707,24.7506,36.7772,58.7067,193.9416,203.6119,0.2642,0.4238,267389.4149,160079.6143,network_delay,frontend,2026-06-09 15:50:00,2026-06-09 16:05:00,post_fault,7.8641233,1
2026-06-09 16:06:50,1310,EXP_FAULT_04,RUN_04,network_delay,1,cartservice,cart-f04-02,online-boutique,node-c,0.3498,42.3241,0,210.8172,0.00277,13.1423,8.879,23.9707,35.0127,53.1313,200.3074,210.2332,0.1375,0.4466,181509.7765,163393.5589,network_delay,frontend,2026-06-09 15:50:00,2026-06-09 16:05:00,post_fault,6.501268,1
2026-06-09 16:06:55,1315,EXP_FAULT_04,RUN_04,network_delay,1,cartservice,cart-f04-02,online-boutique,node-c,0.3625,42.6599,0,207.5675,0.00316,12.7539,8.8116,23.2601,32.7229,51.0672,197.3227,206.9116,0.2133,0.4427,183099.36,195056.92,network_delay,frontend,2026-06-09 15:50:00,2026-06-09 16:05:00,post_fault,4.8168273,1
2026-06-09 16:07:00,1320,EXP_FAULT_04,RUN_04,network_delay,1,cartservice,cart-f04-02,online-boutique,node-c,0.3655,42.2882,0,207.1214,0.003379,12.8464,8.949,24.0039,33.2618,50.5475,197.0034,206.4216,0.2857,0.4141,236363.2193,167730.8615,network_delay,frontend,2026-06-09 15:50:00,2026-06-09 16:05:00,post_fault,5.3202424,1
2026-06-09 16:07:05,1325,EXP_FAULT_04,RUN_04,network_delay,1,cartservice,cart-f04-02,online-boutique,node-c,0.3479,42.4448,0,216.3937,0.003274,13.1682,9.0085,25.2868,33.4132,54.3982,205.953,215.6852,0.2912,0.4173,252590.1477,158324.3324,network_delay,frontend,2026-06-09 15:50:00,2026-06-09 16:05:00,post_fault,8.171511,1
2026-06-09 16:07:10,1330,EXP_FAULT_04,RUN_04,network_delay,1,cartservice,cart-f04-02,online-boutique,node-c,0.3622,42.272,0,217.3312,0.002864,13.5604,8.6916,22.7987,34.4246,57.2196,207.0909,216.7088,0.2173,0.4051,252482.7373,206504.219,network_delay,frontend,2026-06-09 15:50:00,2026-06-09 16:05:00,post_fault,6.591961,1
2026-06-09 16:07:15,1335,EXP_FAULT_04,RUN_04,network_delay,1,cartservice,cart-f04-02,online-boutique,node-c,0.3522,42.253,0,209.3808,0.003018,11.9218,7.7867,22.1446,27.8287,49.7081,199.6425,208.7489,0.2649,0.367,220843.9727,185136.0559,network_delay,frontend,2026-06-09 15:50:00,2026-06-09 16:05:00,post_fault,3.977002,1
2026-06-09 16:07:20,1340,EXP_FAULT_04,RUN_04,network_delay,1,cartservice,cart-f04-02,online-boutique,node-c,0.3335,43.1762,0,206.4495,0.003405,12.1317,7.7365,23.1108,30.7826,42.8619,196.9258,205.7465,0.2952,0.4077,252805.3174,198528.1713,network_delay,frontend,2026-06-09 15:50:00,2026-06-09 16:05:00,post_fault,7.305214,1
2026-06-09 16:07:25,1345,EXP_FAULT_04,RUN_04,network_delay,1,cartservice,cart-f04-02,online-boutique,node-c,0.3692,41.9257,0,215.0322,0.002289,13.12,8.6455,22.2346,34.0763,52.7637,205.3089,214.5401,0.1177,0.3744,200703.4502,226792.7824,network_delay,frontend,2026-06-09 15:50:00,2026-06-09 16:05:00,post_fault,3.86535,1
2026-06-09 16:07:30,1350,EXP_FAULT_04,RUN_04,network_delay,1,cartservice,cart-f04-02,online-boutique,node-c,0.3472,42.5508,0,210.0775,0.003453,12.3954,8.1507,21.182,31.6971,49.1379,200.5651,209.352,0.3138,0.4117,194202.7754,152679.7825,network_delay,frontend,2026-06-09 15:50:00,2026-06-09 16:05:00,post_fault,6.6457443,1
2026-06-09 16:07:35,1355,EXP_FAULT_04,RUN_04,network_delay,1,cartservice,cart-f04-02,online-boutique,node-c,0.3701,42.0072,0,208.2621,0.002639,12.6752,7.6833,22.8724,32.9222,44.8723,199.06,207.7124,0.1638,0.3859,215116.9806,190234.3438,network_delay,frontend,2026-06-09 15:50:00,2026-06-09 16:05:00,post_fault,3.1605437,1
2026-06-09 16:07:40,1360,EXP_FAULT_04,RUN_04,network_delay,1,cartservice,cart-f04-02,online-boutique,node-c,0.365,43.0755,0,216.0426,0.003176,13.3735,9.3821,24.8573,34.5501,50.86,206.5143,215.3564,0.2971,0.3891,275362.9291,159655.3711,network_delay,frontend,2026-06-09 15:50:00,2026-06-09 16:05:00,post_fault,6.6094627,1
2026-06-09 16:07:45,1365,EXP_FAULT_04,RUN_04,network_delay,1,cartservice,cart-f04-02,online-boutique,node-c,0.3419,42.5031,0,213.0985,0.002414,12.7798,7.8502,22.7263,28.5747,48.5145,203.97,212.5841,0.1032,0.4113,229368.8941,152891.9936,network_delay,frontend,2026-06-09 15:50:00,2026-06-09 16:05:00,post_fault,5.9814453,1
2026-06-09 16:07:50,1370,EXP_FAULT_04,RUN_04,network_delay,1,cartservice,cart-f04-02,online-boutique,node-c,0.3651,42.7988,0,207.981,0.002778,12.9182,8.4176,21.9009,33.0057,48.2628,199.1773,207.4032,0.2254,0.3523,205260.0423,191173.7161,network_delay,frontend,2026-06-09 15:50:00,2026-06-09 16:05:00,post_fault,4.138494,1
2026-06-09 16:07:55,1375,EXP_FAULT_04,RUN_04,network_delay,1,cartservice,cart-f04-02,online-boutique,node-c,0.3528,42.145,0,209.2198,0.003339,12.3061,8.034,22.7721,29.848,49.4689,200.4085,208.5213,0.3195,0.379,210382.6768,215143.5048,network_delay,frontend,2026-06-09 15:50:00,2026-06-09 16:05:00,post_fault,5.549826,1
2026-06-09 16:08:00,1380,EXP_FAULT_04,RUN_04,network_delay,1,cartservice,cart-f04-02,online-boutique,node-c,0.372,43.13,0,211.5669,0.003272,13.3194,8.8013,24.8164,30.1528,50.7488,202.6921,210.8747,0.3385,0.3537,229412.0891,196944.1829,network_delay,frontend,2026-06-09 15:50:00,2026-06-09 16:05:00,post_fault,5.804544,1
2026-06-09 16:08:05,1385,EXP_FAULT_04,RUN_04,network_delay,1,cartservice,cart-f04-02,online-boutique,node-c,0.3544,42.7118,0,212.5179,0.002505,12.7904,9.1593,20.9121,32.4599,49.1047,203.9047,211.9856,0.1603,0.372,215522.4984,147613.6225,network_delay,frontend,2026-06-09 15:50:00,2026-06-09 16:05:00,post_fault,4.608763,1
2026-06-09 16:08:10,1390,EXP_FAULT_04,RUN_04,network_delay,1,cartservice,cart-f04-02,online-boutique,node-c,0.3807,42.7943,0,210.0947,0.002432,12.1629,8.4474,19.8388,29.1256,48.7194,201.6764,209.5836,0.1899,0.3212,254313.4655,173897.4447,network_delay,frontend,2026-06-09 15:50:00,2026-06-09 16:05:00,post_fault,1.485932,1
2026-06-09 16:08:15,1395,EXP_FAULT_04,RUN_04,network_delay,1,cartservice,cart-f04-02,online-boutique,node-c,0.3769,41.8935,0,212.0388,0.002405,12.5791,8.5792,23.3229,31.2624,49.0339,203.6408,211.5288,0.1525,0.3575,242314.5566,173373.4713,network_delay,frontend,2026-06-09 15:50:00,2026-06-09 16:05:00,post_fault,2.4047794,1
2026-06-09 16:08:20,1400,EXP_FAULT_04,RUN_04,network_delay,1,cartservice,cart-f04-02,online-boutique,node-c,0.3604,42.2254,0,205.7804,0.002742,12.2779,7.803,22.3575,29.3232,45.9333,197.6801,205.2162,0.2182,0.3459,222351.6955,183528.7244,network_delay,frontend,2026-06-09 15:50:00,2026-06-09 16:05:00,post_fault,3.1421776,1
2026-06-09 16:08:25,1405,EXP_FAULT_04,RUN_04,network_delay,1,cartservice,cart-f04-02,online-boutique,node-c,0.3685,42.6731,0,207.3594,0.003286,11.4205,7.1573,18.4122,28.7187,40.6385,199.296,206.678,0.316,0.3654,253295.8465,167614.0247,network_delay,frontend,2026-06-09 15:50:00,2026-06-09 16:05:00,post_fault,2.8549511,1
2026-06-09 16:08:30,1410,EXP_FAULT_04,RUN_04,network_delay,1,cartservice,cart-f04-02,online-boutique,node-c,0.369,43.2245,0,213.3495,0.00274,12.8938,8.2831,23.7266,28.1504,42.5121,205.2088,212.7648,0.2513,0.3334,273228.2035,175979.5975,network_delay,frontend,2026-06-09 15:50:00,2026-06-09 16:05:00,post_fault,3.9452927,1
2026-06-09 16:08:35,1415,EXP_FAULT_04,RUN_04,network_delay,1,cartservice,cart-f04-02,online-boutique,node-c,0.362,42.7507,0,205.8008,0.003107,11.5575,8.2401,18.7217,25.4344,42.9077,198.0758,205.1615,0.2954,0.3439,186916.4678,153951.7015,network_delay,frontend,2026-06-09 15:50:00,2026-06-09 16:05:00,post_fault,2.8358662,1
2026-06-09 16:08:40,1420,EXP_FAULT_04,RUN_04,network_delay,1,cartservice,cart-f04-02,online-boutique,node-c,0.3739,42.5351,0,204.4283,0.002548,11.7038,7.6406,20.0852,29.4848,42.2029,196.8409,203.9074,0.1718,0.3491,207058.8015,151308.0154,network_delay,frontend,2026-06-09 15:50:00,2026-06-09 16:05:00,post_fault,1.194186,1
2026-06-09 16:08:45,1425,EXP_FAULT_04,RUN_04,network_delay,1,cartservice,cart-f04-02,online-boutique,node-c,0.361,41.4412,0,207.6961,0.002747,13.1199,9.103,23.357,32.3639,43.9882,200.0502,207.1255,0.2705,0.3,184609.0966,142575.8201,network_delay,frontend,2026-06-09 15:50:00,2026-06-09 16:05:00,post_fault,5.3470945,1
2026-06-09 16:08:50,1430,EXP_FAULT_04,RUN_04,network_delay,1,cartservice,cart-f04-02,online-boutique,node-c,0.3678,42.5306,0,214.3316,0.002339,12.0948,8.5452,21.1269,27.7417,46.5599,206.6141,213.8303,0.1692,0.3321,229093.2445,147127.3098,network_delay,frontend,2026-06-09 15:50:00,2026-06-09 16:05:00,post_fault,2.0746987,1
2026-06-09 16:08:55,1435,EXP_FAULT_04,RUN_04,network_delay,1,cartservice,cart-f04-02,online-boutique,node-c,0.3599,42.4075,0,204.0399,0.002758,12.2803,7.8509,19.889,26.5218,41.9903,196.7446,203.4772,0.2538,0.3089,205463.2638,139406.7302,network_delay,frontend,2026-06-09 15:50:00,2026-06-09 16:05:00,post_fault,3.1351228,1
2026-06-09 16:09:00,1440,EXP_FAULT_04,RUN_04,network_delay,1,cartservice,cart-f04-02,online-boutique,node-c,0.3395,42.0978,0,209.9814,0.00223,11.987,8.0772,19.251,29.7221,40.1731,202.6608,209.5132,0.1957,0.2725,182977.5035,194178.9413,network_delay,frontend,2026-06-09 15:50:00,2026-06-09 16:05:00,post_fault,4.145852,1
2026-06-09 16:09:05,1445,EXP_FAULT_04,RUN_04,network_delay,1,cartservice,cart-f04-02,online-boutique,node-c,0.3663,42.0585,0,216.5907,0.002279,12.2555,8.0506,21.3192,30.2226,44.4744,209.09,216.0971,0.1713,0.3223,259626.8222,164968.8643,network_delay,frontend,2026-06-09 15:50:00,2026-06-09 16:05:00,post_fault,2.5132318,1
2026-06-09 16:09:10,1450,EXP_FAULT_04,RUN_04,network_delay,1,cartservice,cart-f04-02,online-boutique,node-c,0.3458,42.5531,0,218.3792,0.002964,12.0629,7.691,21.178,28.3769,44.9521,210.8749,217.732,0.3305,0.3168,193117.9758,208372.8657,network_delay,frontend,2026-06-09 15:50:00,2026-06-09 16:05:00,post_fault,5.084687,1
2026-06-09 16:09:15,1455,EXP_FAULT_04,RUN_04,network_delay,1,cartservice,cart-f04-02,online-boutique,node-c,0.383,43.1974,0,212.7225,0.002674,12.0056,8.0396,21.3305,28.1058,40.3605,205.4621,212.1536,0.2605,0.3084,182829.1353,222028.999,network_delay,frontend,2026-06-09 15:50:00,2026-06-09 16:05:00,post_fault,1.7069876,1
2026-06-09 16:09:20,1460,EXP_FAULT_04,RUN_04,network_delay,1,cartservice,cart-f04-02,online-boutique,node-c,0.328,41.9491,0,219.417,0.002993,11.8129,8.1083,20.2611,25.557,39.8341,211.9749,218.7603,0.3205,0.3361,258983.812,164213.6928,network_delay,frontend,2026-06-09 15:50:00,2026-06-09 16:05:00,post_fault,6.734043,1
2026-06-09 16:09:25,1465,EXP_FAULT_04,RUN_04,network_delay,1,cartservice,cart-f04-02,online-boutique,node-c,0.354,43.2364,0,208.7816,0.002474,12.2484,7.9598,22.6708,29.3922,40.3053,201.9449,208.2652,0.232,0.2844,214277.573,218747.4245,network_delay,frontend,2026-06-09 15:50:00,2026-06-09 16:05:00,post_fault,3.3476417,1
2026-06-09 16:09:30,1470,EXP_FAULT_04,RUN_04,network_delay,1,cartservice,cart-f04-02,online-boutique,node-c,0.3533,41.7603,0,217.4739,0.002547,11.2944,7.1293,18.0596,25.7746,39.0302,210.4234,216.92,0.2395,0.3144,235443.7926,204558.1219,network_delay,frontend,2026-06-09 15:50:00,2026-06-09 16:05:00,post_fault,2.3224118,1
2026-06-09 16:09:35,1475,EXP_FAULT_04,RUN_04,network_delay,1,cartservice,cart-f04-02,online-boutique,node-c,0.3762,41.7779,0,229.9134,0.002411,12.7696,8.9952,22.4241,30.7311,47.3103,222.5651,229.3592,0.2419,0.3123,277589.6679,213831.3081,network_delay,frontend,2026-06-09 15:50:00,2026-06-09 16:05:00,post_fault,3.373954,1
2026-06-09 16:09:40,1480,EXP_FAULT_04,RUN_04,network_delay,1,cartservice,cart-f04-02,online-boutique,node-c,0.3595,42.809,0,226.8423,0.002624,12.1072,8.2213,21.1802,27.0208,43.7311,219.6401,226.2471,0.2791,0.3162,189013.6009,188253.3888,network_delay,frontend,2026-06-09 15:50:00,2026-06-09 16:05:00,post_fault,3.7466502,1
2026-06-09 16:09:45,1485,EXP_FAULT_04,RUN_04,network_delay,1,cartservice,cart-f04-02,online-boutique,node-c,0.3595,42.0588,0,224.4925,0.002938,11.3975,8.2053,19.0733,26.3835,36.9904,217.4135,223.8329,0.3518,0.3078,227731.9874,233485.5549,network_delay,frontend,2026-06-09 15:50:00,2026-06-09 16:05:00,post_fault,2.9949584,1
2026-06-09 16:09:50,1490,EXP_FAULT_04,RUN_04,network_delay,1,cartservice,cart-f04-02,online-boutique,node-c,0.346,41.6984,0,228.6076,0.002722,11.9744,7.9729,19.31,28.7803,41.0639,221.4996,227.9852,0.3305,0.2919,268504.6369,182291.0991,network_delay,frontend,2026-06-09 15:50:00,2026-06-09 16:05:00,post_fault,4.9673796,1
2026-06-09 16:09:55,1495,EXP_FAULT_04,RUN_04,network_delay,1,cartservice,cart-f04-02,online-boutique,node-c,0.3521,43.9302,0,232.9932,0.002715,11.058,7.8928,20.3349,25.8308,35.3292,225.9005,232.3607,0.3039,0.3286,295794.7434,159478.5613,network_delay,frontend,2026-06-09 15:50:00,2026-06-09 16:05:00,post_fault,3.510144,1
2026-06-09 16:10:00,1500,EXP_FAULT_04,RUN_04,network_delay,1,cartservice,cart-f04-02,online-boutique,node-c,0.362,41.9743,0,227.34,0.002693,11.4674,8.3742,18.6981,27.3853,42.4931,220.4365,226.7278,0.3308,0.2813,276049.0934,227058.8366,network_delay,frontend,2026-06-09 15:50:00,2026-06-09 16:05:00,post_fault,2.5230033,1
2026-06-09 16:10:05,1505,EXP_FAULT_04,RUN_04,network_delay,1,cartservice,cart-f04-02,online-boutique,node-c,0.3562,42.6283,0,232.4466,0.002523,11.1736,7.7442,17.8111,23.2209,39.7713,225.5475,231.8601,0.2633,0.3232,299548.8063,217551.9931,network_delay,frontend,2026-06-09 15:50:00,2026-06-09 16:05:00,post_fault,2.406777,1
2026-06-09 16:10:10,1510,EXP_FAULT_04,RUN_04,network_delay,1,cartservice,cart-f04-02,online-boutique,node-c,0.3648,41.7718,0,227.727,0.002099,11.8876,8.4813,19.9501,28.293,36.4222,221.1401,227.2491,0.211,0.2669,203025.3411,156731.509,network_delay,frontend,2026-06-09 15:50:00,2026-06-09 16:05:00,post_fault,2.2900224,1
2026-06-09 16:10:15,1515,EXP_FAULT_04,RUN_04,network_delay,1,cartservice,cart-f04-02,online-boutique,node-c,0.364,42.562,0,232.9243,0.001654,11.5498,7.466,19.0953,26.9302,37.0921,226.288,232.539,0.0754,0.3099,263645.9671,227574.1738,network_delay,frontend,2026-06-09 15:50:00,2026-06-09 16:05:00,post_fault,1.4929581,1
2026-06-09 16:10:20,1520,EXP_FAULT_04,RUN_04,network_delay,1,cartservice,cart-f04-02,online-boutique,node-c,0.3711,42.7372,0,233.6697,0.001983,12.3694,8.0627,19.9621,27.365,42.8647,227.0826,233.2065,0.2162,0.2471,217408.9869,174412.5164,network_delay,frontend,2026-06-09 15:50:00,2026-06-09 16:05:00,post_fault,2.577558,1
2026-06-09 16:10:25,1525,EXP_FAULT_04,RUN_04,network_delay,1,cartservice,cart-f04-02,online-boutique,node-c,0.3615,42.4609,0,223.5098,0.002154,12.0164,8.7897,20.5887,25.6545,42.3406,217.2368,223.0283,0.1767,0.3048,253337.7493,208109.7002,network_delay,frontend,2026-06-09 15:50:00,2026-06-09 16:05:00,post_fault,2.4705067,1
2026-06-09 16:10:30,1530,EXP_FAULT_04,RUN_04,network_delay,1,cartservice,cart-f04-02,online-boutique,node-c,0.3761,43.5207,0,229.2194,0.002532,11.1919,7.4952,20.4187,25.0072,34.5325,222.8375,228.639,0.2962,0.2842,265175.797,165646.8109,network_delay,frontend,2026-06-09 15:50:00,2026-06-09 16:05:00,post_fault,1.5606822,1
2026-06-09 16:10:35,1535,EXP_FAULT_04,RUN_04,network_delay,1,cartservice,cart-f04-02,online-boutique,node-c,0.348,43.6527,0,227.2761,0.002237,12.2819,8.0396,20.385,25.3583,42.6534,221.1092,226.7678,0.2615,0.2468,230247.5047,157815.344,network_delay,frontend,2026-06-09 15:50:00,2026-06-09 16:05:00,post_fault,4.277976,1
2026-06-09 16:10:40,1540,EXP_FAULT_04,RUN_04,network_delay,1,cartservice,cart-f04-02,online-boutique,node-c,0.3464,42.7118,0,225.651,0.002639,12.0861,8.1443,19.5828,27.532,38.3355,219.5247,225.0556,0.3474,0.2479,201898.2359,222207.1279,network_delay,frontend,2026-06-09 15:50:00,2026-06-09 16:05:00,post_fault,4.787917,1
2026-06-09 16:10:45,1545,EXP_FAULT_04,RUN_04,network_delay,1,cartservice,cart-f04-02,online-boutique,node-c,0.3676,42.4352,0,223.3527,0.001728,11.8865,8.6324,19.6457,26.6503,38.3761,217.5122,222.9667,0.1444,0.2416,222090.786,166100.9696,network_delay,frontend,2026-06-09 15:50:00,2026-06-09 16:05:00,post_fault,1.5081081,1
2026-06-09 16:10:50,1550,EXP_FAULT_04,RUN_04,network_delay,1,cartservice,cart-f04-02,online-boutique,node-c,0.3534,42.5793,0,227.7078,0.001877,11.8901,8.7736,20.4212,26.697,38.6152,221.82,227.2804,0.1781,0.2493,231321.3171,192103.6255,network_delay,frontend,2026-06-09 15:50:00,2026-06-09 16:05:00,post_fault,2.7183523,1
2026-06-09 16:10:55,1555,EXP_FAULT_04,RUN_04,network_delay,1,cartservice,cart-f04-02,online-boutique,node-c,0.3655,43.9846,0,214.9581,0.001854,10.9695,7.1277,19.7838,23.0294,33.8259,209.4276,214.5594,0.1632,0.2354,253670.2939,185849.0342,network_delay,frontend,2026-06-09 15:50:00,2026-06-09 16:05:00,post_fault,0.9188463,1
2026-06-09 16:11:00,1560,EXP_FAULT_04,RUN_04,network_delay,1,cartservice,cart-f04-02,online-boutique,node-c,0.3445,42.4995,0,217.208,0.001877,11.7942,7.7874,21.3204,26.8376,42.103,211.6911,216.8003,0.1922,0.2156,223522.231,179740.9311,network_delay,frontend,2026-06-09 15:50:00,2026-06-09 16:05:00,post_fault,2.9536033,1
2026-06-09 16:11:05,1565,EXP_FAULT_04,RUN_04,network_delay,1,cartservice,cart-f04-02,online-boutique,node-c,0.3657,42.0686,0,214.1636,0.002588,11.8162,8.6507,18.4567,26.8283,40.7659,208.7384,213.6093,0.3463,0.208,231275.678,210478.4878,network_delay,frontend,2026-06-09 15:50:00,2026-06-09 16:05:00,post_fault,2.1367867,1
2026-06-09 16:11:10,1570,EXP_FAULT_04,RUN_04,network_delay,1,cartservice,cart-f04-02,online-boutique,node-c,0.3689,42.5976,0,222.3241,0.002527,10.8542,7.2542,18.7641,25.5826,33.1768,216.7327,221.7623,0.3025,0.2594,228652.524,204893.5773,network_delay,frontend,2026-06-09 15:50:00,2026-06-09 16:05:00,post_fault,1.0741268,1
2026-06-09 16:11:15,1575,EXP_FAULT_04,RUN_04,network_delay,1,cartservice,cart-f04-02,online-boutique,node-c,0.3782,42.1968,0,214.8651,0.001873,10.5971,6.8324,18.4986,22.4864,36.2383,209.6342,214.4626,0.2017,0.2007,204931.7185,165081.1208,network_delay,frontend,2026-06-09 15:50:00,2026-06-09 16:05:00,post_fault,0.11054401,0
2026-06-09 16:11:20,1580,EXP_FAULT_04,RUN_04,network_delay,1,cartservice,cart-f04-02,online-boutique,node-c,0.3554,42.2434,0,220.3691,0.002432,11.2807,8.3632,19.8844,23.359,39.4653,214.9659,219.8331,0.313,0.2229,249499.6326,211950.9211,network_delay,frontend,2026-06-09 15:50:00,2026-06-09 16:05:00,post_fault,2.0746639,1
2026-06-09 16:11:25,1585,EXP_FAULT_04,RUN_04,network_delay,1,cartservice,cart-f04-02,online-boutique,node-c,0.392,42.3315,0,221.9412,0.001862,10.8497,7.6481,19.1655,23.0221,38.4194,216.654,221.5279,0.1833,0.23,214875.0235,154261.4695,network_delay,frontend,2026-06-09 15:50:00,2026-06-09 16:05:00,post_fault,0.10996795,0
2026-06-09 16:11:30,1590,EXP_FAULT_04,RUN_04,network_delay,1,cartservice,cart-f04-02,online-boutique,node-c,0.3632,41.8733,0,210.3862,0.001574,11.4727,7.8043,20.3666,26.0064,37.4272,205.5316,210.055,0.1217,0.2095,178298.5826,153764.4167,network_delay,frontend,2026-06-09 15:50:00,2026-06-09 16:05:00,post_fault,0.99154127,1
2026-06-09 16:11:35,1595,EXP_FAULT_04,RUN_04,network_delay,1,cartservice,cart-f04-02,online-boutique,node-c,0.3574,42.7845,0,215.5417,0.001506,11.5543,8.1495,19.0507,24.8162,37.1978,210.6111,215.2172,0.0804,0.2441,211553.8705,223867.4696,network_delay,frontend,2026-06-09 15:50:00,2026-06-09 16:05:00,post_fault,1.3008517,1
2026-06-09 16:11:40,1600,EXP_FAULT_04,RUN_04,network_delay,1,cartservice,cart-f04-02,online-boutique,node-c,0.3439,42.212,0,209.9889,0.002742,10.9416,7.5958,17.5071,25.6215,36.5408,205.0497,209.4132,0.3507,0.2251,215856.6442,198124.9595,network_delay,frontend,2026-06-09 15:50:00,2026-06-09 16:05:00,post_fault,2.4984126,1
2026-06-09 16:11:45,1605,EXP_FAULT_04,RUN_04,network_delay,1,cartservice,cart-f04-02,online-boutique,node-c,0.3621,43.0078,0,215.2419,0.001562,12.0122,8.5078,19.8787,27.7376,38.3134,210.4258,214.9057,0.0896,0.2466,213635.0371,162673.2846,network_delay,frontend,2026-06-09 15:50:00,2026-06-09 16:05:00,post_fault,1.5610695,1
2026-06-09 16:11:50,1610,EXP_FAULT_04,RUN_04,network_delay,1,cartservice,cart-f04-02,online-boutique,node-c,0.3602,43.2318,0,220.5042,0.00237,11.5902,8.5004,19.9763,25.9008,37.5128,215.6205,219.9816,0.3036,0.219,257900.4426,194610.3377,network_delay,frontend,2026-06-09 15:50:00,2026-06-09 16:05:00,post_fault,2.1440766,1
2026-06-09 16:11:55,1615,EXP_FAULT_04,RUN_04,network_delay,1,cartservice,cart-f04-02,online-boutique,node-c,0.3536,42.6035,0,211.3562,0.001425,10.8088,7.0713,17.6595,22.8893,37.2096,206.7808,211.0551,0.1055,0.1956,228641.6602,171861.7871,network_delay,frontend,2026-06-09 15:50:00,2026-06-09 16:05:00,post_fault,0.69398594,1
2026-06-09 16:12:00,1620,EXP_FAULT_04,RUN_04,network_delay,1,cartservice,cart-f04-02,online-boutique,node-c,0.3535,42.727,0,214.3308,0.002332,11.1257,7.3117,19.6743,24.1074,37.5059,209.6441,213.8311,0.2662,0.2335,259894.2657,170667.7367,network_delay,frontend,2026-06-09 15:50:00,2026-06-09 16:05:00,post_fault,1.6343588,1
2026-06-09 16:12:05,1625,EXP_FAULT_04,RUN_04,network_delay,1,cartservice,cart-f04-02,online-boutique,node-c,0.3485,43.0849,0,215.9523,0.001673,10.9109,8.1365,19.0169,22.9994,32.3411,211.3972,215.5911,0.134,0.2272,220281.9841,182382.9238,network_delay,frontend,2026-06-09 15:50:00,2026-06-09 16:05:00,post_fault,1.2417083,1
2026-06-09 16:12:10,1630,EXP_FAULT_04,RUN_04,network_delay,1,cartservice,cart-f04-02,online-boutique,node-c,0.3699,42.9292,0,216.793,0.001419,11.1565,8.19,17.9191,25.4085,35.9214,212.2939,216.4855,0.0816,0.226,277531.1556,198318.278,network_delay,frontend,2026-06-09 15:50:00,2026-06-09 16:05:00,post_fault,0.37407166,0
2026-06-09 16:12:15,1635,EXP_FAULT_04,RUN_04,network_delay,1,cartservice,cart-f04-02,online-boutique,node-c,0.3675,42.536,0,221.0231,0.002061,10.9773,7.3283,19.4158,25.002,37.6435,216.389,220.5676,0.2138,0.2416,264487.1687,199221.5528,network_delay,frontend,2026-06-09 15:50:00,2026-06-09 16:05:00,post_fault,0.7532029,1
2026-06-09 16:12:20,1640,EXP_FAULT_04,RUN_04,network_delay,1,cartservice,cart-f04-02,online-boutique,node-c,0.3698,42.6652,0,219.7813,0.002054,11.1876,8.5308,19.6128,24.9723,33.0761,215.2493,219.3298,0.2544,0.197,234911.9673,219647.3751,network_delay,frontend,2026-06-09 15:50:00,2026-06-09 16:05:00,post_fault,0.7845866,1
2026-06-09 16:12:25,1645,EXP_FAULT_04,RUN_04,network_delay,1,cartservice,cart-f04-02,online-boutique,node-c,0.3504,42.8504,0,223.8895,0.001442,11.2392,7.6703,17.4458,23.9615,35.4157,219.4439,223.5666,0.1151,0.2078,247736.2468,185827.0793,network_delay,frontend,2026-06-09 15:50:00,2026-06-09 16:05:00,post_fault,1.5539548,1
2026-06-09 16:12:30,1650,EXP_FAULT_04,RUN_04,network_delay,1,cartservice,cart-f04-02,online-boutique,node-c,0.3562,42.8088,0,215.4374,0.001889,11.0632,7.7675,18.0856,24.0195,36.3506,211.1871,215.0305,0.2007,0.2062,264819.1606,176657.9607,network_delay,frontend,2026-06-09 15:50:00,2026-06-09 16:05:00,post_fault,1.0594778,1
2026-06-09 16:12:35,1655,EXP_FAULT_04,RUN_04,network_delay,1,cartservice,cart-f04-02,online-boutique,node-c,0.3647,43.0438,0,219.449,0.001754,10.9325,7.4541,18.7385,22.0044,32.6609,215.1796,219.0641,0.1863,0.1986,249226.9374,181709.5026,network_delay,frontend,2026-06-09 15:50:00,2026-06-09 16:05:00,post_fault,0.54015887,0
2026-06-09 16:12:40,1660,EXP_FAULT_04,RUN_04,network_delay,1,cartservice,cart-f04-02,online-boutique,node-c,0.3623,42.27,0,221.287,0.001904,10.3518,7.8406,18.0877,22.6595,33.7277,216.999,220.8656,0.264,0.1574,270362.6775,192675.7255,network_delay,frontend,2026-06-09 15:50:00,2026-06-09 16:05:00,post_fault,0.3925,0
2026-06-09 16:12:45,1665,EXP_FAULT_04,RUN_04,network_delay,1,cartservice,cart-f04-02,online-boutique,node-c,0.354,42.7646,0,226.1347,0.002302,11.0609,8.174,18.3379,25.3725,32.1222,221.7197,225.6141,0.305,0.2156,260742.5469,169160.9525,network_delay,frontend,2026-06-09 15:50:00,2026-06-09 16:05:00,post_fault,1.888142,1
2026-06-09 16:12:50,1670,EXP_FAULT_04,RUN_04,network_delay,1,cartservice,cart-f04-02,online-boutique,node-c,0.3641,43.765,0,227.9786,0.001929,10.9087,7.6437,19.1331,24.4907,32.3288,223.6736,227.5388,0.234,0.2059,208938.4188,230587.3861,network_delay,frontend,2026-06-09 15:50:00,2026-06-09 16:05:00,post_fault,1.0152533,1
2026-06-09 16:12:55,1675,EXP_FAULT_04,RUN_04,network_delay,1,cartservice,cart-f04-02,online-boutique,node-c,0.3773,42.5719,0,230.7322,0.002017,11.7603,9.0323,18.725,25.8737,35.8363,226.4345,230.2668,0.2773,0.188,210589.3317,227940.1732,network_delay,frontend,2026-06-09 15:50:00,2026-06-09 16:05:00,post_fault,1.2427759,1
2026-06-09 16:13:00,1680,EXP_FAULT_04,RUN_04,network_delay,1,cartservice,cart-f04-02,online-boutique,node-c,0.3606,42.0567,0,229.6113,0.002338,11.0727,8.3792,17.0633,25.0145,33.6592,225.3846,229.0744,0.356,0.1809,200523.7449,191524.5016,network_delay,frontend,2026-06-09 15:50:00,2026-06-09 16:05:00,post_fault,1.6504189,1
2026-06-09 16:13:05,1685,EXP_FAULT_04,RUN_04,network_delay,1,cartservice,cart-f04-02,online-boutique,node-c,0.3624,42.9002,0,229.366,0.002519,10.5849,7.4837,17.398,21.708,33.4694,225.1042,228.7882,0.3559,0.2219,240793.1072,170899.4632,network_delay,frontend,2026-06-09 15:50:00,2026-06-09 16:05:00,post_fault,1.3785366,1
2026-06-09 16:13:10,1690,EXP_FAULT_04,RUN_04,network_delay,1,cartservice,cart-f04-02,online-boutique,node-c,0.3938,43.3433,0,229.6395,0.002132,11.9087,8.617,20.2428,24.7983,36.3221,225.4635,229.1499,0.2661,0.2235,219117.0666,228464.9419,network_delay,frontend,2026-06-09 15:50:00,2026-06-09 16:05:00,post_fault,0.79236495,1
2026-06-09 16:13:15,1695,EXP_FAULT_04,RUN_04,network_delay,1,cartservice,cart-f04-02,online-boutique,node-c,0.3704,43.1968,0,221.4747,0.001646,10.7608,7.4946,17.792,22.6966,36.1517,217.5555,221.1102,0.2215,0.143,211549.5485,189724.4019,network_delay,frontend,2026-06-09 15:50:00,2026-06-09 16:05:00,post_fault,0.25163808,0
2026-06-09 16:13:20,1700,EXP_FAULT_04,RUN_04,network_delay,1,cartservice,cart-f04-02,online-boutique,node-c,0.3686,42.4711,0,221.7523,0.002487,11.258,7.8227,18.7775,23.8829,33.4903,217.7623,221.2008,0.3637,0.1878,201324.4584,215168.2661,network_delay,frontend,2026-06-09 15:50:00,2026-06-09 16:05:00,post_fault,1.40746,1
2026-06-09 16:13:25,1705,EXP_FAULT_04,RUN_04,network_delay,1,cartservice,cart-f04-02,online-boutique,node-c,0.3622,43.1081,0,226.107,0.001466,11.0728,7.6434,19.0482,23.2311,32.9081,222.2307,225.7755,0.1919,0.1396,221623.7285,201163.7555,network_delay,frontend,2026-06-09 15:50:00,2026-06-09 16:05:00,post_fault,0.7497825,1
2026-06-09 16:13:30,1710,EXP_FAULT_04,RUN_04,network_delay,1,cartservice,cart-f04-02,online-boutique,node-c,0.3616,43.3914,0,229.4197,0.002179,10.8555,7.8557,17.1538,24.6166,30.8287,225.4543,228.9197,0.2998,0.2002,191325.041,164633.1646,network_delay,frontend,2026-06-09 15:50:00,2026-06-09 16:05:00,post_fault,1.3138453,1
2026-06-09 16:13:35,1715,EXP_FAULT_04,RUN_04,network_delay,1,cartservice,cart-f04-02,online-boutique,node-c,0.3615,43.0357,0,222.9075,0.002224,11.5449,8.8144,18.9839,25.9388,33.8853,219.1015,222.4118,0.3146,0.1811,281362.8239,190249.945,network_delay,frontend,2026-06-09 15:50:00,2026-06-09 16:05:00,post_fault,1.8213844,1
2026-06-09 16:13:40,1720,EXP_FAULT_04,RUN_04,network_delay,1,cartservice,cart-f04-02,online-boutique,node-c,0.3686,42.0751,0,226.0901,0.001611,9.9539,7.6982,16.2809,20.2542,30.0227,222.3646,225.726,0.1843,0.1798,216754.464,170880.6303,network_delay,frontend,2026-06-09 15:50:00,2026-06-09 16:05:00,post_fault,0.05735184,0
2026-06-09 16:13:45,1725,EXP_FAULT_04,RUN_04,network_delay,1,cartservice,cart-f04-02,online-boutique,node-c,0.3692,43.0005,0,230.451,0.0012,11.6131,7.7148,17.795,22.501,35.5291,226.7616,230.1745,0.112,0.1645,205436.4052,211456.8549,network_delay,frontend,2026-06-09 15:50:00,2026-06-09 16:05:00,post_fault,0.8535079,1
2026-06-09 16:13:50,1730,EXP_FAULT_04,RUN_04,network_delay,1,cartservice,cart-f04-02,online-boutique,node-c,0.3855,42.3218,0,225.7143,0.002264,11.0043,7.5503,17.0354,23.9766,34.2337,221.9906,225.2032,0.3198,0.1913,266921.3299,189479.2005,network_delay,frontend,2026-06-09 15:50:00,2026-06-09 16:05:00,post_fault,0.45634216,0
2026-06-09 16:13:55,1735,EXP_FAULT_04,RUN_04,network_delay,1,cartservice,cart-f04-02,online-boutique,node-c,0.3651,43.4822,0,217.5164,0.0016,10.9055,7.4699,18.9758,21.4689,30.832,214.0666,217.1684,0.1552,0.1928,276296.6429,214994.4393,network_delay,frontend,2026-06-09 15:50:00,2026-06-09 16:05:00,post_fault,0.503742,0
2026-06-09 16:14:00,1740,EXP_FAULT_04,RUN_04,network_delay,1,cartservice,cart-f04-02,online-boutique,node-c,0.3321,41.9941,0,217.1758,0.002001,11.0559,7.9491,18.7115,23.5509,34.217,213.6828,216.7412,0.2765,0.1581,275555.552,208779.9012,network_delay,frontend,2026-06-09 15:50:00,2026-06-09 16:05:00,post_fault,3.0474105,1
2026-06-09 16:14:05,1745,EXP_FAULT_04,RUN_04,network_delay,1,cartservice,cart-f04-02,online-boutique,node-c,0.3777,42.4303,0,220.5922,0.001076,9.9228,7.5146,16.3696,20.8223,29.3823,217.2566,220.3549,0.1131,0.1242,201637.1358,149513.8297,network_delay,frontend,2026-06-09 15:50:00,2026-06-09 16:05:00,post_fault,0.058133207,0
2026-06-09 16:14:10,1750,EXP_FAULT_04,RUN_04,network_delay,1,cartservice,cart-f04-02,online-boutique,node-c,0.3671,42.4907,0,218.8958,0.001982,10.6657,7.4278,17.2413,21.1158,32.1241,215.5458,218.462,0.2454,0.1884,206742.4366,163770.9628,network_delay,frontend,2026-06-09 15:50:00,2026-06-09 16:05:00,post_fault,0.4263855,0
2026-06-09 16:14:15,1755,EXP_FAULT_04,RUN_04,network_delay,1,cartservice,cart-f04-02,online-boutique,node-c,0.3624,42.2945,0,213.104,0.001137,11.2059,7.4514,19.8202,24.2005,32.934,209.8986,212.8618,0.1159,0.1263,253569.591,197579.2917,network_delay,frontend,2026-06-09 15:50:00,2026-06-09 16:05:00,post_fault,0.589018,0
2026-06-09 16:14:20,1760,EXP_FAULT_04,RUN_04,network_delay,1,cartservice,cart-f04-02,online-boutique,node-c,0.3394,42.9808,0,211.2272,0.001898,11.2626,8.6091,18.3847,23.1775,35.152,207.9215,210.8264,0.2462,0.1546,183408.0932,214169.178,network_delay,frontend,2026-06-09 15:50:00,2026-06-09 16:05:00,post_fault,2.3534336,1
2026-06-09 16:14:25,1765,EXP_FAULT_04,RUN_04,network_delay,1,cartservice,cart-f04-02,online-boutique,node-c,0.361,42.1983,0,206.8597,0.00108,10.818,7.5985,18.7156,24.166,31.537,203.7608,206.6362,0.1063,0.1172,220525.7637,191635.6384,network_delay,frontend,2026-06-09 15:50:00,2026-06-09 16:05:00,post_fault,0.2923068,0
2026-06-09 16:14:30,1770,EXP_FAULT_04,RUN_04,network_delay,1,cartservice,cart-f04-02,online-boutique,node-c,0.3408,42.374,0,210.7904,0.001394,10.0387,7.48,15.2975,22.1046,32.5545,207.605,210.4964,0.1648,0.1292,262572.976,215468.8498,network_delay,frontend,2026-06-09 15:50:00,2026-06-09 16:05:00,post_fault,0.65062237,1
2026-06-09 16:14:35,1775,EXP_FAULT_04,RUN_04,network_delay,1,cartservice,cart-f04-02,online-boutique,node-c,0.3584,42.36,0,204.5993,0.00099,11.5567,8.7932,19.3293,25.816,34.1373,201.5238,204.3967,0.0716,0.1309,208551.3073,172620.1814,network_delay,frontend,2026-06-09 15:50:00,2026-06-09 16:05:00,post_fault,0.8673542,1
2026-06-09 16:14:40,1780,EXP_FAULT_04,RUN_04,network_delay,1,cartservice,cart-f04-02,online-boutique,node-c,0.3442,42.2472,0,207.3215,0.002125,11.1353,7.88,18.0007,24.5943,31.9068,204.0443,206.881,0.3023,0.1382,250137.1496,177904.4945,network_delay,frontend,2026-06-09 15:50:00,2026-06-09 16:05:00,post_fault,1.9305103,1
2026-06-09 16:14:45,1785,EXP_FAULT_04,RUN_04,network_delay,1,cartservice,cart-f04-02,online-boutique,node-c,0.3588,42.8973,0,203.6884,0.002027,11.3747,8.1408,18.5957,22.7336,37.1099,200.4958,203.2756,0.2417,0.1711,246786.4374,154241.1915,network_delay,frontend,2026-06-09 15:50:00,2026-06-09 16:05:00,post_fault,1.1612694,1
2026-06-09 16:14:50,1790,EXP_FAULT_04,RUN_04,network_delay,1,cartservice,cart-f04-02,online-boutique,node-c,0.3611,43.2723,0,196.8486,0.001887,10.487,7.6828,16.7109,20.5617,32.0981,193.8229,196.4772,0.2062,0.1652,240296.0014,135833.829,network_delay,frontend,2026-06-09 15:50:00,2026-06-09 16:05:00,post_fault,0.25995135,0
2026-06-09 16:14:55,1795,EXP_FAULT_04,RUN_04,network_delay,1,cartservice,cart-f04-02,online-boutique,node-c,0.3719,42.3452,0,195.9934,0.001797,10.5482,7.2308,17.3723,22.0558,33.7979,192.9762,195.6413,0.21,0.1421,187535.0135,183750.2429,network_delay,frontend,2026-06-09 15:50:00,2026-06-09 16:05:00,post_fault,0.04097625,0
2026-06-09 16:20:00,0,EXP_FAULT_05,RUN_05,cpu_stress,1,cartservice,cart-f05-02,online-boutique,node-c,0.366,42.0819,0,228.4706,0.001683,10.781,8.2463,16.048,19.8756,30.5522,228.2166,228.086,0.3429,0.0417,274778.0631,170916.8602,cpu_stress,productcatalogservice,2026-06-09 16:25:00,2026-06-09 16:40:00,pre_fault,0.58705,0
2026-06-09 16:20:05,5,EXP_FAULT_05,RUN_05,cpu_stress,1,cartservice,cart-f05-02,online-boutique,node-c,0.3791,41.9592,0,218.9185,0.000782,10.3734,7.5207,16.6212,21.122,29.4324,218.8093,218.7473,0.1578,0.0133,197590.4786,184672.6581,cpu_stress,productcatalogservice,2026-06-09 16:25:00,2026-06-09 16:40:00,pre_fault,0.022687474,0
2026-06-09 16:20:10,10,EXP_FAULT_05,RUN_05,cpu_stress,1,cartservice,cart-f05-02,online-boutique,node-c,0.3639,41.9283,0,222.4839,0.000976,9.0327,7.321,13.6794,16.609,22.5427,222.3766,222.2667,0.1931,0.0242,214594.1424,154170.746,cpu_stress,productcatalogservice,2026-06-09 16:25:00,2026-06-09 16:40:00,pre_fault,0.07313712,0
2026-06-09 16:20:15,15,EXP_FAULT_05,RUN_05,cpu_stress,1,cartservice,cart-f05-02,online-boutique,node-c,0.3747,41.1473,0,218.3421,0.001228,9.3839,7.2781,14.5347,17.1398,22.1329,218.1804,218.0741,0.2348,0.0333,199746.1696,157995.1197,cpu_stress,productcatalogservice,2026-06-09 16:25:00,2026-06-09 16:40:00,pre_fault,0.12622619,0
2026-06-09 16:20:20,20,EXP_FAULT_05,RUN_05,cpu_stress,1,cartservice,cart-f05-02,online-boutique,node-c,0.3771,42.5296,0,219.7077,0.001054,9.6343,6.8761,15.0317,16.9694,25.2257,219.6114,219.4761,0.1828,0.0488,238300.3747,158485.6981,cpu_stress,productcatalogservice,2026-06-09 16:25:00,2026-06-09 16:40:00,pre_fault,0.14015616,0
2026-06-09 16:20:25,25,EXP_FAULT_05,RUN_05,cpu_stress,1,cartservice,cart-f05-02,online-boutique,node-c,0.3643,42.4538,0,220.5118,0.000996,9.0733,6.9263,14.7877,17.5518,24.2101,220.3726,220.2921,0.1595,0.0602,244194.3979,163688.9575,cpu_stress,productcatalogservice,2026-06-09 16:25:00,2026-06-09 16:40:00,pre_fault,0.071433306,0
2026-06-09 16:20:30,30,EXP_FAULT_05,RUN_05,cpu_stress,1,cartservice,cart-f05-02,online-boutique,node-c,0.3414,42.0631,0,229.5303,0.001128,9.848,7.6799,14.6629,18.4694,24.6465,229.4102,229.2713,0.2559,0.0031,204714.3223,189652.3865,cpu_stress,productcatalogservice,2026-06-09 16:25:00,2026-06-09 16:40:00,pre_fault,0.6756963,1
2026-06-09 16:20:35,35,EXP_FAULT_05,RUN_05,cpu_stress,1,cartservice,cart-f05-02,online-boutique,node-c,0.3771,42.3589,0,219.2271,0.001346,9.8479,7.5857,16.4163,17.4226,27.2261,219.0642,218.932,0.2309,0.0641,259938.2028,175594.5236,cpu_stress,productcatalogservice,2026-06-09 16:25:00,2026-06-09 16:40:00,pre_fault,0.048712462,0
2026-06-09 16:20:40,40,EXP_FAULT_05,RUN_05,cpu_stress,1,cartservice,cart-f05-02,online-boutique,node-c,0.3451,41.5213,0,218.2567,0.001351,9.2933,6.9879,15.3414,17.8338,24.0727,218.1457,217.9618,0.266,0.0289,239071.7265,160002.9402,cpu_stress,productcatalogservice,2026-06-09 16:25:00,2026-06-09 16:40:00,pre_fault,0.22459266,0
2026-06-09 16:20:45,45,EXP_FAULT_05,RUN_05,cpu_stress,1,cartservice,cart-f05-02,online-boutique,node-c,0.3715,42.6181,0,227.264,0.001576,9.8817,7.4122,16.2198,18.9253,26.1462,227.0172,226.9059,0.2915,0.0666,196893.4023,150731.8436,cpu_stress,productcatalogservice,2026-06-09 16:25:00,2026-06-09 16:40:00,pre_fault,0.022266356,0
2026-06-09 16:20:50,50,EXP_FAULT_05,RUN_05,cpu_stress,1,cartservice,cart-f05-02,online-boutique,node-c,0.3638,41.9014,0,221.1661,0.001062,9.4682,7.5389,14.0377,17.686,26.1325,221.0702,220.9312,0.176,0.059,253089.1288,152324.6714,cpu_stress,productcatalogservice,2026-06-09 16:25:00,2026-06-09 16:40:00,pre_fault,0.014902617,0
2026-06-09 16:20:55,55,EXP_FAULT_05,RUN_05,cpu_stress,1,cartservice,cart-f05-02,online-boutique,node-c,0.3859,42.5015,0,219.5202,0.001112,9.0607,6.5816,13.4535,16.3715,25.1997,219.3911,219.2761,0.2353,0.0088,236143.917,170561.2655,cpu_stress,productcatalogservice,2026-06-09 16:25:00,2026-06-09 16:40:00,pre_fault,0.7212509,1
2026-06-09 16:21:00,60,EXP_FAULT_05,RUN_05,cpu_stress,1,cartservice,cart-f05-02,online-boutique,node-c,0.3664,42.297,0,218.3041,0.000574,10.0536,7.6106,16.905,18.1123,27.0631,218.2366,218.1788,0.1135,0.0117,273483.868,223050.13,cpu_stress,productcatalogservice,2026-06-09 16:25:00,2026-06-09 16:40:00,pre_fault,0.0060778433,0
2026-06-09 16:21:05,65,EXP_FAULT_05,RUN_05,cpu_stress,1,cartservice,cart-f05-02,online-boutique,node-c,0.3591,41.8674,0,221.8922,0.000752,10.031,7.7537,16.1521,19.4165,28.0952,221.7677,221.7253,0.1556,0.0112,207062.6448,213069.2471,cpu_stress,productcatalogservice,2026-06-09 16:25:00,2026-06-09 16:40:00,pre_fault,0.08473223,0
2026-06-09 16:21:10,70,EXP_FAULT_05,RUN_05,cpu_stress,1,cartservice,cart-f05-02,online-boutique,node-c,0.3713,41.9191,0,213.1503,0.001537,9.2594,6.8854,13.6709,18.0041,25.1041,212.9953,212.8226,0.3185,0.0091,224548.1325,196608.8744,cpu_stress,productcatalogservice,2026-06-09 16:25:00,2026-06-09 16:40:00,pre_fault,0.09177728,0
2026-06-09 16:21:15,75,EXP_FAULT_05,RUN_05,cpu_stress,1,cartservice,cart-f05-02,online-boutique,node-c,0.3464,41.6615,0,212.9218,0.00096,9.5201,7.0609,13.8278,17.2566,24.9135,212.8498,212.7174,0.1828,0.0216,260555.3877,175291.4721,cpu_stress,productcatalogservice,2026-06-09 16:25:00,2026-06-09 16:40:00,pre_fault,0.14210273,0
2026-06-09 16:21:20,80,EXP_FAULT_05,RUN_05,cpu_stress,1,cartservice,cart-f05-02,online-boutique,node-c,0.3736,42.2934,0,217.3009,0.000455,9.49,6.974,14.017,19.3119,25.3329,217.2608,217.202,0.0862,0.0127,236906.1858,156630.1217,cpu_stress,productcatalogservice,2026-06-09 16:25:00,2026-06-09 16:40:00,pre_fault,0.23658028,0
2026-06-09 16:21:25,85,EXP_FAULT_05,RUN_05,cpu_stress,1,cartservice,cart-f05-02,online-boutique,node-c,0.3657,41.6233,0,212.1703,0.001513,9.2596,6.5953,15.3152,16.4655,24.5379,212.0274,211.8493,0.2617,0.0593,180920.8478,213868.8132,cpu_stress,productcatalogservice,2026-06-09 16:25:00,2026-06-09 16:40:00,pre_fault,0.02735139,0
2026-06-09 16:21:30,90,EXP_FAULT_05,RUN_05,cpu_stress,1,cartservice,cart-f05-02,online-boutique,node-c,0.3576,42.3267,0,207.7746,0.000709,9.2066,6.8502,14.0043,18.6995,24.8114,207.6859,207.6273,0.1442,0.0032,196537.3057,212706.0935,cpu_stress,productcatalogservice,2026-06-09 16:25:00,2026-06-09 16:40:00,pre_fault,0.04358699,0
2026-06-09 16:21:35,95,EXP_FAULT_05,RUN_05,cpu_stress,1,cartservice,cart-f05-02,online-boutique,node-c,0.3559,41.9821,0,207.4258,0.000338,9.5089,7.0831,15.6596,17.5236,24.9057,207.3743,207.3558,0.0661,0.004,206864.9889,193226.6291,cpu_stress,productcatalogservice,2026-06-09 16:25:00,2026-06-09 16:40:00,pre_fault,0.011715998,0
2026-06-09 16:21:40,100,EXP_FAULT_05,RUN_05,cpu_stress,1,cartservice,cart-f05-02,online-boutique,node-c,0.3358,42.1622,0,205.9728,0.000825,9.0461,6.6635,14.198,16.7428,25.27,205.8905,205.8029,0.1001,0.0698,252522.9957,193184.0666,cpu_stress,productcatalogservice,2026-06-09 16:25:00,2026-06-09 16:40:00,pre_fault,0.16540182,0
2026-06-09 16:21:45,105,EXP_FAULT_05,RUN_05,cpu_stress,1,cartservice,cart-f05-02,online-boutique,node-c,0.3658,42.4448,0,209.0587,0.000882,9.0485,6.7078,13.7858,16.4287,22.3896,208.9774,208.8742,0.1748,0.0097,249957.3927,199762.4607,cpu_stress,productcatalogservice,2026-06-09 16:25:00,2026-06-09 16:40:00,pre_fault,0.19252846,0
2026-06-09 16:21:50,110,EXP_FAULT_05,RUN_05,cpu_stress,1,cartservice,cart-f05-02,online-boutique,node-c,0.3896,41.7211,0,212.3302,0.000984,9.3027,7.4558,14.2713,18.5218,25.0795,212.2326,212.1214,0.1786,0.0303,196473.4117,216972.8113,cpu_stress,productcatalogservice,2026-06-09 16:25:00,2026-06-09 16:40:00,pre_fault,0.8589449,1
2026-06-09 16:21:55,115,EXP_FAULT_05,RUN_05,cpu_stress,1,cartservice,cart-f05-02,online-boutique,node-c,0.3647,41.6709,0,208.6919,0.001387,9.3603,7.3244,15.1339,16.4357,25.5814,208.5715,208.4025,0.2244,0.065,251550.9784,171128.2079,cpu_stress,productcatalogservice,2026-06-09 16:25:00,2026-06-09 16:40:00,pre_fault,0.032159526,0
2026-06-09 16:22:00,120,EXP_FAULT_05,RUN_05,cpu_stress,1,cartservice,cart-f05-02,online-boutique,node-c,0.3624,42.3352,0,199.8808,0.001893,10.0811,7.1648,15.783,18.9562,27.7407,199.7416,199.5025,0.3109,0.0674,244272.6946,197023.6985,cpu_stress,productcatalogservice,2026-06-09 16:25:00,2026-06-09 16:40:00,pre_fault,0.073656395,0
2026-06-09 16:22:05,125,EXP_FAULT_05,RUN_05,cpu_stress,1,cartservice,cart-f05-02,online-boutique,node-c,0.3643,41.952,0,204.4411,0.001083,9.8513,7.2684,14.9992,18.2638,26.8214,204.2794,204.2196,0.1955,0.0259,260446.9996,194946.1571,cpu_stress,productcatalogservice,2026-06-09 16:25:00,2026-06-09 16:40:00,pre_fault,0.005117654,0
2026-06-09 16:22:10,130,EXP_FAULT_05,RUN_05,cpu_stress,1,cartservice,cart-f05-02,online-boutique,node-c,0.3603,42.4216,0,202.5271,0.001814,9.0382,6.8392,13.8852,16.4966,25.1636,202.2615,202.1598,0.2969,0.0704,184652.7284,208321.3152,cpu_stress,productcatalogservice,2026-06-09 16:25:00,2026-06-09 16:40:00,pre_fault,0.0054478464,0
2026-06-09 16:22:15,135,EXP_FAULT_05,RUN_05,cpu_stress,1,cartservice,cart-f05-02,online-boutique,node-c,0.3494,41.2677,0,197.9388,0.001575,10.5616,8.4122,16.2347,19.541,27.3953,197.7335,197.627,0.2975,0.0142,241077.408,143601.9873,cpu_stress,productcatalogservice,2026-06-09 16:25:00,2026-06-09 16:40:00,pre_fault,0.7157038,1
2026-06-09 16:22:20,140,EXP_FAULT_05,RUN_05,cpu_stress,1,cartservice,cart-f05-02,online-boutique,node-c,0.354,41.3019,0,205.0647,0.000931,8.8581,7.1456,14.5186,16.8202,20.9494,204.9545,204.8738,0.1548,0.0362,230787.1962,153637.3378,cpu_stress,productcatalogservice,2026-06-09 16:25:00,2026-06-09 16:40:00,pre_fault,0.03290172,0
2026-06-09 16:22:25,145,EXP_FAULT_05,RUN_05,cpu_stress,1,cartservice,cart-f05-02,online-boutique,node-c,0.3608,41.2456,0,209.1949,0.000949,10.1463,7.4401,16.5849,20.1014,23.9726,209.0718,208.9964,0.1503,0.0482,260232.1715,173670.2651,cpu_stress,productcatalogservice,2026-06-09 16:25:00,2026-06-09 16:40:00,pre_fault,0.07442794,0
2026-06-09 16:22:30,150,EXP_FAULT_05,RUN_05,cpu_stress,1,cartservice,cart-f05-02,online-boutique,node-c,0.3529,42.5821,0,210.0201,0.000973,9.6047,7.0072,15.4105,16.8088,26.2049,209.8715,209.8157,0.1503,0.0541,260426.3086,208028.273,cpu_stress,productcatalogservice,2026-06-09 16:25:00,2026-06-09 16:40:00,pre_fault,0.033907384,0
2026-06-09 16:22:35,155,EXP_FAULT_05,RUN_05,cpu_stress,1,cartservice,cart-f05-02,online-boutique,node-c,0.363,41.8524,0,205.6875,0.001723,8.9931,6.9351,14.1637,16.3015,22.5602,205.5266,205.3331,0.3249,0.0295,188184.5757,199009.5016,cpu_stress,productcatalogservice,2026-06-09 16:25:00,2026-06-09 16:40:00,pre_fault,0.027263116,0
2026-06-09 16:22:40,160,EXP_FAULT_05,RUN_05,cpu_stress,1,cartservice,cart-f05-02,online-boutique,node-c,0.36,41.9602,0,211.0532,0.001302,9.1591,6.76,13.4532,17.0823,25.085,210.8882,210.7783,0.2742,0.0007,174314.3751,160433.7614,cpu_stress,productcatalogservice,2026-06-09 16:25:00,2026-06-09 16:40:00,pre_fault,0.015141271,0
2026-06-09 16:22:45,165,EXP_FAULT_05,RUN_05,cpu_stress,1,cartservice,cart-f05-02,online-boutique,node-c,0.3801,41.5435,0,206.4201,0.000364,9.4022,7.3995,15.6022,18.667,25.1754,206.3907,206.3449,0.0619,0.0134,203873.7002,171288.3449,cpu_stress,productcatalogservice,2026-06-09 16:25:00,2026-06-09 16:40:00,pre_fault,0.6361439,0
2026-06-09 16:22:50,170,EXP_FAULT_05,RUN_05,cpu_stress,1,cartservice,cart-f05-02,online-boutique,node-c,0.3478,41.8203,0,206.2363,0.000744,9.3531,6.6687,13.7689,19.0702,25.0182,206.1436,206.0828,0.1445,0.009,197411.3206,158750.4541,cpu_stress,productcatalogservice,2026-06-09 16:25:00,2026-06-09 16:40:00,pre_fault,0.028333649,0
2026-06-09 16:22:55,175,EXP_FAULT_05,RUN_05,cpu_stress,1,cartservice,cart-f05-02,online-boutique,node-c,0.3658,42.2987,0,211.9597,0.001465,9.4268,7.0898,15.7225,17.3827,26.3019,211.7834,211.6491,0.2801,0.0305,192663.7434,173367.6878,cpu_stress,productcatalogservice,2026-06-09 16:25:00,2026-06-09 16:40:00,pre_fault,0.015308753,0
2026-06-09 16:23:00,180,EXP_FAULT_05,RUN_05,cpu_stress,1,cartservice,cart-f05-02,online-boutique,node-c,0.3764,42.0805,0,203.4304,0.00051,9.5353,6.8274,13.984,17.7099,26.4297,203.3697,203.3266,0.0566,0.0472,231793.9247,194192.3275,cpu_stress,productcatalogservice,2026-06-09 16:25:00,2026-06-09 16:40:00,pre_fault,0.41989368,0
2026-06-09 16:23:05,185,EXP_FAULT_05,RUN_05,cpu_stress,1,cartservice,cart-f05-02,online-boutique,node-c,0.3697,41.856,0,210.1399,0.000454,8.6562,6.1485,14.0423,15.1745,24.3916,210.093,210.0444,0.0749,0.0205,209412.8184,145074.245,cpu_stress,productcatalogservice,2026-06-09 16:25:00,2026-06-09 16:40:00,pre_fault,0.62620264,0
2026-06-09 16:23:10,190,EXP_FAULT_05,RUN_05,cpu_stress,1,cartservice,cart-f05-02,online-boutique,node-c,0.3718,41.9062,0,213.7544,0.000746,9.1954,7.2878,14.2781,18.27,22.8284,213.6424,213.5949,0.1394,0.0201,260112.5558,153794.6837,cpu_stress,productcatalogservice,2026-06-09 16:25:00,2026-06-09 16:40:00,pre_fault,0.2935442,0
2026-06-09 16:23:15,195,EXP_FAULT_05,RUN_05,cpu_stress,1,cartservice,cart-f05-02,online-boutique,node-c,0.3624,42.2867,0,207.6574,0.000991,9.6452,7.0835,15.7598,18.8736,24.8702,207.5443,207.4517,0.1531,0.0526,256258.0661,200452.0683,cpu_stress,productcatalogservice,2026-06-09 16:25:00,2026-06-09 16:40:00,pre_fault,0.010043986,0
2026-06-09 16:23:20,200,EXP_FAULT_05,RUN_05,cpu_stress,1,cartservice,cart-f05-02,online-boutique,node-c,0.3733,42.1572,0,209.5683,0.001086,10.1597,7.7136,14.9768,20.0205,26.7877,209.456,209.3406,0.1892,0.0384,224870.2343,166144.8867,cpu_stress,productcatalogservice,2026-06-09 16:25:00,2026-06-09 16:40:00,pre_fault,0.013823263,0
2026-06-09 16:23:25,205,EXP_FAULT_05,RUN_05,cpu_stress,1,cartservice,cart-f05-02,online-boutique,node-c,0.3854,42.0226,0,208.967,0.000595,8.9763,6.5725,13.9604,15.8414,21.241,208.8977,208.8426,0.0552,0.0692,188289.6384,201819.3602,cpu_stress,productcatalogservice,2026-06-09 16:25:00,2026-06-09 16:40:00,pre_fault,1.1923429,1
2026-06-09 16:23:30,210,EXP_FAULT_05,RUN_05,cpu_stress,1,cartservice,cart-f05-02,online-boutique,node-c,0.3668,41.7609,0,205.9167,0.001847,9.7044,6.9506,15.2119,19.5186,24.18,205.7245,205.5364,0.3175,0.0628,173979.2653,163628.8985,cpu_stress,productcatalogservice,2026-06-09 16:25:00,2026-06-09 16:40:00,pre_fault,0.019286001,0
2026-06-09 16:23:35,215,EXP_FAULT_05,RUN_05,cpu_stress,1,cartservice,cart-f05-02,online-boutique,node-c,0.3623,42.4628,0,209.4651,0.001343,8.8629,6.6443,13.3817,16.9321,24.6568,209.2789,209.1838,0.2139,0.0674,209781.0772,192197.8305,cpu_stress,productcatalogservice,2026-06-09 16:25:00,2026-06-09 16:40:00,pre_fault,0.07168544,0
2026-06-09 16:23:40,220,EXP_FAULT_05,RUN_05,cpu_stress,1,cartservice,cart-f05-02,online-boutique,node-c,0.3666,41.7204,0,203.2289,0.001241,9.6386,7.2142,14.7396,17.7875,25.3309,203.0882,202.9767,0.1964,0.0558,193983.701,171354.8775,cpu_stress,productcatalogservice,2026-06-09 16:25:00,2026-06-09 16:40:00,pre_fault,0.038045786,0
2026-06-09 16:23:45,225,EXP_FAULT_05,RUN_05,cpu_stress,1,cartservice,cart-f05-02,online-boutique,node-c,0.3689,42.9012,0,212.1182,0.0012,9.7153,7.0439,15.443,17.7365,25.6902,211.9274,211.8637,0.228,0.0265,211335.127,176693.9138,cpu_stress,productcatalogservice,2026-06-09 16:25:00,2026-06-09 16:40:00,pre_fault,0.027925503,0
2026-06-09 16:23:50,230,EXP_FAULT_05,RUN_05,cpu_stress,1,cartservice,cart-f05-02,online-boutique,node-c,0.3591,43.0282,0,207.3995,0.001796,9.9144,7.1577,14.9591,20.3035,25.4575,207.211,207.027,0.3106,0.0619,200115.6457,170827.8409,cpu_stress,productcatalogservice,2026-06-09 16:25:00,2026-06-09 16:40:00,pre_fault,0.110199645,0
2026-06-09 16:23:55,235,EXP_FAULT_05,RUN_05,cpu_stress,1,cartservice,cart-f05-02,online-boutique,node-c,0.3416,42.3445,0,210.1557,0.001117,9.4695,7.2641,15.5929,17.4897,24.8328,210.0038,209.9209,0.2283,0.0066,255029.3455,199714.4514,cpu_stress,productcatalogservice,2026-06-09 16:25:00,2026-06-09 16:40:00,pre_fault,0.24779193,0
2026-06-09 16:24:00,240,EXP_FAULT_05,RUN_05,cpu_stress,1,cartservice,cart-f05-02,online-boutique,node-c,0.3691,42.7429,0,203.5384,0.001338,10.2303,7.2173,14.9028,19.4635,27.1396,203.3514,203.266,0.2652,0.0072,236562.7509,149831.6555,cpu_stress,productcatalogservice,2026-06-09 16:25:00,2026-06-09 16:40:00,pre_fault,0.009345854,0
2026-06-09 16:24:05,245,EXP_FAULT_05,RUN_05,cpu_stress,1,cartservice,cart-f05-02,online-boutique,node-c,0.3477,42.0004,0,203.8761,0.00098,10.3289,7.2482,16.6768,18.2696,28.0901,203.7745,203.6762,0.1566,0.0433,243269.9242,203475.093,cpu_stress,productcatalogservice,2026-06-09 16:25:00,2026-06-09 16:40:00,pre_fault,0.37973753,0
2026-06-09 16:24:10,250,EXP_FAULT_05,RUN_05,cpu_stress,1,cartservice,cart-f05-02,online-boutique,node-c,0.3751,42.4675,0,202.4432,0.001324,10.8942,8.5062,18.4503,19.6381,28.4007,202.3033,202.1751,0.263,0.0051,196764.7652,152232.7206,cpu_stress,productcatalogservice,2026-06-09 16:25:00,2026-06-09 16:40:00,pre_fault,0.03619623,0
2026-06-09 16:24:15,255,EXP_FAULT_05,RUN_05,cpu_stress,1,cartservice,cart-f05-02,online-boutique,node-c,0.3654,42.3812,0,199.6022,0.00159,8.7313,6.7358,13.7046,15.7001,23.8461,199.3698,199.2848,0.2554,0.062,242592.5384,150611.7463,cpu_stress,productcatalogservice,2026-06-09 16:25:00,2026-06-09 16:40:00,pre_fault,0.1679648,0
2026-06-09 16:24:20,260,EXP_FAULT_05,RUN_05,cpu_stress,1,cartservice,cart-f05-02,online-boutique,node-c,0.3458,42.5238,0,196.5108,0.000707,9.8894,7.8559,15.0292,19.7143,26.2267,196.4384,196.3718,0.1124,0.0266,187823.883,149888.3336,cpu_stress,productcatalogservice,2026-06-09 16:25:00,2026-06-09 16:40:00,pre_fault,0.110092245,0
2026-06-09 16:24:25,265,EXP_FAULT_05,RUN_05,cpu_stress,1,cartservice,cart-f05-02,online-boutique,node-c,0.3504,41.751,0,195.0359,0.000455,9.3595,7.2022,15.5105,17.2748,24.7058,194.9931,194.9472,0.0866,0.0021,201558.4401,188200.6626,cpu_stress,productcatalogservice,2026-06-09 16:25:00,2026-06-09 16:40:00,pre_fault,0.009908649,0
2026-06-09 16:24:30,270,EXP_FAULT_05,RUN_05,cpu_stress,1,cartservice,cart-f05-02,online-boutique,node-c,0.3454,42.3568,0,194.3272,0.001352,9.5285,7.6308,15.2625,19.2513,25.4222,194.1759,194.0644,0.1955,0.0672,203559.4441,189478.1123,cpu_stress,productcatalogservice,2026-06-09 16:25:00,2026-06-09 16:40:00,pre_fault,0.12166164,0
2026-06-09 16:24:35,275,EXP_FAULT_05,RUN_05,cpu_stress,1,cartservice,cart-f05-02,online-boutique,node-c,0.358,42.212,0,191.0674,0.00064,8.4895,6.8533,13.6826,16.3954,20.8953,191.0112,190.9451,0.0913,0.031,190562.3889,156989.4573,cpu_stress,productcatalogservice,2026-06-09 16:25:00,2026-06-09 16:40:00,pre_fault,0.37527713,0
2026-06-09 16:24:40,280,EXP_FAULT_05,RUN_05,cpu_stress,1,cartservice,cart-f05-02,online-boutique,node-c,0.3445,42.1338,0,194.9455,0.001505,9.1045,7.3504,14.519,18.5679,24.3743,194.8345,194.6522,0.2632,0.0302,248946.591,148379.8658,cpu_stress,productcatalogservice,2026-06-09 16:25:00,2026-06-09 16:40:00,pre_fault,0.08446442,0
2026-06-09 16:24:45,285,EXP_FAULT_05,RUN_05,cpu_stress,1,cartservice,cart-f05-02,online-boutique,node-c,0.3234,41.9864,0,187.5559,0.001373,9.3259,6.5599,15.4947,18.1332,25.8101,187.4533,187.2984,0.2007,0.0568,217591.5841,188668.5743,cpu_stress,productcatalogservice,2026-06-09 16:25:00,2026-06-09 16:40:00,pre_fault,0.76716864,1
2026-06-09 16:24:50,290,EXP_FAULT_05,RUN_05,cpu_stress,1,cartservice,cart-f05-02,online-boutique,node-c,0.3401,41.7602,0,188.0278,0.001257,8.9324,6.8623,13.3391,16.7443,20.9989,187.8595,187.7914,0.1931,0.0432,206090.3941,186559.5711,cpu_stress,productcatalogservice,2026-06-09 16:25:00,2026-06-09 16:40:00,pre_fault,0.051796637,0
2026-06-09 16:24:55,295,EXP_FAULT_05,RUN_05,cpu_stress,1,cartservice,cart-f05-02,online-boutique,node-c,0.3226,42.2663,0,187.7663,0.000883,9.1138,6.9837,14.0191,17.1477,24.6953,187.66,187.6004,0.1227,0.0432,208025.0345,148580.4515,cpu_stress,productcatalogservice,2026-06-09 16:25:00,2026-06-09 16:40:00,pre_fault,0.46980754,0
2026-06-09 16:25:00,300,EXP_FAULT_05,RUN_05,cpu_stress,1,cartservice,cart-f05-02,online-boutique,node-c,0.375,42.6275,0,187.0627,0.00421,12.623,8.4743,25.3486,35.806,53.48,176.6411,186.2752,0.2847,0.5029,221578.9811,133264.7559,cpu_stress,productcatalogservice,2026-06-09 16:25:00,2026-06-09 16:40:00,during_fault,6.537337,1
2026-06-09 16:25:05,305,EXP_FAULT_05,RUN_05,cpu_stress,1,cartservice,cart-f05-02,online-boutique,node-c,0.3558,42.0181,0,188.456,0.003847,12.938,9.2554,23.7084,36.8069,56.6308,178.0034,187.731,0.1963,0.5287,161713.766,155468.0549,cpu_stress,productcatalogservice,2026-06-09 16:25:00,2026-06-09 16:40:00,during_fault,7.3068,1
2026-06-09 16:25:10,310,EXP_FAULT_05,RUN_05,cpu_stress,1,cartservice,cart-f05-02,online-boutique,node-c,0.3493,41.6547,0,190.7661,0.003019,11.2341,7.51,20.5224,28.7704,51.0245,180.317,190.1903,0.0985,0.4773,200429.9662,161086.9486,cpu_stress,productcatalogservice,2026-06-09 16:25:00,2026-06-09 16:40:00,during_fault,2.7697823,1
2026-06-09 16:25:15,315,EXP_FAULT_05,RUN_05,cpu_stress,1,cartservice,cart-f05-02,online-boutique,node-c,0.3514,41.7874,0,184.5602,0.003669,11.3962,7.9424,23.5736,29.5018,44.7129,174.5024,183.8831,0.2123,0.4649,183901.8666,127987.5843,cpu_stress,productcatalogservice,2026-06-09 16:25:00,2026-06-09 16:40:00,during_fault,4.443355,1
2026-06-09 16:25:20,320,EXP_FAULT_05,RUN_05,cpu_stress,1,cartservice,cart-f05-02,online-boutique,node-c,0.3619,41.7287,0,189.9625,0.003409,12.7613,9.3981,25.066,35.3544,55.2859,179.8038,189.3149,0.1552,0.4925,199866.6577,139061.2738,cpu_stress,productcatalogservice,2026-06-09 16:25:00,2026-06-09 16:40:00,during_fault,4.851739,1
2026-06-09 16:25:25,325,EXP_FAULT_05,RUN_05,cpu_stress,1,cartservice,cart-f05-02,online-boutique,node-c,0.3619,41.3486,0,182.7746,0.002851,12.1151,8.5717,24.4209,34.1609,53.1202,173.1964,182.2536,0.0511,0.4699,157166.7106,171997.6244,cpu_stress,productcatalogservice,2026-06-09 16:25:00,2026-06-09 16:40:00,during_fault,2.4576056,1
2026-06-09 16:25:30,330,EXP_FAULT_05,RUN_05,cpu_stress,1,cartservice,cart-f05-02,online-boutique,node-c,0.3531,41.5353,0,184.2665,0.003432,12.644,9.2509,24.9893,31.7109,51.9234,174.7461,183.6342,0.189,0.4433,191936.5514,152903.0403,cpu_stress,productcatalogservice,2026-06-09 16:25:00,2026-06-09 16:40:00,during_fault,5.359137,1
2026-06-09 16:25:35,335,EXP_FAULT_05,RUN_05,cpu_stress,1,cartservice,cart-f05-02,online-boutique,node-c,0.3399,42.386,0,187.3425,0.002862,12.9477,9.3183,23.7245,36.295,55.6141,177.9281,186.8064,0.1109,0.4252,163641.1286,123578.3369,cpu_stress,productcatalogservice,2026-06-09 16:25:00,2026-06-09 16:40:00,during_fault,6.2797127,1
2026-06-09 16:25:40,340,EXP_FAULT_05,RUN_05,cpu_stress,1,cartservice,cart-f05-02,online-boutique,node-c,0.3943,42.6559,0,191.7987,0.002775,12.8265,8.7375,22.9525,34.3603,51.0055,182.4084,191.2664,0.1068,0.4255,176412.1951,134834.3831,cpu_stress,productcatalogservice,2026-06-09 16:25:00,2026-06-09 16:40:00,during_fault,1.6216396,1
2026-06-09 16:25:45,345,EXP_FAULT_05,RUN_05,cpu_stress,1,cartservice,cart-f05-02,online-boutique,node-c,0.3465,41.7363,0,187.1889,0.003626,10.9672,8.3343,21.2115,28.5808,47.2585,178.2363,186.5102,0.2171,0.4616,168949.261,159129.2188,cpu_stress,productcatalogservice,2026-06-09 16:25:00,2026-06-09 16:40:00,during_fault,4.0631037,1
2026-06-09 16:25:50,350,EXP_FAULT_05,RUN_05,cpu_stress,1,cartservice,cart-f05-02,online-boutique,node-c,0.3856,42.4173,0,188.4524,0.002693,11.9467,8.8922,21.9536,31.7146,47.9448,179.7909,187.9449,0.0939,0.4137,164414.2586,171872.684,cpu_stress,productcatalogservice,2026-06-09 16:25:00,2026-06-09 16:40:00,during_fault,0.8120729,1
2026-06-09 16:25:55,355,EXP_FAULT_05,RUN_05,cpu_stress,1,cartservice,cart-f05-02,online-boutique,node-c,0.3564,41.9992,0,183.0664,0.002421,11.1396,8.0712,21.5875,29.0552,47.8685,174.9549,182.6232,0.0671,0.3761,182200.5529,150064.5596,cpu_stress,productcatalogservice,2026-06-09 16:25:00,2026-06-09 16:40:00,during_fault,0.96721953,1
2026-06-09 16:26:00,360,EXP_FAULT_05,RUN_05,cpu_stress,1,cartservice,cart-f05-02,online-boutique,node-c,0.3539,41.5515,0,193.3666,0.003096,10.7003,7.4434,19.2522,26.9112,44.0595,185.0174,192.7679,0.217,0.3817,168327.9191,189208.5856,cpu_stress,productcatalogservice,2026-06-09 16:25:00,2026-06-09 16:40:00,during_fault,2.1931653,1
2026-06-09 16:26:05,365,EXP_FAULT_05,RUN_05,cpu_stress,1,cartservice,cart-f05-02,online-boutique,node-c,0.3217,42.656,0,194.3753,0.002623,11.2036,8.4866,21.6092,28.6784,46.5655,186.354,193.8655,0.1335,0.3763,182581.5815,161826.6036,cpu_stress,productcatalogservice,2026-06-09 16:25:00,2026-06-09 16:40:00,during_fault,4.069102,1
2026-06-09 16:26:10,370,EXP_FAULT_05,RUN_05,cpu_stress,1,cartservice,cart-f05-02,online-boutique,node-c,0.3653,42.7921,0,198.4075,0.00302,11.5379,8.0706,21.6701,29.6257,43.6405,190.4862,197.8084,0.2101,0.389,198071.5507,133785.494,cpu_stress,productcatalogservice,2026-06-09 16:25:00,2026-06-09 16:40:00,during_fault,2.1766624,1
2026-06-09 16:26:15,375,EXP_FAULT_05,RUN_05,cpu_stress,1,cartservice,cart-f05-02,online-boutique,node-c,0.3484,42.1702,0,190.6444,0.003121,11.0913,7.6393,21.9274,26.9494,42.1786,183.3521,190.0495,0.2362,0.3587,173164.247,174241.1251,cpu_stress,productcatalogservice,2026-06-09 16:25:00,2026-06-09 16:40:00,during_fault,2.6477044,1
2026-06-09 16:26:20,380,EXP_FAULT_05,RUN_05,cpu_stress,1,cartservice,cart-f05-02,online-boutique,node-c,0.3317,41.2931,0,196.0339,0.002792,12.0643,9.3031,20.801,27.9542,41.597,188.852,195.4865,0.1842,0.3633,208725.5798,127866.819,cpu_stress,productcatalogservice,2026-06-09 16:25:00,2026-06-09 16:40:00,during_fault,5.6149106,1
2026-06-09 16:26:25,385,EXP_FAULT_05,RUN_05,cpu_stress,1,cartservice,cart-f05-02,online-boutique,node-c,0.3605,43.3816,0,194.984,0.001994,11.204,8.5511,20.6195,27.5341,43.6636,188.1762,194.5953,0.0811,0.3076,172807.4135,197393.1156,cpu_stress,productcatalogservice,2026-06-09 16:25:00,2026-06-09 16:40:00,during_fault,0.85543406,1
2026-06-09 16:26:30,390,EXP_FAULT_05,RUN_05,cpu_stress,1,cartservice,cart-f05-02,online-boutique,node-c,0.3407,42.3555,0,195.5674,0.002835,10.4888,8.1281,18.6444,25.7822,41.4574,188.9463,195.013,0.2342,0.3202,178977.4974,157542.6411,cpu_stress,productcatalogservice,2026-06-09 16:25:00,2026-06-09 16:40:00,during_fault,1.8727242,1
2026-06-09 16:26:35,395,EXP_FAULT_05,RUN_05,cpu_stress,1,cartservice,cart-f05-02,online-boutique,node-c,0.3582,42.5287,0,194.1898,0.002353,12.0568,8.4534,23.5004,31.2482,42.101,187.9051,193.733,0.1738,0.2831,179522.7575,187936.7903,cpu_stress,productcatalogservice,2026-06-09 16:25:00,2026-06-09 16:40:00,during_fault,2.1754336,1
2026-06-09 16:26:40,400,EXP_FAULT_05,RUN_05,cpu_stress,1,cartservice,cart-f05-02,online-boutique,node-c,0.37,41.2819,0,196.9428,0.002218,10.781,7.9882,18.3101,24.5383,41.599,190.7645,196.5059,0.1196,0.3172,178377.2579,179598.3042,cpu_stress,productcatalogservice,2026-06-09 16:25:00,2026-06-09 16:40:00,during_fault,0.38199896,0
2026-06-09 16:26:45,405,EXP_FAULT_05,RUN_05,cpu_stress,1,cartservice,cart-f05-02,online-boutique,node-c,0.3366,42.5596,0,197.5539,0.002486,11.6524,8.7296,19.3285,29.8047,43.1647,191.563,197.0628,0.179,0.3121,164367.012,131904.9493,cpu_stress,productcatalogservice,2026-06-09 16:25:00,2026-06-09 16:40:00,during_fault,3.4076939,1
2026-06-09 16:26:50,410,EXP_FAULT_05,RUN_05,cpu_stress,1,cartservice,cart-f05-02,online-boutique,node-c,0.3577,41.8868,0,195.4267,0.001803,11.2614,7.8192,20.9092,26.4443,42.9178,189.7053,195.0744,0.0496,0.3027,182450.1031,202688.4383,cpu_stress,productcatalogservice,2026-06-09 16:25:00,2026-06-09 16:40:00,during_fault,0.9857486,1
2026-06-09 16:26:55,415,EXP_FAULT_05,RUN_05,cpu_stress,1,cartservice,cart-f05-02,online-boutique,node-c,0.3488,42.4345,0,195.1315,0.002538,11.4264,8.387,20.8138,28.1731,37.8852,189.4595,194.6363,0.2224,0.2729,212383.5739,145071.1318,cpu_stress,productcatalogservice,2026-06-09 16:25:00,2026-06-09 16:40:00,during_fault,2.0533037,1
2026-06-09 16:27:00,420,EXP_FAULT_05,RUN_05,cpu_stress,1,cartservice,cart-f05-02,online-boutique,node-c,0.3433,41.9295,0,185.8428,0.001931,11.3535,8.2968,20.1589,25.6175,37.4449,180.5891,185.4839,0.0814,0.2775,196896.5073,162114.4652,cpu_stress,productcatalogservice,2026-06-09 16:25:00,2026-06-09 16:40:00,during_fault,1.77764,1
2026-06-09 16:27:05,425,EXP_FAULT_05,RUN_05,cpu_stress,1,cartservice,cart-f05-02,online-boutique,node-c,0.3686,42.1245,0,186.1435,0.002388,11.3508,7.6877,20.8366,27.0731,43.6712,180.908,185.6989,0.1934,0.2512,218410.8942,171308.7118,cpu_stress,productcatalogservice,2026-06-09 16:25:00,2026-06-09 16:40:00,during_fault,0.6190144,0
2026-06-09 16:27:10,430,EXP_FAULT_05,RUN_05,cpu_stress,1,cartservice,cart-f05-02,online-boutique,node-c,0.3449,42.3516,0,190.7818,0.002934,11.2217,8.2429,18.8909,24.8319,36.2468,185.3304,190.2219,0.285,0.2748,162574.6823,146555.4143,cpu_stress,productcatalogservice,2026-06-09 16:25:00,2026-06-09 16:40:00,during_fault,2.6054037,1
2026-06-09 16:27:15,435,EXP_FAULT_05,RUN_05,cpu_stress,1,cartservice,cart-f05-02,online-boutique,node-c,0.3607,43.361,0,187.7293,0.001705,9.7274,7.2774,18.5533,21.532,33.2821,182.5021,187.4093,0.0627,0.2573,208700.2775,180871.462,cpu_stress,productcatalogservice,2026-06-09 16:25:00,2026-06-09 16:40:00,during_fault,0.0063975737,0
2026-06-09 16:27:20,440,EXP_FAULT_05,RUN_05,cpu_stress,1,cartservice,cart-f05-02,online-boutique,node-c,0.3746,42.4207,0,192.0893,0.002497,10.9955,8.0588,19.3465,24.8189,42.6129,186.6011,191.6096,0.1941,0.2856,162279.8794,164145.7464,cpu_stress,productcatalogservice,2026-06-09 16:25:00,2026-06-09 16:40:00,during_fault,0.42488664,0
2026-06-09 16:27:25,445,EXP_FAULT_05,RUN_05,cpu_stress,1,cartservice,cart-f05-02,online-boutique,node-c,0.3555,42.8211,0,190.3634,0.002261,11.0098,7.7935,19.9365,24.1741,39.3597,184.8725,189.9329,0.1249,0.3056,225027.937,152049.0488,cpu_stress,productcatalogservice,2026-06-09 16:25:00,2026-06-09 16:40:00,during_fault,0.800687,1
2026-06-09 16:27:30,450,EXP_FAULT_05,RUN_05,cpu_stress,1,cartservice,cart-f05-02,online-boutique,node-c,0.35,41.268,0,188.5504,0.001975,10.9724,7.4449,19.2591,27.057,39.8134,183.0106,188.178,0.1118,0.2606,217275.4486,179779.2657,cpu_stress,productcatalogservice,2026-06-09 16:25:00,2026-06-09 16:40:00,during_fault,1.1418853,1
2026-06-09 16:27:35,455,EXP_FAULT_05,RUN_05,cpu_stress,1,cartservice,cart-f05-02,online-boutique,node-c,0.337,42.3163,0,190.1965,0.002451,11.2976,8.707,18.7512,29.0174,44.9796,184.3975,189.7303,0.1641,0.302,217306.3058,131409.1153,cpu_stress,productcatalogservice,2026-06-09 16:25:00,2026-06-09 16:40:00,during_fault,2.5359004,1
2026-06-09 16:27:40,460,EXP_FAULT_05,RUN_05,cpu_stress,1,cartservice,cart-f05-02,online-boutique,node-c,0.3671,41.2713,0,190.1852,0.002535,10.7272,8.1806,19.5023,25.2469,40.6454,184.1919,189.703,0.2066,0.2756,168985.8849,145818.4937,cpu_stress,productcatalogservice,2026-06-09 16:25:00,2026-06-09 16:40:00,during_fault,0.6733683,1
2026-06-09 16:27:45,465,EXP_FAULT_05,RUN_05,cpu_stress,1,cartservice,cart-f05-02,online-boutique,node-c,0.3491,41.3684,0,179.5835,0.002824,11.3279,7.9545,20.8852,28.8211,45.0097,173.7268,179.0763,0.2263,0.2808,153198.7213,152566.3722,cpu_stress,productcatalogservice,2026-06-09 16:25:00,2026-06-09 16:40:00,during_fault,2.1888204,1
2026-06-09 16:27:50,470,EXP_FAULT_05,RUN_05,cpu_stress,1,cartservice,cart-f05-02,online-boutique,node-c,0.3483,42.2789,0,182.3937,0.00304,12.1133,8.2264,20.3392,30.3728,46.5908,176.2298,181.8392,0.2253,0.3292,213299.0847,172003.5945,cpu_stress,productcatalogservice,2026-06-09 16:25:00,2026-06-09 16:40:00,during_fault,3.6490982,1
2026-06-09 16:27:55,475,EXP_FAULT_05,RUN_05,cpu_stress,1,cartservice,cart-f05-02,online-boutique,node-c,0.3367,42.2501,0,174.9463,0.002,9.7851,6.6518,19.1828,23.5017,40.1463,168.8641,174.5963,0.0625,0.2874,183517.0149,146759.6174,cpu_stress,productcatalogservice,2026-06-09 16:25:00,2026-06-09 16:40:00,during_fault,0.5328199,0
2026-06-09 16:28:00,480,EXP_FAULT_05,RUN_05,cpu_stress,1,cartservice,cart-f05-02,online-boutique,node-c,0.3556,41.9001,0,176.5739,0.003106,11.6472,8.06,20.6407,29.9306,43.2135,170.0829,176.0254,0.2362,0.3123,149126.3926,166613.7734,cpu_stress,productcatalogservice,2026-06-09 16:25:00,2026-06-09 16:40:00,during_fault,2.5167382,1
2026-06-09 16:28:05,485,EXP_FAULT_05,RUN_05,cpu_stress,1,cartservice,cart-f05-02,online-boutique,node-c,0.343,42.7048,0,183.6229,0.002037,10.3053,7.7697,18.4471,24.4408,36.9049,176.6829,183.2488,0.0501,0.324,164899.2631,137302.4774,cpu_stress,productcatalogservice,2026-06-09 16:25:00,2026-06-09 16:40:00,during_fault,0.6410419,1
2026-06-09 16:28:10,490,EXP_FAULT_05,RUN_05,cpu_stress,1,cartservice,cart-f05-02,online-boutique,node-c,0.3334,42.7081,0,177.5268,0.002273,10.3056,7.1224,18.6298,24.4759,41.6345,170.5302,177.1233,0.0804,0.3231,157577.5103,152014.8855,cpu_stress,productcatalogservice,2026-06-09 16:25:00,2026-06-09 16:40:00,during_fault,1.223229,1
2026-06-09 16:28:15,495,EXP_FAULT_05,RUN_05,cpu_stress,1,cartservice,cart-f05-02,online-boutique,node-c,0.3701,42.4348,0,178.8112,0.002819,11.9697,8.7198,21.3018,30.7661,49.2324,171.4449,178.3071,0.1635,0.3406,156341.7057,175000.5167,cpu_stress,productcatalogservice,2026-06-09 16:25:00,2026-06-09 16:40:00,during_fault,1.3929546,1
2026-06-09 16:28:20,500,EXP_FAULT_05,RUN_05,cpu_stress,1,cartservice,cart-f05-02,online-boutique,node-c,0.3603,41.7671,0,178.597,0.002738,11.3534,8.5638,19.7481,28.3069,44.8219,170.9231,178.1081,0.1126,0.3763,156770.2125,120721.8905,cpu_stress,productcatalogservice,2026-06-09 16:25:00,2026-06-09 16:40:00,during_fault,1.2893264,1
2026-06-09 16:28:25,505,EXP_FAULT_05,RUN_05,cpu_stress,1,cartservice,cart-f05-02,online-boutique,node-c,0.3639,41.8256,0,182.5558,0.003692,12.3082,8.1197,24.5149,30.4553,51.7076,174.298,181.8818,0.2882,0.3859,199674.2805,156436.96,cpu_stress,productcatalogservice,2026-06-09 16:25:00,2026-06-09 16:40:00,during_fault,4.76195,1
2026-06-09 16:28:30,510,EXP_FAULT_05,RUN_05,cpu_stress,1,cartservice,cart-f05-02,online-boutique,node-c,0.3355,41.2157,0,184.5017,0.002803,11.4209,7.7631,20.9443,31.7796,46.1197,176.0129,183.9845,0.0747,0.4425,158051.1596,165892.6686,cpu_stress,productcatalogservice,2026-06-09 16:25:00,2026-06-09 16:40:00,during_fault,3.5716062,1
2026-06-09 16:28:35,515,EXP_FAULT_05,RUN_05,cpu_stress,1,cartservice,cart-f05-02,online-boutique,node-c,0.336,40.5684,0,180.9854,0.002833,11.468,7.8613,22.9991,30.0562,42.5917,172.3874,180.4727,0.121,0.3917,220304.8127,135374.3487,cpu_stress,productcatalogservice,2026-06-09 16:25:00,2026-06-09 16:40:00,during_fault,3.9200165,1
2026-06-09 16:28:40,520,EXP_FAULT_05,RUN_05,cpu_stress,1,cartservice,cart-f05-02,online-boutique,node-c,0.3429,42.7471,0,188.7311,0.003647,12.1723,9.2598,24.5102,31.7892,49.6404,179.3862,188.0428,0.2421,0.4462,226243.4638,123445.7873,cpu_stress,productcatalogservice,2026-06-09 16:25:00,2026-06-09 16:40:00,during_fault,6.2792583,1
2026-06-09 16:28:45,525,EXP_FAULT_05,RUN_05,cpu_stress,1,cartservice,cart-f05-02,online-boutique,node-c,0.3308,41.5334,0,186.5232,0.002706,13.3805,9.9958,27.2738,36.9257,58.2456,177.1646,186.0185,0.0781,0.4266,226221.8421,145172.3866,cpu_stress,productcatalogservice,2026-06-09 16:25:00,2026-06-09 16:40:00,during_fault,8.983627,1
2026-06-09 16:28:50,530,EXP_FAULT_05,RUN_05,cpu_stress,1,cartservice,cart-f05-02,online-boutique,node-c,0.3622,41.8913,0,183.1197,0.00324,11.2249,7.3557,20.9063,28.4993,43.5222,173.6791,182.5264,0.1227,0.4706,219718.5941,154638.3257,cpu_stress,productcatalogservice,2026-06-09 16:25:00,2026-06-09 16:40:00,during_fault,2.383308,1
2026-06-09 16:28:55,535,EXP_FAULT_05,RUN_05,cpu_stress,1,cartservice,cart-f05-02,online-boutique,node-c,0.3614,42.4711,0,189.3423,0.003785,11.7421,8.1059,21.0431,32.2604,47.7179,179.3217,188.6256,0.2472,0.4695,202292.2984,125499.5158,cpu_stress,productcatalogservice,2026-06-09 16:25:00,2026-06-09 16:40:00,during_fault,4.7688284,1
2026-06-09 16:29:00,540,EXP_FAULT_05,RUN_05,cpu_stress,1,cartservice,cart-f05-02,online-boutique,node-c,0.3685,42.6086,0,187.9101,0.003193,12.6029,8.2382,25.162,32.5773,55.8214,177.882,187.3101,0.1121,0.4878,182809.4635,137382.9263,cpu_stress,productcatalogservice,2026-06-09 16:25:00,2026-06-09 16:40:00,during_fault,3.3120322,1
2026-06-09 16:29:05,545,EXP_FAULT_05,RUN_05,cpu_stress,1,cartservice,cart-f05-02,online-boutique,node-c,0.3477,40.966,0,188.6487,0.003323,12.9469,8.4423,25.5347,37.1171,52.9709,178.4323,188.0217,0.1464,0.4805,221946.8851,151622.7443,cpu_stress,productcatalogservice,2026-06-09 16:25:00,2026-06-09 16:40:00,during_fault,6.696354,1
2026-06-09 16:29:10,550,EXP_FAULT_05,RUN_05,cpu_stress,1,cartservice,cart-f05-02,online-boutique,node-c,0.3666,41.9748,0,188.1696,0.004093,12.1526,8.5795,23.8585,31.2607,53.7091,177.7497,187.3994,0.2769,0.4933,215134.3504,144341.8665,cpu_stress,productcatalogservice,2026-06-09 16:25:00,2026-06-09 16:40:00,during_fault,6.2575946,1
2026-06-09 16:29:15,555,EXP_FAULT_05,RUN_05,cpu_stress,1,cartservice,cart-f05-02,online-boutique,node-c,0.3594,42.5493,0,190.1678,0.00404,11.5211,8.3394,21.3272,33.3882,48.5346,179.5973,189.3996,0.2912,0.477,238327.5099,175823.4621,cpu_stress,productcatalogservice,2026-06-09 16:25:00,2026-06-09 16:40:00,during_fault,5.6913595,1
2026-06-09 16:29:20,560,EXP_FAULT_05,RUN_05,cpu_stress,1,cartservice,cart-f05-02,online-boutique,node-c,0.3615,41.7702,0,192.3792,0.003677,12.227,8.1656,25.0167,34.8082,48.1865,181.6721,191.6718,0.2243,0.483,210675.2273,136283.7498,cpu_stress,productcatalogservice,2026-06-09 16:25:00,2026-06-09 16:40:00,during_fault,5.2356024,1
2026-06-09 16:29:25,565,EXP_FAULT_05,RUN_05,cpu_stress,1,cartservice,cart-f05-02,online-boutique,node-c,0.3446,42.1676,0,194.1969,0.003617,12.6252,8.8267,24.6746,32.3479,50.0033,183.4087,193.4946,0.1858,0.5166,245211.6029,149860.0207,cpu_stress,productcatalogservice,2026-06-09 16:25:00,2026-06-09 16:40:00,during_fault,7.3238144,1
2026-06-09 16:29:30,570,EXP_FAULT_05,RUN_05,cpu_stress,1,cartservice,cart-f05-02,online-boutique,node-c,0.3525,43.1744,0,199.227,0.004184,13.4361,9.3075,24.6994,37.0778,56.9353,188.1297,198.3933,0.3174,0.5163,222604.5088,146963.5618,cpu_stress,productcatalogservice,2026-06-09 16:25:00,2026-06-09 16:40:00,during_fault,10.781325,1
2026-06-09 16:29:35,575,EXP_FAULT_05,RUN_05,cpu_stress,1,cartservice,cart-f05-02,online-boutique,node-c,0.371,42.2883,0,200.2562,0.004225,12.3358,8.8536,22.5497,35.2307,54.1341,189.2369,199.4101,0.2918,0.5543,188575.0827,173543.272,cpu_stress,productcatalogservice,2026-06-09 16:25:00,2026-06-09 16:40:00,during_fault,7.0271177,1
2026-06-09 16:29:40,580,EXP_FAULT_05,RUN_05,cpu_stress,1,cartservice,cart-f05-02,online-boutique,node-c,0.3602,43.2107,0,199.5991,0.004043,11.7092,8.0757,21.0314,32.899,51.2138,188.733,198.7922,0.2534,0.5535,250384.7429,169813.4961,cpu_stress,productcatalogservice,2026-06-09 16:25:00,2026-06-09 16:40:00,during_fault,6.347243,1
2026-06-09 16:29:45,585,EXP_FAULT_05,RUN_05,cpu_stress,1,cartservice,cart-f05-02,online-boutique,node-c,0.3535,42.8893,0,197.5302,0.003782,12.2705,8.1288,22.754,33.9577,48.2897,186.9251,196.7832,0.2108,0.5363,248348.8196,149248.0107,cpu_stress,productcatalogservice,2026-06-09 16:25:00,2026-06-09 16:40:00,during_fault,6.490607,1
2026-06-09 16:29:50,590,EXP_FAULT_05,RUN_05,cpu_stress,1,cartservice,cart-f05-02,online-boutique,node-c,0.3431,41.7597,0,198.6789,0.003895,12.6515,8.8732,23.04,31.3966,55.2876,188.132,197.9051,0.2742,0.4996,236501.9806,160837.8258,cpu_stress,productcatalogservice,2026-06-09 16:25:00,2026-06-09 16:40:00,during_fault,9.05282,1
2026-06-09 16:29:55,595,EXP_FAULT_05,RUN_05,cpu_stress,1,cartservice,cart-f05-02,online-boutique,node-c,0.3529,42.0919,0,201.7829,0.00338,11.6405,7.9139,20.8955,30.8991,50.5316,191.3502,201.1009,0.1885,0.4935,177177.0551,196067.545,cpu_stress,productcatalogservice,2026-06-09 16:25:00,2026-06-09 16:40:00,during_fault,4.311464,1
2026-06-09 16:30:00,600,EXP_FAULT_05,RUN_05,cpu_stress,1,cartservice,cart-f05-02,online-boutique,node-c,0.3581,41.963,0,196.8113,0.002916,11.917,8.5769,23.6941,30.5816,53.127,186.9355,196.2374,0.0759,0.4981,250652.121,142107.7848,cpu_stress,productcatalogservice,2026-06-09 16:25:00,2026-06-09 16:40:00,during_fault,2.8069568,1
2026-06-09 16:30:05,605,EXP_FAULT_05,RUN_05,cpu_stress,1,cartservice,cart-f05-02,online-boutique,node-c,0.3566,42.5653,0,201.9536,0.002842,11.9421,8.6184,22.2457,33.6738,45.4634,192.0576,201.3796,0.1218,0.4522,231648.0293,135050.5114,cpu_stress,productcatalogservice,2026-06-09 16:25:00,2026-06-09 16:40:00,during_fault,2.938466,1
2026-06-09 16:30:10,610,EXP_FAULT_05,RUN_05,cpu_stress,1,cartservice,cart-f05-02,online-boutique,node-c,0.3511,42.6749,0,199.7706,0.002669,11.6845,8.313,22.8168,29.1714,46.0945,190.2992,199.2373,0.0757,0.4575,221326.4583,197910.2289,cpu_stress,productcatalogservice,2026-06-09 16:25:00,2026-06-09 16:40:00,during_fault,2.5715947,1
2026-06-09 16:30:15,615,EXP_FAULT_05,RUN_05,cpu_stress,1,cartservice,cart-f05-02,online-boutique,node-c,0.3295,41.9347,0,204.7726,0.003623,12.263,8.1976,23.752,32.2236,52.9967,195.3048,204.0306,0.2811,0.4608,194690.7625,190625.4694,cpu_stress,productcatalogservice,2026-06-09 16:25:00,2026-06-09 16:40:00,during_fault,8.935705,1
2026-06-09 16:30:20,620,EXP_FAULT_05,RUN_05,cpu_stress,1,cartservice,cart-f05-02,online-boutique,node-c,0.3588,42.4564,0,197.0229,0.002419,11.2045,8.1375,21.1963,29.4427,47.7731,188.3003,196.5464,0.0596,0.4169,197841.9412,181864.2949,cpu_stress,productcatalogservice,2026-06-09 16:25:00,2026-06-09 16:40:00,during_fault,1.0950156,1
2026-06-09 16:30:25,625,EXP_FAULT_05,RUN_05,cpu_stress,1,cartservice,cart-f05-02,online-boutique,node-c,0.3504,41.9952,0,197.1609,0.00317,12.1934,8.8392,22.4612,33.6221,50.0238,188.6866,196.5358,0.2249,0.4002,239423.3998,183257.2787,cpu_stress,productcatalogservice,2026-06-09 16:25:00,2026-06-09 16:40:00,during_fault,4.5334787,1
2026-06-09 16:30:30,630,EXP_FAULT_05,RUN_05,cpu_stress,1,cartservice,cart-f05-02,online-boutique,node-c,0.3524,41.9322,0,193.5235,0.002289,12.6224,9.3219,24.7229,29.6516,48.6512,185.564,193.0806,0.0661,0.3768,198261.661,179085.4967,cpu_stress,productcatalogservice,2026-06-09 16:25:00,2026-06-09 16:40:00,during_fault,3.8667672,1
2026-06-09 16:30:35,635,EXP_FAULT_05,RUN_05,cpu_stress,1,cartservice,cart-f05-02,online-boutique,node-c,0.352,41.9251,0,191.2956,0.002783,12.3133,9.0157,24.0044,30.567,48.2163,183.7119,190.7632,0.1796,0.3528,236249.8203,172619.5138,cpu_stress,productcatalogservice,2026-06-09 16:25:00,2026-06-09 16:40:00,during_fault,3.5782402,1
2026-06-09 16:30:40,640,EXP_FAULT_05,RUN_05,cpu_stress,1,cartservice,cart-f05-02,online-boutique,node-c,0.3574,42.3545,0,198.2512,0.002635,11.1165,7.9831,19.6858,27.7321,42.2305,190.7042,197.7289,0.1638,0.3586,202716.3247,167495.4339,cpu_stress,productcatalogservice,2026-06-09 16:25:00,2026-06-09 16:40:00,during_fault,1.4204699,1
2026-06-09 16:30:45,645,EXP_FAULT_05,RUN_05,cpu_stress,1,cartservice,cart-f05-02,online-boutique,node-c,0.3614,41.6273,0,197.1738,0.002558,11.4078,7.8602,19.9163,29.8466,44.8369,189.9321,196.6694,0.1277,0.3768,164667.7776,198024.1671,cpu_stress,productcatalogservice,2026-06-09 16:25:00,2026-06-09 16:40:00,during_fault,1.4295465,1
2026-06-09 16:30:50,650,EXP_FAULT_05,RUN_05,cpu_stress,1,cartservice,cart-f05-02,online-boutique,node-c,0.3628,41.1801,0,191.4667,0.003053,10.1979,6.9081,19.1551,25.0042,40.1381,184.6993,190.8821,0.2762,0.3084,166426.9168,130840.2312,cpu_stress,productcatalogservice,2026-06-09 16:25:00,2026-06-09 16:40:00,during_fault,1.6011139,1
2026-06-09 16:30:55,655,EXP_FAULT_05,RUN_05,cpu_stress,1,cartservice,cart-f05-02,online-boutique,node-c,0.3584,42.3784,0,195.2629,0.002958,9.3046,7.2154,16.4117,23.9281,37.0034,188.6687,194.6854,0.2375,0.3401,233168.2474,130105.4582,cpu_stress,productcatalogservice,2026-06-09 16:25:00,2026-06-09 16:40:00,during_fault,0.54810137,0
2026-06-09 16:31:00,660,EXP_FAULT_05,RUN_05,cpu_stress,1,cartservice,cart-f05-02,online-boutique,node-c,0.3565,42.427,0,189.485,0.001975,11.4421,8.5499,19.8001,26.6106,45.505,183.3829,189.1107,0.0927,0.2816,194677.7903,158326.6162,cpu_stress,productcatalogservice,2026-06-09 16:25:00,2026-06-09 16:40:00,during_fault,1.105163,1
2026-06-09 16:31:05,665,EXP_FAULT_05,RUN_05,cpu_stress,1,cartservice,cart-f05-02,online-boutique,node-c,0.3528,43.1865,0,196.3313,0.003006,10.9002,8.0496,20.1601,27.4186,43.4871,190.1238,195.7411,0.2587,0.3315,226913.1034,157040.3239,cpu_stress,productcatalogservice,2026-06-09 16:25:00,2026-06-09 16:40:00,during_fault,1.9854586,1
2026-06-09 16:31:10,670,EXP_FAULT_05,RUN_05,cpu_stress,1,cartservice,cart-f05-02,online-boutique,node-c,0.3512,41.8551,0,193.3478,0.002212,11.3834,7.7228,20.022,29.1634,41.6147,187.4634,192.9201,0.1495,0.2782,231858.4611,196122.6125,cpu_stress,productcatalogservice,2026-06-09 16:25:00,2026-06-09 16:40:00,during_fault,1.6341318,1
2026-06-09 16:31:15,675,EXP_FAULT_05,RUN_05,cpu_stress,1,cartservice,cart-f05-02,online-boutique,node-c,0.3424,42.9727,0,196.5534,0.002714,10.9442,7.9781,18.3993,28.0483,41.3248,190.6802,196.0199,0.2686,0.2648,187003.3622,136262.8392,cpu_stress,productcatalogservice,2026-06-09 16:25:00,2026-06-09 16:40:00,during_fault,2.1159565,1
2026-06-09 16:31:20,680,EXP_FAULT_05,RUN_05,cpu_stress,1,cartservice,cart-f05-02,online-boutique,node-c,0.3775,42.0081,0,194.822,0.002631,11.085,7.4474,21.2116,24.2196,42.1968,189.1922,194.3094,0.2509,0.2617,182009.2781,182279.2586,cpu_stress,productcatalogservice,2026-06-09 16:25:00,2026-06-09 16:40:00,during_fault,0.6156356,0
2026-06-09 16:31:25,685,EXP_FAULT_05,RUN_05,cpu_stress,1,cartservice,cart-f05-02,online-boutique,node-c,0.3629,41.394,0,192.1117,0.002655,10.7645,8.1645,20.6904,26.7943,36.9557,186.5956,191.6017,0.2214,0.2886,187302.5242,185130.2677,cpu_stress,productcatalogservice,2026-06-09 16:25:00,2026-06-09 16:40:00,during_fault,1.016867,1
2026-06-09 16:31:30,690,EXP_FAULT_05,RUN_05,cpu_stress,1,cartservice,cart-f05-02,online-boutique,node-c,0.3446,42.1321,0,202.5444,0.001958,11.2971,8.8334,19.1779,26.1186,38.3322,196.8764,202.1478,0.1219,0.2748,194755.0656,201932.5281,cpu_stress,productcatalogservice,2026-06-09 16:25:00,2026-06-09 16:40:00,during_fault,1.9731052,1
2026-06-09 16:31:35,695,EXP_FAULT_05,RUN_05,cpu_stress,1,cartservice,cart-f05-02,online-boutique,node-c,0.3554,42.5823,0,199.2429,0.002653,10.2007,6.964,16.7633,23.5139,35.0516,193.6685,198.7144,0.2436,0.2849,198077.8752,163094.0119,cpu_stress,productcatalogservice,2026-06-09 16:25:00,2026-06-09 16:40:00,during_fault,0.7772001,1
2026-06-09 16:31:40,700,EXP_FAULT_05,RUN_05,cpu_stress,1,cartservice,cart-f05-02,online-boutique,node-c,0.3667,42.3685,0,196.063,0.002018,11.8174,8.3399,21.2627,29.5264,44.634,190.5772,195.6674,0.1044,0.2912,172301.6934,199918.1221,cpu_stress,productcatalogservice,2026-06-09 16:25:00,2026-06-09 16:40:00,during_fault,1.1987379,1
2026-06-09 16:31:45,705,EXP_FAULT_05,RUN_05,cpu_stress,1,cartservice,cart-f05-02,online-boutique,node-c,0.3574,41.5192,0,199.9758,0.00274,11.0453,8.2374,20.3609,27.6033,42.8984,194.2863,199.428,0.2307,0.3172,211630.7777,190582.5487,cpu_stress,productcatalogservice,2026-06-09 16:25:00,2026-06-09 16:40:00,during_fault,1.714317,1
2026-06-09 16:31:50,710,EXP_FAULT_05,RUN_05,cpu_stress,1,cartservice,cart-f05-02,online-boutique,node-c,0.3657,42.4728,0,203.6516,0.003105,10.8423,8.1398,19.5565,27.6986,39.6134,197.6536,203.0192,0.313,0.3194,220323.9168,167832.2443,cpu_stress,productcatalogservice,2026-06-09 16:25:00,2026-06-09 16:40:00,during_fault,1.9111252,1
2026-06-09 16:31:55,715,EXP_FAULT_05,RUN_05,cpu_stress,1,cartservice,cart-f05-02,online-boutique,node-c,0.3705,42.5927,0,203.1702,0.00211,11.7468,7.8867,22.6524,29.6826,38.4234,197.193,202.7415,0.0973,0.3314,245113.1915,139529.8434,cpu_stress,productcatalogservice,2026-06-09 16:25:00,2026-06-09 16:40:00,during_fault,1.0465673,1
2026-06-09 16:32:00,720,EXP_FAULT_05,RUN_05,cpu_stress,1,cartservice,cart-f05-02,online-boutique,node-c,0.3716,42.4405,0,202.9834,0.002208,10.5107,7.0519,17.5548,27.0773,39.4587,196.849,202.5351,0.1197,0.3286,233570.9398,150143.2448,cpu_stress,productcatalogservice,2026-06-09 16:25:00,2026-06-09 16:40:00,during_fault,0.17708199,0
2026-06-09 16:32:05,725,EXP_FAULT_05,RUN_05,cpu_stress,1,cartservice,cart-f05-02,online-boutique,node-c,0.371,43.2541,0,212.6459,0.001858,10.787,8.2713,19.527,26.7056,37.2404,206.0222,212.2507,0.0794,0.3157,247731.3867,208369.2153,cpu_stress,productcatalogservice,2026-06-09 16:25:00,2026-06-09 16:40:00,during_fault,0.26167208,0
2026-06-09 16:32:10,730,EXP_FAULT_05,RUN_05,cpu_stress,1,cartservice,cart-f05-02,online-boutique,node-c,0.3701,42.7884,0,208.4405,0.002021,11.6614,8.2294,20.3066,28.6343,45.4553,201.7168,208.0193,0.1041,0.317,243331.6252,205750.4892,cpu_stress,productcatalogservice,2026-06-09 16:25:00,2026-06-09 16:40:00,during_fault,0.935308,1
2026-06-09 16:32:15,735,EXP_FAULT_05,RUN_05,cpu_stress,1,cartservice,cart-f05-02,online-boutique,node-c,0.3718,42.883,0,214.8085,0.002852,10.9719,7.5113,19.4455,27.7132,38.6462,207.5322,214.1959,0.2764,0.3363,197793.5462,169475.3613,cpu_stress,productcatalogservice,2026-06-09 16:25:00,2026-06-09 16:40:00,during_fault,1.5111554,1
2026-06-09 16:32:20,740,EXP_FAULT_05,RUN_05,cpu_stress,1,cartservice,cart-f05-02,online-boutique,node-c,0.3554,41.8927,0,223.1759,0.003406,10.9381,8.2041,20.6721,27.7232,41.3221,215.2657,222.4156,0.3525,0.4077,263731.4564,227887.5194,cpu_stress,productcatalogservice,2026-06-09 16:25:00,2026-06-09 16:40:00,during_fault,3.9867382,1
2026-06-09 16:32:25,745,EXP_FAULT_05,RUN_05,cpu_stress,1,cartservice,cart-f05-02,online-boutique,node-c,0.365,42.3256,0,219.3041,0.002668,11.604,8.1715,22.5679,27.5106,48.2444,211.2988,218.7191,0.2088,0.3763,192101.8538,178460.2165,cpu_stress,productcatalogservice,2026-06-09 16:25:00,2026-06-09 16:40:00,during_fault,2.2387154,1
2026-06-09 16:32:30,750,EXP_FAULT_05,RUN_05,cpu_stress,1,cartservice,cart-f05-02,online-boutique,node-c,0.3385,43.2862,0,216.7298,0.002154,12.0679,9.0383,21.4144,28.4007,42.4417,208.5349,216.2629,0.0801,0.3868,214903.1584,152387.0714,cpu_stress,productcatalogservice,2026-06-09 16:25:00,2026-06-09 16:40:00,during_fault,4.275346,1
2026-06-09 16:32:35,755,EXP_FAULT_05,RUN_05,cpu_stress,1,cartservice,cart-f05-02,online-boutique,node-c,0.3787,42.6689,0,215.6764,0.003316,11.783,8.0652,22.8089,29.2718,46.121,207.0072,214.9612,0.3091,0.4061,245835.8397,160360.5064,cpu_stress,productcatalogservice,2026-06-09 16:25:00,2026-06-09 16:40:00,during_fault,2.935848,1
2026-06-09 16:32:40,760,EXP_FAULT_05,RUN_05,cpu_stress,1,cartservice,cart-f05-02,online-boutique,node-c,0.3637,42.3513,0,210.6332,0.003308,11.5697,8.8099,21.4777,29.4957,48.7075,201.8482,209.9364,0.2596,0.4372,222145.7493,146208.7655,cpu_stress,productcatalogservice,2026-06-09 16:25:00,2026-06-09 16:40:00,during_fault,3.4395664,1
2026-06-09 16:32:45,765,EXP_FAULT_05,RUN_05,cpu_stress,1,cartservice,cart-f05-02,online-boutique,node-c,0.37,41.7973,0,220.6385,0.002534,12.2623,9.2173,22.6226,32.2532,48.1063,211.1847,220.0793,0.0981,0.4611,260206.5611,207055.7831,cpu_stress,productcatalogservice,2026-06-09 16:25:00,2026-06-09 16:40:00,during_fault,2.7377744,1
2026-06-09 16:32:50,770,EXP_FAULT_05,RUN_05,cpu_stress,1,cartservice,cart-f05-02,online-boutique,node-c,0.3498,42.1563,0,221.0598,0.003782,13.0923,8.9878,25.6871,35.8159,55.4742,211.0679,220.2236,0.33,0.5061,234433.7936,178538.3993,cpu_stress,productcatalogservice,2026-06-09 16:25:00,2026-06-09 16:40:00,during_fault,9.8207035,1
2026-06-09 16:32:55,775,EXP_FAULT_05,RUN_05,cpu_stress,1,cartservice,cart-f05-02,online-boutique,node-c,0.367,41.7227,0,220.9117,0.003809,11.4493,7.9549,20.9448,30.292,42.8499,210.6469,220.0704,0.3298,0.5115,236967.9866,166233.483,cpu_stress,productcatalogservice,2026-06-09 16:25:00,2026-06-09 16:40:00,during_fault,5.399947,1
2026-06-09 16:33:00,780,EXP_FAULT_05,RUN_05,cpu_stress,1,cartservice,cart-f05-02,online-boutique,node-c,0.3465,41.8261,0,222.9847,0.002876,12.1618,9.1299,22.3438,32.4014,45.3447,212.3742,222.3433,0.1419,0.4995,197602.0025,155291.5995,cpu_stress,productcatalogservice,2026-06-09 16:25:00,2026-06-09 16:40:00,during_fault,5.3301764,1
2026-06-09 16:33:05,785,EXP_FAULT_05,RUN_05,cpu_stress,1,cartservice,cart-f05-02,online-boutique,node-c,0.363,42.3809,0,221.5064,0.003814,13.0309,9.1411,24.6522,34.0204,56.4715,210.5684,220.6615,0.3537,0.4913,185843.6871,156392.823,cpu_stress,productcatalogservice,2026-06-09 16:25:00,2026-06-09 16:40:00,during_fault,8.162053,1
2026-06-09 16:33:10,790,EXP_FAULT_05,RUN_05,cpu_stress,1,cartservice,cart-f05-02,online-boutique,node-c,0.3671,41.5247,0,215.1815,0.003298,12.3738,8.9141,24.0787,31.1226,46.9624,204.3486,214.4718,0.1901,0.5196,194370.275,151711.3232,cpu_stress,productcatalogservice,2026-06-09 16:25:00,2026-06-09 16:40:00,during_fault,4.3210974,1
2026-06-09 16:33:15,795,EXP_FAULT_05,RUN_05,cpu_stress,1,cartservice,cart-f05-02,online-boutique,node-c,0.3647,43.3336,0,224.5954,0.003181,12.8159,9.3594,25.4924,36.543,53.4578,213.0119,223.8809,0.142,0.5725,285134.4574,176826.9755,cpu_stress,productcatalogservice,2026-06-09 16:25:00,2026-06-09 16:40:00,during_fault,5.8958974,1
2026-06-09 16:33:20,800,EXP_FAULT_05,RUN_05,cpu_stress,1,cartservice,cart-f05-02,online-boutique,node-c,0.3659,41.6664,0,216.2007,0.002946,12.5924,8.6697,23.8127,34.3942,55.8098,204.8437,215.5638,0.0604,0.5765,192082.2769,150763.3258,cpu_stress,productcatalogservice,2026-06-09 16:25:00,2026-06-09 16:40:00,during_fault,4.07244,1
2026-06-09 16:33:25,805,EXP_FAULT_05,RUN_05,cpu_stress,1,cartservice,cart-f05-02,online-boutique,node-c,0.3615,42.7633,0,217.7366,0.00304,12.0612,8.5407,22.7924,31.5946,47.772,206.0901,217.0746,0.1308,0.5312,203746.8738,218106.6293,cpu_stress,productcatalogservice,2026-06-09 16:25:00,2026-06-09 16:40:00,during_fault,3.9060454,1
2026-06-09 16:33:30,810,EXP_FAULT_05,RUN_05,cpu_stress,1,cartservice,cart-f05-02,online-boutique,node-c,0.3642,41.9216,0,211.5005,0.00386,12.4735,8.2062,25.4781,32.507,57.2918,199.9107,210.6841,0.2856,0.5308,173492.5759,145008.7141,cpu_stress,productcatalogservice,2026-06-09 16:25:00,2026-06-09 16:40:00,during_fault,6.6427293,1
2026-06-09 16:33:35,815,EXP_FAULT_05,RUN_05,cpu_stress,1,cartservice,cart-f05-02,online-boutique,node-c,0.3778,41.664,0,219.3218,0.003909,12.3969,8.428,22.4001,31.2632,54.9058,207.2197,218.4645,0.2494,0.6079,204667.0115,177958.7348,cpu_stress,productcatalogservice,2026-06-09 16:25:00,2026-06-09 16:40:00,during_fault,5.7135043,1
2026-06-09 16:33:40,820,EXP_FAULT_05,RUN_05,cpu_stress,1,cartservice,cart-f05-02,online-boutique,node-c,0.3583,42.3724,0,213.3789,0.003085,13.2866,9.618,24.9411,37.2517,62.3474,201.6182,212.7207,0.0828,0.5755,227566.9105,170030.5087,cpu_stress,productcatalogservice,2026-06-09 16:25:00,2026-06-09 16:40:00,during_fault,6.564695,1
2026-06-09 16:33:45,825,EXP_FAULT_05,RUN_05,cpu_stress,1,cartservice,cart-f05-02,online-boutique,node-c,0.3877,42.2412,0,221.4575,0.003091,12.402,9.0236,25.1786,36.1822,49.9788,209.2,220.773,0.1024,0.5821,229973.7687,188021.1552,cpu_stress,productcatalogservice,2026-06-09 16:25:00,2026-06-09 16:40:00,during_fault,2.68279,1
2026-06-09 16:33:50,830,EXP_FAULT_05,RUN_05,cpu_stress,1,cartservice,cart-f05-02,online-boutique,node-c,0.3637,42.4169,0,221.5457,0.003046,12.1329,8.5474,21.8095,35.06,53.1961,209.3113,220.8709,0.0632,0.6115,267001.8486,159938.861,cpu_stress,productcatalogservice,2026-06-09 16:25:00,2026-06-09 16:40:00,during_fault,3.9929185,1
2026-06-09 16:33:55,835,EXP_FAULT_05,RUN_05,cpu_stress,1,cartservice,cart-f05-02,online-boutique,node-c,0.3583,41.675,0,215.5109,0.002949,12.2865,8.9835,23.551,32.8964,57.7387,203.646,214.8754,0.065,0.5705,247355.0269,145201.2388,cpu_stress,productcatalogservice,2026-06-09 16:25:00,2026-06-09 16:40:00,during_fault,4.1718225,1
2026-06-09 16:34:00,840,EXP_FAULT_05,RUN_05,cpu_stress,1,cartservice,cart-f05-02,online-boutique,node-c,0.3626,42.2707,0,215.9225,0.003121,12.1017,8.1778,24.9544,31.9001,52.9162,204.1112,215.2485,0.0825,0.5915,267607.1714,173620.9688,cpu_stress,productcatalogservice,2026-06-09 16:25:00,2026-06-09 16:40:00,during_fault,3.982251,1
2026-06-09 16:34:05,845,EXP_FAULT_05,RUN_05,cpu_stress,1,cartservice,cart-f05-02,online-boutique,node-c,0.3711,42.6088,0,215.8431,0.004003,12.0829,8.1022,22.762,32.3779,47.736,204.023,214.979,0.3176,0.5465,225321.4825,172024.65,cpu_stress,productcatalogservice,2026-06-09 16:25:00,2026-06-09 16:40:00,during_fault,6.40627,1
2026-06-09 16:34:10,850,EXP_FAULT_05,RUN_05,cpu_stress,1,cartservice,cart-f05-02,online-boutique,node-c,0.3451,42.2712,0,206.6284,0.004121,11.6332,8.1764,21.6254,33.1078,50.2103,195.4099,205.7768,0.3215,0.5301,260972.6183,134953.4198,cpu_stress,productcatalogservice,2026-06-09 16:25:00,2026-06-09 16:40:00,during_fault,8.173331,1
2026-06-09 16:34:15,855,EXP_FAULT_05,RUN_05,cpu_stress,1,cartservice,cart-f05-02,online-boutique,node-c,0.3574,42.505,0,210.6431,0.004012,11.7946,8.5177,22.6971,32.0459,52.27,199.5252,209.798,0.3289,0.5163,187266.9629,202506.2894,cpu_stress,productcatalogservice,2026-06-09 16:25:00,2026-06-09 16:40:00,during_fault,7.0246606,1
2026-06-09 16:34:20,860,EXP_FAULT_05,RUN_05,cpu_stress,1,cartservice,cart-f05-02,online-boutique,node-c,0.3412,42.3212,0,209.3482,0.002907,12.7637,9.6955,23.1804,34.7642,57.038,198.5817,208.7397,0.0542,0.5543,193884.5713,149883.7395,cpu_stress,productcatalogservice,2026-06-09 16:25:00,2026-06-09 16:40:00,during_fault,6.6292586,1
2026-06-09 16:34:25,865,EXP_FAULT_05,RUN_05,cpu_stress,1,cartservice,cart-f05-02,online-boutique,node-c,0.3627,42.2922,0,201.4193,0.003411,11.3726,8.1691,22.8156,31.2107,45.7553,191.2802,200.7323,0.2071,0.4799,227487.3827,144379.2163,cpu_stress,productcatalogservice,2026-06-09 16:25:00,2026-06-09 16:40:00,during_fault,3.333303,1
2026-06-09 16:34:30,870,EXP_FAULT_05,RUN_05,cpu_stress,1,cartservice,cart-f05-02,online-boutique,node-c,0.3691,42.4684,0,214.0753,0.003764,13.0674,8.794,24.9811,36.2932,52.4371,203.4822,213.2694,0.2974,0.5084,194979.1413,210837.5839,cpu_stress,productcatalogservice,2026-06-09 16:25:00,2026-06-09 16:40:00,during_fault,7.0402055,1
2026-06-09 16:34:35,875,EXP_FAULT_05,RUN_05,cpu_stress,1,cartservice,cart-f05-02,online-boutique,node-c,0.3657,42.0686,0,203.8376,0.003852,11.8811,8.7115,23.4988,31.7213,46.4691,194.0276,203.0525,0.3245,0.4606,196646.3606,147799.4268,cpu_stress,productcatalogservice,2026-06-09 16:25:00,2026-06-09 16:40:00,during_fault,5.4233246,1
2026-06-09 16:34:40,880,EXP_FAULT_05,RUN_05,cpu_stress,1,cartservice,cart-f05-02,online-boutique,node-c,0.3583,42.2181,0,212.7095,0.002694,11.2173,8.296,22.7034,31.2747,43.334,202.9106,212.1363,0.0583,0.5148,261653.9967,204627.1905,cpu_stress,productcatalogservice,2026-06-09 16:25:00,2026-06-09 16:40:00,during_fault,1.9884857,1
2026-06-09 16:34:45,885,EXP_FAULT_05,RUN_05,cpu_stress,1,cartservice,cart-f05-02,online-boutique,node-c,0.3529,41.8375,0,213.3744,0.003808,12.0269,8.6026,20.9652,31.7714,51.4576,203.8173,212.5619,0.3287,0.4838,222249.7038,220972.1307,cpu_stress,productcatalogservice,2026-06-09 16:25:00,2026-06-09 16:40:00,during_fault,7.013251,1
2026-06-09 16:34:50,890,EXP_FAULT_05,RUN_05,cpu_stress,1,cartservice,cart-f05-02,online-boutique,node-c,0.3597,42.1309,0,212.396,0.002483,10.9175,7.3395,20.9813,25.8483,40.0143,203.3201,211.8687,0.0783,0.449,195200.112,215753.0593,cpu_stress,productcatalogservice,2026-06-09 16:25:00,2026-06-09 16:40:00,during_fault,1.276067,1
2026-06-09 16:34:55,895,EXP_FAULT_05,RUN_05,cpu_stress,1,cartservice,cart-f05-02,online-boutique,node-c,0.3438,42.411,0,211.4514,0.003548,12.2311,8.6295,24.3795,31.9964,52.7426,202.5648,210.7011,0.3026,0.4477,200562.8495,163861.1886,cpu_stress,productcatalogservice,2026-06-09 16:25:00,2026-06-09 16:40:00,during_fault,7.175325,1
2026-06-09 16:35:00,900,EXP_FAULT_05,RUN_05,cpu_stress,1,cartservice,cart-f05-02,online-boutique,node-c,0.3464,42.394,0,207.9163,0.003377,12.0811,7.9757,22.958,29.9479,49.4669,199.6299,207.2143,0.3001,0.4019,227169.7796,148186.1146,cpu_stress,productcatalogservice,2026-06-09 16:25:00,2026-06-09 16:40:00,during_fault,5.7813325,1
2026-06-09 16:35:05,905,EXP_FAULT_05,RUN_05,cpu_stress,1,cartservice,cart-f05-02,online-boutique,node-c,0.3637,42.2232,0,211.6403,0.003182,11.2758,8.649,20.9004,27.1915,42.2715,203.5182,210.9669,0.2492,0.4242,244433.8497,198497.7036,cpu_stress,productcatalogservice,2026-06-09 16:25:00,2026-06-09 16:40:00,during_fault,2.7749166,1
2026-06-09 16:35:10,910,EXP_FAULT_05,RUN_05,cpu_stress,1,cartservice,cart-f05-02,online-boutique,node-c,0.3635,42.8266,0,216.0842,0.002803,11.9083,7.9247,21.8285,29.4218,44.2409,208.1791,215.4785,0.2304,0.3753,178057.3192,193481.4821,cpu_stress,productcatalogservice,2026-06-09 16:25:00,2026-06-09 16:40:00,during_fault,2.9262824,1
2026-06-09 16:35:15,915,EXP_FAULT_05,RUN_05,cpu_stress,1,cartservice,cart-f05-02,online-boutique,node-c,0.3625,42.1405,0,214.7862,0.002556,11.4324,8.1905,22.1553,26.4001,39.79,207.2324,214.2371,0.1869,0.3622,234388.6951,139696.3841,cpu_stress,productcatalogservice,2026-06-09 16:25:00,2026-06-09 16:40:00,during_fault,1.8233488,1
2026-06-09 16:35:20,920,EXP_FAULT_05,RUN_05,cpu_stress,1,cartservice,cart-f05-02,online-boutique,node-c,0.3633,42.7615,0,213.9939,0.002454,11.38,8.1975,19.9637,27.4302,39.2463,206.8042,213.4688,0.1987,0.3264,254688.5011,203628.5332,cpu_stress,productcatalogservice,2026-06-09 16:25:00,2026-06-09 16:40:00,during_fault,1.5441791,1
2026-06-09 16:35:25,925,EXP_FAULT_05,RUN_05,cpu_stress,1,cartservice,cart-f05-02,online-boutique,node-c,0.3633,41.4078,0,213.2501,0.00298,11.1028,7.8545,20.2569,27.9254,40.4761,206.292,212.6146,0.2827,0.3529,232381.0693,218439.423,cpu_stress,productcatalogservice,2026-06-09 16:25:00,2026-06-09 16:40:00,during_fault,2.248156,1
2026-06-09 16:35:30,930,EXP_FAULT_05,RUN_05,cpu_stress,1,cartservice,cart-f05-02,online-boutique,node-c,0.3636,41.8429,0,216.034,0.002125,11.9363,8.1434,21.6113,29.8664,43.4813,209.275,215.5749,0.1217,0.3374,233249.792,219733.6777,cpu_stress,productcatalogservice,2026-06-09 16:25:00,2026-06-09 16:40:00,during_fault,2.0903177,1
2026-06-09 16:35:35,935,EXP_FAULT_05,RUN_05,cpu_stress,1,cartservice,cart-f05-02,online-boutique,node-c,0.347,42.7342,0,216.5115,0.002295,11.2668,7.5803,19.9287,26.2138,42.5879,209.9374,216.0147,0.162,0.3349,196906.8987,149108.4903,cpu_stress,productcatalogservice,2026-06-09 16:25:00,2026-06-09 16:40:00,during_fault,2.2738962,1
2026-06-09 16:35:40,940,EXP_FAULT_05,RUN_05,cpu_stress,1,cartservice,cart-f05-02,online-boutique,node-c,0.3616,42.6527,0,211.9716,0.002204,10.4071,8.083,18.0264,24.7818,34.8328,205.725,211.5046,0.1578,0.3093,201780.4799,176023.7196,cpu_stress,productcatalogservice,2026-06-09 16:25:00,2026-06-09 16:40:00,during_fault,0.47489858,0
2026-06-09 16:35:45,945,EXP_FAULT_05,RUN_05,cpu_stress,1,cartservice,cart-f05-02,online-boutique,node-c,0.3404,41.1472,0,217.847,0.00249,10.8049,7.5925,17.9223,26.4431,36.3716,211.4867,217.3047,0.2017,0.3407,276235.0904,167003.9425,cpu_stress,productcatalogservice,2026-06-09 16:25:00,2026-06-09 16:40:00,during_fault,2.684885,1
2026-06-09 16:35:50,950,EXP_FAULT_05,RUN_05,cpu_stress,1,cartservice,cart-f05-02,online-boutique,node-c,0.3671,41.7635,0,215.6125,0.001671,11.3042,8.0291,20.6751,26.0717,36.9339,209.5537,215.2521,0.0704,0.29,253282.0139,222023.6423,cpu_stress,productcatalogservice,2026-06-09 16:25:00,2026-06-09 16:40:00,during_fault,0.7937745,1
2026-06-09 16:35:55,955,EXP_FAULT_05,RUN_05,cpu_stress,1,cartservice,cart-f05-02,online-boutique,node-c,0.352,41.603,0,214.0049,0.002012,11.8365,9.0532,22.3006,28.5931,38.3676,208.0196,213.5744,0.1484,0.2821,235126.2284,194460.4439,cpu_stress,productcatalogservice,2026-06-09 16:25:00,2026-06-09 16:40:00,during_fault,2.784645,1
2026-06-09 16:36:00,960,EXP_FAULT_05,RUN_05,cpu_stress,1,cartservice,cart-f05-02,online-boutique,node-c,0.3698,41.8267,0,215.6758,0.001837,11.5774,8.1309,19.2158,26.8475,42.2939,209.6756,215.2796,0.1131,0.2832,246166.1932,219805.7547,cpu_stress,productcatalogservice,2026-06-09 16:25:00,2026-06-09 16:40:00,during_fault,1.028422,1
2026-06-09 16:36:05,965,EXP_FAULT_05,RUN_05,cpu_stress,1,cartservice,cart-f05-02,online-boutique,node-c,0.3603,42.0553,0,210.4176,0.002056,11.1067,7.9865,19.723,25.0523,35.9258,204.5493,209.985,0.1346,0.298,217022.0672,176674.7822,cpu_stress,productcatalogservice,2026-06-09 16:25:00,2026-06-09 16:40:00,during_fault,0.962982,1
2026-06-09 16:36:10,970,EXP_FAULT_05,RUN_05,cpu_stress,1,cartservice,cart-f05-02,online-boutique,node-c,0.3415,41.9094,0,210.3419,0.002488,10.6455,7.3346,18.4678,24.6172,39.2117,204.3178,209.8185,0.1912,0.3322,250475.3319,200208.2087,cpu_stress,productcatalogservice,2026-06-09 16:25:00,2026-06-09 16:40:00,during_fault,1.9413576,1
2026-06-09 16:36:15,975,EXP_FAULT_05,RUN_05,cpu_stress,1,cartservice,cart-f05-02,online-boutique,node-c,0.3554,43.1544,0,214.0919,0.001973,11.8428,8.0229,20.9492,25.899,41.6367,207.94,213.6695,0.1213,0.3011,242716.1293,192444.6644,cpu_stress,productcatalogservice,2026-06-09 16:25:00,2026-06-09 16:40:00,during_fault,2.0704293,1
2026-06-09 16:36:20,980,EXP_FAULT_05,RUN_05,cpu_stress,1,cartservice,cart-f05-02,online-boutique,node-c,0.3613,41.8169,0,216.8228,0.002385,10.7006,8.3373,20.5985,26.82,36.7404,210.4447,216.3057,0.2042,0.3128,232495.6943,161645.833,cpu_stress,productcatalogservice,2026-06-09 16:25:00,2026-06-09 16:40:00,during_fault,1.0032837,1
2026-06-09 16:36:25,985,EXP_FAULT_05,RUN_05,cpu_stress,1,cartservice,cart-f05-02,online-boutique,node-c,0.3858,42.857,0,209.0456,0.002735,10.2384,7.0226,19.3783,26.0332,40.3895,202.6983,208.4738,0.2524,0.3194,185091.9054,214693.6888,cpu_stress,productcatalogservice,2026-06-09 16:25:00,2026-06-09 16:40:00,during_fault,0.6403395,1
2026-06-09 16:36:30,990,EXP_FAULT_05,RUN_05,cpu_stress,1,cartservice,cart-f05-02,online-boutique,node-c,0.3849,42.4071,0,206.2443,0.00302,12.1009,9.0514,22.0235,30.8442,41.4637,199.7637,205.6215,0.3087,0.3141,235341.9206,183790.5176,cpu_stress,productcatalogservice,2026-06-09 16:25:00,2026-06-09 16:40:00,during_fault,1.9233942,1
2026-06-09 16:36:35,995,EXP_FAULT_05,RUN_05,cpu_stress,1,cartservice,cart-f05-02,online-boutique,node-c,0.3506,42.278,0,196.3556,0.00287,11.5216,8.8303,21.3313,29.0232,43.4014,189.9099,195.7919,0.2245,0.3391,182988.6697,129351.063,cpu_stress,productcatalogservice,2026-06-09 16:25:00,2026-06-09 16:40:00,during_fault,2.7156644,1
2026-06-09 16:36:40,1000,EXP_FAULT_05,RUN_05,cpu_stress,1,cartservice,cart-f05-02,online-boutique,node-c,0.3624,42.8055,0,205.3176,0.002959,11.4256,8.7089,19.7708,29.261,41.3849,198.2985,204.71,0.2562,0.3514,256459.415,186977.9497,cpu_stress,productcatalogservice,2026-06-09 16:25:00,2026-06-09 16:40:00,during_fault,2.286576,1
2026-06-09 16:36:45,1005,EXP_FAULT_05,RUN_05,cpu_stress,1,cartservice,cart-f05-02,online-boutique,node-c,0.3577,43.1415,0,199.2854,0.002563,11.8301,8.8858,20.5381,28.3315,46.357,192.255,198.7746,0.1602,0.3507,207928.2333,163821.1544,cpu_stress,productcatalogservice,2026-06-09 16:25:00,2026-06-09 16:40:00,during_fault,2.1471946,1
2026-06-09 16:36:50,1010,EXP_FAULT_05,RUN_05,cpu_stress,1,cartservice,cart-f05-02,online-boutique,node-c,0.3586,42.8464,0,193.2834,0.0035,11.1092,7.6048,19.6218,28.2963,41.1186,186.141,192.6069,0.2977,0.3788,193247.1883,173701.0618,cpu_stress,productcatalogservice,2026-06-09 16:25:00,2026-06-09 16:40:00,during_fault,3.1306064,1
2026-06-09 16:36:55,1015,EXP_FAULT_05,RUN_05,cpu_stress,1,cartservice,cart-f05-02,online-boutique,node-c,0.378,43.5845,0,192.6051,0.002883,11.2494,7.8675,20.2357,27.5857,41.1447,185.2719,192.0499,0.2007,0.3546,237121.5559,169875.2192,cpu_stress,productcatalogservice,2026-06-09 16:25:00,2026-06-09 16:40:00,during_fault,1.4453287,1
2026-06-09 16:37:00,1020,EXP_FAULT_05,RUN_05,cpu_stress,1,cartservice,cart-f05-02,online-boutique,node-c,0.3545,43.5299,0,184.0008,0.002516,10.3119,7.4589,18.1273,24.2974,38.6854,176.7082,183.5379,0.0768,0.386,187481.3829,149206.509,cpu_stress,productcatalogservice,2026-06-09 16:25:00,2026-06-09 16:40:00,during_fault,0.5938109,0
2026-06-09 16:37:05,1025,EXP_FAULT_05,RUN_05,cpu_stress,1,cartservice,cart-f05-02,online-boutique,node-c,0.3565,42.1837,0,191.5021,0.002817,11.4462,8.6286,22.673,26.8445,44.0,183.5665,190.9627,0.1292,0.4102,170263.7145,127675.4047,cpu_stress,productcatalogservice,2026-06-09 16:25:00,2026-06-09 16:40:00,during_fault,1.9847981,1
2026-06-09 16:37:10,1030,EXP_FAULT_05,RUN_05,cpu_stress,1,cartservice,cart-f05-02,online-boutique,node-c,0.3581,41.8899,0,192.4526,0.00351,11.1197,7.8405,20.623,26.5594,44.0395,184.0847,191.7771,0.2996,0.3759,162214.0869,149232.5785,cpu_stress,productcatalogservice,2026-06-09 16:25:00,2026-06-09 16:40:00,during_fault,3.4644618,1
2026-06-09 16:37:15,1035,EXP_FAULT_05,RUN_05,cpu_stress,1,cartservice,cart-f05-02,online-boutique,node-c,0.355,42.7982,0,192.1623,0.003014,12.2952,8.3123,23.7023,32.6665,48.0406,183.5565,191.583,0.1801,0.3992,224269.2339,180904.4175,cpu_stress,productcatalogservice,2026-06-09 16:25:00,2026-06-09 16:40:00,during_fault,3.6383927,1
2026-06-09 16:37:20,1040,EXP_FAULT_05,RUN_05,cpu_stress,1,cartservice,cart-f05-02,online-boutique,node-c,0.3574,42.1634,0,188.387,0.003354,13.6539,9.1175,26.9442,32.9316,57.9218,179.6636,187.755,0.2373,0.3947,164511.8368,130126.7009,cpu_stress,productcatalogservice,2026-06-09 16:25:00,2026-06-09 16:40:00,during_fault,6.9485903,1
2026-06-09 16:37:25,1045,EXP_FAULT_05,RUN_05,cpu_stress,1,cartservice,cart-f05-02,online-boutique,node-c,0.3534,42.6098,0,188.8516,0.002766,11.2905,7.5424,21.7568,31.622,46.1854,179.8845,188.3292,0.1133,0.4091,203749.561,182493.9909,cpu_stress,productcatalogservice,2026-06-09 16:25:00,2026-06-09 16:40:00,during_fault,1.768911,1
2026-06-09 16:37:30,1050,EXP_FAULT_05,RUN_05,cpu_stress,1,cartservice,cart-f05-02,online-boutique,node-c,0.3406,43.253,0,184.0926,0.00288,11.836,8.3247,21.7248,30.7586,50.2626,175.0879,183.5625,0.0803,0.4498,185714.2586,143128.2193,cpu_stress,productcatalogservice,2026-06-09 16:25:00,2026-06-09 16:40:00,during_fault,3.4598656,1
2026-06-09 16:37:35,1055,EXP_FAULT_05,RUN_05,cpu_stress,1,cartservice,cart-f05-02,online-boutique,node-c,0.3818,43.3494,0,181.2665,0.003422,12.1659,8.7756,22.1789,34.5883,52.9999,172.1323,180.6462,0.1505,0.4698,182241.4272,131394.4827,cpu_stress,productcatalogservice,2026-06-09 16:25:00,2026-06-09 16:40:00,during_fault,2.8548489,1
2026-06-09 16:37:40,1060,EXP_FAULT_05,RUN_05,cpu_stress,1,cartservice,cart-f05-02,online-boutique,node-c,0.3683,42.5533,0,184.2537,0.003525,13.3668,10.126,25.6364,33.9894,55.4996,174.7252,183.6041,0.192,0.4576,209898.4486,139838.7056,cpu_stress,productcatalogservice,2026-06-09 16:25:00,2026-06-09 16:40:00,during_fault,5.383572,1
2026-06-09 16:37:45,1065,EXP_FAULT_05,RUN_05,cpu_stress,1,cartservice,cart-f05-02,online-boutique,node-c,0.3526,42.0192,0,183.0088,0.003268,11.1168,7.5059,21.216,31.1085,49.5827,173.3779,182.4108,0.1457,0.4523,191826.2458,127920.6733,cpu_stress,productcatalogservice,2026-06-09 16:25:00,2026-06-09 16:40:00,during_fault,2.6575522,1
2026-06-09 16:37:50,1070,EXP_FAULT_05,RUN_05,cpu_stress,1,cartservice,cart-f05-02,online-boutique,node-c,0.3678,42.6585,0,184.8773,0.004073,12.7727,9.4627,24.3408,33.7092,57.6176,174.9142,184.1243,0.288,0.465,214336.6851,186191.0773,cpu_stress,productcatalogservice,2026-06-09 16:25:00,2026-06-09 16:40:00,during_fault,6.635156,1
2026-06-09 16:37:55,1075,EXP_FAULT_05,RUN_05,cpu_stress,1,cartservice,cart-f05-02,online-boutique,node-c,0.3678,41.8062,0,187.9548,0.003848,12.2431,8.3827,23.3747,30.8782,54.3181,177.6523,187.2316,0.2043,0.5189,172532.8791,150039.3144,cpu_stress,productcatalogservice,2026-06-09 16:25:00,2026-06-09 16:40:00,during_fault,5.2591224,1
2026-06-09 16:38:00,1080,EXP_FAULT_05,RUN_05,cpu_stress,1,cartservice,cart-f05-02,online-boutique,node-c,0.3546,41.6281,0,191.5498,0.003565,11.9746,8.5962,21.935,33.6815,48.359,181.0416,190.8669,0.2001,0.4828,236383.253,140381.3217,cpu_stress,productcatalogservice,2026-06-09 16:25:00,2026-06-09 16:40:00,during_fault,5.045253,1
2026-06-09 16:38:05,1085,EXP_FAULT_05,RUN_05,cpu_stress,1,cartservice,cart-f05-02,online-boutique,node-c,0.3645,43.1432,0,190.1245,0.003876,12.2619,8.8566,23.1873,32.9968,57.3984,179.6215,189.3876,0.1999,0.537,192251.4569,194907.5313,cpu_stress,productcatalogservice,2026-06-09 16:25:00,2026-06-09 16:40:00,during_fault,5.635614,1
2026-06-09 16:38:10,1090,EXP_FAULT_05,RUN_05,cpu_stress,1,cartservice,cart-f05-02,online-boutique,node-c,0.3506,42.4705,0,181.1916,0.002799,12.1643,8.3383,24.1061,32.8827,51.1835,171.2019,180.6844,0.0464,0.4608,162968.894,138658.0431,cpu_stress,productcatalogservice,2026-06-09 16:25:00,2026-06-09 16:40:00,during_fault,3.024692,1
2026-06-09 16:38:15,1095,EXP_FAULT_05,RUN_05,cpu_stress,1,cartservice,cart-f05-02,online-boutique,node-c,0.3705,42.5654,0,182.8606,0.003714,11.8371,8.6989,23.219,34.2978,52.8503,172.6743,182.1815,0.2195,0.4596,177467.2039,168332.0339,cpu_stress,productcatalogservice,2026-06-09 16:25:00,2026-06-09 16:40:00,during_fault,3.8568935,1
2026-06-09 16:38:20,1100,EXP_FAULT_05,RUN_05,cpu_stress,1,cartservice,cart-f05-02,online-boutique,node-c,0.3484,42.4006,0,186.1201,0.00286,12.1751,8.4119,22.6514,34.6243,52.016,175.8816,185.5879,0.0573,0.4749,188948.6879,131370.383,cpu_stress,productcatalogservice,2026-06-09 16:25:00,2026-06-09 16:40:00,during_fault,3.4759078,1
2026-06-09 16:38:25,1105,EXP_FAULT_05,RUN_05,cpu_stress,1,cartservice,cart-f05-02,online-boutique,node-c,0.3656,41.6079,0,181.1969,0.003324,11.3194,8.4652,23.1035,32.6196,49.7505,171.2711,180.5946,0.0981,0.5042,172701.9114,188088.1104,cpu_stress,productcatalogservice,2026-06-09 16:25:00,2026-06-09 16:40:00,during_fault,2.5906556,1
2026-06-09 16:38:30,1110,EXP_FAULT_05,RUN_05,cpu_stress,1,cartservice,cart-f05-02,online-boutique,node-c,0.3653,41.8265,0,189.6849,0.003346,11.6273,8.4298,24.0003,33.0564,47.7226,179.4091,189.0503,0.1627,0.472,204265.2413,190312.3854,cpu_stress,productcatalogservice,2026-06-09 16:25:00,2026-06-09 16:40:00,during_fault,3.0511932,1
2026-06-09 16:38:35,1115,EXP_FAULT_05,RUN_05,cpu_stress,1,cartservice,cart-f05-02,online-boutique,node-c,0.3701,42.5005,0,192.5119,0.003881,11.8074,8.7588,24.0678,31.5593,54.816,182.1242,191.7648,0.2656,0.4815,190007.749,165900.0645,cpu_stress,productcatalogservice,2026-06-09 16:25:00,2026-06-09 16:40:00,during_fault,4.7713404,1
2026-06-09 16:38:40,1120,EXP_FAULT_05,RUN_05,cpu_stress,1,cartservice,cart-f05-02,online-boutique,node-c,0.3699,42.0097,0,191.4034,0.003939,12.3756,9.2885,25.4257,33.0893,56.8744,181.2968,190.6494,0.2951,0.4588,190144.4992,142969.7326,cpu_stress,productcatalogservice,2026-06-09 16:25:00,2026-06-09 16:40:00,during_fault,5.672386,1
2026-06-09 16:38:45,1125,EXP_FAULT_05,RUN_05,cpu_stress,1,cartservice,cart-f05-02,online-boutique,node-c,0.3462,42.9039,0,193.5505,0.003796,12.4109,9.1413,25.133,31.6776,47.4619,183.549,192.8157,0.229,0.5058,168475.0877,128960.0794,cpu_stress,productcatalogservice,2026-06-09 16:25:00,2026-06-09 16:40:00,during_fault,7.307063,1
2026-06-09 16:38:50,1130,EXP_FAULT_05,RUN_05,cpu_stress,1,cartservice,cart-f05-02,online-boutique,node-c,0.3405,42.669,0,191.5125,0.002688,12.5841,8.426,22.353,34.3766,48.9714,181.9082,190.9977,0.0637,0.4511,176130.1086,167796.5454,cpu_stress,productcatalogservice,2026-06-09 16:25:00,2026-06-09 16:40:00,during_fault,5.1313233,1
2026-06-09 16:38:55,1135,EXP_FAULT_05,RUN_05,cpu_stress,1,cartservice,cart-f05-02,online-boutique,node-c,0.371,42.4287,0,197.8945,0.003469,12.5547,9.5513,22.3967,31.1855,55.5365,188.1806,197.208,0.2418,0.4447,200294.4945,136871.2496,cpu_stress,productcatalogservice,2026-06-09 16:25:00,2026-06-09 16:40:00,during_fault,4.2992578,1
2026-06-09 16:39:00,1140,EXP_FAULT_05,RUN_05,cpu_stress,1,cartservice,cart-f05-02,online-boutique,node-c,0.3534,43.0316,0,188.6921,0.002976,13.1625,9.4602,26.8674,33.8614,52.8372,179.7211,188.1305,0.1235,0.4381,172872.2395,194345.3806,cpu_stress,productcatalogservice,2026-06-09 16:25:00,2026-06-09 16:40:00,during_fault,5.345382,1
2026-06-09 16:39:05,1145,EXP_FAULT_05,RUN_05,cpu_stress,1,cartservice,cart-f05-02,online-boutique,node-c,0.3595,41.9812,0,188.8273,0.003162,12.1675,8.6118,21.252,29.9695,53.6522,180.1115,188.2302,0.1839,0.4133,208088.4322,170024.805,cpu_stress,productcatalogservice,2026-06-09 16:25:00,2026-06-09 16:40:00,during_fault,3.3612804,1
2026-06-09 16:39:10,1150,EXP_FAULT_05,RUN_05,cpu_stress,1,cartservice,cart-f05-02,online-boutique,node-c,0.3756,42.2162,0,194.7649,0.002953,12.2149,8.2559,23.7969,30.1208,47.5571,186.0946,194.1897,0.157,0.4183,218843.7596,175366.0787,cpu_stress,productcatalogservice,2026-06-09 16:25:00,2026-06-09 16:40:00,during_fault,2.0437884,1
2026-06-09 16:39:15,1155,EXP_FAULT_05,RUN_05,cpu_stress,1,cartservice,cart-f05-02,online-boutique,node-c,0.3646,42.6517,0,188.2533,0.003229,12.2569,9.2756,21.2688,31.7678,48.6297,180.1578,187.6454,0.226,0.3818,207219.6574,134056.2078,cpu_stress,productcatalogservice,2026-06-09 16:25:00,2026-06-09 16:40:00,during_fault,3.255303,1
2026-06-09 16:39:20,1160,EXP_FAULT_05,RUN_05,cpu_stress,1,cartservice,cart-f05-02,online-boutique,node-c,0.3204,42.601,0,181.9948,0.002522,11.993,8.9335,22.9129,29.5,45.0391,174.478,181.5358,0.0612,0.3978,232566.7075,133708.3455,cpu_stress,productcatalogservice,2026-06-09 16:25:00,2026-06-09 16:40:00,during_fault,5.384942,1
2026-06-09 16:39:25,1165,EXP_FAULT_05,RUN_05,cpu_stress,1,cartservice,cart-f05-02,online-boutique,node-c,0.3766,42.7643,0,189.4593,0.002873,10.8631,7.5862,19.6077,29.2774,42.1888,181.9054,188.915,0.1865,0.3578,215751.5403,165401.2165,cpu_stress,productcatalogservice,2026-06-09 16:25:00,2026-06-09 16:40:00,during_fault,0.87139475,1
2026-06-09 16:39:30,1170,EXP_FAULT_05,RUN_05,cpu_stress,1,cartservice,cart-f05-02,online-boutique,node-c,0.36,42.6194,0,181.2743,0.002745,11.5265,7.7572,22.2463,28.7633,48.1804,174.3883,180.7768,0.1812,0.3164,187564.4675,133514.156,cpu_stress,productcatalogservice,2026-06-09 16:25:00,2026-06-09 16:40:00,during_fault,1.447133,1
2026-06-09 16:39:35,1175,EXP_FAULT_05,RUN_05,cpu_stress,1,cartservice,cart-f05-02,online-boutique,node-c,0.3716,42.2095,0,185.5281,0.002886,10.9348,7.8353,19.6893,25.5399,38.1699,178.7348,184.9925,0.231,0.3046,210958.573,145008.3808,cpu_stress,productcatalogservice,2026-06-09 16:25:00,2026-06-09 16:40:00,during_fault,1.0316308,1
2026-06-09 16:39:40,1180,EXP_FAULT_05,RUN_05,cpu_stress,1,cartservice,cart-f05-02,online-boutique,node-c,0.3593,42.0826,0,184.5087,0.002468,11.1021,7.5202,21.3505,26.564,40.4563,178.0398,184.0534,0.1121,0.3433,189841.2058,164132.8515,cpu_stress,productcatalogservice,2026-06-09 16:25:00,2026-06-09 16:40:00,during_fault,0.84151715,1
2026-06-09 16:39:45,1185,EXP_FAULT_05,RUN_05,cpu_stress,1,cartservice,cart-f05-02,online-boutique,node-c,0.3393,41.8281,0,188.8894,0.002394,10.9634,8.2768,19.6461,26.5687,43.14,182.4915,188.4371,0.1394,0.3129,226930.0526,166809.6756,cpu_stress,productcatalogservice,2026-06-09 16:25:00,2026-06-09 16:40:00,during_fault,1.9359007,1
2026-06-09 16:39:50,1190,EXP_FAULT_05,RUN_05,cpu_stress,1,cartservice,cart-f05-02,online-boutique,node-c,0.3313,43.0281,0,184.0431,0.00236,11.5262,8.3327,19.2078,29.9365,42.2151,178.0877,183.6088,0.1225,0.3119,164660.4326,138707.397,cpu_stress,productcatalogservice,2026-06-09 16:25:00,2026-06-09 16:40:00,during_fault,3.0615542,1
2026-06-09 16:39:55,1195,EXP_FAULT_05,RUN_05,cpu_stress,1,cartservice,cart-f05-02,online-boutique,node-c,0.3772,42.0155,0,178.1926,0.002442,10.7605,8.0901,20.6524,24.9677,36.5344,172.6173,177.7574,0.173,0.2622,203454.0407,125712.6689,cpu_stress,productcatalogservice,2026-06-09 16:25:00,2026-06-09 16:40:00,during_fault,0.1912674,0
2026-06-09 16:40:00,1200,EXP_FAULT_05,RUN_05,cpu_stress,1,cartservice,cart-f05-02,online-boutique,node-c,0.3429,42.6638,0,181.5741,0.002685,11.3658,7.8195,21.6943,25.1603,42.4854,175.9995,181.0865,0.2298,0.2577,211945.2303,144331.8951,cpu_stress,productcatalogservice,2026-06-09 16:25:00,2026-06-09 16:40:00,post_fault,2.15883,1
2026-06-09 16:40:05,1205,EXP_FAULT_05,RUN_05,cpu_stress,1,cartservice,cart-f05-02,online-boutique,node-c,0.346,41.9461,0,179.734,0.00272,10.2507,7.5704,18.498,23.222,37.1615,174.2294,179.2451,0.2188,0.27,179756.9781,185810.4631,cpu_stress,productcatalogservice,2026-06-09 16:25:00,2026-06-09 16:40:00,post_fault,0.9084387,1
2026-06-09 16:40:10,1210,EXP_FAULT_05,RUN_05,cpu_stress,1,cartservice,cart-f05-02,online-boutique,node-c,0.3306,42.1627,0,180.7002,0.003123,11.3348,7.6484,21.2909,28.272,40.137,175.2358,180.136,0.2629,0.3014,161200.8719,183871.2035,cpu_stress,productcatalogservice,2026-06-09 16:25:00,2026-06-09 16:40:00,post_fault,4.0713015,1
2026-06-09 16:40:15,1215,EXP_FAULT_05,RUN_05,cpu_stress,1,cartservice,cart-f05-02,online-boutique,node-c,0.3546,42.415,0,176.3055,0.0026,10.7388,8.3619,19.9677,23.837,39.3163,171.0563,175.8471,0.2182,0.2402,183700.4028,178202.7281,cpu_stress,productcatalogservice,2026-06-09 16:25:00,2026-06-09 16:40:00,post_fault,0.75598466,1
2026-06-09 16:40:20,1220,EXP_FAULT_05,RUN_05,cpu_stress,1,cartservice,cart-f05-02,online-boutique,node-c,0.3583,42.5731,0,181.453,0.001937,10.3011,7.6982,17.5424,25.754,34.1427,176.2036,181.1015,0.0568,0.2948,191004.5356,137252.1195,cpu_stress,productcatalogservice,2026-06-09 16:25:00,2026-06-09 16:40:00,post_fault,0.13198227,0
2026-06-09 16:40:25,1225,EXP_FAULT_05,RUN_05,cpu_stress,1,cartservice,cart-f05-02,online-boutique,node-c,0.3766,42.1899,0,179.1781,0.002963,10.6097,7.5556,17.6704,24.9629,37.7472,173.9056,178.6473,0.2802,0.2506,156400.8451,142640.1294,cpu_stress,productcatalogservice,2026-06-09 16:25:00,2026-06-09 16:40:00,post_fault,0.9596146,1
2026-06-09 16:40:30,1230,EXP_FAULT_05,RUN_05,cpu_stress,1,cartservice,cart-f05-02,online-boutique,node-c,0.3639,41.5497,0,178.8467,0.002517,10.1109,7.0646,17.5923,24.7918,35.8567,173.7178,178.3964,0.1787,0.2715,165711.0608,127087.565,cpu_stress,productcatalogservice,2026-06-09 16:25:00,2026-06-09 16:40:00,post_fault,0.36162317,0
2026-06-09 16:40:35,1235,EXP_FAULT_05,RUN_05,cpu_stress,1,cartservice,cart-f05-02,online-boutique,node-c,0.3483,42.1666,0,172.8707,0.002934,9.6066,7.138,18.1928,22.8158,35.9229,168.0197,172.3635,0.2407,0.2665,146175.8698,156215.8419,cpu_stress,productcatalogservice,2026-06-09 16:25:00,2026-06-09 16:40:00,post_fault,0.56517166,0
2026-06-09 16:40:40,1240,EXP_FAULT_05,RUN_05,cpu_stress,1,cartservice,cart-f05-02,online-boutique,node-c,0.373,42.9337,0,179.3102,0.00178,10.1365,7.739,19.1456,24.2759,38.2664,174.4003,178.991,0.0608,0.2584,151788.8004,149378.2808,cpu_stress,productcatalogservice,2026-06-09 16:25:00,2026-06-09 16:40:00,post_fault,0.09967681,0
2026-06-09 16:40:45,1245,EXP_FAULT_05,RUN_05,cpu_stress,1,cartservice,cart-f05-02,online-boutique,node-c,0.3386,42.3425,0,179.5515,0.001841,10.194,7.7443,17.8087,24.1475,34.2919,174.7171,179.2209,0.0776,0.253,188734.1846,183422.6633,cpu_stress,productcatalogservice,2026-06-09 16:25:00,2026-06-09 16:40:00,post_fault,0.6344491,0
2026-06-09 16:40:50,1250,EXP_FAULT_05,RUN_05,cpu_stress,1,cartservice,cart-f05-02,online-boutique,node-c,0.3379,42.2281,0,180.9044,0.002184,9.6722,7.4111,16.487,23.0525,33.2929,176.0335,180.5093,0.1293,0.2658,172452.7558,148033.3005,cpu_stress,productcatalogservice,2026-06-09 16:25:00,2026-06-09 16:40:00,post_fault,0.57021946,0
2026-06-09 16:40:55,1255,EXP_FAULT_05,RUN_05,cpu_stress,1,cartservice,cart-f05-02,online-boutique,node-c,0.3338,43.4697,0,187.2826,0.001744,10.6148,7.3341,18.1401,23.2582,34.0674,182.363,186.9559,0.0666,0.2601,236627.1799,187136.3523,cpu_stress,productcatalogservice,2026-06-09 16:25:00,2026-06-09 16:40:00,post_fault,1.2874652,1
2026-06-09 16:41:00,1260,EXP_FAULT_05,RUN_05,cpu_stress,1,cartservice,cart-f05-02,online-boutique,node-c,0.3662,43.6072,0,185.2226,0.001897,10.6137,7.7323,19.2589,23.0357,38.6536,180.4039,184.8712,0.0924,0.2589,175090.421,128952.4507,cpu_stress,productcatalogservice,2026-06-09 16:25:00,2026-06-09 16:40:00,post_fault,0.29532892,0
2026-06-09 16:41:05,1265,EXP_FAULT_05,RUN_05,cpu_stress,1,cartservice,cart-f05-02,online-boutique,node-c,0.329,42.4685,0,184.3848,0.001638,10.1955,7.6281,19.2989,22.9026,39.0463,179.6741,184.0828,0.0673,0.2347,174459.9938,121696.5699,cpu_stress,productcatalogservice,2026-06-09 16:25:00,2026-06-09 16:40:00,post_fault,1.1178006,1
2026-06-09 16:41:10,1270,EXP_FAULT_05,RUN_05,cpu_stress,1,cartservice,cart-f05-02,online-boutique,node-c,0.3667,42.3776,0,184.863,0.002146,10.0828,7.3032,17.1481,23.2145,36.127,180.1735,184.4663,0.1244,0.2723,173144.6354,138707.743,cpu_stress,productcatalogservice,2026-06-09 16:25:00,2026-06-09 16:40:00,post_fault,0.061876077,0
2026-06-09 16:41:15,1275,EXP_FAULT_05,RUN_05,cpu_stress,1,cartservice,cart-f05-02,online-boutique,node-c,0.3576,42.9975,0,188.2589,0.001942,10.6457,7.4405,18.8251,25.4781,39.6054,183.5647,187.8933,0.1165,0.2491,231070.6128,147557.981,cpu_stress,productcatalogservice,2026-06-09 16:25:00,2026-06-09 16:40:00,post_fault,0.32776856,0
2026-06-09 16:41:20,1280,EXP_FAULT_05,RUN_05,cpu_stress,1,cartservice,cart-f05-02,online-boutique,node-c,0.3526,42.5487,0,188.5478,0.002277,10.7034,8.3926,18.8538,24.9836,37.5332,183.8949,188.1185,0.1805,0.2487,225782.1422,125310.2643,cpu_stress,productcatalogservice,2026-06-09 16:25:00,2026-06-09 16:40:00,post_fault,0.65857726,1
2026-06-09 16:41:25,1285,EXP_FAULT_05,RUN_05,cpu_stress,1,cartservice,cart-f05-02,online-boutique,node-c,0.3683,42.5202,0,197.2232,0.002747,10.5202,7.5103,18.049,24.0546,36.4688,192.3676,196.6814,0.2717,0.2702,196140.6944,165618.5149,cpu_stress,productcatalogservice,2026-06-09 16:25:00,2026-06-09 16:40:00,post_fault,0.78674984,1
2026-06-09 16:41:30,1290,EXP_FAULT_05,RUN_05,cpu_stress,1,cartservice,cart-f05-02,online-boutique,node-c,0.3582,42.1314,0,194.3216,0.002809,10.5414,7.9894,18.5686,22.6637,36.9871,189.5775,193.7756,0.2773,0.2687,207115.6961,157719.6309,cpu_stress,productcatalogservice,2026-06-09 16:25:00,2026-06-09 16:40:00,post_fault,1.1099346,1
2026-06-09 16:41:35,1295,EXP_FAULT_05,RUN_05,cpu_stress,1,cartservice,cart-f05-02,online-boutique,node-c,0.3923,41.337,0,190.0686,0.002428,10.6243,7.4755,18.6906,24.3949,34.9817,185.5424,189.6071,0.2265,0.235,212655.674,134497.3374,cpu_stress,productcatalogservice,2026-06-09 16:25:00,2026-06-09 16:40:00,post_fault,0.30624834,0
2026-06-09 16:41:40,1300,EXP_FAULT_05,RUN_05,cpu_stress,1,cartservice,cart-f05-02,online-boutique,node-c,0.3507,42.4674,0,196.3625,0.002351,10.1844,7.725,16.7012,24.6622,35.4223,191.73,195.9008,0.2053,0.2564,229479.0993,189209.9562,cpu_stress,productcatalogservice,2026-06-09 16:25:00,2026-06-09 16:40:00,post_fault,0.57591456,0
2026-06-09 16:41:45,1305,EXP_FAULT_05,RUN_05,cpu_stress,1,cartservice,cart-f05-02,online-boutique,node-c,0.3597,44.2662,0,199.7152,0.00257,11.1995,8.3542,19.6319,25.0386,39.1789,194.9796,199.2019,0.2541,0.2592,235849.2783,149489.0541,cpu_stress,productcatalogservice,2026-06-09 16:25:00,2026-06-09 16:40:00,post_fault,2.1209695,1
2026-06-09 16:41:50,1310,EXP_FAULT_05,RUN_05,cpu_stress,1,cartservice,cart-f05-02,online-boutique,node-c,0.3448,42.1881,0,200.9074,0.001589,10.4038,7.1959,17.8766,22.935,36.7014,196.3797,200.5881,0.0718,0.2475,221686.3508,175760.7779,cpu_stress,productcatalogservice,2026-06-09 16:25:00,2026-06-09 16:40:00,post_fault,0.67604196,1
2026-06-09 16:41:55,1315,EXP_FAULT_05,RUN_05,cpu_stress,1,cartservice,cart-f05-02,online-boutique,node-c,0.3542,42.4424,0,195.6041,0.002809,10.6236,8.2844,17.3612,24.6318,36.9559,191.1742,195.0547,0.2869,0.2625,235564.6451,192728.5986,cpu_stress,productcatalogservice,2026-06-09 16:25:00,2026-06-09 16:40:00,post_fault,1.2923226,1
2026-06-09 16:42:00,1320,EXP_FAULT_05,RUN_05,cpu_stress,1,cartservice,cart-f05-02,online-boutique,node-c,0.376,42.9041,0,203.6946,0.002471,11.163,8.3429,20.0075,24.8146,41.0545,199.0817,203.1912,0.2551,0.2483,177709.3161,169825.3578,cpu_stress,productcatalogservice,2026-06-09 16:25:00,2026-06-09 16:40:00,post_fault,0.65424144,1
2026-06-09 16:42:05,1325,EXP_FAULT_05,RUN_05,cpu_stress,1,cartservice,cart-f05-02,online-boutique,node-c,0.3549,41.8834,0,204.7953,0.002844,11.297,8.475,20.2437,25.1355,39.6726,200.2266,204.2128,0.3192,0.2633,190356.055,162257.7627,cpu_stress,productcatalogservice,2026-06-09 16:25:00,2026-06-09 16:40:00,post_fault,2.3959079,1
2026-06-09 16:42:10,1330,EXP_FAULT_05,RUN_05,cpu_stress,1,cartservice,cart-f05-02,online-boutique,node-c,0.3602,42.4767,0,199.9533,0.001338,11.0086,8.643,18.9321,23.881,38.0982,195.6905,199.6858,0.0637,0.2037,173540.9605,196290.6299,cpu_stress,productcatalogservice,2026-06-09 16:25:00,2026-06-09 16:40:00,post_fault,0.39565176,0
2026-06-09 16:42:15,1335,EXP_FAULT_05,RUN_05,cpu_stress,1,cartservice,cart-f05-02,online-boutique,node-c,0.3447,43.1109,0,211.4214,0.001944,10.331,7.5917,17.6295,23.8811,36.4923,206.9499,211.0104,0.2057,0.2053,246647.3448,142283.3119,cpu_stress,productcatalogservice,2026-06-09 16:25:00,2026-06-09 16:40:00,post_fault,0.9655959,1
2026-06-09 16:42:20,1340,EXP_FAULT_05,RUN_05,cpu_stress,1,cartservice,cart-f05-02,online-boutique,node-c,0.3724,42.4029,0,207.2437,0.002336,10.6861,7.6442,17.3641,23.4836,38.931,202.8128,206.7597,0.2549,0.2292,229799.158,156475.1388,cpu_stress,productcatalogservice,2026-06-09 16:25:00,2026-06-09 16:40:00,post_fault,0.40381575,0
2026-06-09 16:42:25,1345,EXP_FAULT_05,RUN_05,cpu_stress,1,cartservice,cart-f05-02,online-boutique,node-c,0.3462,42.1302,0,199.5716,0.002289,10.6542,7.612,19.7593,24.4236,37.1661,195.3558,199.1147,0.2661,0.1908,178522.5107,188385.919,cpu_stress,productcatalogservice,2026-06-09 16:25:00,2026-06-09 16:40:00,post_fault,1.1749866,1
2026-06-09 16:42:30,1350,EXP_FAULT_05,RUN_05,cpu_stress,1,cartservice,cart-f05-02,online-boutique,node-c,0.3313,42.83,0,202.975,0.002095,10.7619,8.0275,17.4839,23.8791,38.0066,198.838,202.5498,0.1991,0.226,177681.1946,170002.8098,cpu_stress,productcatalogservice,2026-06-09 16:25:00,2026-06-09 16:40:00,post_fault,2.2030613,1
2026-06-09 16:42:35,1355,EXP_FAULT_05,RUN_05,cpu_stress,1,cartservice,cart-f05-02,online-boutique,node-c,0.3722,42.4849,0,201.958,0.002249,9.9868,7.4782,16.1814,23.15,33.5779,197.8693,201.5038,0.2061,0.2481,230765.5933,155535.739,cpu_stress,productcatalogservice,2026-06-09 16:25:00,2026-06-09 16:40:00,post_fault,0.113376856,0
2026-06-09 16:42:40,1360,EXP_FAULT_05,RUN_05,cpu_stress,1,cartservice,cart-f05-02,online-boutique,node-c,0.3664,42.8364,0,202.6929,0.001943,10.8725,8.6261,19.8706,25.1564,39.0821,198.6104,202.2991,0.1861,0.2077,192229.2928,179252.8662,cpu_stress,productcatalogservice,2026-06-09 16:25:00,2026-06-09 16:40:00,post_fault,0.34313956,0
2026-06-09 16:42:45,1365,EXP_FAULT_05,RUN_05,cpu_stress,1,cartservice,cart-f05-02,online-boutique,node-c,0.3638,41.9557,0,201.0162,0.002135,10.2138,6.9678,17.2098,21.3757,30.9129,197.0788,200.5871,0.1883,0.2408,207782.565,139837.3122,cpu_stress,productcatalogservice,2026-06-09 16:25:00,2026-06-09 16:40:00,post_fault,0.18831085,0
2026-06-09 16:42:50,1370,EXP_FAULT_05,RUN_05,cpu_stress,1,cartservice,cart-f05-02,online-boutique,node-c,0.3447,42.9535,0,195.8558,0.001819,10.7903,7.489,17.5943,24.6439,36.2388,192.0397,195.4995,0.1656,0.1907,244572.4216,146120.0805,cpu_stress,productcatalogservice,2026-06-09 16:25:00,2026-06-09 16:40:00,post_fault,0.99750745,1
2026-06-09 16:42:55,1375,EXP_FAULT_05,RUN_05,cpu_stress,1,cartservice,cart-f05-02,online-boutique,node-c,0.3608,42.0997,0,197.8313,0.00188,9.4486,7.2939,15.1874,22.282,33.1101,194.0387,197.4594,0.169,0.2029,250097.0509,154640.9619,cpu_stress,productcatalogservice,2026-06-09 16:25:00,2026-06-09 16:40:00,post_fault,0.023337984,0
2026-06-09 16:43:00,1380,EXP_FAULT_05,RUN_05,cpu_stress,1,cartservice,cart-f05-02,online-boutique,node-c,0.3612,42.5009,0,203.69,0.001959,10.2632,7.8621,17.9061,22.5314,35.5093,199.8235,203.2909,0.1659,0.2332,258130.4138,136825.6912,cpu_stress,productcatalogservice,2026-06-09 16:25:00,2026-06-09 16:40:00,post_fault,0.17805928,0
2026-06-09 16:43:05,1385,EXP_FAULT_05,RUN_05,cpu_stress,1,cartservice,cart-f05-02,online-boutique,node-c,0.3579,42.7529,0,196.7731,0.002473,10.5494,8.1103,17.5782,23.0833,34.6612,193.0765,196.2864,0.2575,0.2292,202463.4599,204042.3623,cpu_stress,productcatalogservice,2026-06-09 16:25:00,2026-06-09 16:40:00,post_fault,0.6607051,1
2026-06-09 16:43:10,1390,EXP_FAULT_05,RUN_05,cpu_stress,1,cartservice,cart-f05-02,online-boutique,node-c,0.3555,42.5149,0,194.5796,0.002251,9.9473,7.5739,16.4406,23.302,30.1075,190.9918,194.1415,0.2279,0.2101,170823.3854,134796.9088,cpu_stress,productcatalogservice,2026-06-09 16:25:00,2026-06-09 16:40:00,post_fault,0.24356261,0
2026-06-09 16:43:15,1395,EXP_FAULT_05,RUN_05,cpu_stress,1,cartservice,cart-f05-02,online-boutique,node-c,0.3469,41.7552,0,199.7061,0.001713,9.8435,7.2353,15.8217,21.7662,29.7916,196.0661,199.364,0.1419,0.2001,234826.033,161752.5584,cpu_stress,productcatalogservice,2026-06-09 16:25:00,2026-06-09 16:40:00,post_fault,0.3168148,0
2026-06-09 16:43:20,1400,EXP_FAULT_05,RUN_05,cpu_stress,1,cartservice,cart-f05-02,online-boutique,node-c,0.3375,42.3579,0,199.5845,0.002308,11.0998,8.2403,19.2233,25.365,35.5412,195.9087,199.1238,0.2853,0.1754,186114.8173,141537.3388,cpu_stress,productcatalogservice,2026-06-09 16:25:00,2026-06-09 16:40:00,post_fault,2.2808719,1
2026-06-09 16:43:25,1405,EXP_FAULT_05,RUN_05,cpu_stress,1,cartservice,cart-f05-02,online-boutique,node-c,0.3571,43.3853,0,191.4916,0.001732,10.4403,7.9316,16.9215,24.5436,35.8183,188.1114,191.16,0.1716,0.16,204240.2644,133554.351,cpu_stress,productcatalogservice,2026-06-09 16:25:00,2026-06-09 16:40:00,post_fault,0.2427787,0
2026-06-09 16:43:30,1410,EXP_FAULT_05,RUN_05,cpu_stress,1,cartservice,cart-f05-02,online-boutique,node-c,0.38,42.5281,0,194.6706,0.002194,9.6817,6.9675,16.5143,20.7395,31.8923,191.2749,194.2434,0.2442,0.1829,202716.1343,133366.9231,cpu_stress,productcatalogservice,2026-06-09 16:25:00,2026-06-09 16:40:00,post_fault,0.24962607,0
2026-06-09 16:43:35,1415,EXP_FAULT_05,RUN_05,cpu_stress,1,cartservice,cart-f05-02,online-boutique,node-c,0.3883,42.5169,0,203.6893,0.002264,10.9817,8.2928,17.564,25.4012,32.0647,200.183,203.2281,0.2545,0.2067,223469.485,202250.7132,cpu_stress,productcatalogservice,2026-06-09 16:25:00,2026-06-09 16:40:00,post_fault,0.18848157,0
2026-06-09 16:43:40,1420,EXP_FAULT_05,RUN_05,cpu_stress,1,cartservice,cart-f05-02,online-boutique,node-c,0.3573,42.0454,0,196.0133,0.001945,9.8606,7.8321,17.8062,22.1655,30.5717,192.6609,195.6321,0.2054,0.1758,219502.7201,193914.1838,cpu_stress,productcatalogservice,2026-06-09 16:25:00,2026-06-09 16:40:00,post_fault,0.10600283,0
2026-06-09 16:43:45,1425,EXP_FAULT_05,RUN_05,cpu_stress,1,cartservice,cart-f05-02,online-boutique,node-c,0.354,42.2123,0,196.1606,0.001427,10.5555,7.7589,18.2767,21.6524,36.3234,192.8951,195.8808,0.1031,0.1767,248681.7169,185450.4665,cpu_stress,productcatalogservice,2026-06-09 16:25:00,2026-06-09 16:40:00,post_fault,0.3392221,0
2026-06-09 16:43:50,1430,EXP_FAULT_05,RUN_05,cpu_stress,1,cartservice,cart-f05-02,online-boutique,node-c,0.342,42.7705,0,196.3064,0.001882,11.1013,8.1753,19.0052,23.0896,33.1756,193.0553,195.937,0.2022,0.1671,213440.4866,193641.7136,cpu_stress,productcatalogservice,2026-06-09 16:25:00,2026-06-09 16:40:00,post_fault,1.5431261,1
2026-06-09 16:43:55,1435,EXP_FAULT_05,RUN_05,cpu_stress,1,cartservice,cart-f05-02,online-boutique,node-c,0.3486,43.3115,0,205.6168,0.002266,10.4618,7.2399,18.8469,22.5296,35.5564,202.2087,205.1509,0.3019,0.164,180153.257,156947.7428,cpu_stress,productcatalogservice,2026-06-09 16:25:00,2026-06-09 16:40:00,post_fault,1.0140814,1
2026-06-09 16:44:00,1440,EXP_FAULT_05,RUN_05,cpu_stress,1,cartservice,cart-f05-02,online-boutique,node-c,0.3491,42.6006,0,199.0581,0.001191,9.7881,6.887,16.2551,19.6828,31.6739,195.9298,198.8209,0.0747,0.1624,252356.0601,195325.238,cpu_stress,productcatalogservice,2026-06-09 16:25:00,2026-06-09 16:40:00,post_fault,0.10447172,0
2026-06-09 16:44:05,1445,EXP_FAULT_05,RUN_05,cpu_stress,1,cartservice,cart-f05-02,online-boutique,node-c,0.3602,42.9793,0,200.7029,0.001264,10.0327,7.0762,16.6138,22.6818,31.8603,197.5606,200.4493,0.0609,0.1927,225120.5456,184814.4666,cpu_stress,productcatalogservice,2026-06-09 16:25:00,2026-06-09 16:40:00,post_fault,0.024178598,0
2026-06-09 16:44:10,1450,EXP_FAULT_05,RUN_05,cpu_stress,1,cartservice,cart-f05-02,online-boutique,node-c,0.3729,42.5831,0,201.7057,0.001226,10.36,7.3854,18.3574,22.7127,31.5657,198.6028,201.4584,0.0519,0.1954,170717.689,159490.9962,cpu_stress,productcatalogservice,2026-06-09 16:25:00,2026-06-09 16:40:00,post_fault,0.0074955374,0
2026-06-09 16:44:15,1455,EXP_FAULT_05,RUN_05,cpu_stress,1,cartservice,cart-f05-02,online-boutique,node-c,0.3505,42.3701,0,204.4193,0.002289,9.2481,7.0309,15.7005,21.448,26.8086,201.1365,203.9514,0.3146,0.1533,221146.2231,181359.4399,cpu_stress,productcatalogservice,2026-06-09 16:25:00,2026-06-09 16:40:00,post_fault,0.2042265,0
2026-06-09 16:44:20,1460,EXP_FAULT_05,RUN_05,cpu_stress,1,cartservice,cart-f05-02,online-boutique,node-c,0.3708,43.1181,0,211.3039,0.002109,9.265,6.6387,15.6648,19.6965,31.9492,208.0354,210.8583,0.3041,0.1414,225575.9139,141366.635,cpu_stress,productcatalogservice,2026-06-09 16:25:00,2026-06-09 16:40:00,post_fault,0.07330924,0
2026-06-09 16:44:25,1465,EXP_FAULT_05,RUN_05,cpu_stress,1,cartservice,cart-f05-02,online-boutique,node-c,0.3752,42.2482,0,206.222,0.002167,11.0029,8.5407,19.8194,24.583,35.0752,203.1023,205.7752,0.2963,0.1505,190201.9126,205843.9163,cpu_stress,productcatalogservice,2026-06-09 16:25:00,2026-06-09 16:40:00,post_fault,0.31262133,0
2026-06-09 16:44:30,1470,EXP_FAULT_05,RUN_05,cpu_stress,1,cartservice,cart-f05-02,online-boutique,node-c,0.3818,43.2989,0,208.7467,0.00201,10.0367,7.7382,17.5611,19.9506,30.3834,205.627,208.3272,0.2325,0.187,178108.8181,145946.6462,cpu_stress,productcatalogservice,2026-06-09 16:25:00,2026-06-09 16:40:00,post_fault,0.1329136,0
2026-06-09 16:44:35,1475,EXP_FAULT_05,RUN_05,cpu_stress,1,cartservice,cart-f05-02,online-boutique,node-c,0.3825,42.9395,0,208.4366,0.001493,10.5524,8.1915,18.5892,21.0355,30.6789,205.4067,208.1255,0.1451,0.166,220458.5312,149949.7972,cpu_stress,productcatalogservice,2026-06-09 16:25:00,2026-06-09 16:40:00,post_fault,0.014413571,0
2026-06-09 16:44:40,1480,EXP_FAULT_05,RUN_05,cpu_stress,1,cartservice,cart-f05-02,online-boutique,node-c,0.3912,43.7143,0,211.2767,0.002174,10.0014,7.3589,16.6501,21.5032,30.4329,208.1069,210.8175,0.3097,0.1495,265824.4372,138237.6451,cpu_stress,productcatalogservice,2026-06-09 16:25:00,2026-06-09 16:40:00,post_fault,0.52451825,0
2026-06-09 16:44:45,1485,EXP_FAULT_05,RUN_05,cpu_stress,1,cartservice,cart-f05-02,online-boutique,node-c,0.3661,41.4368,0,214.5707,0.001047,9.9468,7.609,17.5812,22.261,28.3631,211.5626,214.346,0.0784,0.1463,228732.1245,218353.2902,cpu_stress,productcatalogservice,2026-06-09 16:25:00,2026-06-09 16:40:00,post_fault,0.008791369,0
2026-06-09 16:44:50,1490,EXP_FAULT_05,RUN_05,cpu_stress,1,cartservice,cart-f05-02,online-boutique,node-c,0.3799,43.0721,0,211.9415,0.002188,10.2792,7.8764,18.1097,21.2937,31.4586,208.9407,211.4778,0.3017,0.162,194074.5892,217803.5005,cpu_stress,productcatalogservice,2026-06-09 16:25:00,2026-06-09 16:40:00,post_fault,0.14743681,0
2026-06-09 16:44:55,1495,EXP_FAULT_05,RUN_05,cpu_stress,1,cartservice,cart-f05-02,online-boutique,node-c,0.3612,40.891,0,220.4633,0.002098,10.3614,7.1044,18.5664,20.8382,33.1777,217.3703,220.0008,0.2692,0.1933,282036.8574,201316.6574,cpu_stress,productcatalogservice,2026-06-09 16:25:00,2026-06-09 16:40:00,post_fault,0.6064935,0
2026-06-09 16:45:00,1500,EXP_FAULT_05,RUN_05,cpu_stress,1,cartservice,cart-f05-02,online-boutique,node-c,0.3636,43.1297,0,216.8402,0.002029,9.3455,7.229,16.8995,21.2283,28.4615,213.8383,216.4003,0.3068,0.1332,189077.8058,182447.7152,cpu_stress,productcatalogservice,2026-06-09 16:25:00,2026-06-09 16:40:00,post_fault,0.053023726,0
2026-06-09 16:45:05,1505,EXP_FAULT_05,RUN_05,cpu_stress,1,cartservice,cart-f05-02,online-boutique,node-c,0.36,42.4608,0,215.3058,0.001576,9.6795,7.1819,17.3144,19.1939,27.2303,212.4001,214.9665,0.1496,0.1897,180288.6776,203255.3315,cpu_stress,productcatalogservice,2026-06-09 16:25:00,2026-06-09 16:40:00,post_fault,0.059115272,0
2026-06-09 16:45:10,1510,EXP_FAULT_05,RUN_05,cpu_stress,1,cartservice,cart-f05-02,online-boutique,node-c,0.3755,42.2325,0,219.7268,0.00138,11.1871,8.7925,18.1252,24.4937,35.8407,216.8064,219.4236,0.1214,0.1819,279515.3225,178272.465,cpu_stress,productcatalogservice,2026-06-09 16:25:00,2026-06-09 16:40:00,post_fault,0.3196621,0
2026-06-09 16:45:15,1515,EXP_FAULT_05,RUN_05,cpu_stress,1,cartservice,cart-f05-02,online-boutique,node-c,0.3426,42.6667,0,220.3772,0.002311,10.0148,7.9991,16.3564,21.8528,28.3858,217.3245,219.8678,0.3089,0.2004,269039.433,198258.4619,cpu_stress,productcatalogservice,2026-06-09 16:25:00,2026-06-09 16:40:00,post_fault,1.2287383,1
2026-06-09 16:45:20,1520,EXP_FAULT_05,RUN_05,cpu_stress,1,cartservice,cart-f05-02,online-boutique,node-c,0.387,42.6969,0,218.5785,0.002221,10.5118,8.1831,17.5743,22.1249,33.8186,215.6933,218.0929,0.3478,0.1378,247769.9057,190731.3264,cpu_stress,productcatalogservice,2026-06-09 16:25:00,2026-06-09 16:40:00,post_fault,0.18691973,0
2026-06-09 16:45:25,1525,EXP_FAULT_05,RUN_05,cpu_stress,1,cartservice,cart-f05-02,online-boutique,node-c,0.3652,43.0126,0,213.3229,0.00128,10.1236,7.683,16.3414,21.8534,31.0664,210.6384,213.0499,0.1474,0.1256,259781.5627,181434.3683,cpu_stress,productcatalogservice,2026-06-09 16:25:00,2026-06-09 16:40:00,post_fault,0.04244038,0
2026-06-09 16:45:30,1530,EXP_FAULT_05,RUN_05,cpu_stress,1,cartservice,cart-f05-02,online-boutique,node-c,0.3455,42.7702,0,222.3558,0.001128,9.8896,6.9674,16.3296,22.1239,31.6951,219.6073,222.105,0.0688,0.1821,236342.0209,147989.4493,cpu_stress,productcatalogservice,2026-06-09 16:25:00,2026-06-09 16:40:00,post_fault,0.42341933,0
2026-06-09 16:45:35,1535,EXP_FAULT_05,RUN_05,cpu_stress,1,cartservice,cart-f05-02,online-boutique,node-c,0.3628,42.7447,0,204.8472,0.001184,9.9979,7.4786,17.6059,19.6098,30.6335,202.3455,204.6046,0.1162,0.1264,226282.6474,208610.2764,cpu_stress,productcatalogservice,2026-06-09 16:25:00,2026-06-09 16:40:00,post_fault,0.008118201,0
2026-06-09 16:45:40,1540,EXP_FAULT_05,RUN_05,cpu_stress,1,cartservice,cart-f05-02,online-boutique,node-c,0.3667,42.6808,0,215.5549,0.002146,10.0779,7.327,15.7052,20.3337,32.3706,212.7818,215.0924,0.3157,0.1468,235631.893,220068.2726,cpu_stress,productcatalogservice,2026-06-09 16:25:00,2026-06-09 16:40:00,post_fault,0.2091384,0
2026-06-09 16:45:45,1545,EXP_FAULT_05,RUN_05,cpu_stress,1,cartservice,cart-f05-02,online-boutique,node-c,0.3662,42.2223,0,220.2525,0.001998,9.5392,7.2162,15.197,20.7393,30.7616,217.5486,219.8123,0.3067,0.1334,237739.2032,189507.8111,cpu_stress,productcatalogservice,2026-06-09 16:25:00,2026-06-09 16:40:00,post_fault,0.055793636,0
2026-06-09 16:45:50,1550,EXP_FAULT_05,RUN_05,cpu_stress,1,cartservice,cart-f05-02,online-boutique,node-c,0.3559,42.5901,0,215.347,0.000861,11.2141,8.0517,17.2997,21.874,36.4425,212.8288,215.1617,0.0625,0.1228,234556.9175,164013.2939,cpu_stress,productcatalogservice,2026-06-09 16:25:00,2026-06-09 16:40:00,post_fault,0.78969353,1
2026-06-09 16:45:55,1555,EXP_FAULT_05,RUN_05,cpu_stress,1,cartservice,cart-f05-02,online-boutique,node-c,0.355,41.7106,0,203.7697,0.00163,10.0975,7.1285,17.243,22.781,30.3837,201.3286,203.4375,0.1958,0.1364,223064.5878,157175.5107,cpu_stress,productcatalogservice,2026-06-09 16:25:00,2026-06-09 16:40:00,post_fault,0.21920276,0
2026-06-09 16:46:00,1560,EXP_FAULT_05,RUN_05,cpu_stress,1,cartservice,cart-f05-02,online-boutique,node-c,0.3698,42.4856,0,209.8338,0.001176,10.8266,7.8481,17.5845,23.9818,31.6395,207.4245,209.587,0.1216,0.1253,235430.0153,168395.6309,cpu_stress,productcatalogservice,2026-06-09 16:25:00,2026-06-09 16:40:00,post_fault,0.13356932,0
2026-06-09 16:46:05,1565,EXP_FAULT_05,RUN_05,cpu_stress,1,cartservice,cart-f05-02,online-boutique,node-c,0.3623,41.8576,0,201.7427,0.001789,10.4221,7.9259,18.694,20.5783,34.2363,199.4272,201.3819,0.2084,0.1524,191095.9564,199021.5763,cpu_stress,productcatalogservice,2026-06-09 16:25:00,2026-06-09 16:40:00,post_fault,0.2082173,0
2026-06-09 16:46:10,1570,EXP_FAULT_05,RUN_05,cpu_stress,1,cartservice,cart-f05-02,online-boutique,node-c,0.3685,42.6498,0,210.0239,0.00173,10.4255,8.0944,18.3951,22.8417,29.9615,207.598,209.6606,0.2278,0.1355,189777.4849,180095.4964,cpu_stress,productcatalogservice,2026-06-09 16:25:00,2026-06-09 16:40:00,post_fault,0.118536785,0
2026-06-09 16:46:15,1575,EXP_FAULT_05,RUN_05,cpu_stress,1,cartservice,cart-f05-02,online-boutique,node-c,0.3678,42.6915,0,206.9872,0.001385,10.1035,7.1509,15.4712,20.3398,30.0909,204.7086,206.7006,0.1849,0.1017,263111.5293,178329.9694,cpu_stress,productcatalogservice,2026-06-09 16:25:00,2026-06-09 16:40:00,post_fault,0.008022055,0
2026-06-09 16:46:20,1580,EXP_FAULT_05,RUN_05,cpu_stress,1,cartservice,cart-f05-02,online-boutique,node-c,0.3515,43.0169,0,205.2528,0.001078,9.4333,7.5851,16.6416,19.9531,26.5781,203.0264,205.0316,0.1118,0.1094,255305.8631,198549.5437,cpu_stress,productcatalogservice,2026-06-09 16:25:00,2026-06-09 16:40:00,post_fault,0.024595704,0
2026-06-09 16:46:25,1585,EXP_FAULT_05,RUN_05,cpu_stress,1,cartservice,cart-f05-02,online-boutique,node-c,0.3838,43.0671,0,212.3854,0.001192,9.8892,7.806,16.647,21.5386,32.2977,210.0917,212.1324,0.0936,0.1594,213975.3156,219241.9321,cpu_stress,productcatalogservice,2026-06-09 16:25:00,2026-06-09 16:40:00,post_fault,0.25346774,0
2026-06-09 16:46:30,1590,EXP_FAULT_05,RUN_05,cpu_stress,1,cartservice,cart-f05-02,online-boutique,node-c,0.3729,42.1932,0,203.1594,0.001459,10.2192,7.1856,18.0242,22.3132,30.9192,200.9533,202.8631,0.1695,0.1268,251841.1936,193024.7619,cpu_stress,productcatalogservice,2026-06-09 16:25:00,2026-06-09 16:40:00,post_fault,0.030621335,0
2026-06-09 16:46:35,1595,EXP_FAULT_05,RUN_05,cpu_stress,1,cartservice,cart-f05-02,online-boutique,node-c,0.3538,42.6771,0,202.4773,0.001776,10.575,7.779,18.6461,20.7451,33.582,200.3106,202.1176,0.2177,0.142,254852.4977,133393.4079,cpu_stress,productcatalogservice,2026-06-09 16:25:00,2026-06-09 16:40:00,post_fault,0.49302673,0
2026-06-09 16:46:40,1600,EXP_FAULT_05,RUN_05,cpu_stress,1,cartservice,cart-f05-02,online-boutique,node-c,0.3758,43.0647,0,204.9013,0.000984,10.1068,7.5953,15.9628,21.7523,30.556,202.8198,204.6997,0.0927,0.1089,188613.8354,173998.1278,cpu_stress,productcatalogservice,2026-06-09 16:25:00,2026-06-09 16:40:00,post_fault,0.102541864,0
2026-06-09 16:46:45,1605,EXP_FAULT_05,RUN_05,cpu_stress,1,cartservice,cart-f05-02,online-boutique,node-c,0.3637,42.7022,0,199.1961,0.000889,10.4203,8.0686,16.2423,20.6677,31.4517,197.2002,199.0191,0.0805,0.0965,254631.3094,179410.043,cpu_stress,productcatalogservice,2026-06-09 16:25:00,2026-06-09 16:40:00,post_fault,0.044853322,0
2026-06-09 16:46:50,1610,EXP_FAULT_05,RUN_05,cpu_stress,1,cartservice,cart-f05-02,online-boutique,node-c,0.3622,42.5368,0,208.508,0.001196,10.1671,7.2246,17.0534,20.8731,30.9979,206.3888,208.2587,0.1303,0.1189,197419.4152,203699.9129,cpu_stress,productcatalogservice,2026-06-09 16:25:00,2026-06-09 16:40:00,post_fault,0.054112952,0
2026-06-09 16:46:55,1615,EXP_FAULT_05,RUN_05,cpu_stress,1,cartservice,cart-f05-02,online-boutique,node-c,0.3703,42.3574,0,203.0014,0.00099,9.7657,7.0169,15.5799,19.7401,28.9856,200.9897,202.8003,0.0823,0.1188,174246.5815,201834.9691,cpu_stress,productcatalogservice,2026-06-09 16:25:00,2026-06-09 16:40:00,post_fault,0.08482255,0
2026-06-09 16:47:00,1620,EXP_FAULT_05,RUN_05,cpu_stress,1,cartservice,cart-f05-02,online-boutique,node-c,0.3601,43.0786,0,213.0365,0.001644,10.8854,8.1923,16.9267,21.1069,35.1711,210.8646,212.6862,0.239,0.1113,177032.6168,150411.1453,cpu_stress,productcatalogservice,2026-06-09 16:25:00,2026-06-09 16:40:00,post_fault,0.56481326,0
2026-06-09 16:47:05,1625,EXP_FAULT_05,RUN_05,cpu_stress,1,cartservice,cart-f05-02,online-boutique,node-c,0.3539,43.0529,0,198.5232,0.00134,8.8969,6.5164,13.7129,18.4314,28.3959,196.5896,198.2571,0.1142,0.1518,227794.919,174101.4149,cpu_stress,productcatalogservice,2026-06-09 16:25:00,2026-06-09 16:40:00,post_fault,0.009186772,0
2026-06-09 16:47:10,1630,EXP_FAULT_05,RUN_05,cpu_stress,1,cartservice,cart-f05-02,online-boutique,node-c,0.3527,43.168,0,203.0126,0.001089,9.7887,7.6721,16.7647,20.6638,30.2542,201.0889,202.7915,0.1114,0.1097,247162.5621,177798.0932,cpu_stress,productcatalogservice,2026-06-09 16:25:00,2026-06-09 16:40:00,post_fault,0.05896855,0
2026-06-09 16:47:15,1635,EXP_FAULT_05,RUN_05,cpu_stress,1,cartservice,cart-f05-02,online-boutique,node-c,0.3657,42.9251,0,206.7687,0.001135,9.6749,7.6468,16.2314,18.6524,26.9323,204.7989,206.534,0.0812,0.1534,250151.8828,192203.3269,cpu_stress,productcatalogservice,2026-06-09 16:25:00,2026-06-09 16:40:00,post_fault,0.029672414,0
2026-06-09 16:47:20,1640,EXP_FAULT_05,RUN_05,cpu_stress,1,cartservice,cart-f05-02,online-boutique,node-c,0.3861,43.2439,0,206.8344,0.001012,10.4459,8.4189,17.6398,21.6745,31.9469,204.9137,206.6251,0.0951,0.1142,259699.4872,210938.3706,cpu_stress,productcatalogservice,2026-06-09 16:25:00,2026-06-09 16:40:00,post_fault,0.1715628,0
2026-06-09 16:47:25,1645,EXP_FAULT_05,RUN_05,cpu_stress,1,cartservice,cart-f05-02,online-boutique,node-c,0.3722,42.1011,0,204.7369,0.001966,9.059,6.4949,14.8701,18.3254,28.9518,202.7085,204.3343,0.2871,0.1155,198834.1169,172459.4231,cpu_stress,productcatalogservice,2026-06-09 16:25:00,2026-06-09 16:40:00,post_fault,0.13812152,0
2026-06-09 16:47:30,1650,EXP_FAULT_05,RUN_05,cpu_stress,1,cartservice,cart-f05-02,online-boutique,node-c,0.3684,42.2859,0,212.0995,0.001249,11.0185,8.0636,18.3462,23.7077,35.0444,210.1533,211.8346,0.1595,0.1053,217859.5604,146598.8408,cpu_stress,productcatalogservice,2026-06-09 16:25:00,2026-06-09 16:40:00,post_fault,0.26819047,0
2026-06-09 16:47:35,1655,EXP_FAULT_05,RUN_05,cpu_stress,1,cartservice,cart-f05-02,online-boutique,node-c,0.3756,42.2984,0,212.9273,0.001062,9.8331,6.8749,15.3068,19.5811,29.309,211.0099,212.7011,0.0771,0.1491,208487.3209,205391.035,cpu_stress,productcatalogservice,2026-06-09 16:25:00,2026-06-09 16:40:00,post_fault,0.087909915,0
2026-06-09 16:47:40,1660,EXP_FAULT_05,RUN_05,cpu_stress,1,cartservice,cart-f05-02,online-boutique,node-c,0.3504,42.4458,0,214.9281,0.001582,9.4086,6.5411,15.6902,19.8092,26.9693,212.9431,214.5881,0.2168,0.1232,185610.9426,141113.6696,cpu_stress,productcatalogservice,2026-06-09 16:25:00,2026-06-09 16:40:00,post_fault,0.15284109,0
2026-06-09 16:47:45,1665,EXP_FAULT_05,RUN_05,cpu_stress,1,cartservice,cart-f05-02,online-boutique,node-c,0.375,42.4227,0,205.8433,0.00196,9.7551,6.7324,16.3491,20.9354,31.1411,203.9045,205.4399,0.272,0.1314,206949.7339,209839.0147,cpu_stress,productcatalogservice,2026-06-09 16:25:00,2026-06-09 16:40:00,post_fault,0.046285257,0
2026-06-09 16:47:50,1670,EXP_FAULT_05,RUN_05,cpu_stress,1,cartservice,cart-f05-02,online-boutique,node-c,0.3717,42.3704,0,220.072,0.001209,9.5965,7.6223,15.3169,19.0297,27.9234,218.1348,219.8059,0.1183,0.1478,202175.9803,220364.4612,cpu_stress,productcatalogservice,2026-06-09 16:25:00,2026-06-09 16:40:00,post_fault,0.050281238,0
2026-06-09 16:47:55,1675,EXP_FAULT_05,RUN_05,cpu_stress,1,cartservice,cart-f05-02,online-boutique,node-c,0.361,42.4116,0,213.2878,0.001666,10.4354,7.3431,17.1155,23.0271,33.165,211.4175,212.9325,0.218,0.1373,195442.4629,190016.7749,cpu_stress,productcatalogservice,2026-06-09 16:25:00,2026-06-09 16:40:00,post_fault,0.3019423,0
2026-06-09 16:48:00,1680,EXP_FAULT_05,RUN_05,cpu_stress,1,cartservice,cart-f05-02,online-boutique,node-c,0.3578,42.6251,0,223.8331,0.001401,10.2075,8.0714,17.9129,22.1245,27.5745,221.9644,223.5196,0.1801,0.1334,214764.3696,223970.8123,cpu_stress,productcatalogservice,2026-06-09 16:25:00,2026-06-09 16:40:00,post_fault,0.29589263,0
2026-06-09 16:48:05,1685,EXP_FAULT_05,RUN_05,cpu_stress,1,cartservice,cart-f05-02,online-boutique,node-c,0.3592,42.7011,0,217.1585,0.001795,10.2725,7.3073,15.6528,20.1448,30.7331,215.2226,216.7687,0.2807,0.1091,230096.6088,183180.8276,cpu_stress,productcatalogservice,2026-06-09 16:25:00,2026-06-09 16:40:00,post_fault,0.34678227,0
2026-06-09 16:48:10,1690,EXP_FAULT_05,RUN_05,cpu_stress,1,cartservice,cart-f05-02,online-boutique,node-c,0.3691,42.4944,0,218.3171,0.000673,10.0574,7.1621,17.1681,20.808,30.44,216.5915,218.1702,0.0638,0.0831,239465.1445,158180.3018,cpu_stress,productcatalogservice,2026-06-09 16:25:00,2026-06-09 16:40:00,post_fault,0.0066445856,0
2026-06-09 16:48:15,1695,EXP_FAULT_05,RUN_05,cpu_stress,1,cartservice,cart-f05-02,online-boutique,node-c,0.3793,42.7834,0,212.6352,0.001869,10.093,7.5652,15.9955,19.1325,31.1413,210.8489,212.2378,0.2767,0.1207,238884.9431,204313.4824,cpu_stress,productcatalogservice,2026-06-09 16:25:00,2026-06-09 16:40:00,post_fault,0.04123096,0
2026-06-09 16:48:20,1700,EXP_FAULT_05,RUN_05,cpu_stress,1,cartservice,cart-f05-02,online-boutique,node-c,0.3779,42.5537,0,219.8851,0.001775,9.5183,7.1152,16.1232,20.3515,29.5122,218.1132,219.4947,0.2746,0.1158,276937.5159,168563.0751,cpu_stress,productcatalogservice,2026-06-09 16:25:00,2026-06-09 16:40:00,post_fault,0.061941188,0
2026-06-09 16:48:25,1705,EXP_FAULT_05,RUN_05,cpu_stress,1,cartservice,cart-f05-02,online-boutique,node-c,0.343,41.9283,0,212.2512,0.001325,10.1239,8.1182,16.9515,19.3374,27.1212,210.57,211.97,0.1352,0.146,257834.8666,186970.5603,cpu_stress,productcatalogservice,2026-06-09 16:25:00,2026-06-09 16:40:00,post_fault,0.6304816,0
2026-06-09 16:48:30,1710,EXP_FAULT_05,RUN_05,cpu_stress,1,cartservice,cart-f05-02,online-boutique,node-c,0.3585,43.5467,0,212.4358,0.000674,9.4843,6.8221,15.5195,20.5001,27.1617,210.825,212.2927,0.0572,0.086,196848.2998,168204.5703,cpu_stress,productcatalogservice,2026-06-09 16:25:00,2026-06-09 16:40:00,post_fault,0.022181517,0
2026-06-09 16:48:35,1715,EXP_FAULT_05,RUN_05,cpu_stress,1,cartservice,cart-f05-02,online-boutique,node-c,0.3624,43.119,0,214.1323,0.00093,10.2021,7.1629,16.9187,21.2535,30.8072,212.5213,213.9331,0.1108,0.0884,267445.2592,146891.7932,cpu_stress,productcatalogservice,2026-06-09 16:25:00,2026-06-09 16:40:00,post_fault,0.049959995,0
2026-06-09 16:48:40,1720,EXP_FAULT_05,RUN_05,cpu_stress,1,cartservice,cart-f05-02,online-boutique,node-c,0.3493,43.2068,0,210.4438,0.001235,10.6582,7.3994,16.3914,23.2174,31.3326,208.8428,210.1839,0.1394,0.1205,221180.5487,215378.0217,cpu_stress,productcatalogservice,2026-06-09 16:25:00,2026-06-09 16:40:00,post_fault,0.6795231,1
2026-06-09 16:48:45,1725,EXP_FAULT_05,RUN_05,cpu_stress,1,cartservice,cart-f05-02,online-boutique,node-c,0.3728,42.0466,0,208.7677,0.000623,10.4751,7.3125,18.4233,19.9063,27.6538,207.2579,208.6376,0.0541,0.076,229469.1359,177170.062,cpu_stress,productcatalogservice,2026-06-09 16:25:00,2026-06-09 16:40:00,post_fault,0.0073746345,0
2026-06-09 16:48:50,1730,EXP_FAULT_05,RUN_05,cpu_stress,1,cartservice,cart-f05-02,online-boutique,node-c,0.3596,42.9259,0,210.0236,0.001309,9.8875,7.3873,15.1626,21.5221,28.8522,208.4137,209.7487,0.14,0.1349,243408.6781,214700.4065,cpu_stress,productcatalogservice,2026-06-09 16:25:00,2026-06-09 16:40:00,post_fault,0.04675781,0
2026-06-09 16:48:55,1735,EXP_FAULT_05,RUN_05,cpu_stress,1,cartservice,cart-f05-02,online-boutique,node-c,0.3694,43.1363,0,205.4336,0.001612,10.1507,7.2819,16.3609,20.8984,30.0227,203.845,205.1023,0.2635,0.0678,193708.1474,209118.3748,cpu_stress,productcatalogservice,2026-06-09 16:25:00,2026-06-09 16:40:00,post_fault,0.027346665,0
2026-06-09 16:49:00,1740,EXP_FAULT_05,RUN_05,cpu_stress,1,cartservice,cart-f05-02,online-boutique,node-c,0.3642,42.2715,0,202.2053,0.001213,9.6594,6.8391,16.097,19.9736,27.5307,200.7441,201.96,0.1599,0.0854,193985.3144,131740.2139,cpu_stress,productcatalogservice,2026-06-09 16:25:00,2026-06-09 16:40:00,post_fault,0.024003308,0
2026-06-09 16:49:05,1745,EXP_FAULT_05,RUN_05,cpu_stress,1,cartservice,cart-f05-02,online-boutique,node-c,0.3616,42.1113,0,204.0855,0.001315,9.9454,7.8593,16.2196,21.1128,27.137,202.5741,203.8172,0.1929,0.0754,257379.7077,196857.1482,cpu_stress,productcatalogservice,2026-06-09 16:25:00,2026-06-09 16:40:00,post_fault,0.02101976,0
2026-06-09 16:49:10,1750,EXP_FAULT_05,RUN_05,cpu_stress,1,cartservice,cart-f05-02,online-boutique,node-c,0.3672,42.2975,0,205.8642,0.002046,9.5007,7.1908,16.3542,20.1864,26.7796,204.2851,205.443,0.3069,0.1142,260202.1342,149494.9082,cpu_stress,productcatalogservice,2026-06-09 16:25:00,2026-06-09 16:40:00,post_fault,0.03268348,0
2026-06-09 16:49:15,1755,EXP_FAULT_05,RUN_05,cpu_stress,1,cartservice,cart-f05-02,online-boutique,node-c,0.3666,42.5597,0,199.53,0.001213,10.5235,7.4786,17.8734,21.7358,27.6148,198.118,199.288,0.1287,0.1133,178514.6177,135861.2976,cpu_stress,productcatalogservice,2026-06-09 16:25:00,2026-06-09 16:40:00,post_fault,0.047965173,0
2026-06-09 16:49:20,1760,EXP_FAULT_05,RUN_05,cpu_stress,1,cartservice,cart-f05-02,online-boutique,node-c,0.3691,42.9171,0,196.1803,0.001572,9.8804,7.3091,16.5148,21.4412,28.1864,194.7614,195.8719,0.1818,0.1267,237341.0715,173554.3147,cpu_stress,productcatalogservice,2026-06-09 16:25:00,2026-06-09 16:40:00,post_fault,0.024616206,0
2026-06-09 16:49:25,1765,EXP_FAULT_05,RUN_05,cpu_stress,1,cartservice,cart-f05-02,online-boutique,node-c,0.3727,43.6188,0,194.0655,0.001627,9.5738,6.8044,15.4196,19.0039,25.1034,192.6446,193.7497,0.2384,0.0774,212055.4391,172631.4075,cpu_stress,productcatalogservice,2026-06-09 16:25:00,2026-06-09 16:40:00,post_fault,0.14852014,0
2026-06-09 16:49:30,1770,EXP_FAULT_05,RUN_05,cpu_stress,1,cartservice,cart-f05-02,online-boutique,node-c,0.3663,43.0321,0,201.9665,0.000858,9.8586,7.6838,16.9306,20.9922,30.8476,200.5792,201.7931,0.0636,0.1097,165703.1963,144591.5696,cpu_stress,productcatalogservice,2026-06-09 16:25:00,2026-06-09 16:40:00,post_fault,0.040828273,0
2026-06-09 16:49:35,1775,EXP_FAULT_05,RUN_05,cpu_stress,1,cartservice,cart-f05-02,online-boutique,node-c,0.3555,42.5226,0,194.358,0.001916,9.7376,6.7895,17.0562,18.7001,28.194,192.8508,193.9856,0.3088,0.0636,166816.8598,175693.1568,cpu_stress,productcatalogservice,2026-06-09 16:25:00,2026-06-09 16:40:00,post_fault,0.08957254,0
2026-06-09 16:49:40,1780,EXP_FAULT_05,RUN_05,cpu_stress,1,cartservice,cart-f05-02,online-boutique,node-c,0.3708,42.0916,0,191.4406,0.000975,9.3353,6.9652,15.1892,18.3158,25.6912,190.1161,191.2539,0.0678,0.1188,183127.6461,162236.7353,cpu_stress,productcatalogservice,2026-06-09 16:25:00,2026-06-09 16:40:00,post_fault,0.3514845,0
2026-06-09 16:49:45,1785,EXP_FAULT_05,RUN_05,cpu_stress,1,cartservice,cart-f05-02,online-boutique,node-c,0.3426,42.9934,0,189.7758,0.002053,9.6732,7.4488,16.4857,19.2813,28.5437,188.3691,189.3862,0.2868,0.1027,220881.0244,128502.129,cpu_stress,productcatalogservice,2026-06-09 16:25:00,2026-06-09 16:40:00,post_fault,0.4171585,0
2026-06-09 16:49:50,1790,EXP_FAULT_05,RUN_05,cpu_stress,1,cartservice,cart-f05-02,online-boutique,node-c,0.3598,42.7622,0,192.0436,0.001708,9.815,6.9505,15.1114,19.6429,25.7152,190.5898,191.7157,0.2686,0.0594,202479.0593,153090.4718,cpu_stress,productcatalogservice,2026-06-09 16:25:00,2026-06-09 16:40:00,post_fault,0.015987637,0
2026-06-09 16:49:55,1795,EXP_FAULT_05,RUN_05,cpu_stress,1,cartservice,cart-f05-02,online-boutique,node-c,0.3466,43.1074,0,196.9782,0.001413,8.5092,6.3897,14.4322,17.7385,23.5904,195.5748,196.6999,0.2061,0.0722,235848.5699,130269.8501,cpu_stress,productcatalogservice,2026-06-09 16:25:00,2026-06-09 16:40:00,post_fault,0.0030327085,0
