timestamp,relative_time_sec,experiment_id,run_id,scenario,label,service,pod,namespace,node,cpu_usage,memory_usage_mb,restart_count,request_rate,error_rate,avg_latency_ms,p50_latency_ms,p90_latency_ms,p95_latency_ms,p99_latency_ms,throughput,http_2xx_rate,http_4xx_rate,http_5xx_rate,network_receive_bytes,network_transmit_bytes,fault_type,fault_service,fault_start_time,fault_end_time,fault_phase,anomaly_score,prediction
2026-06-09 14:00:00,0,EXP_FAULT_01,RUN_01,pod_kill,1,frontend,frontend-f01-00,online-boutique,node-a,0.8131,83.7447,0,510.6671,0.001334,18.256,12.8162,28.0145,36.9977,50.189,510.2722,509.9857,0.5425,0.1389,501424.9423,480597.1484,pod_kill,coupon-service,2026-06-09 14:05:00,2026-06-09 14:20:00,pre_fault,0.018378902,0
2026-06-09 14:00:05,5,EXP_FAULT_01,RUN_01,pod_kill,1,frontend,frontend-f01-00,online-boutique,node-a,0.8038,82.2006,0,514.7198,0.000747,19.3502,15.0979,28.1223,38.5412,48.2847,514.4514,514.3355,0.3772,0.0071,624904.847,337740.1815,pod_kill,coupon-service,2026-06-09 14:05:00,2026-06-09 14:20:00,pre_fault,0.031208286,0
2026-06-09 14:00:10,10,EXP_FAULT_01,RUN_01,pod_kill,1,frontend,frontend-f01-00,online-boutique,node-a,0.8051,84.644,0,515.6399,0.000427,17.3925,13.0645,26.3112,31.7444,42.7728,515.4905,515.4198,0.1457,0.0744,481700.7195,361284.6466,pod_kill,coupon-service,2026-06-09 14:05:00,2026-06-09 14:20:00,pre_fault,0.10525404,0
2026-06-09 14:00:15,15,EXP_FAULT_01,RUN_01,pod_kill,1,frontend,frontend-f01-00,online-boutique,node-a,0.7777,83.209,0,523.7828,0.001374,17.1934,12.4225,29.1062,35.0488,47.954,523.4155,523.0631,0.5683,0.1514,460939.1622,366873.5258,pod_kill,coupon-service,2026-06-09 14:05:00,2026-06-09 14:20:00,pre_fault,0.5419007,1
2026-06-09 14:00:20,20,EXP_FAULT_01,RUN_01,pod_kill,1,frontend,frontend-f01-00,online-boutique,node-a,0.8122,83.6411,0,533.4313,0.001843,18.4033,14.8774,27.2698,33.4688,43.7992,532.7793,532.4484,0.8325,0.1504,446219.2808,533670.6444,pod_kill,coupon-service,2026-06-09 14:05:00,2026-06-09 14:20:00,pre_fault,0.09159799,0
2026-06-09 14:00:25,25,EXP_FAULT_01,RUN_01,pod_kill,1,frontend,frontend-f01-00,online-boutique,node-a,0.7873,82.6166,0,516.5104,0.000938,19.878,14.0286,32.42,39.7666,56.2188,516.2239,516.0259,0.3439,0.1406,530902.7375,535896.3208,pod_kill,coupon-service,2026-06-09 14:05:00,2026-06-09 14:20:00,pre_fault,0.018893601,0
2026-06-09 14:00:30,30,EXP_FAULT_01,RUN_01,pod_kill,1,frontend,frontend-f01-00,online-boutique,node-a,0.7736,83.5931,0,519.2684,0.001643,18.3988,14.5064,29.3019,35.4082,47.9339,518.7661,518.415,0.6848,0.1686,659402.4291,497296.3753,pod_kill,coupon-service,2026-06-09 14:05:00,2026-06-09 14:20:00,pre_fault,0.19349983,0
2026-06-09 14:00:35,35,EXP_FAULT_01,RUN_01,pod_kill,1,frontend,frontend-f01-00,online-boutique,node-a,0.772,82.4472,0,512.0103,0.001524,17.5493,14.1052,26.132,33.5574,47.8551,511.5766,511.2298,0.7169,0.0636,555181.5743,492691.1732,pod_kill,coupon-service,2026-06-09 14:05:00,2026-06-09 14:20:00,pre_fault,0.35327622,0
2026-06-09 14:00:40,40,EXP_FAULT_01,RUN_01,pod_kill,1,frontend,frontend-f01-00,online-boutique,node-a,0.7683,82.2928,0,542.7161,0.000755,16.6805,13.5733,26.5216,31.2296,47.2027,542.5271,542.3063,0.2208,0.189,467295.493,533958.2805,pod_kill,coupon-service,2026-06-09 14:05:00,2026-06-09 14:20:00,pre_fault,1.2248996,1
2026-06-09 14:00:45,45,EXP_FAULT_01,RUN_01,pod_kill,1,frontend,frontend-f01-00,online-boutique,node-a,0.7728,82.1768,0,560.7437,0.001872,19.1293,13.821,32.2599,35.0838,47.6101,559.9999,559.6939,0.8918,0.158,512869.6618,571606.5831,pod_kill,coupon-service,2026-06-09 14:05:00,2026-06-09 14:20:00,pre_fault,0.46110302,0
2026-06-09 14:00:50,50,EXP_FAULT_01,RUN_01,pod_kill,1,frontend,frontend-f01-00,online-boutique,node-a,0.7999,83.7724,0,543.2424,0.001472,18.437,14.7845,27.6733,34.5806,45.7863,542.8366,542.4425,0.6423,0.1576,623236.6593,416850.9524,pod_kill,coupon-service,2026-06-09 14:05:00,2026-06-09 14:20:00,pre_fault,0.21834695,0
2026-06-09 14:00:55,55,EXP_FAULT_01,RUN_01,pod_kill,1,frontend,frontend-f01-00,online-boutique,node-a,0.7923,81.7718,0,546.4272,0.001288,20.3258,14.5652,33.942,36.0551,50.8337,546.1161,545.7234,0.6964,0.0073,602269.9443,462968.8234,pod_kill,coupon-service,2026-06-09 14:05:00,2026-06-09 14:20:00,pre_fault,0.026173051,0
2026-06-09 14:01:00,60,EXP_FAULT_01,RUN_01,pod_kill,1,frontend,frontend-f01-00,online-boutique,node-a,0.8199,83.8483,0,519.4792,0.001288,16.9138,12.5813,25.0108,30.4365,43.3948,519.1744,518.8098,0.516,0.1533,447057.5344,490832.7953,pod_kill,coupon-service,2026-06-09 14:05:00,2026-06-09 14:20:00,pre_fault,0.14856341,0
2026-06-09 14:01:05,65,EXP_FAULT_01,RUN_01,pod_kill,1,frontend,frontend-f01-00,online-boutique,node-a,0.8313,82.8117,0,539.3908,0.001006,18.0293,14.6609,28.4645,33.7189,47.0722,539.1643,538.8483,0.4257,0.1169,488188.1284,395964.022,pod_kill,coupon-service,2026-06-09 14:05:00,2026-06-09 14:20:00,pre_fault,0.055880465,0
2026-06-09 14:01:10,70,EXP_FAULT_01,RUN_01,pod_kill,1,frontend,frontend-f01-00,online-boutique,node-a,0.8189,83.3457,0,539.3792,0.000797,19.647,14.5805,30.7216,38.896,49.1324,539.1733,538.9491,0.4197,0.0104,567901.5182,376436.1195,pod_kill,coupon-service,2026-06-09 14:05:00,2026-06-09 14:20:00,pre_fault,0.017258551,0
2026-06-09 14:01:15,75,EXP_FAULT_01,RUN_01,pod_kill,1,frontend,frontend-f01-00,online-boutique,node-a,0.7976,84.1314,0,557.8693,0.001619,19.3529,15.127,32.0364,36.0353,53.0319,557.4835,556.9661,0.8309,0.0723,461436.746,366775.0254,pod_kill,coupon-service,2026-06-09 14:05:00,2026-06-09 14:20:00,pre_fault,0.1698654,0
2026-06-09 14:01:20,80,EXP_FAULT_01,RUN_01,pod_kill,1,frontend,frontend-f01-00,online-boutique,node-a,0.747,83.6925,0,533.8849,0.001603,17.5853,13.8805,27.9406,30.9534,45.664,533.3427,533.0292,0.7719,0.0838,469974.1273,349173.8214,pod_kill,coupon-service,2026-06-09 14:05:00,2026-06-09 14:20:00,pre_fault,0.9778646,1
2026-06-09 14:01:25,85,EXP_FAULT_01,RUN_01,pod_kill,1,frontend,frontend-f01-00,online-boutique,node-a,0.7724,81.8336,0,526.0834,0.001123,18.4546,14.302,27.9994,36.3886,47.0848,525.8134,525.4928,0.4566,0.1341,568719.7338,345316.5544,pod_kill,coupon-service,2026-06-09 14:05:00,2026-06-09 14:20:00,pre_fault,0.19113597,0
2026-06-09 14:01:30,90,EXP_FAULT_01,RUN_01,pod_kill,1,frontend,frontend-f01-00,online-boutique,node-a,0.813,83.5325,0,539.7012,0.001429,17.652,12.4337,29.8535,33.8854,43.2882,539.3923,538.9302,0.6263,0.1447,667995.0235,379010.2682,pod_kill,coupon-service,2026-06-09 14:05:00,2026-06-09 14:20:00,pre_fault,0.21904762,0
2026-06-09 14:01:35,95,EXP_FAULT_01,RUN_01,pod_kill,1,frontend,frontend-f01-00,online-boutique,node-a,0.7844,82.1856,0,541.9647,0.00104,17.563,12.625,25.4787,31.2739,41.7009,541.6478,541.4008,0.3778,0.186,498441.5821,563332.9132,pod_kill,coupon-service,2026-06-09 14:05:00,2026-06-09 14:20:00,pre_fault,0.54815596,1
2026-06-09 14:01:40,100,EXP_FAULT_01,RUN_01,pod_kill,1,frontend,frontend-f01-00,online-boutique,node-a,0.7701,83.3103,0,536.8662,0.000957,16.7819,12.6039,25.5495,30.3893,47.1621,536.6519,536.3523,0.3577,0.1563,625961.8119,428888.3189,pod_kill,coupon-service,2026-06-09 14:05:00,2026-06-09 14:20:00,pre_fault,0.9555026,1
2026-06-09 14:01:45,105,EXP_FAULT_01,RUN_01,pod_kill,1,frontend,frontend-f01-00,online-boutique,node-a,0.7993,83.3643,0,532.9061,0.001374,18.6343,13.9478,30.6821,33.3962,46.222,532.5483,532.1739,0.667,0.0651,622838.2567,482984.7344,pod_kill,coupon-service,2026-06-09 14:05:00,2026-06-09 14:20:00,pre_fault,0.10562463,0
2026-06-09 14:01:50,110,EXP_FAULT_01,RUN_01,pod_kill,1,frontend,frontend-f01-00,online-boutique,node-a,0.799,84.0428,0,553.6059,0.001195,19.1365,14.1695,30.2599,39.1994,53.0872,553.161,552.9443,0.5887,0.073,538837.5822,400557.6423,pod_kill,coupon-service,2026-06-09 14:05:00,2026-06-09 14:20:00,pre_fault,0.15683715,0
2026-06-09 14:01:55,115,EXP_FAULT_01,RUN_01,pod_kill,1,frontend,frontend-f01-00,online-boutique,node-a,0.8239,85.7654,0,532.4651,0.000923,17.8316,13.8659,26.7054,35.4398,46.8283,532.2672,531.9738,0.449,0.0424,473467.5356,405279.674,pod_kill,coupon-service,2026-06-09 14:05:00,2026-06-09 14:20:00,pre_fault,0.08556831,0
2026-06-09 14:02:00,120,EXP_FAULT_01,RUN_01,pod_kill,1,frontend,frontend-f01-00,online-boutique,node-a,0.7929,83.8515,0,529.6998,0.001036,17.0743,12.4829,27.6879,30.5007,46.8619,529.3984,529.1511,0.5323,0.0164,667051.755,536776.3005,pod_kill,coupon-service,2026-06-09 14:05:00,2026-06-09 14:20:00,pre_fault,0.42108408,0
2026-06-09 14:02:05,125,EXP_FAULT_01,RUN_01,pod_kill,1,frontend,frontend-f01-00,online-boutique,node-a,0.762,82.9112,0,546.0317,0.001472,17.7963,12.5071,28.748,34.5444,49.7612,545.6277,545.2278,0.7123,0.0916,662856.6261,470054.8181,pod_kill,coupon-service,2026-06-09 14:05:00,2026-06-09 14:20:00,pre_fault,0.8043953,1
2026-06-09 14:02:10,130,EXP_FAULT_01,RUN_01,pod_kill,1,frontend,frontend-f01-00,online-boutique,node-a,0.8133,83.9086,0,524.3011,0.000596,17.7825,12.7876,27.3974,31.9533,48.0822,524.0872,523.9884,0.1368,0.1759,598966.0533,405509.1383,pod_kill,coupon-service,2026-06-09 14:05:00,2026-06-09 14:20:00,pre_fault,0.075286895,0
2026-06-09 14:02:15,135,EXP_FAULT_01,RUN_01,pod_kill,1,frontend,frontend-f01-00,online-boutique,node-a,0.8296,82.4366,0,547.2828,0.00058,17.7241,13.3874,27.7834,31.9511,43.7247,547.0997,546.9656,0.2373,0.0799,632305.6015,418238.3558,pod_kill,coupon-service,2026-06-09 14:05:00,2026-06-09 14:20:00,pre_fault,0.14201418,0
2026-06-09 14:02:20,140,EXP_FAULT_01,RUN_01,pod_kill,1,frontend,frontend-f01-00,online-boutique,node-a,0.7596,82.8273,0,519.469,0.000515,18.5902,14.3284,30.8553,36.9328,50.1759,519.2978,519.2014,0.2317,0.0359,472583.2821,475515.8466,pod_kill,coupon-service,2026-06-09 14:05:00,2026-06-09 14:20:00,pre_fault,0.20541318,0
2026-06-09 14:02:25,145,EXP_FAULT_01,RUN_01,pod_kill,1,frontend,frontend-f01-00,online-boutique,node-a,0.7962,83.485,0,519.3681,0.00152,19.8019,15.7335,33.1526,37.6929,47.674,518.8764,518.5789,0.702,0.0872,480186.222,349619.5686,pod_kill,coupon-service,2026-06-09 14:05:00,2026-06-09 14:20:00,pre_fault,0.013962349,0
2026-06-09 14:02:30,150,EXP_FAULT_01,RUN_01,pod_kill,1,frontend,frontend-f01-00,online-boutique,node-a,0.7844,82.9131,0,527.7663,0.000982,19.7617,13.9394,30.5758,36.9982,55.462,527.4588,527.2477,0.3821,0.1364,506961.348,494876.5803,pod_kill,coupon-service,2026-06-09 14:05:00,2026-06-09 14:20:00,pre_fault,0.009403782,0
2026-06-09 14:02:35,155,EXP_FAULT_01,RUN_01,pod_kill,1,frontend,frontend-f01-00,online-boutique,node-a,0.8175,82.8712,0,520.0602,0.000615,18.4943,14.8645,31.0754,36.247,44.5353,519.8907,519.7406,0.1501,0.1695,531844.2981,492684.5328,pod_kill,coupon-service,2026-06-09 14:05:00,2026-06-09 14:20:00,pre_fault,0.007729566,0
2026-06-09 14:02:40,160,EXP_FAULT_01,RUN_01,pod_kill,1,frontend,frontend-f01-00,online-boutique,node-a,0.7582,82.0524,0,546.2581,0.000721,20.0527,15.3138,33.0082,39.1335,52.6046,546.0556,545.8645,0.2919,0.1017,607646.7578,405488.8231,pod_kill,coupon-service,2026-06-09 14:05:00,2026-06-09 14:20:00,pre_fault,0.10553374,0
2026-06-09 14:02:45,165,EXP_FAULT_01,RUN_01,pod_kill,1,frontend,frontend-f01-00,online-boutique,node-a,0.8046,80.7928,0,527.0702,0.00094,19.843,14.1462,31.1525,37.6852,48.6249,526.8757,526.5748,0.3869,0.1085,504498.5046,547641.5472,pod_kill,coupon-service,2026-06-09 14:05:00,2026-06-09 14:20:00,pre_fault,0.060898,0
2026-06-09 14:02:50,170,EXP_FAULT_01,RUN_01,pod_kill,1,frontend,frontend-f01-00,online-boutique,node-a,0.8136,83.5667,0,526.9383,0.000809,17.3554,12.5689,26.7835,31.9241,45.6749,526.623,526.5119,0.3033,0.1231,492943.0452,454808.4271,pod_kill,coupon-service,2026-06-09 14:05:00,2026-06-09 14:20:00,pre_fault,0.15756029,0
2026-06-09 14:02:55,175,EXP_FAULT_01,RUN_01,pod_kill,1,frontend,frontend-f01-00,online-boutique,node-a,0.8162,83.4746,0,526.642,0.001054,18.8345,13.8511,30.3458,38.3402,53.0163,526.3582,526.087,0.4879,0.0672,663268.638,444919.0253,pod_kill,coupon-service,2026-06-09 14:05:00,2026-06-09 14:20:00,pre_fault,0.027125215,0
2026-06-09 14:03:00,180,EXP_FAULT_01,RUN_01,pod_kill,1,frontend,frontend-f01-00,online-boutique,node-a,0.8031,83.0397,0,530.9207,0.000542,18.6251,13.7882,29.8714,35.8016,47.8763,530.7423,530.6328,0.2737,0.0142,572907.5502,471191.028,pod_kill,coupon-service,2026-06-09 14:05:00,2026-06-09 14:20:00,pre_fault,0.055644393,0
2026-06-09 14:03:05,185,EXP_FAULT_01,RUN_01,pod_kill,1,frontend,frontend-f01-00,online-boutique,node-a,0.751,84.1619,0,544.5117,0.000603,18.6615,15.1656,30.0734,37.5799,51.6658,544.3509,544.1835,0.1674,0.1608,634973.8616,539935.5074,pod_kill,coupon-service,2026-06-09 14:05:00,2026-06-09 14:20:00,pre_fault,0.59856665,1
2026-06-09 14:03:10,190,EXP_FAULT_01,RUN_01,pod_kill,1,frontend,frontend-f01-00,online-boutique,node-a,0.7912,82.4173,0,551.4591,0.001508,18.3519,13.3561,28.5584,33.8667,48.5225,550.9655,550.6274,0.7765,0.0552,677362.7009,481068.3625,pod_kill,coupon-service,2026-06-09 14:05:00,2026-06-09 14:20:00,pre_fault,0.33538675,0
2026-06-09 14:03:15,195,EXP_FAULT_01,RUN_01,pod_kill,1,frontend,frontend-f01-00,online-boutique,node-a,0.8604,82.9616,0,553.1484,0.00086,18.6413,14.4032,30.1473,37.5043,44.429,552.9717,552.6728,0.2989,0.1767,652269.2106,383234.8723,pod_kill,coupon-service,2026-06-09 14:05:00,2026-06-09 14:20:00,pre_fault,0.0053171655,0
2026-06-09 14:03:20,200,EXP_FAULT_01,RUN_01,pod_kill,1,frontend,frontend-f01-00,online-boutique,node-a,0.7862,85.0285,0,546.2974,0.00169,18.0327,12.9276,26.6141,36.3674,45.4786,545.753,545.3744,0.8051,0.1179,451329.1902,459553.8466,pod_kill,coupon-service,2026-06-09 14:05:00,2026-06-09 14:20:00,pre_fault,0.5025052,1
2026-06-09 14:03:25,205,EXP_FAULT_01,RUN_01,pod_kill,1,frontend,frontend-f01-00,online-boutique,node-a,0.8338,83.3881,0,559.3436,0.000909,17.5284,13.0376,28.3368,32.0435,46.5392,558.9975,558.8349,0.3435,0.1651,555994.8143,551422.9372,pod_kill,coupon-service,2026-06-09 14:05:00,2026-06-09 14:20:00,pre_fault,0.2436842,0
2026-06-09 14:03:30,210,EXP_FAULT_01,RUN_01,pod_kill,1,frontend,frontend-f01-00,online-boutique,node-a,0.8463,82.0491,0,566.2485,0.001005,20.7351,15.0712,32.6249,42.3494,54.7267,566.0088,565.6793,0.4098,0.1595,602681.2529,549097.9952,pod_kill,coupon-service,2026-06-09 14:05:00,2026-06-09 14:20:00,pre_fault,0.12401054,0
2026-06-09 14:03:35,215,EXP_FAULT_01,RUN_01,pod_kill,1,frontend,frontend-f01-00,online-boutique,node-a,0.8193,81.2982,0,534.3816,0.000688,20.3322,14.7834,32.7321,36.6544,56.7614,534.2349,534.014,0.2928,0.0749,561490.1921,363903.361,pod_kill,coupon-service,2026-06-09 14:05:00,2026-06-09 14:20:00,pre_fault,0.15745267,0
2026-06-09 14:03:40,220,EXP_FAULT_01,RUN_01,pod_kill,1,frontend,frontend-f01-00,online-boutique,node-a,0.8206,84.5821,0,559.5808,0.001033,19.1652,15.5178,30.3389,38.1041,46.5655,559.2419,559.0025,0.4309,0.1473,621298.4794,549225.54,pod_kill,coupon-service,2026-06-09 14:05:00,2026-06-09 14:20:00,pre_fault,0.08366172,0
2026-06-09 14:03:45,225,EXP_FAULT_01,RUN_01,pod_kill,1,frontend,frontend-f01-00,online-boutique,node-a,0.8897,84.3666,0,552.2052,0.001135,19.6255,14.4335,28.5471,37.5707,46.7161,551.9688,551.5787,0.5407,0.0859,500956.7494,372687.5617,pod_kill,coupon-service,2026-06-09 14:05:00,2026-06-09 14:20:00,pre_fault,0.21790282,0
2026-06-09 14:03:50,230,EXP_FAULT_01,RUN_01,pod_kill,1,frontend,frontend-f01-00,online-boutique,node-a,0.7801,85.7935,0,575.3014,0.001511,18.9493,14.1841,29.7269,35.0374,51.6912,574.8412,574.4321,0.8687,0.0006,547901.5575,419167.3701,pod_kill,coupon-service,2026-06-09 14:05:00,2026-06-09 14:20:00,pre_fault,0.69483805,1
2026-06-09 14:03:55,235,EXP_FAULT_01,RUN_01,pod_kill,1,frontend,frontend-f01-00,online-boutique,node-a,0.8371,84.6692,0,559.6179,0.000674,18.9672,14.876,31.3828,35.2881,48.3609,559.4412,559.2408,0.3612,0.0159,562138.2245,415839.369,pod_kill,coupon-service,2026-06-09 14:05:00,2026-06-09 14:20:00,pre_fault,0.06105559,0
2026-06-09 14:04:00,240,EXP_FAULT_01,RUN_01,pod_kill,1,frontend,frontend-f01-00,online-boutique,node-a,0.7942,82.9278,0,544.4197,0.001113,19.1457,14.9169,31.4114,37.9518,47.4984,543.9916,543.8137,0.4361,0.1699,562348.725,481250.6897,pod_kill,coupon-service,2026-06-09 14:05:00,2026-06-09 14:20:00,pre_fault,0.11096603,0
2026-06-09 14:04:05,245,EXP_FAULT_01,RUN_01,pod_kill,1,frontend,frontend-f01-00,online-boutique,node-a,0.8301,84.2796,0,561.4591,0.001749,19.9273,16.1012,33.2593,38.41,53.6829,561.0473,560.4773,0.8741,0.1077,515516.4705,403261.9648,pod_kill,coupon-service,2026-06-09 14:05:00,2026-06-09 14:20:00,pre_fault,0.047036294,0
2026-06-09 14:04:10,250,EXP_FAULT_01,RUN_01,pod_kill,1,frontend,frontend-f01-00,online-boutique,node-a,0.7785,83.241,0,552.2564,0.001825,19.8317,15.0901,30.6212,39.6329,52.5444,551.7239,551.2483,0.8649,0.1432,504456.4167,436266.2853,pod_kill,coupon-service,2026-06-09 14:05:00,2026-06-09 14:20:00,pre_fault,0.15193819,0
2026-06-09 14:04:15,255,EXP_FAULT_01,RUN_01,pod_kill,1,frontend,frontend-f01-00,online-boutique,node-a,0.7734,84.5984,0,555.4474,0.001828,18.8974,14.1349,32.0665,34.458,50.8083,554.7362,554.4321,0.8357,0.1796,673809.9083,395760.4007,pod_kill,coupon-service,2026-06-09 14:05:00,2026-06-09 14:20:00,pre_fault,0.4800493,0
2026-06-09 14:04:20,260,EXP_FAULT_01,RUN_01,pod_kill,1,frontend,frontend-f01-00,online-boutique,node-a,0.8037,84.2086,0,518.6508,0.000431,17.2814,13.2467,29.0649,30.7485,42.3151,518.5513,518.4272,0.1318,0.0919,476510.2977,402388.2979,pod_kill,coupon-service,2026-06-09 14:05:00,2026-06-09 14:20:00,pre_fault,0.1559299,0
2026-06-09 14:04:25,265,EXP_FAULT_01,RUN_01,pod_kill,1,frontend,frontend-f01-00,online-boutique,node-a,0.7828,82.3135,0,540.2508,0.00133,18.197,14.2031,30.6118,35.4807,48.623,539.8015,539.5322,0.5483,0.1703,625934.6649,365764.9315,pod_kill,coupon-service,2026-06-09 14:05:00,2026-06-09 14:20:00,pre_fault,0.32583934,0
2026-06-09 14:04:30,270,EXP_FAULT_01,RUN_01,pod_kill,1,frontend,frontend-f01-00,online-boutique,node-a,0.7952,84.0072,0,543.9191,0.000981,18.5032,14.4188,29.8868,33.8323,51.286,543.7166,543.3854,0.3918,0.1418,585686.0491,389198.1103,pod_kill,coupon-service,2026-06-09 14:05:00,2026-06-09 14:20:00,pre_fault,0.22346528,0
2026-06-09 14:04:35,275,EXP_FAULT_01,RUN_01,pod_kill,1,frontend,frontend-f01-00,online-boutique,node-a,0.7879,82.2787,0,534.136,0.000837,18.2661,14.0078,28.2721,33.6654,50.1928,533.903,533.6887,0.2886,0.1587,676503.8773,535242.5276,pod_kill,coupon-service,2026-06-09 14:05:00,2026-06-09 14:20:00,pre_fault,0.21222386,0
2026-06-09 14:04:40,280,EXP_FAULT_01,RUN_01,pod_kill,1,frontend,frontend-f01-00,online-boutique,node-a,0.832,83.5098,0,505.8705,0.001313,19.2832,15.0057,27.9659,35.5954,48.1406,505.4948,505.2062,0.5557,0.1086,460476.1882,511409.3603,pod_kill,coupon-service,2026-06-09 14:05:00,2026-06-09 14:20:00,pre_fault,0.12498821,0
2026-06-09 14:04:45,285,EXP_FAULT_01,RUN_01,pod_kill,1,frontend,frontend-f01-00,online-boutique,node-a,0.8074,83.5543,0,521.0439,0.001745,18.8019,13.2495,28.0078,37.3952,50.618,520.7138,520.1348,0.7273,0.1818,615655.2648,382770.0924,pod_kill,coupon-service,2026-06-09 14:05:00,2026-06-09 14:20:00,pre_fault,0.019594494,0
2026-06-09 14:04:50,290,EXP_FAULT_01,RUN_01,pod_kill,1,frontend,frontend-f01-00,online-boutique,node-a,0.7769,82.7944,0,525.903,0.001052,18.0518,13.0998,28.5629,33.4275,50.2065,525.6971,525.3497,0.4832,0.0701,599363.9942,370560.3247,pod_kill,coupon-service,2026-06-09 14:05:00,2026-06-09 14:20:00,pre_fault,0.2867729,0
2026-06-09 14:04:55,295,EXP_FAULT_01,RUN_01,pod_kill,1,frontend,frontend-f01-00,online-boutique,node-a,0.7586,82.0884,0,512.6846,0.001824,17.895,12.9511,29.8839,35.86,43.5894,512.3459,511.7494,0.7891,0.146,528263.9481,493086.1688,pod_kill,coupon-service,2026-06-09 14:05:00,2026-06-09 14:20:00,pre_fault,0.4684561,0
2026-06-09 14:05:00,300,EXP_FAULT_01,RUN_01,pod_kill,1,frontend,frontend-f01-00,online-boutique,node-a,0.7705,82.7687,0,428.2737,0.046594,44.3491,25.9344,95.0666,145.0984,277.0333,393.4734,408.3186,0.7222,19.2328,508263.7841,451624.2359,pod_kill,coupon-service,2026-06-09 14:05:00,2026-06-09 14:20:00,during_fault,2231.687,1
2026-06-09 14:05:05,305,EXP_FAULT_01,RUN_01,pod_kill,1,frontend,frontend-f01-00,online-boutique,node-a,0.7829,82.7533,0,410.105,0.045503,43.9864,25.8362,97.4514,136.2565,275.4365,377.0643,391.4442,0.3747,18.2862,489782.7229,508696.0932,pod_kill,coupon-service,2026-06-09 14:05:00,2026-06-09 14:20:00,during_fault,2127.7585,1
2026-06-09 14:05:10,310,EXP_FAULT_01,RUN_01,pod_kill,1,frontend,frontend-f01-00,online-boutique,node-a,0.7754,82.9013,0,420.0014,0.04577,41.7446,21.5882,87.6859,138.4718,237.7519,386.3219,400.7781,0.5924,18.631,590516.7547,421916.5906,pod_kill,coupon-service,2026-06-09 14:05:00,2026-06-09 14:20:00,during_fault,2146.9734,1
2026-06-09 14:05:15,315,EXP_FAULT_01,RUN_01,pod_kill,1,frontend,frontend-f01-00,online-boutique,node-a,0.7889,83.9353,0,422.6135,0.046338,44.9897,24.1181,98.7602,153.8682,258.5585,389.0096,403.0303,0.8033,18.7799,665669.6395,408483.5444,pod_kill,coupon-service,2026-06-09 14:05:00,2026-06-09 14:20:00,during_fault,2199.2578,1
2026-06-09 14:05:20,320,EXP_FAULT_01,RUN_01,pod_kill,1,frontend,frontend-f01-00,online-boutique,node-a,0.7989,83.6945,0,409.1031,0.044724,43.7729,23.9537,97.2593,138.7369,277.9376,377.1967,390.8062,0.3622,17.9347,540271.9598,427133.7326,pod_kill,coupon-service,2026-06-09 14:05:00,2026-06-09 14:20:00,during_fault,2045.0668,1
2026-06-09 14:05:25,325,EXP_FAULT_01,RUN_01,pod_kill,1,frontend,frontend-f01-00,online-boutique,node-a,0.8066,83.5149,0,413.4195,0.045156,44.2327,23.7868,95.1354,136.4396,237.9852,381.6609,394.7511,0.6785,17.9899,484513.7113,348829.2433,pod_kill,coupon-service,2026-06-09 14:05:00,2026-06-09 14:20:00,during_fault,2083.4524,1
2026-06-09 14:05:30,330,EXP_FAULT_01,RUN_01,pod_kill,1,frontend,frontend-f01-00,online-boutique,node-a,0.7577,83.4867,0,413.9998,0.044465,44.0085,25.5365,95.9584,148.4985,275.1597,382.8839,395.5915,0.6945,17.7138,456922.5511,333011.5461,pod_kill,coupon-service,2026-06-09 14:05:00,2026-06-09 14:20:00,during_fault,2034.818,1
2026-06-09 14:05:35,335,EXP_FAULT_01,RUN_01,pod_kill,1,frontend,frontend-f01-00,online-boutique,node-a,0.7532,82.4097,0,425.5372,0.043324,41.9576,23.3288,79.449,132.8357,237.05,394.3952,407.1011,0.4061,18.0299,522407.8616,522906.0635,pod_kill,coupon-service,2026-06-09 14:05:00,2026-06-09 14:20:00,during_fault,1926.9688,1
2026-06-09 14:05:40,340,EXP_FAULT_01,RUN_01,pod_kill,1,frontend,frontend-f01-00,online-boutique,node-a,0.7646,82.1555,0,418.9296,0.043629,41.7313,24.6231,78.5952,133.384,258.8307,388.8008,400.6523,0.7295,17.5479,498133.3554,508456.5862,pod_kill,coupon-service,2026-06-09 14:05:00,2026-06-09 14:20:00,during_fault,1953.3004,1
2026-06-09 14:05:45,345,EXP_FAULT_01,RUN_01,pod_kill,1,frontend,frontend-f01-00,online-boutique,node-a,0.8182,83.8833,0,435.8008,0.042489,39.0226,21.1297,79.7387,117.2855,217.9328,405.5819,417.2839,0.6021,17.9148,445852.5946,496140.0174,pod_kill,coupon-service,2026-06-09 14:05:00,2026-06-09 14:20:00,during_fault,1817.11,1
2026-06-09 14:05:50,350,EXP_FAULT_01,RUN_01,pod_kill,1,frontend,frontend-f01-00,online-boutique,node-a,0.7902,81.5145,0,421.6813,0.04187,37.8362,21.0707,80.3072,111.9065,196.3609,393.2564,404.0253,0.7469,16.9091,502811.3633,449774.6675,pod_kill,coupon-service,2026-06-09 14:05:00,2026-06-09 14:20:00,during_fault,1784.0447,1
2026-06-09 14:05:55,355,EXP_FAULT_01,RUN_01,pod_kill,1,frontend,frontend-f01-00,online-boutique,node-a,0.8211,83.1635,0,430.4347,0.041322,40.6089,21.942,74.9495,121.51,212.7067,402.4073,412.6482,0.7167,17.0698,612999.6947,353441.3395,pod_kill,coupon-service,2026-06-09 14:05:00,2026-06-09 14:20:00,during_fault,1721.4752,1
2026-06-09 14:06:00,360,EXP_FAULT_01,RUN_01,pod_kill,1,frontend,frontend-f01-00,online-boutique,node-a,0.7766,82.6813,0,433.4063,0.04003,39.6311,23.7261,74.3522,114.0179,228.1433,406.4756,416.0572,0.5532,16.7959,640425.5754,424584.6622,pod_kill,coupon-service,2026-06-09 14:05:00,2026-06-09 14:20:00,during_fault,1624.916,1
2026-06-09 14:06:05,365,EXP_FAULT_01,RUN_01,pod_kill,1,frontend,frontend-f01-00,online-boutique,node-a,0.8327,82.0891,0,427.5433,0.03987,38.4202,21.1343,79.8246,106.4934,183.3628,401.9392,410.4971,0.7894,16.2567,417274.0765,491028.3281,pod_kill,coupon-service,2026-06-09 14:05:00,2026-06-09 14:20:00,during_fault,1595.9084,1
2026-06-09 14:06:10,370,EXP_FAULT_01,RUN_01,pod_kill,1,frontend,frontend-f01-00,online-boutique,node-a,0.7641,83.0759,0,431.7818,0.038012,36.233,21.0932,76.1367,106.4512,178.6392,407.0977,415.3689,0.2863,16.1266,594616.7849,434912.1242,pod_kill,coupon-service,2026-06-09 14:05:00,2026-06-09 14:20:00,during_fault,1460.5585,1
2026-06-09 14:06:15,375,EXP_FAULT_01,RUN_01,pod_kill,1,frontend,frontend-f01-00,online-boutique,node-a,0.8122,83.9801,0,447.9019,0.037492,34.2818,20.2551,70.3043,103.6902,160.4978,423.2728,431.1092,0.538,16.2547,529143.3058,456539.6184,pod_kill,coupon-service,2026-06-09 14:05:00,2026-06-09 14:20:00,during_fault,1395.799,1
2026-06-09 14:06:20,380,EXP_FAULT_01,RUN_01,pod_kill,1,frontend,frontend-f01-00,online-boutique,node-a,0.7461,83.1781,0,445.5498,0.036477,34.2875,21.2196,61.6211,99.0361,179.588,422.0951,429.2973,0.3628,15.8897,413340.1947,496604.682,pod_kill,coupon-service,2026-06-09 14:05:00,2026-06-09 14:20:00,during_fault,1341.3688,1
2026-06-09 14:06:25,385,EXP_FAULT_01,RUN_01,pod_kill,1,frontend,frontend-f01-00,online-boutique,node-a,0.8284,83.3121,0,454.5779,0.035602,36.1462,20.2214,74.6035,101.305,185.5379,431.6627,438.3939,0.3845,15.7995,570140.5013,401707.9737,pod_kill,coupon-service,2026-06-09 14:05:00,2026-06-09 14:20:00,during_fault,1249.9545,1
2026-06-09 14:06:30,390,EXP_FAULT_01,RUN_01,pod_kill,1,frontend,frontend-f01-00,online-boutique,node-a,0.7685,85.0181,0,448.1166,0.035398,34.0056,20.0746,62.9443,95.2569,155.0229,426.3668,432.2544,0.5632,15.2991,512985.2052,492748.5445,pod_kill,coupon-service,2026-06-09 14:05:00,2026-06-09 14:20:00,during_fault,1247.3718,1
2026-06-09 14:06:35,395,EXP_FAULT_01,RUN_01,pod_kill,1,frontend,frontend-f01-00,online-boutique,node-a,0.7774,83.9377,0,456.5124,0.035084,32.9221,20.0756,62.903,86.0158,171.6591,435.2402,440.4962,0.6622,15.354,441913.1225,434798.2451,pod_kill,coupon-service,2026-06-09 14:05:00,2026-06-09 14:20:00,during_fault,1222.2363,1
2026-06-09 14:06:40,400,EXP_FAULT_01,RUN_01,pod_kill,1,frontend,frontend-f01-00,online-boutique,node-a,0.7937,82.4523,0,463.6379,0.034636,31.1885,20.238,60.2032,81.3713,142.9485,442.8046,447.5795,0.7678,15.2907,500852.0898,466835.8823,pod_kill,coupon-service,2026-06-09 14:05:00,2026-06-09 14:20:00,during_fault,1182.8845,1
2026-06-09 14:06:45,405,EXP_FAULT_01,RUN_01,pod_kill,1,frontend,frontend-f01-00,online-boutique,node-a,0.8009,82.8206,0,465.7017,0.034056,32.8088,19.134,60.9627,94.776,153.3,445.2823,449.8417,0.7036,15.1564,611908.7785,373516.9506,pod_kill,coupon-service,2026-06-09 14:05:00,2026-06-09 14:20:00,during_fault,1141.4038,1
2026-06-09 14:06:50,410,EXP_FAULT_01,RUN_01,pod_kill,1,frontend,frontend-f01-00,online-boutique,node-a,0.7505,81.5564,0,461.2757,0.03362,30.9083,17.9971,59.089,76.7254,152.5229,441.6794,445.7677,0.5578,14.9501,511988.9991,538140.5967,pod_kill,coupon-service,2026-06-09 14:05:00,2026-06-09 14:20:00,during_fault,1128.605,1
2026-06-09 14:06:55,415,EXP_FAULT_01,RUN_01,pod_kill,1,frontend,frontend-f01-00,online-boutique,node-a,0.8195,83.6369,0,475.8807,0.032502,31.1502,18.0526,60.0759,89.2314,150.4197,456.3076,460.4136,0.226,15.2411,524357.7851,406908.4006,pod_kill,coupon-service,2026-06-09 14:05:00,2026-06-09 14:20:00,during_fault,1022.66486,1
2026-06-09 14:07:00,420,EXP_FAULT_01,RUN_01,pod_kill,1,frontend,frontend-f01-00,online-boutique,node-a,0.8017,83.4908,0,459.6395,0.033145,31.4242,20.534,59.7737,77.2617,134.3599,440.8401,444.4047,0.7544,14.4804,615051.7361,479750.2733,pod_kill,coupon-service,2026-06-09 14:05:00,2026-06-09 14:20:00,during_fault,1076.5208,1
2026-06-09 14:07:05,425,EXP_FAULT_01,RUN_01,pod_kill,1,frontend,frontend-f01-00,online-boutique,node-a,0.8033,82.7804,0,467.8275,0.03283,29.0548,18.5454,52.1315,79.5528,140.7109,449.0459,452.4685,0.6227,14.7363,590705.2211,433441.6482,pod_kill,coupon-service,2026-06-09 14:05:00,2026-06-09 14:20:00,during_fault,1049.7153,1
2026-06-09 14:07:10,430,EXP_FAULT_01,RUN_01,pod_kill,1,frontend,frontend-f01-00,online-boutique,node-a,0.7563,82.2641,0,444.1887,0.032705,29.7618,18.1959,55.4179,78.0726,131.447,426.2925,429.6616,0.6089,13.9182,491028.0708,332620.653,pod_kill,coupon-service,2026-06-09 14:05:00,2026-06-09 14:20:00,during_fault,1065.301,1
2026-06-09 14:07:15,435,EXP_FAULT_01,RUN_01,pod_kill,1,frontend,frontend-f01-00,online-boutique,node-a,0.7534,83.9652,0,458.1518,0.032864,32.6693,20.0421,57.9969,84.7139,153.9543,439.7499,443.0949,0.5257,14.5311,638574.0434,413382.8387,pod_kill,coupon-service,2026-06-09 14:05:00,2026-06-09 14:20:00,during_fault,1072.1305,1
2026-06-09 14:07:20,440,EXP_FAULT_01,RUN_01,pod_kill,1,frontend,frontend-f01-00,online-boutique,node-a,0.7735,83.3177,0,455.7638,0.032954,31.5503,18.8658,59.4481,88.9317,154.8479,437.2724,440.7446,0.5774,14.4418,611194.8643,476463.9005,pod_kill,coupon-service,2026-06-09 14:05:00,2026-06-09 14:20:00,during_fault,1074.4849,1
2026-06-09 14:07:25,445,EXP_FAULT_01,RUN_01,pod_kill,1,frontend,frontend-f01-00,online-boutique,node-a,0.7876,84.2022,0,441.5486,0.033698,32.2841,18.4324,56.1568,87.6932,140.3215,423.2559,426.6693,0.735,14.1443,446185.9531,394379.7436,pod_kill,coupon-service,2026-06-09 14:05:00,2026-06-09 14:20:00,during_fault,1123.1385,1
2026-06-09 14:07:30,450,EXP_FAULT_01,RUN_01,pod_kill,1,frontend,frontend-f01-00,online-boutique,node-a,0.7217,83.7103,0,453.5602,0.033065,30.3278,17.7607,60.0152,84.117,133.3337,434.472,438.5632,0.3533,14.6437,534725.1864,433325.5785,pod_kill,coupon-service,2026-06-09 14:05:00,2026-06-09 14:20:00,during_fault,1096.0294,1
2026-06-09 14:07:35,455,EXP_FAULT_01,RUN_01,pod_kill,1,frontend,frontend-f01-00,online-boutique,node-a,0.7422,82.8024,0,443.5979,0.033508,31.8439,18.9756,63.5934,86.9441,141.5527,424.3437,428.734,0.436,14.4279,494044.2152,499646.8356,pod_kill,coupon-service,2026-06-09 14:05:00,2026-06-09 14:20:00,during_fault,1126.0748,1
2026-06-09 14:07:40,460,EXP_FAULT_01,RUN_01,pod_kill,1,frontend,frontend-f01-00,online-boutique,node-a,0.8204,83.3252,0,438.2113,0.034601,31.1706,19.7925,54.3783,87.4596,138.8936,418.4433,423.0489,0.6772,14.4853,467718.0489,425947.044,pod_kill,coupon-service,2026-06-09 14:05:00,2026-06-09 14:20:00,during_fault,1176.4456,1
2026-06-09 14:07:45,465,EXP_FAULT_01,RUN_01,pod_kill,1,frontend,frontend-f01-00,online-boutique,node-a,0.7765,85.783,0,431.4971,0.034258,32.9971,19.7274,65.1757,95.4676,151.3956,411.4757,416.7148,0.2916,14.4907,555179.2994,508189.5911,pod_kill,coupon-service,2026-06-09 14:05:00,2026-06-09 14:20:00,during_fault,1164.0886,1
2026-06-09 14:07:50,470,EXP_FAULT_01,RUN_01,pod_kill,1,frontend,frontend-f01-00,online-boutique,node-a,0.7636,82.6016,0,427.6413,0.03509,34.2572,20.875,69.0684,98.0045,153.6948,407.0174,412.6354,0.3765,14.6294,425840.038,328298.4939,pod_kill,coupon-service,2026-06-09 14:05:00,2026-06-09 14:20:00,during_fault,1238.863,1
2026-06-09 14:07:55,475,EXP_FAULT_01,RUN_01,pod_kill,1,frontend,frontend-f01-00,online-boutique,node-a,0.8449,83.0318,0,403.9102,0.035785,32.4214,18.6515,62.983,95.6782,166.9674,383.5819,389.4564,0.3856,14.0682,459471.0197,348877.1545,pod_kill,coupon-service,2026-06-09 14:05:00,2026-06-09 14:20:00,during_fault,1266.0315,1
2026-06-09 14:08:00,480,EXP_FAULT_01,RUN_01,pod_kill,1,frontend,frontend-f01-00,online-boutique,node-a,0.7773,83.6918,0,418.5579,0.037324,32.4699,18.588,59.1881,85.8588,154.5761,396.3401,402.9357,0.752,14.8703,549696.0324,338253.3494,pod_kill,coupon-service,2026-06-09 14:05:00,2026-06-09 14:20:00,during_fault,1401.4922,1
2026-06-09 14:08:05,485,EXP_FAULT_01,RUN_01,pod_kill,1,frontend,frontend-f01-00,online-boutique,node-a,0.7685,83.6654,0,415.9655,0.038007,34.8649,19.2119,65.2971,96.8066,178.4786,393.0392,400.1559,0.7492,15.0604,558422.9795,381252.5054,pod_kill,coupon-service,2026-06-09 14:05:00,2026-06-09 14:20:00,during_fault,1460.261,1
2026-06-09 14:08:10,490,EXP_FAULT_01,RUN_01,pod_kill,1,frontend,frontend-f01-00,online-boutique,node-a,0.7509,84.3235,0,408.7627,0.037986,35.775,21.3592,68.3933,109.0204,197.6984,385.3691,393.2356,0.3289,15.1982,435901.85,337810.7633,pod_kill,coupon-service,2026-06-09 14:05:00,2026-06-09 14:20:00,during_fault,1464.8623,1
2026-06-09 14:08:15,495,EXP_FAULT_01,RUN_01,pod_kill,1,frontend,frontend-f01-00,online-boutique,node-a,0.7832,82.4184,0,407.196,0.038889,37.039,21.7913,73.9343,117.3728,199.2146,382.9792,391.3607,0.4425,15.3929,410733.2565,318394.4445,pod_kill,coupon-service,2026-06-09 14:05:00,2026-06-09 14:20:00,during_fault,1534.9213,1
2026-06-09 14:08:20,500,EXP_FAULT_01,RUN_01,pod_kill,1,frontend,frontend-f01-00,online-boutique,node-a,0.7795,84.1079,0,399.9255,0.040249,39.1178,22.0113,73.9926,124.0932,206.689,375.0346,383.8289,0.5955,15.501,586124.8004,312214.9983,pod_kill,coupon-service,2026-06-09 14:05:00,2026-06-09 14:20:00,during_fault,1647.2832,1
2026-06-09 14:08:25,505,EXP_FAULT_01,RUN_01,pod_kill,1,frontend,frontend-f01-00,online-boutique,node-a,0.7699,83.9153,0,400.1528,0.041785,37.7612,20.8033,79.4642,111.7342,198.9929,374.2613,383.4324,0.9319,15.7884,495318.4958,330134.2548,pod_kill,coupon-service,2026-06-09 14:05:00,2026-06-09 14:20:00,during_fault,1781.8958,1
2026-06-09 14:08:30,510,EXP_FAULT_01,RUN_01,pod_kill,1,frontend,frontend-f01-00,online-boutique,node-a,0.7608,84.2245,0,408.305,0.041156,37.1837,20.634,74.7657,116.0598,198.6472,381.0098,391.5006,0.2882,16.5162,573537.9968,365004.5691,pod_kill,coupon-service,2026-06-09 14:05:00,2026-06-09 14:20:00,during_fault,1726.1361,1
2026-06-09 14:08:35,515,EXP_FAULT_01,RUN_01,pod_kill,1,frontend,frontend-f01-00,online-boutique,node-a,0.7725,84.6621,0,398.5104,0.042812,38.9821,22.3247,83.2722,116.0586,214.6999,370.8654,381.4495,0.7979,16.263,606951.117,462858.3723,pod_kill,coupon-service,2026-06-09 14:05:00,2026-06-09 14:20:00,during_fault,1871.2522,1
2026-06-09 14:08:40,520,EXP_FAULT_01,RUN_01,pod_kill,1,frontend,frontend-f01-00,online-boutique,node-a,0.7341,81.3238,0,394.1485,0.042683,42.5116,23.1222,85.8436,142.6392,264.3581,366.0332,377.3249,0.442,16.3816,601757.0921,396688.1049,pod_kill,coupon-service,2026-06-09 14:05:00,2026-06-09 14:20:00,during_fault,1891.3138,1
2026-06-09 14:08:45,525,EXP_FAULT_01,RUN_01,pod_kill,1,frontend,frontend-f01-00,online-boutique,node-a,0.7631,82.3207,0,385.2158,0.044019,41.5878,24.9169,79.8536,122.7508,223.9815,356.9377,368.2591,0.6028,16.354,456908.3598,380397.5352,pod_kill,coupon-service,2026-06-09 14:05:00,2026-06-09 14:20:00,during_fault,2000.1305,1
2026-06-09 14:08:50,530,EXP_FAULT_01,RUN_01,pod_kill,1,frontend,frontend-f01-00,online-boutique,node-a,0.7825,84.0789,0,388.5029,0.044933,41.7327,22.1436,90.1866,138.9411,236.2625,359.2281,371.0465,0.7099,16.7466,550112.0777,459493.8664,pod_kill,coupon-service,2026-06-09 14:05:00,2026-06-09 14:20:00,during_fault,2071.4849,1
2026-06-09 14:08:55,535,EXP_FAULT_01,RUN_01,pod_kill,1,frontend,frontend-f01-00,online-boutique,node-a,0.7888,84.0293,0,386.7074,0.044974,39.2031,21.0731,86.8166,132.534,245.236,357.0007,369.3158,0.64,16.7517,484048.3232,374900.4355,pod_kill,coupon-service,2026-06-09 14:05:00,2026-06-09 14:20:00,during_fault,2071.1355,1
2026-06-09 14:09:00,540,EXP_FAULT_01,RUN_01,pod_kill,1,frontend,frontend-f01-00,online-boutique,node-a,0.779,86.0111,0,376.2794,0.045217,42.5635,23.9072,93.1868,142.9449,273.1313,346.8933,359.265,0.4447,16.5697,390725.0495,387044.4095,pod_kill,coupon-service,2026-06-09 14:05:00,2026-06-09 14:20:00,during_fault,2098.0415,1
2026-06-09 14:09:05,545,EXP_FAULT_01,RUN_01,pod_kill,1,frontend,frontend-f01-00,online-boutique,node-a,0.8063,82.6788,0,400.0921,0.046242,41.9278,22.1307,86.6453,131.7086,248.2392,368.258,381.5911,0.8709,17.6301,533863.5331,408009.1761,pod_kill,coupon-service,2026-06-09 14:05:00,2026-06-09 14:20:00,during_fault,2189.2756,1
2026-06-09 14:09:10,550,EXP_FAULT_01,RUN_01,pod_kill,1,frontend,frontend-f01-00,online-boutique,node-a,0.7281,85.5264,0,393.422,0.046522,43.956,24.1771,84.1077,151.4779,273.6691,361.8211,375.1192,0.7451,17.5578,406445.8212,459626.8324,pod_kill,coupon-service,2026-06-09 14:05:00,2026-06-09 14:20:00,during_fault,2240.249,1
2026-06-09 14:09:15,555,EXP_FAULT_01,RUN_01,pod_kill,1,frontend,frontend-f01-00,online-boutique,node-a,0.7842,82.9598,0,403.9626,0.046713,46.9187,25.1206,98.8932,155.6078,298.9052,371.1406,385.0924,0.8011,18.0691,406419.4175,500063.7644,pod_kill,coupon-service,2026-06-09 14:05:00,2026-06-09 14:20:00,during_fault,2254.0913,1
2026-06-09 14:09:20,560,EXP_FAULT_01,RUN_01,pod_kill,1,frontend,frontend-f01-00,online-boutique,node-a,0.812,83.6913,0,397.2511,0.046797,43.0374,24.8126,83.6518,141.9826,265.4436,364.8105,378.661,0.7129,17.8772,432300.3788,354071.0248,pod_kill,coupon-service,2026-06-09 14:05:00,2026-06-09 14:20:00,during_fault,2239.8003,1
2026-06-09 14:09:25,565,EXP_FAULT_01,RUN_01,pod_kill,1,frontend,frontend-f01-00,online-boutique,node-a,0.7976,82.2917,0,396.706,0.045924,45.497,25.0666,98.1599,138.1647,250.0481,364.5879,378.4877,0.4276,17.7907,461598.2207,377739.5219,pod_kill,coupon-service,2026-06-09 14:05:00,2026-06-09 14:20:00,during_fault,2174.0256,1
2026-06-09 14:09:30,570,EXP_FAULT_01,RUN_01,pod_kill,1,frontend,frontend-f01-00,online-boutique,node-a,0.7727,82.7497,0,404.0984,0.046546,43.3673,24.9033,95.5435,135.9102,238.667,371.3309,385.2891,0.6688,18.1405,467576.8107,475123.3853,pod_kill,coupon-service,2026-06-09 14:05:00,2026-06-09 14:20:00,during_fault,2231.788,1
2026-06-09 14:09:35,575,EXP_FAULT_01,RUN_01,pod_kill,1,frontend,frontend-f01-00,online-boutique,node-a,0.7967,83.2413,0,407.8123,0.045476,46.2811,23.9973,101.1424,146.9413,256.423,375.1717,389.2666,0.3242,18.2214,587408.9788,351560.038,pod_kill,coupon-service,2026-06-09 14:05:00,2026-06-09 14:20:00,during_fault,2126.4814,1
2026-06-09 14:09:40,580,EXP_FAULT_01,RUN_01,pod_kill,1,frontend,frontend-f01-00,online-boutique,node-a,0.7819,82.3191,0,398.1843,0.046441,44.7253,26.136,92.4783,145.9452,248.2245,366.5155,379.6923,0.9399,17.5521,444387.2611,435344.8172,pod_kill,coupon-service,2026-06-09 14:05:00,2026-06-09 14:20:00,during_fault,2226.1392,1
2026-06-09 14:09:45,585,EXP_FAULT_01,RUN_01,pod_kill,1,frontend,frontend-f01-00,online-boutique,node-a,0.8219,83.1775,0,419.7601,0.045575,43.7065,23.787,95.0248,144.1177,250.0241,386.8858,400.6297,0.6528,18.4776,497490.4426,519095.5115,pod_kill,coupon-service,2026-06-09 14:05:00,2026-06-09 14:20:00,during_fault,2115.4485,1
2026-06-09 14:09:50,590,EXP_FAULT_01,RUN_01,pod_kill,1,frontend,frontend-f01-00,online-boutique,node-a,0.7938,84.8681,0,412.1662,0.044498,40.2254,22.3077,83.7104,134.6184,228.8733,380.5653,393.8254,0.5047,17.836,556438.3876,434776.4984,pod_kill,coupon-service,2026-06-09 14:05:00,2026-06-09 14:20:00,during_fault,2013.8649,1
2026-06-09 14:09:55,595,EXP_FAULT_01,RUN_01,pod_kill,1,frontend,frontend-f01-00,online-boutique,node-a,0.7895,83.2099,0,421.3221,0.044739,42.71,23.9713,92.4947,128.4693,253.1264,389.4734,402.4725,0.7885,18.0611,597705.1602,403292.9157,pod_kill,coupon-service,2026-06-09 14:05:00,2026-06-09 14:20:00,during_fault,2044.5895,1
2026-06-09 14:10:00,600,EXP_FAULT_01,RUN_01,pod_kill,1,frontend,frontend-f01-00,online-boutique,node-a,0.7814,84.0593,0,419.0234,0.043188,41.1142,21.4731,79.1862,131.2619,259.1048,388.2649,400.9266,0.4281,17.6687,588702.0516,509885.2681,pod_kill,coupon-service,2026-06-09 14:05:00,2026-06-09 14:20:00,during_fault,1899.1451,1
2026-06-09 14:10:05,605,EXP_FAULT_01,RUN_01,pod_kill,1,frontend,frontend-f01-00,online-boutique,node-a,0.7848,83.6334,0,420.8838,0.042334,39.2441,22.065,80.9384,114.9181,208.5042,390.9138,403.0659,0.2662,17.5516,580264.4446,493448.3477,pod_kill,coupon-service,2026-06-09 14:05:00,2026-06-09 14:20:00,during_fault,1820.8676,1
2026-06-09 14:10:10,610,EXP_FAULT_01,RUN_01,pod_kill,1,frontend,frontend-f01-00,online-boutique,node-a,0.7767,84.6217,0,435.505,0.042939,38.3265,20.5567,79.865,109.2115,219.6331,405.3044,416.8047,0.8738,17.8265,668123.2086,389362.4108,pod_kill,coupon-service,2026-06-09 14:05:00,2026-06-09 14:20:00,during_fault,1868.6433,1
2026-06-09 14:10:15,615,EXP_FAULT_01,RUN_01,pod_kill,1,frontend,frontend-f01-00,online-boutique,node-a,0.7909,82.2817,0,423.5537,0.041656,40.004,23.8745,75.4315,119.767,224.444,395.097,405.9099,0.667,16.9767,518455.851,467981.7286,pod_kill,coupon-service,2026-06-09 14:05:00,2026-06-09 14:20:00,during_fault,1763.5013,1
2026-06-09 14:10:20,620,EXP_FAULT_01,RUN_01,pod_kill,1,frontend,frontend-f01-00,online-boutique,node-a,0.7738,82.2401,0,415.1605,0.041322,36.0909,21.5685,73.0981,113.1106,189.1259,388.302,398.0054,0.7386,16.4165,567874.4647,459329.9056,pod_kill,coupon-service,2026-06-09 14:05:00,2026-06-09 14:20:00,during_fault,1739.9236,1
2026-06-09 14:10:25,625,EXP_FAULT_01,RUN_01,pod_kill,1,frontend,frontend-f01-00,online-boutique,node-a,0.8031,82.9521,0,440.0803,0.039916,38.3867,21.8635,76.8307,119.3046,196.887,412.6874,422.5142,0.4911,17.075,419592.8695,379615.524,pod_kill,coupon-service,2026-06-09 14:05:00,2026-06-09 14:20:00,during_fault,1602.1915,1
2026-06-09 14:10:30,630,EXP_FAULT_01,RUN_01,pod_kill,1,frontend,frontend-f01-00,online-boutique,node-a,0.7512,82.5679,0,435.1949,0.039708,33.8516,18.4364,70.3183,103.5002,192.7185,409.1498,417.9142,0.8167,16.464,525586.7089,514094.0376,pod_kill,coupon-service,2026-06-09 14:05:00,2026-06-09 14:20:00,during_fault,1602.1003,1
2026-06-09 14:10:35,635,EXP_FAULT_01,RUN_01,pod_kill,1,frontend,frontend-f01-00,online-boutique,node-a,0.8042,83.4502,0,425.7845,0.03859,38.0061,22.3568,79.9304,104.0846,182.8545,401.2319,409.3535,0.591,15.8399,503188.3811,460568.9272,pod_kill,coupon-service,2026-06-09 14:05:00,2026-06-09 14:20:00,during_fault,1495.9031,1
2026-06-09 14:10:40,640,EXP_FAULT_01,RUN_01,pod_kill,1,frontend,frontend-f01-00,online-boutique,node-a,0.7753,83.5206,0,425.4205,0.037135,35.2143,19.612,65.392,95.5095,187.8821,402.1231,409.6224,0.3777,15.4204,415925.3904,498158.1767,pod_kill,coupon-service,2026-06-09 14:05:00,2026-06-09 14:20:00,during_fault,1387.809,1
2026-06-09 14:10:45,645,EXP_FAULT_01,RUN_01,pod_kill,1,frontend,frontend-f01-00,online-boutique,node-a,0.8097,83.093,0,439.3587,0.037119,33.3868,21.282,60.5071,101.8271,152.194,416.161,423.0503,0.5922,15.7162,626558.4056,376036.6218,pod_kill,coupon-service,2026-06-09 14:05:00,2026-06-09 14:20:00,during_fault,1370.2142,1
2026-06-09 14:10:50,650,EXP_FAULT_01,RUN_01,pod_kill,1,frontend,frontend-f01-00,online-boutique,node-a,0.8448,81.7511,0,424.9888,0.035748,33.4077,21.3195,64.938,97.9739,161.8929,403.588,409.7962,0.3241,14.8685,520593.9085,411461.2176,pod_kill,coupon-service,2026-06-09 14:05:00,2026-06-09 14:20:00,during_fault,1261.3271,1
2026-06-09 14:10:55,655,EXP_FAULT_01,RUN_01,pod_kill,1,frontend,frontend-f01-00,online-boutique,node-a,0.7614,84.4955,0,417.2428,0.035695,31.4335,19.9066,59.5335,92.2839,155.448,396.8888,402.3492,0.5538,14.3398,400746.5299,462115.9016,pod_kill,coupon-service,2026-06-09 14:05:00,2026-06-09 14:20:00,during_fault,1279.6451,1
2026-06-09 14:11:00,660,EXP_FAULT_01,RUN_01,pod_kill,1,frontend,frontend-f01-00,online-boutique,node-a,0.7898,84.4721,0,437.7541,0.035055,32.7634,19.8374,57.9061,87.0162,162.5744,417.2049,422.4089,0.5353,14.81,544367.5945,336499.4594,pod_kill,coupon-service,2026-06-09 14:05:00,2026-06-09 14:20:00,during_fault,1219.5662,1
2026-06-09 14:11:05,665,EXP_FAULT_01,RUN_01,pod_kill,1,frontend,frontend-f01-00,online-boutique,node-a,0.7678,84.0111,0,421.1039,0.034067,30.3913,18.6484,55.6827,88.7401,143.3194,402.1873,406.7581,0.3673,13.9785,512951.7345,450321.4955,pod_kill,coupon-service,2026-06-09 14:05:00,2026-06-09 14:20:00,during_fault,1159.4285,1
2026-06-09 14:11:10,670,EXP_FAULT_01,RUN_01,pod_kill,1,frontend,frontend-f01-00,online-boutique,node-a,0.7402,82.5169,0,439.0421,0.034121,31.2517,20.207,57.8634,89.3865,146.2273,419.9855,424.0616,0.7074,14.2731,559707.1917,347981.8656,pod_kill,coupon-service,2026-06-09 14:05:00,2026-06-09 14:20:00,during_fault,1171.635,1
2026-06-09 14:11:15,675,EXP_FAULT_01,RUN_01,pod_kill,1,frontend,frontend-f01-00,online-boutique,node-a,0.8025,84.2989,0,429.5692,0.033031,28.5375,16.6969,54.4938,79.7632,125.008,411.4935,415.3801,0.2792,13.9099,610352.1658,473123.6619,pod_kill,coupon-service,2026-06-09 14:05:00,2026-06-09 14:20:00,during_fault,1070.2019,1
2026-06-09 14:11:20,680,EXP_FAULT_01,RUN_01,pod_kill,1,frontend,frontend-f01-00,online-boutique,node-a,0.7475,84.9556,0,419.6375,0.033684,31.5364,20.6507,57.707,78.4159,155.4655,402.0572,405.5026,0.7858,13.3491,426766.0535,472183.7678,pod_kill,coupon-service,2026-06-09 14:05:00,2026-06-09 14:20:00,during_fault,1136.3577,1
2026-06-09 14:11:25,685,EXP_FAULT_01,RUN_01,pod_kill,1,frontend,frontend-f01-00,online-boutique,node-a,0.7812,84.7758,0,431.634,0.033054,30.7253,20.3928,60.6486,84.8977,148.095,414.0166,417.3666,0.5645,13.7028,401329.5726,464489.957,pod_kill,coupon-service,2026-06-09 14:05:00,2026-06-09 14:20:00,during_fault,1080.4869,1
2026-06-09 14:11:30,690,EXP_FAULT_01,RUN_01,pod_kill,1,frontend,frontend-f01-00,online-boutique,node-a,0.7688,81.8459,0,425.8925,0.032341,28.8837,16.8706,55.2668,74.229,119.6066,408.7508,412.1189,0.4037,13.3699,408200.937,311816.7223,pod_kill,coupon-service,2026-06-09 14:05:00,2026-06-09 14:20:00,during_fault,1040.3301,1
2026-06-09 14:11:35,695,EXP_FAULT_01,RUN_01,pod_kill,1,frontend,frontend-f01-00,online-boutique,node-a,0.737,82.3246,0,435.7516,0.033115,30.2072,18.3258,52.362,86.3475,147.6906,418.2433,421.3217,0.7636,13.6662,500366.8788,458317.2928,pod_kill,coupon-service,2026-06-09 14:05:00,2026-06-09 14:20:00,during_fault,1102.802,1
2026-06-09 14:11:40,700,EXP_FAULT_01,RUN_01,pod_kill,1,frontend,frontend-f01-00,online-boutique,node-a,0.8151,82.906,0,447.6366,0.03326,29.254,17.1976,54.4402,74.6432,122.9717,429.5503,432.7484,0.839,14.0493,562463.7879,428457.4961,pod_kill,coupon-service,2026-06-09 14:05:00,2026-06-09 14:20:00,during_fault,1079.9435,1
2026-06-09 14:11:45,705,EXP_FAULT_01,RUN_01,pod_kill,1,frontend,frontend-f01-00,online-boutique,node-a,0.7461,82.4459,0,436.9589,0.033138,29.3784,16.8264,56.8646,77.8823,135.8956,419.0862,422.479,0.5729,13.907,549301.5938,431221.0088,pod_kill,coupon-service,2026-06-09 14:05:00,2026-06-09 14:20:00,during_fault,1099.2948,1
2026-06-09 14:11:50,710,EXP_FAULT_01,RUN_01,pod_kill,1,frontend,frontend-f01-00,online-boutique,node-a,0.7664,82.8977,0,448.0149,0.033233,30.1999,19.1376,54.9003,82.3038,134.2412,429.5008,433.1259,0.5912,14.2979,502822.9973,516802.6384,pod_kill,coupon-service,2026-06-09 14:05:00,2026-06-09 14:20:00,during_fault,1096.4753,1
2026-06-09 14:11:55,715,EXP_FAULT_01,RUN_01,pod_kill,1,frontend,frontend-f01-00,online-boutique,node-a,0.7582,83.0856,0,435.222,0.033975,32.8459,19.8283,59.3699,87.6552,149.5173,416.6655,420.4352,0.6942,14.0925,605719.8599,383458.0969,pod_kill,coupon-service,2026-06-09 14:05:00,2026-06-09 14:20:00,during_fault,1155.9739,1
2026-06-09 14:12:00,720,EXP_FAULT_01,RUN_01,pod_kill,1,frontend,frontend-f01-00,online-boutique,node-a,0.7802,84.805,0,433.2884,0.034306,30.1861,18.4068,53.7922,80.1059,150.8266,414.3736,418.4239,0.8001,14.0644,540083.8489,364939.2425,pod_kill,coupon-service,2026-06-09 14:05:00,2026-06-09 14:20:00,during_fault,1167.1866,1
2026-06-09 14:12:05,725,EXP_FAULT_01,RUN_01,pod_kill,1,frontend,frontend-f01-00,online-boutique,node-a,0.8424,83.5988,0,442.7197,0.034199,33.4212,20.8904,61.1183,85.7723,152.4082,422.8106,427.579,0.5535,14.5872,470845.4683,344256.7069,pod_kill,coupon-service,2026-06-09 14:05:00,2026-06-09 14:20:00,during_fault,1143.5469,1
2026-06-09 14:12:10,730,EXP_FAULT_01,RUN_01,pod_kill,1,frontend,frontend-f01-00,online-boutique,node-a,0.7608,81.5023,0,440.3344,0.034713,30.6873,18.664,57.4968,81.7713,135.6588,419.7891,425.0489,0.4622,14.8232,614777.9486,502243.1895,pod_kill,coupon-service,2026-06-09 14:05:00,2026-06-09 14:20:00,during_fault,1207.2346,1
2026-06-09 14:12:15,735,EXP_FAULT_01,RUN_01,pod_kill,1,frontend,frontend-f01-00,online-boutique,node-a,0.7718,83.7996,0,453.4504,0.035391,32.2149,20.1515,66.1609,87.2915,163.7676,431.564,437.4022,0.5532,15.4949,651177.1973,451967.0419,pod_kill,coupon-service,2026-06-09 14:05:00,2026-06-09 14:20:00,during_fault,1247.2512,1
2026-06-09 14:12:20,740,EXP_FAULT_01,RUN_01,pod_kill,1,frontend,frontend-f01-00,online-boutique,node-a,0.7921,82.31,0,444.4718,0.035895,33.2069,21.353,59.3094,89.1895,168.2272,422.0239,428.5173,0.3659,15.5886,436447.1573,335438.1357,pod_kill,coupon-service,2026-06-09 14:05:00,2026-06-09 14:20:00,during_fault,1284.2042,1
2026-06-09 14:12:25,745,EXP_FAULT_01,RUN_01,pod_kill,1,frontend,frontend-f01-00,online-boutique,node-a,0.8004,83.8405,0,444.5996,0.036178,37.4919,23.9667,78.0831,111.2793,201.7753,421.2447,428.515,0.221,15.8637,583856.1684,487721.6194,pod_kill,coupon-service,2026-06-09 14:05:00,2026-06-09 14:20:00,during_fault,1303.3348,1
2026-06-09 14:12:30,750,EXP_FAULT_01,RUN_01,pod_kill,1,frontend,frontend-f01-00,online-boutique,node-a,0.747,84.7462,0,448.7186,0.037482,34.2343,19.771,61.4351,98.8406,179.0525,424.0752,431.8999,0.494,16.3247,645850.5294,462751.2801,pod_kill,coupon-service,2026-06-09 14:05:00,2026-06-09 14:20:00,during_fault,1412.9407,1
2026-06-09 14:12:35,755,EXP_FAULT_01,RUN_01,pod_kill,1,frontend,frontend-f01-00,online-boutique,node-a,0.8182,83.6532,0,447.4225,0.03887,35.7225,20.1227,69.9216,97.9223,198.792,421.6299,430.0311,0.8325,16.5589,589329.4015,399899.7737,pod_kill,coupon-service,2026-06-09 14:05:00,2026-06-09 14:20:00,during_fault,1505.235,1
2026-06-09 14:12:40,760,EXP_FAULT_01,RUN_01,pod_kill,1,frontend,frontend-f01-00,online-boutique,node-a,0.8301,82.9084,0,449.9985,0.040017,35.2431,21.6221,72.8833,111.6479,199.8018,422.904,431.991,0.9018,17.1057,507386.8144,495518.1649,pod_kill,coupon-service,2026-06-09 14:05:00,2026-06-09 14:20:00,during_fault,1593.3898,1
2026-06-09 14:12:45,765,EXP_FAULT_01,RUN_01,pod_kill,1,frontend,frontend-f01-00,online-boutique,node-a,0.7877,83.9907,0,455.8617,0.040415,35.1407,20.8877,69.762,101.068,185.9726,427.2744,437.4382,0.8356,17.5879,577815.613,379185.7264,pod_kill,coupon-service,2026-06-09 14:05:00,2026-06-09 14:20:00,during_fault,1638.7719,1
2026-06-09 14:12:50,770,EXP_FAULT_01,RUN_01,pod_kill,1,frontend,frontend-f01-00,online-boutique,node-a,0.823,84.8008,0,448.9841,0.040757,40.299,21.8268,78.3862,128.1116,211.0252,419.9448,430.685,0.5376,17.7616,689365.018,489621.8296,pod_kill,coupon-service,2026-06-09 14:05:00,2026-06-09 14:20:00,during_fault,1660.7991,1
2026-06-09 14:12:55,775,EXP_FAULT_01,RUN_01,pod_kill,1,frontend,frontend-f01-00,online-boutique,node-a,0.7513,82.964,0,442.5176,0.041864,42.1993,23.0806,89.7323,124.3652,235.2264,412.8266,423.9919,0.6611,17.8647,634275.5792,555795.2126,pod_kill,coupon-service,2026-06-09 14:05:00,2026-06-09 14:20:00,during_fault,1791.3347,1
2026-06-09 14:13:00,780,EXP_FAULT_01,RUN_01,pod_kill,1,frontend,frontend-f01-00,online-boutique,node-a,0.7708,82.9878,0,447.0341,0.041677,39.3975,20.6553,76.0601,119.7418,233.974,416.2024,428.4033,0.2935,18.3374,538990.523,492970.1173,pod_kill,coupon-service,2026-06-09 14:05:00,2026-06-09 14:20:00,during_fault,1761.5771,1
2026-06-09 14:13:05,785,EXP_FAULT_01,RUN_01,pod_kill,1,frontend,frontend-f01-00,online-boutique,node-a,0.7588,83.0904,0,452.9523,0.04434,42.8317,22.6326,80.4949,134.7344,223.036,420.3321,432.8685,1.1043,18.9795,523359.8201,416365.6181,pod_kill,coupon-service,2026-06-09 14:05:00,2026-06-09 14:20:00,during_fault,2008.7838,1
2026-06-09 14:13:10,790,EXP_FAULT_01,RUN_01,pod_kill,1,frontend,frontend-f01-00,online-boutique,node-a,0.769,81.912,0,451.7126,0.043634,39.1517,22.4035,78.88,117.3451,239.9138,418.6534,432.0024,0.6355,19.0747,608840.8559,390593.2609,pod_kill,coupon-service,2026-06-09 14:05:00,2026-06-09 14:20:00,during_fault,1939.6311,1
2026-06-09 14:13:15,795,EXP_FAULT_01,RUN_01,pod_kill,1,frontend,frontend-f01-00,online-boutique,node-a,0.7993,83.3914,0,456.6323,0.044475,40.3464,22.5097,77.3828,129.9532,225.2226,422.1746,436.3237,0.6198,19.6888,475851.104,554600.6521,pod_kill,coupon-service,2026-06-09 14:05:00,2026-06-09 14:20:00,during_fault,1999.9797,1
2026-06-09 14:13:20,800,EXP_FAULT_01,RUN_01,pod_kill,1,frontend,frontend-f01-00,online-boutique,node-a,0.7768,85.381,0,450.2222,0.045541,44.1439,25.2674,83.8328,141.4055,274.7547,415.4929,429.7185,0.8641,19.6397,629593.3639,379906.3367,pod_kill,coupon-service,2026-06-09 14:05:00,2026-06-09 14:20:00,during_fault,2109.737,1
2026-06-09 14:13:25,805,EXP_FAULT_01,RUN_01,pod_kill,1,frontend,frontend-f01-00,online-boutique,node-a,0.7828,83.6337,0,438.3648,0.045772,43.9313,25.5723,90.6951,142.8545,257.0361,404.0355,418.2997,0.9012,19.1639,621782.326,454077.6655,pod_kill,coupon-service,2026-06-09 14:05:00,2026-06-09 14:20:00,during_fault,2140.0923,1
2026-06-09 14:13:30,810,EXP_FAULT_01,RUN_01,pod_kill,1,frontend,frontend-f01-00,online-boutique,node-a,0.8142,84.4421,0,437.2925,0.045615,45.2355,26.3859,96.0985,144.3544,260.3739,402.6119,417.3455,0.6121,19.3348,627459.66,451907.9486,pod_kill,coupon-service,2026-06-09 14:05:00,2026-06-09 14:20:00,during_fault,2115.2085,1
2026-06-09 14:13:35,815,EXP_FAULT_01,RUN_01,pod_kill,1,frontend,frontend-f01-00,online-boutique,node-a,0.7918,80.5642,0,441.522,0.046075,44.0977,25.18,92.701,142.9989,276.7648,406.1894,421.1789,0.638,19.7052,564919.5961,538188.4704,pod_kill,coupon-service,2026-06-09 14:05:00,2026-06-09 14:20:00,during_fault,2178.2056,1
2026-06-09 14:13:40,820,EXP_FAULT_01,RUN_01,pod_kill,1,frontend,frontend-f01-00,online-boutique,node-a,0.8331,82.8904,0,450.6955,0.046421,45.0901,26.1857,98.1284,149.8593,276.9986,414.2045,429.7738,0.7444,20.1773,454849.7875,494220.4793,pod_kill,coupon-service,2026-06-09 14:05:00,2026-06-09 14:20:00,during_fault,2187.0562,1
2026-06-09 14:13:45,825,EXP_FAULT_01,RUN_01,pod_kill,1,frontend,frontend-f01-00,online-boutique,node-a,0.8301,81.3666,0,436.8764,0.046112,46.5016,26.3554,93.2621,142.8007,278.575,401.3919,416.7312,0.5187,19.6266,454940.7485,512756.8819,pod_kill,coupon-service,2026-06-09 14:05:00,2026-06-09 14:20:00,during_fault,2174.2827,1
2026-06-09 14:13:50,830,EXP_FAULT_01,RUN_01,pod_kill,1,frontend,frontend-f01-00,online-boutique,node-a,0.7852,83.241,0,454.1571,0.046458,45.5374,25.0914,91.3569,148.2927,295.931,417.2115,433.058,0.7438,20.3552,569059.8671,419575.4134,pod_kill,coupon-service,2026-06-09 14:05:00,2026-06-09 14:20:00,during_fault,2205.984,1
2026-06-09 14:13:55,835,EXP_FAULT_01,RUN_01,pod_kill,1,frontend,frontend-f01-00,online-boutique,node-a,0.8173,82.4692,0,444.6304,0.045868,45.803,25.9315,99.8612,148.8111,265.3364,408.7351,424.236,0.4256,19.9688,644011.4225,502461.4275,pod_kill,coupon-service,2026-06-09 14:05:00,2026-06-09 14:20:00,during_fault,2145.683,1
2026-06-09 14:14:00,840,EXP_FAULT_01,RUN_01,pod_kill,1,frontend,frontend-f01-00,online-boutique,node-a,0.7995,85.7489,0,437.9394,0.046043,48.1179,26.9897,99.1076,147.1008,276.0035,402.7203,417.7753,0.7356,19.4285,454383.5282,441562.2867,pod_kill,coupon-service,2026-06-09 14:05:00,2026-06-09 14:20:00,during_fault,2164.562,1
2026-06-09 14:14:05,845,EXP_FAULT_01,RUN_01,pod_kill,1,frontend,frontend-f01-00,online-boutique,node-a,0.7968,83.6023,0,427.9983,0.04603,45.1177,22.9616,100.2777,150.3564,249.2793,394.0697,408.2976,0.7833,18.9173,595845.5073,462329.0736,pod_kill,coupon-service,2026-06-09 14:05:00,2026-06-09 14:20:00,during_fault,2166.8984,1
2026-06-09 14:14:10,850,EXP_FAULT_01,RUN_01,pod_kill,1,frontend,frontend-f01-00,online-boutique,node-a,0.8564,82.4099,0,440.3723,0.045449,43.1938,23.9478,90.1157,131.4623,244.3934,405.8361,420.358,0.7034,19.3109,630856.714,571109.9882,pod_kill,coupon-service,2026-06-09 14:05:00,2026-06-09 14:20:00,during_fault,2086.7915,1
2026-06-09 14:14:15,855,EXP_FAULT_01,RUN_01,pod_kill,1,frontend,frontend-f01-00,online-boutique,node-a,0.7844,83.1261,0,431.8961,0.044372,45.6111,25.8421,90.8014,146.7945,266.4665,398.8403,412.7321,0.4728,18.6912,598779.7888,341235.7609,pod_kill,coupon-service,2026-06-09 14:05:00,2026-06-09 14:20:00,during_fault,2017.6921,1
2026-06-09 14:14:20,860,EXP_FAULT_01,RUN_01,pod_kill,1,frontend,frontend-f01-00,online-boutique,node-a,0.791,84.8256,0,441.0687,0.044654,41.0478,23.8272,83.7047,124.1825,258.9998,407.8858,421.3734,0.7213,18.974,675482.44,347888.0314,pod_kill,coupon-service,2026-06-09 14:05:00,2026-06-09 14:20:00,during_fault,2020.4213,1
2026-06-09 14:14:25,865,EXP_FAULT_01,RUN_01,pod_kill,1,frontend,frontend-f01-00,online-boutique,node-a,0.8002,83.2875,0,449.3101,0.044436,42.866,22.2241,81.0699,137.4458,234.3582,416.2495,429.3447,0.9128,19.0527,519027.3759,422958.4939,pod_kill,coupon-service,2026-06-09 14:05:00,2026-06-09 14:20:00,during_fault,2003.9791,1
2026-06-09 14:14:30,870,EXP_FAULT_01,RUN_01,pod_kill,1,frontend,frontend-f01-00,online-boutique,node-a,0.8148,83.5967,0,425.3822,0.042489,44.9248,24.7934,88.4993,132.8301,278.7341,395.1324,407.308,0.3837,17.6905,505540.9315,346041.0528,pod_kill,coupon-service,2026-06-09 14:05:00,2026-06-09 14:20:00,during_fault,1836.6901,1
2026-06-09 14:14:35,875,EXP_FAULT_01,RUN_01,pod_kill,1,frontend,frontend-f01-00,online-boutique,node-a,0.7916,83.6537,0,447.4272,0.041875,37.5631,20.3446,79.7544,118.1092,216.3435,416.4885,428.691,0.4165,18.3196,598580.0815,521659.2294,pod_kill,coupon-service,2026-06-09 14:05:00,2026-06-09 14:20:00,during_fault,1768.1025,1
2026-06-09 14:14:40,880,EXP_FAULT_01,RUN_01,pod_kill,1,frontend,frontend-f01-00,online-boutique,node-a,0.8167,84.4136,0,457.463,0.041473,40.9126,22.5341,79.5031,117.3909,220.881,426.8489,438.4909,0.4894,18.4828,636857.2172,375363.9781,pod_kill,coupon-service,2026-06-09 14:05:00,2026-06-09 14:20:00,during_fault,1723.741,1
2026-06-09 14:14:45,885,EXP_FAULT_01,RUN_01,pod_kill,1,frontend,frontend-f01-00,online-boutique,node-a,0.7892,83.8106,0,443.998,0.040611,39.6158,22.0033,73.2214,110.7548,208.2006,415.4111,425.9668,0.4605,17.5706,602272.0751,469692.2093,pod_kill,coupon-service,2026-06-09 14:05:00,2026-06-09 14:20:00,during_fault,1662.4043,1
2026-06-09 14:14:50,890,EXP_FAULT_01,RUN_01,pod_kill,1,frontend,frontend-f01-00,online-boutique,node-a,0.8016,83.8678,0,458.3721,0.039785,37.6521,22.4288,76.064,114.0482,205.9668,429.956,440.1356,0.5359,17.7006,679877.891,440181.6531,pod_kill,coupon-service,2026-06-09 14:05:00,2026-06-09 14:20:00,during_fault,1582.9989,1
2026-06-09 14:14:55,895,EXP_FAULT_01,RUN_01,pod_kill,1,frontend,frontend-f01-00,online-boutique,node-a,0.7721,85.5689,0,456.2072,0.0385,38.6057,23.8917,71.5543,107.215,196.6263,429.1099,438.6432,0.324,17.24,486391.7657,385057.1242,pod_kill,coupon-service,2026-06-09 14:05:00,2026-06-09 14:20:00,during_fault,1483.6267,1
2026-06-09 14:15:00,900,EXP_FAULT_01,RUN_01,pod_kill,1,frontend,frontend-f01-00,online-boutique,node-a,0.7938,84.4616,0,466.2531,0.037655,36.7673,21.8285,73.1501,104.5458,179.8703,439.6531,448.6961,0.3048,17.2521,545481.5461,440287.7771,pod_kill,coupon-service,2026-06-09 14:05:00,2026-06-09 14:20:00,during_fault,1409.4379,1
2026-06-09 14:15:05,905,EXP_FAULT_01,RUN_01,pod_kill,1,frontend,frontend-f01-00,online-boutique,node-a,0.7703,84.3022,0,462.9769,0.037877,34.0961,20.7484,62.523,104.5232,186.5766,437.4517,445.4405,0.6514,16.8849,480810.0827,482213.4554,pod_kill,coupon-service,2026-06-09 14:05:00,2026-06-09 14:20:00,during_fault,1433.9802,1
2026-06-09 14:15:10,910,EXP_FAULT_01,RUN_01,pod_kill,1,frontend,frontend-f01-00,online-boutique,node-a,0.8368,84.2968,0,465.8149,0.036405,34.5267,19.974,71.7405,93.1522,188.0762,441.4017,448.8569,0.4269,16.531,580485.3833,520066.4833,pod_kill,coupon-service,2026-06-09 14:05:00,2026-06-09 14:20:00,during_fault,1299.0,1
2026-06-09 14:15:15,915,EXP_FAULT_01,RUN_01,pod_kill,1,frontend,frontend-f01-00,online-boutique,node-a,0.7725,84.8261,0,484.1618,0.036149,35.4379,21.4137,72.1822,97.1728,158.2991,459.7458,466.6598,0.663,16.839,623877.878,452601.6364,pod_kill,coupon-service,2026-06-09 14:05:00,2026-06-09 14:20:00,during_fault,1294.0294,1
2026-06-09 14:15:20,920,EXP_FAULT_01,RUN_01,pod_kill,1,frontend,frontend-f01-00,online-boutique,node-a,0.7557,83.9657,0,497.4594,0.034913,31.5891,19.0217,59.8024,87.8118,154.2788,473.4209,480.0915,0.2735,17.0944,585156.7303,441802.9121,pod_kill,coupon-service,2026-06-09 14:05:00,2026-06-09 14:20:00,during_fault,1206.0231,1
2026-06-09 14:15:25,925,EXP_FAULT_01,RUN_01,pod_kill,1,frontend,frontend-f01-00,online-boutique,node-a,0.8088,83.4007,0,485.11,0.035609,32.8464,21.168,59.729,87.6369,167.8713,462.454,467.8355,0.8592,16.4152,558677.7139,527103.2848,pod_kill,coupon-service,2026-06-09 14:05:00,2026-06-09 14:20:00,during_fault,1243.1403,1
2026-06-09 14:15:30,930,EXP_FAULT_01,RUN_01,pod_kill,1,frontend,frontend-f01-00,online-boutique,node-a,0.7758,83.1999,0,482.3785,0.034976,35.2411,20.6572,67.6457,100.7672,160.0435,460.3894,465.5068,0.8365,16.0352,530763.723,363276.95,pod_kill,coupon-service,2026-06-09 14:05:00,2026-06-09 14:20:00,during_fault,1211.5973,1
2026-06-09 14:15:35,935,EXP_FAULT_01,RUN_01,pod_kill,1,frontend,frontend-f01-00,online-boutique,node-a,0.8044,84.0477,0,502.2268,0.03448,32.4506,18.5771,58.7703,88.3738,145.0478,480.0507,484.91,0.8476,16.4692,544803.5788,384505.1565,pod_kill,coupon-service,2026-06-09 14:05:00,2026-06-09 14:20:00,during_fault,1157.6074,1
2026-06-09 14:15:40,940,EXP_FAULT_01,RUN_01,pod_kill,1,frontend,frontend-f01-00,online-boutique,node-a,0.8772,82.4166,0,515.5663,0.034132,31.6581,18.4633,63.399,78.6194,158.9026,493.4218,497.9692,1.0267,16.5703,620732.0399,459740.5922,pod_kill,coupon-service,2026-06-09 14:05:00,2026-06-09 14:20:00,during_fault,1105.5472,1
2026-06-09 14:15:45,945,EXP_FAULT_01,RUN_01,pod_kill,1,frontend,frontend-f01-00,online-boutique,node-a,0.8346,82.5432,0,518.1591,0.032536,31.9152,20.574,63.1103,86.8657,150.2893,496.8264,501.3,0.3349,16.5242,741561.0921,517279.8907,pod_kill,coupon-service,2026-06-09 14:05:00,2026-06-09 14:20:00,during_fault,1012.1517,1
2026-06-09 14:15:50,950,EXP_FAULT_01,RUN_01,pod_kill,1,frontend,frontend-f01-00,online-boutique,node-a,0.8249,84.4673,0,517.4544,0.032774,33.3345,20.5369,66.1095,95.1514,147.2767,496.5348,500.4953,0.6315,16.3277,682167.4801,588973.5709,pod_kill,coupon-service,2026-06-09 14:05:00,2026-06-09 14:20:00,during_fault,1031.0703,1
2026-06-09 14:15:55,955,EXP_FAULT_01,RUN_01,pod_kill,1,frontend,frontend-f01-00,online-boutique,node-a,0.7917,84.2126,0,517.2829,0.03224,32.437,20.4209,55.6659,82.477,144.7435,496.635,500.6056,0.4323,16.245,629336.1812,517836.639,pod_kill,coupon-service,2026-06-09 14:05:00,2026-06-09 14:20:00,during_fault,1005.4998,1
2026-06-09 14:16:00,960,EXP_FAULT_01,RUN_01,pod_kill,1,frontend,frontend-f01-00,online-boutique,node-a,0.795,84.7644,0,509.4855,0.032668,32.8236,19.5392,65.8327,83.9575,151.2686,489.0942,492.8414,0.6184,16.0257,500017.9882,564433.4353,pod_kill,coupon-service,2026-06-09 14:05:00,2026-06-09 14:20:00,during_fault,1033.4607,1
2026-06-09 14:16:05,965,EXP_FAULT_01,RUN_01,pod_kill,1,frontend,frontend-f01-00,online-boutique,node-a,0.8199,81.4494,0,517.3962,0.032572,32.5058,20.7203,60.2242,80.8348,135.4381,496.6194,500.5436,0.6136,16.239,575225.4192,505005.6731,pod_kill,coupon-service,2026-06-09 14:05:00,2026-06-09 14:20:00,during_fault,1022.1701,1
2026-06-09 14:16:10,970,EXP_FAULT_01,RUN_01,pod_kill,1,frontend,frontend-f01-00,online-boutique,node-a,0.7931,83.5761,0,528.4884,0.032292,30.5304,17.7567,54.7878,81.6737,134.2166,507.0666,511.4225,0.3024,16.7635,532410.1983,399169.0251,pod_kill,coupon-service,2026-06-09 14:05:00,2026-06-09 14:20:00,during_fault,1003.966,1
2026-06-09 14:16:15,975,EXP_FAULT_01,RUN_01,pod_kill,1,frontend,frontend-f01-00,online-boutique,node-a,0.7693,85.3629,0,523.6583,0.033829,32.6045,18.5639,57.7488,82.0754,143.3439,501.7167,505.9435,0.9737,16.7411,554492.5839,396106.2151,pod_kill,coupon-service,2026-06-09 14:05:00,2026-06-09 14:20:00,during_fault,1115.1335,1
2026-06-09 14:16:20,980,EXP_FAULT_01,RUN_01,pod_kill,1,frontend,frontend-f01-00,online-boutique,node-a,0.8423,85.5345,0,523.227,0.033508,28.9803,19.2064,58.245,79.1182,135.0901,501.0189,505.6949,0.7194,16.8127,551435.2716,444914.8805,pod_kill,coupon-service,2026-06-09 14:05:00,2026-06-09 14:20:00,during_fault,1064.3953,1
2026-06-09 14:16:25,985,EXP_FAULT_01,RUN_01,pod_kill,1,frontend,frontend-f01-00,online-boutique,node-a,0.7966,84.2973,0,518.7631,0.033979,34.1295,19.8384,65.524,91.4087,167.9691,496.2001,501.1361,0.6939,16.933,493560.201,501763.0352,pod_kill,coupon-service,2026-06-09 14:05:00,2026-06-09 14:20:00,during_fault,1122.311,1
2026-06-09 14:16:30,990,EXP_FAULT_01,RUN_01,pod_kill,1,frontend,frontend-f01-00,online-boutique,node-a,0.826,85.0149,0,501.1981,0.034872,32.5168,18.6349,61.5581,93.5123,141.6954,478.5096,483.7202,0.8636,16.6143,476210.5276,502518.2353,pod_kill,coupon-service,2026-06-09 14:05:00,2026-06-09 14:20:00,during_fault,1176.512,1
2026-06-09 14:16:35,995,EXP_FAULT_01,RUN_01,pod_kill,1,frontend,frontend-f01-00,online-boutique,node-a,0.8074,84.6046,0,506.6683,0.034757,31.7803,19.2862,61.5313,90.913,143.6108,483.1016,489.0578,0.5662,17.0443,648746.0564,540435.5849,pod_kill,coupon-service,2026-06-09 14:05:00,2026-06-09 14:20:00,during_fault,1172.9163,1
2026-06-09 14:16:40,1000,EXP_FAULT_01,RUN_01,pod_kill,1,frontend,frontend-f01-00,online-boutique,node-a,0.8093,85.242,0,503.8804,0.035886,32.8215,19.8097,67.429,90.9927,157.2261,479.3618,485.7983,0.7618,17.3203,584753.3672,376952.947,pod_kill,coupon-service,2026-06-09 14:05:00,2026-06-09 14:20:00,during_fault,1255.134,1
2026-06-09 14:16:45,1005,EXP_FAULT_01,RUN_01,pod_kill,1,frontend,frontend-f01-00,online-boutique,node-a,0.8203,83.4386,0,490.5133,0.036828,34.8796,22.1969,62.8673,103.6321,158.3048,465.6899,472.4486,0.9027,17.162,525703.2735,364101.3245,pod_kill,coupon-service,2026-06-09 14:05:00,2026-06-09 14:20:00,during_fault,1331.6512,1
2026-06-09 14:16:50,1010,EXP_FAULT_01,RUN_01,pod_kill,1,frontend,frontend-f01-00,online-boutique,node-a,0.8399,82.6002,0,494.3192,0.037789,34.7538,19.0905,70.1393,93.2792,163.38,467.9916,475.6394,1.0225,17.6573,647702.596,416001.268,pod_kill,coupon-service,2026-06-09 14:05:00,2026-06-09 14:20:00,during_fault,1397.4354,1
2026-06-09 14:16:55,1015,EXP_FAULT_01,RUN_01,pod_kill,1,frontend,frontend-f01-00,online-boutique,node-a,0.806,84.4334,0,499.5081,0.037795,38.7103,23.6834,70.6957,105.1872,191.5524,471.9131,480.6291,0.7271,18.152,638664.4023,432893.2323,pod_kill,coupon-service,2026-06-09 14:05:00,2026-06-09 14:20:00,during_fault,1410.7919,1
2026-06-09 14:17:00,1020,EXP_FAULT_01,RUN_01,pod_kill,1,frontend,frontend-f01-00,online-boutique,node-a,0.8219,83.3607,0,483.8218,0.038576,35.8166,21.6103,64.6082,107.6494,173.7821,456.0813,465.1578,0.7646,17.8994,588681.9924,488128.5799,pod_kill,coupon-service,2026-06-09 14:05:00,2026-06-09 14:20:00,during_fault,1470.1849,1
2026-06-09 14:17:05,1025,EXP_FAULT_01,RUN_01,pod_kill,1,frontend,frontend-f01-00,online-boutique,node-a,0.7539,83.9576,0,473.4984,0.040295,38.9105,23.7691,82.1597,123.6897,209.4228,445.0875,454.4189,1.0392,18.0403,567425.6913,514648.8153,pod_kill,coupon-service,2026-06-09 14:05:00,2026-06-09 14:20:00,during_fault,1637.1658,1
2026-06-09 14:17:10,1030,EXP_FAULT_01,RUN_01,pod_kill,1,frontend,frontend-f01-00,online-boutique,node-a,0.8001,82.1264,0,473.6284,0.039884,39.6493,22.1226,81.0976,111.3716,228.9654,444.1334,454.7383,0.6035,18.2867,607126.1236,382305.5068,pod_kill,coupon-service,2026-06-09 14:05:00,2026-06-09 14:20:00,during_fault,1596.3424,1
2026-06-09 14:17:15,1035,EXP_FAULT_01,RUN_01,pod_kill,1,frontend,frontend-f01-00,online-boutique,node-a,0.8043,85.141,0,467.374,0.040538,38.6715,22.6783,73.3668,110.5552,206.7421,437.2749,448.4274,0.4632,18.4834,664757.217,504525.3843,pod_kill,coupon-service,2026-06-09 14:05:00,2026-06-09 14:20:00,during_fault,1638.7854,1
2026-06-09 14:17:20,1040,EXP_FAULT_01,RUN_01,pod_kill,1,frontend,frontend-f01-00,online-boutique,node-a,0.7765,84.887,0,458.5042,0.040978,41.0806,21.7106,77.0206,132.8826,223.3762,427.9364,439.7155,0.3953,18.3935,665794.6116,403912.2139,pod_kill,coupon-service,2026-06-09 14:05:00,2026-06-09 14:20:00,during_fault,1692.5276,1
2026-06-09 14:17:25,1045,EXP_FAULT_01,RUN_01,pod_kill,1,frontend,frontend-f01-00,online-boutique,node-a,0.8054,84.0884,0,445.7517,0.042562,42.0607,25.1374,79.7371,138.2683,245.0274,414.8019,426.7797,0.6918,18.2802,509752.0481,443948.9199,pod_kill,coupon-service,2026-06-09 14:05:00,2026-06-09 14:20:00,during_fault,1829.3721,1
2026-06-09 14:17:30,1050,EXP_FAULT_01,RUN_01,pod_kill,1,frontend,frontend-f01-00,online-boutique,node-a,0.8514,83.7756,0,446.4835,0.042825,44.1084,23.5104,93.529,137.9975,249.313,414.6214,427.363,0.5558,18.5646,665855.3422,421146.0611,pod_kill,coupon-service,2026-06-09 14:05:00,2026-06-09 14:20:00,during_fault,1844.8334,1
2026-06-09 14:17:35,1055,EXP_FAULT_01,RUN_01,pod_kill,1,frontend,frontend-f01-00,online-boutique,node-a,0.7804,84.4581,0,450.8349,0.043522,39.0056,21.2982,80.5889,113.2461,219.4508,417.7555,431.2138,0.5287,19.0923,502015.4663,446247.0734,pod_kill,coupon-service,2026-06-09 14:05:00,2026-06-09 14:20:00,during_fault,1916.2953,1
2026-06-09 14:17:40,1060,EXP_FAULT_01,RUN_01,pod_kill,1,frontend,frontend-f01-00,online-boutique,node-a,0.7715,81.9228,0,439.8916,0.044094,44.4707,26.0421,89.7404,129.9151,277.5182,406.8048,420.4951,0.5814,18.8151,463145.6369,521596.2836,pod_kill,coupon-service,2026-06-09 14:05:00,2026-06-09 14:20:00,during_fault,1995.2246,1
2026-06-09 14:17:45,1065,EXP_FAULT_01,RUN_01,pod_kill,1,frontend,frontend-f01-00,online-boutique,node-a,0.8081,84.6498,0,434.1816,0.04555,42.06,21.7351,83.2467,124.5413,265.6705,400.6115,414.4045,0.8924,18.8847,671636.4921,450042.2503,pod_kill,coupon-service,2026-06-09 14:05:00,2026-06-09 14:20:00,during_fault,2102.5872,1
2026-06-09 14:17:50,1070,EXP_FAULT_01,RUN_01,pod_kill,1,frontend,frontend-f01-00,online-boutique,node-a,0.7975,83.9962,0,433.0674,0.04474,43.767,25.269,91.3679,145.3042,255.8285,399.2928,413.6919,0.3624,19.0131,497432.1918,428748.0163,pod_kill,coupon-service,2026-06-09 14:05:00,2026-06-09 14:20:00,during_fault,2037.8492,1
2026-06-09 14:17:55,1075,EXP_FAULT_01,RUN_01,pod_kill,1,frontend,frontend-f01-00,online-boutique,node-a,0.7616,82.3623,0,426.4592,0.046348,48.4599,24.5152,94.1422,143.9894,303.4644,392.4639,406.6937,0.952,18.8134,503534.4337,444170.9816,pod_kill,coupon-service,2026-06-09 14:05:00,2026-06-09 14:20:00,during_fault,2226.6562,1
2026-06-09 14:18:00,1080,EXP_FAULT_01,RUN_01,pod_kill,1,frontend,frontend-f01-00,online-boutique,node-a,0.8387,82.8605,0,422.2915,0.046125,42.8975,23.3296,93.4815,141.3821,241.6687,388.357,402.8134,0.7296,18.7485,561436.2824,462642.4531,pod_kill,coupon-service,2026-06-09 14:05:00,2026-06-09 14:20:00,during_fault,2160.2224,1
2026-06-09 14:18:05,1085,EXP_FAULT_01,RUN_01,pod_kill,1,frontend,frontend-f01-00,online-boutique,node-a,0.8259,84.4702,0,429.0738,0.046206,40.5423,20.8981,79.9984,134.1528,223.5181,394.3657,409.248,0.6983,19.1274,607420.2984,477231.5236,pod_kill,coupon-service,2026-06-09 14:05:00,2026-06-09 14:20:00,during_fault,2159.9163,1
2026-06-09 14:18:10,1090,EXP_FAULT_01,RUN_01,pod_kill,1,frontend,frontend-f01-00,online-boutique,node-a,0.7805,83.8289,0,428.0269,0.046752,48.5789,26.9349,101.9774,166.4057,286.893,393.1311,408.0158,0.861,19.1502,592996.6854,512882.8986,pod_kill,coupon-service,2026-06-09 14:05:00,2026-06-09 14:20:00,during_fault,2252.693,1
2026-06-09 14:18:15,1095,EXP_FAULT_01,RUN_01,pod_kill,1,frontend,frontend-f01-00,online-boutique,node-a,0.7589,84.9468,0,448.0057,0.046275,43.7929,24.9891,92.0017,133.6901,265.9966,411.5764,427.2744,0.614,20.1174,642836.0113,467913.201,pod_kill,coupon-service,2026-06-09 14:05:00,2026-06-09 14:20:00,during_fault,2187.7356,1
2026-06-09 14:18:20,1100,EXP_FAULT_01,RUN_01,pod_kill,1,frontend,frontend-f01-00,online-boutique,node-a,0.7989,84.2712,0,424.6845,0.046087,40.4539,23.6241,86.165,132.8828,233.0838,390.42,405.1119,0.6507,18.9219,630370.0295,509452.5942,pod_kill,coupon-service,2026-06-09 14:05:00,2026-06-09 14:20:00,during_fault,2160.8608,1
2026-06-09 14:18:25,1105,EXP_FAULT_01,RUN_01,pod_kill,1,frontend,frontend-f01-00,online-boutique,node-a,0.7941,84.5389,0,422.3261,0.046444,42.5333,22.5468,89.9808,127.7169,264.5834,388.4347,402.7117,0.8664,18.7479,426340.37,418361.0469,pod_kill,coupon-service,2026-06-09 14:05:00,2026-06-09 14:20:00,during_fault,2199.032,1
2026-06-09 14:18:30,1110,EXP_FAULT_01,RUN_01,pod_kill,1,frontend,frontend-f01-00,online-boutique,node-a,0.8234,83.6094,0,426.6495,0.045822,42.6142,21.5758,94.0509,129.2351,276.9972,392.6578,407.0994,0.7412,18.8089,466873.2805,445916.1623,pod_kill,coupon-service,2026-06-09 14:05:00,2026-06-09 14:20:00,during_fault,2131.2446,1
2026-06-09 14:18:35,1115,EXP_FAULT_01,RUN_01,pod_kill,1,frontend,frontend-f01-00,online-boutique,node-a,0.7711,85.1339,0,432.1452,0.045003,43.9266,25.4891,84.8952,132.0627,239.8365,398.4037,412.6975,0.5494,18.8983,622752.5367,442005.4626,pod_kill,coupon-service,2026-06-09 14:05:00,2026-06-09 14:20:00,during_fault,2067.4595,1
2026-06-09 14:18:40,1120,EXP_FAULT_01,RUN_01,pod_kill,1,frontend,frontend-f01-00,online-boutique,node-a,0.7936,83.8647,0,435.8771,0.045166,40.9164,24.0145,85.3224,127.8844,235.1038,402.3464,416.1902,0.7553,18.9316,522268.1094,485522.6242,pod_kill,coupon-service,2026-06-09 14:05:00,2026-06-09 14:20:00,during_fault,2072.802,1
2026-06-09 14:18:45,1125,EXP_FAULT_01,RUN_01,pod_kill,1,frontend,frontend-f01-00,online-boutique,node-a,0.8117,82.9498,0,445.1352,0.044737,43.2602,24.2121,91.8614,137.5128,227.8284,411.6177,425.2211,0.8252,19.0889,566015.1414,358649.354,pod_kill,coupon-service,2026-06-09 14:05:00,2026-06-09 14:20:00,during_fault,2031.6985,1
2026-06-09 14:18:50,1130,EXP_FAULT_01,RUN_01,pod_kill,1,frontend,frontend-f01-00,online-boutique,node-a,0.7993,84.1211,0,456.1183,0.043256,44.665,24.8447,86.3774,142.5352,267.3457,422.6626,436.3887,0.3578,19.3719,452158.1646,384618.9662,pod_kill,coupon-service,2026-06-09 14:05:00,2026-06-09 14:20:00,during_fault,1896.737,1
2026-06-09 14:18:55,1135,EXP_FAULT_01,RUN_01,pod_kill,1,frontend,frontend-f01-00,online-boutique,node-a,0.7936,84.4845,0,443.1603,0.042846,39.9543,22.5175,86.8383,127.847,215.2657,411.5704,424.1726,0.5581,18.4296,438863.6747,551589.3247,pod_kill,coupon-service,2026-06-09 14:05:00,2026-06-09 14:20:00,during_fault,1853.6917,1
2026-06-09 14:19:00,1140,EXP_FAULT_01,RUN_01,pod_kill,1,frontend,frontend-f01-00,online-boutique,node-a,0.785,82.9114,0,452.0859,0.042749,42.6992,24.3544,87.7205,138.7051,253.6495,420.5717,432.7597,0.755,18.5712,517518.7576,548853.6433,pod_kill,coupon-service,2026-06-09 14:05:00,2026-06-09 14:20:00,during_fault,1856.7252,1
2026-06-09 14:19:05,1145,EXP_FAULT_01,RUN_01,pod_kill,1,frontend,frontend-f01-00,online-boutique,node-a,0.8147,85.5097,0,444.5196,0.041295,35.0703,21.3489,68.2002,102.074,201.9329,414.839,426.1632,0.5088,17.8475,598241.2107,449976.904,pod_kill,coupon-service,2026-06-09 14:05:00,2026-06-09 14:20:00,during_fault,1702.5569,1
2026-06-09 14:19:10,1150,EXP_FAULT_01,RUN_01,pod_kill,1,frontend,frontend-f01-00,online-boutique,node-a,0.8181,84.5232,0,436.1306,0.040838,37.7167,19.9798,77.581,108.7649,222.4318,407.9618,418.3199,0.6293,17.1814,468478.1677,475925.1754,pod_kill,coupon-service,2026-06-09 14:05:00,2026-06-09 14:20:00,during_fault,1670.3594,1
2026-06-09 14:19:15,1155,EXP_FAULT_01,RUN_01,pod_kill,1,frontend,frontend-f01-00,online-boutique,node-a,0.7687,83.8175,0,446.6869,0.040001,36.4606,21.8618,66.9155,114.8411,179.2572,418.7994,428.819,0.5441,17.3237,635132.7774,545790.3882,pod_kill,coupon-service,2026-06-09 14:05:00,2026-06-09 14:20:00,during_fault,1614.5656,1
2026-06-09 14:19:20,1160,EXP_FAULT_01,RUN_01,pod_kill,1,frontend,frontend-f01-00,online-boutique,node-a,0.7752,83.8431,0,445.351,0.038304,38.5447,21.9071,73.7093,116.7989,202.1239,418.8774,428.2923,0.2425,16.8162,443568.0692,346554.1515,pod_kill,coupon-service,2026-06-09 14:05:00,2026-06-09 14:20:00,during_fault,1475.6089,1
2026-06-09 14:19:25,1165,EXP_FAULT_01,RUN_01,pod_kill,1,frontend,frontend-f01-00,online-boutique,node-a,0.7746,84.122,0,444.9693,0.037995,34.6953,20.724,66.6095,103.8103,168.0657,419.5543,428.0625,0.417,16.4897,503271.3466,405335.5179,pod_kill,coupon-service,2026-06-09 14:05:00,2026-06-09 14:20:00,during_fault,1447.7021,1
2026-06-09 14:19:30,1170,EXP_FAULT_01,RUN_01,pod_kill,1,frontend,frontend-f01-00,online-boutique,node-a,0.7878,84.3335,0,452.1692,0.038603,34.6903,20.0606,72.2672,107.7121,161.3548,427.2518,434.7141,0.9674,16.4877,637666.4588,427587.2238,pod_kill,coupon-service,2026-06-09 14:05:00,2026-06-09 14:20:00,during_fault,1489.262,1
2026-06-09 14:19:35,1175,EXP_FAULT_01,RUN_01,pod_kill,1,frontend,frontend-f01-00,online-boutique,node-a,0.7667,82.9956,0,456.4776,0.036349,33.1753,18.4884,66.7852,98.7178,161.1389,432.5303,439.8849,0.4038,16.1889,588350.6352,387659.5947,pod_kill,coupon-service,2026-06-09 14:05:00,2026-06-09 14:20:00,during_fault,1322.3767,1
2026-06-09 14:19:40,1180,EXP_FAULT_01,RUN_01,pod_kill,1,frontend,frontend-f01-00,online-boutique,node-a,0.7753,83.8035,0,449.907,0.03643,32.8697,18.5449,65.147,92.1407,156.2786,427.2258,433.5171,0.678,15.7119,502096.2258,476917.7517,pod_kill,coupon-service,2026-06-09 14:05:00,2026-06-09 14:20:00,during_fault,1324.9397,1
2026-06-09 14:19:45,1185,EXP_FAULT_01,RUN_01,pod_kill,1,frontend,frontend-f01-00,online-boutique,node-a,0.8323,84.8497,0,429.6051,0.035115,30.2821,17.5506,56.0024,90.8255,158.6301,408.8388,414.5194,0.3394,14.7463,586198.2022,403445.6498,pod_kill,coupon-service,2026-06-09 14:05:00,2026-06-09 14:20:00,during_fault,1207.3134,1
2026-06-09 14:19:50,1190,EXP_FAULT_01,RUN_01,pod_kill,1,frontend,frontend-f01-00,online-boutique,node-a,0.7817,84.2463,0,438.782,0.034576,30.1285,17.4377,58.2654,85.081,139.1749,418.4506,423.6107,0.4335,14.7378,628021.7684,392154.212,pod_kill,coupon-service,2026-06-09 14:05:00,2026-06-09 14:20:00,during_fault,1185.0554,1
2026-06-09 14:19:55,1195,EXP_FAULT_01,RUN_01,pod_kill,1,frontend,frontend-f01-00,online-boutique,node-a,0.783,84.1707,0,435.395,0.034067,32.0341,19.6667,63.5075,82.7838,139.7449,415.8154,420.5624,0.3795,14.4531,560158.3006,446867.8764,pod_kill,coupon-service,2026-06-09 14:05:00,2026-06-09 14:20:00,during_fault,1151.8038,1
2026-06-09 14:20:00,1200,EXP_FAULT_01,RUN_01,pod_kill,1,frontend,frontend-f01-00,online-boutique,node-a,0.8074,84.2458,0,426.8793,0.03444,32.1951,18.5521,61.6299,91.5999,138.7888,407.8896,412.1777,0.7352,13.9665,560644.3279,433205.9204,pod_kill,coupon-service,2026-06-09 14:05:00,2026-06-09 14:20:00,post_fault,1173.3646,1
2026-06-09 14:20:05,1205,EXP_FAULT_01,RUN_01,pod_kill,1,frontend,frontend-f01-00,online-boutique,node-a,0.773,85.2475,0,417.3158,0.03381,30.4538,17.2149,60.4726,81.7942,148.1714,399.1622,403.2064,0.5419,13.5675,585208.6981,379758.6418,pod_kill,coupon-service,2026-06-09 14:05:00,2026-06-09 14:20:00,post_fault,1137.2136,1
2026-06-09 14:20:10,1210,EXP_FAULT_01,RUN_01,pod_kill,1,frontend,frontend-f01-00,online-boutique,node-a,0.7605,83.6935,0,434.6678,0.033702,29.6504,17.8252,53.7198,77.9949,145.7488,415.9094,420.0188,0.5671,14.0819,571008.403,425388.1138,pod_kill,coupon-service,2026-06-09 14:05:00,2026-06-09 14:20:00,post_fault,1132.2948,1
2026-06-09 14:20:15,1215,EXP_FAULT_01,RUN_01,pod_kill,1,frontend,frontend-f01-00,online-boutique,node-a,0.7882,83.9902,0,420.0673,0.032852,32.0555,19.2626,62.0071,85.8125,136.7101,402.4441,406.2672,0.3269,13.4732,570301.9924,449145.6902,pod_kill,coupon-service,2026-06-09 14:05:00,2026-06-09 14:20:00,post_fault,1070.3818,1
2026-06-09 14:20:20,1220,EXP_FAULT_01,RUN_01,pod_kill,1,frontend,frontend-f01-00,online-boutique,node-a,0.7871,84.5675,0,435.2605,0.033269,28.9532,18.6727,54.0673,80.11,130.3183,417.0776,420.7799,0.5916,13.8889,475844.6561,367446.4037,pod_kill,coupon-service,2026-06-09 14:05:00,2026-06-09 14:20:00,post_fault,1090.5071,1
2026-06-09 14:20:25,1225,EXP_FAULT_01,RUN_01,pod_kill,1,frontend,frontend-f01-00,online-boutique,node-a,0.7905,84.3291,0,410.1407,0.033124,31.283,18.4718,56.716,86.4327,138.3221,393.2733,396.5551,0.5662,13.0193,499499.7079,295084.4718,pod_kill,coupon-service,2026-06-09 14:05:00,2026-06-09 14:20:00,post_fault,1089.3776,1
2026-06-09 14:20:30,1230,EXP_FAULT_01,RUN_01,pod_kill,1,frontend,frontend-f01-00,online-boutique,node-a,0.7596,83.4872,0,422.8629,0.032255,28.5303,18.5567,52.341,73.0039,134.4021,405.8029,409.2236,0.3036,13.3357,470306.375,353263.5087,pod_kill,coupon-service,2026-06-09 14:05:00,2026-06-09 14:20:00,post_fault,1035.6178,1
2026-06-09 14:20:35,1235,EXP_FAULT_01,RUN_01,pod_kill,1,frontend,frontend-f01-00,online-boutique,node-a,0.7315,82.6244,0,414.8688,0.033396,27.4371,17.0727,54.987,73.1885,116.4345,398.1401,401.014,0.7299,13.1249,483892.3571,466955.5067,pod_kill,coupon-service,2026-06-09 14:05:00,2026-06-09 14:20:00,post_fault,1124.7195,1
2026-06-09 14:20:40,1240,EXP_FAULT_01,RUN_01,pod_kill,1,frontend,frontend-f01-00,online-boutique,node-a,0.8081,83.7869,0,420.6359,0.033228,28.0155,17.389,53.8287,75.0793,127.1887,403.9771,406.6589,0.8249,13.1522,543968.9502,436164.2196,pod_kill,coupon-service,2026-06-09 14:05:00,2026-06-09 14:20:00,post_fault,1083.8417,1
2026-06-09 14:20:45,1245,EXP_FAULT_01,RUN_01,pod_kill,1,frontend,frontend-f01-00,online-boutique,node-a,0.7546,84.4149,0,421.6055,0.032747,27.1713,17.8376,46.6515,70.3996,124.5408,405.1857,407.7994,0.6995,13.1066,514438.2049,379207.1522,pod_kill,coupon-service,2026-06-09 14:05:00,2026-06-09 14:20:00,post_fault,1067.362,1
2026-06-09 14:20:50,1250,EXP_FAULT_01,RUN_01,pod_kill,1,frontend,frontend-f01-00,online-boutique,node-a,0.734,84.9552,0,405.9817,0.032094,28.466,18.7987,54.0906,78.6886,124.802,390.4364,392.952,0.469,12.5606,559703.1726,373856.2143,pod_kill,coupon-service,2026-06-09 14:05:00,2026-06-09 14:20:00,post_fault,1033.3057,1
2026-06-09 14:20:55,1255,EXP_FAULT_01,RUN_01,pod_kill,1,frontend,frontend-f01-00,online-boutique,node-a,0.7629,84.0897,0,405.4651,0.032431,28.9991,18.6471,56.786,77.9549,131.5333,390.0215,392.3153,0.6699,12.4799,378209.8965,455746.7529,pod_kill,coupon-service,2026-06-09 14:05:00,2026-06-09 14:20:00,post_fault,1050.5074,1
2026-06-09 14:21:00,1260,EXP_FAULT_01,RUN_01,pod_kill,1,frontend,frontend-f01-00,online-boutique,node-a,0.7745,85.2605,0,415.0846,0.03102,26.9503,17.5926,47.2936,75.584,125.8946,399.6718,402.2086,0.2176,12.6584,424683.2392,469642.2031,pod_kill,coupon-service,2026-06-09 14:05:00,2026-06-09 14:20:00,post_fault,947.3493,1
2026-06-09 14:21:05,1265,EXP_FAULT_01,RUN_01,pod_kill,1,frontend,frontend-f01-00,online-boutique,node-a,0.7889,84.5135,0,406.7258,0.031022,29.6392,19.4891,58.8689,73.5549,134.7758,391.8332,394.1082,0.2166,12.401,556055.9956,370839.244,pod_kill,coupon-service,2026-06-09 14:05:00,2026-06-09 14:20:00,post_fault,949.70526,1
2026-06-09 14:21:10,1270,EXP_FAULT_01,RUN_01,pod_kill,1,frontend,frontend-f01-00,online-boutique,node-a,0.7747,85.154,0,421.6387,0.031312,28.1791,17.7706,52.2944,75.9027,127.9981,406.3655,408.4363,0.5308,12.6715,471972.6398,459926.0597,pod_kill,coupon-service,2026-06-09 14:05:00,2026-06-09 14:20:00,post_fault,966.3407,1
2026-06-09 14:21:15,1275,EXP_FAULT_01,RUN_01,pod_kill,1,frontend,frontend-f01-00,online-boutique,node-a,0.7703,84.3232,0,413.7815,0.031617,29.8643,18.8144,52.7414,79.4507,124.5604,398.9232,400.6989,0.646,12.4366,464996.7049,326052.3479,pod_kill,coupon-service,2026-06-09 14:05:00,2026-06-09 14:20:00,post_fault,992.1283,1
2026-06-09 14:21:20,1280,EXP_FAULT_01,RUN_01,pod_kill,1,frontend,frontend-f01-00,online-boutique,node-a,0.7877,84.4219,0,430.0938,0.030956,26.0287,17.1403,44.8702,69.0111,119.0245,414.9803,416.7799,0.4259,12.888,501567.9495,345787.8354,pod_kill,coupon-service,2026-06-09 14:05:00,2026-06-09 14:20:00,post_fault,935.3456,1
2026-06-09 14:21:25,1285,EXP_FAULT_01,RUN_01,pod_kill,1,frontend,frontend-f01-00,online-boutique,node-a,0.717,83.7279,0,427.3003,0.030891,27.4009,17.078,49.8625,73.8298,108.6223,412.3721,414.1004,0.5623,12.6377,561528.3484,346695.8209,pod_kill,coupon-service,2026-06-09 14:05:00,2026-06-09 14:20:00,post_fault,957.4923,1
2026-06-09 14:21:30,1290,EXP_FAULT_01,RUN_01,pod_kill,1,frontend,frontend-f01-00,online-boutique,node-a,0.7402,83.8794,0,418.93,0.031331,28.5907,19.2088,53.685,78.4291,117.7155,404.4507,405.8046,0.6934,12.432,444986.48,391446.5208,pod_kill,coupon-service,2026-06-09 14:05:00,2026-06-09 14:20:00,post_fault,981.1629,1
2026-06-09 14:21:35,1295,EXP_FAULT_01,RUN_01,pod_kill,1,frontend,frontend-f01-00,online-boutique,node-a,0.8479,84.8899,0,423.6281,0.031159,28.4394,19.4886,50.0455,74.4379,121.3473,409.1561,410.4284,0.7149,12.4847,568206.178,386772.4176,pod_kill,coupon-service,2026-06-09 14:05:00,2026-06-09 14:20:00,post_fault,933.6825,1
2026-06-09 14:21:40,1300,EXP_FAULT_01,RUN_01,pod_kill,1,frontend,frontend-f01-00,online-boutique,node-a,0.7535,84.8699,0,430.0921,0.029863,28.4928,19.4144,49.974,74.2137,130.9111,415.8026,417.2484,0.2717,12.5721,574627.5662,374722.875,pod_kill,coupon-service,2026-06-09 14:05:00,2026-06-09 14:20:00,post_fault,879.41455,1
2026-06-09 14:21:45,1305,EXP_FAULT_01,RUN_01,pod_kill,1,frontend,frontend-f01-00,online-boutique,node-a,0.8564,84.9308,0,427.7717,0.030938,27.6231,18.9962,52.6439,72.7886,108.104,413.6462,414.5372,0.7891,12.4454,572112.717,475130.0446,pod_kill,coupon-service,2026-06-09 14:05:00,2026-06-09 14:20:00,post_fault,914.8195,1
2026-06-09 14:21:50,1310,EXP_FAULT_01,RUN_01,pod_kill,1,frontend,frontend-f01-00,online-boutique,node-a,0.7239,84.9105,0,438.7018,0.030269,26.112,17.211,45.1567,66.7706,109.9518,424.4724,425.4225,0.5361,12.7431,417321.7835,493350.4458,pod_kill,coupon-service,2026-06-09 14:05:00,2026-06-09 14:20:00,post_fault,910.6909,1
2026-06-09 14:21:55,1315,EXP_FAULT_01,RUN_01,pod_kill,1,frontend,frontend-f01-00,online-boutique,node-a,0.7793,83.614,0,440.9716,0.029246,27.6389,17.1165,48.7817,69.8912,120.2494,427.0081,428.0748,0.2402,12.6566,454759.6848,430204.9712,pod_kill,coupon-service,2026-06-09 14:05:00,2026-06-09 14:20:00,post_fault,833.5472,1
2026-06-09 14:22:00,1320,EXP_FAULT_01,RUN_01,pod_kill,1,frontend,frontend-f01-00,online-boutique,node-a,0.7359,85.4231,0,441.9813,0.02949,26.2964,17.7118,50.1725,65.6032,103.3294,428.024,428.9474,0.412,12.6219,535480.3478,314433.1888,pod_kill,coupon-service,2026-06-09 14:05:00,2026-06-09 14:20:00,post_fault,857.2225,1
2026-06-09 14:22:05,1325,EXP_FAULT_01,RUN_01,pod_kill,1,frontend,frontend-f01-00,online-boutique,node-a,0.8134,84.1378,0,440.9488,0.029731,26.204,17.2388,46.8506,67.8687,117.5718,427.2701,427.8389,0.5456,12.5644,524414.8917,331864.8386,pod_kill,coupon-service,2026-06-09 14:05:00,2026-06-09 14:20:00,post_fault,849.6569,1
2026-06-09 14:22:10,1330,EXP_FAULT_01,RUN_01,pod_kill,1,frontend,frontend-f01-00,online-boutique,node-a,0.8241,81.7369,0,456.698,0.029272,27.7276,18.8485,49.7388,68.7633,112.713,442.6759,443.3297,0.4082,12.9601,479713.0986,482964.1618,pod_kill,coupon-service,2026-06-09 14:05:00,2026-06-09 14:20:00,post_fault,820.58203,1
2026-06-09 14:22:15,1335,EXP_FAULT_01,RUN_01,pod_kill,1,frontend,frontend-f01-00,online-boutique,node-a,0.8254,84.0464,0,455.8721,0.029995,26.8005,16.3667,50.4952,66.6457,118.2872,441.8885,442.198,0.7671,12.907,501502.613,421974.1348,pod_kill,coupon-service,2026-06-09 14:05:00,2026-06-09 14:20:00,post_fault,859.51337,1
2026-06-09 14:22:20,1340,EXP_FAULT_01,RUN_01,pod_kill,1,frontend,frontend-f01-00,online-boutique,node-a,0.7671,84.6112,0,455.4258,0.028984,26.6374,17.5496,50.6153,61.8998,112.002,441.8663,442.2257,0.3471,12.853,484683.6977,389760.1253,pod_kill,coupon-service,2026-06-09 14:05:00,2026-06-09 14:20:00,post_fault,816.04095,1
2026-06-09 14:22:25,1345,EXP_FAULT_01,RUN_01,pod_kill,1,frontend,frontend-f01-00,online-boutique,node-a,0.7952,84.7482,0,435.201,0.029296,27.9256,18.7913,53.9009,65.7685,118.7452,422.3021,422.4514,0.5799,12.1697,392542.2869,396419.9679,pod_kill,coupon-service,2026-06-09 14:05:00,2026-06-09 14:20:00,post_fault,831.9956,1
2026-06-09 14:22:30,1350,EXP_FAULT_01,RUN_01,pod_kill,1,frontend,frontend-f01-00,online-boutique,node-a,0.7399,83.3536,0,447.1841,0.029024,27.3421,17.7134,50.334,69.1173,119.0298,434.0874,434.2049,0.5844,12.3948,477068.1828,315156.8153,pod_kill,coupon-service,2026-06-09 14:05:00,2026-06-09 14:20:00,post_fault,831.0913,1
2026-06-09 14:22:35,1355,EXP_FAULT_01,RUN_01,pod_kill,1,frontend,frontend-f01-00,online-boutique,node-a,0.8586,83.8182,0,448.2044,0.028285,25.0467,15.0336,46.9444,56.9288,101.4499,435.4595,435.5272,0.2167,12.4606,596448.0697,414402.6641,pod_kill,coupon-service,2026-06-09 14:05:00,2026-06-09 14:20:00,post_fault,749.26904,1
2026-06-09 14:22:40,1360,EXP_FAULT_01,RUN_01,pod_kill,1,frontend,frontend-f01-00,online-boutique,node-a,0.7446,84.9645,0,461.7176,0.028215,26.1718,18.3465,47.1569,59.3285,94.9878,448.7379,448.69,0.3506,12.6769,500652.674,357554.7194,pod_kill,coupon-service,2026-06-09 14:05:00,2026-06-09 14:20:00,post_fault,775.79016,1
2026-06-09 14:22:45,1365,EXP_FAULT_01,RUN_01,pod_kill,1,frontend,frontend-f01-00,online-boutique,node-a,0.8182,85.2301,0,451.8011,0.02913,26.4477,16.1357,50.7896,69.4191,97.8705,439.0224,438.6403,0.7902,12.3705,457922.7467,491663.3672,pod_kill,coupon-service,2026-06-09 14:05:00,2026-06-09 14:20:00,post_fault,808.9817,1
2026-06-09 14:22:50,1370,EXP_FAULT_01,RUN_01,pod_kill,1,frontend,frontend-f01-00,online-boutique,node-a,0.7991,83.478,0,452.8597,0.029019,26.0597,17.8206,45.3995,59.6197,93.8503,440.336,439.718,0.6991,12.4425,462126.4437,452959.0759,pod_kill,coupon-service,2026-06-09 14:05:00,2026-06-09 14:20:00,post_fault,809.56946,1
2026-06-09 14:22:55,1375,EXP_FAULT_01,RUN_01,pod_kill,1,frontend,frontend-f01-00,online-boutique,node-a,0.7673,83.6469,0,438.5236,0.027955,25.4501,17.0849,46.645,66.5135,96.8952,426.6211,426.2648,0.3564,11.9025,477241.9485,441492.1404,pod_kill,coupon-service,2026-06-09 14:05:00,2026-06-09 14:20:00,post_fault,759.495,1
2026-06-09 14:23:00,1380,EXP_FAULT_01,RUN_01,pod_kill,1,frontend,frontend-f01-00,online-boutique,node-a,0.7391,86.2658,0,451.6616,0.028625,27.0368,19.1446,46.7913,69.8562,98.8327,439.3366,438.7329,0.7419,12.1869,407571.6947,388512.4135,pod_kill,coupon-service,2026-06-09 14:05:00,2026-06-09 14:20:00,post_fault,800.48584,1
2026-06-09 14:23:05,1385,EXP_FAULT_01,RUN_01,pod_kill,1,frontend,frontend-f01-00,online-boutique,node-a,0.8169,84.1259,0,463.1118,0.028004,25.5809,17.2331,46.4031,59.6363,96.7026,450.5706,450.143,0.4277,12.5412,468193.4658,478201.7501,pod_kill,coupon-service,2026-06-09 14:05:00,2026-06-09 14:20:00,post_fault,742.3241,1
2026-06-09 14:23:10,1390,EXP_FAULT_01,RUN_01,pod_kill,1,frontend,frontend-f01-00,online-boutique,node-a,0.7391,83.9507,0,445.9132,0.02814,26.2432,17.4652,48.7052,61.6572,104.0575,434.0152,433.3654,0.6499,11.898,495259.4558,451108.5892,pod_kill,coupon-service,2026-06-09 14:05:00,2026-06-09 14:20:00,post_fault,777.65204,1
2026-06-09 14:23:15,1395,EXP_FAULT_01,RUN_01,pod_kill,1,frontend,frontend-f01-00,online-boutique,node-a,0.7773,84.9739,0,445.36,0.027361,25.0737,17.1358,44.3738,63.0984,105.5633,433.4437,433.1745,0.2692,11.9162,398108.326,452875.2065,pod_kill,coupon-service,2026-06-09 14:05:00,2026-06-09 14:20:00,post_fault,719.77905,1
2026-06-09 14:23:20,1400,EXP_FAULT_01,RUN_01,pod_kill,1,frontend,frontend-f01-00,online-boutique,node-a,0.8146,84.1431,0,443.5996,0.02751,25.7254,16.3801,47.1141,61.5625,99.6249,431.8877,431.396,0.4917,11.7119,471453.4434,463713.6258,pod_kill,coupon-service,2026-06-09 14:05:00,2026-06-09 14:20:00,post_fault,719.51953,1
2026-06-09 14:23:25,1405,EXP_FAULT_01,RUN_01,pod_kill,1,frontend,frontend-f01-00,online-boutique,node-a,0.7685,83.6869,0,447.6206,0.027098,27.3664,17.9432,50.055,61.695,106.8189,435.8199,435.4911,0.3288,11.8007,593682.1053,482444.3714,pod_kill,coupon-service,2026-06-09 14:05:00,2026-06-09 14:20:00,post_fault,711.5026,1
2026-06-09 14:23:30,1410,EXP_FAULT_01,RUN_01,pod_kill,1,frontend,frontend-f01-00,online-boutique,node-a,0.7845,86.1812,0,445.9931,0.028195,25.4142,16.6033,45.6028,64.1086,97.261,434.1932,433.4184,0.7748,11.7998,595053.0883,378489.7574,pod_kill,coupon-service,2026-06-09 14:05:00,2026-06-09 14:20:00,post_fault,763.56445,1
2026-06-09 14:23:35,1415,EXP_FAULT_01,RUN_01,pod_kill,1,frontend,frontend-f01-00,online-boutique,node-a,0.8318,82.0892,0,446.5186,0.027033,24.7792,16.867,42.3555,59.0059,89.208,434.8319,434.4478,0.3841,11.6866,529421.7202,312644.8613,pod_kill,coupon-service,2026-06-09 14:05:00,2026-06-09 14:20:00,post_fault,689.19934,1
2026-06-09 14:23:40,1420,EXP_FAULT_01,RUN_01,pod_kill,1,frontend,frontend-f01-00,online-boutique,node-a,0.7645,83.7212,0,451.7483,0.026581,25.0249,17.0711,44.072,61.8136,101.7371,439.9708,439.7403,0.2305,11.7774,528583.2519,354793.0729,pod_kill,coupon-service,2026-06-09 14:05:00,2026-06-09 14:20:00,post_fault,680.8126,1
2026-06-09 14:23:45,1425,EXP_FAULT_01,RUN_01,pod_kill,1,frontend,frontend-f01-00,online-boutique,node-a,0.7411,85.3748,0,454.4292,0.026629,25.8671,16.8632,47.74,57.5406,93.0866,442.5504,442.3283,0.2221,11.8788,589121.2574,373443.1833,pod_kill,coupon-service,2026-06-09 14:05:00,2026-06-09 14:20:00,post_fault,687.9942,1
2026-06-09 14:23:50,1430,EXP_FAULT_01,RUN_01,pod_kill,1,frontend,frontend-f01-00,online-boutique,node-a,0.7582,82.9648,0,445.2255,0.026912,26.0527,17.1443,47.5555,64.0625,91.9959,433.6794,433.2438,0.4356,11.5461,398104.9421,402604.5716,pod_kill,coupon-service,2026-06-09 14:05:00,2026-06-09 14:20:00,post_fault,703.90607,1
2026-06-09 14:23:55,1435,EXP_FAULT_01,RUN_01,pod_kill,1,frontend,frontend-f01-00,online-boutique,node-a,0.7552,83.2271,0,458.7065,0.026707,25.5659,17.3902,41.7435,57.1283,101.0438,446.8639,446.456,0.4079,11.8425,443046.8676,490446.8644,pod_kill,coupon-service,2026-06-09 14:05:00,2026-06-09 14:20:00,post_fault,690.0889,1
2026-06-09 14:24:00,1440,EXP_FAULT_01,RUN_01,pod_kill,1,frontend,frontend-f01-00,online-boutique,node-a,0.7624,86.0011,0,447.7477,0.026374,26.3126,16.2685,44.373,64.1671,89.9939,436.2388,435.9387,0.3001,11.5089,476093.9076,347792.4419,pod_kill,coupon-service,2026-06-09 14:05:00,2026-06-09 14:20:00,post_fault,669.0077,1
2026-06-09 14:24:05,1445,EXP_FAULT_01,RUN_01,pod_kill,1,frontend,frontend-f01-00,online-boutique,node-a,0.7776,85.3727,0,457.5334,0.025949,24.7482,15.4143,43.8589,60.2199,99.0156,445.8619,445.6607,0.2012,11.6715,487506.7967,409896.6189,pod_kill,coupon-service,2026-06-09 14:05:00,2026-06-09 14:20:00,post_fault,640.34985,1
2026-06-09 14:24:10,1450,EXP_FAULT_01,RUN_01,pod_kill,1,frontend,frontend-f01-00,online-boutique,node-a,0.7877,86.0274,0,464.0278,0.026241,23.5077,14.8931,38.2186,52.7147,92.5817,452.2665,451.8513,0.4152,11.7613,623275.3043,326446.1961,pod_kill,coupon-service,2026-06-09 14:05:00,2026-06-09 14:20:00,post_fault,649.91907,1
2026-06-09 14:24:15,1455,EXP_FAULT_01,RUN_01,pod_kill,1,frontend,frontend-f01-00,online-boutique,node-a,0.7764,83.435,0,460.5712,0.026007,23.7164,14.8681,44.1816,57.354,80.831,448.9425,448.5931,0.3494,11.6287,549048.7131,434583.4472,pod_kill,coupon-service,2026-06-09 14:05:00,2026-06-09 14:20:00,post_fault,644.2761,1
2026-06-09 14:24:20,1460,EXP_FAULT_01,RUN_01,pod_kill,1,frontend,frontend-f01-00,online-boutique,node-a,0.7873,83.2625,0,471.9297,0.025926,26.161,16.5172,47.8644,59.3051,93.5414,459.9254,459.6945,0.2309,12.0043,492137.6062,519101.8231,pod_kill,coupon-service,2026-06-09 14:05:00,2026-06-09 14:20:00,post_fault,637.5661,1
2026-06-09 14:24:25,1465,EXP_FAULT_01,RUN_01,pod_kill,1,frontend,frontend-f01-00,online-boutique,node-a,0.7516,83.777,0,466.724,0.026983,24.0706,15.1076,42.912,58.9662,80.263,454.9482,454.1306,0.8176,11.7759,501710.8723,390546.6044,pod_kill,coupon-service,2026-06-09 14:05:00,2026-06-09 14:20:00,post_fault,702.65796,1
2026-06-09 14:24:30,1470,EXP_FAULT_01,RUN_01,pod_kill,1,frontend,frontend-f01-00,online-boutique,node-a,0.815,83.7278,0,487.4333,0.026753,24.2178,16.9973,42.9871,53.2411,88.187,475.1178,474.3932,0.7245,12.3156,459040.983,511507.6787,pod_kill,coupon-service,2026-06-09 14:05:00,2026-06-09 14:20:00,post_fault,668.32947,1
2026-06-09 14:24:35,1475,EXP_FAULT_01,RUN_01,pod_kill,1,frontend,frontend-f01-00,online-boutique,node-a,0.7658,84.4656,0,478.5707,0.025968,23.8288,15.9496,40.1199,58.3157,93.7278,466.534,466.143,0.391,12.0366,431906.9076,502114.8114,pod_kill,coupon-service,2026-06-09 14:05:00,2026-06-09 14:20:00,post_fault,640.943,1
2026-06-09 14:24:40,1480,EXP_FAULT_01,RUN_01,pod_kill,1,frontend,frontend-f01-00,online-boutique,node-a,0.8343,85.0671,0,486.6127,0.025429,24.6876,17.481,45.2336,59.2325,94.8516,474.5795,474.2385,0.341,12.0331,548630.9723,423912.4735,pod_kill,coupon-service,2026-06-09 14:05:00,2026-06-09 14:20:00,post_fault,593.5102,1
2026-06-09 14:24:45,1485,EXP_FAULT_01,RUN_01,pod_kill,1,frontend,frontend-f01-00,online-boutique,node-a,0.7808,83.7045,0,486.9851,0.025351,24.3809,17.8075,38.8808,59.8269,83.9557,474.9254,474.6397,0.2857,12.0597,582842.7751,518487.0269,pod_kill,coupon-service,2026-06-09 14:05:00,2026-06-09 14:20:00,post_fault,604.66956,1
2026-06-09 14:24:50,1490,EXP_FAULT_01,RUN_01,pod_kill,1,frontend,frontend-f01-00,online-boutique,node-a,0.7849,83.6492,0,499.5706,0.025907,26.2645,16.7042,46.6008,59.2126,89.4436,487.1622,486.6281,0.5341,12.4084,560192.4051,394406.6706,pod_kill,coupon-service,2026-06-09 14:05:00,2026-06-09 14:20:00,post_fault,631.7637,1
2026-06-09 14:24:55,1495,EXP_FAULT_01,RUN_01,pod_kill,1,frontend,frontend-f01-00,online-boutique,node-a,0.7948,85.0416,0,498.5173,0.025412,24.748,16.4276,45.8399,53.7698,96.2272,486.2718,485.8492,0.4226,12.2455,511284.8938,505505.3899,pod_kill,coupon-service,2026-06-09 14:05:00,2026-06-09 14:20:00,post_fault,600.9301,1
2026-06-09 14:25:00,1500,EXP_FAULT_01,RUN_01,pod_kill,1,frontend,frontend-f01-00,online-boutique,node-a,0.7532,84.896,0,500.0467,0.02523,21.382,13.6988,36.6788,52.0387,79.0092,487.8586,487.4304,0.4281,12.1882,579484.7894,513370.567,pod_kill,coupon-service,2026-06-09 14:05:00,2026-06-09 14:20:00,post_fault,600.401,1
2026-06-09 14:25:05,1505,EXP_FAULT_01,RUN_01,pod_kill,1,frontend,frontend-f01-00,online-boutique,node-a,0.8382,84.7414,0,508.6971,0.025671,22.7514,16.5475,37.7047,48.9092,85.0252,496.3392,495.6384,0.7008,12.3579,448264.7004,539414.6096,pod_kill,coupon-service,2026-06-09 14:05:00,2026-06-09 14:20:00,post_fault,599.54785,1
2026-06-09 14:25:10,1510,EXP_FAULT_01,RUN_01,pod_kill,1,frontend,frontend-f01-00,online-boutique,node-a,0.821,84.2238,0,508.1032,0.024884,25.3373,16.9335,40.3873,58.461,91.5258,495.7314,495.4597,0.2717,12.3718,498105.3748,423735.1759,pod_kill,coupon-service,2026-06-09 14:05:00,2026-06-09 14:20:00,post_fault,567.3473,1
2026-06-09 14:25:15,1515,EXP_FAULT_01,RUN_01,pod_kill,1,frontend,frontend-f01-00,online-boutique,node-a,0.8577,83.8193,0,516.5585,0.02583,25.1735,17.7035,42.7443,59.4638,91.5823,503.9926,503.2159,0.7767,12.566,464953.4937,480386.9313,pod_kill,coupon-service,2026-06-09 14:05:00,2026-06-09 14:20:00,post_fault,604.11475,1
2026-06-09 14:25:20,1520,EXP_FAULT_01,RUN_01,pod_kill,1,frontend,frontend-f01-00,online-boutique,node-a,0.8282,83.1034,0,515.6569,0.025087,23.9087,17.5011,39.5948,55.3467,91.2317,503.2425,502.7207,0.5219,12.4143,592107.3759,516983.555,pod_kill,coupon-service,2026-06-09 14:05:00,2026-06-09 14:20:00,post_fault,574.12463,1
2026-06-09 14:25:25,1525,EXP_FAULT_01,RUN_01,pod_kill,1,frontend,frontend-f01-00,online-boutique,node-a,0.7918,83.622,0,514.7223,0.025769,22.7095,14.9705,37.8148,49.3209,78.5305,502.3354,501.4582,0.8772,12.3869,531652.7524,458985.1719,pod_kill,coupon-service,2026-06-09 14:05:00,2026-06-09 14:20:00,post_fault,617.1898,1
2026-06-09 14:25:30,1530,EXP_FAULT_01,RUN_01,pod_kill,1,frontend,frontend-f01-00,online-boutique,node-a,0.7838,85.1148,0,519.0641,0.024747,25.4519,18.2862,43.0203,57.7072,87.9981,506.5756,506.2189,0.3567,12.4884,661783.6878,431039.2198,pod_kill,coupon-service,2026-06-09 14:05:00,2026-06-09 14:20:00,post_fault,567.54504,1
2026-06-09 14:25:35,1535,EXP_FAULT_01,RUN_01,pod_kill,1,frontend,frontend-f01-00,online-boutique,node-a,0.7939,84.0092,0,514.4344,0.024501,23.3623,15.814,37.8077,55.1824,86.3338,502.1552,501.8304,0.3248,12.2792,673947.5845,418858.9603,pod_kill,coupon-service,2026-06-09 14:05:00,2026-06-09 14:20:00,post_fault,553.1051,1
2026-06-09 14:25:40,1540,EXP_FAULT_01,RUN_01,pod_kill,1,frontend,frontend-f01-00,online-boutique,node-a,0.7923,84.4384,0,519.5166,0.025071,23.6428,16.9505,43.1841,52.0975,73.8842,507.1019,506.4917,0.6102,12.4147,672034.5761,512070.1993,pod_kill,coupon-service,2026-06-09 14:05:00,2026-06-09 14:20:00,post_fault,580.60724,1
2026-06-09 14:25:45,1545,EXP_FAULT_01,RUN_01,pod_kill,1,frontend,frontend-f01-00,online-boutique,node-a,0.7781,85.6992,0,501.7433,0.02486,23.5115,17.1795,41.2349,51.7523,86.139,489.8403,489.2701,0.5702,11.9031,432004.9762,374335.9209,pod_kill,coupon-service,2026-06-09 14:05:00,2026-06-09 14:20:00,post_fault,575.48285,1
2026-06-09 14:25:50,1550,EXP_FAULT_01,RUN_01,pod_kill,1,frontend,frontend-f01-00,online-boutique,node-a,0.7753,85.2052,0,525.3872,0.025001,21.8483,14.9549,37.6918,50.8449,75.9333,512.9402,512.2522,0.688,12.447,514911.396,497141.6286,pod_kill,coupon-service,2026-06-09 14:05:00,2026-06-09 14:20:00,post_fault,579.06647,1
2026-06-09 14:25:55,1555,EXP_FAULT_01,RUN_01,pod_kill,1,frontend,frontend-f01-00,online-boutique,node-a,0.7686,83.8536,0,518.2426,0.025049,23.6533,15.8956,39.8489,55.5342,87.7152,505.9494,505.2612,0.6882,12.2932,622247.5303,367313.5357,pod_kill,coupon-service,2026-06-09 14:05:00,2026-06-09 14:20:00,post_fault,586.7311,1
2026-06-09 14:26:00,1560,EXP_FAULT_01,RUN_01,pod_kill,1,frontend,frontend-f01-00,online-boutique,node-a,0.7985,83.8366,0,508.6365,0.024454,23.87,17.394,43.5072,54.4013,82.816,496.7213,496.1982,0.5231,11.9153,604320.0383,442845.7464,pod_kill,coupon-service,2026-06-09 14:05:00,2026-06-09 14:20:00,post_fault,551.0927,1
2026-06-09 14:26:05,1565,EXP_FAULT_01,RUN_01,pod_kill,1,frontend,frontend-f01-00,online-boutique,node-a,0.7973,84.81,0,505.4689,0.024148,23.6012,17.6019,41.9004,49.2541,74.842,493.6399,493.2629,0.377,11.829,613611.2212,412896.2348,pod_kill,coupon-service,2026-06-09 14:05:00,2026-06-09 14:20:00,post_fault,535.99084,1
2026-06-09 14:26:10,1570,EXP_FAULT_01,RUN_01,pod_kill,1,frontend,frontend-f01-00,online-boutique,node-a,0.8482,84.9666,0,515.2587,0.024706,22.8517,14.7706,36.6798,47.5483,84.6062,503.2855,502.5287,0.7568,11.9732,537605.3939,508939.8933,pod_kill,coupon-service,2026-06-09 14:05:00,2026-06-09 14:20:00,post_fault,547.8104,1
2026-06-09 14:26:15,1575,EXP_FAULT_01,RUN_01,pod_kill,1,frontend,frontend-f01-00,online-boutique,node-a,0.8408,84.4252,0,516.5606,0.024322,24.776,15.9404,42.3412,53.2622,82.8979,504.5386,503.997,0.5416,12.022,540788.9114,498856.3576,pod_kill,coupon-service,2026-06-09 14:05:00,2026-06-09 14:20:00,post_fault,532.94885,1
2026-06-09 14:26:20,1580,EXP_FAULT_01,RUN_01,pod_kill,1,frontend,frontend-f01-00,online-boutique,node-a,0.8254,82.9965,0,504.5014,0.024264,22.7695,14.8632,35.6808,50.0154,77.7245,492.7904,492.2604,0.53,11.711,523047.7551,463710.9646,pod_kill,coupon-service,2026-06-09 14:05:00,2026-06-09 14:20:00,post_fault,535.77185,1
2026-06-09 14:26:25,1585,EXP_FAULT_01,RUN_01,pod_kill,1,frontend,frontend-f01-00,online-boutique,node-a,0.7927,84.2297,0,510.6584,0.024337,21.3093,14.4842,33.9265,48.2796,70.8837,498.7571,498.2303,0.5268,11.9012,668141.8327,505359.0282,pod_kill,coupon-service,2026-06-09 14:05:00,2026-06-09 14:20:00,post_fault,544.6891,1
2026-06-09 14:26:30,1590,EXP_FAULT_01,RUN_01,pod_kill,1,frontend,frontend-f01-00,online-boutique,node-a,0.8174,84.935,0,505.1247,0.023704,23.5635,15.7587,38.4168,48.0454,84.0877,493.4761,493.1512,0.3249,11.6486,590981.315,420078.5847,pod_kill,coupon-service,2026-06-09 14:05:00,2026-06-09 14:20:00,post_fault,509.84613,1
2026-06-09 14:26:35,1595,EXP_FAULT_01,RUN_01,pod_kill,1,frontend,frontend-f01-00,online-boutique,node-a,0.7599,83.6505,0,493.8709,0.023952,22.1655,16.2012,39.5961,46.9362,67.9881,482.4355,482.0418,0.3936,11.4355,528771.9311,453865.6084,pod_kill,coupon-service,2026-06-09 14:05:00,2026-06-09 14:20:00,post_fault,538.2984,1
2026-06-09 14:26:40,1600,EXP_FAULT_01,RUN_01,pod_kill,1,frontend,frontend-f01-00,online-boutique,node-a,0.7843,84.283,0,511.6586,0.024471,22.3376,15.8237,40.4977,47.6306,72.9844,499.957,499.1378,0.8192,11.7016,571932.9136,484816.4608,pod_kill,coupon-service,2026-06-09 14:05:00,2026-06-09 14:20:00,post_fault,553.725,1
2026-06-09 14:26:45,1605,EXP_FAULT_01,RUN_01,pod_kill,1,frontend,frontend-f01-00,online-boutique,node-a,0.8178,85.7562,0,495.827,0.023744,23.1507,16.8986,39.6175,47.4352,71.4397,484.391,484.0542,0.3367,11.436,606601.11,451569.4258,pod_kill,coupon-service,2026-06-09 14:05:00,2026-06-09 14:20:00,post_fault,512.0592,1
2026-06-09 14:26:50,1610,EXP_FAULT_01,RUN_01,pod_kill,1,frontend,frontend-f01-00,online-boutique,node-a,0.7936,84.0388,0,497.5991,0.023763,24.8996,16.1704,40.8653,52.0092,83.1159,486.2827,485.7747,0.508,11.3163,502128.6536,360801.2997,pod_kill,coupon-service,2026-06-09 14:05:00,2026-06-09 14:20:00,post_fault,521.6376,1
2026-06-09 14:26:55,1615,EXP_FAULT_01,RUN_01,pod_kill,1,frontend,frontend-f01-00,online-boutique,node-a,0.8322,85.2175,0,505.1259,0.024164,21.7575,14.4817,38.8529,46.1309,71.3393,493.6613,492.9199,0.7414,11.4646,625349.924,410029.9695,pod_kill,coupon-service,2026-06-09 14:05:00,2026-06-09 14:20:00,post_fault,526.4662,1
2026-06-09 14:27:00,1620,EXP_FAULT_01,RUN_01,pod_kill,1,frontend,frontend-f01-00,online-boutique,node-a,0.7712,84.3251,0,487.6624,0.024308,22.6817,15.702,40.1121,50.7641,79.6546,476.5684,475.8081,0.7602,11.094,506582.672,356017.7893,pod_kill,coupon-service,2026-06-09 14:05:00,2026-06-09 14:20:00,post_fault,553.2055,1
2026-06-09 14:27:05,1625,EXP_FAULT_01,RUN_01,pod_kill,1,frontend,frontend-f01-00,online-boutique,node-a,0.8296,84.2152,0,491.5088,0.023067,23.8551,17.7692,38.5427,53.1649,76.9998,480.4087,480.1711,0.2376,11.1001,507169.9535,422369.1535,pod_kill,coupon-service,2026-06-09 14:05:00,2026-06-09 14:20:00,post_fault,480.67154,1
2026-06-09 14:27:10,1630,EXP_FAULT_01,RUN_01,pod_kill,1,frontend,frontend-f01-00,online-boutique,node-a,0.8003,83.7969,0,517.0963,0.023449,22.8237,16.3044,36.2514,46.215,70.5265,505.3792,504.9706,0.4086,11.717,568364.3759,551286.4874,pod_kill,coupon-service,2026-06-09 14:05:00,2026-06-09 14:20:00,post_fault,500.84952,1
2026-06-09 14:27:15,1635,EXP_FAULT_01,RUN_01,pod_kill,1,frontend,frontend-f01-00,online-boutique,node-a,0.8035,85.5368,0,485.3295,0.023827,22.5234,15.9622,35.2947,45.7049,79.7194,474.365,473.7657,0.5992,10.9646,413185.5977,433671.9488,pod_kill,coupon-service,2026-06-09 14:05:00,2026-06-09 14:20:00,post_fault,520.94604,1
2026-06-09 14:27:20,1640,EXP_FAULT_01,RUN_01,pod_kill,1,frontend,frontend-f01-00,online-boutique,node-a,0.6746,85.9668,0,495.8875,0.023177,22.4461,15.4477,38.0017,51.0263,79.4011,484.7745,484.3942,0.3804,11.113,616235.3697,479724.0979,pod_kill,coupon-service,2026-06-09 14:05:00,2026-06-09 14:20:00,post_fault,510.25464,1
2026-06-09 14:27:25,1645,EXP_FAULT_01,RUN_01,pod_kill,1,frontend,frontend-f01-00,online-boutique,node-a,0.7716,83.6066,0,506.2954,0.024099,21.7869,16.2559,37.6879,46.7272,67.9987,494.8991,494.0939,0.8052,11.3963,538800.3397,381478.9321,pod_kill,coupon-service,2026-06-09 14:05:00,2026-06-09 14:20:00,post_fault,540.2279,1
2026-06-09 14:27:30,1650,EXP_FAULT_01,RUN_01,pod_kill,1,frontend,frontend-f01-00,online-boutique,node-a,0.7429,84.1858,0,506.8885,0.023317,22.5752,15.8752,36.8299,51.3483,76.209,495.516,495.0695,0.4465,11.3724,522740.7565,531804.5584,pod_kill,coupon-service,2026-06-09 14:05:00,2026-06-09 14:20:00,post_fault,510.35455,1
2026-06-09 14:27:35,1655,EXP_FAULT_01,RUN_01,pod_kill,1,frontend,frontend-f01-00,online-boutique,node-a,0.7825,84.3756,0,517.9574,0.022691,21.2819,14.6639,37.0889,45.863,69.1253,506.485,506.2045,0.2806,11.4723,518743.5629,524713.977,pod_kill,coupon-service,2026-06-09 14:05:00,2026-06-09 14:20:00,post_fault,469.22235,1
2026-06-09 14:27:40,1660,EXP_FAULT_01,RUN_01,pod_kill,1,frontend,frontend-f01-00,online-boutique,node-a,0.8234,84.6819,0,518.0324,0.023722,21.2709,15.7151,33.1472,46.5184,69.9449,506.4609,505.7436,0.7172,11.5716,510524.1389,527366.499,pod_kill,coupon-service,2026-06-09 14:05:00,2026-06-09 14:20:00,post_fault,506.05194,1
2026-06-09 14:27:45,1665,EXP_FAULT_01,RUN_01,pod_kill,1,frontend,frontend-f01-00,online-boutique,node-a,0.7931,84.5776,0,512.8765,0.023445,20.0378,14.2361,36.092,45.2198,68.9491,501.4608,500.852,0.6088,11.4157,527092.6081,423489.3941,pod_kill,coupon-service,2026-06-09 14:05:00,2026-06-09 14:20:00,post_fault,501.14175,1
2026-06-09 14:27:50,1670,EXP_FAULT_01,RUN_01,pod_kill,1,frontend,frontend-f01-00,online-boutique,node-a,0.7598,84.7809,0,541.9805,0.023638,20.6664,15.5537,34.7223,45.4926,69.3155,530.0649,529.1689,0.896,11.9156,694816.0122,511984.6754,pod_kill,coupon-service,2026-06-09 14:05:00,2026-06-09 14:20:00,post_fault,514.78,1
2026-06-09 14:27:55,1675,EXP_FAULT_01,RUN_01,pod_kill,1,frontend,frontend-f01-00,online-boutique,node-a,0.7859,83.9686,0,527.1703,0.022876,22.4825,15.5748,36.0021,49.3338,76.1387,515.5592,515.1105,0.4487,11.6111,453453.7721,364068.2603,pod_kill,coupon-service,2026-06-09 14:05:00,2026-06-09 14:20:00,post_fault,476.3117,1
2026-06-09 14:28:00,1680,EXP_FAULT_01,RUN_01,pod_kill,1,frontend,frontend-f01-00,online-boutique,node-a,0.7913,83.2461,0,527.0336,0.023019,20.7522,14.7485,33.8534,41.8462,64.4958,515.5029,514.9019,0.601,11.5307,565013.1827,411161.0887,pod_kill,coupon-service,2026-06-09 14:05:00,2026-06-09 14:20:00,post_fault,481.40454,1
2026-06-09 14:28:05,1685,EXP_FAULT_01,RUN_01,pod_kill,1,frontend,frontend-f01-00,online-boutique,node-a,0.8574,85.8032,0,531.4492,0.023237,22.5414,15.512,39.452,49.2826,73.0772,519.7429,519.1001,0.6427,11.7064,480684.4724,508994.6881,pod_kill,coupon-service,2026-06-09 14:05:00,2026-06-09 14:20:00,post_fault,473.2855,1
2026-06-09 14:28:10,1690,EXP_FAULT_01,RUN_01,pod_kill,1,frontend,frontend-f01-00,online-boutique,node-a,0.8316,83.366,0,533.0221,0.022177,21.7539,16.245,34.9557,48.4482,65.6692,521.4045,521.2013,0.2032,11.6176,626097.0499,532031.5477,pod_kill,coupon-service,2026-06-09 14:05:00,2026-06-09 14:20:00,post_fault,433.84766,1
2026-06-09 14:28:15,1695,EXP_FAULT_01,RUN_01,pod_kill,1,frontend,frontend-f01-00,online-boutique,node-a,0.814,84.8036,0,536.0248,0.022415,21.9326,16.3607,34.2836,48.7335,64.2322,524.2375,524.0098,0.2277,11.7873,551792.3656,430171.7172,pod_kill,coupon-service,2026-06-09 14:05:00,2026-06-09 14:20:00,post_fault,446.74576,1
2026-06-09 14:28:20,1700,EXP_FAULT_01,RUN_01,pod_kill,1,frontend,frontend-f01-00,online-boutique,node-a,0.8128,84.6106,0,529.0822,0.02256,22.5244,16.0734,39.6114,47.0646,68.8031,517.5707,517.1458,0.4248,11.5115,477456.2586,413170.9854,pod_kill,coupon-service,2026-06-09 14:05:00,2026-06-09 14:20:00,post_fault,454.85223,1
2026-06-09 14:28:25,1705,EXP_FAULT_01,RUN_01,pod_kill,1,frontend,frontend-f01-00,online-boutique,node-a,0.7847,83.5653,0,539.8498,0.022313,21.5195,14.9817,37.8027,42.2447,72.2739,528.1646,527.8043,0.3603,11.6852,591451.1228,530881.7392,pod_kill,coupon-service,2026-06-09 14:05:00,2026-06-09 14:20:00,post_fault,449.6607,1
2026-06-09 14:28:30,1710,EXP_FAULT_01,RUN_01,pod_kill,1,frontend,frontend-f01-00,online-boutique,node-a,0.8122,82.4247,0,544.8897,0.022292,21.2748,15.3542,34.1728,42.0137,64.3395,533.0252,532.7429,0.2822,11.8646,522050.9872,411102.5037,pod_kill,coupon-service,2026-06-09 14:05:00,2026-06-09 14:20:00,post_fault,442.32617,1
2026-06-09 14:28:35,1715,EXP_FAULT_01,RUN_01,pod_kill,1,frontend,frontend-f01-00,online-boutique,node-a,0.8384,85.6275,0,537.5378,0.023042,22.0874,16.1864,34.0392,49.9482,69.7852,525.8136,525.1515,0.6621,11.7241,550788.7525,391846.8806,pod_kill,coupon-service,2026-06-09 14:05:00,2026-06-09 14:20:00,post_fault,467.95856,1
2026-06-09 14:28:40,1720,EXP_FAULT_01,RUN_01,pod_kill,1,frontend,frontend-f01-00,online-boutique,node-a,0.7608,85.4036,0,523.6959,0.023146,20.5601,15.1254,31.9934,42.6059,67.8512,512.2966,511.5744,0.7222,11.3992,660698.5765,546776.5576,pod_kill,coupon-service,2026-06-09 14:05:00,2026-06-09 14:20:00,post_fault,492.04947,1
2026-06-09 14:28:45,1725,EXP_FAULT_01,RUN_01,pod_kill,1,frontend,frontend-f01-00,online-boutique,node-a,0.8273,85.4801,0,547.9752,0.022054,22.3222,16.7697,39.8572,45.3708,64.4452,536.0539,535.8902,0.1637,11.9213,551316.7005,422620.1976,pod_kill,coupon-service,2026-06-09 14:05:00,2026-06-09 14:20:00,post_fault,425.97397,1
2026-06-09 14:28:50,1730,EXP_FAULT_01,RUN_01,pod_kill,1,frontend,frontend-f01-00,online-boutique,node-a,0.7855,83.5824,0,525.0166,0.022051,21.6618,15.3712,36.7151,49.2639,71.5218,513.6381,513.4395,0.1986,11.3784,658950.4351,371992.7792,pod_kill,coupon-service,2026-06-09 14:05:00,2026-06-09 14:20:00,post_fault,440.04498,1
2026-06-09 14:28:55,1735,EXP_FAULT_01,RUN_01,pod_kill,1,frontend,frontend-f01-00,online-boutique,node-a,0.7804,85.9787,0,536.3188,0.022859,20.9236,13.838,34.8859,45.0806,69.7196,524.7187,524.0594,0.6593,11.6001,694519.3905,397195.5702,pod_kill,coupon-service,2026-06-09 14:05:00,2026-06-09 14:20:00,post_fault,473.2981,1
2026-06-09 14:29:00,1740,EXP_FAULT_01,RUN_01,pod_kill,1,frontend,frontend-f01-00,online-boutique,node-a,0.7551,83.0628,0,529.2938,0.021983,21.5946,15.5967,33.1002,44.0104,67.3225,517.9471,517.6584,0.2887,11.3467,636581.7088,377149.0381,pod_kill,coupon-service,2026-06-09 14:05:00,2026-06-09 14:20:00,post_fault,444.30948,1
2026-06-09 14:29:05,1745,EXP_FAULT_01,RUN_01,pod_kill,1,frontend,frontend-f01-00,online-boutique,node-a,0.8079,83.6017,0,520.3632,0.022642,22.0271,15.3323,36.9074,46.0778,64.2597,509.3178,508.5811,0.7367,11.0454,497153.4818,379837.2619,pod_kill,coupon-service,2026-06-09 14:05:00,2026-06-09 14:20:00,post_fault,461.53326,1
2026-06-09 14:29:10,1750,EXP_FAULT_01,RUN_01,pod_kill,1,frontend,frontend-f01-00,online-boutique,node-a,0.7933,83.4517,0,510.8535,0.022821,21.6154,15.9602,33.4267,47.8413,64.8521,500.0112,499.1951,0.8161,10.8423,649832.3582,402600.7483,pod_kill,coupon-service,2026-06-09 14:05:00,2026-06-09 14:20:00,post_fault,474.39853,1
2026-06-09 14:29:15,1755,EXP_FAULT_01,RUN_01,pod_kill,1,frontend,frontend-f01-00,online-boutique,node-a,0.8003,82.7071,0,524.4855,0.023018,20.8462,15.4427,33.8234,46.4489,65.1186,513.2587,512.4129,0.8457,11.2268,559674.5358,447241.4171,pod_kill,coupon-service,2026-06-09 14:05:00,2026-06-09 14:20:00,post_fault,479.98447,1
2026-06-09 14:29:20,1760,EXP_FAULT_01,RUN_01,pod_kill,1,frontend,frontend-f01-00,online-boutique,node-a,0.7875,83.5326,0,507.4846,0.022389,21.0677,15.4108,34.852,41.9786,59.4955,496.6154,496.1224,0.493,10.8691,450556.1357,343166.9217,pod_kill,coupon-service,2026-06-09 14:05:00,2026-06-09 14:20:00,post_fault,456.6319,1
2026-06-09 14:29:25,1765,EXP_FAULT_01,RUN_01,pod_kill,1,frontend,frontend-f01-00,online-boutique,node-a,0.8271,85.7874,0,519.8869,0.022439,20.7743,15.3601,36.6546,46.8038,68.6681,508.8413,508.2214,0.6199,11.0456,672753.4903,524679.3216,pod_kill,coupon-service,2026-06-09 14:05:00,2026-06-09 14:20:00,post_fault,445.68295,1
2026-06-09 14:29:30,1770,EXP_FAULT_01,RUN_01,pod_kill,1,frontend,frontend-f01-00,online-boutique,node-a,0.7995,84.2003,0,522.8071,0.022493,20.9483,15.0697,33.633,45.78,60.9741,511.625,511.0474,0.5775,11.1821,630458.0562,506453.3631,pod_kill,coupon-service,2026-06-09 14:05:00,2026-06-09 14:20:00,post_fault,455.59106,1
2026-06-09 14:29:35,1775,EXP_FAULT_01,RUN_01,pod_kill,1,frontend,frontend-f01-00,online-boutique,node-a,0.8377,83.9818,0,510.9908,0.021957,20.0858,13.8196,35.4229,41.8501,62.5627,500.1603,499.771,0.3893,10.8306,466426.7592,353534.3963,pod_kill,coupon-service,2026-06-09 14:05:00,2026-06-09 14:20:00,post_fault,424.8478,1
2026-06-09 14:29:40,1780,EXP_FAULT_01,RUN_01,pod_kill,1,frontend,frontend-f01-00,online-boutique,node-a,0.7895,83.5959,0,494.526,0.022854,20.6695,13.9784,32.4392,45.7692,63.1613,484.0198,483.2242,0.7956,10.5062,517159.7351,443959.0344,pod_kill,coupon-service,2026-06-09 14:05:00,2026-06-09 14:20:00,post_fault,478.63217,1
2026-06-09 14:29:45,1785,EXP_FAULT_01,RUN_01,pod_kill,1,frontend,frontend-f01-00,online-boutique,node-a,0.7787,84.4207,0,489.8094,0.023101,22.439,16.6294,35.6642,47.6725,70.6966,479.2794,478.4942,0.7852,10.53,559381.4448,443380.9485,pod_kill,coupon-service,2026-06-09 14:05:00,2026-06-09 14:20:00,post_fault,493.47028,1
2026-06-09 14:29:50,1790,EXP_FAULT_01,RUN_01,pod_kill,1,frontend,frontend-f01-00,online-boutique,node-a,0.8127,85.0193,0,501.0557,0.021736,21.2327,14.6497,34.8625,42.3631,61.5045,490.4357,490.1646,0.2711,10.62,439780.2143,429864.0753,pod_kill,coupon-service,2026-06-09 14:05:00,2026-06-09 14:20:00,post_fault,422.06924,1
2026-06-09 14:29:55,1795,EXP_FAULT_01,RUN_01,pod_kill,1,frontend,frontend-f01-00,online-boutique,node-a,0.7915,83.8958,0,492.9709,0.022137,19.2613,14.7088,34.2545,39.1481,59.4609,482.4855,482.0582,0.4274,10.4854,484979.2795,401995.5212,pod_kill,coupon-service,2026-06-09 14:05:00,2026-06-09 14:20:00,post_fault,445.6231,1
2026-06-09 14:35:00,0,EXP_FAULT_02,RUN_02,cpu_stress,1,frontend,frontend-f02-00,online-boutique,node-a,0.7604,81.9354,0,436.6273,0.001753,18.2682,14.857,26.7426,35.103,51.0639,436.2705,435.8618,0.6667,0.0987,504999.5974,347055.0944,cpu_stress,inventory-service,2026-06-09 14:40:00,2026-06-09 14:55:00,pre_fault,0.3006453,0
2026-06-09 14:35:05,5,EXP_FAULT_02,RUN_02,cpu_stress,1,frontend,frontend-f02-00,online-boutique,node-a,0.7864,84.6438,0,459.6595,0.000573,17.9118,14.312,28.0251,31.5279,44.5946,459.495,459.3963,0.1729,0.0903,543215.8912,443648.0731,cpu_stress,inventory-service,2026-06-09 14:40:00,2026-06-09 14:55:00,pre_fault,0.05305001,0
2026-06-09 14:35:10,10,EXP_FAULT_02,RUN_02,cpu_stress,1,frontend,frontend-f02-00,online-boutique,node-a,0.7609,83.0249,0,449.4552,0.001612,16.3177,12.2981,27.53,29.5457,40.8306,448.9293,448.7305,0.5906,0.1341,535957.9492,320721.9624,cpu_stress,inventory-service,2026-06-09 14:40:00,2026-06-09 14:55:00,pre_fault,0.12147309,0
2026-06-09 14:35:15,15,EXP_FAULT_02,RUN_02,cpu_stress,1,frontend,frontend-f02-00,online-boutique,node-a,0.7846,82.3008,0,460.2011,0.001517,16.6399,12.4565,26.484,31.1809,47.0463,459.7231,459.5029,0.5547,0.1435,469969.326,447758.2866,cpu_stress,inventory-service,2026-06-09 14:40:00,2026-06-09 14:55:00,pre_fault,0.071329676,0
2026-06-09 14:35:20,20,EXP_FAULT_02,RUN_02,cpu_stress,1,frontend,frontend-f02-00,online-boutique,node-a,0.7749,81.0721,0,458.2501,0.000775,17.2716,13.1531,25.9242,30.9447,44.1807,458.0415,457.8949,0.3201,0.0351,440530.3137,390170.7947,cpu_stress,inventory-service,2026-06-09 14:40:00,2026-06-09 14:55:00,pre_fault,0.059431277,0
2026-06-09 14:35:25,25,EXP_FAULT_02,RUN_02,cpu_stress,1,frontend,frontend-f02-00,online-boutique,node-a,0.7796,83.6445,0,464.9066,0.00082,19.0898,13.55,31.5438,33.4175,46.3469,464.677,464.5253,0.235,0.1462,386994.5923,429133.8633,cpu_stress,inventory-service,2026-06-09 14:40:00,2026-06-09 14:55:00,pre_fault,0.122181736,0
2026-06-09 14:35:30,30,EXP_FAULT_02,RUN_02,cpu_stress,1,frontend,frontend-f02-00,online-boutique,node-a,0.7592,82.1561,0,471.761,0.001663,17.8035,13.1743,28.3648,34.8511,42.7187,471.2607,470.9767,0.6683,0.1161,412665.1118,335176.9808,cpu_stress,inventory-service,2026-06-09 14:40:00,2026-06-09 14:55:00,pre_fault,0.18254432,0
2026-06-09 14:35:35,35,EXP_FAULT_02,RUN_02,cpu_stress,1,frontend,frontend-f02-00,online-boutique,node-a,0.8193,83.0636,0,497.9754,0.000621,17.9692,12.9,29.905,34.2911,47.4,497.854,497.6659,0.2505,0.0589,545351.8506,390399.0476,cpu_stress,inventory-service,2026-06-09 14:40:00,2026-06-09 14:55:00,pre_fault,0.020368118,0
2026-06-09 14:35:40,40,EXP_FAULT_02,RUN_02,cpu_stress,1,frontend,frontend-f02-00,online-boutique,node-a,0.793,83.1181,0,485.81,0.00134,18.1025,14.4411,27.1701,33.4545,45.746,485.5278,485.1588,0.5762,0.0749,573639.3712,327135.6167,cpu_stress,inventory-service,2026-06-09 14:40:00,2026-06-09 14:55:00,pre_fault,0.021720275,0
2026-06-09 14:35:45,45,EXP_FAULT_02,RUN_02,cpu_stress,1,frontend,frontend-f02-00,online-boutique,node-a,0.7636,81.6754,0,474.6578,0.001703,18.3299,14.3198,26.6055,35.3015,43.3572,474.2415,473.8493,0.7561,0.0525,541186.8355,483992.5244,cpu_stress,inventory-service,2026-06-09 14:40:00,2026-06-09 14:55:00,pre_fault,0.14171626,0
2026-06-09 14:35:50,50,EXP_FAULT_02,RUN_02,cpu_stress,1,frontend,frontend-f02-00,online-boutique,node-a,0.8187,82.1292,0,465.947,0.001631,19.229,15.1151,32.4502,36.4213,48.8786,465.6456,465.1871,0.7039,0.056,428861.8223,430630.9859,cpu_stress,inventory-service,2026-06-09 14:40:00,2026-06-09 14:55:00,pre_fault,0.42168674,0
2026-06-09 14:35:55,55,EXP_FAULT_02,RUN_02,cpu_stress,1,frontend,frontend-f02-00,online-boutique,node-a,0.7335,82.2543,0,474.2152,0.001069,17.5389,12.466,27.125,33.662,49.0702,473.8477,473.7081,0.5035,0.0036,440911.3555,371629.8233,cpu_stress,inventory-service,2026-06-09 14:40:00,2026-06-09 14:55:00,pre_fault,0.28172868,0
2026-06-09 14:36:00,60,EXP_FAULT_02,RUN_02,cpu_stress,1,frontend,frontend-f02-00,online-boutique,node-a,0.8253,84.9496,0,469.7279,0.00089,18.0003,13.9347,26.4061,36.4343,44.5165,469.5046,469.31,0.2561,0.1618,394809.0493,408002.0563,cpu_stress,inventory-service,2026-06-09 14:40:00,2026-06-09 14:55:00,pre_fault,0.17675517,0
2026-06-09 14:36:05,65,EXP_FAULT_02,RUN_02,cpu_stress,1,frontend,frontend-f02-00,online-boutique,node-a,0.7918,81.5864,0,469.332,0.000478,16.8077,13.4902,28.5048,34.4053,44.34,469.1672,469.1077,0.2058,0.0185,392575.5203,371762.2041,cpu_stress,inventory-service,2026-06-09 14:40:00,2026-06-09 14:55:00,pre_fault,0.053480268,0
2026-06-09 14:36:10,70,EXP_FAULT_02,RUN_02,cpu_stress,1,frontend,frontend-f02-00,online-boutique,node-a,0.7578,82.7743,0,471.3426,0.001317,17.914,14.0552,29.9765,36.5656,46.4309,470.9405,470.7218,0.465,0.1557,484297.5236,360582.4653,cpu_stress,inventory-service,2026-06-09 14:40:00,2026-06-09 14:55:00,pre_fault,0.057947814,0
2026-06-09 14:36:15,75,EXP_FAULT_02,RUN_02,cpu_stress,1,frontend,frontend-f02-00,online-boutique,node-a,0.803,83.3429,0,483.2526,0.001415,17.0706,12.7496,26.6271,33.1896,46.7041,482.81,482.5689,0.5271,0.1566,488055.0654,351576.9748,cpu_stress,inventory-service,2026-06-09 14:40:00,2026-06-09 14:55:00,pre_fault,0.03871876,0
2026-06-09 14:36:20,80,EXP_FAULT_02,RUN_02,cpu_stress,1,frontend,frontend-f02-00,online-boutique,node-a,0.7591,82.9442,0,471.6988,0.000624,16.83,13.1495,28.029,32.2235,41.9168,471.503,471.4045,0.1296,0.1647,420301.5692,463677.3936,cpu_stress,inventory-service,2026-06-09 14:40:00,2026-06-09 14:55:00,pre_fault,0.17614119,0
2026-06-09 14:36:25,85,EXP_FAULT_02,RUN_02,cpu_stress,1,frontend,frontend-f02-00,online-boutique,node-a,0.7755,83.5741,0,471.409,0.001594,16.2371,13.2092,24.9363,32.1512,42.0163,470.9395,470.6574,0.6198,0.1319,595731.0402,389049.9099,cpu_stress,inventory-service,2026-06-09 14:40:00,2026-06-09 14:55:00,pre_fault,0.19381431,0
2026-06-09 14:36:30,90,EXP_FAULT_02,RUN_02,cpu_stress,1,frontend,frontend-f02-00,online-boutique,node-a,0.7721,82.3456,0,459.9953,0.000804,18.2999,14.5072,29.9381,33.4907,52.1205,459.7277,459.6253,0.2181,0.1519,450542.2625,471878.1244,cpu_stress,inventory-service,2026-06-09 14:40:00,2026-06-09 14:55:00,pre_fault,0.02253186,0
2026-06-09 14:36:35,95,EXP_FAULT_02,RUN_02,cpu_stress,1,frontend,frontend-f02-00,online-boutique,node-a,0.7645,81.9364,0,474.1185,0.000502,19.475,15.087,31.4884,39.6009,46.7832,473.9615,473.8806,0.1687,0.0692,424584.7862,427347.3753,cpu_stress,inventory-service,2026-06-09 14:40:00,2026-06-09 14:55:00,pre_fault,0.10127232,0
2026-06-09 14:36:40,100,EXP_FAULT_02,RUN_02,cpu_stress,1,frontend,frontend-f02-00,online-boutique,node-a,0.8155,81.5932,0,457.6666,0.001566,17.8028,12.6267,29.9152,32.9571,49.6525,457.262,456.9498,0.6978,0.019,453439.4581,455233.9474,cpu_stress,inventory-service,2026-06-09 14:40:00,2026-06-09 14:55:00,pre_fault,0.11168597,0
2026-06-09 14:36:45,105,EXP_FAULT_02,RUN_02,cpu_stress,1,frontend,frontend-f02-00,online-boutique,node-a,0.7398,82.6132,0,469.8599,0.000705,16.8534,12.8014,25.7538,30.519,47.1776,469.6747,469.5287,0.2667,0.0645,524132.1897,470252.8542,cpu_stress,inventory-service,2026-06-09 14:40:00,2026-06-09 14:55:00,pre_fault,0.30401167,0
2026-06-09 14:36:50,110,EXP_FAULT_02,RUN_02,cpu_stress,1,frontend,frontend-f02-00,online-boutique,node-a,0.7384,84.046,0,469.007,0.001351,18.3199,13.1088,26.8855,35.6362,43.9933,468.6906,468.3734,0.5369,0.0968,470563.8972,435803.5279,cpu_stress,inventory-service,2026-06-09 14:40:00,2026-06-09 14:55:00,pre_fault,0.055676162,0
2026-06-09 14:36:55,115,EXP_FAULT_02,RUN_02,cpu_stress,1,frontend,frontend-f02-00,online-boutique,node-a,0.7282,82.8606,0,467.149,0.001791,18.9682,13.4644,28.1415,35.2892,48.7596,466.8101,466.3122,0.7398,0.097,522816.8732,398579.4452,cpu_stress,inventory-service,2026-06-09 14:40:00,2026-06-09 14:55:00,pre_fault,0.3565659,0
2026-06-09 14:37:00,120,EXP_FAULT_02,RUN_02,cpu_stress,1,frontend,frontend-f02-00,online-boutique,node-a,0.7425,83.13,0,449.742,0.001234,17.3337,12.9181,27.048,32.0275,44.0574,449.5357,449.1868,0.5358,0.0193,515090.2437,358483.5801,cpu_stress,inventory-service,2026-06-09 14:40:00,2026-06-09 14:55:00,pre_fault,0.056477178,0
2026-06-09 14:37:05,125,EXP_FAULT_02,RUN_02,cpu_stress,1,frontend,frontend-f02-00,online-boutique,node-a,0.7635,83.4467,0,468.4328,0.000917,18.4966,14.6711,30.0192,32.5411,46.2486,468.2573,468.0034,0.3044,0.125,450662.5521,422929.9427,cpu_stress,inventory-service,2026-06-09 14:40:00,2026-06-09 14:55:00,pre_fault,0.03578169,0
2026-06-09 14:37:10,130,EXP_FAULT_02,RUN_02,cpu_stress,1,frontend,frontend-f02-00,online-boutique,node-a,0.7532,83.1624,0,452.9324,0.001167,17.8238,12.5133,26.5125,32.3736,42.0144,452.5474,452.404,0.4273,0.1011,556105.6497,350958.5816,cpu_stress,inventory-service,2026-06-09 14:40:00,2026-06-09 14:55:00,pre_fault,0.01368425,0
2026-06-09 14:37:15,135,EXP_FAULT_02,RUN_02,cpu_stress,1,frontend,frontend-f02-00,online-boutique,node-a,0.8197,82.3635,0,480.7251,0.000432,17.7182,14.2155,27.8814,33.2158,46.9438,480.627,480.5176,0.1346,0.0729,547002.2294,439706.8552,cpu_stress,inventory-service,2026-06-09 14:40:00,2026-06-09 14:55:00,pre_fault,0.05743239,0
2026-06-09 14:37:20,140,EXP_FAULT_02,RUN_02,cpu_stress,1,frontend,frontend-f02-00,online-boutique,node-a,0.7717,82.0812,0,457.3318,0.000517,17.9063,13.1305,26.7807,31.8546,46.1347,457.2476,457.0953,0.2281,0.0084,484822.8183,381120.2841,cpu_stress,inventory-service,2026-06-09 14:40:00,2026-06-09 14:55:00,pre_fault,0.011101845,0
2026-06-09 14:37:25,145,EXP_FAULT_02,RUN_02,cpu_stress,1,frontend,frontend-f02-00,online-boutique,node-a,0.8157,83.3501,0,490.7466,0.001346,17.2501,13.7901,28.1256,31.2937,47.4789,490.2823,490.0862,0.6551,0.0053,502899.6503,479595.1447,cpu_stress,inventory-service,2026-06-09 14:40:00,2026-06-09 14:55:00,pre_fault,0.013669071,0
2026-06-09 14:37:30,150,EXP_FAULT_02,RUN_02,cpu_stress,1,frontend,frontend-f02-00,online-boutique,node-a,0.793,82.9587,0,474.6422,0.000974,16.2967,11.793,24.017,29.8442,46.0292,474.4078,474.1798,0.4387,0.0237,596383.5049,392041.968,cpu_stress,inventory-service,2026-06-09 14:40:00,2026-06-09 14:55:00,pre_fault,0.12528092,0
2026-06-09 14:37:35,155,EXP_FAULT_02,RUN_02,cpu_stress,1,frontend,frontend-f02-00,online-boutique,node-a,0.7974,84.5463,0,465.6015,0.000576,17.8059,13.0103,28.0358,31.5617,46.551,465.4335,465.3333,0.184,0.0843,450720.9854,455988.7143,cpu_stress,inventory-service,2026-06-09 14:40:00,2026-06-09 14:55:00,pre_fault,0.057276666,0
2026-06-09 14:37:40,160,EXP_FAULT_02,RUN_02,cpu_stress,1,frontend,frontend-f02-00,online-boutique,node-a,0.7972,83.4915,0,473.7944,0.000963,18.5719,13.8418,30.0849,35.7765,49.3683,473.616,473.3381,0.3932,0.0631,571580.332,427012.751,cpu_stress,inventory-service,2026-06-09 14:40:00,2026-06-09 14:55:00,pre_fault,0.06518573,0
2026-06-09 14:37:45,165,EXP_FAULT_02,RUN_02,cpu_stress,1,frontend,frontend-f02-00,online-boutique,node-a,0.8086,81.8703,0,476.4286,0.001002,19.4286,13.7781,28.5697,36.7064,52.3374,476.1002,475.9511,0.3948,0.0827,394398.7937,390857.9008,cpu_stress,inventory-service,2026-06-09 14:40:00,2026-06-09 14:55:00,pre_fault,0.28519055,0
2026-06-09 14:37:50,170,EXP_FAULT_02,RUN_02,cpu_stress,1,frontend,frontend-f02-00,online-boutique,node-a,0.7806,81.7796,0,473.5981,0.001094,16.3025,13.0392,25.3954,30.164,41.3981,473.3518,473.0799,0.3942,0.1239,388616.1952,451927.0069,cpu_stress,inventory-service,2026-06-09 14:40:00,2026-06-09 14:55:00,pre_fault,0.26689324,0
2026-06-09 14:37:55,175,EXP_FAULT_02,RUN_02,cpu_stress,1,frontend,frontend-f02-00,online-boutique,node-a,0.7764,82.2518,0,478.0839,0.000575,17.5494,12.3716,26.1327,33.5931,49.3324,477.9584,477.809,0.2558,0.0192,412277.8424,336071.7409,cpu_stress,inventory-service,2026-06-09 14:40:00,2026-06-09 14:55:00,pre_fault,0.045679707,0
2026-06-09 14:38:00,180,EXP_FAULT_02,RUN_02,cpu_stress,1,frontend,frontend-f02-00,online-boutique,node-a,0.7885,84.3786,0,467.4288,0.000831,19.2096,14.9391,31.0161,34.2735,53.7534,467.1536,467.0402,0.2336,0.155,531296.5261,431872.8762,cpu_stress,inventory-service,2026-06-09 14:40:00,2026-06-09 14:55:00,pre_fault,0.15368348,0
2026-06-09 14:38:05,185,EXP_FAULT_02,RUN_02,cpu_stress,1,frontend,frontend-f02-00,online-boutique,node-a,0.7824,83.5987,0,489.3977,0.000723,19.3204,14.2209,28.0761,36.5061,52.5537,489.1534,489.0441,0.2858,0.0678,616861.5709,364239.8909,cpu_stress,inventory-service,2026-06-09 14:40:00,2026-06-09 14:55:00,pre_fault,0.041422725,0
2026-06-09 14:38:10,190,EXP_FAULT_02,RUN_02,cpu_stress,1,frontend,frontend-f02-00,online-boutique,node-a,0.775,84.4782,0,468.4339,0.001443,17.5496,13.5088,26.39,34.3817,43.5595,468.0366,467.758,0.6332,0.0427,593780.895,401789.3607,cpu_stress,inventory-service,2026-06-09 14:40:00,2026-06-09 14:55:00,pre_fault,0.014442241,0
2026-06-09 14:38:15,195,EXP_FAULT_02,RUN_02,cpu_stress,1,frontend,frontend-f02-00,online-boutique,node-a,0.7963,83.509,0,476.2298,0.000439,19.2228,15.1105,28.8379,34.4292,47.5316,476.1196,476.0208,0.2056,0.0035,526738.8891,393995.6585,cpu_stress,inventory-service,2026-06-09 14:40:00,2026-06-09 14:55:00,pre_fault,0.14879623,0
2026-06-09 14:38:20,200,EXP_FAULT_02,RUN_02,cpu_stress,1,frontend,frontend-f02-00,online-boutique,node-a,0.795,82.851,0,477.6215,0.001484,17.2499,12.0785,27.8595,32.4609,45.5299,477.2218,476.9128,0.6884,0.0204,474956.0751,453957.5535,cpu_stress,inventory-service,2026-06-09 14:40:00,2026-06-09 14:55:00,pre_fault,0.032063894,0
2026-06-09 14:38:25,205,EXP_FAULT_02,RUN_02,cpu_stress,1,frontend,frontend-f02-00,online-boutique,node-a,0.8138,82.5732,0,483.712,0.00032,16.5555,11.8596,24.1691,29.5096,46.6373,483.6352,483.5573,0.1497,0.005,473001.9656,438013.2383,cpu_stress,inventory-service,2026-06-09 14:40:00,2026-06-09 14:55:00,pre_fault,0.033935364,0
2026-06-09 14:38:30,210,EXP_FAULT_02,RUN_02,cpu_stress,1,frontend,frontend-f02-00,online-boutique,node-a,0.7664,83.3866,0,488.8146,0.001377,18.7048,14.3251,28.1961,37.3169,45.4101,488.3452,488.1415,0.6155,0.0576,476807.2738,384635.3969,cpu_stress,inventory-service,2026-06-09 14:40:00,2026-06-09 14:55:00,pre_fault,0.017133689,0
2026-06-09 14:38:35,215,EXP_FAULT_02,RUN_02,cpu_stress,1,frontend,frontend-f02-00,online-boutique,node-a,0.7918,81.5796,0,480.5346,0.001138,17.3729,13.2378,29.1614,34.8751,43.7305,480.1519,479.9876,0.5126,0.0343,587887.6841,317047.3002,cpu_stress,inventory-service,2026-06-09 14:40:00,2026-06-09 14:55:00,pre_fault,0.043091957,0
2026-06-09 14:38:40,220,EXP_FAULT_02,RUN_02,cpu_stress,1,frontend,frontend-f02-00,online-boutique,node-a,0.8067,84.1385,0,480.3016,0.001463,18.2624,13.4518,26.7802,33.2809,44.0775,480.0235,479.599,0.6966,0.006,432943.6433,387854.2444,cpu_stress,inventory-service,2026-06-09 14:40:00,2026-06-09 14:55:00,pre_fault,0.03592009,0
2026-06-09 14:38:45,225,EXP_FAULT_02,RUN_02,cpu_stress,1,frontend,frontend-f02-00,online-boutique,node-a,0.7652,84.0624,0,495.2115,0.00158,17.7726,12.4803,26.7289,32.5982,42.5672,494.7851,494.4289,0.7741,0.0085,446466.2349,472806.6507,cpu_stress,inventory-service,2026-06-09 14:40:00,2026-06-09 14:55:00,pre_fault,0.18008052,0
2026-06-09 14:38:50,230,EXP_FAULT_02,RUN_02,cpu_stress,1,frontend,frontend-f02-00,online-boutique,node-a,0.7563,82.8616,0,479.5762,0.001839,18.5844,13.6113,27.159,33.5818,46.9975,479.1261,478.6941,0.7572,0.1249,420403.2982,452918.1675,cpu_stress,inventory-service,2026-06-09 14:40:00,2026-06-09 14:55:00,pre_fault,0.20584059,0
2026-06-09 14:38:55,235,EXP_FAULT_02,RUN_02,cpu_stress,1,frontend,frontend-f02-00,online-boutique,node-a,0.776,83.0115,0,482.5878,0.001167,18.7238,14.5235,31.4835,37.7943,49.67,482.3108,482.0247,0.4244,0.1386,510203.1655,316405.0921,cpu_stress,inventory-service,2026-06-09 14:40:00,2026-06-09 14:55:00,pre_fault,0.060730267,0
2026-06-09 14:39:00,240,EXP_FAULT_02,RUN_02,cpu_stress,1,frontend,frontend-f02-00,online-boutique,node-a,0.807,81.862,0,492.5,0.000504,18.5912,14.0006,30.6191,34.4243,50.1275,492.3582,492.2516,0.2005,0.0478,612739.15,328439.0785,cpu_stress,inventory-service,2026-06-09 14:40:00,2026-06-09 14:55:00,pre_fault,0.027710933,0
2026-06-09 14:39:05,245,EXP_FAULT_02,RUN_02,cpu_stress,1,frontend,frontend-f02-00,online-boutique,node-a,0.7674,81.6256,0,478.8579,0.000957,17.7664,13.9371,27.3243,33.862,45.7036,478.5272,478.3995,0.3706,0.0878,570108.2075,384611.7153,cpu_stress,inventory-service,2026-06-09 14:40:00,2026-06-09 14:55:00,pre_fault,0.07047204,0
2026-06-09 14:39:10,250,EXP_FAULT_02,RUN_02,cpu_stress,1,frontend,frontend-f02-00,online-boutique,node-a,0.7884,81.6751,0,464.7808,0.000689,18.7253,13.1602,31.4625,33.3338,52.2988,464.5999,464.4606,0.2219,0.0983,552481.1396,462941.5482,cpu_stress,inventory-service,2026-06-09 14:40:00,2026-06-09 14:55:00,pre_fault,0.1083869,0
2026-06-09 14:39:15,255,EXP_FAULT_02,RUN_02,cpu_stress,1,frontend,frontend-f02-00,online-boutique,node-a,0.7613,84.1023,0,486.0148,0.000582,19.1505,14.1545,32.39,33.9288,52.8401,485.9124,485.732,0.2125,0.0703,434884.6369,326448.293,cpu_stress,inventory-service,2026-06-09 14:40:00,2026-06-09 14:55:00,pre_fault,0.008730309,0
2026-06-09 14:39:20,260,EXP_FAULT_02,RUN_02,cpu_stress,1,frontend,frontend-f02-00,online-boutique,node-a,0.7702,82.0838,0,487.3917,0.001659,17.1399,13.842,28.5514,34.1488,43.4293,487.002,486.583,0.698,0.1106,479281.361,499249.9569,cpu_stress,inventory-service,2026-06-09 14:40:00,2026-06-09 14:55:00,pre_fault,0.33609492,0
2026-06-09 14:39:25,265,EXP_FAULT_02,RUN_02,cpu_stress,1,frontend,frontend-f02-00,online-boutique,node-a,0.776,81.9998,0,488.8242,0.000429,18.626,15.2251,29.5999,33.0166,46.7621,488.7188,488.6145,0.1709,0.0387,409182.8607,372230.1644,cpu_stress,inventory-service,2026-06-09 14:40:00,2026-06-09 14:55:00,pre_fault,0.019686649,0
2026-06-09 14:39:30,270,EXP_FAULT_02,RUN_02,cpu_stress,1,frontend,frontend-f02-00,online-boutique,node-a,0.7648,85.0518,0,475.4015,0.001302,17.3473,14.1682,29.2621,30.3868,44.3281,475.0151,474.7827,0.5097,0.1091,504846.81,353013.3561,cpu_stress,inventory-service,2026-06-09 14:40:00,2026-06-09 14:55:00,pre_fault,0.068076275,0
2026-06-09 14:39:35,275,EXP_FAULT_02,RUN_02,cpu_stress,1,frontend,frontend-f02-00,online-boutique,node-a,0.7922,83.3434,0,458.2797,0.001295,17.7391,12.5482,28.8717,35.4815,47.4451,457.9088,457.6863,0.464,0.1294,474378.8178,307370.8576,cpu_stress,inventory-service,2026-06-09 14:40:00,2026-06-09 14:55:00,pre_fault,0.029701788,0
2026-06-09 14:39:40,280,EXP_FAULT_02,RUN_02,cpu_stress,1,frontend,frontend-f02-00,online-boutique,node-a,0.8048,84.152,0,458.5129,0.001799,18.0449,14.085,30.4772,36.6556,50.314,457.9576,457.688,0.6728,0.1521,443277.5307,423409.6891,cpu_stress,inventory-service,2026-06-09 14:40:00,2026-06-09 14:55:00,pre_fault,0.08918272,0
2026-06-09 14:39:45,285,EXP_FAULT_02,RUN_02,cpu_stress,1,frontend,frontend-f02-00,online-boutique,node-a,0.7645,84.9442,0,451.4452,0.001282,17.8874,13.5605,27.5852,32.9162,48.575,451.1919,450.8665,0.4791,0.0996,436143.0189,326573.1916,cpu_stress,inventory-service,2026-06-09 14:40:00,2026-06-09 14:55:00,pre_fault,0.014111109,0
2026-06-09 14:39:50,290,EXP_FAULT_02,RUN_02,cpu_stress,1,frontend,frontend-f02-00,online-boutique,node-a,0.7555,85.1146,0,453.2888,0.001524,18.5673,14.1975,30.8758,35.1075,44.657,452.7866,452.5979,0.5437,0.1472,397381.0032,365428.7598,cpu_stress,inventory-service,2026-06-09 14:40:00,2026-06-09 14:55:00,pre_fault,0.024893915,0
2026-06-09 14:39:55,295,EXP_FAULT_02,RUN_02,cpu_stress,1,frontend,frontend-f02-00,online-boutique,node-a,0.7657,82.1679,0,462.2216,0.001447,16.9128,12.9913,25.2269,30.151,42.26,461.82,461.5525,0.546,0.123,410246.6994,313870.9456,cpu_stress,inventory-service,2026-06-09 14:40:00,2026-06-09 14:55:00,pre_fault,0.12394507,0
2026-06-09 14:40:00,300,EXP_FAULT_02,RUN_02,cpu_stress,1,frontend,frontend-f02-00,online-boutique,node-a,0.8988,81.6574,0,439.2864,0.001663,39.0106,21.2565,72.8413,124.5843,208.0111,389.6876,438.556,0.6757,0.0547,514294.7293,465163.9305,cpu_stress,inventory-service,2026-06-09 14:40:00,2026-06-09 14:55:00,during_fault,52.612164,1
2026-06-09 14:40:05,305,EXP_FAULT_02,RUN_02,cpu_stress,1,frontend,frontend-f02-00,online-boutique,node-a,0.9083,84.3484,0,446.0678,0.001591,41.0187,22.446,82.6266,129.4356,248.5297,395.8881,445.3582,0.7001,0.0095,480083.917,425289.7401,cpu_stress,inventory-service,2026-06-09 14:40:00,2026-06-09 14:55:00,during_fault,59.89271,1
2026-06-09 14:40:10,310,EXP_FAULT_02,RUN_02,cpu_stress,1,frontend,frontend-f02-00,online-boutique,node-a,0.9601,82.2355,0,434.0793,0.001044,39.5604,19.7584,77.6031,117.7094,213.9071,385.6584,433.6261,0.3375,0.1157,519772.6255,366130.0784,cpu_stress,inventory-service,2026-06-09 14:40:00,2026-06-09 14:55:00,during_fault,59.983826,1
2026-06-09 14:40:15,315,EXP_FAULT_02,RUN_02,cpu_stress,1,frontend,frontend-f02-00,online-boutique,node-a,0.9189,84.6757,0,445.3479,0.001805,41.0232,20.2254,88.8257,130.004,223.5131,396.1258,444.5439,0.6739,0.1301,592429.6571,335420.6742,cpu_stress,inventory-service,2026-06-09 14:40:00,2026-06-09 14:55:00,during_fault,60.999023,1
2026-06-09 14:40:20,320,EXP_FAULT_02,RUN_02,cpu_stress,1,frontend,frontend-f02-00,online-boutique,node-a,1.0029,81.6272,0,425.8788,0.002156,38.9567,20.2581,82.4854,124.823,215.7169,379.2348,424.9607,0.7842,0.1338,536149.4225,363575.4052,cpu_stress,inventory-service,2026-06-09 14:40:00,2026-06-09 14:55:00,during_fault,64.02011,1
2026-06-09 14:40:25,325,EXP_FAULT_02,RUN_02,cpu_stress,1,frontend,frontend-f02-00,online-boutique,node-a,0.9192,82.9223,0,429.5272,0.000821,36.2371,20.1169,74.3841,110.9207,193.8774,383.5034,429.1745,0.3274,0.0254,480492.4697,295747.6583,cpu_stress,inventory-service,2026-06-09 14:40:00,2026-06-09 14:55:00,during_fault,42.227287,1
2026-06-09 14:40:30,330,EXP_FAULT_02,RUN_02,cpu_stress,1,frontend,frontend-f02-00,online-boutique,node-a,0.9786,83.6873,0,436.9141,0.00154,38.8396,19.3048,75.9392,129.123,223.1262,391.0044,436.2412,0.5781,0.0948,532085.4158,341962.3279,cpu_stress,inventory-service,2026-06-09 14:40:00,2026-06-09 14:55:00,during_fault,57.630665,1
2026-06-09 14:40:35,335,EXP_FAULT_02,RUN_02,cpu_stress,1,frontend,frontend-f02-00,online-boutique,node-a,0.9938,83.7994,0,440.0067,0.000907,37.9901,21.7312,74.2714,112.5473,219.6453,394.76,439.6075,0.3831,0.0161,570452.8538,300600.9202,cpu_stress,inventory-service,2026-06-09 14:40:00,2026-06-09 14:55:00,during_fault,54.18673,1
2026-06-09 14:40:40,340,EXP_FAULT_02,RUN_02,cpu_stress,1,frontend,frontend-f02-00,online-boutique,node-a,0.9643,81.3986,0,422.6744,0.001809,37.9839,19.5623,76.363,116.5308,219.8966,380.0877,421.9097,0.6233,0.1413,445354.6226,436416.4983,cpu_stress,inventory-service,2026-06-09 14:40:00,2026-06-09 14:55:00,during_fault,55.96623,1
2026-06-09 14:40:45,345,EXP_FAULT_02,RUN_02,cpu_stress,1,frontend,frontend-f02-00,online-boutique,node-a,0.918,81.2619,0,441.6411,0.001929,37.4516,19.684,72.7882,120.7761,209.9427,398.4552,440.7894,0.7285,0.1233,558870.9366,332145.7793,cpu_stress,inventory-service,2026-06-09 14:40:00,2026-06-09 14:55:00,during_fault,47.644875,1
2026-06-09 14:40:50,350,EXP_FAULT_02,RUN_02,cpu_stress,1,frontend,frontend-f02-00,online-boutique,node-a,0.9141,84.0449,0,416.8255,0.001837,36.0135,21.0047,75.4635,117.3536,208.5578,377.4427,416.06,0.7515,0.014,478709.2783,319768.6449,cpu_stress,inventory-service,2026-06-09 14:40:00,2026-06-09 14:55:00,during_fault,42.699444,1
2026-06-09 14:40:55,355,EXP_FAULT_02,RUN_02,cpu_stress,1,frontend,frontend-f02-00,online-boutique,node-a,0.917,85.2735,0,442.728,0.001342,32.0374,17.936,62.0615,96.0302,183.0758,402.3232,442.1339,0.4394,0.1547,579395.9476,320885.5377,cpu_stress,inventory-service,2026-06-09 14:40:00,2026-06-09 14:55:00,during_fault,25.524405,1
2026-06-09 14:41:00,360,EXP_FAULT_02,RUN_02,cpu_stress,1,frontend,frontend-f02-00,online-boutique,node-a,0.9942,85.4551,0,434.3284,0.000737,35.1587,21.0336,68.8893,100.4145,171.0288,396.1832,434.0082,0.2561,0.0642,440437.8463,293201.3125,cpu_stress,inventory-service,2026-06-09 14:40:00,2026-06-09 14:55:00,during_fault,42.44899,1
2026-06-09 14:41:05,365,EXP_FAULT_02,RUN_02,cpu_stress,1,frontend,frontend-f02-00,online-boutique,node-a,0.9226,83.167,0,437.2549,0.001643,31.064,17.7894,57.2695,88.7051,164.8461,400.2357,436.5364,0.6615,0.057,563386.3212,304368.5002,cpu_stress,inventory-service,2026-06-09 14:40:00,2026-06-09 14:55:00,during_fault,24.428822,1
2026-06-09 14:41:10,370,EXP_FAULT_02,RUN_02,cpu_stress,1,frontend,frontend-f02-00,online-boutique,node-a,0.8517,81.9439,0,432.4672,0.001917,33.5413,20.3761,65.3363,95.7164,168.0579,397.2215,431.638,0.7611,0.068,473704.4199,397767.3815,cpu_stress,inventory-service,2026-06-09 14:40:00,2026-06-09 14:55:00,during_fault,29.442633,1
2026-06-09 14:41:15,375,EXP_FAULT_02,RUN_02,cpu_stress,1,frontend,frontend-f02-00,online-boutique,node-a,0.8665,82.4399,0,436.5451,0.001631,30.9583,18.3655,55.9943,84.7478,148.1763,402.4755,435.8333,0.5754,0.1365,417987.8405,463381.4238,cpu_stress,inventory-service,2026-06-09 14:40:00,2026-06-09 14:55:00,during_fault,21.174152,1
2026-06-09 14:41:20,380,EXP_FAULT_02,RUN_02,cpu_stress,1,frontend,frontend-f02-00,online-boutique,node-a,0.9003,83.4924,0,434.0135,0.001603,29.8795,16.5653,52.7265,82.6999,152.7197,401.4385,433.3176,0.6677,0.0282,404509.951,304076.5511,cpu_stress,inventory-service,2026-06-09 14:40:00,2026-06-09 14:55:00,during_fault,19.918844,1
2026-06-09 14:41:25,385,EXP_FAULT_02,RUN_02,cpu_stress,1,frontend,frontend-f02-00,online-boutique,node-a,0.898,83.6149,0,432.4145,0.00131,33.0708,20.5885,58.0591,88.8392,154.7705,401.2689,431.8481,0.5541,0.0123,412634.6328,303852.0344,cpu_stress,inventory-service,2026-06-09 14:40:00,2026-06-09 14:55:00,during_fault,29.084202,1
2026-06-09 14:41:30,390,EXP_FAULT_02,RUN_02,cpu_stress,1,frontend,frontend-f02-00,online-boutique,node-a,0.8973,82.973,0,438.5462,0.000917,31.6269,18.7616,61.1504,83.6044,141.0557,408.2469,438.1443,0.2603,0.1417,549112.2201,341256.8652,cpu_stress,inventory-service,2026-06-09 14:40:00,2026-06-09 14:55:00,during_fault,24.067358,1
2026-06-09 14:41:35,395,EXP_FAULT_02,RUN_02,cpu_stress,1,frontend,frontend-f02-00,online-boutique,node-a,0.9267,81.967,0,445.782,0.001523,28.1894,16.5855,55.4859,77.1427,125.0147,416.0365,445.1032,0.653,0.0258,524227.5745,471368.7825,cpu_stress,inventory-service,2026-06-09 14:40:00,2026-06-09 14:55:00,during_fault,16.644505,1
2026-06-09 14:41:40,400,EXP_FAULT_02,RUN_02,cpu_stress,1,frontend,frontend-f02-00,online-boutique,node-a,0.9018,82.9347,0,440.0467,0.001574,29.5954,16.7203,51.3108,78.856,142.7485,411.7079,439.3539,0.6154,0.0774,557212.031,308983.2797,cpu_stress,inventory-service,2026-06-09 14:40:00,2026-06-09 14:55:00,during_fault,18.949081,1
2026-06-09 14:41:45,405,EXP_FAULT_02,RUN_02,cpu_stress,1,frontend,frontend-f02-00,online-boutique,node-a,0.8954,82.9139,0,456.0379,0.001682,28.2287,17.3415,51.4528,72.0477,135.9214,427.435,455.2709,0.6591,0.1079,593089.1324,475823.7654,cpu_stress,inventory-service,2026-06-09 14:40:00,2026-06-09 14:55:00,during_fault,14.248056,1
2026-06-09 14:41:50,410,EXP_FAULT_02,RUN_02,cpu_stress,1,frontend,frontend-f02-00,online-boutique,node-a,0.885,82.9713,0,448.4487,0.000886,28.4632,16.6567,52.319,72.7658,118.977,421.2793,448.0513,0.2515,0.146,510776.9391,424635.6461,cpu_stress,inventory-service,2026-06-09 14:40:00,2026-06-09 14:55:00,during_fault,14.456659,1
2026-06-09 14:41:55,415,EXP_FAULT_02,RUN_02,cpu_stress,1,frontend,frontend-f02-00,online-boutique,node-a,0.8284,84.0865,0,431.9955,0.001389,28.1749,17.9984,48.1105,78.87,133.0689,406.3037,431.3954,0.5515,0.0486,464821.8049,405354.359,cpu_stress,inventory-service,2026-06-09 14:40:00,2026-06-09 14:55:00,during_fault,12.239525,1
2026-06-09 14:42:00,420,EXP_FAULT_02,RUN_02,cpu_stress,1,frontend,frontend-f02-00,online-boutique,node-a,0.8393,83.2319,0,447.1157,0.000705,28.4004,16.6454,48.8513,77.7326,117.9012,421.1474,446.8006,0.2271,0.088,458707.6924,401975.315,cpu_stress,inventory-service,2026-06-09 14:40:00,2026-06-09 14:55:00,during_fault,12.252972,1
2026-06-09 14:42:05,425,EXP_FAULT_02,RUN_02,cpu_stress,1,frontend,frontend-f02-00,online-boutique,node-a,0.936,84.7959,0,443.9979,0.001012,29.0766,16.7347,51.5162,81.2194,118.6588,418.4247,443.5486,0.397,0.0523,412009.5925,385508.296,cpu_stress,inventory-service,2026-06-09 14:40:00,2026-06-09 14:55:00,during_fault,18.501108,1
2026-06-09 14:42:10,430,EXP_FAULT_02,RUN_02,cpu_stress,1,frontend,frontend-f02-00,online-boutique,node-a,0.8776,82.1324,0,440.662,0.001297,27.8846,16.932,50.497,70.3783,129.1832,415.3109,440.0904,0.4674,0.1042,516509.6168,442626.865,cpu_stress,inventory-service,2026-06-09 14:40:00,2026-06-09 14:55:00,during_fault,13.68957,1
2026-06-09 14:42:15,435,EXP_FAULT_02,RUN_02,cpu_stress,1,frontend,frontend-f02-00,online-boutique,node-a,0.8223,83.4812,0,439.4079,0.001188,25.885,16.2035,50.5275,64.769,105.7137,414.0865,438.886,0.4325,0.0894,446487.5238,438624.4203,cpu_stress,inventory-service,2026-06-09 14:40:00,2026-06-09 14:55:00,during_fault,7.420736,1
2026-06-09 14:42:20,440,EXP_FAULT_02,RUN_02,cpu_stress,1,frontend,frontend-f02-00,online-boutique,node-a,0.8307,80.7458,0,438.0687,0.000522,27.4143,16.215,48.3049,74.2832,130.9223,412.601,437.84,0.228,0.0007,488926.1079,433737.1881,cpu_stress,inventory-service,2026-06-09 14:40:00,2026-06-09 14:55:00,during_fault,11.1447525,1
2026-06-09 14:42:25,445,EXP_FAULT_02,RUN_02,cpu_stress,1,frontend,frontend-f02-00,online-boutique,node-a,0.844,83.5354,0,438.2943,0.000921,27.6919,16.2287,49.4397,74.3488,132.6132,412.3714,437.8906,0.3521,0.0516,499639.4244,425549.1762,cpu_stress,inventory-service,2026-06-09 14:40:00,2026-06-09 14:55:00,during_fault,11.495952,1
2026-06-09 14:42:30,450,EXP_FAULT_02,RUN_02,cpu_stress,1,frontend,frontend-f02-00,online-boutique,node-a,0.8767,81.6699,0,437.4094,0.000747,27.6319,17.0785,52.8099,74.3964,127.4927,410.9816,437.0826,0.2068,0.1201,499375.4401,360656.8482,cpu_stress,inventory-service,2026-06-09 14:40:00,2026-06-09 14:55:00,during_fault,13.313375,1
2026-06-09 14:42:35,455,EXP_FAULT_02,RUN_02,cpu_stress,1,frontend,frontend-f02-00,online-boutique,node-a,0.8722,83.0122,0,427.4728,0.001567,28.6298,17.1941,49.1973,80.5551,141.4546,400.6609,426.8028,0.6088,0.0612,484426.1528,435977.8866,cpu_stress,inventory-service,2026-06-09 14:40:00,2026-06-09 14:55:00,during_fault,15.904452,1
2026-06-09 14:42:40,460,EXP_FAULT_02,RUN_02,cpu_stress,1,frontend,frontend-f02-00,online-boutique,node-a,0.9107,83.7835,0,425.7131,0.001153,27.6,17.4353,49.0297,78.1853,127.2309,398.3577,425.2224,0.4257,0.065,460996.8292,354033.8997,cpu_stress,inventory-service,2026-06-09 14:40:00,2026-06-09 14:55:00,during_fault,15.271881,1
2026-06-09 14:42:45,465,EXP_FAULT_02,RUN_02,cpu_stress,1,frontend,frontend-f02-00,online-boutique,node-a,0.9046,83.3436,0,419.0812,0.00179,30.7632,19.0619,60.8826,84.709,154.1089,391.0513,418.331,0.6242,0.1259,356566.5735,344881.0688,cpu_stress,inventory-service,2026-06-09 14:40:00,2026-06-09 14:55:00,during_fault,24.040457,1
2026-06-09 14:42:50,470,EXP_FAULT_02,RUN_02,cpu_stress,1,frontend,frontend-f02-00,online-boutique,node-a,0.874,82.9173,0,411.2734,0.001173,30.7205,16.9559,60.7678,88.9276,154.4332,382.8142,410.791,0.3925,0.0899,523433.0471,358804.0642,cpu_stress,inventory-service,2026-06-09 14:40:00,2026-06-09 14:55:00,during_fault,22.567575,1
2026-06-09 14:42:55,475,EXP_FAULT_02,RUN_02,cpu_stress,1,frontend,frontend-f02-00,online-boutique,node-a,0.9058,82.9698,0,413.8762,0.001618,29.8066,18.4863,57.2126,88.3515,155.5477,384.0543,413.2064,0.5379,0.1319,503041.7707,280955.0858,cpu_stress,inventory-service,2026-06-09 14:40:00,2026-06-09 14:55:00,during_fault,21.853611,1
2026-06-09 14:43:00,480,EXP_FAULT_02,RUN_02,cpu_stress,1,frontend,frontend-f02-00,online-boutique,node-a,0.862,82.6911,0,403.836,0.001302,30.3293,16.4975,59.7879,88.859,135.8103,373.6038,403.31,0.4328,0.0932,443522.9782,271983.2593,cpu_stress,inventory-service,2026-06-09 14:40:00,2026-06-09 14:55:00,during_fault,21.564291,1
2026-06-09 14:43:05,485,EXP_FAULT_02,RUN_02,cpu_stress,1,frontend,frontend-f02-00,online-boutique,node-a,0.8638,84.0376,0,416.6867,0.001404,33.1047,19.1305,59.7513,101.1136,170.4512,384.1798,416.1017,0.4726,0.1124,378249.6316,328119.9757,cpu_stress,inventory-service,2026-06-09 14:40:00,2026-06-09 14:55:00,during_fault,28.417088,1
2026-06-09 14:43:10,490,EXP_FAULT_02,RUN_02,cpu_stress,1,frontend,frontend-f02-00,online-boutique,node-a,0.9409,81.886,0,398.3111,0.001609,31.7674,17.0635,56.4388,86.2302,153.4216,365.7187,397.6703,0.6007,0.0401,347853.9333,413431.5283,cpu_stress,inventory-service,2026-06-09 14:40:00,2026-06-09 14:55:00,during_fault,31.986893,1
2026-06-09 14:43:15,495,EXP_FAULT_02,RUN_02,cpu_stress,1,frontend,frontend-f02-00,online-boutique,node-a,0.8436,83.9973,0,414.9537,0.002015,32.2791,19.2765,60.1669,100.2233,181.8069,379.6959,414.1175,0.7057,0.1305,529505.8293,352619.6338,cpu_stress,inventory-service,2026-06-09 14:40:00,2026-06-09 14:55:00,during_fault,25.819254,1
2026-06-09 14:43:20,500,EXP_FAULT_02,RUN_02,cpu_stress,1,frontend,frontend-f02-00,online-boutique,node-a,0.8777,83.3429,0,405.2571,0.001293,33.9899,18.8611,69.1648,107.447,172.9665,369.6648,404.7332,0.4581,0.0658,357484.7631,292554.0615,cpu_stress,inventory-service,2026-06-09 14:40:00,2026-06-09 14:55:00,during_fault,33.64692,1
2026-06-09 14:43:25,505,EXP_FAULT_02,RUN_02,cpu_stress,1,frontend,frontend-f02-00,online-boutique,node-a,0.9919,83.6898,0,402.1265,0.002269,34.6174,18.7662,67.7346,107.7077,186.6867,365.4095,401.2141,0.7844,0.128,477650.1785,400974.3501,cpu_stress,inventory-service,2026-06-09 14:40:00,2026-06-09 14:55:00,during_fault,45.92487,1
2026-06-09 14:43:30,510,EXP_FAULT_02,RUN_02,cpu_stress,1,frontend,frontend-f02-00,online-boutique,node-a,0.9419,84.0512,0,394.0054,0.001026,35.202,20.5703,65.2122,106.2968,206.4723,356.9088,393.6014,0.3539,0.0502,523485.5238,409909.1886,cpu_stress,inventory-service,2026-06-09 14:40:00,2026-06-09 14:55:00,during_fault,43.67406,1
2026-06-09 14:43:35,515,EXP_FAULT_02,RUN_02,cpu_stress,1,frontend,frontend-f02-00,online-boutique,node-a,0.9337,83.683,0,415.8408,0.001696,35.3144,19.7848,69.837,104.543,191.9833,375.3866,415.1356,0.6273,0.0778,371833.7101,390963.7498,cpu_stress,inventory-service,2026-06-09 14:40:00,2026-06-09 14:55:00,during_fault,41.644604,1
2026-06-09 14:43:40,520,EXP_FAULT_02,RUN_02,cpu_stress,1,frontend,frontend-f02-00,online-boutique,node-a,0.984,81.721,0,406.7491,0.00067,35.7098,19.715,65.5733,118.8593,193.4397,366.1564,406.4767,0.2677,0.0047,390136.396,272249.7445,cpu_stress,inventory-service,2026-06-09 14:40:00,2026-06-09 14:55:00,during_fault,48.75672,1
2026-06-09 14:43:45,525,EXP_FAULT_02,RUN_02,cpu_stress,1,frontend,frontend-f02-00,online-boutique,node-a,0.886,82.4409,0,391.8138,0.001998,36.6259,18.5741,71.3452,115.7964,224.6407,351.5066,391.0309,0.6934,0.0895,407875.5315,347653.1495,cpu_stress,inventory-service,2026-06-09 14:40:00,2026-06-09 14:55:00,during_fault,47.10389,1
2026-06-09 14:43:50,530,EXP_FAULT_02,RUN_02,cpu_stress,1,frontend,frontend-f02-00,online-boutique,node-a,0.9872,83.0975,0,409.5596,0.001111,37.9769,18.9355,79.3503,124.941,206.5985,366.455,409.1044,0.4181,0.037,485920.7375,409300.1531,cpu_stress,inventory-service,2026-06-09 14:40:00,2026-06-09 14:55:00,during_fault,58.077282,1
2026-06-09 14:43:55,535,EXP_FAULT_02,RUN_02,cpu_stress,1,frontend,frontend-f02-00,online-boutique,node-a,0.8976,82.2551,0,403.527,0.001905,39.6302,22.1242,82.1749,126.1542,222.5855,359.9796,402.7585,0.7171,0.0514,355920.6507,408790.3408,cpu_stress,inventory-service,2026-06-09 14:40:00,2026-06-09 14:55:00,during_fault,59.87575,1
2026-06-09 14:44:00,540,EXP_FAULT_02,RUN_02,cpu_stress,1,frontend,frontend-f02-00,online-boutique,node-a,0.898,83.4589,0,400.882,0.001193,34.8512,18.4884,69.3484,115.2217,207.8805,357.2139,400.4035,0.3814,0.0971,399388.7373,431536.4655,cpu_stress,inventory-service,2026-06-09 14:40:00,2026-06-09 14:55:00,during_fault,38.527073,1
2026-06-09 14:44:05,545,EXP_FAULT_02,RUN_02,cpu_stress,1,frontend,frontend-f02-00,online-boutique,node-a,0.9591,83.3889,0,398.9,0.001966,37.8235,21.1739,79.7575,129.7666,213.9325,354.6618,398.1156,0.6991,0.0853,415235.6698,297548.8932,cpu_stress,inventory-service,2026-06-09 14:40:00,2026-06-09 14:55:00,during_fault,56.88507,1
2026-06-09 14:44:10,550,EXP_FAULT_02,RUN_02,cpu_stress,1,frontend,frontend-f02-00,online-boutique,node-a,0.9756,84.2199,0,411.9651,0.001278,37.7345,19.3787,71.7168,112.1896,207.7251,365.9398,411.4385,0.4176,0.1089,363137.9256,282433.6805,cpu_stress,inventory-service,2026-06-09 14:40:00,2026-06-09 14:55:00,during_fault,55.094093,1
2026-06-09 14:44:15,555,EXP_FAULT_02,RUN_02,cpu_stress,1,frontend,frontend-f02-00,online-boutique,node-a,0.894,83.0682,0,411.1111,0.001733,37.541,20.5179,74.6462,126.3579,235.8221,364.8993,410.3986,0.6544,0.0581,415139.2467,375661.3106,cpu_stress,inventory-service,2026-06-09 14:40:00,2026-06-09 14:55:00,during_fault,48.50487,1
2026-06-09 14:44:20,560,EXP_FAULT_02,RUN_02,cpu_stress,1,frontend,frontend-f02-00,online-boutique,node-a,0.9512,84.1715,0,407.3017,0.001794,42.998,22.6418,83.4478,139.7877,269.6687,361.3172,406.5712,0.601,0.1296,499035.7157,434572.5239,cpu_stress,inventory-service,2026-06-09 14:40:00,2026-06-09 14:55:00,during_fault,79.98348,1
2026-06-09 14:44:25,565,EXP_FAULT_02,RUN_02,cpu_stress,1,frontend,frontend-f02-00,online-boutique,node-a,0.9681,83.8675,0,426.2412,0.001167,42.067,21.129,89.8995,128.7105,240.5259,378.1612,425.7439,0.3508,0.1464,373123.2282,411871.1164,cpu_stress,inventory-service,2026-06-09 14:40:00,2026-06-09 14:55:00,during_fault,73.27436,1
2026-06-09 14:44:30,570,EXP_FAULT_02,RUN_02,cpu_stress,1,frontend,frontend-f02-00,online-boutique,node-a,0.9826,83.93,0,434.8821,0.002072,41.895,20.9447,79.9295,128.4434,249.7962,385.7366,433.981,0.7785,0.1226,438683.8074,380615.8769,cpu_stress,inventory-service,2026-06-09 14:40:00,2026-06-09 14:55:00,during_fault,73.760025,1
2026-06-09 14:44:35,575,EXP_FAULT_02,RUN_02,cpu_stress,1,frontend,frontend-f02-00,online-boutique,node-a,0.9402,82.3303,0,428.849,0.000969,38.8931,21.1107,78.0367,130.6929,245.8996,380.9764,428.4334,0.368,0.0477,511993.9829,382082.7193,cpu_stress,inventory-service,2026-06-09 14:40:00,2026-06-09 14:55:00,during_fault,55.69267,1
2026-06-09 14:44:40,580,EXP_FAULT_02,RUN_02,cpu_stress,1,frontend,frontend-f02-00,online-boutique,node-a,0.9687,84.7963,0,431.78,0.001268,37.8354,18.4876,76.551,122.9985,228.0755,384.0415,431.2326,0.4368,0.1107,561009.0598,392867.4022,cpu_stress,inventory-service,2026-06-09 14:40:00,2026-06-09 14:55:00,during_fault,52.02726,1
2026-06-09 14:44:45,585,EXP_FAULT_02,RUN_02,cpu_stress,1,frontend,frontend-f02-00,online-boutique,node-a,0.9816,82.4899,0,427.1608,0.001628,38.1101,20.3648,77.3118,129.7155,200.8469,380.5245,426.4655,0.6274,0.0678,431199.3217,363307.6319,cpu_stress,inventory-service,2026-06-09 14:40:00,2026-06-09 14:55:00,during_fault,56.680656,1
2026-06-09 14:44:50,590,EXP_FAULT_02,RUN_02,cpu_stress,1,frontend,frontend-f02-00,online-boutique,node-a,1.005,84.3569,0,442.71,0.001522,38.7535,19.1892,82.9128,128.0131,222.0436,395.2109,442.0364,0.6273,0.0464,511828.8749,339377.8829,cpu_stress,inventory-service,2026-06-09 14:40:00,2026-06-09 14:55:00,during_fault,58.58908,1
2026-06-09 14:44:55,595,EXP_FAULT_02,RUN_02,cpu_stress,1,frontend,frontend-f02-00,online-boutique,node-a,0.9776,83.6687,0,431.1303,0.002207,39.1085,20.4751,74.7802,129.4315,220.1278,385.7169,430.1788,0.8156,0.1359,415044.6189,431441.1037,cpu_stress,inventory-service,2026-06-09 14:40:00,2026-06-09 14:55:00,during_fault,60.40586,1
2026-06-09 14:45:00,600,EXP_FAULT_02,RUN_02,cpu_stress,1,frontend,frontend-f02-00,online-boutique,node-a,0.9076,82.5234,0,427.41,0.002431,37.3718,18.823,77.1653,121.9977,204.4175,383.2933,426.3711,0.9059,0.1329,558200.2375,304281.9288,cpu_stress,inventory-service,2026-06-09 14:40:00,2026-06-09 14:55:00,during_fault,48.10426,1
2026-06-09 14:45:05,605,EXP_FAULT_02,RUN_02,cpu_stress,1,frontend,frontend-f02-00,online-boutique,node-a,0.8975,83.6981,0,424.3608,0.000996,36.5645,18.7139,68.4252,117.5275,208.95,381.9706,423.9381,0.4034,0.0193,467544.5809,325875.6116,cpu_stress,inventory-service,2026-06-09 14:40:00,2026-06-09 14:55:00,during_fault,42.16977,1
2026-06-09 14:45:10,610,EXP_FAULT_02,RUN_02,cpu_stress,1,frontend,frontend-f02-00,online-boutique,node-a,0.9916,82.4113,0,433.3785,0.000568,37.1786,19.7147,77.6952,120.3509,201.6983,391.3087,433.1325,0.1936,0.0525,406154.7586,370281.257,cpu_stress,inventory-service,2026-06-09 14:40:00,2026-06-09 14:55:00,during_fault,51.841652,1
2026-06-09 14:45:15,615,EXP_FAULT_02,RUN_02,cpu_stress,1,frontend,frontend-f02-00,online-boutique,node-a,0.9647,82.8759,0,419.0255,0.00182,37.8347,21.8112,73.1917,106.7882,199.2209,379.4664,418.2629,0.71,0.0525,428642.3941,349140.8161,cpu_stress,inventory-service,2026-06-09 14:40:00,2026-06-09 14:55:00,during_fault,54.947998,1
2026-06-09 14:45:20,620,EXP_FAULT_02,RUN_02,cpu_stress,1,frontend,frontend-f02-00,online-boutique,node-a,0.9733,81.5249,0,424.6514,0.001568,35.4772,20.696,65.8632,113.9619,204.1439,385.9061,423.9857,0.6069,0.0588,518625.1003,330679.4927,cpu_stress,inventory-service,2026-06-09 14:40:00,2026-06-09 14:55:00,during_fault,45.473484,1
2026-06-09 14:45:25,625,EXP_FAULT_02,RUN_02,cpu_stress,1,frontend,frontend-f02-00,online-boutique,node-a,1.0001,83.7926,0,437.3853,0.001082,32.8283,19.5712,67.445,95.3396,175.4501,399.0386,436.9118,0.4625,0.0109,449547.5205,300518.7337,cpu_stress,inventory-service,2026-06-09 14:40:00,2026-06-09 14:55:00,during_fault,34.982227,1
2026-06-09 14:45:30,630,EXP_FAULT_02,RUN_02,cpu_stress,1,frontend,frontend-f02-00,online-boutique,node-a,0.9179,84.5562,0,430.8338,0.000852,34.6601,19.9724,66.8514,105.7456,175.1795,394.4264,430.4669,0.2639,0.103,505737.1879,311092.8987,cpu_stress,inventory-service,2026-06-09 14:40:00,2026-06-09 14:55:00,during_fault,35.319344,1
2026-06-09 14:45:35,635,EXP_FAULT_02,RUN_02,cpu_stress,1,frontend,frontend-f02-00,online-boutique,node-a,0.9542,82.8542,0,433.5168,0.001194,35.5291,18.6087,71.8141,106.2528,178.8717,398.3025,432.999,0.4075,0.1102,423754.259,364928.43,cpu_stress,inventory-service,2026-06-09 14:40:00,2026-06-09 14:55:00,during_fault,42.083035,1
2026-06-09 14:45:40,640,EXP_FAULT_02,RUN_02,cpu_stress,1,frontend,frontend-f02-00,online-boutique,node-a,0.9024,84.4687,0,424.8271,0.001895,32.3246,19.2983,61.0721,86.4237,160.1811,391.5194,424.0219,0.7344,0.0708,392168.0768,329369.1016,cpu_stress,inventory-service,2026-06-09 14:40:00,2026-06-09 14:55:00,during_fault,27.793951,1
2026-06-09 14:45:45,645,EXP_FAULT_02,RUN_02,cpu_stress,1,frontend,frontend-f02-00,online-boutique,node-a,0.9184,83.7682,0,424.832,0.000876,32.3262,17.3223,57.9506,85.2107,142.8145,393.0647,424.4599,0.3608,0.0114,449755.7853,351030.3811,cpu_stress,inventory-service,2026-06-09 14:40:00,2026-06-09 14:55:00,during_fault,28.477106,1
2026-06-09 14:45:50,650,EXP_FAULT_02,RUN_02,cpu_stress,1,frontend,frontend-f02-00,online-boutique,node-a,0.854,81.7512,0,432.03,0.001333,34.2119,19.6191,59.9302,101.4488,148.9554,400.9417,431.4543,0.5653,0.0104,361292.9072,360951.1105,cpu_stress,inventory-service,2026-06-09 14:40:00,2026-06-09 14:55:00,during_fault,31.056381,1
2026-06-09 14:45:55,655,EXP_FAULT_02,RUN_02,cpu_stress,1,frontend,frontend-f02-00,online-boutique,node-a,0.8897,83.7735,0,418.5786,0.002062,29.5572,16.1045,59.7095,83.3466,133.5121,389.4633,417.7154,0.7344,0.1288,460192.8828,391380.1987,cpu_stress,inventory-service,2026-06-09 14:40:00,2026-06-09 14:55:00,during_fault,19.901333,1
2026-06-09 14:46:00,660,EXP_FAULT_02,RUN_02,cpu_stress,1,frontend,frontend-f02-00,online-boutique,node-a,0.9038,83.5619,0,409.6977,0.00152,30.4687,16.8142,60.1656,85.0577,150.9091,382.2988,409.0748,0.6061,0.0168,468315.5391,342181.3657,cpu_stress,inventory-service,2026-06-09 14:40:00,2026-06-09 14:55:00,during_fault,23.701263,1
2026-06-09 14:46:05,665,EXP_FAULT_02,RUN_02,cpu_stress,1,frontend,frontend-f02-00,online-boutique,node-a,0.8859,82.1767,0,402.3021,0.001899,27.4824,15.4197,50.4242,77.1679,119.8327,376.2151,401.5383,0.664,0.0998,517008.8914,318724.6222,cpu_stress,inventory-service,2026-06-09 14:40:00,2026-06-09 14:55:00,during_fault,16.077991,1
2026-06-09 14:46:10,670,EXP_FAULT_02,RUN_02,cpu_stress,1,frontend,frontend-f02-00,online-boutique,node-a,0.8882,84.2379,0,401.3562,0.00102,29.2936,18.0474,55.6073,84.1836,140.3689,376.3787,400.9467,0.3051,0.1044,366179.7246,375473.1709,cpu_stress,inventory-service,2026-06-09 14:40:00,2026-06-09 14:55:00,during_fault,19.819483,1
2026-06-09 14:46:15,675,EXP_FAULT_02,RUN_02,cpu_stress,1,frontend,frontend-f02-00,online-boutique,node-a,0.8307,82.6239,0,408.2116,0.001162,28.8662,17.6306,54.086,72.7876,120.8609,383.4543,407.7374,0.4053,0.0689,502095.4827,295146.3084,cpu_stress,inventory-service,2026-06-09 14:40:00,2026-06-09 14:55:00,during_fault,15.842326,1
2026-06-09 14:46:20,680,EXP_FAULT_02,RUN_02,cpu_stress,1,frontend,frontend-f02-00,online-boutique,node-a,0.9058,83.5493,0,414.9952,0.001679,26.9975,16.2442,48.6512,70.8088,129.4521,390.2227,414.2983,0.565,0.1319,380121.253,396448.9291,cpu_stress,inventory-service,2026-06-09 14:40:00,2026-06-09 14:55:00,during_fault,14.623446,1
2026-06-09 14:46:25,685,EXP_FAULT_02,RUN_02,cpu_stress,1,frontend,frontend-f02-00,online-boutique,node-a,0.8768,82.308,0,405.7478,0.001313,27.5809,15.6144,50.096,68.3499,120.952,381.9569,405.2149,0.5108,0.0221,439050.9169,379191.1126,cpu_stress,inventory-service,2026-06-09 14:40:00,2026-06-09 14:55:00,during_fault,15.315256,1
2026-06-09 14:46:30,690,EXP_FAULT_02,RUN_02,cpu_stress,1,frontend,frontend-f02-00,online-boutique,node-a,0.9204,83.7341,0,417.7612,0.000538,24.8428,14.4276,46.3797,65.1047,103.6345,393.7464,417.5363,0.2213,0.0035,359101.0766,287023.7817,cpu_stress,inventory-service,2026-06-09 14:40:00,2026-06-09 14:55:00,during_fault,10.721933,1
2026-06-09 14:46:35,695,EXP_FAULT_02,RUN_02,cpu_stress,1,frontend,frontend-f02-00,online-boutique,node-a,0.8684,82.3849,0,421.396,0.000993,27.6572,17.9473,48.1148,73.2335,120.2972,397.1106,420.9777,0.2885,0.1298,464023.0951,326355.5339,cpu_stress,inventory-service,2026-06-09 14:40:00,2026-06-09 14:55:00,during_fault,13.89684,1
2026-06-09 14:46:40,700,EXP_FAULT_02,RUN_02,cpu_stress,1,frontend,frontend-f02-00,online-boutique,node-a,0.7993,83.2048,0,416.5182,0.001527,28.6465,16.5726,50.5727,76.0285,135.5698,392.3562,415.8822,0.5873,0.0486,396308.9031,335672.671,cpu_stress,inventory-service,2026-06-09 14:40:00,2026-06-09 14:55:00,during_fault,14.056808,1
2026-06-09 14:46:45,705,EXP_FAULT_02,RUN_02,cpu_stress,1,frontend,frontend-f02-00,online-boutique,node-a,0.8047,82.5491,0,403.4295,0.001219,25.6278,15.0155,44.4935,72.0119,110.2066,379.8682,402.9377,0.457,0.0347,382466.1014,365511.1866,cpu_stress,inventory-service,2026-06-09 14:40:00,2026-06-09 14:55:00,during_fault,8.707642,1
2026-06-09 14:46:50,710,EXP_FAULT_02,RUN_02,cpu_stress,1,frontend,frontend-f02-00,online-boutique,node-a,0.8547,82.8454,0,411.3127,0.001895,25.6086,15.9508,46.6182,73.4915,114.8065,386.828,410.5332,0.7045,0.075,510962.1596,368576.9334,cpu_stress,inventory-service,2026-06-09 14:40:00,2026-06-09 14:55:00,during_fault,10.037417,1
2026-06-09 14:46:55,715,EXP_FAULT_02,RUN_02,cpu_stress,1,frontend,frontend-f02-00,online-boutique,node-a,0.9227,83.7352,0,421.0153,0.001163,26.9039,15.3139,48.5531,66.5319,123.6533,395.5194,420.5257,0.4631,0.0265,461841.541,426947.5185,cpu_stress,inventory-service,2026-06-09 14:40:00,2026-06-09 14:55:00,during_fault,14.685722,1
2026-06-09 14:47:00,720,EXP_FAULT_02,RUN_02,cpu_stress,1,frontend,frontend-f02-00,online-boutique,node-a,0.9075,84.5032,0,430.5589,0.001991,26.9393,16.4035,46.8381,73.9141,122.0411,403.6208,429.7017,0.7722,0.085,452851.8165,394405.931,cpu_stress,inventory-service,2026-06-09 14:40:00,2026-06-09 14:55:00,during_fault,13.4129505,1
2026-06-09 14:47:05,725,EXP_FAULT_02,RUN_02,cpu_stress,1,frontend,frontend-f02-00,online-boutique,node-a,0.8727,82.5913,0,427.8417,0.00086,29.1237,16.4742,56.6179,79.4988,131.5606,400.4279,427.4736,0.2844,0.0837,444968.9934,433783.7719,cpu_stress,inventory-service,2026-06-09 14:40:00,2026-06-09 14:55:00,during_fault,16.959633,1
2026-06-09 14:47:10,730,EXP_FAULT_02,RUN_02,cpu_stress,1,frontend,frontend-f02-00,online-boutique,node-a,0.8949,82.6289,0,421.3989,0.00102,29.0444,16.4088,52.7941,73.9922,125.2862,393.3672,420.969,0.4187,0.0112,444504.99,443022.2652,cpu_stress,inventory-service,2026-06-09 14:40:00,2026-06-09 14:55:00,during_fault,18.456293,1
2026-06-09 14:47:15,735,EXP_FAULT_02,RUN_02,cpu_stress,1,frontend,frontend-f02-00,online-boutique,node-a,0.825,85.9717,0,426.4333,0.000634,30.8486,17.1122,54.3134,85.9411,140.6129,397.0349,426.1629,0.2457,0.0247,489617.2421,307973.8471,cpu_stress,inventory-service,2026-06-09 14:40:00,2026-06-09 14:55:00,during_fault,17.977716,1
2026-06-09 14:47:20,740,EXP_FAULT_02,RUN_02,cpu_stress,1,frontend,frontend-f02-00,online-boutique,node-a,0.8396,82.9479,0,445.1463,0.001248,30.8804,17.5157,61.8292,88.7135,140.0709,413.0572,444.5908,0.4698,0.0857,443027.4262,333918.7301,cpu_stress,inventory-service,2026-06-09 14:40:00,2026-06-09 14:55:00,during_fault,18.522346,1
2026-06-09 14:47:25,745,EXP_FAULT_02,RUN_02,cpu_stress,1,frontend,frontend-f02-00,online-boutique,node-a,0.8622,84.7044,0,439.8455,0.001689,31.5935,18.9097,58.5554,88.5992,162.5275,406.7315,439.1025,0.7418,0.0012,442987.4154,339120.4927,cpu_stress,inventory-service,2026-06-09 14:40:00,2026-06-09 14:55:00,during_fault,21.657932,1
2026-06-09 14:47:30,750,EXP_FAULT_02,RUN_02,cpu_stress,1,frontend,frontend-f02-00,online-boutique,node-a,0.9033,84.7922,0,444.8863,0.001742,34.8974,21.1487,71.7334,101.8239,159.8545,409.9317,444.1112,0.6467,0.1284,452332.8958,316284.8752,cpu_stress,inventory-service,2026-06-09 14:40:00,2026-06-09 14:55:00,during_fault,34.240196,1
2026-06-09 14:47:35,755,EXP_FAULT_02,RUN_02,cpu_stress,1,frontend,frontend-f02-00,online-boutique,node-a,0.9152,83.2023,0,449.3821,0.001354,31.4499,17.8145,58.4431,85.0351,164.167,412.7051,448.7737,0.5429,0.0655,565956.1563,421079.6024,cpu_stress,inventory-service,2026-06-09 14:40:00,2026-06-09 14:55:00,during_fault,23.844189,1
2026-06-09 14:47:40,760,EXP_FAULT_02,RUN_02,cpu_stress,1,frontend,frontend-f02-00,online-boutique,node-a,0.9905,84.8583,0,455.453,0.000886,33.0035,19.067,60.2179,90.7808,166.1957,416.9844,455.0494,0.2713,0.1323,436070.5669,409141.9214,cpu_stress,inventory-service,2026-06-09 14:40:00,2026-06-09 14:55:00,during_fault,32.45894,1
2026-06-09 14:47:45,765,EXP_FAULT_02,RUN_02,cpu_stress,1,frontend,frontend-f02-00,online-boutique,node-a,0.919,84.6011,0,457.8627,0.001869,37.3561,22.3233,72.142,116.6254,212.9202,417.3512,457.0069,0.758,0.0978,539142.033,376636.2021,cpu_stress,inventory-service,2026-06-09 14:40:00,2026-06-09 14:55:00,during_fault,43.497215,1
2026-06-09 14:47:50,770,EXP_FAULT_02,RUN_02,cpu_stress,1,frontend,frontend-f02-00,online-boutique,node-a,0.9714,81.9667,0,458.6049,0.001289,33.5386,18.0604,64.7005,97.7999,194.319,416.8715,458.0139,0.452,0.139,531307.3969,453625.6596,cpu_stress,inventory-service,2026-06-09 14:40:00,2026-06-09 14:55:00,during_fault,33.922894,1
2026-06-09 14:47:55,775,EXP_FAULT_02,RUN_02,cpu_stress,1,frontend,frontend-f02-00,online-boutique,node-a,0.9321,86.0095,0,454.4045,0.001698,33.0903,19.2361,64.882,107.0706,164.884,411.5674,453.6331,0.6625,0.1088,595210.9062,439948.254,cpu_stress,inventory-service,2026-06-09 14:40:00,2026-06-09 14:55:00,during_fault,28.69569,1
2026-06-09 14:48:00,780,EXP_FAULT_02,RUN_02,cpu_stress,1,frontend,frontend-f02-00,online-boutique,node-a,0.9065,82.6603,0,464.8965,0.000824,37.965,20.6373,79.3672,108.4466,226.1303,419.6908,464.5135,0.2418,0.1413,563818.2196,401345.9804,cpu_stress,inventory-service,2026-06-09 14:40:00,2026-06-09 14:55:00,during_fault,44.23093,1
2026-06-09 14:48:05,785,EXP_FAULT_02,RUN_02,cpu_stress,1,frontend,frontend-f02-00,online-boutique,node-a,0.9537,83.992,0,474.004,0.001282,38.6404,19.5606,78.5509,119.5344,196.0026,426.502,473.3962,0.5639,0.0438,568925.743,361063.3433,cpu_stress,inventory-service,2026-06-09 14:40:00,2026-06-09 14:55:00,during_fault,49.382347,1
2026-06-09 14:48:10,790,EXP_FAULT_02,RUN_02,cpu_stress,1,frontend,frontend-f02-00,online-boutique,node-a,1.0174,84.1596,0,461.7748,0.000669,37.8574,21.5157,75.8335,112.2993,203.1887,414.3846,461.4661,0.2171,0.0916,503345.6705,443496.1986,cpu_stress,inventory-service,2026-06-09 14:40:00,2026-06-09 14:55:00,during_fault,52.684204,1
2026-06-09 14:48:15,795,EXP_FAULT_02,RUN_02,cpu_stress,1,frontend,frontend-f02-00,online-boutique,node-a,0.9104,84.757,0,470.2414,0.001605,41.242,20.3094,83.9266,126.7964,252.667,420.7029,469.4865,0.6297,0.1252,596547.1267,339772.5125,cpu_stress,inventory-service,2026-06-09 14:40:00,2026-06-09 14:55:00,during_fault,57.693825,1
2026-06-09 14:48:20,800,EXP_FAULT_02,RUN_02,cpu_stress,1,frontend,frontend-f02-00,online-boutique,node-a,0.9253,85.6671,0,454.4922,0.001815,43.4554,22.7693,90.6312,129.0907,234.6572,405.587,453.6671,0.7467,0.0784,608264.2813,317936.0972,cpu_stress,inventory-service,2026-06-09 14:40:00,2026-06-09 14:55:00,during_fault,71.736534,1
2026-06-09 14:48:25,805,EXP_FAULT_02,RUN_02,cpu_stress,1,frontend,frontend-f02-00,online-boutique,node-a,0.9595,85.352,0,475.8457,0.001293,37.1824,18.4293,73.648,125.8335,220.5906,423.8918,475.2305,0.522,0.0932,522552.7022,450328.9877,cpu_stress,inventory-service,2026-06-09 14:40:00,2026-06-09 14:55:00,during_fault,42.981255,1
2026-06-09 14:48:30,810,EXP_FAULT_02,RUN_02,cpu_stress,1,frontend,frontend-f02-00,online-boutique,node-a,0.9697,84.3009,0,473.7657,0.000824,37.4382,18.2269,69.9177,126.8128,205.9621,421.4816,473.3754,0.3296,0.0607,531416.5016,356019.3392,cpu_stress,inventory-service,2026-06-09 14:40:00,2026-06-09 14:55:00,during_fault,45.222237,1
2026-06-09 14:48:35,815,EXP_FAULT_02,RUN_02,cpu_stress,1,frontend,frontend-f02-00,online-boutique,node-a,0.8965,82.3992,0,464.968,0.001076,37.5796,19.9789,75.4679,113.4463,219.1899,413.0713,464.4675,0.4314,0.0691,615202.8024,437052.0537,cpu_stress,inventory-service,2026-06-09 14:40:00,2026-06-09 14:55:00,during_fault,42.305466,1
2026-06-09 14:48:40,820,EXP_FAULT_02,RUN_02,cpu_stress,1,frontend,frontend-f02-00,online-boutique,node-a,0.9406,83.9338,0,457.2844,0.001436,38.6176,20.166,82.0114,114.863,236.851,405.7721,456.6278,0.6462,0.0103,425538.7942,349109.0099,cpu_stress,inventory-service,2026-06-09 14:40:00,2026-06-09 14:55:00,during_fault,50.420055,1
2026-06-09 14:48:45,825,EXP_FAULT_02,RUN_02,cpu_stress,1,frontend,frontend-f02-00,online-boutique,node-a,0.9378,83.711,0,468.3992,0.001049,40.8437,22.504,83.3432,130.5687,259.1415,415.6261,467.9079,0.3592,0.1321,600910.5571,440457.9556,cpu_stress,inventory-service,2026-06-09 14:40:00,2026-06-09 14:55:00,during_fault,58.446167,1
2026-06-09 14:48:50,830,EXP_FAULT_02,RUN_02,cpu_stress,1,frontend,frontend-f02-00,online-boutique,node-a,0.9909,82.3645,0,461.1171,0.002001,41.6867,23.1987,81.1626,128.9362,235.4643,408.9915,460.1943,0.7784,0.1444,560505.3969,353710.8322,cpu_stress,inventory-service,2026-06-09 14:40:00,2026-06-09 14:55:00,during_fault,70.68117,1
2026-06-09 14:48:55,835,EXP_FAULT_02,RUN_02,cpu_stress,1,frontend,frontend-f02-00,online-boutique,node-a,0.9679,84.7987,0,450.4898,0.0017,41.3223,23.1419,77.4468,126.1543,247.8025,399.8227,449.7241,0.6381,0.1275,445956.2433,399374.2215,cpu_stress,inventory-service,2026-06-09 14:40:00,2026-06-09 14:55:00,during_fault,66.03517,1
2026-06-09 14:49:00,840,EXP_FAULT_02,RUN_02,cpu_stress,1,frontend,frontend-f02-00,online-boutique,node-a,1.0072,83.4774,0,449.3576,0.001825,38.0897,20.8306,76.0006,127.1993,210.228,399.0756,448.5373,0.7173,0.1029,404121.0007,344218.4474,cpu_stress,inventory-service,2026-06-09 14:40:00,2026-06-09 14:55:00,during_fault,55.782635,1
2026-06-09 14:49:05,845,EXP_FAULT_02,RUN_02,cpu_stress,1,frontend,frontend-f02-00,online-boutique,node-a,0.9299,82.572,0,455.5229,0.002048,40.0967,20.9257,85.4686,118.7568,224.6479,405.0626,454.5901,0.9048,0.0281,575391.8894,481694.7678,cpu_stress,inventory-service,2026-06-09 14:40:00,2026-06-09 14:55:00,during_fault,57.97533,1
2026-06-09 14:49:10,850,EXP_FAULT_02,RUN_02,cpu_stress,1,frontend,frontend-f02-00,online-boutique,node-a,0.986,84.219,0,446.8913,0.0015,37.6184,18.9419,77.8202,118.4501,210.6769,398.0846,446.2209,0.6345,0.0359,451419.074,353202.5264,cpu_stress,inventory-service,2026-06-09 14:40:00,2026-06-09 14:55:00,during_fault,51.30265,1
2026-06-09 14:49:15,855,EXP_FAULT_02,RUN_02,cpu_stress,1,frontend,frontend-f02-00,online-boutique,node-a,0.9971,84.0767,0,467.3686,0.002131,40.2644,21.7036,85.1388,125.5701,247.8773,416.9716,466.3727,0.9493,0.0466,496594.8761,378273.2747,cpu_stress,inventory-service,2026-06-09 14:40:00,2026-06-09 14:55:00,during_fault,62.498047,1
2026-06-09 14:49:20,860,EXP_FAULT_02,RUN_02,cpu_stress,1,frontend,frontend-f02-00,online-boutique,node-a,0.9559,83.855,0,458.6188,0.001683,38.7434,20.8965,80.7137,124.8704,205.0913,410.2148,457.8471,0.7685,0.0033,547179.3046,394426.9683,cpu_stress,inventory-service,2026-06-09 14:40:00,2026-06-09 14:55:00,during_fault,52.435375,1
2026-06-09 14:49:25,865,EXP_FAULT_02,RUN_02,cpu_stress,1,frontend,frontend-f02-00,online-boutique,node-a,0.9662,83.4091,0,450.5227,0.001544,38.3576,21.2569,81.6564,114.8821,214.9166,404.2076,449.8269,0.675,0.0208,408891.6164,433795.6393,cpu_stress,inventory-service,2026-06-09 14:40:00,2026-06-09 14:55:00,during_fault,52.761208,1
2026-06-09 14:49:30,870,EXP_FAULT_02,RUN_02,cpu_stress,1,frontend,frontend-f02-00,online-boutique,node-a,0.942,84.3405,0,449.1288,0.002178,34.8215,19.8887,72.7214,102.1836,196.4556,403.9438,448.1507,0.8896,0.0884,582037.992,411570.2804,cpu_stress,inventory-service,2026-06-09 14:40:00,2026-06-09 14:55:00,during_fault,37.00012,1
2026-06-09 14:49:35,875,EXP_FAULT_02,RUN_02,cpu_stress,1,frontend,frontend-f02-00,online-boutique,node-a,0.937,84.4818,0,457.6544,0.001151,38.7009,20.6529,80.1635,117.1466,210.3537,413.1874,457.1275,0.3667,0.1601,521569.2746,437905.778,cpu_stress,inventory-service,2026-06-09 14:40:00,2026-06-09 14:55:00,during_fault,49.820118,1
2026-06-09 14:49:40,880,EXP_FAULT_02,RUN_02,cpu_stress,1,frontend,frontend-f02-00,online-boutique,node-a,0.9514,83.2749,0,440.0225,0.000473,39.0473,21.5444,74.7199,124.9558,230.7479,398.6599,439.8145,0.2012,0.0068,527330.2923,317851.756,cpu_stress,inventory-service,2026-06-09 14:40:00,2026-06-09 14:55:00,during_fault,54.945107,1
2026-06-09 14:49:45,885,EXP_FAULT_02,RUN_02,cpu_stress,1,frontend,frontend-f02-00,online-boutique,node-a,0.9596,83.1951,0,447.4955,0.002258,35.1346,19.1489,69.7039,110.711,176.6896,406.4868,446.4851,0.8718,0.1386,477423.376,420112.9451,cpu_stress,inventory-service,2026-06-09 14:40:00,2026-06-09 14:55:00,during_fault,40.329315,1
2026-06-09 14:49:50,890,EXP_FAULT_02,RUN_02,cpu_stress,1,frontend,frontend-f02-00,online-boutique,node-a,0.9206,81.2228,0,449.9156,0.001226,33.8607,19.6615,64.0456,107.739,174.4014,410.3701,449.3639,0.4355,0.1161,568171.4605,409910.1822,cpu_stress,inventory-service,2026-06-09 14:40:00,2026-06-09 14:55:00,during_fault,32.526684,1
2026-06-09 14:49:55,895,EXP_FAULT_02,RUN_02,cpu_stress,1,frontend,frontend-f02-00,online-boutique,node-a,0.9238,83.8108,0,444.8002,0.001886,30.3061,16.8337,59.5397,90.7323,144.032,406.9597,443.9614,0.7254,0.1134,573509.0195,427648.0887,cpu_stress,inventory-service,2026-06-09 14:40:00,2026-06-09 14:55:00,during_fault,21.66003,1
2026-06-09 14:50:00,900,EXP_FAULT_02,RUN_02,cpu_stress,1,frontend,frontend-f02-00,online-boutique,node-a,0.9228,84.8905,0,467.507,0.001884,35.1517,19.2488,68.3928,103.5716,189.8299,429.3731,466.6264,0.7576,0.123,588311.3592,364986.973,cpu_stress,inventory-service,2026-06-09 14:40:00,2026-06-09 14:55:00,during_fault,34.313446,1
2026-06-09 14:50:05,905,EXP_FAULT_02,RUN_02,cpu_stress,1,frontend,frontend-f02-00,online-boutique,node-a,0.9235,83.9642,0,459.6632,0.00143,32.3936,18.6772,60.5104,86.606,172.8629,423.6463,459.0058,0.5812,0.0763,440439.2185,372165.7338,cpu_stress,inventory-service,2026-06-09 14:40:00,2026-06-09 14:55:00,during_fault,26.039692,1
2026-06-09 14:50:10,910,EXP_FAULT_02,RUN_02,cpu_stress,1,frontend,frontend-f02-00,online-boutique,node-a,0.9196,83.3328,0,456.4137,0.001506,32.3409,18.5106,59.7678,97.5854,156.6855,422.1167,455.7264,0.5956,0.0917,449626.2584,344946.0738,cpu_stress,inventory-service,2026-06-09 14:40:00,2026-06-09 14:55:00,during_fault,26.21261,1
2026-06-09 14:50:15,915,EXP_FAULT_02,RUN_02,cpu_stress,1,frontend,frontend-f02-00,online-boutique,node-a,0.9595,83.881,0,461.5006,0.001422,31.3444,17.4176,55.3005,88.3458,147.5455,428.2168,460.8445,0.5334,0.1226,512150.7713,425022.281,cpu_stress,inventory-service,2026-06-09 14:40:00,2026-06-09 14:55:00,during_fault,25.106749,1
2026-06-09 14:50:20,920,EXP_FAULT_02,RUN_02,cpu_stress,1,frontend,frontend-f02-00,online-boutique,node-a,0.8389,85.2052,0,468.096,0.001342,31.1299,19.1474,59.7923,80.0931,137.6094,435.6394,467.4677,0.6135,0.0148,452586.5206,498060.2346,cpu_stress,inventory-service,2026-06-09 14:40:00,2026-06-09 14:55:00,during_fault,16.693213,1
2026-06-09 14:50:25,925,EXP_FAULT_02,RUN_02,cpu_stress,1,frontend,frontend-f02-00,online-boutique,node-a,0.8318,85.0184,0,473.7504,0.000917,29.9142,17.9321,56.0558,86.4066,151.5635,442.2527,473.3161,0.3725,0.0618,588244.8585,315778.2889,cpu_stress,inventory-service,2026-06-09 14:40:00,2026-06-09 14:55:00,during_fault,13.024239,1
2026-06-09 14:50:30,930,EXP_FAULT_02,RUN_02,cpu_stress,1,frontend,frontend-f02-00,online-boutique,node-a,0.9171,84.3542,0,474.5344,0.001605,29.2791,16.5155,54.2997,79.3131,122.6737,443.9469,473.7729,0.6312,0.1302,567574.1745,466287.039,cpu_stress,inventory-service,2026-06-09 14:40:00,2026-06-09 14:55:00,during_fault,16.036493,1
2026-06-09 14:50:35,935,EXP_FAULT_02,RUN_02,cpu_stress,1,frontend,frontend-f02-00,online-boutique,node-a,0.909,84.998,0,463.8281,0.001838,28.3202,15.9657,49.7088,74.8235,119.7215,434.7779,462.9755,0.7649,0.0877,433522.7941,373684.4807,cpu_stress,inventory-service,2026-06-09 14:40:00,2026-06-09 14:55:00,during_fault,14.103793,1
2026-06-09 14:50:40,940,EXP_FAULT_02,RUN_02,cpu_stress,1,frontend,frontend-f02-00,online-boutique,node-a,0.8321,85.2124,0,475.9744,0.001365,28.7602,18.2913,54.2564,74.3807,116.8587,447.0701,475.3248,0.5208,0.1287,424382.4195,381913.2409,cpu_stress,inventory-service,2026-06-09 14:40:00,2026-06-09 14:55:00,during_fault,10.624289,1
2026-06-09 14:50:45,945,EXP_FAULT_02,RUN_02,cpu_stress,1,frontend,frontend-f02-00,online-boutique,node-a,0.8258,83.9555,0,486.8885,0.001014,26.444,15.8959,49.6423,70.0644,124.4516,458.0612,486.3949,0.4446,0.049,447821.3361,390923.8126,cpu_stress,inventory-service,2026-06-09 14:40:00,2026-06-09 14:55:00,during_fault,6.0447855,1
2026-06-09 14:50:50,950,EXP_FAULT_02,RUN_02,cpu_stress,1,frontend,frontend-f02-00,online-boutique,node-a,0.878,85.0605,0,490.0227,0.001911,30.3295,19.17,52.0557,86.6217,139.6301,461.1955,489.0864,0.7774,0.1589,488260.7735,467222.7786,cpu_stress,inventory-service,2026-06-09 14:40:00,2026-06-09 14:55:00,during_fault,15.496782,1
2026-06-09 14:50:55,955,EXP_FAULT_02,RUN_02,cpu_stress,1,frontend,frontend-f02-00,online-boutique,node-a,0.885,82.6605,0,495.1081,0.000876,27.9735,17.1796,52.087,77.0398,120.2194,466.6424,494.6746,0.3224,0.1111,512562.8944,384136.1791,cpu_stress,inventory-service,2026-06-09 14:40:00,2026-06-09 14:55:00,during_fault,10.584944,1
2026-06-09 14:51:00,960,EXP_FAULT_02,RUN_02,cpu_stress,1,frontend,frontend-f02-00,online-boutique,node-a,0.857,85.2473,0,506.7995,0.000951,28.5883,16.2158,48.7454,76.8021,132.6842,477.749,506.3173,0.4446,0.0375,589213.1925,447810.4946,cpu_stress,inventory-service,2026-06-09 14:40:00,2026-06-09 14:55:00,during_fault,9.360083,1
2026-06-09 14:51:05,965,EXP_FAULT_02,RUN_02,cpu_stress,1,frontend,frontend-f02-00,online-boutique,node-a,0.8868,82.4235,0,488.6313,0.001125,25.9159,16.6643,43.9164,72.6731,120.8713,460.4847,488.0815,0.4344,0.1154,488038.8445,383870.3083,cpu_stress,inventory-service,2026-06-09 14:40:00,2026-06-09 14:55:00,during_fault,7.5010047,1
2026-06-09 14:51:10,970,EXP_FAULT_02,RUN_02,cpu_stress,1,frontend,frontend-f02-00,online-boutique,node-a,0.8869,84.7598,0,492.2958,0.001941,27.2592,16.4058,47.4901,72.6966,120.0781,463.3292,491.3402,0.8644,0.0912,497363.4505,481698.2837,cpu_stress,inventory-service,2026-06-09 14:40:00,2026-06-09 14:55:00,during_fault,9.398158,1
2026-06-09 14:51:15,975,EXP_FAULT_02,RUN_02,cpu_stress,1,frontend,frontend-f02-00,online-boutique,node-a,0.8771,83.3927,0,495.6312,0.001235,29.4029,18.7945,50.6389,77.2698,136.3059,466.1278,495.0193,0.5109,0.101,425211.4687,388223.0467,cpu_stress,inventory-service,2026-06-09 14:40:00,2026-06-09 14:55:00,during_fault,13.055362,1
2026-06-09 14:51:20,980,EXP_FAULT_02,RUN_02,cpu_stress,1,frontend,frontend-f02-00,online-boutique,node-a,0.8487,83.4114,0,482.9004,0.001006,28.3439,17.4548,52.3124,80.4321,130.2067,453.6295,482.4146,0.4654,0.0205,431878.2856,441294.011,cpu_stress,inventory-service,2026-06-09 14:40:00,2026-06-09 14:55:00,during_fault,10.378601,1
2026-06-09 14:51:25,985,EXP_FAULT_02,RUN_02,cpu_stress,1,frontend,frontend-f02-00,online-boutique,node-a,0.9367,83.8296,0,499.181,0.001839,29.7134,17.9262,52.3404,83.6571,128.1056,467.8394,498.2631,0.772,0.1459,646509.5033,359327.5256,cpu_stress,inventory-service,2026-06-09 14:40:00,2026-06-09 14:55:00,during_fault,16.627092,1
2026-06-09 14:51:30,990,EXP_FAULT_02,RUN_02,cpu_stress,1,frontend,frontend-f02-00,online-boutique,node-a,0.9191,84.0587,0,482.9583,0.001877,29.1585,16.9031,56.1589,79.5916,126.1879,451.773,482.0517,0.7625,0.1441,594940.0037,368403.1807,cpu_stress,inventory-service,2026-06-09 14:40:00,2026-06-09 14:55:00,during_fault,15.500412,1
2026-06-09 14:51:35,995,EXP_FAULT_02,RUN_02,cpu_stress,1,frontend,frontend-f02-00,online-boutique,node-a,0.8865,82.7092,0,481.0872,0.001616,28.7111,16.1296,55.5602,81.5118,144.778,449.0045,480.3097,0.7382,0.0393,494855.1147,462924.9984,cpu_stress,inventory-service,2026-06-09 14:40:00,2026-06-09 14:55:00,during_fault,13.282129,1
2026-06-09 14:51:40,1000,EXP_FAULT_02,RUN_02,cpu_stress,1,frontend,frontend-f02-00,online-boutique,node-a,0.8545,84.4858,0,493.8095,0.001175,30.8973,17.3868,53.3546,88.5923,143.0643,459.6254,493.2294,0.5353,0.0447,480530.0604,499055.987,cpu_stress,inventory-service,2026-06-09 14:40:00,2026-06-09 14:55:00,during_fault,15.1894865,1
2026-06-09 14:51:45,1005,EXP_FAULT_02,RUN_02,cpu_stress,1,frontend,frontend-f02-00,online-boutique,node-a,0.8529,84.5715,0,474.7115,0.001593,29.4226,17.7874,59.297,77.7829,138.7003,440.4125,473.9552,0.6752,0.0812,450768.6778,449716.3915,cpu_stress,inventory-service,2026-06-09 14:40:00,2026-06-09 14:55:00,during_fault,13.213694,1
2026-06-09 14:51:50,1010,EXP_FAULT_02,RUN_02,cpu_stress,1,frontend,frontend-f02-00,online-boutique,node-a,0.8605,82.5683,0,483.4869,0.001287,32.6387,17.3849,61.3769,89.2288,165.6263,447.1319,482.8644,0.5815,0.041,503608.6194,339380.4068,cpu_stress,inventory-service,2026-06-09 14:40:00,2026-06-09 14:55:00,during_fault,21.55043,1
2026-06-09 14:51:55,1015,EXP_FAULT_02,RUN_02,cpu_stress,1,frontend,frontend-f02-00,online-boutique,node-a,0.9381,84.7284,0,472.8134,0.001089,31.5639,16.9119,58.9498,87.9566,156.0071,436.0076,472.2984,0.4439,0.0711,521014.2807,361091.0835,cpu_stress,inventory-service,2026-06-09 14:40:00,2026-06-09 14:55:00,during_fault,22.94012,1
2026-06-09 14:52:00,1020,EXP_FAULT_02,RUN_02,cpu_stress,1,frontend,frontend-f02-00,online-boutique,node-a,0.8767,82.4566,0,474.7525,0.001288,35.8415,20.8136,64.3912,96.1879,181.5755,436.1164,474.1412,0.5634,0.0479,588605.4971,484104.5805,cpu_stress,inventory-service,2026-06-09 14:40:00,2026-06-09 14:55:00,during_fault,33.549255,1
2026-06-09 14:52:05,1025,EXP_FAULT_02,RUN_02,cpu_stress,1,frontend,frontend-f02-00,online-boutique,node-a,0.9431,84.4739,0,488.0826,0.001805,35.435,20.2454,72.7272,98.786,165.4696,446.6554,487.2015,0.7205,0.1607,606431.5888,501214.8258,cpu_stress,inventory-service,2026-06-09 14:40:00,2026-06-09 14:55:00,during_fault,34.803654,1
2026-06-09 14:52:10,1030,EXP_FAULT_02,RUN_02,cpu_stress,1,frontend,frontend-f02-00,online-boutique,node-a,0.8928,85.0595,0,452.8414,0.001337,34.6782,18.1842,67.6246,109.5737,177.6312,413.1056,452.2357,0.452,0.1537,430287.818,395200.0132,cpu_stress,inventory-service,2026-06-09 14:40:00,2026-06-09 14:55:00,during_fault,31.49461,1
2026-06-09 14:52:15,1035,EXP_FAULT_02,RUN_02,cpu_stress,1,frontend,frontend-f02-00,online-boutique,node-a,0.9046,83.7505,0,469.5767,0.002388,36.0019,18.799,68.0893,112.8283,187.9168,426.6196,468.4553,1.0022,0.1192,431313.978,367302.703,cpu_stress,inventory-service,2026-06-09 14:40:00,2026-06-09 14:55:00,during_fault,37.058178,1
2026-06-09 14:52:20,1040,EXP_FAULT_02,RUN_02,cpu_stress,1,frontend,frontend-f02-00,online-boutique,node-a,0.9833,83.8647,0,442.4571,0.002063,36.7635,19.6308,76.6091,120.2174,191.1272,400.6936,441.5442,0.8673,0.0456,571340.3834,299539.4231,cpu_stress,inventory-service,2026-06-09 14:40:00,2026-06-09 14:55:00,during_fault,48.816322,1
2026-06-09 14:52:25,1045,EXP_FAULT_02,RUN_02,cpu_stress,1,frontend,frontend-f02-00,online-boutique,node-a,0.9379,83.2427,0,459.0717,0.000791,39.4362,20.3028,81.6424,115.2578,204.3395,414.5598,458.7087,0.3382,0.0249,514304.057,386475.0699,cpu_stress,inventory-service,2026-06-09 14:40:00,2026-06-09 14:55:00,during_fault,53.31588,1
2026-06-09 14:52:30,1050,EXP_FAULT_02,RUN_02,cpu_stress,1,frontend,frontend-f02-00,online-boutique,node-a,0.9693,83.6637,0,453.5467,0.001388,36.5366,18.611,74.8299,112.2538,208.1925,408.0879,452.9172,0.5941,0.0354,582018.1602,409393.4576,cpu_stress,inventory-service,2026-06-09 14:40:00,2026-06-09 14:55:00,during_fault,44.74695,1
2026-06-09 14:52:35,1055,EXP_FAULT_02,RUN_02,cpu_stress,1,frontend,frontend-f02-00,online-boutique,node-a,0.9535,82.8791,0,440.3948,0.001998,35.89,17.857,74.2514,112.9411,214.9024,394.8715,439.5148,0.7314,0.1486,499218.8939,307803.0239,cpu_stress,inventory-service,2026-06-09 14:40:00,2026-06-09 14:55:00,during_fault,43.41441,1
2026-06-09 14:52:40,1060,EXP_FAULT_02,RUN_02,cpu_stress,1,frontend,frontend-f02-00,online-boutique,node-a,0.9644,85.4796,0,437.9654,0.002225,35.2485,18.8411,72.0928,119.2427,184.8418,391.6018,436.9909,0.9248,0.0496,434898.0853,366731.2277,cpu_stress,inventory-service,2026-06-09 14:40:00,2026-06-09 14:55:00,during_fault,41.097374,1
2026-06-09 14:52:45,1065,EXP_FAULT_02,RUN_02,cpu_stress,1,frontend,frontend-f02-00,online-boutique,node-a,0.9607,83.7777,0,462.1885,0.001528,40.3959,20.0251,80.7331,124.2446,227.5553,412.5989,461.4824,0.65,0.0561,415689.9481,314100.0283,cpu_stress,inventory-service,2026-06-09 14:40:00,2026-06-09 14:55:00,during_fault,59.746204,1
2026-06-09 14:52:50,1070,EXP_FAULT_02,RUN_02,cpu_stress,1,frontend,frontend-f02-00,online-boutique,node-a,0.9543,84.6392,0,461.5869,0.001565,34.8529,17.1299,68.381,104.5835,218.7809,411.1565,460.8645,0.59,0.1325,525330.4418,334738.4021,cpu_stress,inventory-service,2026-06-09 14:40:00,2026-06-09 14:55:00,during_fault,35.984936,1
2026-06-09 14:52:55,1075,EXP_FAULT_02,RUN_02,cpu_stress,1,frontend,frontend-f02-00,online-boutique,node-a,0.9762,85.3421,0,434.3743,0.001639,38.7789,19.799,73.7387,121.8084,222.7476,386.2616,433.6622,0.6496,0.0624,425139.0934,363979.4396,cpu_stress,inventory-service,2026-06-09 14:40:00,2026-06-09 14:55:00,during_fault,56.624218,1
2026-06-09 14:53:00,1080,EXP_FAULT_02,RUN_02,cpu_stress,1,frontend,frontend-f02-00,online-boutique,node-a,0.9138,83.8697,0,439.3998,0.001139,39.2357,21.0527,74.8367,126.5449,228.4014,390.2456,438.8994,0.4771,0.0233,491975.7916,373423.972,cpu_stress,inventory-service,2026-06-09 14:40:00,2026-06-09 14:55:00,during_fault,52.838825,1
2026-06-09 14:53:05,1085,EXP_FAULT_02,RUN_02,cpu_stress,1,frontend,frontend-f02-00,online-boutique,node-a,0.9784,84.3242,0,460.911,0.001858,41.0997,21.375,83.7608,141.09,235.1322,408.9032,460.0549,0.7187,0.1375,521151.9418,442565.3481,cpu_stress,inventory-service,2026-06-09 14:40:00,2026-06-09 14:55:00,during_fault,65.037964,1
2026-06-09 14:53:10,1090,EXP_FAULT_02,RUN_02,cpu_stress,1,frontend,frontend-f02-00,online-boutique,node-a,0.9659,85.2824,0,445.2545,0.001897,39.6155,20.5523,77.4542,122.4315,253.8105,394.9816,444.4097,0.7424,0.1024,551448.7756,400366.205,cpu_stress,inventory-service,2026-06-09 14:40:00,2026-06-09 14:55:00,during_fault,58.39508,1
2026-06-09 14:53:15,1095,EXP_FAULT_02,RUN_02,cpu_stress,1,frontend,frontend-f02-00,online-boutique,node-a,1.0014,83.2902,0,458.3683,0.001372,39.4602,20.8543,84.1868,129.0249,249.2727,406.6898,457.7395,0.6144,0.0144,481639.9072,406879.5598,cpu_stress,inventory-service,2026-06-09 14:40:00,2026-06-09 14:55:00,during_fault,59.84553,1
2026-06-09 14:53:20,1100,EXP_FAULT_02,RUN_02,cpu_stress,1,frontend,frontend-f02-00,online-boutique,node-a,0.9634,83.6333,0,438.9604,0.001891,38.2457,20.1808,74.4889,130.6418,226.3788,389.4792,438.1304,0.6899,0.14,543530.9965,418014.2696,cpu_stress,inventory-service,2026-06-09 14:40:00,2026-06-09 14:55:00,during_fault,53.75945,1
2026-06-09 14:53:25,1105,EXP_FAULT_02,RUN_02,cpu_stress,1,frontend,frontend-f02-00,online-boutique,node-a,1.0034,83.6787,0,452.9854,0.001967,42.3023,20.824,90.143,142.611,269.9298,402.1345,452.0944,0.7959,0.0951,590179.0308,384002.729,cpu_stress,inventory-service,2026-06-09 14:40:00,2026-06-09 14:55:00,during_fault,75.37004,1
2026-06-09 14:53:30,1110,EXP_FAULT_02,RUN_02,cpu_stress,1,frontend,frontend-f02-00,online-boutique,node-a,0.9887,83.1085,0,445.2213,0.001137,39.3399,19.0988,79.9904,130.7929,214.9582,396.0296,444.7151,0.4548,0.0514,516220.6842,398842.218,cpu_stress,inventory-service,2026-06-09 14:40:00,2026-06-09 14:55:00,during_fault,59.693768,1
2026-06-09 14:53:35,1115,EXP_FAULT_02,RUN_02,cpu_stress,1,frontend,frontend-f02-00,online-boutique,node-a,0.9522,82.0802,0,448.2717,0.001244,39.2248,19.9114,82.2877,118.0646,236.9097,399.4237,447.7139,0.4815,0.0763,553678.2557,478520.9693,cpu_stress,inventory-service,2026-06-09 14:40:00,2026-06-09 14:55:00,during_fault,56.147217,1
2026-06-09 14:53:40,1120,EXP_FAULT_02,RUN_02,cpu_stress,1,frontend,frontend-f02-00,online-boutique,node-a,1.0358,84.9669,0,471.2082,0.000831,35.8764,20.033,70.4963,119.9687,203.2228,420.72,470.8165,0.238,0.1537,426528.2056,449673.8491,cpu_stress,inventory-service,2026-06-09 14:40:00,2026-06-09 14:55:00,during_fault,44.77777,1
2026-06-09 14:53:45,1125,EXP_FAULT_02,RUN_02,cpu_stress,1,frontend,frontend-f02-00,online-boutique,node-a,0.9353,83.2782,0,463.5259,0.001881,38.6752,19.7847,76.3086,114.9232,224.4491,414.5776,462.6541,0.7718,0.1,536168.1866,321040.3833,cpu_stress,inventory-service,2026-06-09 14:40:00,2026-06-09 14:55:00,during_fault,50.37982,1
2026-06-09 14:53:50,1130,EXP_FAULT_02,RUN_02,cpu_stress,1,frontend,frontend-f02-00,online-boutique,node-a,0.9736,84.3781,0,465.622,0.001455,37.3327,19.4582,76.2339,108.7009,212.861,417.7167,464.9445,0.5442,0.1332,519720.5154,366123.8473,cpu_stress,inventory-service,2026-06-09 14:40:00,2026-06-09 14:55:00,during_fault,46.6074,1
2026-06-09 14:53:55,1135,EXP_FAULT_02,RUN_02,cpu_stress,1,frontend,frontend-f02-00,online-boutique,node-a,0.9277,84.4745,0,425.2786,0.001469,36.2626,20.9119,67.071,115.2684,208.59,382.7363,424.6539,0.4851,0.1396,512543.6376,391700.2477,cpu_stress,inventory-service,2026-06-09 14:40:00,2026-06-09 14:55:00,during_fault,43.19355,1
2026-06-09 14:54:00,1140,EXP_FAULT_02,RUN_02,cpu_stress,1,frontend,frontend-f02-00,online-boutique,node-a,0.8983,82.0749,0,465.2893,0.000888,37.1016,21.4502,76.2797,122.3228,194.7616,420.0734,464.8762,0.3051,0.1081,555829.7699,325034.5321,cpu_stress,inventory-service,2026-06-09 14:40:00,2026-06-09 14:55:00,during_fault,40.54397,1
2026-06-09 14:54:05,1145,EXP_FAULT_02,RUN_02,cpu_stress,1,frontend,frontend-f02-00,online-boutique,node-a,0.9567,84.3397,0,475.244,0.002025,33.2084,17.8532,68.1223,97.452,179.5133,430.1036,474.2816,0.8332,0.1292,566530.8849,329497.7617,cpu_stress,inventory-service,2026-06-09 14:40:00,2026-06-09 14:55:00,during_fault,29.734905,1
2026-06-09 14:54:10,1150,EXP_FAULT_02,RUN_02,cpu_stress,1,frontend,frontend-f02-00,online-boutique,node-a,0.9098,84.6569,0,442.4772,0.001989,33.9691,18.8461,66.649,103.1891,192.6523,401.9366,441.597,0.8052,0.075,473479.9238,390005.2628,cpu_stress,inventory-service,2026-06-09 14:40:00,2026-06-09 14:55:00,during_fault,32.010735,1
2026-06-09 14:54:15,1155,EXP_FAULT_02,RUN_02,cpu_stress,1,frontend,frontend-f02-00,online-boutique,node-a,0.9424,82.4719,0,443.2557,0.001424,33.9608,19.2714,65.9084,97.1757,170.7069,404.2636,442.6243,0.4946,0.1368,496206.3351,463633.7657,cpu_stress,inventory-service,2026-06-09 14:40:00,2026-06-09 14:55:00,during_fault,34.674965,1
2026-06-09 14:54:20,1160,EXP_FAULT_02,RUN_02,cpu_stress,1,frontend,frontend-f02-00,online-boutique,node-a,0.8963,84.0614,0,440.6036,0.002099,31.7627,18.8456,58.699,94.7646,175.894,403.1039,439.679,0.9032,0.0215,387937.1662,448374.0288,cpu_stress,inventory-service,2026-06-09 14:40:00,2026-06-09 14:55:00,during_fault,24.615103,1
2026-06-09 14:54:25,1165,EXP_FAULT_02,RUN_02,cpu_stress,1,frontend,frontend-f02-00,online-boutique,node-a,0.9353,82.6573,0,434.3489,0.001082,32.3494,17.3846,64.4537,87.0734,155.818,399.0149,433.879,0.4327,0.0372,548336.2372,324271.6238,cpu_stress,inventory-service,2026-06-09 14:40:00,2026-06-09 14:55:00,during_fault,29.332281,1
2026-06-09 14:54:30,1170,EXP_FAULT_02,RUN_02,cpu_stress,1,frontend,frontend-f02-00,online-boutique,node-a,0.9014,85.3708,0,439.6461,0.001195,32.4615,19.2696,60.2555,87.7411,174.3203,405.3666,439.1205,0.4725,0.053,457227.3756,359125.2868,cpu_stress,inventory-service,2026-06-09 14:40:00,2026-06-09 14:55:00,during_fault,25.951385,1
2026-06-09 14:54:35,1175,EXP_FAULT_02,RUN_02,cpu_stress,1,frontend,frontend-f02-00,online-boutique,node-a,0.8478,84.0534,0,442.1786,0.00179,31.3033,18.2135,60.4118,90.6012,149.0328,408.8869,441.3871,0.762,0.0295,439144.1463,378778.7002,cpu_stress,inventory-service,2026-06-09 14:40:00,2026-06-09 14:55:00,during_fault,20.229984,1
2026-06-09 14:54:40,1180,EXP_FAULT_02,RUN_02,cpu_stress,1,frontend,frontend-f02-00,online-boutique,node-a,0.8778,83.2163,0,435.6366,0.001858,31.2243,17.1683,54.7021,91.1943,156.7408,404.0764,434.8273,0.7561,0.0532,523067.4114,392883.0762,cpu_stress,inventory-service,2026-06-09 14:40:00,2026-06-09 14:55:00,during_fault,22.494045,1
2026-06-09 14:54:45,1185,EXP_FAULT_02,RUN_02,cpu_stress,1,frontend,frontend-f02-00,online-boutique,node-a,0.8778,85.7411,0,440.2501,0.001177,27.8303,16.6254,49.2443,80.9384,138.1324,409.8237,439.7318,0.4409,0.0774,559317.6051,446753.2874,cpu_stress,inventory-service,2026-06-09 14:40:00,2026-06-09 14:55:00,during_fault,12.685602,1
2026-06-09 14:54:50,1190,EXP_FAULT_02,RUN_02,cpu_stress,1,frontend,frontend-f02-00,online-boutique,node-a,0.8241,86.3625,0,414.9429,0.001277,31.8161,20.3325,63.8788,87.4825,142.818,387.2622,414.4131,0.4401,0.0896,491516.0804,434858.939,cpu_stress,inventory-service,2026-06-09 14:40:00,2026-06-09 14:55:00,during_fault,21.479067,1
2026-06-09 14:54:55,1195,EXP_FAULT_02,RUN_02,cpu_stress,1,frontend,frontend-f02-00,online-boutique,node-a,0.8679,83.7483,0,419.7037,0.001331,30.0576,17.5777,57.1716,80.4318,134.6392,392.7394,419.1453,0.4535,0.1049,352707.1704,392424.3604,cpu_stress,inventory-service,2026-06-09 14:40:00,2026-06-09 14:55:00,during_fault,19.505062,1
2026-06-09 14:55:00,1200,EXP_FAULT_02,RUN_02,cpu_stress,1,frontend,frontend-f02-00,online-boutique,node-a,0.8268,84.7109,0,416.3197,0.001445,29.3228,18.128,55.8552,78.272,133.7953,389.9676,415.7182,0.4749,0.1265,531389.4975,334017.7353,cpu_stress,inventory-service,2026-06-09 14:40:00,2026-06-09 14:55:00,post_fault,15.641363,1
2026-06-09 14:55:05,1205,EXP_FAULT_02,RUN_02,cpu_stress,1,frontend,frontend-f02-00,online-boutique,node-a,0.8412,85.3599,0,424.3663,0.001901,30.8715,18.0247,57.597,88.0059,128.8176,397.6543,423.5596,0.698,0.1086,431145.25,335365.8492,cpu_stress,inventory-service,2026-06-09 14:40:00,2026-06-09 14:55:00,post_fault,19.761398,1
2026-06-09 14:55:10,1210,EXP_FAULT_02,RUN_02,cpu_stress,1,frontend,frontend-f02-00,online-boutique,node-a,0.8722,82.7743,0,412.1069,0.001872,28.8545,16.4248,54.4194,80.2218,121.1661,386.514,411.3354,0.6382,0.1333,379321.0616,370432.353,cpu_stress,inventory-service,2026-06-09 14:40:00,2026-06-09 14:55:00,post_fault,17.819614,1
2026-06-09 14:55:15,1215,EXP_FAULT_02,RUN_02,cpu_stress,1,frontend,frontend-f02-00,online-boutique,node-a,0.9345,83.8156,0,405.7472,0.000864,29.9555,18.629,56.2388,80.0643,145.0587,381.2445,405.3968,0.2516,0.0988,366152.9499,330696.7898,cpu_stress,inventory-service,2026-06-09 14:40:00,2026-06-09 14:55:00,post_fault,24.205465,1
2026-06-09 14:55:20,1220,EXP_FAULT_02,RUN_02,cpu_stress,1,frontend,frontend-f02-00,online-boutique,node-a,0.8525,83.7564,0,410.277,0.001459,29.4606,17.8471,57.892,81.7137,126.3031,385.6301,409.6786,0.455,0.1434,446045.653,298822.5503,cpu_stress,inventory-service,2026-06-09 14:40:00,2026-06-09 14:55:00,post_fault,17.950575,1
2026-06-09 14:55:25,1225,EXP_FAULT_02,RUN_02,cpu_stress,1,frontend,frontend-f02-00,online-boutique,node-a,0.8237,83.1862,0,406.4098,0.001829,29.4384,17.4105,57.5109,82.2847,132.6346,382.3399,405.6666,0.7263,0.0169,513826.9348,423140.5167,cpu_stress,inventory-service,2026-06-09 14:40:00,2026-06-09 14:55:00,post_fault,17.910755,1
2026-06-09 14:55:30,1230,EXP_FAULT_02,RUN_02,cpu_stress,1,frontend,frontend-f02-00,online-boutique,node-a,0.9125,83.2884,0,407.8777,0.000935,27.023,15.7395,47.6731,70.2351,124.5279,384.2098,407.4962,0.2885,0.093,493775.8697,415942.9611,cpu_stress,inventory-service,2026-06-09 14:40:00,2026-06-09 14:55:00,post_fault,15.438634,1
2026-06-09 14:55:35,1235,EXP_FAULT_02,RUN_02,cpu_stress,1,frontend,frontend-f02-00,online-boutique,node-a,0.8453,85.3089,0,395.5233,0.001468,27.8269,17.8563,54.1569,67.8267,122.5872,372.6953,394.9427,0.512,0.0686,405767.8368,403532.7858,cpu_stress,inventory-service,2026-06-09 14:40:00,2026-06-09 14:55:00,post_fault,14.328366,1
2026-06-09 14:55:40,1240,EXP_FAULT_02,RUN_02,cpu_stress,1,frontend,frontend-f02-00,online-boutique,node-a,0.8222,82.4125,0,381.3126,0.001217,29.8975,18.2207,57.1346,84.0865,119.49,359.6485,380.8484,0.3888,0.0754,337456.4382,265858.9764,cpu_stress,inventory-service,2026-06-09 14:40:00,2026-06-09 14:55:00,post_fault,20.573538,1
2026-06-09 14:55:45,1245,EXP_FAULT_02,RUN_02,cpu_stress,1,frontend,frontend-f02-00,online-boutique,node-a,0.8207,83.7089,0,394.9624,0.0013,26.172,15.5965,48.9607,65.2221,111.1316,372.8944,394.4488,0.4004,0.1132,457773.9508,262114.6686,cpu_stress,inventory-service,2026-06-09 14:40:00,2026-06-09 14:55:00,post_fault,10.319518,1
2026-06-09 14:55:50,1250,EXP_FAULT_02,RUN_02,cpu_stress,1,frontend,frontend-f02-00,online-boutique,node-a,0.8829,85.3899,0,397.2039,0.000659,25.6666,15.9525,43.2244,67.173,107.4012,375.403,396.9421,0.2067,0.0551,376620.4241,363295.0979,cpu_stress,inventory-service,2026-06-09 14:40:00,2026-06-09 14:55:00,post_fault,11.394964,1
2026-06-09 14:55:55,1255,EXP_FAULT_02,RUN_02,cpu_stress,1,frontend,frontend-f02-00,online-boutique,node-a,0.7878,82.1562,0,391.8814,0.002127,25.9696,16.2995,50.8046,65.0462,116.2458,370.3071,391.0477,0.7488,0.0849,449750.7134,335726.9088,cpu_stress,inventory-service,2026-06-09 14:40:00,2026-06-09 14:55:00,post_fault,11.352328,1
2026-06-09 14:56:00,1260,EXP_FAULT_02,RUN_02,cpu_stress,1,frontend,frontend-f02-00,online-boutique,node-a,0.8447,85.612,0,393.927,0.001534,26.8346,17.4626,47.3557,64.4928,114.3557,372.7213,393.3225,0.599,0.0055,371830.1635,319032.6993,cpu_stress,inventory-service,2026-06-09 14:40:00,2026-06-09 14:55:00,post_fault,12.257962,1
2026-06-09 14:56:05,1265,EXP_FAULT_02,RUN_02,cpu_stress,1,frontend,frontend-f02-00,online-boutique,node-a,0.8463,85.396,0,393.8253,0.001612,27.9476,17.7313,49.9681,73.2323,112.5541,372.8758,393.1905,0.5095,0.1254,466255.8948,305805.5887,cpu_stress,inventory-service,2026-06-09 14:40:00,2026-06-09 14:55:00,post_fault,14.800659,1
2026-06-09 14:56:10,1270,EXP_FAULT_02,RUN_02,cpu_stress,1,frontend,frontend-f02-00,online-boutique,node-a,0.8479,83.2017,0,383.8849,0.001789,26.8926,17.3593,51.8092,72.4378,122.6808,363.635,383.1983,0.644,0.0426,437461.4665,393457.6088,cpu_stress,inventory-service,2026-06-09 14:40:00,2026-06-09 14:55:00,post_fault,14.080951,1
2026-06-09 14:56:15,1275,EXP_FAULT_02,RUN_02,cpu_stress,1,frontend,frontend-f02-00,online-boutique,node-a,0.8462,84.0759,0,388.0639,0.001399,26.2245,15.801,46.7782,69.8348,108.8766,368.0257,387.521,0.5069,0.036,489737.0773,260309.7361,cpu_stress,inventory-service,2026-06-09 14:40:00,2026-06-09 14:55:00,post_fault,11.748685,1
2026-06-09 14:56:20,1280,EXP_FAULT_02,RUN_02,cpu_stress,1,frontend,frontend-f02-00,online-boutique,node-a,0.8556,84.1675,0,395.2425,0.000989,25.9553,16.1161,45.6899,62.8027,117.7486,375.1747,394.8516,0.2876,0.1032,454268.3158,367982.957,cpu_stress,inventory-service,2026-06-09 14:40:00,2026-06-09 14:55:00,post_fault,11.105675,1
2026-06-09 14:56:25,1285,EXP_FAULT_02,RUN_02,cpu_stress,1,frontend,frontend-f02-00,online-boutique,node-a,0.8086,84.2894,0,401.9726,0.001708,28.8613,19.1656,53.9235,74.1953,130.7262,381.7951,401.2859,0.6419,0.0447,451735.6155,316412.3342,cpu_stress,inventory-service,2026-06-09 14:40:00,2026-06-09 14:55:00,post_fault,15.677488,1
2026-06-09 14:56:30,1290,EXP_FAULT_02,RUN_02,cpu_stress,1,frontend,frontend-f02-00,online-boutique,node-a,0.8049,83.1591,0,398.8264,0.001426,24.8516,15.6728,47.3457,61.1496,98.5452,379.0853,398.2579,0.441,0.1275,344323.267,368795.7634,cpu_stress,inventory-service,2026-06-09 14:40:00,2026-06-09 14:55:00,post_fault,7.625547,1
2026-06-09 14:56:35,1295,EXP_FAULT_02,RUN_02,cpu_stress,1,frontend,frontend-f02-00,online-boutique,node-a,0.8374,83.8323,0,407.848,0.001036,24.0828,13.9311,44.2581,60.4423,100.3265,388.0102,407.4255,0.3156,0.107,476709.2633,408878.2766,cpu_stress,inventory-service,2026-06-09 14:40:00,2026-06-09 14:55:00,post_fault,6.6317453,1
2026-06-09 14:56:40,1300,EXP_FAULT_02,RUN_02,cpu_stress,1,frontend,frontend-f02-00,online-boutique,node-a,0.8379,83.6607,0,414.9482,0.001086,24.9376,16.4263,45.096,61.7773,94.4603,395.0325,414.4974,0.3686,0.0823,447374.3927,285721.6514,cpu_stress,inventory-service,2026-06-09 14:40:00,2026-06-09 14:55:00,post_fault,7.618425,1
2026-06-09 14:56:45,1305,EXP_FAULT_02,RUN_02,cpu_stress,1,frontend,frontend-f02-00,online-boutique,node-a,0.8227,83.4892,0,407.9413,0.000585,26.4675,17.1884,47.0653,63.7687,100.7819,388.7148,407.7027,0.2326,0.006,432767.8542,276284.6112,cpu_stress,inventory-service,2026-06-09 14:40:00,2026-06-09 14:55:00,post_fault,10.205026,1
2026-06-09 14:56:50,1310,EXP_FAULT_02,RUN_02,cpu_stress,1,frontend,frontend-f02-00,online-boutique,node-a,0.8744,83.163,0,419.7241,0.001005,24.455,14.619,44.868,66.1772,106.89,400.1209,419.3023,0.358,0.0638,480423.2638,372466.58,cpu_stress,inventory-service,2026-06-09 14:40:00,2026-06-09 14:55:00,post_fault,8.060547,1
2026-06-09 14:56:55,1315,EXP_FAULT_02,RUN_02,cpu_stress,1,frontend,frontend-f02-00,online-boutique,node-a,0.8016,84.9293,0,417.9456,0.0009,25.098,16.9122,47.7075,59.4061,111.1715,398.6304,417.5694,0.2617,0.1145,423453.1934,280868.6798,cpu_stress,inventory-service,2026-06-09 14:40:00,2026-06-09 14:55:00,post_fault,6.3791504,1
2026-06-09 14:57:00,1320,EXP_FAULT_02,RUN_02,cpu_stress,1,frontend,frontend-f02-00,online-boutique,node-a,0.7957,83.2422,0,421.7957,0.000436,23.2708,14.7325,40.0739,54.699,90.0179,402.7185,421.6117,0.1752,0.0089,383048.3345,415713.8913,cpu_stress,inventory-service,2026-06-09 14:40:00,2026-06-09 14:55:00,post_fault,4.1348653,1
2026-06-09 14:57:05,1325,EXP_FAULT_02,RUN_02,cpu_stress,1,frontend,frontend-f02-00,online-boutique,node-a,0.8081,86.2894,0,422.3299,0.001492,24.8588,16.9943,46.1869,64.6516,109.4743,403.2421,421.6998,0.5516,0.0786,512218.7564,325594.5356,cpu_stress,inventory-service,2026-06-09 14:40:00,2026-06-09 14:55:00,post_fault,5.5922284,1
2026-06-09 14:57:10,1330,EXP_FAULT_02,RUN_02,cpu_stress,1,frontend,frontend-f02-00,online-boutique,node-a,0.8205,85.2418,0,430.5244,0.00161,25.7576,15.2101,43.7448,60.465,105.5656,411.2398,429.8314,0.5485,0.1445,531975.351,331391.6383,cpu_stress,inventory-service,2026-06-09 14:40:00,2026-06-09 14:55:00,post_fault,7.3640566,1
2026-06-09 14:57:15,1335,EXP_FAULT_02,RUN_02,cpu_stress,1,frontend,frontend-f02-00,online-boutique,node-a,0.8354,83.1268,0,416.0575,0.001633,24.1242,15.8251,40.193,59.6714,101.8696,397.6203,415.378,0.5931,0.0864,454508.5349,344000.2391,cpu_stress,inventory-service,2026-06-09 14:40:00,2026-06-09 14:55:00,post_fault,6.4383917,1
2026-06-09 14:57:20,1340,EXP_FAULT_02,RUN_02,cpu_stress,1,frontend,frontend-f02-00,online-boutique,node-a,0.8386,83.2622,0,420.4243,0.00088,26.4774,15.7531,44.2876,70.1387,97.5704,402.3536,420.0542,0.3023,0.0679,423675.7805,352112.8142,cpu_stress,inventory-service,2026-06-09 14:40:00,2026-06-09 14:55:00,post_fault,10.061399,1
2026-06-09 14:57:25,1345,EXP_FAULT_02,RUN_02,cpu_stress,1,frontend,frontend-f02-00,online-boutique,node-a,0.8365,84.5375,0,424.5775,0.001199,25.0683,16.0301,41.4439,57.135,97.1235,406.4546,424.0684,0.4856,0.0235,453150.3902,342152.5747,cpu_stress,inventory-service,2026-06-09 14:40:00,2026-06-09 14:55:00,post_fault,7.14991,1
2026-06-09 14:57:30,1350,EXP_FAULT_02,RUN_02,cpu_stress,1,frontend,frontend-f02-00,online-boutique,node-a,0.8019,83.2459,0,420.6395,0.000972,25.066,16.1905,41.5589,59.8725,103.5374,403.0109,420.2306,0.3192,0.0897,350677.3955,296514.249,cpu_stress,inventory-service,2026-06-09 14:40:00,2026-06-09 14:55:00,post_fault,6.5068197,1
2026-06-09 14:57:35,1355,EXP_FAULT_02,RUN_02,cpu_stress,1,frontend,frontend-f02-00,online-boutique,node-a,0.8271,83.7625,0,433.5917,0.001756,23.9422,14.9584,41.5218,54.2882,97.8852,415.3408,432.8304,0.6575,0.1038,383553.7472,414715.2081,cpu_stress,inventory-service,2026-06-09 14:40:00,2026-06-09 14:55:00,post_fault,5.1274667,1
2026-06-09 14:57:40,1360,EXP_FAULT_02,RUN_02,cpu_stress,1,frontend,frontend-f02-00,online-boutique,node-a,0.8642,82.7258,0,442.1292,0.00117,24.196,15.2534,41.2677,61.9508,102.4404,424.0111,441.6119,0.4281,0.0892,447082.5814,293355.7041,cpu_stress,inventory-service,2026-06-09 14:40:00,2026-06-09 14:55:00,post_fault,6.26348,1
2026-06-09 14:57:45,1365,EXP_FAULT_02,RUN_02,cpu_stress,1,frontend,frontend-f02-00,online-boutique,node-a,0.8456,84.5453,0,428.4673,0.001131,24.2636,15.1523,42.5513,56.5187,96.0437,411.2135,427.9827,0.4156,0.069,432660.6731,424242.8656,cpu_stress,inventory-service,2026-06-09 14:40:00,2026-06-09 14:55:00,post_fault,6.0974245,1
2026-06-09 14:57:50,1370,EXP_FAULT_02,RUN_02,cpu_stress,1,frontend,frontend-f02-00,online-boutique,node-a,0.8408,84.0018,0,418.8164,0.001949,23.3589,14.2649,41.2553,58.4727,96.037,401.9064,417.9999,0.7111,0.1054,448689.3416,383334.7977,cpu_stress,inventory-service,2026-06-09 14:40:00,2026-06-09 14:55:00,post_fault,5.406884,1
2026-06-09 14:57:55,1375,EXP_FAULT_02,RUN_02,cpu_stress,1,frontend,frontend-f02-00,online-boutique,node-a,0.8327,85.8231,0,434.2703,0.001871,26.3364,16.7616,42.9185,67.8644,97.1623,417.0593,433.458,0.6624,0.15,460417.1873,396661.0116,cpu_stress,inventory-service,2026-06-09 14:40:00,2026-06-09 14:55:00,post_fault,8.554906,1
2026-06-09 14:58:00,1380,EXP_FAULT_02,RUN_02,cpu_stress,1,frontend,frontend-f02-00,online-boutique,node-a,0.7796,85.2096,0,426.761,0.000866,23.1166,14.608,37.9614,59.1469,91.8743,410.2985,426.3915,0.2965,0.073,365555.1033,296764.2561,cpu_stress,inventory-service,2026-06-09 14:40:00,2026-06-09 14:55:00,post_fault,2.927256,1
2026-06-09 14:58:05,1385,EXP_FAULT_02,RUN_02,cpu_stress,1,frontend,frontend-f02-00,online-boutique,node-a,0.8503,83.8222,0,405.6114,0.001545,21.8346,13.7886,36.44,53.5136,82.4911,389.8865,404.9846,0.5937,0.033,455041.6334,279635.0177,cpu_stress,inventory-service,2026-06-09 14:40:00,2026-06-09 14:55:00,post_fault,4.248066,1
2026-06-09 14:58:10,1390,EXP_FAULT_02,RUN_02,cpu_stress,1,frontend,frontend-f02-00,online-boutique,node-a,0.8348,84.788,0,410.3394,0.001158,24.948,16.4875,44.9641,56.6168,86.7175,394.8641,409.8644,0.3689,0.1061,442701.5729,290123.4453,cpu_stress,inventory-service,2026-06-09 14:40:00,2026-06-09 14:55:00,post_fault,7.575856,1
2026-06-09 14:58:15,1395,EXP_FAULT_02,RUN_02,cpu_stress,1,frontend,frontend-f02-00,online-boutique,node-a,0.7914,84.8001,0,416.5653,0.001654,23.4676,15.0511,39.6199,56.6549,81.3057,401.068,415.8763,0.5764,0.1126,530265.3862,380797.8254,cpu_stress,inventory-service,2026-06-09 14:40:00,2026-06-09 14:55:00,post_fault,4.2238183,1
2026-06-09 14:58:20,1400,EXP_FAULT_02,RUN_02,cpu_stress,1,frontend,frontend-f02-00,online-boutique,node-a,0.8024,84.6067,0,425.1249,0.001048,22.1931,15.6109,36.6323,54.441,91.1608,409.5454,424.6793,0.3059,0.1396,546369.1085,441756.2343,cpu_stress,inventory-service,2026-06-09 14:40:00,2026-06-09 14:55:00,post_fault,2.6804686,1
2026-06-09 14:58:25,1405,EXP_FAULT_02,RUN_02,cpu_stress,1,frontend,frontend-f02-00,online-boutique,node-a,0.8501,84.1956,0,416.1071,0.001262,22.2835,13.9773,41.2852,50.2336,80.3507,401.0593,415.5818,0.441,0.0843,525535.1563,412205.6578,cpu_stress,inventory-service,2026-06-09 14:40:00,2026-06-09 14:55:00,post_fault,4.3216085,1
2026-06-09 14:58:30,1410,EXP_FAULT_02,RUN_02,cpu_stress,1,frontend,frontend-f02-00,online-boutique,node-a,0.8575,84.0424,0,419.2085,0.001546,22.9513,14.4466,40.5779,50.3551,84.6893,404.07,418.5604,0.5018,0.1463,513181.7567,294988.9898,cpu_stress,inventory-service,2026-06-09 14:40:00,2026-06-09 14:55:00,post_fault,5.224716,1
2026-06-09 14:58:35,1415,EXP_FAULT_02,RUN_02,cpu_stress,1,frontend,frontend-f02-00,online-boutique,node-a,0.8496,85.2583,0,429.3352,0.001592,23.7979,14.6657,41.0004,57.0575,94.75,414.0351,428.6518,0.5713,0.1121,380442.9604,430893.4834,cpu_stress,inventory-service,2026-06-09 14:40:00,2026-06-09 14:55:00,post_fault,5.498294,1
2026-06-09 14:58:40,1420,EXP_FAULT_02,RUN_02,cpu_stress,1,frontend,frontend-f02-00,online-boutique,node-a,0.8292,85.203,0,428.3116,0.00151,22.8008,14.2297,37.1227,52.7383,92.2978,413.3416,427.665,0.5556,0.091,368153.6121,358007.7323,cpu_stress,inventory-service,2026-06-09 14:40:00,2026-06-09 14:55:00,post_fault,3.782207,1
2026-06-09 14:58:45,1425,EXP_FAULT_02,RUN_02,cpu_stress,1,frontend,frontend-f02-00,online-boutique,node-a,0.7843,84.2467,0,389.5804,0.000949,24.2364,15.1844,39.9047,53.5316,94.7961,376.2351,389.2108,0.3238,0.0458,428011.9259,365697.5489,cpu_stress,inventory-service,2026-06-09 14:40:00,2026-06-09 14:55:00,post_fault,6.2789483,1
2026-06-09 14:58:50,1430,EXP_FAULT_02,RUN_02,cpu_stress,1,frontend,frontend-f02-00,online-boutique,node-a,0.7955,83.8051,0,401.2998,0.000858,21.5704,13.4919,35.6198,48.8406,80.4772,387.7604,400.9555,0.218,0.1263,345533.3896,415790.4079,cpu_stress,inventory-service,2026-06-09 14:40:00,2026-06-09 14:55:00,post_fault,2.935629,1
2026-06-09 14:58:55,1435,EXP_FAULT_02,RUN_02,cpu_stress,1,frontend,frontend-f02-00,online-boutique,node-a,0.8104,84.332,0,413.3557,0.00099,23.5119,16.2118,39.2352,58.9473,81.981,399.573,412.9465,0.2977,0.1115,484236.9577,419872.6447,cpu_stress,inventory-service,2026-06-09 14:40:00,2026-06-09 14:55:00,post_fault,4.7980146,1
2026-06-09 14:59:00,1440,EXP_FAULT_02,RUN_02,cpu_stress,1,frontend,frontend-f02-00,online-boutique,node-a,0.8355,83.978,0,430.4608,0.00114,21.7803,15.5007,40.5356,51.2299,86.5521,416.242,429.9702,0.3882,0.1024,491116.0974,313452.836,cpu_stress,inventory-service,2026-06-09 14:40:00,2026-06-09 14:55:00,post_fault,2.9501595,1
2026-06-09 14:59:05,1445,EXP_FAULT_02,RUN_02,cpu_stress,1,frontend,frontend-f02-00,online-boutique,node-a,0.7669,84.5257,0,418.978,0.00176,22.7436,15.2951,41.1475,52.1678,89.4844,405.2101,418.2407,0.6857,0.0516,375248.165,296802.3611,cpu_stress,inventory-service,2026-06-09 14:40:00,2026-06-09 14:55:00,post_fault,3.139461,1
2026-06-09 14:59:10,1450,EXP_FAULT_02,RUN_02,cpu_stress,1,frontend,frontend-f02-00,online-boutique,node-a,0.7622,83.8674,0,424.8646,0.000884,24.2703,16.4456,43.8897,59.387,88.011,411.2475,424.489,0.3004,0.0751,355280.3096,308587.6283,cpu_stress,inventory-service,2026-06-09 14:40:00,2026-06-09 14:55:00,post_fault,4.4247065,1
2026-06-09 14:59:15,1455,EXP_FAULT_02,RUN_02,cpu_stress,1,frontend,frontend-f02-00,online-boutique,node-a,0.8151,84.8525,0,423.686,0.001152,23.9951,16.5909,40.965,57.9781,83.984,410.1896,423.198,0.4643,0.0237,420159.536,405103.7047,cpu_stress,inventory-service,2026-06-09 14:40:00,2026-06-09 14:55:00,post_fault,4.967504,1
2026-06-09 14:59:20,1460,EXP_FAULT_02,RUN_02,cpu_stress,1,frontend,frontend-f02-00,online-boutique,node-a,0.8381,82.7616,0,439.9935,0.001963,23.712,15.0686,43.6468,50.9344,85.5316,426.057,439.1298,0.7349,0.1289,500190.3409,413411.1373,cpu_stress,inventory-service,2026-06-09 14:40:00,2026-06-09 14:55:00,post_fault,5.1458373,1
2026-06-09 14:59:25,1465,EXP_FAULT_02,RUN_02,cpu_stress,1,frontend,frontend-f02-00,online-boutique,node-a,0.8182,83.1608,0,421.5622,0.001205,20.913,14.8581,38.1969,51.5735,70.4946,408.5672,421.0541,0.3783,0.1298,356615.9825,425531.8343,cpu_stress,inventory-service,2026-06-09 14:40:00,2026-06-09 14:55:00,post_fault,2.1641622,1
2026-06-09 14:59:30,1470,EXP_FAULT_02,RUN_02,cpu_stress,1,frontend,frontend-f02-00,online-boutique,node-a,0.7958,84.0563,0,415.5325,0.001542,22.6376,14.3344,37.2376,54.5523,82.0582,402.7491,414.8917,0.6334,0.0074,431784.1436,334239.3202,cpu_stress,inventory-service,2026-06-09 14:40:00,2026-06-09 14:55:00,post_fault,3.5189834,1
2026-06-09 14:59:35,1475,EXP_FAULT_02,RUN_02,cpu_stress,1,frontend,frontend-f02-00,online-boutique,node-a,0.8089,84.3428,0,448.5464,0.00179,21.7143,13.5954,37.224,46.0824,75.2632,435.0405,447.7436,0.7036,0.0993,474986.7047,430543.023,cpu_stress,inventory-service,2026-06-09 14:40:00,2026-06-09 14:55:00,post_fault,1.8583511,1
2026-06-09 14:59:40,1480,EXP_FAULT_02,RUN_02,cpu_stress,1,frontend,frontend-f02-00,online-boutique,node-a,0.8534,83.3402,0,458.2841,0.001099,21.9367,13.9087,34.7832,48.2966,83.8037,444.7797,457.7806,0.4857,0.0178,409180.4226,466392.6741,cpu_stress,inventory-service,2026-06-09 14:40:00,2026-06-09 14:55:00,post_fault,2.6779742,1
2026-06-09 14:59:45,1485,EXP_FAULT_02,RUN_02,cpu_stress,1,frontend,frontend-f02-00,online-boutique,node-a,0.8024,84.2727,0,453.6928,0.001385,22.2275,15.2894,37.8262,53.5112,71.8083,440.3204,453.0646,0.5424,0.0858,437325.3926,314013.4764,cpu_stress,inventory-service,2026-06-09 14:40:00,2026-06-09 14:55:00,post_fault,1.9165633,1
2026-06-09 14:59:50,1490,EXP_FAULT_02,RUN_02,cpu_stress,1,frontend,frontend-f02-00,online-boutique,node-a,0.8545,83.9171,0,450.3878,0.001774,22.6173,15.9732,37.3039,49.053,86.3485,437.4095,449.5886,0.7231,0.076,457254.2513,420654.6087,cpu_stress,inventory-service,2026-06-09 14:40:00,2026-06-09 14:55:00,post_fault,3.5755508,1
2026-06-09 14:59:55,1495,EXP_FAULT_02,RUN_02,cpu_stress,1,frontend,frontend-f02-00,online-boutique,node-a,0.8716,86.2026,0,463.7999,0.000806,23.6252,16.9329,42.8191,58.1588,76.9688,450.7331,463.4261,0.2291,0.1446,490685.092,441083.4955,cpu_stress,inventory-service,2026-06-09 14:40:00,2026-06-09 14:55:00,post_fault,4.4315524,1
2026-06-09 15:00:00,1500,EXP_FAULT_02,RUN_02,cpu_stress,1,frontend,frontend-f02-00,online-boutique,node-a,0.8727,84.2695,0,450.6199,0.000958,25.3118,17.131,43.0865,60.3697,91.53,438.0362,450.1882,0.2915,0.1402,551511.8053,318801.905,cpu_stress,inventory-service,2026-06-09 14:40:00,2026-06-09 14:55:00,post_fault,7.569876,1
2026-06-09 15:00:05,1505,EXP_FAULT_02,RUN_02,cpu_stress,1,frontend,frontend-f02-00,online-boutique,node-a,0.8482,85.3563,0,456.8363,0.00067,22.9446,15.1457,37.8125,50.2459,86.8804,444.3498,456.5303,0.2414,0.0647,460595.6041,366650.0497,cpu_stress,inventory-service,2026-06-09 14:40:00,2026-06-09 14:55:00,post_fault,3.4301422,1
2026-06-09 15:00:10,1510,EXP_FAULT_02,RUN_02,cpu_stress,1,frontend,frontend-f02-00,online-boutique,node-a,0.8012,85.4686,0,466.6202,0.000888,22.3336,15.1974,40.815,51.3082,75.8041,453.9393,466.2056,0.3027,0.1119,458241.343,455631.6824,cpu_stress,inventory-service,2026-06-09 14:40:00,2026-06-09 14:55:00,post_fault,1.5403318,1
2026-06-09 15:00:15,1515,EXP_FAULT_02,RUN_02,cpu_stress,1,frontend,frontend-f02-00,online-boutique,node-a,0.8296,85.282,0,467.433,0.001875,22.3071,16.016,38.8374,46.6904,77.912,454.5374,466.5567,0.7234,0.1529,437272.1818,348997.067,cpu_stress,inventory-service,2026-06-09 14:40:00,2026-06-09 14:55:00,post_fault,2.1050067,1
2026-06-09 15:00:20,1520,EXP_FAULT_02,RUN_02,cpu_stress,1,frontend,frontend-f02-00,online-boutique,node-a,0.7899,83.6778,0,458.7059,0.000922,24.0681,15.2754,41.4441,56.7551,89.4947,446.6163,458.2829,0.4021,0.0209,560997.1786,465431.2823,cpu_stress,inventory-service,2026-06-09 14:40:00,2026-06-09 14:55:00,post_fault,3.2910333,1
2026-06-09 15:00:25,1525,EXP_FAULT_02,RUN_02,cpu_stress,1,frontend,frontend-f02-00,online-boutique,node-a,0.8109,84.9623,0,465.5203,0.001133,23.0043,16.6409,37.1884,55.5179,84.5856,453.2316,464.9927,0.4511,0.0765,504130.3336,421968.9929,cpu_stress,inventory-service,2026-06-09 14:40:00,2026-06-09 14:55:00,post_fault,2.3340123,1
2026-06-09 15:00:30,1530,EXP_FAULT_02,RUN_02,cpu_stress,1,frontend,frontend-f02-00,online-boutique,node-a,0.8232,84.192,0,476.9094,0.001802,24.0416,16.6758,38.2456,57.1563,85.3675,464.3721,476.05,0.8212,0.0383,468370.4893,414798.2564,cpu_stress,inventory-service,2026-06-09 14:40:00,2026-06-09 14:55:00,post_fault,3.442464,1
2026-06-09 15:00:35,1535,EXP_FAULT_02,RUN_02,cpu_stress,1,frontend,frontend-f02-00,online-boutique,node-a,0.8281,83.7556,0,476.4423,0.001498,24.6164,16.7805,44.9535,56.8227,86.7519,464.1482,475.7287,0.591,0.1227,503336.7315,437477.7764,cpu_stress,inventory-service,2026-06-09 14:40:00,2026-06-09 14:55:00,post_fault,4.210968,1
2026-06-09 15:00:40,1540,EXP_FAULT_02,RUN_02,cpu_stress,1,frontend,frontend-f02-00,online-boutique,node-a,0.7695,83.6671,0,459.4408,0.001652,22.4544,15.3493,38.2232,47.9202,71.8714,447.6376,458.6819,0.756,0.0028,468439.2711,415708.3975,cpu_stress,inventory-service,2026-06-09 14:40:00,2026-06-09 14:55:00,post_fault,1.8297125,1
2026-06-09 15:00:45,1545,EXP_FAULT_02,RUN_02,cpu_stress,1,frontend,frontend-f02-00,online-boutique,node-a,0.8296,84.8381,0,469.7848,0.000448,23.4152,14.9273,37.3059,53.886,86.8251,458.2872,469.5744,0.1609,0.0495,552497.7295,331274.5175,cpu_stress,inventory-service,2026-06-09 14:40:00,2026-06-09 14:55:00,post_fault,3.0696254,1
2026-06-09 15:00:50,1550,EXP_FAULT_02,RUN_02,cpu_stress,1,frontend,frontend-f02-00,online-boutique,node-a,0.8214,84.105,0,479.8225,0.001619,21.1574,14.6824,33.7931,49.7268,74.9111,467.9171,479.0455,0.7252,0.0517,412653.8803,315463.2884,cpu_stress,inventory-service,2026-06-09 14:40:00,2026-06-09 14:55:00,post_fault,0.95202255,1
2026-06-09 15:00:55,1555,EXP_FAULT_02,RUN_02,cpu_stress,1,frontend,frontend-f02-00,online-boutique,node-a,0.8527,84.5921,0,475.4909,0.001276,22.2939,14.8617,37.4388,45.8994,72.4069,463.8341,474.884,0.5938,0.0131,576950.1411,402685.6244,cpu_stress,inventory-service,2026-06-09 14:40:00,2026-06-09 14:55:00,post_fault,2.3428268,1
2026-06-09 15:01:00,1560,EXP_FAULT_02,RUN_02,cpu_stress,1,frontend,frontend-f02-00,online-boutique,node-a,0.8075,84.2573,0,469.1787,0.001133,21.6136,15.9021,36.0028,50.1668,72.6639,458.0677,468.6472,0.4293,0.1022,595304.5926,336128.7968,cpu_stress,inventory-service,2026-06-09 14:40:00,2026-06-09 14:55:00,post_fault,1.2318203,1
2026-06-09 15:01:05,1565,EXP_FAULT_02,RUN_02,cpu_stress,1,frontend,frontend-f02-00,online-boutique,node-a,0.8441,84.5503,0,478.7123,0.00147,21.63,14.1359,38.1151,51.3605,74.612,467.3734,478.0085,0.6765,0.0274,570935.0047,387092.6271,cpu_stress,inventory-service,2026-06-09 14:40:00,2026-06-09 14:55:00,post_fault,1.579237,1
2026-06-09 15:01:10,1570,EXP_FAULT_02,RUN_02,cpu_stress,1,frontend,frontend-f02-00,online-boutique,node-a,0.8143,85.3801,0,453.7086,0.00138,23.0023,15.1476,38.5844,54.268,79.0358,443.1347,453.0825,0.4821,0.144,564620.5824,450554.3449,cpu_stress,inventory-service,2026-06-09 14:40:00,2026-06-09 14:55:00,post_fault,2.729185,1
2026-06-09 15:01:15,1575,EXP_FAULT_02,RUN_02,cpu_stress,1,frontend,frontend-f02-00,online-boutique,node-a,0.7905,83.3805,0,466.4176,0.001382,23.4235,16.4309,38.5508,52.6704,72.976,455.6307,465.7731,0.6398,0.0047,477072.4396,319449.7906,cpu_stress,inventory-service,2026-06-09 14:40:00,2026-06-09 14:55:00,post_fault,2.521969,1
2026-06-09 15:01:20,1580,EXP_FAULT_02,RUN_02,cpu_stress,1,frontend,frontend-f02-00,online-boutique,node-a,0.8377,82.34,0,460.5014,0.000612,22.1762,15.385,35.4731,45.2541,71.6203,450.231,460.2198,0.1928,0.0889,548280.1743,354597.3779,cpu_stress,inventory-service,2026-06-09 14:40:00,2026-06-09 14:55:00,post_fault,2.608993,1
2026-06-09 15:01:25,1585,EXP_FAULT_02,RUN_02,cpu_stress,1,frontend,frontend-f02-00,online-boutique,node-a,0.7517,82.9237,0,455.1559,0.00081,19.5499,14.0648,34.4963,45.9863,59.0167,445.0588,454.787,0.3057,0.0631,510841.4437,464563.3591,cpu_stress,inventory-service,2026-06-09 14:40:00,2026-06-09 14:55:00,post_fault,0.17908515,0
2026-06-09 15:01:30,1590,EXP_FAULT_02,RUN_02,cpu_stress,1,frontend,frontend-f02-00,online-boutique,node-a,0.8161,83.7578,0,466.0118,0.000712,21.6751,15.8008,34.365,46.8609,66.3492,455.8847,465.68,0.256,0.0757,574939.1847,457964.08,cpu_stress,inventory-service,2026-06-09 14:40:00,2026-06-09 14:55:00,post_fault,1.5535809,1
2026-06-09 15:01:35,1595,EXP_FAULT_02,RUN_02,cpu_stress,1,frontend,frontend-f02-00,online-boutique,node-a,0.8406,85.9296,0,467.6584,0.000723,20.2589,13.7353,31.536,45.627,61.1326,457.6364,467.3202,0.2838,0.0544,529537.657,314631.304,cpu_stress,inventory-service,2026-06-09 14:40:00,2026-06-09 14:55:00,post_fault,1.078634,1
2026-06-09 15:01:40,1600,EXP_FAULT_02,RUN_02,cpu_stress,1,frontend,frontend-f02-00,online-boutique,node-a,0.817,84.8718,0,455.8879,0.001653,22.685,14.7114,40.8814,50.8043,71.813,446.0121,455.1345,0.6918,0.0616,544315.783,432701.4064,cpu_stress,inventory-service,2026-06-09 14:40:00,2026-06-09 14:55:00,post_fault,2.4973037,1
2026-06-09 15:01:45,1605,EXP_FAULT_02,RUN_02,cpu_stress,1,frontend,frontend-f02-00,online-boutique,node-a,0.8463,85.8232,0,449.9846,0.000758,20.4352,13.6415,35.6839,42.6987,66.2368,440.5895,449.6435,0.1995,0.1416,421118.4997,356861.6909,cpu_stress,inventory-service,2026-06-09 14:40:00,2026-06-09 14:55:00,post_fault,1.640638,1
2026-06-09 15:01:50,1610,EXP_FAULT_02,RUN_02,cpu_stress,1,frontend,frontend-f02-00,online-boutique,node-a,0.7863,85.2305,0,442.2563,0.000631,20.0649,13.1585,34.8119,42.3221,66.7517,433.1748,441.9772,0.2197,0.0594,370993.09,304825.7956,cpu_stress,inventory-service,2026-06-09 14:40:00,2026-06-09 14:55:00,post_fault,0.6656628,1
2026-06-09 15:01:55,1615,EXP_FAULT_02,RUN_02,cpu_stress,1,frontend,frontend-f02-00,online-boutique,node-a,0.8297,83.1603,0,464.2311,0.001302,20.6141,14.785,35.8529,42.6797,67.1208,454.5234,463.6268,0.5066,0.0977,514353.6569,443889.0566,cpu_stress,inventory-service,2026-06-09 14:40:00,2026-06-09 14:55:00,post_fault,1.1229235,1
2026-06-09 15:02:00,1620,EXP_FAULT_02,RUN_02,cpu_stress,1,frontend,frontend-f02-00,online-boutique,node-a,0.8307,83.9426,0,450.1982,0.001779,21.1772,14.3195,34.2397,45.7276,74.6822,440.939,449.3972,0.6645,0.1365,401681.7362,369838.5072,cpu_stress,inventory-service,2026-06-09 14:40:00,2026-06-09 14:55:00,post_fault,1.7686348,1
2026-06-09 15:02:05,1625,EXP_FAULT_02,RUN_02,cpu_stress,1,frontend,frontend-f02-00,online-boutique,node-a,0.7993,84.0086,0,445.4339,0.001056,21.8974,15.3938,39.4018,45.2569,75.9705,436.502,444.9636,0.3709,0.0994,431639.1589,434470.8235,cpu_stress,inventory-service,2026-06-09 14:40:00,2026-06-09 14:55:00,post_fault,1.8659525,1
2026-06-09 15:02:10,1630,EXP_FAULT_02,RUN_02,cpu_stress,1,frontend,frontend-f02-00,online-boutique,node-a,0.835,84.5949,0,439.7464,0.000988,19.6321,14.3462,30.3029,41.2564,57.4239,431.1129,439.3118,0.379,0.0555,448591.9415,356002.2575,cpu_stress,inventory-service,2026-06-09 14:40:00,2026-06-09 14:55:00,post_fault,1.1809351,1
2026-06-09 15:02:15,1635,EXP_FAULT_02,RUN_02,cpu_stress,1,frontend,frontend-f02-00,online-boutique,node-a,0.8065,83.8042,0,454.2584,0.001595,20.9756,13.8062,36.4893,45.9208,72.2064,445.2049,453.5337,0.6945,0.0303,407769.8248,333760.9213,cpu_stress,inventory-service,2026-06-09 14:40:00,2026-06-09 14:55:00,post_fault,1.165311,1
2026-06-09 15:02:20,1640,EXP_FAULT_02,RUN_02,cpu_stress,1,frontend,frontend-f02-00,online-boutique,node-a,0.8518,84.4366,0,457.6188,0.001759,21.0691,15.9093,36.0729,46.9245,63.436,448.677,456.814,0.6659,0.1389,500234.9272,352386.5407,cpu_stress,inventory-service,2026-06-09 14:40:00,2026-06-09 14:55:00,post_fault,1.8534396,1
2026-06-09 15:02:25,1645,EXP_FAULT_02,RUN_02,cpu_stress,1,frontend,frontend-f02-00,online-boutique,node-a,0.7872,83.8846,0,469.8142,0.001629,20.989,14.5949,37.374,47.4619,72.7549,460.9008,469.0489,0.6279,0.1374,493102.6493,444877.208,cpu_stress,inventory-service,2026-06-09 14:40:00,2026-06-09 14:55:00,post_fault,0.6974657,1
2026-06-09 15:02:30,1650,EXP_FAULT_02,RUN_02,cpu_stress,1,frontend,frontend-f02-00,online-boutique,node-a,0.8065,83.4625,0,459.4123,0.00052,20.8824,15.5028,35.7546,42.4105,62.4203,450.9145,459.1735,0.143,0.0957,381121.0906,431262.6142,cpu_stress,inventory-service,2026-06-09 14:40:00,2026-06-09 14:55:00,post_fault,1.1236746,1
2026-06-09 15:02:35,1655,EXP_FAULT_02,RUN_02,cpu_stress,1,frontend,frontend-f02-00,online-boutique,node-a,0.8336,83.1269,0,472.128,0.001818,20.0886,14.411,31.2542,41.1962,68.6091,463.1112,471.2698,0.7791,0.0791,433366.5338,424016.2927,cpu_stress,inventory-service,2026-06-09 14:40:00,2026-06-09 14:55:00,post_fault,0.76293075,1
2026-06-09 15:02:40,1660,EXP_FAULT_02,RUN_02,cpu_stress,1,frontend,frontend-f02-00,online-boutique,node-a,0.7916,83.0912,0,464.2774,0.001061,19.8854,13.5832,32.3854,39.9468,64.0926,455.8795,463.7845,0.4832,0.0096,462797.5212,477844.9562,cpu_stress,inventory-service,2026-06-09 14:40:00,2026-06-09 14:55:00,post_fault,0.41539758,0
2026-06-09 15:02:45,1665,EXP_FAULT_02,RUN_02,cpu_stress,1,frontend,frontend-f02-00,online-boutique,node-a,0.7614,84.4251,0,476.6466,0.001002,21.3995,14.2976,35.706,45.9457,67.1985,468.1311,476.169,0.3739,0.1036,542961.6701,386173.5999,cpu_stress,inventory-service,2026-06-09 14:40:00,2026-06-09 14:55:00,post_fault,0.4534596,0
2026-06-09 15:02:50,1670,EXP_FAULT_02,RUN_02,cpu_stress,1,frontend,frontend-f02-00,online-boutique,node-a,0.8393,83.3533,0,474.5909,0.001424,21.7509,15.7697,33.8624,47.4935,66.3654,466.0716,473.9149,0.6078,0.0682,554144.2076,423347.3452,cpu_stress,inventory-service,2026-06-09 14:40:00,2026-06-09 14:55:00,post_fault,1.763224,1
2026-06-09 15:02:55,1675,EXP_FAULT_02,RUN_02,cpu_stress,1,frontend,frontend-f02-00,online-boutique,node-a,0.8282,84.5845,0,489.2868,0.001337,20.3983,13.8666,34.0336,41.8706,60.126,480.7134,488.6326,0.5409,0.1132,589994.8534,334214.3678,cpu_stress,inventory-service,2026-06-09 14:40:00,2026-06-09 14:55:00,post_fault,0.52740586,1
2026-06-09 15:03:00,1680,EXP_FAULT_02,RUN_02,cpu_stress,1,frontend,frontend-f02-00,online-boutique,node-a,0.827,84.1078,0,483.3155,0.001478,20.4918,14.5716,31.42,44.4593,59.1864,474.7694,482.6012,0.6884,0.026,519793.9736,437702.9008,cpu_stress,inventory-service,2026-06-09 14:40:00,2026-06-09 14:55:00,post_fault,0.646694,1
2026-06-09 15:03:05,1685,EXP_FAULT_02,RUN_02,cpu_stress,1,frontend,frontend-f02-00,online-boutique,node-a,0.8363,84.5606,0,499.8895,0.001871,21.5122,15.9398,35.8397,48.3029,63.4421,491.2937,498.9542,0.8221,0.1132,543423.2542,408311.8189,cpu_stress,inventory-service,2026-06-09 14:40:00,2026-06-09 14:55:00,post_fault,0.98202455,1
2026-06-09 15:03:10,1690,EXP_FAULT_02,RUN_02,cpu_stress,1,frontend,frontend-f02-00,online-boutique,node-a,0.7875,82.8452,0,479.9388,0.000816,21.7434,15.0655,34.514,49.4718,61.9179,471.976,479.5471,0.2954,0.0963,573077.7996,464237.2169,cpu_stress,inventory-service,2026-06-09 14:40:00,2026-06-09 14:55:00,post_fault,0.93385565,1
2026-06-09 15:03:15,1695,EXP_FAULT_02,RUN_02,cpu_stress,1,frontend,frontend-f02-00,online-boutique,node-a,0.8781,84.4543,0,504.163,0.000424,22.1691,16.7668,34.6615,44.117,63.3684,495.9993,503.9492,0.1635,0.0503,567860.9384,514795.8825,cpu_stress,inventory-service,2026-06-09 14:40:00,2026-06-09 14:55:00,post_fault,2.0542395,1
2026-06-09 15:03:20,1700,EXP_FAULT_02,RUN_02,cpu_stress,1,frontend,frontend-f02-00,online-boutique,node-a,0.8031,85.874,0,485.6419,0.00062,20.6101,14.8525,36.6812,45.0838,67.9522,477.7998,485.3409,0.1536,0.1474,422516.259,478135.2961,cpu_stress,inventory-service,2026-06-09 14:40:00,2026-06-09 14:55:00,post_fault,0.44754395,0
2026-06-09 15:03:25,1705,EXP_FAULT_02,RUN_02,cpu_stress,1,frontend,frontend-f02-00,online-boutique,node-a,0.7862,83.0072,0,487.4605,0.001124,21.4056,14.0947,32.8035,45.4576,64.3448,479.606,486.9126,0.4002,0.1476,515746.4292,417157.8444,cpu_stress,inventory-service,2026-06-09 14:40:00,2026-06-09 14:55:00,post_fault,0.59711,1
2026-06-09 15:03:30,1710,EXP_FAULT_02,RUN_02,cpu_stress,1,frontend,frontend-f02-00,online-boutique,node-a,0.8453,83.9379,0,492.5591,0.001281,22.7586,17.0015,37.9642,51.3869,66.8178,484.5569,491.9281,0.5999,0.0312,521613.3796,409656.7506,cpu_stress,inventory-service,2026-06-09 14:40:00,2026-06-09 14:55:00,post_fault,2.1526532,1
2026-06-09 15:03:35,1715,EXP_FAULT_02,RUN_02,cpu_stress,1,frontend,frontend-f02-00,online-boutique,node-a,0.7923,83.9336,0,486.6814,0.001705,21.4364,16.0081,33.6497,46.3396,61.4203,478.9321,485.8518,0.7876,0.042,460292.7899,495843.1725,cpu_stress,inventory-service,2026-06-09 14:40:00,2026-06-09 14:55:00,post_fault,0.69788575,1
2026-06-09 15:03:40,1720,EXP_FAULT_02,RUN_02,cpu_stress,1,frontend,frontend-f02-00,online-boutique,node-a,0.7875,85.236,0,484.0853,0.001005,21.8182,15.7163,38.2003,44.3258,62.3341,476.6548,483.5987,0.3503,0.1363,483471.4911,388597.925,cpu_stress,inventory-service,2026-06-09 14:40:00,2026-06-09 14:55:00,post_fault,0.733709,1
2026-06-09 15:03:45,1725,EXP_FAULT_02,RUN_02,cpu_stress,1,frontend,frontend-f02-00,online-boutique,node-a,0.7824,82.7839,0,479.2997,0.000418,19.6431,14.1393,30.5047,38.4596,57.5596,472.1223,479.0992,0.1843,0.0162,408688.0544,369261.2834,cpu_stress,inventory-service,2026-06-09 14:40:00,2026-06-09 14:55:00,post_fault,0.14947258,0
2026-06-09 15:03:50,1730,EXP_FAULT_02,RUN_02,cpu_stress,1,frontend,frontend-f02-00,online-boutique,node-a,0.8312,85.9761,0,485.1357,0.001355,19.3467,14.0387,31.5027,43.0024,57.4222,477.8335,484.4785,0.5217,0.1355,515228.6701,484977.2844,cpu_stress,inventory-service,2026-06-09 14:40:00,2026-06-09 14:55:00,post_fault,0.3032942,0
2026-06-09 15:03:55,1735,EXP_FAULT_02,RUN_02,cpu_stress,1,frontend,frontend-f02-00,online-boutique,node-a,0.8278,85.0984,0,471.4733,0.001716,20.2354,13.3827,31.4215,45.4077,61.2356,464.2146,470.6644,0.7157,0.0932,484339.8001,488522.4288,cpu_stress,inventory-service,2026-06-09 14:40:00,2026-06-09 14:55:00,post_fault,0.6950473,1
2026-06-09 15:04:00,1740,EXP_FAULT_02,RUN_02,cpu_stress,1,frontend,frontend-f02-00,online-boutique,node-a,0.7963,83.1228,0,470.4506,0.000626,21.4455,15.1879,37.6089,45.5146,71.7429,463.5961,470.1561,0.2204,0.074,527453.9462,391254.4201,cpu_stress,inventory-service,2026-06-09 14:40:00,2026-06-09 14:55:00,post_fault,1.068663,1
2026-06-09 15:04:05,1745,EXP_FAULT_02,RUN_02,cpu_stress,1,frontend,frontend-f02-00,online-boutique,node-a,0.7924,84.4975,0,490.8011,0.000554,19.6876,13.7473,34.3459,43.8595,64.1505,483.7923,490.529,0.2534,0.0187,526875.8764,420447.6153,cpu_stress,inventory-service,2026-06-09 14:40:00,2026-06-09 14:55:00,post_fault,0.10517751,0
2026-06-09 15:04:10,1750,EXP_FAULT_02,RUN_02,cpu_stress,1,frontend,frontend-f02-00,online-boutique,node-a,0.7699,85.1144,0,470.1814,0.000662,20.5043,15.5329,31.3941,43.0706,64.66,463.5646,469.8703,0.2143,0.0968,397538.5279,404298.8619,cpu_stress,inventory-service,2026-06-09 14:40:00,2026-06-09 14:55:00,post_fault,0.2906206,0
2026-06-09 15:04:15,1755,EXP_FAULT_02,RUN_02,cpu_stress,1,frontend,frontend-f02-00,online-boutique,node-a,0.7138,84.1068,0,462.5787,0.00149,20.0297,14.2402,33.3823,42.4352,66.8704,455.7588,461.8896,0.597,0.0921,509943.7889,383083.9349,cpu_stress,inventory-service,2026-06-09 14:40:00,2026-06-09 14:55:00,post_fault,0.28365377,0
2026-06-09 15:04:20,1760,EXP_FAULT_02,RUN_02,cpu_stress,1,frontend,frontend-f02-00,online-boutique,node-a,0.8167,83.1875,0,460.8255,0.000707,21.0291,15.4044,37.0863,46.0858,67.9386,454.3367,460.4998,0.2714,0.0543,422562.3126,445803.5193,cpu_stress,inventory-service,2026-06-09 14:40:00,2026-06-09 14:55:00,post_fault,1.3145834,1
2026-06-09 15:04:25,1765,EXP_FAULT_02,RUN_02,cpu_stress,1,frontend,frontend-f02-00,online-boutique,node-a,0.7977,83.9393,0,465.6468,0.001394,19.7837,13.4692,33.7687,42.7723,65.9378,458.8724,464.9979,0.5069,0.142,519952.7071,456148.087,cpu_stress,inventory-service,2026-06-09 14:40:00,2026-06-09 14:55:00,post_fault,0.376365,0
2026-06-09 15:04:30,1770,EXP_FAULT_02,RUN_02,cpu_stress,1,frontend,frontend-f02-00,online-boutique,node-a,0.7745,83.1491,0,451.4324,0.001111,18.8306,14.4475,28.9371,37.5406,60.9087,444.8646,450.9307,0.5,0.0017,455487.2099,443674.8215,cpu_stress,inventory-service,2026-06-09 14:40:00,2026-06-09 14:55:00,post_fault,0.16116199,0
2026-06-09 15:04:35,1775,EXP_FAULT_02,RUN_02,cpu_stress,1,frontend,frontend-f02-00,online-boutique,node-a,0.7561,84.8798,0,453.7406,0.001157,21.0691,13.8854,33.4752,41.8457,59.7085,447.1737,453.2155,0.4906,0.0346,542186.4178,439625.4139,cpu_stress,inventory-service,2026-06-09 14:40:00,2026-06-09 14:55:00,post_fault,0.5350918,1
2026-06-09 15:04:40,1780,EXP_FAULT_02,RUN_02,cpu_stress,1,frontend,frontend-f02-00,online-boutique,node-a,0.7996,85.189,0,459.9519,0.001415,21.1842,15.426,37.0962,41.1432,61.738,453.3427,459.3012,0.5988,0.0519,411289.1367,334115.4977,cpu_stress,inventory-service,2026-06-09 14:40:00,2026-06-09 14:55:00,post_fault,0.9914395,1
2026-06-09 15:04:45,1785,EXP_FAULT_02,RUN_02,cpu_stress,1,frontend,frontend-f02-00,online-boutique,node-a,0.799,83.0901,0,441.4862,0.000544,19.3417,12.8693,33.847,38.9917,54.2822,435.2214,441.2461,0.2383,0.0017,395595.3963,358271.7636,cpu_stress,inventory-service,2026-06-09 14:40:00,2026-06-09 14:55:00,post_fault,0.57703155,1
2026-06-09 15:04:50,1790,EXP_FAULT_02,RUN_02,cpu_stress,1,frontend,frontend-f02-00,online-boutique,node-a,0.7809,85.0812,0,451.4137,0.000693,20.7131,14.0181,35.5717,41.859,67.0122,445.0243,451.1008,0.1726,0.1402,518138.5102,420105.4186,cpu_stress,inventory-service,2026-06-09 14:40:00,2026-06-09 14:55:00,post_fault,0.6930509,1
2026-06-09 15:04:55,1795,EXP_FAULT_02,RUN_02,cpu_stress,1,frontend,frontend-f02-00,online-boutique,node-a,0.7757,83.8025,0,446.3811,0.001431,20.9134,14.3949,35.1967,46.7464,63.9322,439.9652,445.7421,0.5819,0.0571,528832.0201,424296.777,cpu_stress,inventory-service,2026-06-09 14:40:00,2026-06-09 14:55:00,post_fault,0.926205,1
2026-06-09 15:10:00,0,EXP_FAULT_03,RUN_03,memory_stress,1,frontend,frontend-f03-00,online-boutique,node-a,0.7771,81.8323,0,444.9238,0.001148,17.2142,12.324,26.4734,30.6565,48.8074,444.6153,444.4131,0.4633,0.0474,482462.6652,382536.6388,memory_stress,checkoutservice,2026-06-09 15:15:00,2026-06-09 15:30:00,pre_fault,0.015826464,0
2026-06-09 15:10:05,5,EXP_FAULT_03,RUN_03,memory_stress,1,frontend,frontend-f03-00,online-boutique,node-a,0.7593,82.202,0,436.1194,0.001717,16.5223,13.0085,26.2377,30.255,42.7051,435.7102,435.3705,0.6925,0.0563,550737.7852,422662.6529,memory_stress,checkoutservice,2026-06-09 15:15:00,2026-06-09 15:30:00,pre_fault,0.1290472,0
2026-06-09 15:10:10,10,EXP_FAULT_03,RUN_03,memory_stress,1,frontend,frontend-f03-00,online-boutique,node-a,0.7874,83.1413,0,436.9954,0.000946,17.6376,14.015,28.8568,32.7774,46.4837,436.81,436.5818,0.2718,0.1418,456088.9461,285065.5348,memory_stress,checkoutservice,2026-06-09 15:15:00,2026-06-09 15:30:00,pre_fault,0.08817656,0
2026-06-09 15:10:15,15,EXP_FAULT_03,RUN_03,memory_stress,1,frontend,frontend-f03-00,online-boutique,node-a,0.7664,83.0394,0,441.1098,0.000774,18.1343,12.9736,28.6202,33.821,47.0624,440.8797,440.7682,0.3148,0.0268,421171.9911,404921.9401,memory_stress,checkoutservice,2026-06-09 15:15:00,2026-06-09 15:30:00,pre_fault,0.072090074,0
2026-06-09 15:10:20,20,EXP_FAULT_03,RUN_03,memory_stress,1,frontend,frontend-f03-00,online-boutique,node-a,0.7179,82.8595,0,455.1903,0.001183,18.2147,12.9013,26.4469,32.9862,44.4991,454.8954,454.6517,0.4461,0.0925,458779.304,469367.2014,memory_stress,checkoutservice,2026-06-09 15:15:00,2026-06-09 15:30:00,pre_fault,0.11428521,0
2026-06-09 15:10:25,25,EXP_FAULT_03,RUN_03,memory_stress,1,frontend,frontend-f03-00,online-boutique,node-a,0.8089,82.6745,0,460.9124,0.000876,18.0781,13.564,26.5327,34.6704,48.8945,460.7361,460.5088,0.3533,0.0503,514984.7719,410852.6434,memory_stress,checkoutservice,2026-06-09 15:15:00,2026-06-09 15:30:00,pre_fault,0.113803804,0
2026-06-09 15:10:30,30,EXP_FAULT_03,RUN_03,memory_stress,1,frontend,frontend-f03-00,online-boutique,node-a,0.7555,82.6766,0,460.161,0.001008,17.7241,13.1422,26.2818,33.4584,49.4243,459.8998,459.6972,0.3622,0.1015,487103.0111,430683.4125,memory_stress,checkoutservice,2026-06-09 15:15:00,2026-06-09 15:30:00,pre_fault,0.031310327,0
2026-06-09 15:10:35,35,EXP_FAULT_03,RUN_03,memory_stress,1,frontend,frontend-f03-00,online-boutique,node-a,0.7491,84.7483,0,475.0687,0.00079,18.0677,14.0705,28.3281,32.5146,50.3784,474.8134,474.6936,0.2534,0.1217,406391.4882,409393.7906,memory_stress,checkoutservice,2026-06-09 15:15:00,2026-06-09 15:30:00,pre_fault,0.05810665,0
2026-06-09 15:10:40,40,EXP_FAULT_03,RUN_03,memory_stress,1,frontend,frontend-f03-00,online-boutique,node-a,0.7706,81.6231,0,456.2705,0.001071,16.472,13.1022,25.0969,31.9651,42.4073,455.9815,455.7819,0.394,0.0946,565094.0196,309892.7025,memory_stress,checkoutservice,2026-06-09 15:15:00,2026-06-09 15:30:00,pre_fault,0.1737435,0
2026-06-09 15:10:45,45,EXP_FAULT_03,RUN_03,memory_stress,1,frontend,frontend-f03-00,online-boutique,node-a,0.7417,83.1166,0,468.4419,0.001367,18.7383,13.843,30.8331,37.5475,45.2406,468.0389,467.8013,0.497,0.1436,528695.0014,330166.0823,memory_stress,checkoutservice,2026-06-09 15:15:00,2026-06-09 15:30:00,pre_fault,0.017518248,0
2026-06-09 15:10:50,50,EXP_FAULT_03,RUN_03,memory_stress,1,frontend,frontend-f03-00,online-boutique,node-a,0.777,83.1128,0,460.4849,0.000811,19.0609,13.5392,31.0552,38.3395,51.4068,460.3075,460.1116,0.2158,0.1575,415404.5544,304486.6902,memory_stress,checkoutservice,2026-06-09 15:15:00,2026-06-09 15:30:00,pre_fault,0.14248669,0
2026-06-09 15:10:55,55,EXP_FAULT_03,RUN_03,memory_stress,1,frontend,frontend-f03-00,online-boutique,node-a,0.787,84.9643,0,476.5211,0.001504,17.6051,13.5187,25.9719,31.3259,43.5763,476.0242,475.8046,0.6762,0.0403,556789.2611,465393.5416,memory_stress,checkoutservice,2026-06-09 15:15:00,2026-06-09 15:30:00,pre_fault,0.01604698,0
2026-06-09 15:11:00,60,EXP_FAULT_03,RUN_03,memory_stress,1,frontend,frontend-f03-00,online-boutique,node-a,0.7509,82.5925,0,465.8194,0.001549,16.5946,13.0508,28.2064,33.976,42.3206,465.3261,465.0978,0.6106,0.1111,520964.9701,467002.3807,memory_stress,checkoutservice,2026-06-09 15:15:00,2026-06-09 15:30:00,pre_fault,0.29357326,0
2026-06-09 15:11:05,65,EXP_FAULT_03,RUN_03,memory_stress,1,frontend,frontend-f03-00,online-boutique,node-a,0.7747,83.241,0,465.9769,0.000733,18.2826,13.3727,29.3262,33.1706,43.1147,465.8203,465.6352,0.3381,0.0036,387860.5768,329905.9666,memory_stress,checkoutservice,2026-06-09 15:15:00,2026-06-09 15:30:00,pre_fault,0.03388568,0
2026-06-09 15:11:10,70,EXP_FAULT_03,RUN_03,memory_stress,1,frontend,frontend-f03-00,online-boutique,node-a,0.8079,81.2247,0,471.983,0.000768,17.9324,13.3702,27.1001,33.709,49.7794,471.8437,471.6206,0.2424,0.12,505286.2201,464398.6908,memory_stress,checkoutservice,2026-06-09 15:15:00,2026-06-09 15:30:00,pre_fault,0.037890192,0
2026-06-09 15:11:15,75,EXP_FAULT_03,RUN_03,memory_stress,1,frontend,frontend-f03-00,online-boutique,node-a,0.7997,84.7423,0,486.4248,0.001534,18.3159,12.9505,27.6153,33.0731,44.9279,486.1435,485.6789,0.7194,0.0265,465352.5659,462058.6304,memory_stress,checkoutservice,2026-06-09 15:15:00,2026-06-09 15:30:00,pre_fault,0.009579345,0
2026-06-09 15:11:20,80,EXP_FAULT_03,RUN_03,memory_stress,1,frontend,frontend-f03-00,online-boutique,node-a,0.7809,81.0784,0,469.5961,0.000907,16.9989,12.6744,27.9362,33.7682,41.5085,469.2836,469.1704,0.3705,0.0552,489997.5805,415164.1832,memory_stress,checkoutservice,2026-06-09 15:15:00,2026-06-09 15:30:00,pre_fault,0.14515062,0
2026-06-09 15:11:25,85,EXP_FAULT_03,RUN_03,memory_stress,1,frontend,frontend-f03-00,online-boutique,node-a,0.7738,83.9729,0,460.9595,0.001365,18.3388,14.024,27.5037,33.6267,51.1674,460.5096,460.3303,0.5517,0.0774,409474.3399,413747.2779,memory_stress,checkoutservice,2026-06-09 15:15:00,2026-06-09 15:30:00,pre_fault,0.017861232,0
2026-06-09 15:11:30,90,EXP_FAULT_03,RUN_03,memory_stress,1,frontend,frontend-f03-00,online-boutique,node-a,0.7915,83.4199,0,465.5219,0.00095,17.5263,12.6046,26.6076,35.7103,46.1073,465.2108,465.0795,0.2912,0.1511,390442.1459,447776.1298,memory_stress,checkoutservice,2026-06-09 15:15:00,2026-06-09 15:30:00,pre_fault,0.0060571213,0
2026-06-09 15:11:35,95,EXP_FAULT_03,RUN_03,memory_stress,1,frontend,frontend-f03-00,online-boutique,node-a,0.8279,84.1482,0,459.4103,0.001194,17.063,12.9063,27.5581,34.2082,41.3876,459.2162,458.8619,0.3929,0.1555,544538.2275,310146.6855,memory_stress,checkoutservice,2026-06-09 15:15:00,2026-06-09 15:30:00,pre_fault,0.08499484,0
2026-06-09 15:11:40,100,EXP_FAULT_03,RUN_03,memory_stress,1,frontend,frontend-f03-00,online-boutique,node-a,0.75,83.2965,0,467.009,0.001403,18.5001,14.4226,28.4989,34.737,49.9687,466.6529,466.3535,0.6154,0.0401,441355.7221,450855.0003,memory_stress,checkoutservice,2026-06-09 15:15:00,2026-06-09 15:30:00,pre_fault,0.009471336,0
2026-06-09 15:11:45,105,EXP_FAULT_03,RUN_03,memory_stress,1,frontend,frontend-f03-00,online-boutique,node-a,0.7952,83.2305,0,464.9547,0.001474,18.1586,13.1641,29.3733,34.5055,50.6137,464.6551,464.2691,0.5957,0.0898,485091.0747,339791.9821,memory_stress,checkoutservice,2026-06-09 15:15:00,2026-06-09 15:30:00,pre_fault,0.037723288,0
2026-06-09 15:11:50,110,EXP_FAULT_03,RUN_03,memory_stress,1,frontend,frontend-f03-00,online-boutique,node-a,0.8007,83.4523,0,448.1027,0.000566,19.0073,14.0848,28.0438,36.3311,52.3964,447.9235,447.849,0.1913,0.0623,502730.8123,301094.5605,memory_stress,checkoutservice,2026-06-09 15:15:00,2026-06-09 15:30:00,pre_fault,0.41227713,0
2026-06-09 15:11:55,115,EXP_FAULT_03,RUN_03,memory_stress,1,frontend,frontend-f03-00,online-boutique,node-a,0.7648,83.7114,0,469.9306,0.001103,17.9971,12.7011,27.3917,33.8469,47.6161,469.5656,469.4124,0.3705,0.1477,455357.6943,395952.8768,memory_stress,checkoutservice,2026-06-09 15:15:00,2026-06-09 15:30:00,pre_fault,0.020372532,0
2026-06-09 15:12:00,120,EXP_FAULT_03,RUN_03,memory_stress,1,frontend,frontend-f03-00,online-boutique,node-a,0.7401,82.9735,0,455.0698,0.00092,18.4942,13.2682,27.0638,32.6548,45.8095,454.899,454.6511,0.2941,0.1247,492181.8057,401816.1252,memory_stress,checkoutservice,2026-06-09 15:15:00,2026-06-09 15:30:00,pre_fault,0.0032333154,0
2026-06-09 15:12:05,125,EXP_FAULT_03,RUN_03,memory_stress,1,frontend,frontend-f03-00,online-boutique,node-a,0.7979,82.1598,0,455.4547,0.000885,18.2908,13.8962,29.0981,32.4116,51.7769,455.2562,455.0517,0.2557,0.1472,463025.9053,366164.9073,memory_stress,checkoutservice,2026-06-09 15:15:00,2026-06-09 15:30:00,pre_fault,0.124917604,0
2026-06-09 15:12:10,130,EXP_FAULT_03,RUN_03,memory_stress,1,frontend,frontend-f03-00,online-boutique,node-a,0.746,84.0826,0,457.3999,0.001036,18.3526,14.5855,30.7452,32.7692,49.9973,457.2319,456.926,0.3623,0.1115,541151.9443,413849.9998,memory_stress,checkoutservice,2026-06-09 15:15:00,2026-06-09 15:30:00,pre_fault,0.007882894,0
2026-06-09 15:12:15,135,EXP_FAULT_03,RUN_03,memory_stress,1,frontend,frontend-f03-00,online-boutique,node-a,0.7965,83.0633,0,463.2149,0.001634,18.2217,13.56,29.4894,35.2055,49.0232,462.7458,462.4582,0.6952,0.0615,586178.6588,424064.8616,memory_stress,checkoutservice,2026-06-09 15:15:00,2026-06-09 15:30:00,pre_fault,0.047897022,0
2026-06-09 15:12:20,140,EXP_FAULT_03,RUN_03,memory_stress,1,frontend,frontend-f03-00,online-boutique,node-a,0.7804,83.4841,0,453.1151,0.000909,17.9138,12.5406,27.5956,33.9628,43.523,452.8811,452.7034,0.3134,0.0984,529514.9441,301404.0581,memory_stress,checkoutservice,2026-06-09 15:15:00,2026-06-09 15:30:00,pre_fault,0.039594665,0
2026-06-09 15:12:25,145,EXP_FAULT_03,RUN_03,memory_stress,1,frontend,frontend-f03-00,online-boutique,node-a,0.757,82.0049,0,451.4655,0.000558,17.5204,12.7709,29.7349,35.197,44.2572,451.3045,451.2135,0.1164,0.1356,481729.8559,380660.5964,memory_stress,checkoutservice,2026-06-09 15:15:00,2026-06-09 15:30:00,pre_fault,0.018532071,0
2026-06-09 15:12:30,150,EXP_FAULT_03,RUN_03,memory_stress,1,frontend,frontend-f03-00,online-boutique,node-a,0.7851,82.7036,0,453.9718,0.001872,19.2987,14.8637,31.5711,37.0988,52.5407,453.4214,453.1218,0.7117,0.1382,517118.9806,453798.5166,memory_stress,checkoutservice,2026-06-09 15:15:00,2026-06-09 15:30:00,pre_fault,0.39784685,0
2026-06-09 15:12:35,155,EXP_FAULT_03,RUN_03,memory_stress,1,frontend,frontend-f03-00,online-boutique,node-a,0.7657,84.1991,0,449.8527,0.000753,19.71,16.0535,31.0867,35.7314,52.3701,449.6277,449.5139,0.2696,0.0692,564619.0046,366327.5105,memory_stress,checkoutservice,2026-06-09 15:15:00,2026-06-09 15:30:00,pre_fault,0.2663304,0
2026-06-09 15:12:40,160,EXP_FAULT_03,RUN_03,memory_stress,1,frontend,frontend-f03-00,online-boutique,node-a,0.8314,82.4521,0,465.1535,0.001178,17.5624,12.4319,29.5851,31.3239,46.5892,464.889,464.6055,0.4926,0.0554,545312.9379,336113.7458,memory_stress,checkoutservice,2026-06-09 15:15:00,2026-06-09 15:30:00,pre_fault,0.12487366,0
2026-06-09 15:12:45,165,EXP_FAULT_03,RUN_03,memory_stress,1,frontend,frontend-f03-00,online-boutique,node-a,0.7693,82.6933,0,454.0524,0.001087,19.3316,14.4363,30.2983,39.0859,53.7189,453.7441,453.5589,0.4597,0.0337,408618.8858,412320.3372,memory_stress,checkoutservice,2026-06-09 15:15:00,2026-06-09 15:30:00,pre_fault,0.2031693,0
2026-06-09 15:12:50,170,EXP_FAULT_03,RUN_03,memory_stress,1,frontend,frontend-f03-00,online-boutique,node-a,0.758,83.7177,0,463.1329,0.000683,18.8149,14.2576,27.5379,35.082,52.7062,462.941,462.8164,0.3042,0.0123,434464.1563,310065.3302,memory_stress,checkoutservice,2026-06-09 15:15:00,2026-06-09 15:30:00,pre_fault,0.030145958,0
2026-06-09 15:12:55,175,EXP_FAULT_03,RUN_03,memory_stress,1,frontend,frontend-f03-00,online-boutique,node-a,0.7623,82.1495,0,459.7434,0.000632,18.4124,14.0986,27.4332,32.2569,47.5516,459.625,459.453,0.1858,0.1046,430306.9162,336076.4101,memory_stress,checkoutservice,2026-06-09 15:15:00,2026-06-09 15:30:00,pre_fault,0.015523309,0
2026-06-09 15:13:00,180,EXP_FAULT_03,RUN_03,memory_stress,1,frontend,frontend-f03-00,online-boutique,node-a,0.7934,83.3799,0,472.6356,0.001311,18.2867,12.8498,27.1597,36.3815,43.5361,472.4153,472.016,0.6097,0.0099,443925.3894,473793.4533,memory_stress,checkoutservice,2026-06-09 15:15:00,2026-06-09 15:30:00,pre_fault,0.04226808,0
2026-06-09 15:13:05,185,EXP_FAULT_03,RUN_03,memory_stress,1,frontend,frontend-f03-00,online-boutique,node-a,0.7951,83.9253,0,470.5881,0.001136,18.5215,15.1793,27.4223,33.4017,49.3432,470.3607,470.0536,0.5286,0.0059,508263.2829,474686.9212,memory_stress,checkoutservice,2026-06-09 15:15:00,2026-06-09 15:30:00,pre_fault,0.0653802,0
2026-06-09 15:13:10,190,EXP_FAULT_03,RUN_03,memory_stress,1,frontend,frontend-f03-00,online-boutique,node-a,0.7594,81.9651,0,478.4885,0.000578,17.1916,13.7543,27.0721,32.7835,41.9165,478.3231,478.2122,0.2059,0.0705,457770.4839,470010.8046,memory_stress,checkoutservice,2026-06-09 15:15:00,2026-06-09 15:30:00,pre_fault,0.18652526,0
2026-06-09 15:13:15,195,EXP_FAULT_03,RUN_03,memory_stress,1,frontend,frontend-f03-00,online-boutique,node-a,0.7986,82.9386,0,470.2868,0.000666,17.3918,12.706,28.5371,32.7366,44.4119,470.0878,469.9736,0.2413,0.0719,451749.8457,474251.2491,memory_stress,checkoutservice,2026-06-09 15:15:00,2026-06-09 15:30:00,pre_fault,0.006689941,0
2026-06-09 15:13:20,200,EXP_FAULT_03,RUN_03,memory_stress,1,frontend,frontend-f03-00,online-boutique,node-a,0.7929,83.6907,0,480.9317,0.001061,17.8705,12.9351,27.2843,32.5493,47.5566,480.6216,480.4216,0.4688,0.0414,590217.1908,498764.6044,memory_stress,checkoutservice,2026-06-09 15:15:00,2026-06-09 15:30:00,pre_fault,0.006627814,0
2026-06-09 15:13:25,205,EXP_FAULT_03,RUN_03,memory_stress,1,frontend,frontend-f03-00,online-boutique,node-a,0.7463,83.3337,0,490.2629,0.000773,18.6646,15.2363,27.7848,36.9726,44.0177,490.0331,489.8842,0.265,0.1137,466426.2766,406792.6833,memory_stress,checkoutservice,2026-06-09 15:15:00,2026-06-09 15:30:00,pre_fault,0.08079083,0
2026-06-09 15:13:30,210,EXP_FAULT_03,RUN_03,memory_stress,1,frontend,frontend-f03-00,online-boutique,node-a,0.7806,83.2482,0,489.4087,0.000551,19.0461,14.4161,32.2474,37.9127,51.2275,489.2066,489.1391,0.1394,0.1302,519980.4076,379247.52,memory_stress,checkoutservice,2026-06-09 15:15:00,2026-06-09 15:30:00,pre_fault,0.010447836,0
2026-06-09 15:13:35,215,EXP_FAULT_03,RUN_03,memory_stress,1,frontend,frontend-f03-00,online-boutique,node-a,0.7931,83.6168,0,489.5545,0.000916,20.2434,15.5064,34.0377,36.4159,57.405,489.2379,489.1059,0.4245,0.0241,446218.1115,376767.0276,memory_stress,checkoutservice,2026-06-09 15:15:00,2026-06-09 15:30:00,pre_fault,0.2532093,0
2026-06-09 15:13:40,220,EXP_FAULT_03,RUN_03,memory_stress,1,frontend,frontend-f03-00,online-boutique,node-a,0.7339,83.925,0,489.5104,0.001353,17.4712,12.6475,27.9689,31.5914,43.4087,489.0872,488.848,0.579,0.0834,451215.7681,397136.661,memory_stress,checkoutservice,2026-06-09 15:15:00,2026-06-09 15:30:00,pre_fault,0.3911894,0
2026-06-09 15:13:45,225,EXP_FAULT_03,RUN_03,memory_stress,1,frontend,frontend-f03-00,online-boutique,node-a,0.7937,83.3487,0,474.9861,0.000948,18.9671,14.0109,32.1185,36.6031,49.2993,474.7782,474.5359,0.3738,0.0764,600297.6247,493396.4461,memory_stress,checkoutservice,2026-06-09 15:15:00,2026-06-09 15:30:00,pre_fault,0.123917736,0
2026-06-09 15:13:50,230,EXP_FAULT_03,RUN_03,memory_stress,1,frontend,frontend-f03-00,online-boutique,node-a,0.7995,81.9778,0,503.1159,0.001909,19.2045,14.0609,31.1569,36.2398,54.4811,502.629,502.1554,0.803,0.1575,437934.7125,456668.3004,memory_stress,checkoutservice,2026-06-09 15:15:00,2026-06-09 15:30:00,pre_fault,0.09786495,0
2026-06-09 15:13:55,235,EXP_FAULT_03,RUN_03,memory_stress,1,frontend,frontend-f03-00,online-boutique,node-a,0.7884,82.2662,0,483.516,0.001579,18.8952,14.3409,27.4568,38.7307,50.0596,482.9638,482.7525,0.744,0.0195,466822.5519,465467.0521,memory_stress,checkoutservice,2026-06-09 15:15:00,2026-06-09 15:30:00,pre_fault,0.033489116,0
2026-06-09 15:14:00,240,EXP_FAULT_03,RUN_03,memory_stress,1,frontend,frontend-f03-00,online-boutique,node-a,0.8158,84.0249,0,481.349,0.001185,17.5304,13.9324,29.4657,35.1384,49.3923,480.9561,480.7787,0.4159,0.1544,497241.1158,371900.1945,memory_stress,checkoutservice,2026-06-09 15:15:00,2026-06-09 15:30:00,pre_fault,0.011200058,0
2026-06-09 15:14:05,245,EXP_FAULT_03,RUN_03,memory_stress,1,frontend,frontend-f03-00,online-boutique,node-a,0.7522,83.636,0,472.7265,0.000849,17.1411,13.1647,28.9004,30.9733,45.3227,472.4774,472.3253,0.2486,0.1526,484686.4018,373937.4971,memory_stress,checkoutservice,2026-06-09 15:15:00,2026-06-09 15:30:00,pre_fault,0.14498463,0
2026-06-09 15:14:10,250,EXP_FAULT_03,RUN_03,memory_stress,1,frontend,frontend-f03-00,online-boutique,node-a,0.7699,83.5403,0,457.9408,0.001472,17.2121,13.6991,29.0436,33.4933,48.9604,457.6055,457.2668,0.5978,0.0762,545619.969,342995.593,memory_stress,checkoutservice,2026-06-09 15:15:00,2026-06-09 15:30:00,pre_fault,0.025365317,0
2026-06-09 15:14:15,255,EXP_FAULT_03,RUN_03,memory_stress,1,frontend,frontend-f03-00,online-boutique,node-a,0.8224,85.1389,0,476.9611,0.000912,19.5229,15.3992,31.6977,38.3456,48.4059,476.7233,476.5259,0.3333,0.1019,539219.4859,421042.6234,memory_stress,checkoutservice,2026-06-09 15:15:00,2026-06-09 15:30:00,pre_fault,0.38871717,0
2026-06-09 15:14:20,260,EXP_FAULT_03,RUN_03,memory_stress,1,frontend,frontend-f03-00,online-boutique,node-a,0.8219,83.2258,0,484.2211,0.000707,18.9162,14.9539,28.7553,36.3518,52.4493,483.977,483.8789,0.2875,0.0547,557236.8998,320330.287,memory_stress,checkoutservice,2026-06-09 15:15:00,2026-06-09 15:30:00,pre_fault,0.17490122,0
2026-06-09 15:14:25,265,EXP_FAULT_03,RUN_03,memory_stress,1,frontend,frontend-f03-00,online-boutique,node-a,0.7679,83.0854,0,472.3503,0.000635,17.068,11.9781,27.0249,29.893,41.4392,472.1349,472.0503,0.2903,0.0096,502766.151,359169.0501,memory_stress,checkoutservice,2026-06-09 15:15:00,2026-06-09 15:30:00,pre_fault,0.09230355,0
2026-06-09 15:14:30,270,EXP_FAULT_03,RUN_03,memory_stress,1,frontend,frontend-f03-00,online-boutique,node-a,0.7761,80.8715,0,456.511,0.001036,18.0092,14.7376,29.665,33.6694,50.9881,456.2229,456.038,0.3492,0.1238,535351.0472,301197.4654,memory_stress,checkoutservice,2026-06-09 15:15:00,2026-06-09 15:30:00,pre_fault,0.07100026,0
2026-06-09 15:14:35,275,EXP_FAULT_03,RUN_03,memory_stress,1,frontend,frontend-f03-00,online-boutique,node-a,0.8074,81.8379,0,459.649,0.001162,16.2752,12.833,25.6439,30.2076,41.049,459.4498,459.1148,0.4964,0.0378,525314.1734,321015.0714,memory_stress,checkoutservice,2026-06-09 15:15:00,2026-06-09 15:30:00,pre_fault,0.1211859,0
2026-06-09 15:14:40,280,EXP_FAULT_03,RUN_03,memory_stress,1,frontend,frontend-f03-00,online-boutique,node-a,0.752,83.2776,0,460.5466,0.000992,16.8564,12.6825,25.6388,30.0477,41.631,460.2863,460.0898,0.3465,0.1104,463277.0382,457959.1553,memory_stress,checkoutservice,2026-06-09 15:15:00,2026-06-09 15:30:00,pre_fault,0.12760252,0
2026-06-09 15:14:45,285,EXP_FAULT_03,RUN_03,memory_stress,1,frontend,frontend-f03-00,online-boutique,node-a,0.7896,82.7203,0,462.6144,0.000778,19.1555,15.0047,30.5001,37.5942,54.3763,462.4178,462.2545,0.3133,0.0466,478206.8172,326181.81,memory_stress,checkoutservice,2026-06-09 15:15:00,2026-06-09 15:30:00,pre_fault,0.2346868,0
2026-06-09 15:14:50,290,EXP_FAULT_03,RUN_03,memory_stress,1,frontend,frontend-f03-00,online-boutique,node-a,0.7747,82.1094,0,444.4109,0.000628,18.1959,12.9012,26.9863,36.7093,49.2925,444.2612,444.1317,0.1809,0.0983,556404.2292,294731.5447,memory_stress,checkoutservice,2026-06-09 15:15:00,2026-06-09 15:30:00,pre_fault,0.06705154,0
2026-06-09 15:14:55,295,EXP_FAULT_03,RUN_03,memory_stress,1,frontend,frontend-f03-00,online-boutique,node-a,0.8407,83.5286,0,439.5991,0.00143,17.4701,13.262,27.7412,35.0644,46.303,439.149,438.9706,0.5537,0.0749,463692.738,401516.4215,memory_stress,checkoutservice,2026-06-09 15:15:00,2026-06-09 15:30:00,pre_fault,0.4131485,0
2026-06-09 15:15:00,300,EXP_FAULT_03,RUN_03,memory_stress,1,frontend,frontend-f03-00,online-boutique,node-a,0.7743,81.6577,0,446.958,0.003994,23.4278,16.8494,43.0675,59.7784,101.8159,421.9265,445.1729,0.5675,1.2175,447202.9905,356571.1826,memory_stress,checkoutservice,2026-06-09 15:15:00,2026-06-09 15:30:00,during_fault,10.686709,1
2026-06-09 15:15:05,305,EXP_FAULT_03,RUN_03,memory_stress,1,frontend,frontend-f03-00,online-boutique,node-a,0.7545,82.5875,0,455.2662,0.0032,21.9018,14.9046,45.5197,60.1983,97.8407,430.2006,453.8095,0.3175,1.1392,536008.7911,344770.8325,memory_stress,checkoutservice,2026-06-09 15:15:00,2026-06-09 15:30:00,during_fault,5.08632,1
2026-06-09 15:15:10,310,EXP_FAULT_03,RUN_03,memory_stress,1,frontend,frontend-f03-00,online-boutique,node-a,0.7243,83.5463,0,423.9,0.004223,24.0057,17.2943,48.3097,63.9097,93.4416,400.4944,422.1098,0.6485,1.1418,401370.9004,343788.2178,memory_stress,checkoutservice,2026-06-09 15:15:00,2026-06-09 15:30:00,during_fault,13.873861,1
2026-06-09 15:15:15,315,EXP_FAULT_03,RUN_03,memory_stress,1,frontend,frontend-f03-00,online-boutique,node-a,0.7653,85.6487,0,422.2261,0.003292,21.2846,15.2873,39.0574,55.0823,98.0495,399.2671,420.8361,0.3377,1.0522,493413.1611,383920.6225,memory_stress,checkoutservice,2026-06-09 15:15:00,2026-06-09 15:30:00,during_fault,4.319423,1
2026-06-09 15:15:20,320,EXP_FAULT_03,RUN_03,memory_stress,1,frontend,frontend-f03-00,online-boutique,node-a,0.7533,82.8147,0,441.5436,0.003664,22.6891,16.1587,45.6513,64.6073,98.2842,417.7804,439.9256,0.4663,1.1518,420420.1664,335493.3193,memory_stress,checkoutservice,2026-06-09 15:15:00,2026-06-09 15:30:00,during_fault,8.098574,1
2026-06-09 15:15:25,325,EXP_FAULT_03,RUN_03,memory_stress,1,frontend,frontend-f03-00,online-boutique,node-a,0.7764,83.8937,0,437.4836,0.004103,24.0564,16.2727,45.5414,59.9151,98.4277,414.3736,435.6886,0.6314,1.1637,483132.617,361156.4697,memory_stress,checkoutservice,2026-06-09 15:15:00,2026-06-09 15:30:00,during_fault,11.046744,1
2026-06-09 15:15:30,330,EXP_FAULT_03,RUN_03,memory_stress,1,frontend,frontend-f03-00,online-boutique,node-a,0.7771,84.6362,0,435.7557,0.004049,23.7899,16.2595,47.8229,60.7263,97.6298,413.0013,433.9913,0.6483,1.1162,476580.6805,342493.2027,memory_stress,checkoutservice,2026-06-09 15:15:00,2026-06-09 15:30:00,during_fault,10.009625,1
2026-06-09 15:15:35,335,EXP_FAULT_03,RUN_03,memory_stress,1,frontend,frontend-f03-00,online-boutique,node-a,0.8024,82.495,0,432.7075,0.003415,23.686,17.9569,45.226,61.6651,104.2206,410.8484,431.23,0.3504,1.1271,405017.4889,343879.7379,memory_stress,checkoutservice,2026-06-09 15:15:00,2026-06-09 15:30:00,during_fault,8.314459,1
2026-06-09 15:15:40,340,EXP_FAULT_03,RUN_03,memory_stress,1,frontend,frontend-f03-00,online-boutique,node-a,0.7675,84.4028,0,442.7062,0.003011,22.2759,14.7618,40.3081,60.9906,94.7646,421.0639,441.3734,0.3343,0.9986,489663.1831,374701.502,memory_stress,checkoutservice,2026-06-09 15:15:00,2026-06-09 15:30:00,during_fault,4.2603984,1
2026-06-09 15:15:45,345,EXP_FAULT_03,RUN_03,memory_stress,1,frontend,frontend-f03-00,online-boutique,node-a,0.7594,84.0337,0,423.0553,0.003255,21.7528,16.5272,39.6128,56.5281,92.4381,402.7995,421.6782,0.4319,0.9452,441625.7378,348148.3964,memory_stress,checkoutservice,2026-06-09 15:15:00,2026-06-09 15:30:00,during_fault,5.3290176,1
2026-06-09 15:15:50,350,EXP_FAULT_03,RUN_03,memory_stress,1,frontend,frontend-f03-00,online-boutique,node-a,0.7437,82.0025,0,419.6273,0.003328,21.84,15.0392,40.8743,54.8982,82.2016,400.2735,418.231,0.4043,0.9921,400279.9891,279337.9671,memory_stress,checkoutservice,2026-06-09 15:15:00,2026-06-09 15:30:00,during_fault,7.084297,1
2026-06-09 15:15:55,355,EXP_FAULT_03,RUN_03,memory_stress,1,frontend,frontend-f03-00,online-boutique,node-a,0.7924,83.7209,0,442.1801,0.002534,23.0098,15.7087,45.0896,62.6191,87.8069,422.5422,441.0597,0.1972,0.9232,481500.9373,454526.5738,memory_stress,checkoutservice,2026-06-09 15:15:00,2026-06-09 15:30:00,during_fault,4.2367334,1
2026-06-09 15:16:00,360,EXP_FAULT_03,RUN_03,memory_stress,1,frontend,frontend-f03-00,online-boutique,node-a,0.7595,80.8833,0,426.1603,0.003649,24.2107,18.0297,47.13,61.2166,95.9075,407.728,424.6054,0.6296,0.9253,403184.7965,391743.654,memory_stress,checkoutservice,2026-06-09 15:15:00,2026-06-09 15:30:00,during_fault,12.013613,1
2026-06-09 15:16:05,365,EXP_FAULT_03,RUN_03,memory_stress,1,frontend,frontend-f03-00,online-boutique,node-a,0.7164,83.1628,0,432.9713,0.003242,21.56,15.8231,37.0436,58.9379,87.0884,414.9153,431.5674,0.4752,0.9286,549434.9723,404922.708,memory_stress,checkoutservice,2026-06-09 15:15:00,2026-06-09 15:30:00,during_fault,5.9192247,1
2026-06-09 15:16:10,370,EXP_FAULT_03,RUN_03,memory_stress,1,frontend,frontend-f03-00,online-boutique,node-a,0.7567,86.3839,0,433.3259,0.002299,21.8416,15.9131,41.6511,53.8986,80.5266,416.2329,432.3298,0.1232,0.873,465630.1254,299107.7153,memory_stress,checkoutservice,2026-06-09 15:15:00,2026-06-09 15:30:00,during_fault,1.9214637,1
2026-06-09 15:16:15,375,EXP_FAULT_03,RUN_03,memory_stress,1,frontend,frontend-f03-00,online-boutique,node-a,0.7199,83.5371,0,442.0963,0.003076,21.9498,15.8186,37.4481,57.5198,76.8461,425.0554,440.7364,0.5543,0.8056,457015.8489,327161.1537,memory_stress,checkoutservice,2026-06-09 15:15:00,2026-06-09 15:30:00,during_fault,5.1571884,1
2026-06-09 15:16:20,380,EXP_FAULT_03,RUN_03,memory_stress,1,frontend,frontend-f03-00,online-boutique,node-a,0.8011,83.5422,0,434.7355,0.003053,20.1514,14.5638,39.2576,53.6164,74.6256,418.8281,433.4083,0.5594,0.7678,373634.3987,385552.0436,memory_stress,checkoutservice,2026-06-09 15:15:00,2026-06-09 15:30:00,during_fault,3.0340135,1
2026-06-09 15:16:25,385,EXP_FAULT_03,RUN_03,memory_stress,1,frontend,frontend-f03-00,online-boutique,node-a,0.7861,82.3934,0,439.2648,0.00244,22.3889,15.797,39.5779,54.4173,80.0202,423.8293,438.1928,0.3618,0.7102,416025.052,335084.9033,memory_stress,checkoutservice,2026-06-09 15:15:00,2026-06-09 15:30:00,during_fault,3.7947185,1
2026-06-09 15:16:30,390,EXP_FAULT_03,RUN_03,memory_stress,1,frontend,frontend-f03-00,online-boutique,node-a,0.7615,83.4038,0,432.2924,0.002443,19.0085,13.6471,35.97,46.522,68.4225,417.7553,431.2362,0.3181,0.7381,469375.8417,378118.2229,memory_stress,checkoutservice,2026-06-09 15:15:00,2026-06-09 15:30:00,during_fault,1.1848233,1
2026-06-09 15:16:35,395,EXP_FAULT_03,RUN_03,memory_stress,1,frontend,frontend-f03-00,online-boutique,node-a,0.746,81.8932,0,449.1325,0.002131,21.0795,16.2367,36.4015,52.1159,76.4848,434.5694,448.1756,0.2803,0.6767,466834.3129,338594.2761,memory_stress,checkoutservice,2026-06-09 15:15:00,2026-06-09 15:30:00,during_fault,2.0062294,1
2026-06-09 15:16:40,400,EXP_FAULT_03,RUN_03,memory_stress,1,frontend,frontend-f03-00,online-boutique,node-a,0.7595,83.3309,0,450.1642,0.002824,20.7593,15.1383,36.2747,51.2669,75.6307,435.9949,448.8928,0.5645,0.707,521218.3141,318637.4794,memory_stress,checkoutservice,2026-06-09 15:15:00,2026-06-09 15:30:00,during_fault,2.7062497,1
2026-06-09 15:16:45,405,EXP_FAULT_03,RUN_03,memory_stress,1,frontend,frontend-f03-00,online-boutique,node-a,0.7342,82.2632,0,442.7275,0.002882,20.9069,15.4904,38.5374,46.983,76.6012,429.1151,441.4516,0.6237,0.6522,367889.7532,377629.6987,memory_stress,checkoutservice,2026-06-09 15:15:00,2026-06-09 15:30:00,during_fault,3.9635282,1
2026-06-09 15:16:50,410,EXP_FAULT_03,RUN_03,memory_stress,1,frontend,frontend-f03-00,online-boutique,node-a,0.767,81.3098,0,430.8486,0.002524,20.8613,15.8643,37.139,51.5781,69.2334,418.1262,429.7612,0.4371,0.6504,511935.3315,291824.0857,memory_stress,checkoutservice,2026-06-09 15:15:00,2026-06-09 15:30:00,during_fault,3.1243646,1
2026-06-09 15:16:55,415,EXP_FAULT_03,RUN_03,memory_stress,1,frontend,frontend-f03-00,online-boutique,node-a,0.8069,84.9872,0,446.8844,0.002718,21.9239,15.3025,40.5083,52.3129,78.3283,433.7715,445.6697,0.5777,0.637,503895.141,425714.5634,memory_stress,checkoutservice,2026-06-09 15:15:00,2026-06-09 15:30:00,during_fault,2.9934547,1
2026-06-09 15:17:00,420,EXP_FAULT_03,RUN_03,memory_stress,1,frontend,frontend-f03-00,online-boutique,node-a,0.7295,82.4861,0,443.735,0.00168,19.9899,14.9134,34.283,47.0154,76.3547,431.2367,442.9895,0.1378,0.6077,539825.8583,297667.0303,memory_stress,checkoutservice,2026-06-09 15:15:00,2026-06-09 15:30:00,during_fault,0.8379984,1
2026-06-09 15:17:05,425,EXP_FAULT_03,RUN_03,memory_stress,1,frontend,frontend-f03-00,online-boutique,node-a,0.7713,82.1352,0,432.1728,0.002597,20.5998,14.9901,36.2876,47.7307,78.3033,419.8645,431.0505,0.5711,0.5513,433458.5409,351001.2096,memory_stress,checkoutservice,2026-06-09 15:15:00,2026-06-09 15:30:00,during_fault,2.7296112,1
2026-06-09 15:17:10,430,EXP_FAULT_03,RUN_03,memory_stress,1,frontend,frontend-f03-00,online-boutique,node-a,0.7589,82.6091,0,429.8902,0.002517,20.5529,13.8303,38.9018,45.1963,70.0984,417.8044,428.808,0.3946,0.6876,428998.8244,345430.632,memory_stress,checkoutservice,2026-06-09 15:15:00,2026-06-09 15:30:00,during_fault,2.4904146,1
2026-06-09 15:17:15,435,EXP_FAULT_03,RUN_03,memory_stress,1,frontend,frontend-f03-00,online-boutique,node-a,0.8137,82.5593,0,425.34,0.001859,19.3778,13.1159,35.2647,47.7396,62.7357,413.4311,424.5492,0.2359,0.5549,380897.3395,357335.7233,memory_stress,checkoutservice,2026-06-09 15:15:00,2026-06-09 15:30:00,during_fault,1.0907378,1
2026-06-09 15:17:20,440,EXP_FAULT_03,RUN_03,memory_stress,1,frontend,frontend-f03-00,online-boutique,node-a,0.7725,83.8706,0,417.4705,0.002913,19.5346,14.7176,33.1948,43.6014,68.6585,405.4914,416.2545,0.6673,0.5487,415378.9488,278649.9999,memory_stress,checkoutservice,2026-06-09 15:15:00,2026-06-09 15:30:00,during_fault,2.63107,1
2026-06-09 15:17:25,445,EXP_FAULT_03,RUN_03,memory_stress,1,frontend,frontend-f03-00,online-boutique,node-a,0.758,82.2341,0,435.7646,0.002758,21.0374,14.6952,39.5179,49.3529,70.724,423.0785,434.5629,0.5352,0.6665,459138.667,337484.4583,memory_stress,checkoutservice,2026-06-09 15:15:00,2026-06-09 15:30:00,during_fault,3.5101979,1
2026-06-09 15:17:30,450,EXP_FAULT_03,RUN_03,memory_stress,1,frontend,frontend-f03-00,online-boutique,node-a,0.8186,83.9259,0,421.9999,0.001915,19.6211,14.4769,35.1117,47.7423,76.413,409.5923,421.1916,0.2036,0.6046,480703.2674,294153.524,memory_stress,checkoutservice,2026-06-09 15:15:00,2026-06-09 15:30:00,during_fault,1.3180721,1
2026-06-09 15:17:35,455,EXP_FAULT_03,RUN_03,memory_stress,1,frontend,frontend-f03-00,online-boutique,node-a,0.7536,82.1827,0,421.3137,0.002278,21.5651,15.7595,41.7057,48.4848,77.9303,408.5136,420.354,0.2921,0.6676,445786.014,282953.8173,memory_stress,checkoutservice,2026-06-09 15:15:00,2026-06-09 15:30:00,during_fault,3.30195,1
2026-06-09 15:17:40,460,EXP_FAULT_03,RUN_03,memory_stress,1,frontend,frontend-f03-00,online-boutique,node-a,0.7226,83.4151,0,412.124,0.002198,19.2555,13.931,32.8642,49.7069,74.8697,399.2207,411.2181,0.3068,0.599,440658.1829,416664.7015,memory_stress,checkoutservice,2026-06-09 15:15:00,2026-06-09 15:30:00,during_fault,1.130451,1
2026-06-09 15:17:45,465,EXP_FAULT_03,RUN_03,memory_stress,1,frontend,frontend-f03-00,online-boutique,node-a,0.7148,84.5814,0,417.1904,0.001824,21.3386,15.5445,38.3944,53.9532,77.3971,403.7732,416.4294,0.1416,0.6194,522333.3789,397780.2768,memory_stress,checkoutservice,2026-06-09 15:15:00,2026-06-09 15:30:00,during_fault,1.7636559,1
2026-06-09 15:17:50,470,EXP_FAULT_03,RUN_03,memory_stress,1,frontend,frontend-f03-00,online-boutique,node-a,0.713,83.4312,0,416.4828,0.00197,21.0602,14.6777,36.1723,52.0502,76.3528,402.5636,415.6624,0.1695,0.6509,475695.802,303519.6217,memory_stress,checkoutservice,2026-06-09 15:15:00,2026-06-09 15:30:00,during_fault,2.2126267,1
2026-06-09 15:17:55,475,EXP_FAULT_03,RUN_03,memory_stress,1,frontend,frontend-f03-00,online-boutique,node-a,0.8062,86.5996,0,397.476,0.002268,21.5581,16.5115,37.9152,49.6116,80.0085,383.5665,396.5744,0.2037,0.6978,429017.8471,365070.6426,memory_stress,checkoutservice,2026-06-09 15:15:00,2026-06-09 15:30:00,during_fault,3.2031999,1
2026-06-09 15:18:00,480,EXP_FAULT_03,RUN_03,memory_stress,1,frontend,frontend-f03-00,online-boutique,node-a,0.7854,84.4506,0,405.3245,0.002953,21.8535,14.8889,38.517,52.4317,84.0815,390.4192,404.1275,0.4176,0.7794,517016.3282,416405.7936,memory_stress,checkoutservice,2026-06-09 15:15:00,2026-06-09 15:30:00,during_fault,4.809359,1
2026-06-09 15:18:05,485,EXP_FAULT_03,RUN_03,memory_stress,1,frontend,frontend-f03-00,online-boutique,node-a,0.7255,83.8283,0,404.1155,0.003341,21.931,15.694,39.5922,54.0677,88.0907,388.4841,402.7655,0.5782,0.7717,441597.5481,327301.688,memory_stress,checkoutservice,2026-06-09 15:15:00,2026-06-09 15:30:00,during_fault,6.8196335,1
2026-06-09 15:18:10,490,EXP_FAULT_03,RUN_03,memory_stress,1,frontend,frontend-f03-00,online-boutique,node-a,0.755,82.103,0,397.0792,0.003309,21.9112,15.1958,43.5832,57.4978,86.0359,381.1993,395.7652,0.4761,0.8379,352909.446,311398.9196,memory_stress,checkoutservice,2026-06-09 15:15:00,2026-06-09 15:30:00,during_fault,7.6535096,1
2026-06-09 15:18:15,495,EXP_FAULT_03,RUN_03,memory_stress,1,frontend,frontend-f03-00,online-boutique,node-a,0.7077,82.9547,0,407.325,0.002988,21.4912,16.5278,42.5954,50.5977,77.3586,390.4765,406.1079,0.3895,0.8276,429669.663,301636.9548,memory_stress,checkoutservice,2026-06-09 15:15:00,2026-06-09 15:30:00,during_fault,5.752524,1
2026-06-09 15:18:20,500,EXP_FAULT_03,RUN_03,memory_stress,1,frontend,frontend-f03-00,online-boutique,node-a,0.7532,82.2568,0,394.2359,0.002274,22.554,15.4353,42.4144,54.6962,82.2396,377.4181,393.3395,0.1014,0.795,370671.988,261404.1777,memory_stress,checkoutservice,2026-06-09 15:15:00,2026-06-09 15:30:00,during_fault,5.4947824,1
2026-06-09 15:18:25,505,EXP_FAULT_03,RUN_03,memory_stress,1,frontend,frontend-f03-00,online-boutique,node-a,0.774,83.1292,0,401.294,0.003411,22.0925,16.452,43.1167,58.9749,97.4489,383.3796,399.925,0.4695,0.8995,465823.3801,318587.2325,memory_stress,checkoutservice,2026-06-09 15:15:00,2026-06-09 15:30:00,during_fault,7.314046,1
2026-06-09 15:18:30,510,EXP_FAULT_03,RUN_03,memory_stress,1,frontend,frontend-f03-00,online-boutique,node-a,0.7543,84.6679,0,398.6601,0.003227,20.7094,13.779,39.995,52.8848,86.562,380.2074,397.3737,0.3836,0.9028,406973.7441,355473.2209,memory_stress,checkoutservice,2026-06-09 15:15:00,2026-06-09 15:30:00,during_fault,4.5368876,1
2026-06-09 15:18:35,515,EXP_FAULT_03,RUN_03,memory_stress,1,frontend,frontend-f03-00,online-boutique,node-a,0.7281,82.8638,0,388.6516,0.003171,22.2819,15.377,44.2336,60.2011,88.2652,370.1192,387.4191,0.2906,0.9418,447572.8609,345343.5566,memory_stress,checkoutservice,2026-06-09 15:15:00,2026-06-09 15:30:00,during_fault,7.809175,1
2026-06-09 15:18:40,520,EXP_FAULT_03,RUN_03,memory_stress,1,frontend,frontend-f03-00,online-boutique,node-a,0.7564,81.608,0,391.6401,0.003823,20.9405,14.4864,41.7994,54.8354,82.4788,372.2862,390.1429,0.5277,0.9695,479602.6502,292844.7071,memory_stress,checkoutservice,2026-06-09 15:15:00,2026-06-09 15:30:00,during_fault,9.31295,1
2026-06-09 15:18:45,525,EXP_FAULT_03,RUN_03,memory_stress,1,frontend,frontend-f03-00,online-boutique,node-a,0.7185,82.7728,0,406.6149,0.003936,23.3068,16.044,47.3372,66.1931,88.837,385.8882,405.0147,0.5649,1.0354,399547.9178,272505.7608,memory_stress,checkoutservice,2026-06-09 15:15:00,2026-06-09 15:30:00,during_fault,12.685835,1
2026-06-09 15:18:50,530,EXP_FAULT_03,RUN_03,memory_stress,1,frontend,frontend-f03-00,online-boutique,node-a,0.7389,83.268,0,383.4774,0.003433,21.4343,15.4659,43.9557,61.2094,82.275,363.6228,382.1608,0.2992,1.0174,452143.3238,305573.6218,memory_stress,checkoutservice,2026-06-09 15:15:00,2026-06-09 15:30:00,during_fault,7.5339127,1
2026-06-09 15:18:55,535,EXP_FAULT_03,RUN_03,memory_stress,1,frontend,frontend-f03-00,online-boutique,node-a,0.7392,83.8454,0,402.6333,0.003955,22.4032,15.7507,43.6642,59.646,89.1986,381.3156,401.0409,0.5347,1.0578,341398.6042,415731.5165,memory_stress,checkoutservice,2026-06-09 15:15:00,2026-06-09 15:30:00,during_fault,10.238056,1
2026-06-09 15:19:00,540,EXP_FAULT_03,RUN_03,memory_stress,1,frontend,frontend-f03-00,online-boutique,node-a,0.7725,83.9172,0,410.7274,0.003211,21.9752,14.6038,40.4874,61.9499,85.6418,388.7931,409.4088,0.2016,1.117,446711.3202,374877.0219,memory_stress,checkoutservice,2026-06-09 15:15:00,2026-06-09 15:30:00,during_fault,5.8045683,1
2026-06-09 15:19:05,545,EXP_FAULT_03,RUN_03,memory_stress,1,frontend,frontend-f03-00,online-boutique,node-a,0.7547,82.5223,0,411.5686,0.003921,24.0305,17.9648,44.268,69.4798,110.9872,389.1976,409.9548,0.4705,1.1434,409161.053,305749.9467,memory_stress,checkoutservice,2026-06-09 15:15:00,2026-06-09 15:30:00,during_fault,12.746757,1
2026-06-09 15:19:10,550,EXP_FAULT_03,RUN_03,memory_stress,1,frontend,frontend-f03-00,online-boutique,node-a,0.7734,80.653,0,412.5731,0.004309,24.7307,16.1421,45.8514,65.6017,111.9278,389.7766,410.7953,0.6156,1.1622,472281.3934,360352.6125,memory_stress,checkoutservice,2026-06-09 15:15:00,2026-06-09 15:30:00,during_fault,17.146477,1
2026-06-09 15:19:15,555,EXP_FAULT_03,RUN_03,memory_stress,1,frontend,frontend-f03-00,online-boutique,node-a,0.738,82.9705,0,395.9703,0.003391,24.1766,17.6165,43.0725,67.1897,104.34,374.0462,394.6276,0.3187,1.024,401405.7083,388634.5514,memory_stress,checkoutservice,2026-06-09 15:15:00,2026-06-09 15:30:00,during_fault,11.308132,1
2026-06-09 15:19:20,560,EXP_FAULT_03,RUN_03,memory_stress,1,frontend,frontend-f03-00,online-boutique,node-a,0.7479,82.2647,0,398.7224,0.002904,23.4915,16.5624,48.6387,59.2372,102.9507,376.7473,397.5644,0.1099,1.048,391477.8639,321470.4375,memory_stress,checkoutservice,2026-06-09 15:15:00,2026-06-09 15:30:00,during_fault,8.394907,1
2026-06-09 15:19:25,565,EXP_FAULT_03,RUN_03,memory_stress,1,frontend,frontend-f03-00,online-boutique,node-a,0.7068,81.5111,0,415.1306,0.0041,22.7677,15.5024,43.6736,63.3029,94.0041,391.9695,413.4286,0.5955,1.1064,404863.5541,271426.9327,memory_stress,checkoutservice,2026-06-09 15:15:00,2026-06-09 15:30:00,during_fault,13.76279,1
2026-06-09 15:19:30,570,EXP_FAULT_03,RUN_03,memory_stress,1,frontend,frontend-f03-00,online-boutique,node-a,0.7595,84.6977,0,410.2042,0.003899,22.3855,15.6843,42.0364,58.5298,86.867,387.4229,408.6046,0.5715,1.0281,520520.3602,311716.2144,memory_stress,checkoutservice,2026-06-09 15:15:00,2026-06-09 15:30:00,during_fault,8.828321,1
2026-06-09 15:19:35,575,EXP_FAULT_03,RUN_03,memory_stress,1,frontend,frontend-f03-00,online-boutique,node-a,0.7433,83.3912,0,408.4699,0.003048,21.7473,14.4922,42.5417,60.7527,92.4203,386.1011,407.2251,0.1505,1.0943,382398.6824,279112.1313,memory_stress,checkoutservice,2026-06-09 15:15:00,2026-06-09 15:30:00,during_fault,5.491771,1
2026-06-09 15:19:40,580,EXP_FAULT_03,RUN_03,memory_stress,1,frontend,frontend-f03-00,online-boutique,node-a,0.7306,81.6767,0,417.8985,0.0038,22.3523,15.3887,40.0512,57.1242,92.2112,395.0014,416.3105,0.5121,1.0759,364032.7377,358856.1996,memory_stress,checkoutservice,2026-06-09 15:15:00,2026-06-09 15:30:00,during_fault,10.477031,1
2026-06-09 15:19:45,585,EXP_FAULT_03,RUN_03,memory_stress,1,frontend,frontend-f03-00,online-boutique,node-a,0.7639,82.3784,0,416.1532,0.003687,24.1035,16.9819,46.3999,63.6021,107.7383,393.7181,414.6187,0.4355,1.0989,429946.4424,301345.7353,memory_stress,checkoutservice,2026-06-09 15:15:00,2026-06-09 15:30:00,during_fault,11.442769,1
2026-06-09 15:19:50,590,EXP_FAULT_03,RUN_03,memory_stress,1,frontend,frontend-f03-00,online-boutique,node-a,0.7103,83.6854,0,425.4132,0.003297,23.7184,16.8877,47.2971,62.0845,107.6199,403.0711,424.0108,0.3332,1.0692,368465.1971,345088.2351,memory_stress,checkoutservice,2026-06-09 15:15:00,2026-06-09 15:30:00,during_fault,8.647212,1
2026-06-09 15:19:55,595,EXP_FAULT_03,RUN_03,memory_stress,1,frontend,frontend-f03-00,online-boutique,node-a,0.7999,84.075,0,422.0857,0.003232,23.2518,17.3838,41.8565,59.0309,96.148,400.3752,420.7217,0.2855,1.0784,427248.22,359314.681,memory_stress,checkoutservice,2026-06-09 15:15:00,2026-06-09 15:30:00,during_fault,6.796036,1
2026-06-09 15:20:00,600,EXP_FAULT_03,RUN_03,memory_stress,1,frontend,frontend-f03-00,online-boutique,node-a,0.74,82.8757,0,412.7847,0.003129,22.5106,15.8931,40.429,57.3514,85.5233,392.0554,411.4932,0.2452,1.0463,485703.3295,286683.2753,memory_stress,checkoutservice,2026-06-09 15:15:00,2026-06-09 15:30:00,during_fault,7.0121474,1
2026-06-09 15:20:05,605,EXP_FAULT_03,RUN_03,memory_stress,1,frontend,frontend-f03-00,online-boutique,node-a,0.7468,82.3693,0,418.0131,0.003129,21.9719,14.587,39.7848,61.1597,96.5952,397.4532,416.7052,0.2687,1.0393,443740.6208,342755.3329,memory_stress,checkoutservice,2026-06-09 15:15:00,2026-06-09 15:30:00,during_fault,6.2882996,1
2026-06-09 15:20:10,610,EXP_FAULT_03,RUN_03,memory_stress,1,frontend,frontend-f03-00,online-boutique,node-a,0.7881,82.1599,0,424.6078,0.003638,22.3797,16.1966,41.8312,62.5268,85.7959,404.144,423.0631,0.619,0.9257,451975.128,283979.172,memory_stress,checkoutservice,2026-06-09 15:15:00,2026-06-09 15:30:00,during_fault,7.9974265,1
2026-06-09 15:20:15,615,EXP_FAULT_03,RUN_03,memory_stress,1,frontend,frontend-f03-00,online-boutique,node-a,0.7968,83.5402,0,442.9148,0.003498,22.9329,15.2641,41.017,55.4917,90.0207,422.3233,441.3655,0.5825,0.9669,483689.4964,387540.1075,memory_stress,checkoutservice,2026-06-09 15:15:00,2026-06-09 15:30:00,during_fault,6.6450434,1
2026-06-09 15:20:20,620,EXP_FAULT_03,RUN_03,memory_stress,1,frontend,frontend-f03-00,online-boutique,node-a,0.7887,84.2275,0,423.5718,0.003618,21.4109,16.0183,42.0454,56.6557,78.1911,404.558,422.0393,0.6009,0.9316,457237.5182,392735.5817,memory_stress,checkoutservice,2026-06-09 15:15:00,2026-06-09 15:30:00,during_fault,6.1084833,1
2026-06-09 15:20:25,625,EXP_FAULT_03,RUN_03,memory_stress,1,frontend,frontend-f03-00,online-boutique,node-a,0.7385,83.7746,0,427.4129,0.003591,21.5801,16.106,38.6506,52.157,85.8666,408.9985,425.8782,0.579,0.9557,434811.0546,322665.4059,memory_stress,checkoutservice,2026-06-09 15:15:00,2026-06-09 15:30:00,during_fault,6.793763,1
2026-06-09 15:20:30,630,EXP_FAULT_03,RUN_03,memory_stress,1,frontend,frontend-f03-00,online-boutique,node-a,0.8031,83.7817,0,433.559,0.002245,22.1069,15.7187,40.2823,59.0966,87.3764,415.7333,432.5858,0.1262,0.847,383734.0724,420171.2665,memory_stress,checkoutservice,2026-06-09 15:15:00,2026-06-09 15:30:00,during_fault,3.0783749,1
2026-06-09 15:20:35,635,EXP_FAULT_03,RUN_03,memory_stress,1,frontend,frontend-f03-00,online-boutique,node-a,0.7205,82.9686,0,421.7689,0.003219,23.0477,16.2231,42.4364,61.1407,87.4044,405.0157,420.4112,0.5572,0.8005,479813.905,354354.8862,memory_stress,checkoutservice,2026-06-09 15:15:00,2026-06-09 15:30:00,during_fault,7.9466505,1
2026-06-09 15:20:40,640,EXP_FAULT_03,RUN_03,memory_stress,1,frontend,frontend-f03-00,online-boutique,node-a,0.7137,82.7753,0,416.1122,0.002758,20.0408,14.4885,37.9227,48.2717,75.3758,400.2275,414.9644,0.3539,0.7938,380447.3262,406251.627,memory_stress,checkoutservice,2026-06-09 15:15:00,2026-06-09 15:30:00,during_fault,3.3587673,1
2026-06-09 15:20:45,645,EXP_FAULT_03,RUN_03,memory_stress,1,frontend,frontend-f03-00,online-boutique,node-a,0.737,83.556,0,428.4177,0.002081,21.826,15.5769,36.9832,54.7731,83.3902,412.836,427.526,0.1302,0.7615,427118.3601,383112.3914,memory_stress,checkoutservice,2026-06-09 15:15:00,2026-06-09 15:30:00,during_fault,2.6122727,1
2026-06-09 15:20:50,650,EXP_FAULT_03,RUN_03,memory_stress,1,frontend,frontend-f03-00,online-boutique,node-a,0.7685,83.2291,0,413.6699,0.002633,20.7955,16.0207,37.8279,53.5758,73.952,399.0612,412.5808,0.3852,0.7038,507806.5341,385613.7941,memory_stress,checkoutservice,2026-06-09 15:15:00,2026-06-09 15:30:00,during_fault,3.122774,1
2026-06-09 15:20:55,655,EXP_FAULT_03,RUN_03,memory_stress,1,frontend,frontend-f03-00,online-boutique,node-a,0.7323,82.6581,0,425.9073,0.003247,21.1319,16.1201,39.977,52.3844,74.088,411.2279,424.5245,0.6138,0.7689,486905.3972,353743.2253,memory_stress,checkoutservice,2026-06-09 15:15:00,2026-06-09 15:30:00,during_fault,5.6908326,1
2026-06-09 15:21:00,660,EXP_FAULT_03,RUN_03,memory_stress,1,frontend,frontend-f03-00,online-boutique,node-a,0.7878,84.983,0,399.9255,0.003058,18.6166,13.7152,34.9262,47.4774,73.82,386.7776,398.7024,0.583,0.64,414479.1491,313723.5268,memory_stress,checkoutservice,2026-06-09 15:15:00,2026-06-09 15:30:00,during_fault,2.4599693,1
2026-06-09 15:21:05,665,EXP_FAULT_03,RUN_03,memory_stress,1,frontend,frontend-f03-00,online-boutique,node-a,0.7152,82.7934,0,402.4469,0.001821,19.7402,14.0604,36.9946,44.419,75.345,389.9304,401.7139,0.1476,0.5854,466155.4831,337957.9863,memory_stress,checkoutservice,2026-06-09 15:15:00,2026-06-09 15:30:00,during_fault,1.2702684,1
2026-06-09 15:21:10,670,EXP_FAULT_03,RUN_03,memory_stress,1,frontend,frontend-f03-00,online-boutique,node-a,0.747,83.8264,0,412.5916,0.002886,21.0835,14.9989,36.6874,47.5787,70.9346,400.0188,411.4007,0.6196,0.5712,385144.71,288733.8895,memory_stress,checkoutservice,2026-06-09 15:15:00,2026-06-09 15:30:00,during_fault,3.8757255,1
2026-06-09 15:21:15,675,EXP_FAULT_03,RUN_03,memory_stress,1,frontend,frontend-f03-00,online-boutique,node-a,0.7791,83.8361,0,410.8544,0.002603,19.4126,13.664,32.0219,47.8024,72.7216,398.6358,409.7851,0.5215,0.5478,372991.8765,374314.2749,memory_stress,checkoutservice,2026-06-09 15:15:00,2026-06-09 15:30:00,during_fault,1.9063225,1
2026-06-09 15:21:20,680,EXP_FAULT_03,RUN_03,memory_stress,1,frontend,frontend-f03-00,online-boutique,node-a,0.7886,85.5879,0,406.9765,0.002331,21.8535,15.5835,38.71,53.9697,71.2116,395.2579,406.0278,0.4146,0.5341,444667.7644,294462.3994,memory_stress,checkoutservice,2026-06-09 15:15:00,2026-06-09 15:30:00,during_fault,3.1284306,1
2026-06-09 15:21:25,685,EXP_FAULT_03,RUN_03,memory_stress,1,frontend,frontend-f03-00,online-boutique,node-a,0.7932,83.1317,0,411.0354,0.002364,20.108,15.566,36.0942,44.1834,72.5461,399.3535,410.0637,0.348,0.6237,376103.9838,299338.7494,memory_stress,checkoutservice,2026-06-09 15:15:00,2026-06-09 15:30:00,during_fault,2.1444259,1
2026-06-09 15:21:30,690,EXP_FAULT_03,RUN_03,memory_stress,1,frontend,frontend-f03-00,online-boutique,node-a,0.7532,83.8764,0,406.3894,0.002578,19.8742,14.1831,35.8057,45.0062,65.9898,394.9323,405.3417,0.5135,0.5342,440125.3453,304802.1441,memory_stress,checkoutservice,2026-06-09 15:15:00,2026-06-09 15:30:00,during_fault,2.1619375,1
2026-06-09 15:21:35,695,EXP_FAULT_03,RUN_03,memory_stress,1,frontend,frontend-f03-00,online-boutique,node-a,0.7743,83.0039,0,406.1588,0.00169,20.0664,15.413,36.5957,49.1905,65.1783,394.9264,405.4723,0.1633,0.5231,391116.2995,277701.7791,memory_stress,checkoutservice,2026-06-09 15:15:00,2026-06-09 15:30:00,during_fault,1.4178697,1
2026-06-09 15:21:40,700,EXP_FAULT_03,RUN_03,memory_stress,1,frontend,frontend-f03-00,online-boutique,node-a,0.6973,83.0107,0,407.3026,0.002841,22.6321,15.2228,41.4509,54.3941,83.1353,395.661,406.1456,0.6002,0.5567,504225.6244,327734.8801,memory_stress,checkoutservice,2026-06-09 15:15:00,2026-06-09 15:30:00,during_fault,6.821883,1
2026-06-09 15:21:45,705,EXP_FAULT_03,RUN_03,memory_stress,1,frontend,frontend-f03-00,online-boutique,node-a,0.7442,83.1848,0,415.5071,0.002815,20.0551,14.0286,34.9627,49.4369,68.0614,403.6763,414.3375,0.6022,0.5674,499576.8083,325720.8163,memory_stress,checkoutservice,2026-06-09 15:15:00,2026-06-09 15:30:00,during_fault,3.1088796,1
2026-06-09 15:21:50,710,EXP_FAULT_03,RUN_03,memory_stress,1,frontend,frontend-f03-00,online-boutique,node-a,0.7538,83.7642,0,396.1555,0.002628,21.7806,15.0281,37.107,54.7496,79.1628,384.6533,395.1144,0.4113,0.6299,486908.3715,306937.2167,memory_stress,checkoutservice,2026-06-09 15:15:00,2026-06-09 15:30:00,during_fault,4.4327383,1
2026-06-09 15:21:55,715,EXP_FAULT_03,RUN_03,memory_stress,1,frontend,frontend-f03-00,online-boutique,node-a,0.7619,82.251,0,417.4436,0.002965,19.3263,13.7164,36.1392,45.0495,66.5146,405.092,416.2057,0.5425,0.6954,495513.4523,369295.7225,memory_stress,checkoutservice,2026-06-09 15:15:00,2026-06-09 15:30:00,during_fault,3.383741,1
2026-06-09 15:22:00,720,EXP_FAULT_03,RUN_03,memory_stress,1,frontend,frontend-f03-00,online-boutique,node-a,0.7871,84.0508,0,419.2392,0.002014,20.7039,15.907,35.5792,46.4875,69.5497,406.6072,418.3948,0.2461,0.5983,531362.9828,297943.1018,memory_stress,checkoutservice,2026-06-09 15:15:00,2026-06-09 15:30:00,during_fault,1.7452164,1
2026-06-09 15:22:05,725,EXP_FAULT_03,RUN_03,memory_stress,1,frontend,frontend-f03-00,online-boutique,node-a,0.7325,84.8655,0,419.1665,0.003126,20.2622,14.8317,36.5472,48.0641,74.7319,405.8708,417.856,0.588,0.7225,400985.1341,354333.9023,memory_stress,checkoutservice,2026-06-09 15:15:00,2026-06-09 15:30:00,during_fault,3.375431,1
2026-06-09 15:22:10,730,EXP_FAULT_03,RUN_03,memory_stress,1,frontend,frontend-f03-00,online-boutique,node-a,0.7604,82.925,0,428.6579,0.002911,20.1114,15.3793,38.164,45.3774,67.2634,414.6638,427.4101,0.5738,0.6739,475950.7757,309757.9402,memory_stress,checkoutservice,2026-06-09 15:15:00,2026-06-09 15:30:00,during_fault,3.145799,1
2026-06-09 15:22:15,735,EXP_FAULT_03,RUN_03,memory_stress,1,frontend,frontend-f03-00,online-boutique,node-a,0.7437,82.4767,0,423.8153,0.002487,19.6297,14.8502,36.361,44.2743,73.1334,409.5757,422.7611,0.3738,0.6804,420341.9186,297162.5684,memory_stress,checkoutservice,2026-06-09 15:15:00,2026-06-09 15:30:00,during_fault,2.1111512,1
2026-06-09 15:22:20,740,EXP_FAULT_03,RUN_03,memory_stress,1,frontend,frontend-f03-00,online-boutique,node-a,0.7414,82.8574,0,436.5481,0.002922,22.8773,17.0631,44.6287,54.3535,92.1829,421.1964,435.2725,0.55,0.7255,443194.8537,311918.5516,memory_stress,checkoutservice,2026-06-09 15:15:00,2026-06-09 15:30:00,during_fault,5.8411417,1
2026-06-09 15:22:25,745,EXP_FAULT_03,RUN_03,memory_stress,1,frontend,frontend-f03-00,online-boutique,node-a,0.7827,85.508,0,428.4695,0.002904,20.8726,14.3349,36.051,50.0161,85.3602,412.746,427.2251,0.4697,0.7746,541396.8472,339630.0006,memory_stress,checkoutservice,2026-06-09 15:15:00,2026-06-09 15:30:00,during_fault,2.7960854,1
2026-06-09 15:22:30,750,EXP_FAULT_03,RUN_03,memory_stress,1,frontend,frontend-f03-00,online-boutique,node-a,0.7502,84.3608,0,417.8121,0.00217,21.9222,14.7937,41.5133,57.5481,90.0871,402.0105,416.9053,0.1887,0.7181,346121.2051,384292.2112,memory_stress,checkoutservice,2026-06-09 15:15:00,2026-06-09 15:30:00,during_fault,2.776999,1
2026-06-09 15:22:35,755,EXP_FAULT_03,RUN_03,memory_stress,1,frontend,frontend-f03-00,online-boutique,node-a,0.7949,84.0797,0,433.1505,0.002993,20.2168,13.5551,37.0258,52.0245,75.386,415.907,431.8542,0.5126,0.7837,376645.2626,423215.7736,memory_stress,checkoutservice,2026-06-09 15:15:00,2026-06-09 15:30:00,during_fault,2.8885827,1
2026-06-09 15:22:40,760,EXP_FAULT_03,RUN_03,memory_stress,1,frontend,frontend-f03-00,online-boutique,node-a,0.7611,84.4439,0,438.743,0.003461,22.2228,16.2075,40.9332,52.5027,83.7109,420.4925,437.2245,0.6358,0.8827,430487.2944,424169.1543,memory_stress,checkoutservice,2026-06-09 15:15:00,2026-06-09 15:30:00,during_fault,5.8849277,1
2026-06-09 15:22:45,765,EXP_FAULT_03,RUN_03,memory_stress,1,frontend,frontend-f03-00,online-boutique,node-a,0.7315,83.513,0,435.0901,0.002798,21.035,14.131,40.4256,55.1095,86.2927,416.3889,433.8727,0.2652,0.9523,448741.1807,444733.9105,memory_stress,checkoutservice,2026-06-09 15:15:00,2026-06-09 15:30:00,during_fault,3.3779671,1
2026-06-09 15:22:50,770,EXP_FAULT_03,RUN_03,memory_stress,1,frontend,frontend-f03-00,online-boutique,node-a,0.7824,83.9676,0,464.1224,0.003382,22.5129,14.9989,43.8877,62.4608,92.7441,443.2203,462.5527,0.5149,1.0547,449920.1514,412792.8524,memory_stress,checkoutservice,2026-06-09 15:15:00,2026-06-09 15:30:00,during_fault,4.985032,1
2026-06-09 15:22:55,775,EXP_FAULT_03,RUN_03,memory_stress,1,frontend,frontend-f03-00,online-boutique,node-a,0.7422,82.9595,0,447.0531,0.002625,23.7028,17.5837,44.71,64.9335,87.4913,426.5,445.8796,0.1197,1.0538,376996.6304,435520.8755,memory_stress,checkoutservice,2026-06-09 15:15:00,2026-06-09 15:30:00,during_fault,5.6144314,1
2026-06-09 15:23:00,780,EXP_FAULT_03,RUN_03,memory_stress,1,frontend,frontend-f03-00,online-boutique,node-a,0.7823,84.6269,0,458.8586,0.003356,21.575,14.6063,41.209,58.6311,88.9712,436.876,457.3187,0.4352,1.1047,489954.5373,409318.9871,memory_stress,checkoutservice,2026-06-09 15:15:00,2026-06-09 15:30:00,during_fault,4.132509,1
2026-06-09 15:23:05,785,EXP_FAULT_03,RUN_03,memory_stress,1,frontend,frontend-f03-00,online-boutique,node-a,0.7819,82.64,0,446.0709,0.003811,22.1785,15.5866,44.7354,60.7241,92.0258,424.0934,444.3709,0.6825,1.0175,518940.5526,431633.057,memory_stress,checkoutservice,2026-06-09 15:15:00,2026-06-09 15:30:00,during_fault,7.49366,1
2026-06-09 15:23:10,790,EXP_FAULT_03,RUN_03,memory_stress,1,frontend,frontend-f03-00,online-boutique,node-a,0.7678,82.6475,0,457.136,0.003802,24.3829,16.0698,46.4729,63.3596,107.3968,433.8958,455.3978,0.6091,1.1291,483549.2193,340994.4978,memory_stress,checkoutservice,2026-06-09 15:15:00,2026-06-09 15:30:00,during_fault,10.223465,1
2026-06-09 15:23:15,795,EXP_FAULT_03,RUN_03,memory_stress,1,frontend,frontend-f03-00,online-boutique,node-a,0.7534,81.9356,0,437.3647,0.003843,22.7877,17.3102,46.1922,59.9578,94.2956,414.6428,435.6841,0.5606,1.1201,404618.4664,310975.3262,memory_stress,checkoutservice,2026-06-09 15:15:00,2026-06-09 15:30:00,during_fault,9.760865,1
2026-06-09 15:23:20,800,EXP_FAULT_03,RUN_03,memory_stress,1,frontend,frontend-f03-00,online-boutique,node-a,0.7782,82.3724,0,464.5666,0.003552,22.1603,16.4405,40.7678,58.3169,95.195,440.0404,462.9167,0.4355,1.2145,468033.0725,363157.6039,memory_stress,checkoutservice,2026-06-09 15:15:00,2026-06-09 15:30:00,during_fault,6.0465927,1
2026-06-09 15:23:25,805,EXP_FAULT_03,RUN_03,memory_stress,1,frontend,frontend-f03-00,online-boutique,node-a,0.773,85.0335,0,456.0672,0.003272,21.8901,14.7207,40.5244,60.0731,89.5777,431.5869,454.5749,0.3856,1.1068,569495.4092,394579.8445,memory_stress,checkoutservice,2026-06-09 15:15:00,2026-06-09 15:30:00,during_fault,4.121432,1
2026-06-09 15:23:30,810,EXP_FAULT_03,RUN_03,memory_stress,1,frontend,frontend-f03-00,online-boutique,node-a,0.8137,83.3158,0,458.9072,0.004055,22.6036,14.8494,45.3749,57.6051,104.65,433.8753,457.0462,0.5775,1.2834,499262.3503,418806.6603,memory_stress,checkoutservice,2026-06-09 15:15:00,2026-06-09 15:30:00,during_fault,7.9195833,1
2026-06-09 15:23:35,815,EXP_FAULT_03,RUN_03,memory_stress,1,frontend,frontend-f03-00,online-boutique,node-a,0.7789,82.7897,0,447.7662,0.003755,23.6503,15.8022,42.2989,60.1603,99.4625,423.0798,446.0847,0.4197,1.2618,566028.5515,349395.0259,memory_stress,checkoutservice,2026-06-09 15:15:00,2026-06-09 15:30:00,during_fault,9.042841,1
2026-06-09 15:23:40,820,EXP_FAULT_03,RUN_03,memory_stress,1,frontend,frontend-f03-00,online-boutique,node-a,0.8219,82.595,0,444.0785,0.003444,23.5767,15.3988,42.282,63.1521,109.0277,419.4909,442.5493,0.4101,1.1191,392799.6622,456197.9388,memory_stress,checkoutservice,2026-06-09 15:15:00,2026-06-09 15:30:00,during_fault,7.593795,1
2026-06-09 15:23:45,825,EXP_FAULT_03,RUN_03,memory_stress,1,frontend,frontend-f03-00,online-boutique,node-a,0.8025,85.6034,0,457.9034,0.004125,22.7515,16.81,44.9529,57.4796,106.6375,432.402,456.0145,0.6075,1.2814,485592.445,328228.5198,memory_stress,checkoutservice,2026-06-09 15:15:00,2026-06-09 15:30:00,during_fault,7.8088026,1
2026-06-09 15:23:50,830,EXP_FAULT_03,RUN_03,memory_stress,1,frontend,frontend-f03-00,online-boutique,node-a,0.7705,82.9575,0,460.4847,0.004258,22.9254,15.0986,43.8607,65.3557,89.4547,434.8811,458.524,0.7083,1.2524,462325.5586,349519.9585,memory_stress,checkoutservice,2026-06-09 15:15:00,2026-06-09 15:30:00,during_fault,10.057534,1
2026-06-09 15:23:55,835,EXP_FAULT_03,RUN_03,memory_stress,1,frontend,frontend-f03-00,online-boutique,node-a,0.7958,83.4539,0,452.0728,0.0032,23.1429,17.1886,42.393,65.9626,102.8185,427.1078,450.6264,0.1701,1.2764,411595.8049,460356.6478,memory_stress,checkoutservice,2026-06-09 15:15:00,2026-06-09 15:30:00,during_fault,5.6201515,1
2026-06-09 15:24:00,840,EXP_FAULT_03,RUN_03,memory_stress,1,frontend,frontend-f03-00,online-boutique,node-a,0.768,83.7562,0,450.3929,0.003117,24.1823,16.3037,43.8166,68.9029,108.1849,425.7521,448.9891,0.1433,1.2605,489180.1592,358163.0201,memory_stress,checkoutservice,2026-06-09 15:15:00,2026-06-09 15:30:00,during_fault,7.0250854,1
2026-06-09 15:24:05,845,EXP_FAULT_03,RUN_03,memory_stress,1,frontend,frontend-f03-00,online-boutique,node-a,0.7737,84.788,0,441.6595,0.003097,23.9329,16.0917,43.6424,68.9905,98.6321,417.7254,440.2917,0.1999,1.1679,495894.2051,292318.3222,memory_stress,checkoutservice,2026-06-09 15:15:00,2026-06-09 15:30:00,during_fault,6.5201416,1
2026-06-09 15:24:10,850,EXP_FAULT_03,RUN_03,memory_stress,1,frontend,frontend-f03-00,online-boutique,node-a,0.7644,86.2489,0,453.2197,0.003482,24.6358,17.0297,45.6952,64.7059,105.9513,428.9766,451.6417,0.4463,1.1317,547303.307,380474.9189,memory_stress,checkoutservice,2026-06-09 15:15:00,2026-06-09 15:30:00,during_fault,7.501583,1
2026-06-09 15:24:15,855,EXP_FAULT_03,RUN_03,memory_stress,1,frontend,frontend-f03-00,online-boutique,node-a,0.7526,83.2994,0,441.6644,0.003573,24.0519,16.1547,43.3999,63.8578,110.7039,418.4112,440.0863,0.5276,1.0504,510171.0382,411696.1878,memory_stress,checkoutservice,2026-06-09 15:15:00,2026-06-09 15:30:00,during_fault,9.296059,1
2026-06-09 15:24:20,860,EXP_FAULT_03,RUN_03,memory_stress,1,frontend,frontend-f03-00,online-boutique,node-a,0.7874,83.1553,0,439.1268,0.002813,23.8521,16.2486,44.6423,60.8503,107.7161,416.5385,437.8914,0.17,1.0654,552761.1283,347337.619,memory_stress,checkoutservice,2026-06-09 15:15:00,2026-06-09 15:30:00,during_fault,6.295346,1
2026-06-09 15:24:25,865,EXP_FAULT_03,RUN_03,memory_stress,1,frontend,frontend-f03-00,online-boutique,node-a,0.7378,84.9845,0,465.3021,0.004064,22.235,14.6555,44.8058,57.9555,97.1518,441.7465,463.4112,0.7233,1.1677,531685.6893,460658.7414,memory_stress,checkoutservice,2026-06-09 15:15:00,2026-06-09 15:30:00,during_fault,8.107841,1
2026-06-09 15:24:30,870,EXP_FAULT_03,RUN_03,memory_stress,1,frontend,frontend-f03-00,online-boutique,node-a,0.7483,83.2215,0,434.2306,0.003709,23.0272,15.8233,45.277,61.3072,100.4665,412.6923,432.62,0.616,0.9945,498582.7912,395821.0696,memory_stress,checkoutservice,2026-06-09 15:15:00,2026-06-09 15:30:00,during_fault,8.870776,1
2026-06-09 15:24:35,875,EXP_FAULT_03,RUN_03,memory_stress,1,frontend,frontend-f03-00,online-boutique,node-a,0.8076,83.6239,0,450.5431,0.002801,22.6302,17.2188,45.5124,62.7055,95.2124,429.0879,449.2813,0.2034,1.0585,435231.7835,407972.1353,memory_stress,checkoutservice,2026-06-09 15:15:00,2026-06-09 15:30:00,during_fault,3.9858596,1
2026-06-09 15:24:40,880,EXP_FAULT_03,RUN_03,memory_stress,1,frontend,frontend-f03-00,online-boutique,node-a,0.7517,84.2316,0,444.0379,0.002407,21.7771,15.254,39.159,58.0441,84.5332,423.6863,442.9694,0.1222,0.9464,511469.9349,426259.1284,memory_stress,checkoutservice,2026-06-09 15:15:00,2026-06-09 15:30:00,during_fault,2.4580753,1
2026-06-09 15:24:45,885,EXP_FAULT_03,RUN_03,memory_stress,1,frontend,frontend-f03-00,online-boutique,node-a,0.8133,85.2094,0,460.628,0.002469,20.8423,14.4011,41.7399,50.8606,84.0267,440.2265,459.4906,0.178,0.9594,434111.229,344221.9768,memory_stress,checkoutservice,2026-06-09 15:15:00,2026-06-09 15:30:00,during_fault,1.5304887,1
2026-06-09 15:24:50,890,EXP_FAULT_03,RUN_03,memory_stress,1,frontend,frontend-f03-00,online-boutique,node-a,0.8045,84.334,0,450.0414,0.002594,21.6835,16.1869,42.9394,53.3046,88.8404,430.7298,448.8739,0.1487,1.0188,464782.3274,297974.596,memory_stress,checkoutservice,2026-06-09 15:15:00,2026-06-09 15:30:00,during_fault,2.5330117,1
2026-06-09 15:24:55,895,EXP_FAULT_03,RUN_03,memory_stress,1,frontend,frontend-f03-00,online-boutique,node-a,0.7785,82.4757,0,460.3322,0.003052,21.8262,15.8253,41.0579,58.3648,83.4263,441.3169,458.9274,0.4492,0.9555,466682.3187,393628.9705,memory_stress,checkoutservice,2026-06-09 15:15:00,2026-06-09 15:30:00,during_fault,4.0696726,1
2026-06-09 15:25:00,900,EXP_FAULT_03,RUN_03,memory_stress,1,frontend,frontend-f03-00,online-boutique,node-a,0.7386,83.6915,0,450.82,0.003014,21.9033,16.4115,41.0361,52.0391,89.4061,432.7674,449.4611,0.474,0.8848,452919.1733,442304.7778,memory_stress,checkoutservice,2026-06-09 15:15:00,2026-06-09 15:30:00,during_fault,4.353906,1
2026-06-09 15:25:05,905,EXP_FAULT_03,RUN_03,memory_stress,1,frontend,frontend-f03-00,online-boutique,node-a,0.7534,83.2314,0,457.3722,0.002938,23.3245,17.3008,41.6654,58.1672,93.6529,439.9707,456.0283,0.4822,0.8616,411920.3739,360379.1629,memory_stress,checkoutservice,2026-06-09 15:15:00,2026-06-09 15:30:00,during_fault,5.420166,1
2026-06-09 15:25:10,910,EXP_FAULT_03,RUN_03,memory_stress,1,frontend,frontend-f03-00,online-boutique,node-a,0.7818,82.5673,0,449.7996,0.002421,21.0746,15.6186,37.6019,50.171,85.3531,433.3367,448.7108,0.3142,0.7746,380117.6445,426599.6768,memory_stress,checkoutservice,2026-06-09 15:15:00,2026-06-09 15:30:00,during_fault,2.128203,1
2026-06-09 15:25:15,915,EXP_FAULT_03,RUN_03,memory_stress,1,frontend,frontend-f03-00,online-boutique,node-a,0.763,84.8497,0,450.9394,0.002534,21.2875,15.2191,36.0299,52.4044,73.1706,435.1834,449.7969,0.3437,0.7987,567615.9237,364382.9664,memory_stress,checkoutservice,2026-06-09 15:15:00,2026-06-09 15:30:00,during_fault,1.9320806,1
2026-06-09 15:25:20,920,EXP_FAULT_03,RUN_03,memory_stress,1,frontend,frontend-f03-00,online-boutique,node-a,0.7651,83.6248,0,471.5701,0.002248,22.5025,16.5256,41.0183,56.1944,80.4502,455.7594,470.5098,0.3265,0.7337,456177.1682,345581.5081,memory_stress,checkoutservice,2026-06-09 15:15:00,2026-06-09 15:30:00,during_fault,2.3190236,1
2026-06-09 15:25:25,925,EXP_FAULT_03,RUN_03,memory_stress,1,frontend,frontend-f03-00,online-boutique,node-a,0.7521,81.6488,0,475.4366,0.003303,20.9623,14.8535,34.9395,47.8652,79.2983,459.614,473.8664,0.7363,0.8339,574282.4527,411444.1578,memory_stress,checkoutservice,2026-06-09 15:15:00,2026-06-09 15:30:00,during_fault,4.7069407,1
2026-06-09 15:25:30,930,EXP_FAULT_03,RUN_03,memory_stress,1,frontend,frontend-f03-00,online-boutique,node-a,0.8146,85.3635,0,475.5242,0.003007,19.9697,13.4253,37.8172,49.9851,74.0161,460.5801,474.0944,0.6536,0.7761,547525.1661,358736.079,memory_stress,checkoutservice,2026-06-09 15:15:00,2026-06-09 15:30:00,during_fault,1.7168367,1
2026-06-09 15:25:35,935,EXP_FAULT_03,RUN_03,memory_stress,1,frontend,frontend-f03-00,online-boutique,node-a,0.7572,82.6238,0,483.4686,0.002542,19.8717,13.5687,37.6558,47.7283,69.843,468.7796,482.2397,0.5495,0.6793,400333.9959,346102.9688,memory_stress,checkoutservice,2026-06-09 15:15:00,2026-06-09 15:30:00,during_fault,1.389423,1
2026-06-09 15:25:40,940,EXP_FAULT_03,RUN_03,memory_stress,1,frontend,frontend-f03-00,online-boutique,node-a,0.8006,84.3805,0,478.1454,0.001746,19.2295,15.0148,31.9073,45.1132,68.1879,464.1735,477.3104,0.1898,0.6453,456427.7112,420325.5824,memory_stress,checkoutservice,2026-06-09 15:15:00,2026-06-09 15:30:00,during_fault,0.12357255,0
2026-06-09 15:25:45,945,EXP_FAULT_03,RUN_03,memory_stress,1,frontend,frontend-f03-00,online-boutique,node-a,0.7709,84.7288,0,487.5335,0.002728,20.0007,13.4251,34.9721,46.8354,72.4526,473.2571,486.2034,0.6262,0.7039,477620.2813,446198.4483,memory_stress,checkoutservice,2026-06-09 15:15:00,2026-06-09 15:30:00,during_fault,1.3350189,1
2026-06-09 15:25:50,950,EXP_FAULT_03,RUN_03,memory_stress,1,frontend,frontend-f03-00,online-boutique,node-a,0.7684,85.5875,0,472.9882,0.002273,19.9452,13.635,35.1566,45.6853,73.8962,459.5235,471.9131,0.3314,0.7437,573969.1998,375284.9334,memory_stress,checkoutservice,2026-06-09 15:15:00,2026-06-09 15:30:00,during_fault,0.555667,1
2026-06-09 15:25:55,955,EXP_FAULT_03,RUN_03,memory_stress,1,frontend,frontend-f03-00,online-boutique,node-a,0.8233,84.3204,0,485.1122,0.002368,21.0156,15.9944,36.0959,47.2324,81.7348,471.3971,483.9635,0.5299,0.6187,547416.954,437564.5381,memory_stress,checkoutservice,2026-06-09 15:15:00,2026-06-09 15:30:00,during_fault,1.0802035,1
2026-06-09 15:26:00,960,EXP_FAULT_03,RUN_03,memory_stress,1,frontend,frontend-f03-00,online-boutique,node-a,0.8203,82.3838,0,494.1399,0.002339,19.2017,13.0608,36.8381,46.7591,69.7945,480.3038,492.9844,0.3692,0.7864,530290.2189,363024.877,memory_stress,checkoutservice,2026-06-09 15:15:00,2026-06-09 15:30:00,during_fault,0.45046592,0
2026-06-09 15:26:05,965,EXP_FAULT_03,RUN_03,memory_stress,1,frontend,frontend-f03-00,online-boutique,node-a,0.7982,82.6335,0,489.2949,0.002319,20.6478,14.9842,38.9977,47.4836,69.7566,475.4374,488.16,0.4901,0.6447,461804.9605,385992.9257,memory_stress,checkoutservice,2026-06-09 15:15:00,2026-06-09 15:30:00,during_fault,0.90830743,1
2026-06-09 15:26:10,970,EXP_FAULT_03,RUN_03,memory_stress,1,frontend,frontend-f03-00,online-boutique,node-a,0.8013,82.0014,0,496.4847,0.002158,20.6482,14.4799,33.9012,47.4838,79.1099,482.3627,495.4134,0.41,0.6613,407891.2024,452808.9241,memory_stress,checkoutservice,2026-06-09 15:15:00,2026-06-09 15:30:00,during_fault,0.7071456,1
2026-06-09 15:26:15,975,EXP_FAULT_03,RUN_03,memory_stress,1,frontend,frontend-f03-00,online-boutique,node-a,0.813,83.5754,0,483.5419,0.002103,22.0762,16.8932,37.4742,52.3046,78.2856,469.5561,482.5248,0.2537,0.7634,439601.0037,475048.7685,memory_stress,checkoutservice,2026-06-09 15:15:00,2026-06-09 15:30:00,during_fault,1.5824255,1
2026-06-09 15:26:20,980,EXP_FAULT_03,RUN_03,memory_stress,1,frontend,frontend-f03-00,online-boutique,node-a,0.8142,83.6953,0,486.1827,0.002685,20.1482,14.1765,33.9505,48.2305,78.3963,471.6334,484.877,0.5864,0.7192,492843.0536,396072.8804,memory_stress,checkoutservice,2026-06-09 15:15:00,2026-06-09 15:30:00,during_fault,1.150029,1
2026-06-09 15:26:25,985,EXP_FAULT_03,RUN_03,memory_stress,1,frontend,frontend-f03-00,online-boutique,node-a,0.7677,84.3088,0,485.8797,0.003058,22.0826,15.176,38.4565,55.4139,75.285,470.9967,484.3938,0.7668,0.7191,611707.0639,333032.9302,memory_stress,checkoutservice,2026-06-09 15:15:00,2026-06-09 15:30:00,during_fault,3.1119487,1
2026-06-09 15:26:30,990,EXP_FAULT_03,RUN_03,memory_stress,1,frontend,frontend-f03-00,online-boutique,node-a,0.8244,83.7863,0,488.9743,0.002425,23.7123,18.2253,45.8163,52.72,79.1926,473.6728,487.7887,0.4105,0.7751,451044.9823,407526.8422,memory_stress,checkoutservice,2026-06-09 15:15:00,2026-06-09 15:30:00,during_fault,3.3495746,1
2026-06-09 15:26:35,995,EXP_FAULT_03,RUN_03,memory_stress,1,frontend,frontend-f03-00,online-boutique,node-a,0.7818,84.0211,0,496.1529,0.002299,20.9347,15.9808,38.7685,50.4598,73.2591,480.061,495.0121,0.3182,0.8227,410456.6502,416209.5296,memory_stress,checkoutservice,2026-06-09 15:15:00,2026-06-09 15:30:00,during_fault,0.74876267,1
2026-06-09 15:26:40,1000,EXP_FAULT_03,RUN_03,memory_stress,1,frontend,frontend-f03-00,online-boutique,node-a,0.7963,84.5631,0,474.1586,0.002134,20.7833,15.0931,39.2003,53.6485,81.5256,458.2587,473.1465,0.2709,0.7411,588479.5988,484929.7706,memory_stress,checkoutservice,2026-06-09 15:15:00,2026-06-09 15:30:00,during_fault,0.8180281,1
2026-06-09 15:26:45,1005,EXP_FAULT_03,RUN_03,memory_stress,1,frontend,frontend-f03-00,online-boutique,node-a,0.7943,84.3906,0,475.6574,0.00261,21.2155,15.5672,40.7381,50.9643,73.5221,458.9735,474.4158,0.3456,0.896,506185.8939,349229.0802,memory_stress,checkoutservice,2026-06-09 15:15:00,2026-06-09 15:30:00,during_fault,1.592432,1
2026-06-09 15:26:50,1010,EXP_FAULT_03,RUN_03,memory_stress,1,frontend,frontend-f03-00,online-boutique,node-a,0.8003,82.6011,0,478.9111,0.002964,23.0117,16.7226,40.1257,55.8748,83.3639,461.1761,477.4917,0.6052,0.8143,395391.3874,434225.0001,memory_stress,checkoutservice,2026-06-09 15:15:00,2026-06-09 15:30:00,during_fault,4.1915507,1
2026-06-09 15:26:55,1015,EXP_FAULT_03,RUN_03,memory_stress,1,frontend,frontend-f03-00,online-boutique,node-a,0.7811,84.9758,0,478.1075,0.003645,22.4259,16.0578,40.063,52.5283,82.0985,459.5651,476.3647,0.7579,0.9849,573710.0224,333589.6814,memory_stress,checkoutservice,2026-06-09 15:15:00,2026-06-09 15:30:00,during_fault,5.1993947,1
2026-06-09 15:27:00,1020,EXP_FAULT_03,RUN_03,memory_stress,1,frontend,frontend-f03-00,online-boutique,node-a,0.7894,84.6735,0,444.7504,0.003097,22.9528,15.315,43.4304,54.5232,92.8859,426.9176,443.3731,0.491,0.8864,545525.8658,297175.9635,memory_stress,checkoutservice,2026-06-09 15:15:00,2026-06-09 15:30:00,during_fault,4.9214206,1
2026-06-09 15:27:05,1025,EXP_FAULT_03,RUN_03,memory_stress,1,frontend,frontend-f03-00,online-boutique,node-a,0.779,84.6543,0,467.8519,0.002939,21.9777,15.9175,42.0048,56.0923,92.8354,448.509,466.4769,0.4702,0.9048,533951.8792,388458.8704,memory_stress,checkoutservice,2026-06-09 15:15:00,2026-06-09 15:30:00,during_fault,2.9308918,1
2026-06-09 15:27:10,1030,EXP_FAULT_03,RUN_03,memory_stress,1,frontend,frontend-f03-00,online-boutique,node-a,0.8239,84.3758,0,466.0428,0.002329,24.4442,16.9379,45.4165,60.7202,104.703,446.1368,464.9573,0.154,0.9315,475775.8246,332077.8372,memory_stress,checkoutservice,2026-06-09 15:15:00,2026-06-09 15:30:00,during_fault,4.834722,1
2026-06-09 15:27:15,1035,EXP_FAULT_03,RUN_03,memory_stress,1,frontend,frontend-f03-00,online-boutique,node-a,0.821,84.257,0,461.7812,0.002767,24.0237,16.2734,44.7385,66.1568,98.1424,441.2137,460.5033,0.3,0.9779,538356.7254,446937.8114,memory_stress,checkoutservice,2026-06-09 15:15:00,2026-06-09 15:30:00,during_fault,5.184602,1
2026-06-09 15:27:20,1040,EXP_FAULT_03,RUN_03,memory_stress,1,frontend,frontend-f03-00,online-boutique,node-a,0.7987,83.7086,0,462.0269,0.002619,21.9984,15.362,41.0388,58.5678,94.3669,440.8234,460.8167,0.1577,1.0525,486631.513,305290.24,memory_stress,checkoutservice,2026-06-09 15:15:00,2026-06-09 15:30:00,during_fault,2.6215394,1
2026-06-09 15:27:25,1045,EXP_FAULT_03,RUN_03,memory_stress,1,frontend,frontend-f03-00,online-boutique,node-a,0.7791,83.0128,0,444.4167,0.002981,21.0421,15.9587,38.5275,58.8158,94.3326,423.311,443.092,0.218,1.1066,412624.9288,368545.1099,memory_stress,checkoutservice,2026-06-09 15:15:00,2026-06-09 15:30:00,during_fault,3.3828025,1
2026-06-09 15:27:30,1050,EXP_FAULT_03,RUN_03,memory_stress,1,frontend,frontend-f03-00,online-boutique,node-a,0.7646,83.4351,0,440.2609,0.003552,22.2915,16.8613,39.648,61.1148,90.9065,418.5168,438.6971,0.4941,1.0697,366903.649,322170.6347,memory_stress,checkoutservice,2026-06-09 15:15:00,2026-06-09 15:30:00,during_fault,6.6025634,1
2026-06-09 15:27:35,1055,EXP_FAULT_03,RUN_03,memory_stress,1,frontend,frontend-f03-00,online-boutique,node-a,0.7889,84.9984,0,448.675,0.003146,23.454,16.0734,45.4785,57.4508,91.345,426.0097,447.2637,0.3883,1.0231,564270.7984,372634.3557,memory_stress,checkoutservice,2026-06-09 15:15:00,2026-06-09 15:30:00,during_fault,5.4732833,1
2026-06-09 15:27:40,1060,EXP_FAULT_03,RUN_03,memory_stress,1,frontend,frontend-f03-00,online-boutique,node-a,0.7463,84.0171,0,455.0928,0.004113,24.3385,17.066,45.3856,68.7933,105.8727,431.4015,453.2211,0.7246,1.1471,421601.3641,314475.7536,memory_stress,checkoutservice,2026-06-09 15:15:00,2026-06-09 15:30:00,during_fault,11.341696,1
2026-06-09 15:27:45,1065,EXP_FAULT_03,RUN_03,memory_stress,1,frontend,frontend-f03-00,online-boutique,node-a,0.7915,82.6816,0,433.9822,0.00326,20.294,13.9037,40.6836,53.2719,82.3843,411.2097,432.5673,0.2557,1.1593,466774.2781,316857.9081,memory_stress,checkoutservice,2026-06-09 15:15:00,2026-06-09 15:30:00,during_fault,4.042737,1
2026-06-09 15:27:50,1070,EXP_FAULT_03,RUN_03,memory_stress,1,frontend,frontend-f03-00,online-boutique,node-a,0.7816,84.2592,0,448.7337,0.004019,25.7003,18.8135,47.9777,68.0358,102.6955,424.5622,446.9302,0.5824,1.2212,412893.9922,337916.5291,memory_stress,checkoutservice,2026-06-09 15:15:00,2026-06-09 15:30:00,during_fault,12.487253,1
2026-06-09 15:27:55,1075,EXP_FAULT_03,RUN_03,memory_stress,1,frontend,frontend-f03-00,online-boutique,node-a,0.7777,84.9275,0,430.4366,0.002816,22.1384,16.2274,41.074,63.9758,91.6038,407.1976,429.2246,0.1105,1.1015,545749.5693,445333.8653,memory_stress,checkoutservice,2026-06-09 15:15:00,2026-06-09 15:30:00,during_fault,3.738655,1
2026-06-09 15:28:00,1080,EXP_FAULT_03,RUN_03,memory_stress,1,frontend,frontend-f03-00,online-boutique,node-a,0.7612,84.7969,0,445.4787,0.003296,24.3325,18.4458,45.713,63.9062,94.7737,421.0231,444.0103,0.2813,1.187,449134.4832,379764.2912,memory_stress,checkoutservice,2026-06-09 15:15:00,2026-06-09 15:30:00,during_fault,7.6730833,1
2026-06-09 15:28:05,1085,EXP_FAULT_03,RUN_03,memory_stress,1,frontend,frontend-f03-00,online-boutique,node-a,0.7665,82.6162,0,454.4506,0.003723,23.5062,17.0721,47.8858,62.9805,94.6759,429.2718,452.7587,0.4101,1.2817,407256.0164,355756.7681,memory_stress,checkoutservice,2026-06-09 15:15:00,2026-06-09 15:30:00,during_fault,8.7686405,1
2026-06-09 15:28:10,1090,EXP_FAULT_03,RUN_03,memory_stress,1,frontend,frontend-f03-00,online-boutique,node-a,0.7581,81.8881,0,446.4386,0.003187,23.015,16.4051,46.9728,60.6235,99.6464,421.7564,445.0157,0.294,1.129,421428.5389,365098.2949,memory_stress,checkoutservice,2026-06-09 15:15:00,2026-06-09 15:30:00,during_fault,6.840642,1
2026-06-09 15:28:15,1095,EXP_FAULT_03,RUN_03,memory_stress,1,frontend,frontend-f03-00,online-boutique,node-a,0.7615,85.8672,0,451.9763,0.003271,25.0096,18.6165,50.2705,65.1936,110.067,426.9467,450.4981,0.2915,1.1867,447742.0542,398787.9585,memory_stress,checkoutservice,2026-06-09 15:15:00,2026-06-09 15:30:00,during_fault,7.6595078,1
2026-06-09 15:28:20,1100,EXP_FAULT_03,RUN_03,memory_stress,1,frontend,frontend-f03-00,online-boutique,node-a,0.7728,84.1736,0,428.3593,0.003787,25.6342,17.4021,49.2593,72.5465,106.4769,404.6725,426.7372,0.5446,1.0775,470540.1518,352474.7615,memory_stress,checkoutservice,2026-06-09 15:15:00,2026-06-09 15:30:00,during_fault,12.820297,1
2026-06-09 15:28:25,1105,EXP_FAULT_03,RUN_03,memory_stress,1,frontend,frontend-f03-00,online-boutique,node-a,0.7755,84.6077,0,440.5321,0.003692,22.2996,15.4559,40.26,62.1962,98.2231,416.3201,438.9057,0.397,1.2295,548513.634,336441.5189,memory_stress,checkoutservice,2026-06-09 15:15:00,2026-06-09 15:30:00,during_fault,6.5817366,1
2026-06-09 15:28:30,1110,EXP_FAULT_03,RUN_03,memory_stress,1,frontend,frontend-f03-00,online-boutique,node-a,0.762,83.7573,0,447.7489,0.002983,23.24,15.9997,45.2727,67.1214,93.9232,423.5281,446.4134,0.1167,1.2188,495509.1,441144.5881,memory_stress,checkoutservice,2026-06-09 15:15:00,2026-06-09 15:30:00,during_fault,5.493449,1
2026-06-09 15:28:35,1115,EXP_FAULT_03,RUN_03,memory_stress,1,frontend,frontend-f03-00,online-boutique,node-a,0.7922,84.2242,0,463.3515,0.002985,22.9196,16.457,47.0816,61.5309,101.9571,438.5994,461.9684,0.2617,1.1214,397654.0491,443955.664,memory_stress,checkoutservice,2026-06-09 15:15:00,2026-06-09 15:30:00,during_fault,4.1212587,1
2026-06-09 15:28:40,1120,EXP_FAULT_03,RUN_03,memory_stress,1,frontend,frontend-f03-00,online-boutique,node-a,0.7452,83.2973,0,429.432,0.003089,21.1259,13.979,38.7836,59.6125,95.6844,406.9193,428.1056,0.2172,1.1092,366550.7652,428910.3469,memory_stress,checkoutservice,2026-06-09 15:15:00,2026-06-09 15:30:00,during_fault,4.49878,1
2026-06-09 15:28:45,1125,EXP_FAULT_03,RUN_03,memory_stress,1,frontend,frontend-f03-00,online-boutique,node-a,0.7294,83.4267,0,444.0609,0.003555,21.3593,15.7496,39.779,59.4909,89.3338,421.1251,442.4824,0.4474,1.1311,415293.253,389037.4176,memory_stress,checkoutservice,2026-06-09 15:15:00,2026-06-09 15:30:00,during_fault,6.3888407,1
2026-06-09 15:28:50,1130,EXP_FAULT_03,RUN_03,memory_stress,1,frontend,frontend-f03-00,online-boutique,node-a,0.7822,83.5597,0,438.7625,0.003326,21.1533,14.9247,37.5072,53.704,92.7166,416.6187,437.3031,0.4608,0.9985,372481.4415,385945.4694,memory_stress,checkoutservice,2026-06-09 15:15:00,2026-06-09 15:30:00,during_fault,4.498525,1
2026-06-09 15:28:55,1135,EXP_FAULT_03,RUN_03,memory_stress,1,frontend,frontend-f03-00,online-boutique,node-a,0.7346,83.6515,0,452.0914,0.002734,23.3179,15.7632,45.5287,62.6328,87.7356,429.9725,450.8554,0.1575,1.0785,512516.5753,350366.6442,memory_stress,checkoutservice,2026-06-09 15:15:00,2026-06-09 15:30:00,during_fault,5.080243,1
2026-06-09 15:29:00,1140,EXP_FAULT_03,RUN_03,memory_stress,1,frontend,frontend-f03-00,online-boutique,node-a,0.8019,84.7394,0,442.3535,0.00381,22.6943,16.1373,42.2834,62.7118,95.2515,421.0276,440.6681,0.5988,1.0866,504611.1685,396868.5112,memory_stress,checkoutservice,2026-06-09 15:15:00,2026-06-09 15:30:00,during_fault,7.121882,1
2026-06-09 15:29:05,1145,EXP_FAULT_03,RUN_03,memory_stress,1,frontend,frontend-f03-00,online-boutique,node-a,0.7853,83.1434,0,442.5933,0.002547,24.443,16.9392,47.5891,68.1727,101.1006,422.3098,441.4659,0.129,0.9983,473502.6719,442409.0072,memory_stress,checkoutservice,2026-06-09 15:15:00,2026-06-09 15:30:00,during_fault,6.3605795,1
2026-06-09 15:29:10,1150,EXP_FAULT_03,RUN_03,memory_stress,1,frontend,frontend-f03-00,online-boutique,node-a,0.7729,84.1362,0,436.333,0.002501,22.4243,15.3146,43.7237,61.4594,95.6163,416.9908,435.2418,0.1605,0.9306,419954.5446,285550.0721,memory_stress,checkoutservice,2026-06-09 15:15:00,2026-06-09 15:30:00,during_fault,3.5887814,1
2026-06-09 15:29:15,1155,EXP_FAULT_03,RUN_03,memory_stress,1,frontend,frontend-f03-00,online-boutique,node-a,0.7538,84.4194,0,434.2157,0.003514,21.2069,15.3252,41.7752,56.653,79.8729,415.513,432.6901,0.6206,0.905,479441.9861,328192.3856,memory_stress,checkoutservice,2026-06-09 15:15:00,2026-06-09 15:30:00,during_fault,5.441146,1
2026-06-09 15:29:20,1160,EXP_FAULT_03,RUN_03,memory_stress,1,frontend,frontend-f03-00,online-boutique,node-a,0.8022,84.181,0,438.7945,0.003021,22.0839,14.6125,43.0426,52.7909,84.4871,420.6635,437.4688,0.4418,0.8839,526048.0881,448685.5319,memory_stress,checkoutservice,2026-06-09 15:15:00,2026-06-09 15:30:00,during_fault,4.126044,1
2026-06-09 15:29:25,1165,EXP_FAULT_03,RUN_03,memory_stress,1,frontend,frontend-f03-00,online-boutique,node-a,0.7991,83.6879,0,438.6896,0.003066,22.7337,16.5359,44.626,55.9515,92.7508,421.2687,437.3446,0.4494,0.8956,438649.1008,361034.259,memory_stress,checkoutservice,2026-06-09 15:15:00,2026-06-09 15:30:00,during_fault,5.1345887,1
2026-06-09 15:29:30,1170,EXP_FAULT_03,RUN_03,memory_stress,1,frontend,frontend-f03-00,online-boutique,node-a,0.8068,82.8252,0,425.9227,0.002624,21.0038,15.2166,39.9694,55.5352,85.9471,409.6891,424.8051,0.3724,0.7452,500978.7744,410438.5267,memory_stress,checkoutservice,2026-06-09 15:15:00,2026-06-09 15:30:00,during_fault,3.0334678,1
2026-06-09 15:29:35,1175,EXP_FAULT_03,RUN_03,memory_stress,1,frontend,frontend-f03-00,online-boutique,node-a,0.7586,85.2954,0,424.0531,0.002703,21.8102,16.7634,42.8258,55.8146,75.7589,408.4805,422.9069,0.431,0.7151,367399.6504,279981.6653,memory_stress,checkoutservice,2026-06-09 15:15:00,2026-06-09 15:30:00,during_fault,3.1877499,1
2026-06-09 15:29:40,1180,EXP_FAULT_03,RUN_03,memory_stress,1,frontend,frontend-f03-00,online-boutique,node-a,0.7977,82.2699,0,428.8538,0.002151,20.7282,15.3821,38.5907,53.4797,73.7466,413.8917,427.9313,0.1892,0.7334,365780.5985,289367.5083,memory_stress,checkoutservice,2026-06-09 15:15:00,2026-06-09 15:30:00,during_fault,2.0410464,1
2026-06-09 15:29:45,1185,EXP_FAULT_03,RUN_03,memory_stress,1,frontend,frontend-f03-00,online-boutique,node-a,0.7442,83.3535,0,436.114,0.002863,21.5773,16.6873,39.5431,51.9074,74.1193,421.1984,434.8656,0.4686,0.7798,511359.9369,285361.2041,memory_stress,checkoutservice,2026-06-09 15:15:00,2026-06-09 15:30:00,during_fault,4.017679,1
2026-06-09 15:29:50,1190,EXP_FAULT_03,RUN_03,memory_stress,1,frontend,frontend-f03-00,online-boutique,node-a,0.7933,83.6682,0,437.617,0.002536,21.8107,16.261,38.5456,51.532,83.4136,423.2824,436.507,0.3564,0.7536,471508.7123,408925.9166,memory_stress,checkoutservice,2026-06-09 15:15:00,2026-06-09 15:30:00,during_fault,3.0182834,1
2026-06-09 15:29:55,1195,EXP_FAULT_03,RUN_03,memory_stress,1,frontend,frontend-f03-00,online-boutique,node-a,0.7299,84.01,0,431.5986,0.002094,21.4767,16.3777,39.2689,50.1859,71.6791,418.1227,430.6946,0.2109,0.6931,361084.4932,389173.8722,memory_stress,checkoutservice,2026-06-09 15:15:00,2026-06-09 15:30:00,during_fault,2.0832806,1
2026-06-09 15:30:00,1200,EXP_FAULT_03,RUN_03,memory_stress,1,frontend,frontend-f03-00,online-boutique,node-a,0.8193,82.366,0,418.5132,0.002581,22.0049,16.905,40.0981,56.3565,75.8148,405.5806,417.4331,0.4342,0.6459,462873.1085,404257.9795,memory_stress,checkoutservice,2026-06-09 15:15:00,2026-06-09 15:30:00,post_fault,4.436724,1
2026-06-09 15:30:05,1205,EXP_FAULT_03,RUN_03,memory_stress,1,frontend,frontend-f03-00,online-boutique,node-a,0.7858,83.4513,0,412.4994,0.002065,20.7188,14.9196,35.2916,48.2852,76.0911,399.9938,411.6476,0.1989,0.6529,345864.9961,337465.2403,memory_stress,checkoutservice,2026-06-09 15:15:00,2026-06-09 15:30:00,post_fault,2.1141155,1
2026-06-09 15:30:10,1210,EXP_FAULT_03,RUN_03,memory_stress,1,frontend,frontend-f03-00,online-boutique,node-a,0.7838,84.1201,0,411.0512,0.002685,21.3488,16.038,40.5816,53.0525,81.5281,398.6701,409.9476,0.4379,0.6656,354350.29,340734.0026,memory_stress,checkoutservice,2026-06-09 15:15:00,2026-06-09 15:30:00,post_fault,3.548594,1
2026-06-09 15:30:15,1215,EXP_FAULT_03,RUN_03,memory_stress,1,frontend,frontend-f03-00,online-boutique,node-a,0.7306,84.2435,0,403.0434,0.00256,19.9563,14.0641,37.4999,46.6179,70.8976,391.0155,402.0118,0.4025,0.6291,491745.1807,271286.3614,memory_stress,checkoutservice,2026-06-09 15:15:00,2026-06-09 15:30:00,post_fault,2.0932899,1
2026-06-09 15:30:20,1220,EXP_FAULT_03,RUN_03,memory_stress,1,frontend,frontend-f03-00,online-boutique,node-a,0.7284,85.1414,0,398.4062,0.001603,19.5553,14.9127,34.9076,44.8278,69.568,386.9428,397.7676,0.1099,0.5287,369075.811,282461.4064,memory_stress,checkoutservice,2026-06-09 15:15:00,2026-06-09 15:30:00,post_fault,0.6210361,1
2026-06-09 15:30:25,1225,EXP_FAULT_03,RUN_03,memory_stress,1,frontend,frontend-f03-00,online-boutique,node-a,0.7722,84.9872,0,396.991,0.002223,20.4577,13.932,36.6586,48.868,73.0666,385.6227,396.1084,0.3154,0.5672,470886.1225,352787.4089,memory_stress,checkoutservice,2026-06-09 15:15:00,2026-06-09 15:30:00,post_fault,2.0327878,1
2026-06-09 15:30:30,1230,EXP_FAULT_03,RUN_03,memory_stress,1,frontend,frontend-f03-00,online-boutique,node-a,0.7526,82.5462,0,395.2326,0.003045,21.8943,15.2517,41.7142,54.8375,84.2857,383.796,394.029,0.5894,0.6142,487652.271,291304.1804,memory_stress,checkoutservice,2026-06-09 15:15:00,2026-06-09 15:30:00,post_fault,6.537917,1
2026-06-09 15:30:35,1235,EXP_FAULT_03,RUN_03,memory_stress,1,frontend,frontend-f03-00,online-boutique,node-a,0.8292,83.1829,0,392.3388,0.002961,20.3108,15.1336,38.827,44.7891,65.8479,381.2856,391.177,0.5884,0.5734,404363.4515,404568.465,memory_stress,checkoutservice,2026-06-09 15:15:00,2026-06-09 15:30:00,post_fault,4.3796167,1
2026-06-09 15:30:40,1240,EXP_FAULT_03,RUN_03,memory_stress,1,frontend,frontend-f03-00,online-boutique,node-a,0.7113,83.2885,0,390.8699,0.001735,21.0905,16.4882,36.2737,50.343,74.7541,380.2189,390.1919,0.197,0.481,494187.7983,351051.4064,memory_stress,checkoutservice,2026-06-09 15:15:00,2026-06-09 15:30:00,post_fault,2.5321572,1
2026-06-09 15:30:45,1245,EXP_FAULT_03,RUN_03,memory_stress,1,frontend,frontend-f03-00,online-boutique,node-a,0.8041,83.9023,0,395.5004,0.002034,19.2426,13.5377,35.2434,42.0148,64.87,384.8155,394.6961,0.2627,0.5416,351456.4735,395404.1451,memory_stress,checkoutservice,2026-06-09 15:15:00,2026-06-09 15:30:00,post_fault,1.5418466,1
2026-06-09 15:30:50,1250,EXP_FAULT_03,RUN_03,memory_stress,1,frontend,frontend-f03-00,online-boutique,node-a,0.7078,85.4481,0,385.9714,0.002682,21.9885,14.8751,39.984,53.8754,75.3162,375.4545,384.9362,0.446,0.5891,357617.895,266211.6919,memory_stress,checkoutservice,2026-06-09 15:15:00,2026-06-09 15:30:00,post_fault,4.293482,1
2026-06-09 15:30:55,1255,EXP_FAULT_03,RUN_03,memory_stress,1,frontend,frontend-f03-00,online-boutique,node-a,0.7723,83.7928,0,390.2697,0.002682,19.651,14.8815,32.3503,46.748,68.5092,379.7791,389.2229,0.4963,0.5504,421890.5897,391227.0492,memory_stress,checkoutservice,2026-06-09 15:15:00,2026-06-09 15:30:00,post_fault,2.6488698,1
2026-06-09 15:31:00,1260,EXP_FAULT_03,RUN_03,memory_stress,1,frontend,frontend-f03-00,online-boutique,node-a,0.7333,82.0886,0,391.1156,0.00162,21.0707,16.0347,38.6864,49.204,78.7438,381.0375,390.4819,0.1335,0.5001,438180.8765,349341.0719,memory_stress,checkoutservice,2026-06-09 15:15:00,2026-06-09 15:30:00,post_fault,2.9201999,1
2026-06-09 15:31:05,1265,EXP_FAULT_03,RUN_03,memory_stress,1,frontend,frontend-f03-00,online-boutique,node-a,0.8061,84.104,0,390.0581,0.001476,20.8511,14.2967,36.1191,50.7077,68.8912,380.1563,389.4825,0.1052,0.4705,429960.4186,258694.0451,memory_stress,checkoutservice,2026-06-09 15:15:00,2026-06-09 15:30:00,post_fault,2.6643794,1
2026-06-09 15:31:10,1270,EXP_FAULT_03,RUN_03,memory_stress,1,frontend,frontend-f03-00,online-boutique,node-a,0.7006,83.6837,0,382.3044,0.003066,20.7992,15.7633,38.6736,45.8264,66.7493,372.2867,381.1322,0.6099,0.5623,480991.1267,283788.7443,memory_stress,checkoutservice,2026-06-09 15:15:00,2026-06-09 15:30:00,post_fault,5.1850834,1
2026-06-09 15:31:15,1275,EXP_FAULT_03,RUN_03,memory_stress,1,frontend,frontend-f03-00,online-boutique,node-a,0.7729,85.2161,0,389.7998,0.001691,18.3981,12.6528,30.4035,45.939,59.815,380.0892,389.1408,0.1144,0.5447,452931.6433,326597.6664,memory_stress,checkoutservice,2026-06-09 15:15:00,2026-06-09 15:30:00,post_fault,0.8303954,1
2026-06-09 15:31:20,1280,EXP_FAULT_03,RUN_03,memory_stress,1,frontend,frontend-f03-00,online-boutique,node-a,0.7116,83.3816,0,394.4658,0.002572,19.9777,15.2517,36.1857,42.6709,65.2355,384.5041,393.4511,0.5618,0.453,334522.2192,269629.0521,memory_stress,checkoutservice,2026-06-09 15:15:00,2026-06-09 15:30:00,post_fault,2.7128332,1
2026-06-09 15:31:25,1285,EXP_FAULT_03,RUN_03,memory_stress,1,frontend,frontend-f03-00,online-boutique,node-a,0.7456,83.1931,0,402.5159,0.001835,20.628,15.0879,35.4018,49.3922,65.7114,392.7046,401.7774,0.2061,0.5324,331214.2272,336412.261,memory_stress,checkoutservice,2026-06-09 15:15:00,2026-06-09 15:30:00,post_fault,1.9227011,1
2026-06-09 15:31:30,1290,EXP_FAULT_03,RUN_03,memory_stress,1,frontend,frontend-f03-00,online-boutique,node-a,0.7901,83.4393,0,389.7497,0.002053,19.7255,13.2915,34.44,46.8168,64.4667,380.365,388.9496,0.2639,0.5361,488352.6189,293009.8238,memory_stress,checkoutservice,2026-06-09 15:15:00,2026-06-09 15:30:00,post_fault,1.8630288,1
2026-06-09 15:31:35,1295,EXP_FAULT_03,RUN_03,memory_stress,1,frontend,frontend-f03-00,online-boutique,node-a,0.7744,84.2849,0,389.0188,0.001416,20.8705,15.5138,39.0266,50.7057,74.3922,379.9273,388.4681,0.1396,0.4111,390437.7229,402019.5405,memory_stress,checkoutservice,2026-06-09 15:15:00,2026-06-09 15:30:00,post_fault,2.136762,1
2026-06-09 15:31:40,1300,EXP_FAULT_03,RUN_03,memory_stress,1,frontend,frontend-f03-00,online-boutique,node-a,0.8049,84.9307,0,399.0935,0.002349,21.0946,16.6338,34.6792,48.5472,74.9888,389.7452,398.156,0.4068,0.5307,350408.0497,324049.4403,memory_stress,checkoutservice,2026-06-09 15:15:00,2026-06-09 15:30:00,post_fault,3.0740628,1
2026-06-09 15:31:45,1305,EXP_FAULT_03,RUN_03,memory_stress,1,frontend,frontend-f03-00,online-boutique,node-a,0.8052,83.5271,0,419.2229,0.001932,19.7227,15.1171,33.7081,47.6469,64.9817,409.5899,418.413,0.2561,0.5538,379526.136,295225.2548,memory_stress,checkoutservice,2026-06-09 15:15:00,2026-06-09 15:30:00,post_fault,1.301621,1
2026-06-09 15:31:50,1310,EXP_FAULT_03,RUN_03,memory_stress,1,frontend,frontend-f03-00,online-boutique,node-a,0.7847,83.9835,0,415.1268,0.002125,20.3404,15.0785,35.3443,45.9936,69.419,405.6664,414.2448,0.3995,0.4825,491316.4994,357697.5271,memory_stress,checkoutservice,2026-06-09 15:15:00,2026-06-09 15:30:00,post_fault,1.68319,1
2026-06-09 15:31:55,1315,EXP_FAULT_03,RUN_03,memory_stress,1,frontend,frontend-f03-00,online-boutique,node-a,0.7654,84.0782,0,410.5117,0.00185,20.43,15.1629,34.8071,45.3144,73.4037,401.2785,409.7523,0.2377,0.5217,481110.8128,307107.6864,memory_stress,checkoutservice,2026-06-09 15:15:00,2026-06-09 15:30:00,post_fault,1.3953475,1
2026-06-09 15:32:00,1320,EXP_FAULT_03,RUN_03,memory_stress,1,frontend,frontend-f03-00,online-boutique,node-a,0.7383,84.9444,0,424.274,0.001607,19.3498,14.1612,36.3468,42.9408,66.5555,414.9332,423.5922,0.162,0.5197,428279.4425,369766.4645,memory_stress,checkoutservice,2026-06-09 15:15:00,2026-06-09 15:30:00,post_fault,0.27019176,0
2026-06-09 15:32:05,1325,EXP_FAULT_03,RUN_03,memory_stress,1,frontend,frontend-f03-00,online-boutique,node-a,0.7502,85.3361,0,410.7028,0.002269,20.806,15.4524,34.3807,48.433,70.9792,401.5408,409.771,0.4119,0.5198,404499.7019,348105.3186,memory_stress,checkoutservice,2026-06-09 15:15:00,2026-06-09 15:30:00,post_fault,1.8204848,1
2026-06-09 15:32:10,1330,EXP_FAULT_03,RUN_03,memory_stress,1,frontend,frontend-f03-00,online-boutique,node-a,0.7385,83.5677,0,409.3912,0.002266,17.4095,13.2829,28.7954,40.5855,55.7089,400.3834,408.4637,0.5146,0.4129,471486.1278,358917.3112,memory_stress,checkoutservice,2026-06-09 15:15:00,2026-06-09 15:30:00,post_fault,0.474648,0
2026-06-09 15:32:15,1335,EXP_FAULT_03,RUN_03,memory_stress,1,frontend,frontend-f03-00,online-boutique,node-a,0.7607,83.6904,0,419.8598,0.002274,20.301,13.8611,37.6504,43.7324,73.0851,410.8088,418.9049,0.5133,0.4416,528869.8786,407532.8327,memory_stress,checkoutservice,2026-06-09 15:15:00,2026-06-09 15:30:00,post_fault,1.6797421,1
2026-06-09 15:32:20,1340,EXP_FAULT_03,RUN_03,memory_stress,1,frontend,frontend-f03-00,online-boutique,node-a,0.7545,85.1847,0,405.3373,0.002529,18.7077,14.5628,33.2843,42.2155,56.901,396.6934,404.3124,0.6252,0.3997,427036.633,299527.6715,memory_stress,checkoutservice,2026-06-09 15:15:00,2026-06-09 15:30:00,post_fault,1.1302897,1
2026-06-09 15:32:25,1345,EXP_FAULT_03,RUN_03,memory_stress,1,frontend,frontend-f03-00,online-boutique,node-a,0.7466,84.0386,0,423.6835,0.001875,19.989,14.3415,33.727,46.6268,71.482,414.9083,422.8888,0.3566,0.438,477023.6461,368769.7207,memory_stress,checkoutservice,2026-06-09 15:15:00,2026-06-09 15:30:00,post_fault,0.81329644,1
2026-06-09 15:32:30,1350,EXP_FAULT_03,RUN_03,memory_stress,1,frontend,frontend-f03-00,online-boutique,node-a,0.773,84.9268,0,433.4446,0.001442,19.9021,14.8865,31.8925,45.9728,63.6039,424.6398,432.8197,0.1328,0.4922,486197.3234,297461.1506,memory_stress,checkoutservice,2026-06-09 15:15:00,2026-06-09 15:30:00,post_fault,0.49968815,1
2026-06-09 15:32:35,1355,EXP_FAULT_03,RUN_03,memory_stress,1,frontend,frontend-f03-00,online-boutique,node-a,0.7158,84.4109,0,419.404,0.001852,20.5424,15.2467,35.3026,46.9884,69.7727,410.9011,418.6272,0.2824,0.4944,430394.9697,377938.6718,memory_stress,checkoutservice,2026-06-09 15:15:00,2026-06-09 15:30:00,post_fault,1.1025175,1
2026-06-09 15:32:40,1360,EXP_FAULT_03,RUN_03,memory_stress,1,frontend,frontend-f03-00,online-boutique,node-a,0.7505,85.1145,0,410.7094,0.00257,19.0419,13.4096,35.0097,42.9697,68.2204,402.4199,409.6541,0.632,0.4234,397487.3727,409783.6413,memory_stress,checkoutservice,2026-06-09 15:15:00,2026-06-09 15:30:00,post_fault,1.2739474,1
2026-06-09 15:32:45,1365,EXP_FAULT_03,RUN_03,memory_stress,1,frontend,frontend-f03-00,online-boutique,node-a,0.7708,85.6991,0,429.5299,0.00141,19.0923,14.8929,32.6847,43.9005,64.3558,421.211,428.9244,0.2121,0.3934,399962.9144,355004.7197,memory_stress,checkoutservice,2026-06-09 15:15:00,2026-06-09 15:30:00,post_fault,0.36293322,0
2026-06-09 15:32:50,1370,EXP_FAULT_03,RUN_03,memory_stress,1,frontend,frontend-f03-00,online-boutique,node-a,0.7542,83.8211,0,422.6997,0.002398,19.4373,13.6909,35.6457,42.1396,64.7648,414.3476,421.6863,0.6257,0.3878,371539.4727,426490.1001,memory_stress,checkoutservice,2026-06-09 15:15:00,2026-06-09 15:30:00,post_fault,1.3003798,1
2026-06-09 15:32:55,1375,EXP_FAULT_03,RUN_03,memory_stress,1,frontend,frontend-f03-00,online-boutique,node-a,0.7477,84.9814,0,413.2154,0.002343,20.5592,13.9533,34.4522,43.8727,71.9032,405.2235,412.2473,0.4957,0.4724,438982.3604,408530.4038,memory_stress,checkoutservice,2026-06-09 15:15:00,2026-06-09 15:30:00,post_fault,1.7749317,1
2026-06-09 15:33:00,1380,EXP_FAULT_03,RUN_03,memory_stress,1,frontend,frontend-f03-00,online-boutique,node-a,0.7934,82.894,0,416.5749,0.001622,18.2439,13.4617,30.7474,38.3682,61.2774,408.7431,415.8992,0.1996,0.4761,532022.4198,408171.6606,memory_stress,checkoutservice,2026-06-09 15:15:00,2026-06-09 15:30:00,post_fault,0.40971184,0
2026-06-09 15:33:05,1385,EXP_FAULT_03,RUN_03,memory_stress,1,frontend,frontend-f03-00,online-boutique,node-a,0.7722,83.79,0,408.8678,0.001784,19.1146,14.4849,34.4755,45.548,60.3324,401.3034,408.1383,0.2673,0.4622,515721.5697,382036.0171,memory_stress,checkoutservice,2026-06-09 15:15:00,2026-06-09 15:30:00,post_fault,0.72256756,1
2026-06-09 15:33:10,1390,EXP_FAULT_03,RUN_03,memory_stress,1,frontend,frontend-f03-00,online-boutique,node-a,0.7347,85.9213,0,417.8092,0.001749,19.9561,15.3531,34.7992,44.9749,65.583,410.0971,417.0785,0.3625,0.3682,383368.6779,332701.8347,memory_stress,checkoutservice,2026-06-09 15:15:00,2026-06-09 15:30:00,post_fault,0.54695666,1
2026-06-09 15:33:15,1395,EXP_FAULT_03,RUN_03,memory_stress,1,frontend,frontend-f03-00,online-boutique,node-a,0.74,84.2415,0,408.0449,0.001947,19.23,14.4889,32.936,44.9111,60.6612,400.5945,407.2503,0.427,0.3677,491211.7986,321722.9897,memory_stress,checkoutservice,2026-06-09 15:15:00,2026-06-09 15:30:00,post_fault,0.6806692,1
2026-06-09 15:33:20,1400,EXP_FAULT_03,RUN_03,memory_stress,1,frontend,frontend-f03-00,online-boutique,node-a,0.83,83.6601,0,411.9396,0.001757,18.216,13.8713,29.4326,39.7306,58.8528,404.5232,411.2158,0.267,0.4569,510988.2944,343403.2601,memory_stress,checkoutservice,2026-06-09 15:15:00,2026-06-09 15:30:00,post_fault,0.9462921,1
2026-06-09 15:33:25,1405,EXP_FAULT_03,RUN_03,memory_stress,1,frontend,frontend-f03-00,online-boutique,node-a,0.8035,84.9433,0,410.2874,0.001418,18.732,13.7518,33.6595,41.4433,55.514,403.1647,409.7054,0.2485,0.3335,392420.4942,373052.7609,memory_stress,checkoutservice,2026-06-09 15:15:00,2026-06-09 15:30:00,post_fault,0.885266,1
2026-06-09 15:33:30,1410,EXP_FAULT_03,RUN_03,memory_stress,1,frontend,frontend-f03-00,online-boutique,node-a,0.7548,84.9751,0,409.1191,0.002052,17.9686,13.4904,32.3574,38.9726,54.87,402.004,408.2797,0.4968,0.3426,460469.5916,390882.5928,memory_stress,checkoutservice,2026-06-09 15:15:00,2026-06-09 15:30:00,post_fault,0.33765787,0
2026-06-09 15:33:35,1415,EXP_FAULT_03,RUN_03,memory_stress,1,frontend,frontend-f03-00,online-boutique,node-a,0.7641,83.4893,0,415.947,0.001313,19.4136,14.4185,32.656,44.3759,60.037,408.9046,415.4008,0.1556,0.3906,509424.3811,389410.8998,memory_stress,checkoutservice,2026-06-09 15:15:00,2026-06-09 15:30:00,post_fault,0.558918,1
2026-06-09 15:33:40,1420,EXP_FAULT_03,RUN_03,memory_stress,1,frontend,frontend-f03-00,online-boutique,node-a,0.7425,83.9376,0,424.2255,0.001376,20.8746,14.6078,33.7142,47.4493,61.9726,417.0844,423.6417,0.1538,0.43,452134.61,428152.646,memory_stress,checkoutservice,2026-06-09 15:15:00,2026-06-09 15:30:00,post_fault,1.066336,1
2026-06-09 15:33:45,1425,EXP_FAULT_03,RUN_03,memory_stress,1,frontend,frontend-f03-00,online-boutique,node-a,0.7308,85.0019,0,396.6883,0.001359,20.1941,14.7722,33.8817,44.5335,67.743,390.1466,396.1494,0.2405,0.2985,455800.7485,355401.2165,memory_stress,checkoutservice,2026-06-09 15:15:00,2026-06-09 15:30:00,post_fault,0.8479699,1
2026-06-09 15:33:50,1430,EXP_FAULT_03,RUN_03,memory_stress,1,frontend,frontend-f03-00,online-boutique,node-a,0.7247,86.2166,0,407.1964,0.001752,17.4647,12.4778,31.5592,35.2444,52.9424,400.4333,406.483,0.2914,0.422,418152.03,295927.7732,memory_stress,checkoutservice,2026-06-09 15:15:00,2026-06-09 15:30:00,post_fault,0.14469261,0
2026-06-09 15:33:55,1435,EXP_FAULT_03,RUN_03,memory_stress,1,frontend,frontend-f03-00,online-boutique,node-a,0.7669,82.7556,0,417.4156,0.002447,20.0869,13.6929,34.7063,42.1118,64.0281,410.3465,416.3941,0.5787,0.4428,461735.7864,338597.8579,memory_stress,checkoutservice,2026-06-09 15:15:00,2026-06-09 15:30:00,post_fault,2.2031035,1
2026-06-09 15:34:00,1440,EXP_FAULT_03,RUN_03,memory_stress,1,frontend,frontend-f03-00,online-boutique,node-a,0.742,84.9603,0,404.832,0.001542,19.9018,14.7841,31.3908,43.6942,62.4017,398.4093,404.2078,0.2594,0.3648,465550.2557,350225.5852,memory_stress,checkoutservice,2026-06-09 15:15:00,2026-06-09 15:30:00,post_fault,0.69728315,1
2026-06-09 15:34:05,1445,EXP_FAULT_03,RUN_03,memory_stress,1,frontend,frontend-f03-00,online-boutique,node-a,0.7773,84.3744,0,414.6565,0.001806,17.263,12.4913,29.1787,38.5094,59.3645,408.0787,413.9075,0.455,0.2939,530105.5091,318756.4113,memory_stress,checkoutservice,2026-06-09 15:15:00,2026-06-09 15:30:00,post_fault,0.16947362,0
2026-06-09 15:34:10,1450,EXP_FAULT_03,RUN_03,memory_stress,1,frontend,frontend-f03-00,online-boutique,node-a,0.7383,86.0273,0,424.6027,0.001388,17.4619,13.8992,29.2409,36.7629,55.7847,418.0707,424.0135,0.2632,0.326,427011.6652,339616.0264,memory_stress,checkoutservice,2026-06-09 15:15:00,2026-06-09 15:30:00,post_fault,0.03162758,0
2026-06-09 15:34:15,1455,EXP_FAULT_03,RUN_03,memory_stress,1,frontend,frontend-f03-00,online-boutique,node-a,0.7925,85.0635,0,420.5326,0.0021,18.163,14.0533,28.4395,36.3493,56.6369,414.0253,419.6496,0.4525,0.4305,512697.7368,405905.8058,memory_stress,checkoutservice,2026-06-09 15:15:00,2026-06-09 15:30:00,post_fault,0.49163565,1
2026-06-09 15:34:20,1460,EXP_FAULT_03,RUN_03,memory_stress,1,frontend,frontend-f03-00,online-boutique,node-a,0.731,83.0584,0,429.3605,0.001242,20.719,14.5577,36.4093,45.2245,65.0457,422.8747,428.8273,0.1142,0.419,491500.1811,392846.7501,memory_stress,checkoutservice,2026-06-09 15:15:00,2026-06-09 15:30:00,post_fault,1.0078933,1
2026-06-09 15:34:25,1465,EXP_FAULT_03,RUN_03,memory_stress,1,frontend,frontend-f03-00,online-boutique,node-a,0.7851,84.7883,0,430.0948,0.001777,19.2912,14.9969,33.5513,43.1922,63.1298,423.6583,429.3306,0.4527,0.3114,478697.3729,320300.0646,memory_stress,checkoutservice,2026-06-09 15:15:00,2026-06-09 15:30:00,post_fault,0.5233951,1
2026-06-09 15:34:30,1470,EXP_FAULT_03,RUN_03,memory_stress,1,frontend,frontend-f03-00,online-boutique,node-a,0.7461,82.1551,0,434.9268,0.001235,18.4427,14.1215,31.3328,41.7219,62.3676,428.5918,434.3899,0.1324,0.4045,552756.0734,394595.6655,memory_stress,checkoutservice,2026-06-09 15:15:00,2026-06-09 15:30:00,post_fault,0.0944623,0
2026-06-09 15:34:35,1475,EXP_FAULT_03,RUN_03,memory_stress,1,frontend,frontend-f03-00,online-boutique,node-a,0.8027,81.411,0,444.414,0.001781,19.7383,15.6686,35.1181,39.2559,60.3187,437.7994,443.6224,0.466,0.3256,449756.3144,405011.9852,memory_stress,checkoutservice,2026-06-09 15:15:00,2026-06-09 15:30:00,post_fault,0.90783215,1
2026-06-09 15:34:40,1480,EXP_FAULT_03,RUN_03,memory_stress,1,frontend,frontend-f03-00,online-boutique,node-a,0.7789,85.1581,0,429.9212,0.002184,19.4038,13.334,35.2904,39.7855,61.5531,423.5452,428.9825,0.567,0.3718,398408.8456,370750.1698,memory_stress,checkoutservice,2026-06-09 15:15:00,2026-06-09 15:30:00,post_fault,0.75194633,1
2026-06-09 15:34:45,1485,EXP_FAULT_03,RUN_03,memory_stress,1,frontend,frontend-f03-00,online-boutique,node-a,0.8372,84.7879,0,442.7029,0.001362,19.0619,14.2955,31.5446,42.9699,62.3723,436.5005,442.1,0.324,0.2789,486238.6591,406990.3363,memory_stress,checkoutservice,2026-06-09 15:15:00,2026-06-09 15:30:00,post_fault,0.87307805,1
2026-06-09 15:34:50,1490,EXP_FAULT_03,RUN_03,memory_stress,1,frontend,frontend-f03-00,online-boutique,node-a,0.7419,83.6897,0,434.474,0.001364,19.6727,14.0313,31.4602,44.1341,55.9941,428.3649,433.8814,0.2298,0.3628,546610.1857,411438.0745,memory_stress,checkoutservice,2026-06-09 15:15:00,2026-06-09 15:30:00,post_fault,0.29889792,0
2026-06-09 15:34:55,1495,EXP_FAULT_03,RUN_03,memory_stress,1,frontend,frontend-f03-00,online-boutique,node-a,0.7903,84.0463,0,457.564,0.002045,18.3035,13.567,32.377,37.3098,54.073,451.1742,456.6282,0.5926,0.3433,506471.2663,345425.8579,memory_stress,checkoutservice,2026-06-09 15:15:00,2026-06-09 15:30:00,post_fault,0.1790535,0
2026-06-09 15:35:00,1500,EXP_FAULT_03,RUN_03,memory_stress,1,frontend,frontend-f03-00,online-boutique,node-a,0.7823,85.4499,0,435.7648,0.001993,17.745,13.9966,31.8797,36.0316,51.9473,429.628,434.8961,0.476,0.3926,421170.5332,367829.7707,memory_stress,checkoutservice,2026-06-09 15:15:00,2026-06-09 15:30:00,post_fault,0.148122,0
2026-06-09 15:35:05,1505,EXP_FAULT_03,RUN_03,memory_stress,1,frontend,frontend-f03-00,online-boutique,node-a,0.7947,84.7798,0,464.079,0.001503,18.4389,14.5666,30.3493,38.2972,52.8564,457.8188,463.3813,0.4213,0.2764,549078.5641,417850.9137,memory_stress,checkoutservice,2026-06-09 15:15:00,2026-06-09 15:30:00,post_fault,0.0768839,0
2026-06-09 15:35:10,1510,EXP_FAULT_03,RUN_03,memory_stress,1,frontend,frontend-f03-00,online-boutique,node-a,0.7758,83.1417,0,456.6724,0.001031,18.6729,12.7923,31.9063,36.7724,54.8728,450.7302,456.2016,0.1408,0.3301,507297.2836,422203.8106,memory_stress,checkoutservice,2026-06-09 15:15:00,2026-06-09 15:30:00,post_fault,0.11852789,0
2026-06-09 15:35:15,1515,EXP_FAULT_03,RUN_03,memory_stress,1,frontend,frontend-f03-00,online-boutique,node-a,0.8307,83.8155,0,478.0576,0.001149,20.6418,15.009,33.5481,42.6859,61.2587,471.8532,477.5082,0.1903,0.359,568421.1774,328975.9498,memory_stress,checkoutservice,2026-06-09 15:15:00,2026-06-09 15:30:00,post_fault,0.87463635,1
2026-06-09 15:35:20,1520,EXP_FAULT_03,RUN_03,memory_stress,1,frontend,frontend-f03-00,online-boutique,node-a,0.7633,87.0731,0,462.2007,0.002217,19.4448,15.1708,33.8686,42.5907,63.5839,455.8913,461.1759,0.6388,0.386,502512.3747,449289.0368,memory_stress,checkoutservice,2026-06-09 15:15:00,2026-06-09 15:30:00,post_fault,0.2586981,0
2026-06-09 15:35:25,1525,EXP_FAULT_03,RUN_03,memory_stress,1,frontend,frontend-f03-00,online-boutique,node-a,0.8133,84.1397,0,471.2053,0.002294,20.405,14.6982,33.4621,42.8828,60.0875,464.9617,470.1245,0.7286,0.3521,485462.308,446851.1556,memory_stress,checkoutservice,2026-06-09 15:15:00,2026-06-09 15:30:00,post_fault,0.9152571,1
2026-06-09 15:35:30,1530,EXP_FAULT_03,RUN_03,memory_stress,1,frontend,frontend-f03-00,online-boutique,node-a,0.7993,84.6798,0,457.449,0.002081,18.4718,14.6225,33.0943,36.9184,57.0267,451.6321,456.497,0.6898,0.2622,537291.272,474435.6026,memory_stress,checkoutservice,2026-06-09 15:15:00,2026-06-09 15:30:00,post_fault,0.21840496,0
2026-06-09 15:35:35,1535,EXP_FAULT_03,RUN_03,memory_stress,1,frontend,frontend-f03-00,online-boutique,node-a,0.784,84.4362,0,485.3198,0.002079,19.4874,15.1725,31.9343,43.3583,62.9248,479.2009,484.3107,0.7281,0.2811,452856.7441,419306.6367,memory_stress,checkoutservice,2026-06-09 15:15:00,2026-06-09 15:30:00,post_fault,0.26652136,0
2026-06-09 15:35:40,1540,EXP_FAULT_03,RUN_03,memory_stress,1,frontend,frontend-f03-00,online-boutique,node-a,0.8157,84.2494,0,466.3981,0.001097,17.6627,13.5528,30.197,37.7787,55.2805,460.7577,465.8863,0.1836,0.3282,546552.0206,440356.2176,memory_stress,checkoutservice,2026-06-09 15:15:00,2026-06-09 15:30:00,post_fault,0.07017436,0
2026-06-09 15:35:45,1545,EXP_FAULT_03,RUN_03,memory_stress,1,frontend,frontend-f03-00,online-boutique,node-a,0.7945,83.9711,0,464.4469,0.002144,19.1696,14.3559,30.6187,40.1029,61.1153,458.6412,463.451,0.599,0.3969,579414.4263,398216.5124,memory_stress,checkoutservice,2026-06-09 15:15:00,2026-06-09 15:30:00,post_fault,0.41019377,0
2026-06-09 15:35:50,1550,EXP_FAULT_03,RUN_03,memory_stress,1,frontend,frontend-f03-00,online-boutique,node-a,0.7684,83.8297,0,467.4595,0.001954,18.8469,14.578,30.695,37.8067,54.2927,461.7443,466.5459,0.6347,0.2789,552853.7445,347620.6596,memory_stress,checkoutservice,2026-06-09 15:15:00,2026-06-09 15:30:00,post_fault,0.20119722,0
2026-06-09 15:35:55,1555,EXP_FAULT_03,RUN_03,memory_stress,1,frontend,frontend-f03-00,online-boutique,node-a,0.7503,83.3266,0,465.9457,0.002143,20.4526,15.0156,34.292,44.443,59.4756,460.2663,464.9473,0.6935,0.3049,398080.4096,405402.899,memory_stress,checkoutservice,2026-06-09 15:15:00,2026-06-09 15:30:00,post_fault,1.0266598,1
2026-06-09 15:36:00,1560,EXP_FAULT_03,RUN_03,memory_stress,1,frontend,frontend-f03-00,online-boutique,node-a,0.8288,85.3261,0,465.6461,0.001894,20.0839,14.2411,32.816,44.0908,63.7238,460.0377,464.764,0.6272,0.2549,582630.4043,421752.081,memory_stress,checkoutservice,2026-06-09 15:15:00,2026-06-09 15:30:00,post_fault,0.7593165,1
2026-06-09 15:36:05,1565,EXP_FAULT_03,RUN_03,memory_stress,1,frontend,frontend-f03-00,online-boutique,node-a,0.7485,83.7752,0,462.4437,0.00185,18.0338,13.4077,28.9476,36.815,49.5252,456.9545,461.588,0.4688,0.3868,519422.9064,363142.9309,memory_stress,checkoutservice,2026-06-09 15:15:00,2026-06-09 15:30:00,post_fault,0.11319202,0
2026-06-09 15:36:10,1570,EXP_FAULT_03,RUN_03,memory_stress,1,frontend,frontend-f03-00,online-boutique,node-a,0.7926,85.8646,0,461.5904,0.002211,19.1485,13.4186,33.9287,40.3668,62.5824,456.2637,460.5697,0.6695,0.3512,450570.2636,415525.7933,memory_stress,checkoutservice,2026-06-09 15:15:00,2026-06-09 15:30:00,post_fault,0.33713692,0
2026-06-09 15:36:15,1575,EXP_FAULT_03,RUN_03,memory_stress,1,frontend,frontend-f03-00,online-boutique,node-a,0.8045,84.6152,0,467.3738,0.001983,18.9598,13.2863,31.9348,38.0495,56.9866,462.0837,466.4471,0.6718,0.2549,464824.468,474314.5459,memory_stress,checkoutservice,2026-06-09 15:15:00,2026-06-09 15:30:00,post_fault,0.23388334,0
2026-06-09 15:36:20,1580,EXP_FAULT_03,RUN_03,memory_stress,1,frontend,frontend-f03-00,online-boutique,node-a,0.8004,85.4718,0,458.874,0.001766,20.0007,13.8472,33.8803,40.9222,65.2243,453.7379,458.0636,0.5176,0.2929,432023.9913,459654.9497,memory_stress,checkoutservice,2026-06-09 15:15:00,2026-06-09 15:30:00,post_fault,0.46423048,0
2026-06-09 15:36:25,1585,EXP_FAULT_03,RUN_03,memory_stress,1,frontend,frontend-f03-00,online-boutique,node-a,0.7559,84.9381,0,448.7233,0.001873,19.5034,14.4531,32.3742,39.7193,62.0318,443.6488,447.8831,0.6083,0.2319,386496.1783,342952.1118,memory_stress,checkoutservice,2026-06-09 15:15:00,2026-06-09 15:30:00,post_fault,0.28107506,0
2026-06-09 15:36:30,1590,EXP_FAULT_03,RUN_03,memory_stress,1,frontend,frontend-f03-00,online-boutique,node-a,0.7399,84.6399,0,456.6038,0.001003,19.6498,13.8125,31.7128,42.0976,54.6906,451.755,456.1457,0.1229,0.3353,443352.973,382849.7594,memory_stress,checkoutservice,2026-06-09 15:15:00,2026-06-09 15:30:00,post_fault,0.04445076,0
2026-06-09 15:36:35,1595,EXP_FAULT_03,RUN_03,memory_stress,1,frontend,frontend-f03-00,online-boutique,node-a,0.7654,86.1614,0,457.5122,0.002019,18.8799,13.5419,32.4819,42.1879,53.2849,452.6184,456.5884,0.5991,0.3247,521570.0159,472303.3387,memory_stress,checkoutservice,2026-06-09 15:15:00,2026-06-09 15:30:00,post_fault,0.12282119,0
2026-06-09 15:36:40,1600,EXP_FAULT_03,RUN_03,memory_stress,1,frontend,frontend-f03-00,online-boutique,node-a,0.7578,84.3579,0,438.5965,0.001138,18.7277,14.8586,31.9027,36.956,57.0633,434.0234,438.0975,0.2884,0.2106,394514.8873,449337.7368,memory_stress,checkoutservice,2026-06-09 15:15:00,2026-06-09 15:30:00,post_fault,0.09941684,0
2026-06-09 15:36:45,1605,EXP_FAULT_03,RUN_03,memory_stress,1,frontend,frontend-f03-00,online-boutique,node-a,0.8182,84.4237,0,445.5013,0.00174,20.4345,15.8656,33.1801,42.0074,60.5927,440.8784,444.7262,0.4984,0.2768,392199.4098,326820.9429,memory_stress,checkoutservice,2026-06-09 15:15:00,2026-06-09 15:30:00,post_fault,1.1759546,1
2026-06-09 15:36:50,1610,EXP_FAULT_03,RUN_03,memory_stress,1,frontend,frontend-f03-00,online-boutique,node-a,0.7917,83.8271,0,443.8619,0.00106,19.1004,14.7985,31.4539,37.442,55.2659,439.3717,443.3915,0.2404,0.2301,460824.2629,349112.5948,memory_stress,checkoutservice,2026-06-09 15:15:00,2026-06-09 15:30:00,post_fault,0.39283848,0
2026-06-09 15:36:55,1615,EXP_FAULT_03,RUN_03,memory_stress,1,frontend,frontend-f03-00,online-boutique,node-a,0.7811,82.142,0,451.1674,0.002203,19.1651,14.1242,31.6342,37.0184,54.1332,446.3135,450.1735,0.7211,0.2728,466781.8453,415858.9527,memory_stress,checkoutservice,2026-06-09 15:15:00,2026-06-09 15:30:00,post_fault,0.8113241,1
2026-06-09 15:37:00,1620,EXP_FAULT_03,RUN_03,memory_stress,1,frontend,frontend-f03-00,online-boutique,node-a,0.7664,84.6229,0,465.2943,0.000873,19.172,13.9787,32.4186,42.6372,61.123,460.7869,464.8883,0.1845,0.2215,499982.4313,303093.3943,memory_stress,checkoutservice,2026-06-09 15:15:00,2026-06-09 15:30:00,post_fault,0.069867626,0
2026-06-09 15:37:05,1625,EXP_FAULT_03,RUN_03,memory_stress,1,frontend,frontend-f03-00,online-boutique,node-a,0.7597,84.3699,0,456.478,0.001088,17.3015,12.3362,26.6913,35.4361,46.8723,452.0296,455.9812,0.2165,0.2803,446106.5118,386475.2011,memory_stress,checkoutservice,2026-06-09 15:15:00,2026-06-09 15:30:00,post_fault,0.019423598,0
2026-06-09 15:37:10,1630,EXP_FAULT_03,RUN_03,memory_stress,1,frontend,frontend-f03-00,online-boutique,node-a,0.7665,83.6383,0,460.0416,0.001771,18.2413,13.0822,32.4487,39.6549,51.7755,455.5303,459.2271,0.5211,0.2935,381010.7008,344613.9172,memory_stress,checkoutservice,2026-06-09 15:15:00,2026-06-09 15:30:00,post_fault,0.05901604,0
2026-06-09 15:37:15,1635,EXP_FAULT_03,RUN_03,memory_stress,1,frontend,frontend-f03-00,online-boutique,node-a,0.7973,83.6605,0,459.472,0.001277,18.4828,12.8581,30.3784,35.7193,57.8567,455.1321,458.8855,0.3267,0.2599,463987.51,464550.5081,memory_stress,checkoutservice,2026-06-09 15:15:00,2026-06-09 15:30:00,post_fault,0.13298261,0
2026-06-09 15:37:20,1640,EXP_FAULT_03,RUN_03,memory_stress,1,frontend,frontend-f03-00,online-boutique,node-a,0.8104,84.5447,0,445.1991,0.0011,18.5015,14.8712,31.1034,38.8257,55.3031,441.0324,444.7095,0.2769,0.2126,470456.0158,389785.5897,memory_stress,checkoutservice,2026-06-09 15:15:00,2026-06-09 15:30:00,post_fault,0.37759206,0
2026-06-09 15:37:25,1645,EXP_FAULT_03,RUN_03,memory_stress,1,frontend,frontend-f03-00,online-boutique,node-a,0.7915,84.9405,0,449.7276,0.002171,18.2165,13.9957,27.9719,39.5277,56.8191,445.1859,448.7511,0.7046,0.2719,390656.7663,346704.6021,memory_stress,checkoutservice,2026-06-09 15:15:00,2026-06-09 15:30:00,post_fault,0.24147451,0
2026-06-09 15:37:30,1650,EXP_FAULT_03,RUN_03,memory_stress,1,frontend,frontend-f03-00,online-boutique,node-a,0.785,83.7293,0,455.2454,0.001028,18.7729,14.906,33.1628,38.6747,58.8284,451.1384,454.7774,0.1322,0.3358,454099.8898,390573.8053,memory_stress,checkoutservice,2026-06-09 15:15:00,2026-06-09 15:30:00,post_fault,0.15330277,0
2026-06-09 15:37:35,1655,EXP_FAULT_03,RUN_03,memory_stress,1,frontend,frontend-f03-00,online-boutique,node-a,0.7973,82.5434,0,453.7013,0.001305,18.295,12.6344,28.7535,39.8395,49.6093,449.5785,453.1091,0.3501,0.2422,403176.9081,372128.4975,memory_stress,checkoutservice,2026-06-09 15:15:00,2026-06-09 15:30:00,post_fault,0.13166392,0
2026-06-09 15:37:40,1660,EXP_FAULT_03,RUN_03,memory_stress,1,frontend,frontend-f03-00,online-boutique,node-a,0.7581,85.7559,0,464.2408,0.00126,20.1443,14.8441,32.3707,44.5785,54.4231,460.0965,463.6558,0.3325,0.2526,427422.4502,373578.4906,memory_stress,checkoutservice,2026-06-09 15:15:00,2026-06-09 15:30:00,post_fault,0.12280498,0
2026-06-09 15:37:45,1665,EXP_FAULT_03,RUN_03,memory_stress,1,frontend,frontend-f03-00,online-boutique,node-a,0.7613,84.3564,0,472.1272,0.00192,19.2131,13.4438,34.0505,38.1488,59.306,467.8649,471.2206,0.5825,0.3241,477549.6214,461093.1478,memory_stress,checkoutservice,2026-06-09 15:15:00,2026-06-09 15:30:00,post_fault,0.19749819,0
2026-06-09 15:37:50,1670,EXP_FAULT_03,RUN_03,memory_stress,1,frontend,frontend-f03-00,online-boutique,node-a,0.7583,85.6193,0,461.99,0.001503,17.4145,13.4589,28.1238,33.0197,47.4747,457.8275,461.2959,0.3923,0.3019,455677.8094,457944.7963,memory_stress,checkoutservice,2026-06-09 15:15:00,2026-06-09 15:30:00,post_fault,0.017055018,0
2026-06-09 15:37:55,1675,EXP_FAULT_03,RUN_03,memory_stress,1,frontend,frontend-f03-00,online-boutique,node-a,0.8095,84.4155,0,474.255,0.0014,18.4525,13.9818,30.7428,37.1636,50.4921,470.1343,473.591,0.4432,0.2208,442966.26,488960.4365,memory_stress,checkoutservice,2026-06-09 15:15:00,2026-06-09 15:30:00,post_fault,0.08548114,0
2026-06-09 15:38:00,1680,EXP_FAULT_03,RUN_03,memory_stress,1,frontend,frontend-f03-00,online-boutique,node-a,0.8177,85.0462,0,468.791,0.001469,17.8094,13.4951,29.7987,38.7787,48.0533,464.7757,468.1022,0.4968,0.1919,451347.3904,433281.8519,memory_stress,checkoutservice,2026-06-09 15:15:00,2026-06-09 15:30:00,post_fault,0.085254185,0
2026-06-09 15:38:05,1685,EXP_FAULT_03,RUN_03,memory_stress,1,frontend,frontend-f03-00,online-boutique,node-a,0.784,82.9023,0,476.2907,0.001121,19.3819,14.6658,29.9802,41.1163,61.2028,472.4188,475.7568,0.3032,0.2307,511445.2929,469330.3805,memory_stress,checkoutservice,2026-06-09 15:15:00,2026-06-09 15:30:00,post_fault,0.1416235,0
2026-06-09 15:38:10,1690,EXP_FAULT_03,RUN_03,memory_stress,1,frontend,frontend-f03-00,online-boutique,node-a,0.8139,82.8296,0,474.5752,0.000784,18.7292,14.6974,29.0852,39.2491,54.2349,470.8216,474.2031,0.157,0.2152,510208.0194,375042.6628,memory_stress,checkoutservice,2026-06-09 15:15:00,2026-06-09 15:30:00,post_fault,0.16395721,0
2026-06-09 15:38:15,1695,EXP_FAULT_03,RUN_03,memory_stress,1,frontend,frontend-f03-00,online-boutique,node-a,0.739,85.6189,0,466.7052,0.000865,17.5377,13.0822,29.6333,33.4011,49.2219,463.033,466.3015,0.2335,0.1702,581930.5425,408846.6223,memory_stress,checkoutservice,2026-06-09 15:15:00,2026-06-09 15:30:00,post_fault,0.09315695,0
2026-06-09 15:38:20,1700,EXP_FAULT_03,RUN_03,memory_stress,1,frontend,frontend-f03-00,online-boutique,node-a,0.787,83.9831,0,478.8053,0.002049,18.4981,14.7875,29.8289,35.932,55.0186,474.7662,477.8242,0.7071,0.274,472132.139,416597.3366,memory_stress,checkoutservice,2026-06-09 15:15:00,2026-06-09 15:30:00,post_fault,0.15003452,0
2026-06-09 15:38:25,1705,EXP_FAULT_03,RUN_03,memory_stress,1,frontend,frontend-f03-00,online-boutique,node-a,0.7814,82.6389,0,479.2019,0.001299,19.1838,15.2757,29.8492,40.8007,57.4419,475.3895,478.5793,0.3556,0.267,494093.4491,444355.8117,memory_stress,checkoutservice,2026-06-09 15:15:00,2026-06-09 15:30:00,post_fault,0.067222476,0
2026-06-09 15:38:30,1710,EXP_FAULT_03,RUN_03,memory_stress,1,frontend,frontend-f03-00,online-boutique,node-a,0.762,84.9167,0,475.165,0.002032,17.2748,13.9125,30.331,36.1263,47.7809,471.2587,474.1994,0.6779,0.2878,597513.672,450583.4109,memory_stress,checkoutservice,2026-06-09 15:15:00,2026-06-09 15:30:00,post_fault,0.13651456,0
2026-06-09 15:38:35,1715,EXP_FAULT_03,RUN_03,memory_stress,1,frontend,frontend-f03-00,online-boutique,node-a,0.7225,83.9081,0,499.8235,0.001188,18.6783,13.6828,28.516,35.2695,57.0191,495.9226,499.2297,0.411,0.1828,630573.1157,474513.2228,memory_stress,checkoutservice,2026-06-09 15:15:00,2026-06-09 15:30:00,post_fault,0.32096997,0
2026-06-09 15:38:40,1720,EXP_FAULT_03,RUN_03,memory_stress,1,frontend,frontend-f03-00,online-boutique,node-a,0.7892,82.9877,0,486.1324,0.001635,18.5706,13.8929,31.2605,35.1168,57.25,482.2507,485.3377,0.5508,0.2439,547530.9816,502373.0846,memory_stress,checkoutservice,2026-06-09 15:15:00,2026-06-09 15:30:00,post_fault,0.008041488,0
2026-06-09 15:38:45,1725,EXP_FAULT_03,RUN_03,memory_stress,1,frontend,frontend-f03-00,online-boutique,node-a,0.8282,85.1783,0,469.0211,0.001429,19.257,14.4281,30.9947,38.2986,50.5148,465.5207,468.3507,0.4175,0.2529,589042.879,328075.0915,memory_stress,checkoutservice,2026-06-09 15:15:00,2026-06-09 15:30:00,post_fault,0.41433495,0
2026-06-09 15:38:50,1730,EXP_FAULT_03,RUN_03,memory_stress,1,frontend,frontend-f03-00,online-boutique,node-a,0.8274,85.5798,0,470.2445,0.000856,18.4563,12.7885,28.9191,36.0495,52.0557,466.8604,469.8422,0.1964,0.206,418825.078,438602.844,memory_stress,checkoutservice,2026-06-09 15:15:00,2026-06-09 15:30:00,post_fault,0.28650627,0
2026-06-09 15:38:55,1735,EXP_FAULT_03,RUN_03,memory_stress,1,frontend,frontend-f03-00,online-boutique,node-a,0.7187,83.9265,0,474.8261,0.001929,18.972,15.3015,30.454,39.2159,55.7479,471.1796,473.9104,0.7478,0.1679,566150.7106,359160.0626,memory_stress,checkoutservice,2026-06-09 15:15:00,2026-06-09 15:30:00,post_fault,0.46822673,0
2026-06-09 15:39:00,1740,EXP_FAULT_03,RUN_03,memory_stress,1,frontend,frontend-f03-00,online-boutique,node-a,0.757,82.8974,0,469.8471,0.000778,17.698,12.5337,30.1212,37.7747,51.2447,466.5849,469.4817,0.1417,0.2237,572941.4599,354544.1913,memory_stress,checkoutservice,2026-06-09 15:15:00,2026-06-09 15:30:00,post_fault,0.053890288,0
2026-06-09 15:39:05,1745,EXP_FAULT_03,RUN_03,memory_stress,1,frontend,frontend-f03-00,online-boutique,node-a,0.7792,84.0169,0,466.6365,0.001657,19.6096,15.8312,30.2372,38.8897,55.9588,463.1443,465.8635,0.4944,0.2786,538691.3625,461062.9734,memory_stress,checkoutservice,2026-06-09 15:15:00,2026-06-09 15:30:00,post_fault,0.20335524,0
2026-06-09 15:39:10,1750,EXP_FAULT_03,RUN_03,memory_stress,1,frontend,frontend-f03-00,online-boutique,node-a,0.8015,83.9641,0,477.9231,0.001,19.6915,15.4741,29.7495,42.9245,61.0699,474.6329,477.4454,0.2726,0.205,488109.1645,412000.5778,memory_stress,checkoutservice,2026-06-09 15:15:00,2026-06-09 15:30:00,post_fault,0.27756673,0
2026-06-09 15:39:15,1755,EXP_FAULT_03,RUN_03,memory_stress,1,frontend,frontend-f03-00,online-boutique,node-a,0.7914,82.9341,0,456.9211,0.001437,17.707,13.5642,27.5063,38.1671,46.3853,453.6534,456.2647,0.4463,0.2101,489428.5376,412786.1828,memory_stress,checkoutservice,2026-06-09 15:15:00,2026-06-09 15:30:00,post_fault,0.01875088,0
2026-06-09 15:39:20,1760,EXP_FAULT_03,RUN_03,memory_stress,1,frontend,frontend-f03-00,online-boutique,node-a,0.7129,82.199,0,469.5175,0.000761,18.781,14.2589,29.7216,40.5593,50.5966,466.3121,469.1601,0.1505,0.207,577082.1993,483783.2903,memory_stress,checkoutservice,2026-06-09 15:15:00,2026-06-09 15:30:00,post_fault,0.16367164,0
2026-06-09 15:39:25,1765,EXP_FAULT_03,RUN_03,memory_stress,1,frontend,frontend-f03-00,online-boutique,node-a,0.7807,82.815,0,445.6669,0.001273,18.6288,13.0256,29.981,36.7429,56.44,442.4517,445.0996,0.3036,0.2638,480844.1978,408147.6225,memory_stress,checkoutservice,2026-06-09 15:15:00,2026-06-09 15:30:00,post_fault,0.16014156,0
2026-06-09 15:39:30,1770,EXP_FAULT_03,RUN_03,memory_stress,1,frontend,frontend-f03-00,online-boutique,node-a,0.7795,85.0818,0,460.9929,0.001125,19.0361,15.1584,33.232,37.3735,55.6741,457.69,460.4742,0.2508,0.2679,529471.0686,327097.8087,memory_stress,checkoutservice,2026-06-09 15:15:00,2026-06-09 15:30:00,post_fault,0.11723807,0
2026-06-09 15:39:35,1775,EXP_FAULT_03,RUN_03,memory_stress,1,frontend,frontend-f03-00,online-boutique,node-a,0.7641,86.0095,0,449.7326,0.001568,19.1689,14.3369,33.0512,40.8288,53.5501,446.4044,449.0272,0.5243,0.1811,384842.0773,299117.3344,memory_stress,checkoutservice,2026-06-09 15:15:00,2026-06-09 15:30:00,post_fault,0.1453633,0
2026-06-09 15:39:40,1780,EXP_FAULT_03,RUN_03,memory_stress,1,frontend,frontend-f03-00,online-boutique,node-a,0.7242,83.6971,0,444.475,0.001688,19.0777,13.8667,31.3124,36.1231,59.1993,441.3106,443.7248,0.5995,0.1507,424884.5637,318582.4485,memory_stress,checkoutservice,2026-06-09 15:15:00,2026-06-09 15:30:00,post_fault,0.21345294,0
2026-06-09 15:39:45,1785,EXP_FAULT_03,RUN_03,memory_stress,1,frontend,frontend-f03-00,online-boutique,node-a,0.8008,84.7381,0,445.642,0.001159,20.329,14.9701,33.4424,40.9011,52.7449,442.4417,445.1257,0.2738,0.2425,442417.5902,373120.074,memory_stress,checkoutservice,2026-06-09 15:15:00,2026-06-09 15:30:00,post_fault,0.8943451,1
2026-06-09 15:39:50,1790,EXP_FAULT_03,RUN_03,memory_stress,1,frontend,frontend-f03-00,online-boutique,node-a,0.7778,84.2174,0,442.5518,0.001109,18.4467,13.8734,29.3233,36.6324,49.6216,439.3741,442.061,0.2403,0.2505,421957.1561,432504.4126,memory_stress,checkoutservice,2026-06-09 15:15:00,2026-06-09 15:30:00,post_fault,0.1505459,0
2026-06-09 15:39:55,1795,EXP_FAULT_03,RUN_03,memory_stress,1,frontend,frontend-f03-00,online-boutique,node-a,0.7992,84.3465,0,447.308,0.001938,19.5668,13.7556,31.4385,36.8391,52.3379,443.9471,446.4413,0.6557,0.211,454579.0763,362990.7186,memory_stress,checkoutservice,2026-06-09 15:15:00,2026-06-09 15:30:00,post_fault,0.62045765,1
2026-06-09 15:45:00,0,EXP_FAULT_04,RUN_04,network_delay,1,frontend,frontend-f04-00,online-boutique,node-a,0.7538,82.2884,0,476.7443,0.00061,17.5,13.2444,27.4138,35.3816,41.2043,476.6418,476.4534,0.2789,0.0121,422804.3182,370497.1313,network_delay,frontend,2026-06-09 15:50:00,2026-06-09 16:05:00,pre_fault,0.13104954,0
2026-06-09 15:45:05,5,EXP_FAULT_04,RUN_04,network_delay,1,frontend,frontend-f04-00,online-boutique,node-a,0.7912,82.8039,0,480.9006,0.001762,19.7615,14.281,30.6834,36.9508,50.3421,480.4895,480.0531,0.7237,0.1238,466203.8177,370643.099,network_delay,frontend,2026-06-09 15:50:00,2026-06-09 16:05:00,pre_fault,0.21899319,0
2026-06-09 15:45:10,10,EXP_FAULT_04,RUN_04,network_delay,1,frontend,frontend-f04-00,online-boutique,node-a,0.8045,83.6137,0,491.0697,0.001458,18.3063,13.6087,28.0883,35.9852,44.2615,490.7045,490.3539,0.6011,0.1146,409918.7283,433924.9057,network_delay,frontend,2026-06-09 15:50:00,2026-06-09 16:05:00,pre_fault,0.016177792,0
2026-06-09 15:45:15,15,EXP_FAULT_04,RUN_04,network_delay,1,frontend,frontend-f04-00,online-boutique,node-a,0.7889,83.0659,0,477.7894,0.001298,17.614,14.1022,27.929,33.0325,46.9847,477.4334,477.169,0.5729,0.0475,447754.2859,326625.5361,network_delay,frontend,2026-06-09 15:50:00,2026-06-09 16:05:00,pre_fault,0.028579187,0
2026-06-09 15:45:20,20,EXP_FAULT_04,RUN_04,network_delay,1,frontend,frontend-f04-00,online-boutique,node-a,0.7656,82.7599,0,478.8936,0.000421,18.8171,13.9498,28.0814,36.8385,46.9745,478.7464,478.6919,0.1792,0.0225,559674.7426,357158.4742,network_delay,frontend,2026-06-09 15:50:00,2026-06-09 16:05:00,pre_fault,0.00734953,0
2026-06-09 15:45:25,25,EXP_FAULT_04,RUN_04,network_delay,1,frontend,frontend-f04-00,online-boutique,node-a,0.7845,84.0313,0,477.6375,0.001415,17.9104,13.0,27.1786,33.1474,47.7087,477.2884,476.9614,0.6546,0.0215,503829.4385,321639.5089,network_delay,frontend,2026-06-09 15:50:00,2026-06-09 16:05:00,pre_fault,0.016039234,0
2026-06-09 15:45:30,30,EXP_FAULT_04,RUN_04,network_delay,1,frontend,frontend-f04-00,online-boutique,node-a,0.8,82.0224,0,504.3894,0.00096,18.0714,13.0998,27.3294,33.185,45.2489,504.15,503.9053,0.4132,0.0709,602526.8749,329196.3726,network_delay,frontend,2026-06-09 15:50:00,2026-06-09 16:05:00,pre_fault,0.03397201,0
2026-06-09 15:45:35,35,EXP_FAULT_04,RUN_04,network_delay,1,frontend,frontend-f04-00,online-boutique,node-a,0.7898,82.4643,0,488.6942,0.001326,17.7611,14.2043,26.1733,36.0967,45.3728,488.374,488.0462,0.5173,0.1307,415358.1845,455372.8455,network_delay,frontend,2026-06-09 15:50:00,2026-06-09 16:05:00,pre_fault,0.044143684,0
2026-06-09 15:45:40,40,EXP_FAULT_04,RUN_04,network_delay,1,frontend,frontend-f04-00,online-boutique,node-a,0.7707,82.6798,0,499.8062,0.001075,18.9366,14.6601,30.8691,33.3792,49.561,499.5748,499.2687,0.4959,0.0416,471041.9493,377189.3206,network_delay,frontend,2026-06-09 15:50:00,2026-06-09 16:05:00,pre_fault,0.046795048,0
2026-06-09 15:45:45,45,EXP_FAULT_04,RUN_04,network_delay,1,frontend,frontend-f04-00,online-boutique,node-a,0.8051,82.145,0,515.2358,0.000336,18.3974,14.6136,27.231,33.097,47.8902,515.1574,515.0625,0.1493,0.024,426585.9712,397132.6026,network_delay,frontend,2026-06-09 15:50:00,2026-06-09 16:05:00,pre_fault,0.041688815,0
2026-06-09 15:45:50,50,EXP_FAULT_04,RUN_04,network_delay,1,frontend,frontend-f04-00,online-boutique,node-a,0.7874,81.8025,0,517.1965,0.001129,17.2329,13.0619,28.6117,32.919,46.4772,516.8834,516.6127,0.4528,0.131,508691.8339,535446.8454,network_delay,frontend,2026-06-09 15:50:00,2026-06-09 16:05:00,pre_fault,0.3329878,0
2026-06-09 15:45:55,55,EXP_FAULT_04,RUN_04,network_delay,1,frontend,frontend-f04-00,online-boutique,node-a,0.7342,83.5435,0,520.1413,0.000875,17.5311,13.6359,26.2272,35.6915,41.5757,519.8941,519.6861,0.4036,0.0516,533376.7495,520386.0993,network_delay,frontend,2026-06-09 15:50:00,2026-06-09 16:05:00,pre_fault,0.8199831,1
2026-06-09 15:46:00,60,EXP_FAULT_04,RUN_04,network_delay,1,frontend,frontend-f04-00,online-boutique,node-a,0.8112,81.6715,0,496.9816,0.000876,18.0907,14.3832,30.4359,35.2851,43.2105,496.8145,496.5463,0.391,0.0442,615015.1903,510581.9536,network_delay,frontend,2026-06-09 15:50:00,2026-06-09 16:05:00,pre_fault,0.011034183,0
2026-06-09 15:46:05,65,EXP_FAULT_04,RUN_04,network_delay,1,frontend,frontend-f04-00,online-boutique,node-a,0.7957,83.3661,0,510.7469,0.001639,18.9935,15.2596,27.9307,37.5285,52.7973,510.327,509.9096,0.7618,0.0754,583879.1352,338812.4814,network_delay,frontend,2026-06-09 15:50:00,2026-06-09 16:05:00,pre_fault,0.009420295,0
2026-06-09 15:46:10,70,EXP_FAULT_04,RUN_04,network_delay,1,frontend,frontend-f04-00,online-boutique,node-a,0.8053,84.296,0,509.3253,0.000498,18.4335,13.1625,26.7867,37.6297,44.8342,509.1733,509.0717,0.2074,0.0462,466294.1952,381319.591,network_delay,frontend,2026-06-09 15:50:00,2026-06-09 16:05:00,pre_fault,0.0050273486,0
2026-06-09 15:46:15,75,EXP_FAULT_04,RUN_04,network_delay,1,frontend,frontend-f04-00,online-boutique,node-a,0.7621,83.393,0,497.5184,0.001449,18.5406,14.2352,29.2068,36.3963,50.5147,497.0572,496.7977,0.5809,0.1397,618392.9865,400106.9901,network_delay,frontend,2026-06-09 15:50:00,2026-06-09 16:05:00,pre_fault,0.069307014,0
2026-06-09 15:46:20,80,EXP_FAULT_04,RUN_04,network_delay,1,frontend,frontend-f04-00,online-boutique,node-a,0.7744,82.7459,0,512.8422,0.001139,17.0005,12.2335,26.7441,31.9775,45.512,512.4492,512.2581,0.4981,0.086,433083.5832,503749.0705,network_delay,frontend,2026-06-09 15:50:00,2026-06-09 16:05:00,pre_fault,0.49102515,1
2026-06-09 15:46:25,85,EXP_FAULT_04,RUN_04,network_delay,1,frontend,frontend-f04-00,online-boutique,node-a,0.7925,84.0464,0,508.2385,0.000744,18.2293,12.8935,28.0484,33.7794,43.7561,508.0595,507.8602,0.2204,0.1579,540683.7882,405914.0966,network_delay,frontend,2026-06-09 15:50:00,2026-06-09 16:05:00,pre_fault,0.031240556,0
2026-06-09 15:46:30,90,EXP_FAULT_04,RUN_04,network_delay,1,frontend,frontend-f04-00,online-boutique,node-a,0.7815,84.7154,0,495.3193,0.001332,18.7138,13.1965,29.949,36.8167,52.3737,494.9997,494.6595,0.491,0.1688,421545.7855,372360.3199,network_delay,frontend,2026-06-09 15:50:00,2026-06-09 16:05:00,pre_fault,0.016796123,0
2026-06-09 15:46:35,95,EXP_FAULT_04,RUN_04,network_delay,1,frontend,frontend-f04-00,online-boutique,node-a,0.8023,83.0299,0,494.0648,0.001534,17.6824,13.4017,29.1288,33.6606,48.5257,493.6583,493.3069,0.6404,0.1176,549360.7166,481527.6733,network_delay,frontend,2026-06-09 15:50:00,2026-06-09 16:05:00,pre_fault,0.028897662,0
2026-06-09 15:46:40,100,EXP_FAULT_04,RUN_04,network_delay,1,frontend,frontend-f04-00,online-boutique,node-a,0.7915,84.0104,0,512.8976,0.001188,18.877,15.3663,27.8609,33.1171,47.4668,512.5149,512.2884,0.4956,0.1136,566678.4141,431009.7715,network_delay,frontend,2026-06-09 15:50:00,2026-06-09 16:05:00,pre_fault,0.025549492,0
2026-06-09 15:46:45,105,EXP_FAULT_04,RUN_04,network_delay,1,frontend,frontend-f04-00,online-boutique,node-a,0.7507,84.4749,0,494.5923,0.000893,17.6394,12.9643,28.6411,31.3998,47.122,494.4282,494.1507,0.3863,0.0554,617627.7481,324951.6823,network_delay,frontend,2026-06-09 15:50:00,2026-06-09 16:05:00,pre_fault,0.24727897,0
2026-06-09 15:46:50,110,EXP_FAULT_04,RUN_04,network_delay,1,frontend,frontend-f04-00,online-boutique,node-a,0.7739,81.9748,0,498.4716,0.000682,20.7542,14.8004,30.2198,41.5097,51.0458,498.222,498.1315,0.3272,0.013,603587.7241,476343.1981,network_delay,frontend,2026-06-09 15:50:00,2026-06-09 16:05:00,pre_fault,0.23596863,0
2026-06-09 15:46:55,115,EXP_FAULT_04,RUN_04,network_delay,1,frontend,frontend-f04-00,online-boutique,node-a,0.8063,82.5897,0,502.2053,0.000456,18.086,13.3762,28.7871,33.4204,51.3231,502.0737,501.9763,0.2285,0.0006,428247.9859,392380.7294,network_delay,frontend,2026-06-09 15:50:00,2026-06-09 16:05:00,pre_fault,0.030335257,0
2026-06-09 15:47:00,120,EXP_FAULT_04,RUN_04,network_delay,1,frontend,frontend-f04-00,online-boutique,node-a,0.7986,82.5149,0,490.4665,0.001565,17.9139,13.3158,27.6276,33.3593,47.8449,490.1867,489.6989,0.6108,0.1569,572378.3998,438616.9419,network_delay,frontend,2026-06-09 15:50:00,2026-06-09 16:05:00,pre_fault,0.009615958,0
2026-06-09 15:47:05,125,EXP_FAULT_04,RUN_04,network_delay,1,frontend,frontend-f04-00,online-boutique,node-a,0.8054,82.2781,0,496.331,0.000754,17.7802,14.4887,28.7217,36.0687,49.6843,496.09,495.9566,0.3559,0.0184,545028.4365,506222.6781,network_delay,frontend,2026-06-09 15:50:00,2026-06-09 16:05:00,pre_fault,0.013214996,0
2026-06-09 15:47:10,130,EXP_FAULT_04,RUN_04,network_delay,1,frontend,frontend-f04-00,online-boutique,node-a,0.7879,83.0547,0,489.4736,0.001142,18.8222,14.9103,27.7923,33.3053,45.0764,489.1756,488.9146,0.5472,0.0119,428916.2492,486076.2684,network_delay,frontend,2026-06-09 15:50:00,2026-06-09 16:05:00,pre_fault,0.059437968,0
2026-06-09 15:47:15,135,EXP_FAULT_04,RUN_04,network_delay,1,frontend,frontend-f04-00,online-boutique,node-a,0.7907,82.4173,0,491.9292,0.001372,18.0746,12.7077,27.2088,32.4864,46.492,491.5629,491.2541,0.5523,0.1228,422528.8093,487765.8593,network_delay,frontend,2026-06-09 15:50:00,2026-06-09 16:05:00,pre_fault,0.030227628,0
2026-06-09 15:47:20,140,EXP_FAULT_04,RUN_04,network_delay,1,frontend,frontend-f04-00,online-boutique,node-a,0.7728,83.3815,0,503.7428,0.000361,18.1622,13.4796,28.9232,35.8179,51.4233,503.6558,503.561,0.1671,0.0147,452192.3418,426953.0405,network_delay,frontend,2026-06-09 15:50:00,2026-06-09 16:05:00,pre_fault,0.09002542,0
2026-06-09 15:47:25,145,EXP_FAULT_04,RUN_04,network_delay,1,frontend,frontend-f04-00,online-boutique,node-a,0.7666,83.0454,0,508.0435,0.001164,17.6668,12.8807,28.8758,34.0621,49.201,507.7162,507.4523,0.5059,0.0853,490628.2382,501990.6195,network_delay,frontend,2026-06-09 15:50:00,2026-06-09 16:05:00,pre_fault,0.3047007,0
2026-06-09 15:47:30,150,EXP_FAULT_04,RUN_04,network_delay,1,frontend,frontend-f04-00,online-boutique,node-a,0.8648,83.5108,0,495.2429,0.000826,17.8666,13.9693,29.8845,33.6357,48.8895,494.9597,494.8336,0.2573,0.152,561448.9537,367983.2301,network_delay,frontend,2026-06-09 15:50:00,2026-06-09 16:05:00,pre_fault,0.21808548,0
2026-06-09 15:47:35,155,EXP_FAULT_04,RUN_04,network_delay,1,frontend,frontend-f04-00,online-boutique,node-a,0.826,82.3997,0,496.5047,0.001339,17.6874,13.0186,29.2819,35.026,42.6809,496.1562,495.8401,0.5901,0.0746,618328.2595,439532.971,network_delay,frontend,2026-06-09 15:50:00,2026-06-09 16:05:00,pre_fault,0.0063446416,0
2026-06-09 15:47:40,160,EXP_FAULT_04,RUN_04,network_delay,1,frontend,frontend-f04-00,online-boutique,node-a,0.7997,81.5944,0,500.3059,0.000805,18.3361,13.3781,27.4826,35.0748,47.6096,500.1565,499.9031,0.3529,0.0499,503742.6097,443972.8509,network_delay,frontend,2026-06-09 15:50:00,2026-06-09 16:05:00,pre_fault,0.008117146,0
2026-06-09 15:47:45,165,EXP_FAULT_04,RUN_04,network_delay,1,frontend,frontend-f04-00,online-boutique,node-a,0.8137,81.5217,0,491.3587,0.001486,18.7856,14.7017,27.6078,37.0334,51.599,490.8713,490.6287,0.7249,0.0051,475686.3099,471442.058,network_delay,frontend,2026-06-09 15:50:00,2026-06-09 16:05:00,pre_fault,0.08387746,0
2026-06-09 15:47:50,170,EXP_FAULT_04,RUN_04,network_delay,1,frontend,frontend-f04-00,online-boutique,node-a,0.7746,82.8206,0,500.6946,0.001149,17.7383,14.49,26.8472,33.1327,47.4566,500.3792,500.1193,0.4569,0.1184,561186.2906,393138.9134,network_delay,frontend,2026-06-09 15:50:00,2026-06-09 16:05:00,pre_fault,0.17157905,0
2026-06-09 15:47:55,175,EXP_FAULT_04,RUN_04,network_delay,1,frontend,frontend-f04-00,online-boutique,node-a,0.8089,82.4308,0,513.8843,0.001056,18.6704,14.8313,31.308,38.0535,48.1657,513.6322,513.3417,0.4994,0.0431,544470.7081,414413.309,network_delay,frontend,2026-06-09 15:50:00,2026-06-09 16:05:00,pre_fault,0.013629431,0
2026-06-09 15:48:00,180,EXP_FAULT_04,RUN_04,network_delay,1,frontend,frontend-f04-00,online-boutique,node-a,0.767,82.1599,0,498.9817,0.001053,19.1264,15.2987,30.8378,34.9607,52.4128,498.7135,498.4563,0.4436,0.0817,618478.8182,336685.7977,network_delay,frontend,2026-06-09 15:50:00,2026-06-09 16:05:00,pre_fault,0.019573871,0
2026-06-09 15:48:05,185,EXP_FAULT_04,RUN_04,network_delay,1,frontend,frontend-f04-00,online-boutique,node-a,0.733,81.6838,0,518.1555,0.00093,18.5633,13.1201,28.3162,35.8897,48.5685,517.8601,517.6738,0.4756,0.0061,659590.1803,352048.1645,network_delay,frontend,2026-06-09 15:50:00,2026-06-09 16:05:00,pre_fault,0.3742401,0
2026-06-09 15:48:10,190,EXP_FAULT_04,RUN_04,network_delay,1,frontend,frontend-f04-00,online-boutique,node-a,0.7901,81.2852,0,522.6537,0.001285,18.8511,13.8677,29.9191,37.5039,49.749,522.2467,521.9823,0.5527,0.1186,643799.679,473922.0466,network_delay,frontend,2026-06-09 15:50:00,2026-06-09 16:05:00,pre_fault,0.029465955,0
2026-06-09 15:48:15,195,EXP_FAULT_04,RUN_04,network_delay,1,frontend,frontend-f04-00,online-boutique,node-a,0.8076,83.0617,0,519.5446,0.001103,17.9193,12.7694,29.2198,31.4734,43.2447,519.3097,518.9718,0.4354,0.1375,594178.3742,469588.1064,network_delay,frontend,2026-06-09 15:50:00,2026-06-09 16:05:00,pre_fault,0.077832624,0
2026-06-09 15:48:20,200,EXP_FAULT_04,RUN_04,network_delay,1,frontend,frontend-f04-00,online-boutique,node-a,0.7749,81.5189,0,513.6546,0.001695,19.0268,15.5157,31.5761,35.6691,49.7876,513.0954,512.7839,0.7775,0.0932,544352.6218,521825.4585,network_delay,frontend,2026-06-09 15:50:00,2026-06-09 16:05:00,pre_fault,0.09440752,0
2026-06-09 15:48:25,205,EXP_FAULT_04,RUN_04,network_delay,1,frontend,frontend-f04-00,online-boutique,node-a,0.7914,83.5894,0,528.1147,0.00126,17.8376,13.1333,26.6529,31.5228,48.2508,527.6323,527.4492,0.6041,0.0615,578263.9003,434673.8732,network_delay,frontend,2026-06-09 15:50:00,2026-06-09 16:05:00,pre_fault,0.25499696,0
2026-06-09 15:48:30,210,EXP_FAULT_04,RUN_04,network_delay,1,frontend,frontend-f04-00,online-boutique,node-a,0.7962,82.9046,0,518.1243,0.000703,18.4688,13.011,28.5118,33.036,50.1,517.8747,517.7603,0.2836,0.0804,491517.9444,476952.3842,network_delay,frontend,2026-06-09 15:50:00,2026-06-09 16:05:00,pre_fault,0.046709258,0
2026-06-09 15:48:35,215,EXP_FAULT_04,RUN_04,network_delay,1,frontend,frontend-f04-00,online-boutique,node-a,0.732,82.9349,0,506.375,0.001455,19.1236,15.3017,29.2104,37.4249,49.9132,505.9896,505.6384,0.7048,0.0318,609036.1751,472348.5672,network_delay,frontend,2026-06-09 15:50:00,2026-06-09 16:05:00,pre_fault,0.21933839,0
2026-06-09 15:48:40,220,EXP_FAULT_04,RUN_04,network_delay,1,frontend,frontend-f04-00,online-boutique,node-a,0.8105,85.7323,0,526.6851,0.000603,19.3238,13.7226,32.3669,36.0044,50.6221,526.5581,526.3674,0.1967,0.121,632417.8374,407300.3561,network_delay,frontend,2026-06-09 15:50:00,2026-06-09 16:05:00,pre_fault,0.032366373,0
2026-06-09 15:48:45,225,EXP_FAULT_04,RUN_04,network_delay,1,frontend,frontend-f04-00,online-boutique,node-a,0.8581,82.9701,0,526.2674,0.00132,16.9654,13.1782,25.4537,30.6956,41.1952,525.8054,525.5729,0.6261,0.0684,492039.5528,417113.4399,network_delay,frontend,2026-06-09 15:50:00,2026-06-09 16:05:00,pre_fault,0.022982363,0
2026-06-09 15:48:50,230,EXP_FAULT_04,RUN_04,network_delay,1,frontend,frontend-f04-00,online-boutique,node-a,0.7956,82.2324,0,532.9534,0.001332,16.7154,13.4436,25.9663,29.9408,44.4568,532.5147,532.2437,0.5918,0.1179,480327.1049,354693.6334,network_delay,frontend,2026-06-09 15:50:00,2026-06-09 16:05:00,pre_fault,0.61559093,1
2026-06-09 15:48:55,235,EXP_FAULT_04,RUN_04,network_delay,1,frontend,frontend-f04-00,online-boutique,node-a,0.7678,82.398,0,513.9901,0.000647,17.2956,14.1318,25.4674,33.8616,45.4514,513.8085,513.6575,0.2155,0.117,564187.3581,454247.7849,network_delay,frontend,2026-06-09 15:50:00,2026-06-09 16:05:00,pre_fault,0.44358626,0
2026-06-09 15:49:00,240,EXP_FAULT_04,RUN_04,network_delay,1,frontend,frontend-f04-00,online-boutique,node-a,0.8096,83.1262,0,508.7467,0.000985,19.8941,14.0921,29.2848,37.5305,50.9346,508.5112,508.2458,0.3791,0.1218,618956.0399,378172.8927,network_delay,frontend,2026-06-09 15:50:00,2026-06-09 16:05:00,pre_fault,0.11952426,0
2026-06-09 15:49:05,245,EXP_FAULT_04,RUN_04,network_delay,1,frontend,frontend-f04-00,online-boutique,node-a,0.7993,83.6769,0,508.6821,0.000715,18.9291,13.7474,30.8467,33.7441,45.4014,508.4417,508.3183,0.2508,0.1129,558754.4117,460991.9324,network_delay,frontend,2026-06-09 15:50:00,2026-06-09 16:05:00,pre_fault,0.004119887,0
2026-06-09 15:49:10,250,EXP_FAULT_04,RUN_04,network_delay,1,frontend,frontend-f04-00,online-boutique,node-a,0.7722,83.8176,0,522.048,0.001614,17.8364,13.3666,25.8693,33.6615,45.6865,521.6554,521.2055,0.7999,0.0425,579451.1272,416302.2438,network_delay,frontend,2026-06-09 15:50:00,2026-06-09 16:05:00,pre_fault,0.38814983,0
2026-06-09 15:49:15,255,EXP_FAULT_04,RUN_04,network_delay,1,frontend,frontend-f04-00,online-boutique,node-a,0.7932,83.1518,0,507.1688,0.001228,18.1576,12.7445,26.4261,33.5194,45.6045,506.8767,506.5458,0.4725,0.1505,596343.3001,474061.2564,network_delay,frontend,2026-06-09 15:50:00,2026-06-09 16:05:00,pre_fault,0.06889113,0
2026-06-09 15:49:20,260,EXP_FAULT_04,RUN_04,network_delay,1,frontend,frontend-f04-00,online-boutique,node-a,0.7565,82.5193,0,505.1878,0.001365,19.1473,13.784,32.0536,34.0152,49.3575,504.8482,504.4981,0.5724,0.1173,485370.8901,339714.7589,network_delay,frontend,2026-06-09 15:50:00,2026-06-09 16:05:00,pre_fault,0.044274874,0
2026-06-09 15:49:25,265,EXP_FAULT_04,RUN_04,network_delay,1,frontend,frontend-f04-00,online-boutique,node-a,0.7459,82.4317,0,485.7642,0.000609,17.2836,13.1938,26.9016,31.1809,45.5145,485.655,485.4685,0.1915,0.1042,418128.4824,472517.8999,network_delay,frontend,2026-06-09 15:50:00,2026-06-09 16:05:00,pre_fault,0.29900151,0
2026-06-09 15:49:30,270,EXP_FAULT_04,RUN_04,network_delay,1,frontend,frontend-f04-00,online-boutique,node-a,0.7659,80.8337,0,497.79,0.001293,17.227,13.5954,28.5308,32.2425,41.2699,497.5427,497.1462,0.5777,0.0661,516599.9654,468587.3442,network_delay,frontend,2026-06-09 15:50:00,2026-06-09 16:05:00,pre_fault,0.45374823,0
2026-06-09 15:49:35,275,EXP_FAULT_04,RUN_04,network_delay,1,frontend,frontend-f04-00,online-boutique,node-a,0.7547,83.2265,0,484.0131,0.001299,17.7421,12.9443,29.6551,32.4157,47.7499,483.6631,483.3846,0.4688,0.1598,522411.4582,440691.7519,network_delay,frontend,2026-06-09 15:50:00,2026-06-09 16:05:00,pre_fault,0.15587233,0
2026-06-09 15:49:40,280,EXP_FAULT_04,RUN_04,network_delay,1,frontend,frontend-f04-00,online-boutique,node-a,0.7627,83.3505,0,501.0239,0.000844,17.8587,14.3412,28.0796,34.6721,48.701,500.8151,500.6012,0.2947,0.128,538513.5552,437629.6444,network_delay,frontend,2026-06-09 15:50:00,2026-06-09 16:05:00,pre_fault,0.18917675,0
2026-06-09 15:49:45,285,EXP_FAULT_04,RUN_04,network_delay,1,frontend,frontend-f04-00,online-boutique,node-a,0.8338,83.8056,0,489.5733,0.001417,18.016,13.0397,29.4411,34.36,46.0269,489.2066,488.8794,0.596,0.0979,428052.9122,471128.9616,network_delay,frontend,2026-06-09 15:50:00,2026-06-09 16:05:00,pre_fault,0.07656841,0
2026-06-09 15:49:50,290,EXP_FAULT_04,RUN_04,network_delay,1,frontend,frontend-f04-00,online-boutique,node-a,0.8098,84.7029,0,488.9761,0.000661,15.95,12.177,24.669,32.5404,38.4859,488.815,488.6528,0.1622,0.1611,498813.6927,430321.9802,network_delay,frontend,2026-06-09 15:50:00,2026-06-09 16:05:00,pre_fault,0.13718367,0
2026-06-09 15:49:55,295,EXP_FAULT_04,RUN_04,network_delay,1,frontend,frontend-f04-00,online-boutique,node-a,0.7971,84.6635,0,483.4095,0.001261,18.9262,14.7817,29.9066,34.3004,46.0223,483.1003,482.7998,0.5656,0.0441,554409.0329,469933.7445,network_delay,frontend,2026-06-09 15:50:00,2026-06-09 16:05:00,pre_fault,0.048586566,0
2026-06-09 15:50:00,300,EXP_FAULT_04,RUN_04,network_delay,1,frontend,frontend-f04-00,online-boutique,node-a,0.7828,83.9453,0,488.6723,0.014922,118.3988,50.9575,240.7096,394.6466,864.0247,378.4621,481.3802,1.3126,5.9795,559940.8617,473778.5941,network_delay,frontend,2026-06-09 15:50:00,2026-06-09 16:05:00,during_fault,1323.2043,1
2026-06-09 15:50:05,305,EXP_FAULT_04,RUN_04,network_delay,1,frontend,frontend-f04-00,online-boutique,node-a,0.7969,82.1874,0,485.9557,0.013474,127.7893,55.0036,286.6108,449.5882,808.3228,376.8539,479.4077,0.7382,5.8098,667954.0923,344958.6716,network_delay,frontend,2026-06-09 15:50:00,2026-06-09 16:05:00,during_fault,1499.919,1
2026-06-09 15:50:10,310,EXP_FAULT_04,RUN_04,network_delay,1,frontend,frontend-f04-00,online-boutique,node-a,0.7835,82.1485,0,467.8745,0.013422,127.8829,48.2928,270.6537,451.6578,893.5884,363.5655,461.5945,0.6513,5.6287,572373.1635,442409.6474,network_delay,frontend,2026-06-09 15:50:00,2026-06-09 16:05:00,during_fault,1513.2518,1
2026-06-09 15:50:15,315,EXP_FAULT_04,RUN_04,network_delay,1,frontend,frontend-f04-00,online-boutique,node-a,0.7666,83.1278,0,463.0581,0.013751,119.1649,52.1213,257.4598,399.5525,764.7021,360.6783,456.6906,0.9164,5.451,635877.8967,451172.4917,network_delay,frontend,2026-06-09 15:50:00,2026-06-09 16:05:00,during_fault,1321.9229,1
2026-06-09 15:50:20,320,EXP_FAULT_04,RUN_04,network_delay,1,frontend,frontend-f04-00,online-boutique,node-a,0.7905,83.1539,0,471.4133,0.013892,120.1323,50.8149,249.4862,389.2977,798.8907,368.6162,464.8643,1.0428,5.5062,559249.3682,431369.0334,network_delay,frontend,2026-06-09 15:50:00,2026-06-09 16:05:00,during_fault,1341.6656,1
2026-06-09 15:50:25,325,EXP_FAULT_04,RUN_04,network_delay,1,frontend,frontend-f04-00,online-boutique,node-a,0.7517,83.8717,0,449.8598,0.014233,123.6275,51.4159,244.7456,427.2638,798.2631,353.3922,443.4569,1.2479,5.1549,418100.8859,324632.9398,network_delay,frontend,2026-06-09 15:50:00,2026-06-09 16:05:00,during_fault,1444.1506,1
2026-06-09 15:50:30,330,EXP_FAULT_04,RUN_04,network_delay,1,frontend,frontend-f04-00,online-boutique,node-a,0.7892,81.9493,0,466.4681,0.013045,118.7491,50.9731,232.874,427.042,708.3068,368.3358,460.3829,0.8631,5.2221,429203.6648,415976.9602,network_delay,frontend,2026-06-09 15:50:00,2026-06-09 16:05:00,during_fault,1293.2856,1
2026-06-09 15:50:35,335,EXP_FAULT_04,RUN_04,network_delay,1,frontend,frontend-f04-00,online-boutique,node-a,0.7531,82.4791,0,475.135,0.012606,116.8736,51.4251,259.412,384.1074,787.2827,377.4846,469.1454,0.8057,5.1839,579782.614,395873.1098,network_delay,frontend,2026-06-09 15:50:00,2026-06-09 16:05:00,during_fault,1231.5455,1
2026-06-09 15:50:40,340,EXP_FAULT_04,RUN_04,network_delay,1,frontend,frontend-f04-00,online-boutique,node-a,0.7648,82.6807,0,461.1064,0.012782,100.5714,44.0595,217.9456,324.6392,613.7172,368.767,455.2126,0.8438,5.0499,441773.6879,485477.799,network_delay,frontend,2026-06-09 15:50:00,2026-06-09 16:05:00,during_fault,918.9562,1
2026-06-09 15:50:45,345,EXP_FAULT_04,RUN_04,network_delay,1,frontend,frontend-f04-00,online-boutique,node-a,0.7335,83.8754,0,459.9718,0.012469,102.9519,44.4209,212.4988,375.3726,684.1557,370.4407,454.2365,0.9867,4.7485,426110.1159,421366.0305,network_delay,frontend,2026-06-09 15:50:00,2026-06-09 16:05:00,during_fault,950.1245,1
2026-06-09 15:50:50,350,EXP_FAULT_04,RUN_04,network_delay,1,frontend,frontend-f04-00,online-boutique,node-a,0.8055,83.3526,0,465.6884,0.012489,105.1084,42.6207,225.1598,327.6761,686.4354,377.7948,459.8725,1.0688,4.7471,406471.8993,357660.8259,network_delay,frontend,2026-06-09 15:50:00,2026-06-09 16:05:00,during_fault,987.83075,1
2026-06-09 15:50:55,355,EXP_FAULT_04,RUN_04,network_delay,1,frontend,frontend-f04-00,online-boutique,node-a,0.7827,82.6248,0,441.9243,0.011113,91.1459,39.3888,181.7916,300.8205,613.8396,361.326,437.0132,0.5311,4.38,526570.4265,482583.1586,network_delay,frontend,2026-06-09 15:50:00,2026-06-09 16:05:00,during_fault,719.3956,1
2026-06-09 15:51:00,360,EXP_FAULT_04,RUN_04,network_delay,1,frontend,frontend-f04-00,online-boutique,node-a,0.7561,85.1759,0,467.0097,0.012189,101.129,40.5414,214.6528,354.4115,614.4664,384.7178,461.3172,1.2392,4.4533,547065.302,538423.2313,network_delay,frontend,2026-06-09 15:50:00,2026-06-09 16:05:00,during_fault,897.16345,1
2026-06-09 15:51:05,365,EXP_FAULT_04,RUN_04,network_delay,1,frontend,frontend-f04-00,online-boutique,node-a,0.7407,83.6438,0,471.1242,0.010304,81.6269,36.8905,165.6438,269.9743,462.9513,391.4026,466.2699,0.655,4.1994,564361.393,478476.979,network_delay,frontend,2026-06-09 15:50:00,2026-06-09 16:05:00,during_fault,541.0072,1
2026-06-09 15:51:10,370,EXP_FAULT_04,RUN_04,network_delay,1,frontend,frontend-f04-00,online-boutique,node-a,0.7745,81.8725,0,458.1292,0.010721,89.9611,41.6045,191.3475,273.4384,544.648,383.4816,453.2176,0.9285,3.9831,399517.6182,435633.2625,network_delay,frontend,2026-06-09 15:50:00,2026-06-09 16:05:00,during_fault,686.8355,1
2026-06-09 15:51:15,375,EXP_FAULT_04,RUN_04,network_delay,1,frontend,frontend-f04-00,online-boutique,node-a,0.791,84.5533,0,487.1068,0.010223,87.4985,38.786,173.3341,261.7226,469.6631,410.7256,482.1273,0.9339,4.0457,601926.4685,449077.5675,network_delay,frontend,2026-06-09 15:50:00,2026-06-09 16:05:00,during_fault,612.4434,1
2026-06-09 15:51:20,380,EXP_FAULT_04,RUN_04,network_delay,1,frontend,frontend-f04-00,online-boutique,node-a,0.7251,83.2335,0,468.3559,0.01007,78.2751,35.3264,160.2364,254.8467,473.2064,397.9175,463.6395,1.021,3.6953,639972.515,354396.337,network_delay,frontend,2026-06-09 15:50:00,2026-06-09 16:05:00,during_fault,493.35767,1
2026-06-09 15:51:25,385,EXP_FAULT_04,RUN_04,network_delay,1,frontend,frontend-f04-00,online-boutique,node-a,0.76,83.7915,0,469.9889,0.009063,79.6829,37.0847,164.3898,230.7987,497.0794,402.022,465.7296,0.6872,3.5721,572999.7703,437723.3533,network_delay,frontend,2026-06-09 15:50:00,2026-06-09 16:05:00,during_fault,486.70474,1
2026-06-09 15:51:30,390,EXP_FAULT_04,RUN_04,network_delay,1,frontend,frontend-f04-00,online-boutique,node-a,0.7968,82.1424,0,481.8447,0.008939,79.4285,35.3242,164.8859,253.1735,483.8046,414.9516,477.5374,0.7957,3.5116,562040.238,462345.8056,network_delay,frontend,2026-06-09 15:50:00,2026-06-09 16:05:00,during_fault,481.20596,1
2026-06-09 15:51:35,395,EXP_FAULT_04,RUN_04,network_delay,1,frontend,frontend-f04-00,online-boutique,node-a,0.734,83.4629,0,475.7565,0.007843,72.9545,34.1969,141.7902,210.2842,416.4123,412.2654,472.0251,0.3232,3.4082,580711.7527,338115.049,network_delay,frontend,2026-06-09 15:50:00,2026-06-09 16:05:00,during_fault,378.17096,1
2026-06-09 15:51:40,400,EXP_FAULT_04,RUN_04,network_delay,1,frontend,frontend-f04-00,online-boutique,node-a,0.7584,82.5039,0,475.7015,0.008724,73.7663,32.6989,150.3514,217.6953,385.2112,414.2137,471.5515,0.9281,3.2219,624030.2799,348093.6106,network_delay,frontend,2026-06-09 15:50:00,2026-06-09 16:05:00,during_fault,406.64435,1
2026-06-09 15:51:45,405,EXP_FAULT_04,RUN_04,network_delay,1,frontend,frontend-f04-00,online-boutique,node-a,0.7319,81.4585,0,485.5774,0.009194,73.2703,36.0417,131.0906,217.5697,379.1288,424.6239,481.1131,1.2208,3.2436,544364.587,435572.0361,network_delay,frontend,2026-06-09 15:50:00,2026-06-09 16:05:00,during_fault,411.09528,1
2026-06-09 15:51:50,410,EXP_FAULT_04,RUN_04,network_delay,1,frontend,frontend-f04-00,online-boutique,node-a,0.8065,83.93,0,479.7312,0.007331,69.9544,30.9035,143.0867,210.1686,376.3484,421.3956,476.2144,0.3896,3.1272,515617.1391,347155.9284,network_delay,frontend,2026-06-09 15:50:00,2026-06-09 16:05:00,during_fault,330.64465,1
2026-06-09 15:51:55,415,EXP_FAULT_04,RUN_04,network_delay,1,frontend,frontend-f04-00,online-boutique,node-a,0.8068,83.8894,0,465.8699,0.007281,66.8567,31.3655,129.6922,212.308,360.9559,410.4332,462.4777,0.3692,3.023,567300.7441,442838.2665,network_delay,frontend,2026-06-09 15:50:00,2026-06-09 16:05:00,during_fault,300.5683,1
2026-06-09 15:52:00,420,EXP_FAULT_04,RUN_04,network_delay,1,frontend,frontend-f04-00,online-boutique,node-a,0.7685,84.2343,0,466.9612,0.00808,68.5994,34.328,137.3194,216.3251,380.8537,412.1646,463.1883,0.8625,2.9105,542839.4102,502431.0745,network_delay,frontend,2026-06-09 15:50:00,2026-06-09 16:05:00,during_fault,331.89697,1
2026-06-09 15:52:05,425,EXP_FAULT_04,RUN_04,network_delay,1,frontend,frontend-f04-00,online-boutique,node-a,0.7308,84.4704,0,478.6968,0.007267,62.6418,28.1528,125.7391,175.2299,320.9563,423.322,475.2183,0.467,3.0116,537977.2061,519980.4096,network_delay,frontend,2026-06-09 15:50:00,2026-06-09 16:05:00,during_fault,254.17538,1
2026-06-09 15:52:10,430,EXP_FAULT_04,RUN_04,network_delay,1,frontend,frontend-f04-00,online-boutique,node-a,0.8037,82.1067,0,459.679,0.007475,63.9629,31.2304,123.4142,196.9774,346.8214,406.6215,456.2429,0.5928,2.8433,494575.4658,465493.232,network_delay,frontend,2026-06-09 15:50:00,2026-06-09 16:05:00,during_fault,280.25104,1
2026-06-09 15:52:15,435,EXP_FAULT_04,RUN_04,network_delay,1,frontend,frontend-f04-00,online-boutique,node-a,0.8042,84.0483,0,456.3568,0.008087,67.4155,30.7017,134.0218,197.2504,373.97,403.3282,452.6664,0.8085,2.8819,432598.0321,467033.2186,network_delay,frontend,2026-06-09 15:50:00,2026-06-09 16:05:00,during_fault,322.05014,1
2026-06-09 15:52:20,440,EXP_FAULT_04,RUN_04,network_delay,1,frontend,frontend-f04-00,online-boutique,node-a,0.7139,83.9823,0,469.3908,0.007551,66.451,28.7038,125.4382,192.8386,336.4757,414.341,465.8463,0.5312,3.0133,560610.4511,322156.9269,network_delay,frontend,2026-06-09 15:50:00,2026-06-09 16:05:00,during_fault,301.6339,1
2026-06-09 15:52:25,445,EXP_FAULT_04,RUN_04,network_delay,1,frontend,frontend-f04-00,online-boutique,node-a,0.7916,81.2499,0,454.5273,0.007717,62.7222,30.1394,128.2946,185.191,351.2272,400.4356,451.0195,0.6302,2.8776,416047.4146,306113.7146,network_delay,frontend,2026-06-09 15:50:00,2026-06-09 16:05:00,during_fault,275.51758,1
2026-06-09 15:52:30,450,EXP_FAULT_04,RUN_04,network_delay,1,frontend,frontend-f04-00,online-boutique,node-a,0.7889,84.0198,0,461.3908,0.008828,66.1363,30.6818,137.5276,203.0112,330.1046,405.1793,457.3174,1.0225,3.0509,617818.8839,334374.4707,network_delay,frontend,2026-06-09 15:50:00,2026-06-09 16:05:00,during_fault,319.7149,1
2026-06-09 15:52:35,455,EXP_FAULT_04,RUN_04,network_delay,1,frontend,frontend-f04-00,online-boutique,node-a,0.7477,84.4834,0,455.651,0.007578,67.8045,31.2646,127.8962,204.8499,393.0703,398.7407,452.1981,0.4301,3.0228,530235.684,431219.9897,network_delay,frontend,2026-06-09 15:50:00,2026-06-09 16:05:00,during_fault,318.04037,1
2026-06-09 15:52:40,460,EXP_FAULT_04,RUN_04,network_delay,1,frontend,frontend-f04-00,online-boutique,node-a,0.7453,83.4739,0,440.8832,0.00872,71.8774,32.4529,147.1745,209.4146,375.1922,383.9062,437.0386,0.8322,3.0123,543372.4261,385869.8959,network_delay,frontend,2026-06-09 15:50:00,2026-06-09 16:05:00,during_fault,392.7692,1
2026-06-09 15:52:45,465,EXP_FAULT_04,RUN_04,network_delay,1,frontend,frontend-f04-00,online-boutique,node-a,0.7919,84.361,0,434.0231,0.008464,76.8804,33.9528,145.7033,253.8863,390.5162,376.0237,430.3495,0.6041,3.0696,571381.2425,367097.1707,network_delay,frontend,2026-06-09 15:50:00,2026-06-09 16:05:00,during_fault,448.54492,1
2026-06-09 15:52:50,470,EXP_FAULT_04,RUN_04,network_delay,1,frontend,frontend-f04-00,online-boutique,node-a,0.7917,84.1295,0,448.3496,0.008881,76.6364,34.7045,155.0539,254.6748,458.6866,386.1586,444.3676,0.5804,3.4015,491874.8725,422477.6121,network_delay,frontend,2026-06-09 15:50:00,2026-06-09 16:05:00,during_fault,448.94855,1
2026-06-09 15:52:55,475,EXP_FAULT_04,RUN_04,network_delay,1,frontend,frontend-f04-00,online-boutique,node-a,0.7118,83.891,0,442.3439,0.008462,78.6031,36.4077,161.3852,246.2282,463.3143,378.51,438.6009,0.3133,3.4297,502805.4092,336468.7694,network_delay,frontend,2026-06-09 15:50:00,2026-06-09 16:05:00,during_fault,471.81244,1
2026-06-09 15:53:00,480,EXP_FAULT_04,RUN_04,network_delay,1,frontend,frontend-f04-00,online-boutique,node-a,0.7707,84.4864,0,420.6913,0.009962,80.9673,35.691,173.0499,245.5227,492.0589,357.3613,416.5004,0.7696,3.4213,393949.334,348890.1152,network_delay,frontend,2026-06-09 15:50:00,2026-06-09 16:05:00,during_fault,539.5951,1
2026-06-09 15:53:05,485,EXP_FAULT_04,RUN_04,network_delay,1,frontend,frontend-f04-00,online-boutique,node-a,0.7777,82.4214,0,434.8216,0.010896,80.2301,35.6626,171.8646,255.094,518.4924,366.6465,430.0837,1.084,3.6539,534291.0887,480087.9641,network_delay,frontend,2026-06-09 15:50:00,2026-06-09 16:05:00,during_fault,552.11346,1
2026-06-09 15:53:10,490,EXP_FAULT_04,RUN_04,network_delay,1,frontend,frontend-f04-00,online-boutique,node-a,0.798,84.5924,0,444.0545,0.010053,82.2776,35.4871,160.0754,265.4889,488.2553,371.7148,439.5904,0.5439,3.9202,433923.1259,335748.5983,network_delay,frontend,2026-06-09 15:50:00,2026-06-09 16:05:00,during_fault,549.5979,1
2026-06-09 15:53:15,495,EXP_FAULT_04,RUN_04,network_delay,1,frontend,frontend-f04-00,online-boutique,node-a,0.7891,82.5715,0,425.3852,0.011215,90.0661,38.148,187.8202,293.3995,540.3079,353.2369,420.6147,0.9113,3.8592,491141.2367,305177.7414,network_delay,frontend,2026-06-09 15:50:00,2026-06-09 16:05:00,during_fault,711.97736,1
2026-06-09 15:53:20,500,EXP_FAULT_04,RUN_04,network_delay,1,frontend,frontend-f04-00,online-boutique,node-a,0.7584,83.0608,0,418.926,0.011114,90.7644,40.2386,171.5426,304.4012,538.7615,345.276,414.27,0.722,3.934,476829.094,444189.5399,network_delay,frontend,2026-06-09 15:50:00,2026-06-09 16:05:00,during_fault,722.7912,1
2026-06-09 15:53:25,505,EXP_FAULT_04,RUN_04,network_delay,1,frontend,frontend-f04-00,online-boutique,node-a,0.73,83.7838,0,432.9778,0.012465,101.9307,46.0967,198.0191,323.4377,674.4728,353.7665,427.5809,1.2065,4.1903,433608.8123,340256.7753,network_delay,frontend,2026-06-09 15:50:00,2026-06-09 16:05:00,during_fault,945.7285,1
2026-06-09 15:53:30,510,EXP_FAULT_04,RUN_04,network_delay,1,frontend,frontend-f04-00,online-boutique,node-a,0.7682,83.2058,0,431.7554,0.010804,99.7759,44.7672,200.9531,341.6921,595.9844,350.4031,427.0907,0.3623,4.3024,401926.1519,436949.6374,network_delay,frontend,2026-06-09 15:50:00,2026-06-09 16:05:00,during_fault,861.9406,1
2026-06-09 15:53:35,515,EXP_FAULT_04,RUN_04,network_delay,1,frontend,frontend-f04-00,online-boutique,node-a,0.7461,83.6098,0,432.2459,0.012478,103.6397,41.6012,217.1719,331.46,687.5955,348.1695,426.8525,0.8121,4.5813,486772.5554,357308.4725,network_delay,frontend,2026-06-09 15:50:00,2026-06-09 16:05:00,during_fault,978.69104,1
2026-06-09 15:53:40,520,EXP_FAULT_04,RUN_04,network_delay,1,frontend,frontend-f04-00,online-boutique,node-a,0.7189,83.5601,0,434.1512,0.012969,102.2707,39.557,203.7667,335.0446,617.0341,347.1146,428.5207,0.9995,4.631,461468.8978,404843.8148,network_delay,frontend,2026-06-09 15:50:00,2026-06-09 16:05:00,during_fault,968.181,1
2026-06-09 15:53:45,525,EXP_FAULT_04,RUN_04,network_delay,1,frontend,frontend-f04-00,online-boutique,node-a,0.7972,82.6813,0,425.1567,0.013904,108.0371,42.0295,240.7872,373.5009,660.8462,337.6973,419.2454,1.2216,4.6897,492481.4829,359012.7206,network_delay,frontend,2026-06-09 15:50:00,2026-06-09 16:05:00,during_fault,1114.7526,1
2026-06-09 15:53:50,530,EXP_FAULT_04,RUN_04,network_delay,1,frontend,frontend-f04-00,online-boutique,node-a,0.7831,83.8477,0,436.2696,0.01419,112.6324,47.6854,232.7755,412.8671,753.5059,344.4291,430.0791,1.3211,4.8694,556014.1127,380589.3113,network_delay,frontend,2026-06-09 15:50:00,2026-06-09 16:05:00,during_fault,1206.584,1
2026-06-09 15:53:55,535,EXP_FAULT_04,RUN_04,network_delay,1,frontend,frontend-f04-00,online-boutique,node-a,0.7795,84.0139,0,426.8021,0.013224,110.441,46.7086,218.2646,410.5473,731.0254,335.2852,421.1582,0.771,4.8729,552500.3966,455436.4392,network_delay,frontend,2026-06-09 15:50:00,2026-06-09 16:05:00,during_fault,1134.9314,1
2026-06-09 15:54:00,540,EXP_FAULT_04,RUN_04,network_delay,1,frontend,frontend-f04-00,online-boutique,node-a,0.7882,84.5072,0,442.7985,0.014592,109.7206,42.7657,217.7257,371.8835,708.7464,346.2734,436.3373,1.3214,5.1398,619049.7595,436846.8935,network_delay,frontend,2026-06-09 15:50:00,2026-06-09 16:05:00,during_fault,1151.3569,1
2026-06-09 15:54:05,545,EXP_FAULT_04,RUN_04,network_delay,1,frontend,frontend-f04-00,online-boutique,node-a,0.8028,81.9785,0,450.0318,0.0141,118.2914,48.6336,251.604,419.1857,727.2151,350.6556,443.6862,1.0422,5.3034,421482.6913,528218.4191,network_delay,frontend,2026-06-09 15:50:00,2026-06-09 16:05:00,during_fault,1327.6104,1
2026-06-09 15:54:10,550,EXP_FAULT_04,RUN_04,network_delay,1,frontend,frontend-f04-00,online-boutique,node-a,0.7996,80.7192,0,438.819,0.013786,111.4772,46.5663,240.7085,372.2777,712.8695,340.9789,432.7697,0.7628,5.2865,442257.9737,468282.8263,network_delay,frontend,2026-06-09 15:50:00,2026-06-09 16:05:00,during_fault,1184.685,1
2026-06-09 15:54:15,555,EXP_FAULT_04,RUN_04,network_delay,1,frontend,frontend-f04-00,online-boutique,node-a,0.7802,84.8163,0,428.3221,0.014254,122.8943,47.3566,271.7814,451.4111,820.9564,332.1536,422.2168,0.9039,5.2014,506890.421,425896.439,network_delay,frontend,2026-06-09 15:50:00,2026-06-09 16:05:00,during_fault,1434.7434,1
2026-06-09 15:54:20,560,EXP_FAULT_04,RUN_04,network_delay,1,frontend,frontend-f04-00,online-boutique,node-a,0.7902,83.2368,0,449.1596,0.013483,117.7738,49.1849,264.7034,438.3546,799.9681,347.9731,443.1034,0.6418,5.4144,607211.4288,432764.9469,network_delay,frontend,2026-06-09 15:50:00,2026-06-09 16:05:00,during_fault,1289.3234,1
2026-06-09 15:54:25,565,EXP_FAULT_04,RUN_04,network_delay,1,frontend,frontend-f04-00,online-boutique,node-a,0.7789,82.3433,0,436.2676,0.014825,119.403,46.5351,250.0816,390.9776,810.9547,337.8126,429.8,1.1695,5.298,543160.186,482764.8706,network_delay,frontend,2026-06-09 15:50:00,2026-06-09 16:05:00,during_fault,1385.0178,1
2026-06-09 15:54:30,570,EXP_FAULT_04,RUN_04,network_delay,1,frontend,frontend-f04-00,online-boutique,node-a,0.7808,83.286,0,454.176,0.015329,127.7805,54.166,282.2105,455.1882,916.5244,352.0985,447.2138,1.4128,5.5495,443295.2575,471034.1803,network_delay,frontend,2026-06-09 15:50:00,2026-06-09 16:05:00,during_fault,1581.242,1
2026-06-09 15:54:35,575,EXP_FAULT_04,RUN_04,network_delay,1,frontend,frontend-f04-00,online-boutique,node-a,0.7779,83.931,0,438.6972,0.014524,115.9445,48.5398,246.6878,422.5186,775.3734,340.7967,432.3254,1.142,5.2298,564571.3895,363334.6209,network_delay,frontend,2026-06-09 15:50:00,2026-06-09 16:05:00,during_fault,1286.9565,1
2026-06-09 15:54:40,580,EXP_FAULT_04,RUN_04,network_delay,1,frontend,frontend-f04-00,online-boutique,node-a,0.7666,83.6997,0,443.8437,0.013928,125.0895,48.6761,280.492,411.7421,825.5277,345.7783,437.6619,0.817,5.3649,500426.401,461832.3681,network_delay,frontend,2026-06-09 15:50:00,2026-06-09 16:05:00,during_fault,1471.8229,1
2026-06-09 15:54:45,585,EXP_FAULT_04,RUN_04,network_delay,1,frontend,frontend-f04-00,online-boutique,node-a,0.7643,82.7862,0,457.2718,0.013318,127.1511,48.327,288.2267,480.7964,871.678,357.6573,451.1816,0.7441,5.3461,618690.3409,528064.0549,network_delay,frontend,2026-06-09 15:50:00,2026-06-09 16:05:00,during_fault,1496.0956,1
2026-06-09 15:54:50,590,EXP_FAULT_04,RUN_04,network_delay,1,frontend,frontend-f04-00,online-boutique,node-a,0.7626,82.9821,0,458.3453,0.0125,129.2306,56.8003,268.854,474.9782,811.0854,360.1145,452.6158,0.4266,5.3029,629138.5857,347708.4371,network_delay,frontend,2026-06-09 15:50:00,2026-06-09 16:05:00,during_fault,1515.6006,1
2026-06-09 15:54:55,595,EXP_FAULT_04,RUN_04,network_delay,1,frontend,frontend-f04-00,online-boutique,node-a,0.7607,83.3992,0,458.3554,0.012986,108.0999,46.632,214.3992,363.6068,693.6647,362.0009,452.4034,0.6921,5.2599,543946.2331,379733.0755,network_delay,frontend,2026-06-09 15:50:00,2026-06-09 16:05:00,during_fault,1066.6537,1
2026-06-09 15:55:00,600,EXP_FAULT_04,RUN_04,network_delay,1,frontend,frontend-f04-00,online-boutique,node-a,0.81,83.5838,0,458.6848,0.013725,107.5529,42.841,221.6905,367.9095,765.2997,364.3148,452.3892,1.1776,5.1179,492564.136,480299.1139,network_delay,frontend,2026-06-09 15:50:00,2026-06-09 16:05:00,during_fault,1075.0408,1
2026-06-09 15:55:05,605,EXP_FAULT_04,RUN_04,network_delay,1,frontend,frontend-f04-00,online-boutique,node-a,0.8108,83.1771,0,462.0972,0.013507,110.5742,45.4627,226.6867,356.5844,729.9931,369.3622,455.8555,1.2624,4.9792,546710.9622,389276.057,network_delay,frontend,2026-06-09 15:50:00,2026-06-09 16:05:00,during_fault,1129.4167,1
2026-06-09 15:55:10,610,EXP_FAULT_04,RUN_04,network_delay,1,frontend,frontend-f04-00,online-boutique,node-a,0.801,82.8916,0,454.8056,0.01239,100.0412,39.5894,206.9954,345.5778,583.0354,366.2386,449.1706,0.8556,4.7794,594499.4202,367056.2409,network_delay,frontend,2026-06-09 15:50:00,2026-06-09 16:05:00,during_fault,898.59656,1
2026-06-09 15:55:15,615,EXP_FAULT_04,RUN_04,network_delay,1,frontend,frontend-f04-00,online-boutique,node-a,0.7587,82.9193,0,457.1402,0.011913,107.0182,43.0977,219.051,354.474,677.138,370.8564,451.6943,0.8091,4.6367,490936.4345,349921.004,network_delay,frontend,2026-06-09 15:50:00,2026-06-09 16:05:00,during_fault,1016.6268,1
2026-06-09 15:55:20,620,EXP_FAULT_04,RUN_04,network_delay,1,frontend,frontend-f04-00,online-boutique,node-a,0.7705,81.2701,0,457.139,0.01186,94.947,38.2941,196.5919,328.5656,556.3474,373.711,451.7173,0.8953,4.5263,407747.4815,412896.5774,network_delay,frontend,2026-06-09 15:50:00,2026-06-09 16:05:00,during_fault,801.9306,1
2026-06-09 15:55:25,625,EXP_FAULT_04,RUN_04,network_delay,1,frontend,frontend-f04-00,online-boutique,node-a,0.7888,84.0817,0,458.2892,0.012266,105.6918,46.2812,226.9526,333.7859,601.0743,377.4742,452.668,1.3207,4.3005,514457.6589,497129.584,network_delay,frontend,2026-06-09 15:50:00,2026-06-09 16:05:00,during_fault,993.4119,1
2026-06-09 15:55:30,630,EXP_FAULT_04,RUN_04,network_delay,1,frontend,frontend-f04-00,online-boutique,node-a,0.7606,85.2845,0,450.6838,0.011082,98.2106,40.8538,193.4069,326.3442,609.3926,374.2847,445.6895,0.9779,4.0164,599033.335,372755.9287,network_delay,frontend,2026-06-09 15:50:00,2026-06-09 16:05:00,during_fault,822.44934,1
2026-06-09 15:55:35,635,EXP_FAULT_04,RUN_04,network_delay,1,frontend,frontend-f04-00,online-boutique,node-a,0.7901,81.8353,0,463.4637,0.010279,93.6846,39.2899,191.3628,321.0382,582.6604,387.9966,458.6995,0.7208,4.0433,511328.7434,473968.8361,network_delay,frontend,2026-06-09 15:50:00,2026-06-09 16:05:00,during_fault,733.6376,1
2026-06-09 15:55:40,640,EXP_FAULT_04,RUN_04,network_delay,1,frontend,frontend-f04-00,online-boutique,node-a,0.7868,82.1038,0,446.8033,0.010634,85.916,38.0293,174.3306,292.3413,538.9836,376.7989,442.052,1.0334,3.7178,592635.7708,409755.597,network_delay,frontend,2026-06-09 15:50:00,2026-06-09 16:05:00,during_fault,625.3692,1
2026-06-09 15:55:45,645,EXP_FAULT_04,RUN_04,network_delay,1,frontend,frontend-f04-00,online-boutique,node-a,0.7476,84.6318,0,449.023,0.010227,81.8481,33.8678,167.3206,271.911,489.0938,381.2715,444.4309,0.9462,3.6458,407502.6875,490125.2601,network_delay,frontend,2026-06-09 15:50:00,2026-06-09 16:05:00,during_fault,546.9479,1
2026-06-09 15:55:50,650,EXP_FAULT_04,RUN_04,network_delay,1,frontend,frontend-f04-00,online-boutique,node-a,0.8138,83.0203,0,448.2983,0.010253,77.5772,36.1203,144.0117,241.7903,443.8932,383.5277,443.7021,1.1456,3.4507,420259.211,368429.2546,network_delay,frontend,2026-06-09 15:50:00,2026-06-09 16:05:00,during_fault,492.58832,1
2026-06-09 15:55:55,655,EXP_FAULT_04,RUN_04,network_delay,1,frontend,frontend-f04-00,online-boutique,node-a,0.7569,84.5461,0,453.1623,0.008514,76.2095,34.4628,155.263,225.9419,428.2035,390.3452,449.304,0.57,3.2884,453385.9671,464984.9536,network_delay,frontend,2026-06-09 15:50:00,2026-06-09 16:05:00,during_fault,434.0805,1
2026-06-09 15:56:00,660,EXP_FAULT_04,RUN_04,network_delay,1,frontend,frontend-f04-00,online-boutique,node-a,0.8004,84.6565,0,436.0473,0.00927,75.3479,33.9485,140.5112,229.4235,418.7628,377.6222,432.005,0.9423,3.0999,508373.9085,455774.6159,network_delay,frontend,2026-06-09 15:50:00,2026-06-09 16:05:00,during_fault,442.4726,1
2026-06-09 15:56:05,665,EXP_FAULT_04,RUN_04,network_delay,1,frontend,frontend-f04-00,online-boutique,node-a,0.7451,84.2086,0,441.1723,0.008127,69.7436,32.7583,144.7708,218.7566,367.3222,384.3493,437.5869,0.5378,3.0476,472653.6974,431348.6081,network_delay,frontend,2026-06-09 15:50:00,2026-06-09 16:05:00,during_fault,354.49487,1
2026-06-09 15:56:10,670,EXP_FAULT_04,RUN_04,network_delay,1,frontend,frontend-f04-00,online-boutique,node-a,0.7911,83.8341,0,433.7419,0.007973,69.7868,34.0633,137.3712,210.1122,411.9981,379.5036,430.2835,0.5512,2.9072,386215.4647,376571.5778,network_delay,frontend,2026-06-09 15:50:00,2026-06-09 16:05:00,during_fault,354.7465,1
2026-06-09 15:56:15,675,EXP_FAULT_04,RUN_04,network_delay,1,frontend,frontend-f04-00,online-boutique,node-a,0.8007,84.1287,0,450.853,0.008193,71.644,32.7526,146.8034,223.8107,393.3498,395.9536,447.1591,0.8311,2.8628,555775.2722,404052.3303,network_delay,frontend,2026-06-09 15:50:00,2026-06-09 16:05:00,during_fault,373.47137,1
2026-06-09 15:56:20,680,EXP_FAULT_04,RUN_04,network_delay,1,frontend,frontend-f04-00,online-boutique,node-a,0.7482,81.2976,0,427.3457,0.007599,65.9853,28.6795,126.6242,203.2374,379.6711,376.5437,424.0983,0.4758,2.7717,469800.4781,306734.9576,network_delay,frontend,2026-06-09 15:50:00,2026-06-09 16:05:00,during_fault,316.67825,1
2026-06-09 15:56:25,685,EXP_FAULT_04,RUN_04,network_delay,1,frontend,frontend-f04-00,online-boutique,node-a,0.7748,82.6613,0,437.5197,0.006887,69.1838,33.4297,127.1223,216.5019,343.2964,386.3908,434.5064,0.3409,2.6724,451842.586,475481.024,network_delay,frontend,2026-06-09 15:50:00,2026-06-09 16:05:00,during_fault,332.43323,1
2026-06-09 15:56:30,690,EXP_FAULT_04,RUN_04,network_delay,1,frontend,frontend-f04-00,online-boutique,node-a,0.7603,83.7543,0,426.3667,0.007362,62.6864,30.3695,128.4778,200.3588,350.4936,377.0905,423.2276,0.5677,2.5714,374419.2819,444451.1472,network_delay,frontend,2026-06-09 15:50:00,2026-06-09 16:05:00,during_fault,271.5563,1
2026-06-09 15:56:35,695,EXP_FAULT_04,RUN_04,network_delay,1,frontend,frontend-f04-00,online-boutique,node-a,0.8035,83.6351,0,441.7587,0.007324,57.2996,28.991,110.2402,173.9607,304.8172,390.793,438.5231,0.5227,2.7128,429177.9062,319092.4468,network_delay,frontend,2026-06-09 15:50:00,2026-06-09 16:05:00,during_fault,215.42001,1
2026-06-09 15:56:40,700,EXP_FAULT_04,RUN_04,network_delay,1,frontend,frontend-f04-00,online-boutique,node-a,0.826,83.5132,0,438.0351,0.007525,61.3959,26.7874,119.0342,182.8877,301.6897,387.2874,434.7388,0.5293,2.767,560857.8742,474306.6227,network_delay,frontend,2026-06-09 15:50:00,2026-06-09 16:05:00,during_fault,257.5086,1
2026-06-09 15:56:45,705,EXP_FAULT_04,RUN_04,network_delay,1,frontend,frontend-f04-00,online-boutique,node-a,0.8009,82.975,0,446.4514,0.007838,63.8933,29.1027,117.9203,188.9762,346.8937,394.2404,442.9522,0.6613,2.8378,474484.4318,416287.0719,network_delay,frontend,2026-06-09 15:50:00,2026-06-09 16:05:00,during_fault,286.73172,1
2026-06-09 15:56:50,710,EXP_FAULT_04,RUN_04,network_delay,1,frontend,frontend-f04-00,online-boutique,node-a,0.7762,81.9894,0,450.3062,0.008279,66.475,31.3513,128.3755,208.2419,326.4873,396.5616,446.5779,0.9253,2.8029,380244.691,421910.3085,network_delay,frontend,2026-06-09 15:50:00,2026-06-09 16:05:00,during_fault,323.61432,1
2026-06-09 15:56:55,715,EXP_FAULT_04,RUN_04,network_delay,1,frontend,frontend-f04-00,online-boutique,node-a,0.7651,84.4608,0,450.8358,0.00774,65.5988,28.6569,129.8779,202.0076,382.68,395.9251,447.3463,0.5094,2.9802,538101.1712,302964.2345,network_delay,frontend,2026-06-09 15:50:00,2026-06-09 16:05:00,during_fault,298.2354,1
2026-06-09 15:57:00,720,EXP_FAULT_04,RUN_04,network_delay,1,frontend,frontend-f04-00,online-boutique,node-a,0.793,83.4635,0,450.9392,0.009179,65.2701,32.3414,120.1049,193.7898,357.3781,394.3808,446.8,1.0672,3.072,615624.1782,434013.5366,network_delay,frontend,2026-06-09 15:50:00,2026-06-09 16:05:00,during_fault,321.22034,1
2026-06-09 15:57:05,725,EXP_FAULT_04,RUN_04,network_delay,1,frontend,frontend-f04-00,online-boutique,node-a,0.8156,85.2521,0,434.6304,0.008582,71.3247,31.6112,136.5002,213.5937,388.5231,378.5884,430.9004,0.7873,2.9426,408193.6388,425098.1358,network_delay,frontend,2026-06-09 15:50:00,2026-06-09 16:05:00,during_fault,378.3287,1
2026-06-09 15:57:10,730,EXP_FAULT_04,RUN_04,network_delay,1,frontend,frontend-f04-00,online-boutique,node-a,0.8006,82.5661,0,454.3094,0.008053,75.2295,32.235,155.7071,222.7334,434.6046,393.6541,450.6511,0.4711,3.1872,495338.258,386882.4529,network_delay,frontend,2026-06-09 15:50:00,2026-06-09 16:05:00,during_fault,418.38605,1
2026-06-09 15:57:15,735,EXP_FAULT_04,RUN_04,network_delay,1,frontend,frontend-f04-00,online-boutique,node-a,0.8207,83.1591,0,448.1189,0.009911,78.4168,35.6729,143.5153,250.8982,436.6014,385.7455,443.6776,1.0428,3.3985,580485.8999,357925.8925,network_delay,frontend,2026-06-09 15:50:00,2026-06-09 16:05:00,during_fault,496.0959,1
2026-06-09 15:57:20,740,EXP_FAULT_04,RUN_04,network_delay,1,frontend,frontend-f04-00,online-boutique,node-a,0.7623,84.0797,0,453.6728,0.009908,79.1466,33.0708,166.2784,236.0939,453.3089,388.0973,449.1779,1.0402,3.4547,593835.3206,455999.1724,network_delay,frontend,2026-06-09 15:50:00,2026-06-09 16:05:00,during_fault,502.24155,1
2026-06-09 15:57:25,745,EXP_FAULT_04,RUN_04,network_delay,1,frontend,frontend-f04-00,online-boutique,node-a,0.817,84.224,0,468.0075,0.01059,83.4741,37.4425,154.6278,264.4364,438.4283,397.5196,463.0512,1.2509,3.7054,570747.9168,329037.4116,network_delay,frontend,2026-06-09 15:50:00,2026-06-09 16:05:00,during_fault,569.8656,1
2026-06-09 15:57:30,750,EXP_FAULT_04,RUN_04,network_delay,1,frontend,frontend-f04-00,online-boutique,node-a,0.7192,84.4231,0,468.3046,0.00966,83.7101,39.4025,170.4957,250.555,478.3254,395.0389,463.7808,0.6557,3.8681,505978.3355,474312.1114,network_delay,frontend,2026-06-09 15:50:00,2026-06-09 16:05:00,during_fault,555.11255,1
2026-06-09 15:57:35,755,EXP_FAULT_04,RUN_04,network_delay,1,frontend,frontend-f04-00,online-boutique,node-a,0.8268,81.9248,0,480.9104,0.010639,87.5899,37.1574,180.6802,290.8738,549.7831,402.5079,475.7938,0.8438,4.2728,626443.0046,504102.2192,network_delay,frontend,2026-06-09 15:50:00,2026-06-09 16:05:00,during_fault,635.8309,1
2026-06-09 15:57:40,760,EXP_FAULT_04,RUN_04,network_delay,1,frontend,frontend-f04-00,online-boutique,node-a,0.7777,83.0251,0,492.2449,0.01124,97.1669,43.7524,192.3254,306.8756,592.6697,408.6642,486.7119,1.0332,4.4998,593319.4116,507826.0964,network_delay,frontend,2026-06-09 15:50:00,2026-06-09 16:05:00,during_fault,798.11536,1
2026-06-09 15:57:45,765,EXP_FAULT_04,RUN_04,network_delay,1,frontend,frontend-f04-00,online-boutique,node-a,0.7713,84.2432,0,487.2677,0.011425,96.5563,43.4434,187.5266,318.5786,546.0202,401.3972,481.7008,0.9069,4.66,450647.4853,566695.5711,network_delay,frontend,2026-06-09 15:50:00,2026-06-09 16:05:00,during_fault,789.52264,1
2026-06-09 15:57:50,770,EXP_FAULT_04,RUN_04,network_delay,1,frontend,frontend-f04-00,online-boutique,node-a,0.8193,85.5564,0,480.8182,0.012221,94.3295,43.0553,189.8689,332.0071,532.5491,392.9035,474.9421,1.12,4.756,481325.7149,453609.1132,network_delay,frontend,2026-06-09 15:50:00,2026-06-09 16:05:00,during_fault,768.02704,1
2026-06-09 15:57:55,775,EXP_FAULT_04,RUN_04,network_delay,1,frontend,frontend-f04-00,online-boutique,node-a,0.7621,83.2938,0,494.0908,0.01209,99.2271,44.6938,196.1903,309.7914,644.0995,400.6557,488.1174,1.0411,4.9324,662609.1333,459956.2913,network_delay,frontend,2026-06-09 15:50:00,2026-06-09 16:05:00,during_fault,855.54944,1
2026-06-09 15:58:00,780,EXP_FAULT_04,RUN_04,network_delay,1,frontend,frontend-f04-00,online-boutique,node-a,0.7812,85.0493,0,491.0344,0.012521,108.7799,44.0619,233.1759,391.1357,709.2472,395.4708,484.8864,1.0398,5.1082,630175.6088,525589.3101,network_delay,frontend,2026-06-09 15:50:00,2026-06-09 16:05:00,during_fault,1038.1572,1
2026-06-09 15:58:05,785,EXP_FAULT_04,RUN_04,network_delay,1,frontend,frontend-f04-00,online-boutique,node-a,0.7773,82.0227,0,492.5518,0.013365,105.3781,42.7331,212.5262,349.9603,730.2288,393.8075,485.9687,1.2107,5.3724,658143.9273,498638.2416,network_delay,frontend,2026-06-09 15:50:00,2026-06-09 16:05:00,during_fault,1012.77966,1
2026-06-09 15:58:10,790,EXP_FAULT_04,RUN_04,network_delay,1,frontend,frontend-f04-00,online-boutique,node-a,0.8213,83.4417,0,498.3734,0.012862,115.8277,51.4161,236.9592,391.3306,687.6573,396.0773,491.9631,0.9347,5.4756,451299.7191,411774.0108,network_delay,frontend,2026-06-09 15:50:00,2026-06-09 16:05:00,during_fault,1195.3147,1
2026-06-09 15:58:15,795,EXP_FAULT_04,RUN_04,network_delay,1,frontend,frontend-f04-00,online-boutique,node-a,0.7599,83.8624,0,504.8366,0.013625,125.8618,48.157,249.1519,410.6773,857.5807,398.6379,497.9584,1.1227,5.7556,639713.7596,534984.5196,network_delay,frontend,2026-06-09 15:50:00,2026-06-09 16:05:00,during_fault,1438.4827,1
2026-06-09 15:58:20,800,EXP_FAULT_04,RUN_04,network_delay,1,frontend,frontend-f04-00,online-boutique,node-a,0.7918,83.057,0,476.6084,0.013497,118.995,52.08,241.2599,441.7324,802.521,374.267,470.1754,0.847,5.586,409613.6359,537325.9849,network_delay,frontend,2026-06-09 15:50:00,2026-06-09 16:05:00,during_fault,1300.5662,1
2026-06-09 15:58:25,805,EXP_FAULT_04,RUN_04,network_delay,1,frontend,frontend-f04-00,online-boutique,node-a,0.831,84.58,0,494.0796,0.013215,115.7759,47.664,247.1584,411.285,718.1196,386.4519,487.5503,0.6982,5.8311,515128.7895,400873.6955,network_delay,frontend,2026-06-09 15:50:00,2026-06-09 16:05:00,during_fault,1201.1724,1
2026-06-09 15:58:30,810,EXP_FAULT_04,RUN_04,network_delay,1,frontend,frontend-f04-00,online-boutique,node-a,0.7735,83.802,0,498.0281,0.013609,127.806,53.0397,253.5744,414.5639,914.1046,388.021,491.2506,0.8731,5.9044,482028.02,395166.5873,network_delay,frontend,2026-06-09 15:50:00,2026-06-09 16:05:00,during_fault,1487.6249,1
2026-06-09 15:58:35,815,EXP_FAULT_04,RUN_04,network_delay,1,frontend,frontend-f04-00,online-boutique,node-a,0.7764,84.4658,0,480.655,0.013088,119.5102,44.9229,268.2295,403.5295,787.6626,373.5073,474.3641,0.5285,5.7625,453839.0203,383578.0157,network_delay,frontend,2026-06-09 15:50:00,2026-06-09 16:05:00,during_fault,1288.2947,1
2026-06-09 15:58:40,820,EXP_FAULT_04,RUN_04,network_delay,1,frontend,frontend-f04-00,online-boutique,node-a,0.8199,84.1248,0,485.754,0.014189,119.8766,46.0461,265.1707,443.1964,824.138,376.5097,478.8616,0.9375,5.955,504872.5364,481085.3569,network_delay,frontend,2026-06-09 15:50:00,2026-06-09 16:05:00,during_fault,1329.9225,1
2026-06-09 15:58:45,825,EXP_FAULT_04,RUN_04,network_delay,1,frontend,frontend-f04-00,online-boutique,node-a,0.7996,82.4943,0,500.9712,0.013791,125.2924,53.1313,244.7419,426.1703,804.9564,388.1472,494.0623,0.7802,6.1287,628185.0629,499763.5671,network_delay,frontend,2026-06-09 15:50:00,2026-06-09 16:05:00,during_fault,1440.3112,1
2026-06-09 15:58:50,830,EXP_FAULT_04,RUN_04,network_delay,1,frontend,frontend-f04-00,online-boutique,node-a,0.8188,82.4093,0,489.5372,0.014351,121.6675,46.9206,273.9367,441.1888,809.0581,379.237,482.5117,1.0273,5.9982,623041.3304,486264.0811,network_delay,frontend,2026-06-09 15:50:00,2026-06-09 16:05:00,during_fault,1383.5736,1
2026-06-09 15:58:55,835,EXP_FAULT_04,RUN_04,network_delay,1,frontend,frontend-f04-00,online-boutique,node-a,0.76,84.2671,0,481.3307,0.013511,131.1465,56.9766,264.7378,477.4096,967.9097,373.2643,474.8273,0.7123,5.7912,435691.1724,461522.4372,network_delay,frontend,2026-06-09 15:50:00,2026-06-09 16:05:00,during_fault,1573.0404,1
2026-06-09 15:59:00,840,EXP_FAULT_04,RUN_04,network_delay,1,frontend,frontend-f04-00,online-boutique,node-a,0.8345,83.9013,0,485.0909,0.014676,126.7947,51.6054,265.1472,455.5072,905.6913,376.7949,477.9717,1.3241,5.7951,638725.6231,408270.344,network_delay,frontend,2026-06-09 15:50:00,2026-06-09 16:05:00,during_fault,1506.8027,1
2026-06-09 15:59:05,845,EXP_FAULT_04,RUN_04,network_delay,1,frontend,frontend-f04-00,online-boutique,node-a,0.7675,82.7662,0,473.2218,0.0126,118.1658,51.7799,263.5233,411.6065,746.23,368.7497,467.259,0.3781,5.5847,649312.8356,536095.047,network_delay,frontend,2026-06-09 15:50:00,2026-06-09 16:05:00,during_fault,1258.0923,1
2026-06-09 15:59:10,850,EXP_FAULT_04,RUN_04,network_delay,1,frontend,frontend-f04-00,online-boutique,node-a,0.8314,82.0727,0,487.7587,0.014537,120.6669,45.5216,256.4695,438.0235,771.7266,381.2657,480.6679,1.4004,5.6904,622513.5139,519398.2687,network_delay,frontend,2026-06-09 15:50:00,2026-06-09 16:05:00,during_fault,1369.9827,1
2026-06-09 15:59:15,855,EXP_FAULT_04,RUN_04,network_delay,1,frontend,frontend-f04-00,online-boutique,node-a,0.7335,81.8795,0,465.9494,0.012734,126.6653,49.3748,281.9492,421.4149,767.514,366.171,460.0158,0.5989,5.3347,496539.9534,359099.7318,network_delay,frontend,2026-06-09 15:50:00,2026-06-09 16:05:00,during_fault,1465.8402,1
2026-06-09 15:59:20,860,EXP_FAULT_04,RUN_04,network_delay,1,frontend,frontend-f04-00,online-boutique,node-a,0.7898,85.0005,0,485.8936,0.014356,115.7487,47.598,248.5947,399.8777,740.6455,383.5439,478.9183,1.5443,5.4311,509138.4756,473904.5416,network_delay,frontend,2026-06-09 15:50:00,2026-06-09 16:05:00,during_fault,1241.6156,1
2026-06-09 15:59:25,865,EXP_FAULT_04,RUN_04,network_delay,1,frontend,frontend-f04-00,online-boutique,node-a,0.7934,84.6762,0,478.29,0.012912,113.6345,48.9383,239.6442,372.4679,709.4965,379.8743,472.1143,0.8365,5.3393,509690.7226,496203.8677,network_delay,frontend,2026-06-09 15:50:00,2026-06-09 16:05:00,during_fault,1156.8785,1
2026-06-09 15:59:30,870,EXP_FAULT_04,RUN_04,network_delay,1,frontend,frontend-f04-00,online-boutique,node-a,0.8211,84.8213,0,486.8753,0.01294,109.4868,45.8316,242.3318,368.5213,644.8383,389.1034,480.5749,1.0203,5.2801,436984.0421,479076.8897,network_delay,frontend,2026-06-09 15:50:00,2026-06-09 16:05:00,during_fault,1066.738,1
2026-06-09 15:59:35,875,EXP_FAULT_04,RUN_04,network_delay,1,frontend,frontend-f04-00,online-boutique,node-a,0.7539,83.2527,0,480.1806,0.012162,111.6632,49.0481,242.5242,363.5699,679.7675,386.7521,474.3407,0.7512,5.0887,448305.9633,524988.4534,network_delay,frontend,2026-06-09 15:50:00,2026-06-09 16:05:00,during_fault,1101.7742,1
2026-06-09 15:59:40,880,EXP_FAULT_04,RUN_04,network_delay,1,frontend,frontend-f04-00,online-boutique,node-a,0.7417,84.9843,0,491.005,0.011578,104.1134,40.461,222.0831,362.4997,651.6096,398.276,485.3199,0.7329,4.9522,466570.8968,497256.6065,network_delay,frontend,2026-06-09 15:50:00,2026-06-09 16:05:00,during_fault,923.9383,1
2026-06-09 15:59:45,885,EXP_FAULT_04,RUN_04,network_delay,1,frontend,frontend-f04-00,online-boutique,node-a,0.819,83.4858,0,485.8041,0.010648,94.9978,38.9409,179.3526,334.8906,615.419,397.3052,480.6311,0.4878,4.6851,483809.108,361080.7187,network_delay,frontend,2026-06-09 15:50:00,2026-06-09 16:05:00,during_fault,745.99066,1
2026-06-09 15:59:50,890,EXP_FAULT_04,RUN_04,network_delay,1,frontend,frontend-f04-00,online-boutique,node-a,0.8457,81.5743,0,489.7326,0.011397,90.5486,37.1478,197.5464,278.9778,592.6147,403.5127,484.151,1.0239,4.5577,528343.269,393393.0294,network_delay,frontend,2026-06-09 15:50:00,2026-06-09 16:05:00,during_fault,697.541,1
2026-06-09 15:59:55,895,EXP_FAULT_04,RUN_04,network_delay,1,frontend,frontend-f04-00,online-boutique,node-a,0.7928,82.43,0,487.9434,0.010668,89.3396,40.07,185.6577,276.3575,516.3413,405.2794,482.7379,0.8402,4.3653,623655.3334,424301.8676,network_delay,frontend,2026-06-09 15:50:00,2026-06-09 16:05:00,during_fault,659.4787,1
2026-06-09 16:00:00,900,EXP_FAULT_04,RUN_04,network_delay,1,frontend,frontend-f04-00,online-boutique,node-a,0.7548,83.3639,0,477.1551,0.010421,85.8091,38.3956,171.2329,261.0106,471.1889,399.2175,472.1825,0.7778,4.1947,471717.6648,458946.741,network_delay,frontend,2026-06-09 15:50:00,2026-06-09 16:05:00,during_fault,602.10535,1
2026-06-09 16:00:05,905,EXP_FAULT_04,RUN_04,network_delay,1,frontend,frontend-f04-00,online-boutique,node-a,0.7692,84.237,0,487.3275,0.01043,86.9855,37.9676,176.7015,284.6849,533.7822,410.9909,482.2444,0.9186,4.1645,413132.4807,345491.9781,network_delay,frontend,2026-06-09 15:50:00,2026-06-09 16:05:00,during_fault,611.46484,1
2026-06-09 16:00:10,910,EXP_FAULT_04,RUN_04,network_delay,1,frontend,frontend-f04-00,online-boutique,node-a,0.8441,82.2469,0,501.8787,0.00962,81.0781,33.6504,166.1055,262.248,428.4329,426.5121,497.0506,0.7557,4.0724,544441.6187,570025.6068,network_delay,frontend,2026-06-09 15:50:00,2026-06-09 16:05:00,during_fault,508.41064,1
2026-06-09 16:00:15,915,EXP_FAULT_04,RUN_04,network_delay,1,frontend,frontend-f04-00,online-boutique,node-a,0.7629,84.4275,0,499.2766,0.009718,79.4363,35.0481,166.4422,254.9143,495.3871,426.919,494.4248,0.9536,3.8982,437780.6051,479464.692,network_delay,frontend,2026-06-09 15:50:00,2026-06-09 16:05:00,during_fault,483.638,1
2026-06-09 16:00:20,920,EXP_FAULT_04,RUN_04,network_delay,1,frontend,frontend-f04-00,online-boutique,node-a,0.7709,80.5181,0,506.461,0.00948,77.6465,36.0046,144.1389,257.9137,410.9481,435.9735,501.6597,1.0205,3.7809,667871.8645,525736.0778,network_delay,frontend,2026-06-09 15:50:00,2026-06-09 16:05:00,during_fault,466.30707,1
2026-06-09 16:00:25,925,EXP_FAULT_04,RUN_04,network_delay,1,frontend,frontend-f04-00,online-boutique,node-a,0.7397,82.4026,0,508.9432,0.008702,72.4556,34.722,151.0452,236.9889,432.1703,440.8714,504.5145,0.7349,3.6938,708251.9795,374201.3207,network_delay,frontend,2026-06-09 15:50:00,2026-06-09 16:05:00,during_fault,380.48837,1
2026-06-09 16:00:30,930,EXP_FAULT_04,RUN_04,network_delay,1,frontend,frontend-f04-00,online-boutique,node-a,0.8104,83.157,0,519.0385,0.008783,69.8131,31.3532,141.5895,207.6441,391.5518,452.0513,514.4798,1.0469,3.5117,550828.319,433583.4348,network_delay,frontend,2026-06-09 15:50:00,2026-06-09 16:05:00,during_fault,343.5123,1
2026-06-09 16:00:35,935,EXP_FAULT_04,RUN_04,network_delay,1,frontend,frontend-f04-00,online-boutique,node-a,0.7241,84.576,0,506.9562,0.008806,74.0359,36.754,137.0079,214.9813,427.3167,443.4794,502.4918,1.0554,3.409,617728.7515,416027.4999,network_delay,frontend,2026-06-09 15:50:00,2026-06-09 16:05:00,during_fault,395.38324,1
2026-06-09 16:00:40,940,EXP_FAULT_04,RUN_04,network_delay,1,frontend,frontend-f04-00,online-boutique,node-a,0.824,82.7015,0,509.2871,0.008228,64.4538,28.396,125.8326,193.7705,355.0467,447.0913,505.0969,0.815,3.3752,597659.1268,410655.7297,network_delay,frontend,2026-06-09 15:50:00,2026-06-09 16:05:00,during_fault,280.87738,1
2026-06-09 16:00:45,945,EXP_FAULT_04,RUN_04,network_delay,1,frontend,frontend-f04-00,online-boutique,node-a,0.7558,83.5052,0,534.2069,0.007846,65.9112,32.0617,135.0173,186.5749,381.1246,470.6681,530.0155,0.813,3.3784,606803.6218,480375.0662,network_delay,frontend,2026-06-09 15:50:00,2026-06-09 16:05:00,during_fault,282.12482,1
2026-06-09 16:00:50,950,EXP_FAULT_04,RUN_04,network_delay,1,frontend,frontend-f04-00,online-boutique,node-a,0.8103,83.2571,0,515.358,0.008161,63.2196,27.4947,112.408,189.5337,303.9108,454.9019,511.152,0.9884,3.2176,616462.5346,362561.927,network_delay,frontend,2026-06-09 15:50:00,2026-06-09 16:05:00,during_fault,264.63028,1
2026-06-09 16:00:55,955,EXP_FAULT_04,RUN_04,network_delay,1,frontend,frontend-f04-00,online-boutique,node-a,0.7886,85.0312,0,534.8179,0.007412,66.5023,31.7594,123.9414,194.1809,332.5989,472.8444,530.8538,0.72,3.2441,716017.7037,441598.4459,network_delay,frontend,2026-06-09 15:50:00,2026-06-09 16:05:00,during_fault,275.8518,1
2026-06-09 16:01:00,960,EXP_FAULT_04,RUN_04,network_delay,1,frontend,frontend-f04-00,online-boutique,node-a,0.775,81.9887,0,539.9778,0.007974,67.7058,32.9083,124.9939,193.476,358.1827,477.6115,535.6722,0.9048,3.4008,497539.6734,366597.7672,network_delay,frontend,2026-06-09 15:50:00,2026-06-09 16:05:00,during_fault,304.80597,1
2026-06-09 16:01:05,965,EXP_FAULT_04,RUN_04,network_delay,1,frontend,frontend-f04-00,online-boutique,node-a,0.8078,82.5277,0,540.7649,0.007373,60.1379,29.335,113.1134,191.8062,302.9997,478.1318,536.7777,0.5855,3.4017,626640.5626,482204.6699,network_delay,frontend,2026-06-09 15:50:00,2026-06-09 16:05:00,during_fault,219.16682,1
2026-06-09 16:01:10,970,EXP_FAULT_04,RUN_04,network_delay,1,frontend,frontend-f04-00,online-boutique,node-a,0.768,83.8738,0,544.219,0.007898,65.3019,30.2289,129.0407,193.2932,372.2454,480.5041,539.9205,0.7982,3.5003,557053.5396,507050.4518,network_delay,frontend,2026-06-09 15:50:00,2026-06-09 16:05:00,during_fault,272.6093,1
2026-06-09 16:01:15,975,EXP_FAULT_04,RUN_04,network_delay,1,frontend,frontend-f04-00,online-boutique,node-a,0.7987,84.7012,0,520.6014,0.006962,67.8489,33.9181,121.8799,208.8589,387.181,458.7526,516.977,0.3718,3.2526,623954.1828,554002.6732,network_delay,frontend,2026-06-09 15:50:00,2026-06-09 16:05:00,during_fault,287.5915,1
2026-06-09 16:01:20,980,EXP_FAULT_04,RUN_04,network_delay,1,frontend,frontend-f04-00,online-boutique,node-a,0.8107,85.4553,0,522.2506,0.008829,69.5458,32.2414,141.7634,221.0866,375.2268,458.4345,517.6395,1.2563,3.3549,582383.8067,576932.1826,network_delay,frontend,2026-06-09 15:50:00,2026-06-09 16:05:00,during_fault,333.4294,1
2026-06-09 16:01:25,985,EXP_FAULT_04,RUN_04,network_delay,1,frontend,frontend-f04-00,online-boutique,node-a,0.7841,84.0448,0,507.936,0.00838,75.1781,33.8933,154.1361,234.9247,425.4107,444.4014,503.6793,0.8548,3.402,552844.9657,412562.7754,network_delay,frontend,2026-06-09 15:50:00,2026-06-09 16:05:00,during_fault,400.46027,1
2026-06-09 16:01:30,990,EXP_FAULT_04,RUN_04,network_delay,1,frontend,frontend-f04-00,online-boutique,node-a,0.8809,83.1206,0,531.0506,0.008599,74.0674,34.3225,143.2288,231.7009,430.2869,462.3923,526.4841,0.9591,3.6073,475664.6074,481359.6685,network_delay,frontend,2026-06-09 15:50:00,2026-06-09 16:05:00,during_fault,384.6438,1
2026-06-09 16:01:35,995,EXP_FAULT_04,RUN_04,network_delay,1,frontend,frontend-f04-00,online-boutique,node-a,0.8128,84.7387,0,525.0802,0.008581,76.2155,36.6545,156.8645,218.3862,446.1016,454.8703,520.5744,0.6676,3.8381,447303.4268,403349.2809,network_delay,frontend,2026-06-09 15:50:00,2026-06-09 16:05:00,during_fault,408.0622,1
2026-06-09 16:01:40,1000,EXP_FAULT_04,RUN_04,network_delay,1,frontend,frontend-f04-00,online-boutique,node-a,0.8146,83.2621,0,516.7747,0.008655,76.8107,37.0371,162.5912,226.981,421.279,445.1678,512.3019,0.657,3.8158,683963.0496,369910.1398,network_delay,frontend,2026-06-09 15:50:00,2026-06-09 16:05:00,during_fault,424.633,1
2026-06-09 16:01:45,1005,EXP_FAULT_04,RUN_04,network_delay,1,frontend,frontend-f04-00,online-boutique,node-a,0.7789,82.2672,0,486.3844,0.00947,74.5381,34.7315,138.3697,225.6559,428.5756,416.1128,481.7785,0.7885,3.8173,579038.0951,418531.0405,network_delay,frontend,2026-06-09 15:50:00,2026-06-09 16:05:00,during_fault,427.1166,1
2026-06-09 16:01:50,1010,EXP_FAULT_04,RUN_04,network_delay,1,frontend,frontend-f04-00,online-boutique,node-a,0.7728,84.6925,0,510.6175,0.009538,81.4276,37.6379,149.4457,259.5062,442.6683,433.9362,505.7474,0.786,4.0842,482682.0668,365799.5934,network_delay,frontend,2026-06-09 15:50:00,2026-06-09 16:05:00,during_fault,500.992,1
2026-06-09 16:01:55,1015,EXP_FAULT_04,RUN_04,network_delay,1,frontend,frontend-f04-00,online-boutique,node-a,0.8211,83.7816,0,516.8134,0.010548,80.455,35.402,155.1934,274.0377,429.5096,435.5926,511.3621,1.0429,4.4084,604853.1244,473749.0872,network_delay,frontend,2026-06-09 15:50:00,2026-06-09 16:05:00,during_fault,508.7828,1
2026-06-09 16:02:00,1020,EXP_FAULT_04,RUN_04,network_delay,1,frontend,frontend-f04-00,online-boutique,node-a,0.7554,83.1536,0,513.5122,0.010734,95.8633,38.8187,186.291,327.767,612.142,429.74,508.0002,1.0394,4.4727,573421.221,494141.8263,network_delay,frontend,2026-06-09 15:50:00,2026-06-09 16:05:00,during_fault,753.1375,1
2026-06-09 16:02:05,1025,EXP_FAULT_04,RUN_04,network_delay,1,frontend,frontend-f04-00,online-boutique,node-a,0.8254,83.0761,0,500.7809,0.010557,95.3612,39.7814,191.328,335.2547,552.0093,416.0096,495.4942,0.7285,4.5582,503099.7932,424498.1966,network_delay,frontend,2026-06-09 15:50:00,2026-06-09 16:05:00,during_fault,744.39557,1
2026-06-09 16:02:10,1030,EXP_FAULT_04,RUN_04,network_delay,1,frontend,frontend-f04-00,online-boutique,node-a,0.7893,85.9559,0,500.3578,0.011348,94.8671,42.1988,189.5212,293.7006,630.8802,412.2989,494.6795,0.9368,4.7415,458680.9032,522189.6486,network_delay,frontend,2026-06-09 15:50:00,2026-06-09 16:05:00,during_fault,744.4425,1
2026-06-09 16:02:15,1035,EXP_FAULT_04,RUN_04,network_delay,1,frontend,frontend-f04-00,online-boutique,node-a,0.7735,82.9818,0,493.0428,0.011217,103.0031,40.7469,223.3646,363.0624,603.6603,403.1366,487.5123,0.6435,4.887,551602.038,450634.3891,network_delay,frontend,2026-06-09 15:50:00,2026-06-09 16:05:00,during_fault,901.0872,1
2026-06-09 16:02:20,1040,EXP_FAULT_04,RUN_04,network_delay,1,frontend,frontend-f04-00,online-boutique,node-a,0.8153,85.0211,0,505.2125,0.010925,97.4675,40.4352,206.2645,307.2743,604.5625,410.0523,499.6931,0.4375,5.082,603175.9529,580430.2539,network_delay,frontend,2026-06-09 15:50:00,2026-06-09 16:05:00,during_fault,778.51434,1
2026-06-09 16:02:25,1045,EXP_FAULT_04,RUN_04,network_delay,1,frontend,frontend-f04-00,online-boutique,node-a,0.8012,84.7563,0,481.3145,0.012191,113.686,43.8463,248.459,363.3006,699.9858,387.5664,475.447,0.7879,5.0797,550029.4236,443638.8521,network_delay,frontend,2026-06-09 15:50:00,2026-06-09 16:05:00,during_fault,1133.41,1
2026-06-09 16:02:30,1050,EXP_FAULT_04,RUN_04,network_delay,1,frontend,frontend-f04-00,online-boutique,node-a,0.802,84.7055,0,480.9367,0.013124,108.6071,44.2201,243.3063,361.2953,735.9533,384.427,474.625,1.0598,5.2518,563514.4496,355890.9653,network_delay,frontend,2026-06-09 15:50:00,2026-06-09 16:05:00,during_fault,1059.4606,1
2026-06-09 16:02:35,1055,EXP_FAULT_04,RUN_04,network_delay,1,frontend,frontend-f04-00,online-boutique,node-a,0.7444,83.2147,0,489.8097,0.013851,121.4833,54.0567,250.2869,426.5182,808.5127,388.9633,483.0255,1.3029,5.4812,703412.6123,437869.0797,network_delay,frontend,2026-06-09 15:50:00,2026-06-09 16:05:00,during_fault,1360.8809,1
2026-06-09 16:02:40,1060,EXP_FAULT_04,RUN_04,network_delay,1,frontend,frontend-f04-00,online-boutique,node-a,0.7874,82.4347,0,471.9495,0.012941,120.9259,52.1092,233.3292,406.8018,754.4643,372.7669,465.842,0.8054,5.302,428035.4658,501863.3391,network_delay,frontend,2026-06-09 15:50:00,2026-06-09 16:05:00,during_fault,1331.8738,1
2026-06-09 16:02:45,1065,EXP_FAULT_04,RUN_04,network_delay,1,frontend,frontend-f04-00,online-boutique,node-a,0.767,83.1374,0,475.3174,0.013888,115.5611,48.0414,231.1947,382.6502,698.4705,373.2935,468.7161,1.153,5.4482,667039.7692,530670.3896,network_delay,frontend,2026-06-09 15:50:00,2026-06-09 16:05:00,during_fault,1240.4606,1
2026-06-09 16:02:50,1070,EXP_FAULT_04,RUN_04,network_delay,1,frontend,frontend-f04-00,online-boutique,node-a,0.736,82.2169,0,475.9999,0.01416,124.8112,49.5399,248.8724,448.3555,854.237,372.2375,469.2595,1.1886,5.5517,627782.4259,451963.0727,network_delay,frontend,2026-06-09 15:50:00,2026-06-09 16:05:00,during_fault,1463.309,1
2026-06-09 16:02:55,1075,EXP_FAULT_04,RUN_04,network_delay,1,frontend,frontend-f04-00,online-boutique,node-a,0.8076,83.5755,0,483.2019,0.014501,121.7051,47.0035,239.5102,444.8467,852.0193,376.381,476.1949,1.2786,5.7284,528276.8445,475822.1653,network_delay,frontend,2026-06-09 15:50:00,2026-06-09 16:05:00,during_fault,1387.0133,1
2026-06-09 16:03:00,1080,EXP_FAULT_04,RUN_04,network_delay,1,frontend,frontend-f04-00,online-boutique,node-a,0.8172,84.7097,0,475.5045,0.014439,116.7913,49.6502,253.33,442.1639,777.3886,369.3738,468.6388,1.1554,5.7103,502349.1064,347668.9138,network_delay,frontend,2026-06-09 15:50:00,2026-06-09 16:05:00,during_fault,1273.5575,1
2026-06-09 16:03:05,1085,EXP_FAULT_04,RUN_04,network_delay,1,frontend,frontend-f04-00,online-boutique,node-a,0.7562,83.778,0,468.5457,0.013943,115.5481,49.747,232.6813,411.6617,844.2962,363.2458,462.013,0.8445,5.6883,497769.4216,527448.5593,network_delay,frontend,2026-06-09 15:50:00,2026-06-09 16:05:00,during_fault,1242.9312,1
2026-06-09 16:03:10,1090,EXP_FAULT_04,RUN_04,network_delay,1,frontend,frontend-f04-00,online-boutique,node-a,0.8261,84.1992,0,479.3526,0.013658,121.83,47.9967,271.9905,438.0829,813.3048,371.3336,472.8056,0.6832,5.8638,592769.6365,471783.7846,network_delay,frontend,2026-06-09 15:50:00,2026-06-09 16:05:00,during_fault,1359.3044,1
2026-06-09 16:03:15,1095,EXP_FAULT_04,RUN_04,network_delay,1,frontend,frontend-f04-00,online-boutique,node-a,0.7918,83.8525,0,472.5503,0.015175,129.0447,56.3221,294.798,488.7656,856.0466,366.0061,465.3793,1.3425,5.8286,612557.6516,477862.8427,network_delay,frontend,2026-06-09 15:50:00,2026-06-09 16:05:00,during_fault,1589.3854,1
2026-06-09 16:03:20,1100,EXP_FAULT_04,RUN_04,network_delay,1,frontend,frontend-f04-00,online-boutique,node-a,0.7865,81.987,0,476.314,0.013074,117.5579,48.4966,244.3378,403.6796,757.4008,369.3942,470.0866,0.5334,5.694,488362.7359,418316.3179,network_delay,frontend,2026-06-09 15:50:00,2026-06-09 16:05:00,during_fault,1262.0319,1
2026-06-09 16:03:25,1105,EXP_FAULT_04,RUN_04,network_delay,1,frontend,frontend-f04-00,online-boutique,node-a,0.7601,82.3026,0,466.1211,0.013404,124.3281,50.1802,270.4526,446.2155,869.2245,362.0568,459.873,0.6615,5.5866,589475.9669,512327.5623,network_delay,frontend,2026-06-09 15:50:00,2026-06-09 16:05:00,during_fault,1430.3761,1
2026-06-09 16:03:30,1110,EXP_FAULT_04,RUN_04,network_delay,1,frontend,frontend-f04-00,online-boutique,node-a,0.7585,83.6847,0,467.6962,0.012653,136.1883,53.9487,287.43,452.0115,903.849,364.4239,461.7783,0.3581,5.5598,569731.7258,501606.0375,network_delay,frontend,2026-06-09 15:50:00,2026-06-09 16:05:00,during_fault,1680.9248,1
2026-06-09 16:03:35,1115,EXP_FAULT_04,RUN_04,network_delay,1,frontend,frontend-f04-00,online-boutique,node-a,0.796,83.8728,0,486.284,0.013449,120.4161,50.5621,250.2851,450.2766,747.2508,380.3283,479.744,0.7874,5.7526,592342.9795,459330.0704,network_delay,frontend,2026-06-09 15:50:00,2026-06-09 16:05:00,during_fault,1319.3419,1
2026-06-09 16:03:40,1120,EXP_FAULT_04,RUN_04,network_delay,1,frontend,frontend-f04-00,online-boutique,node-a,0.7916,82.6415,0,488.6612,0.013627,119.053,45.2475,255.4415,439.836,813.3875,383.8951,482.0023,1.0859,5.573,535270.8193,440848.2326,network_delay,frontend,2026-06-09 15:50:00,2026-06-09 16:05:00,during_fault,1301.1256,1
2026-06-09 16:03:45,1125,EXP_FAULT_04,RUN_04,network_delay,1,frontend,frontend-f04-00,online-boutique,node-a,0.8028,85.7149,0,477.7912,0.013074,111.1739,46.2939,229.1702,383.0746,793.0163,377.4093,471.5446,0.91,5.3365,520692.5003,426734.7971,network_delay,frontend,2026-06-09 15:50:00,2026-06-09 16:05:00,during_fault,1105.6736,1
2026-06-09 16:03:50,1130,EXP_FAULT_04,RUN_04,network_delay,1,frontend,frontend-f04-00,online-boutique,node-a,0.7647,84.0217,0,474.4563,0.011697,111.9713,45.7642,244.2066,405.2858,677.4757,377.0695,468.9066,0.3294,5.2203,605445.7557,513189.9832,network_delay,frontend,2026-06-09 15:50:00,2026-06-09 16:05:00,during_fault,1092.7292,1
2026-06-09 16:03:55,1135,EXP_FAULT_04,RUN_04,network_delay,1,frontend,frontend-f04-00,online-boutique,node-a,0.828,82.9702,0,490.8794,0.01162,109.8879,45.9972,239.5888,395.6887,769.1505,392.6551,485.1756,0.4735,5.2303,594116.653,364358.0449,network_delay,frontend,2026-06-09 15:50:00,2026-06-09 16:05:00,during_fault,1043.2831,1
2026-06-09 16:04:00,1140,EXP_FAULT_04,RUN_04,network_delay,1,frontend,frontend-f04-00,online-boutique,node-a,0.8413,82.7507,0,499.9236,0.012179,103.7189,44.9862,220.546,342.5939,603.858,402.6061,493.8353,0.9137,5.1747,682960.7355,367057.1169,network_delay,frontend,2026-06-09 15:50:00,2026-06-09 16:05:00,during_fault,936.3467,1
2026-06-09 16:04:05,1145,EXP_FAULT_04,RUN_04,network_delay,1,frontend,frontend-f04-00,online-boutique,node-a,0.8089,81.847,0,477.783,0.01145,102.8012,39.96,208.8668,335.842,615.8952,387.7245,472.3122,0.6174,4.8534,548160.9674,467513.5911,network_delay,frontend,2026-06-09 15:50:00,2026-06-09 16:05:00,during_fault,916.11816,1
2026-06-09 16:04:10,1150,EXP_FAULT_04,RUN_04,network_delay,1,frontend,frontend-f04-00,online-boutique,node-a,0.7879,84.3372,0,498.6426,0.011834,100.1181,39.6592,200.2305,351.8589,683.6476,407.6268,492.7415,1.0859,4.8152,693680.0262,486242.7238,network_delay,frontend,2026-06-09 15:50:00,2026-06-09 16:05:00,during_fault,855.8667,1
2026-06-09 16:04:15,1155,EXP_FAULT_04,RUN_04,network_delay,1,frontend,frontend-f04-00,online-boutique,node-a,0.8113,84.8858,0,463.5653,0.011717,97.3403,41.7463,196.3644,322.8341,592.2527,381.8169,458.1337,1.0238,4.4078,468309.4342,426052.3007,network_delay,frontend,2026-06-09 15:50:00,2026-06-09 16:05:00,during_fault,817.872,1
2026-06-09 16:04:20,1160,EXP_FAULT_04,RUN_04,network_delay,1,frontend,frontend-f04-00,online-boutique,node-a,0.7955,84.7942,0,480.9887,0.010785,89.2125,38.8777,178.3224,275.0483,490.5026,399.577,475.8014,0.8422,4.3452,471028.6928,539480.7722,network_delay,frontend,2026-06-09 15:50:00,2026-06-09 16:05:00,during_fault,653.33606,1
2026-06-09 16:04:25,1165,EXP_FAULT_04,RUN_04,network_delay,1,frontend,frontend-f04-00,online-boutique,node-a,0.7956,84.5289,0,486.1763,0.010708,95.796,43.4026,197.8766,297.2223,609.4496,406.8566,480.9705,1.0142,4.1916,460080.9437,355498.5253,network_delay,frontend,2026-06-09 15:50:00,2026-06-09 16:05:00,during_fault,756.6153,1
2026-06-09 16:04:30,1170,EXP_FAULT_04,RUN_04,network_delay,1,frontend,frontend-f04-00,online-boutique,node-a,0.8076,84.0793,0,462.7879,0.009299,78.3397,33.9675,166.7023,250.6208,451.4263,390.4234,458.4843,0.4193,3.8843,610085.7484,437822.8181,network_delay,frontend,2026-06-09 15:50:00,2026-06-09 16:05:00,during_fault,473.98578,1
2026-06-09 16:04:35,1175,EXP_FAULT_04,RUN_04,network_delay,1,frontend,frontend-f04-00,online-boutique,node-a,0.7374,84.3379,0,474.1492,0.009497,72.0841,30.2578,136.9625,241.8616,419.2216,402.8535,469.6464,0.7003,3.8024,650945.2708,353126.4737,network_delay,frontend,2026-06-09 15:50:00,2026-06-09 16:05:00,during_fault,396.6217,1
2026-06-09 16:04:40,1180,EXP_FAULT_04,RUN_04,network_delay,1,frontend,frontend-f04-00,online-boutique,node-a,0.7612,82.7602,0,476.128,0.008965,78.1748,35.02,162.0524,233.9538,460.6546,407.4692,471.8597,0.5874,3.6809,461520.4059,518259.3577,network_delay,frontend,2026-06-09 15:50:00,2026-06-09 16:05:00,during_fault,466.0866,1
2026-06-09 16:04:45,1185,EXP_FAULT_04,RUN_04,network_delay,1,frontend,frontend-f04-00,online-boutique,node-a,0.8177,84.9715,0,471.8889,0.008849,75.8934,34.1725,146.9041,241.8942,460.9255,406.4767,467.7134,0.686,3.4895,628315.6486,500809.9187,network_delay,frontend,2026-06-09 15:50:00,2026-06-09 16:05:00,during_fault,427.00684,1
2026-06-09 16:04:50,1190,EXP_FAULT_04,RUN_04,network_delay,1,frontend,frontend-f04-00,online-boutique,node-a,0.8359,82.4808,0,438.8782,0.008689,72.1288,33.7144,141.3975,215.5123,409.8766,380.1889,435.065,0.7172,3.0961,577632.259,462084.0827,network_delay,frontend,2026-06-09 15:50:00,2026-06-09 16:05:00,during_fault,396.91818,1
2026-06-09 16:04:55,1195,EXP_FAULT_04,RUN_04,network_delay,1,frontend,frontend-f04-00,online-boutique,node-a,0.7729,83.758,0,459.671,0.008222,73.1131,35.3827,141.7599,230.3917,372.9383,400.3615,455.8914,0.6233,3.1563,619775.3762,388557.3945,network_delay,frontend,2026-06-09 15:50:00,2026-06-09 16:05:00,during_fault,390.2609,1
2026-06-09 16:05:00,1200,EXP_FAULT_04,RUN_04,network_delay,1,frontend,frontend-f04-00,online-boutique,node-a,0.775,83.2644,0,451.4159,0.008743,73.6179,31.3168,133.3752,232.0094,390.6402,394.1559,447.469,0.837,3.1099,428787.2235,324653.5818,network_delay,frontend,2026-06-09 15:50:00,2026-06-09 16:05:00,post_fault,410.48175,1
2026-06-09 16:05:05,1205,EXP_FAULT_04,RUN_04,network_delay,1,frontend,frontend-f04-00,online-boutique,node-a,0.7849,83.5999,0,445.8349,0.008237,70.3616,30.1807,131.1131,199.3123,393.0267,390.0383,442.1628,0.7458,2.9264,445938.8564,463599.6237,network_delay,frontend,2026-06-09 15:50:00,2026-06-09 16:05:00,post_fault,362.8612,1
2026-06-09 16:05:10,1210,EXP_FAULT_04,RUN_04,network_delay,1,frontend,frontend-f04-00,online-boutique,node-a,0.7867,83.6165,0,450.8492,0.007787,67.3757,30.7042,129.0646,190.7769,354.5236,395.215,447.3382,0.5799,2.931,501645.3143,387698.5984,network_delay,frontend,2026-06-09 15:50:00,2026-06-09 16:05:00,post_fault,319.9238,1
2026-06-09 16:05:15,1215,EXP_FAULT_04,RUN_04,network_delay,1,frontend,frontend-f04-00,online-boutique,node-a,0.7879,84.3375,0,444.8113,0.008065,69.594,34.7056,141.8476,195.8364,354.2464,390.712,441.2241,0.6282,2.9591,593971.5144,328842.6336,network_delay,frontend,2026-06-09 15:50:00,2026-06-09 16:05:00,post_fault,349.0595,1
2026-06-09 16:05:20,1220,EXP_FAULT_04,RUN_04,network_delay,1,frontend,frontend-f04-00,online-boutique,node-a,0.7378,84.5413,0,432.9043,0.007294,66.2213,30.3191,133.4941,205.2008,369.8906,381.0241,429.7468,0.4201,2.7374,511269.5911,322973.0306,network_delay,frontend,2026-06-09 15:50:00,2026-06-09 16:05:00,post_fault,303.39594,1
2026-06-09 16:05:25,1225,EXP_FAULT_04,RUN_04,network_delay,1,frontend,frontend-f04-00,online-boutique,node-a,0.7672,84.2374,0,431.3321,0.007904,65.089,32.6318,123.6224,199.0179,331.1795,380.2975,427.9229,0.6493,2.7599,395277.5827,402799.441,network_delay,frontend,2026-06-09 15:50:00,2026-06-09 16:05:00,post_fault,301.9131,1
2026-06-09 16:05:30,1230,EXP_FAULT_04,RUN_04,network_delay,1,frontend,frontend-f04-00,online-boutique,node-a,0.7542,85.1945,0,415.3766,0.007982,59.5024,29.0243,121.3871,168.3426,296.0989,366.8338,412.0611,0.7337,2.5819,529209.1923,298259.4264,network_delay,frontend,2026-06-09 15:50:00,2026-06-09 16:05:00,post_fault,249.47366,1
2026-06-09 16:05:35,1235,EXP_FAULT_04,RUN_04,network_delay,1,frontend,frontend-f04-00,online-boutique,node-a,0.7574,83.9388,0,423.2157,0.007062,64.3943,28.4189,133.5603,192.7504,311.1497,374.4565,420.2269,0.3365,2.6524,457902.8863,302751.084,network_delay,frontend,2026-06-09 15:50:00,2026-06-09 16:05:00,post_fault,284.74014,1
2026-06-09 16:05:40,1240,EXP_FAULT_04,RUN_04,network_delay,1,frontend,frontend-f04-00,online-boutique,node-a,0.7565,83.1571,0,419.5839,0.006839,61.6871,28.382,123.7448,184.2319,304.7085,371.9364,416.7143,0.2508,2.6188,473089.7669,428225.4338,network_delay,frontend,2026-06-09 15:50:00,2026-06-09 16:05:00,post_fault,257.35617,1
2026-06-09 16:05:45,1245,EXP_FAULT_04,RUN_04,network_delay,1,frontend,frontend-f04-00,online-boutique,node-a,0.7331,83.4893,0,425.3919,0.008138,59.5416,27.2592,111.3241,170.0408,310.6583,377.6223,421.9302,0.8529,2.6088,465305.546,431646.4878,network_delay,frontend,2026-06-09 15:50:00,2026-06-09 16:05:00,post_fault,254.89404,1
2026-06-09 16:05:50,1250,EXP_FAULT_04,RUN_04,network_delay,1,frontend,frontend-f04-00,online-boutique,node-a,0.8014,83.9935,0,411.6429,0.00801,62.9584,30.0176,126.5026,189.9529,300.0782,365.8538,408.3455,0.7939,2.5034,388467.2201,381785.5823,network_delay,frontend,2026-06-09 15:50:00,2026-06-09 16:05:00,post_fault,287.19257,1
2026-06-09 16:05:55,1255,EXP_FAULT_04,RUN_04,network_delay,1,frontend,frontend-f04-00,online-boutique,node-a,0.7914,85.6151,0,417.5609,0.006379,59.0131,29.3702,120.0557,182.6241,331.6523,372.0849,414.8974,0.2462,2.4173,407972.6066,327916.7741,network_delay,frontend,2026-06-09 15:50:00,2026-06-09 16:05:00,post_fault,219.71597,1
2026-06-09 16:06:00,1260,EXP_FAULT_04,RUN_04,network_delay,1,frontend,frontend-f04-00,online-boutique,node-a,0.7671,84.0374,0,421.3738,0.006633,61.5577,29.9356,109.1752,193.1244,328.7288,376.0385,418.5787,0.3475,2.4475,402845.8188,367907.8147,network_delay,frontend,2026-06-09 15:50:00,2026-06-09 16:05:00,post_fault,250.14584,1
2026-06-09 16:06:05,1265,EXP_FAULT_04,RUN_04,network_delay,1,frontend,frontend-f04-00,online-boutique,node-a,0.7656,84.3324,0,409.1864,0.006727,58.177,25.9624,106.1409,163.0914,315.195,365.7569,406.4339,0.3843,2.3682,494453.3228,387965.6469,network_delay,frontend,2026-06-09 15:50:00,2026-06-09 16:05:00,post_fault,222.3088,1
2026-06-09 16:06:10,1270,EXP_FAULT_04,RUN_04,network_delay,1,frontend,frontend-f04-00,online-boutique,node-a,0.7779,84.7152,0,428.723,0.00744,59.4853,29.0844,109.7883,163.3975,323.58,383.6491,425.5334,0.7675,2.4221,534930.9568,392615.1142,network_delay,frontend,2026-06-09 15:50:00,2026-06-09 16:05:00,post_fault,238.21245,1
2026-06-09 16:06:15,1275,EXP_FAULT_04,RUN_04,network_delay,1,frontend,frontend-f04-00,online-boutique,node-a,0.7485,84.8276,0,425.5957,0.007354,59.0443,29.9699,120.5817,173.2212,274.6162,381.3559,422.4656,0.7479,2.3821,492187.8691,434241.4588,network_delay,frontend,2026-06-09 15:50:00,2026-06-09 16:05:00,post_fault,234.106,1
2026-06-09 16:06:20,1280,EXP_FAULT_04,RUN_04,network_delay,1,frontend,frontend-f04-00,online-boutique,node-a,0.7461,84.7931,0,423.6105,0.007652,57.6291,28.2221,111.7637,156.7747,281.8489,380.2445,420.3692,0.9067,2.3347,534794.8606,434050.3565,network_delay,frontend,2026-06-09 15:50:00,2026-06-09 16:05:00,post_fault,226.25728,1
2026-06-09 16:06:25,1285,EXP_FAULT_04,RUN_04,network_delay,1,frontend,frontend-f04-00,online-boutique,node-a,0.7922,85.3247,0,424.2487,0.007117,58.4372,30.0983,113.9775,177.605,312.2751,381.4369,421.2294,0.6614,2.3579,512062.317,434052.6579,network_delay,frontend,2026-06-09 15:50:00,2026-06-09 16:05:00,post_fault,223.38171,1
2026-06-09 16:06:30,1290,EXP_FAULT_04,RUN_04,network_delay,1,frontend,frontend-f04-00,online-boutique,node-a,0.7423,83.8269,0,424.9477,0.007225,59.3361,26.913,119.2664,178.2816,326.0545,382.5811,421.8774,0.7645,2.3058,509133.1296,352402.0621,network_delay,frontend,2026-06-09 15:50:00,2026-06-09 16:05:00,post_fault,237.79045,1
2026-06-09 16:06:35,1295,EXP_FAULT_04,RUN_04,network_delay,1,frontend,frontend-f04-00,online-boutique,node-a,0.779,82.8032,0,439.1368,0.007107,55.0496,26.761,96.2366,162.0778,292.4358,396.0248,436.0159,0.8618,2.2591,374441.8212,378016.1033,network_delay,frontend,2026-06-09 15:50:00,2026-06-09 16:05:00,post_fault,196.0181,1
2026-06-09 16:06:40,1300,EXP_FAULT_04,RUN_04,network_delay,1,frontend,frontend-f04-00,online-boutique,node-a,0.7417,83.9537,0,437.4929,0.007459,54.5686,28.5972,108.8022,153.9162,257.5723,394.9608,434.2295,0.955,2.3084,400690.8508,391646.7166,network_delay,frontend,2026-06-09 15:50:00,2026-06-09 16:05:00,post_fault,195.69046,1
2026-06-09 16:06:45,1305,EXP_FAULT_04,RUN_04,network_delay,1,frontend,frontend-f04-00,online-boutique,node-a,0.791,83.4737,0,448.9222,0.006265,55.8299,28.8126,102.0544,146.9586,283.0603,406.1904,446.1097,0.4471,2.3654,595268.8518,333022.9803,network_delay,frontend,2026-06-09 15:50:00,2026-06-09 16:05:00,post_fault,187.55545,1
2026-06-09 16:06:50,1310,EXP_FAULT_04,RUN_04,network_delay,1,frontend,frontend-f04-00,online-boutique,node-a,0.7776,83.2464,0,443.3429,0.006249,56.713,29.2582,111.0869,148.0446,279.5957,401.5886,440.5726,0.559,2.2113,393597.1707,458248.4561,network_delay,frontend,2026-06-09 15:50:00,2026-06-09 16:05:00,post_fault,196.85037,1
2026-06-09 16:06:55,1315,EXP_FAULT_04,RUN_04,network_delay,1,frontend,frontend-f04-00,online-boutique,node-a,0.811,85.5971,0,432.2045,0.007269,60.2838,31.7853,109.1533,171.9544,305.895,391.8698,429.0629,0.9325,2.2091,517256.3971,423393.8388,network_delay,frontend,2026-06-09 15:50:00,2026-06-09 16:05:00,post_fault,239.6453,1
2026-06-09 16:07:00,1320,EXP_FAULT_04,RUN_04,network_delay,1,frontend,frontend-f04-00,online-boutique,node-a,0.7594,84.7275,0,441.0694,0.005766,53.0452,27.8608,91.4325,144.8455,262.562,400.808,438.5262,0.4207,2.1225,400683.3336,315578.7538,network_delay,frontend,2026-06-09 15:50:00,2026-06-09 16:05:00,post_fault,158.77835,1
2026-06-09 16:07:05,1325,EXP_FAULT_04,RUN_04,network_delay,1,frontend,frontend-f04-00,online-boutique,node-a,0.7407,84.3302,0,431.044,0.006746,53.7264,24.9413,106.7665,150.5749,258.4398,392.1061,428.1362,0.8649,2.0429,430304.1162,299061.9697,network_delay,frontend,2026-06-09 15:50:00,2026-06-09 16:05:00,post_fault,179.7187,1
2026-06-09 16:07:10,1330,EXP_FAULT_04,RUN_04,network_delay,1,frontend,frontend-f04-00,online-boutique,node-a,0.7802,82.9067,0,452.0822,0.00532,48.2573,23.9648,86.4517,143.524,232.9469,411.9019,449.6771,0.2843,2.1208,468950.7007,314138.8862,network_delay,frontend,2026-06-09 15:50:00,2026-06-09 16:05:00,post_fault,120.50133,1
2026-06-09 16:07:15,1335,EXP_FAULT_04,RUN_04,network_delay,1,frontend,frontend-f04-00,online-boutique,node-a,0.7399,84.3469,0,460.531,0.00629,54.3172,27.3006,97.943,153.6141,246.5547,419.8864,457.6344,0.6901,2.2065,537555.043,430498.9465,network_delay,frontend,2026-06-09 15:50:00,2026-06-09 16:05:00,post_fault,171.96758,1
2026-06-09 16:07:20,1340,EXP_FAULT_04,RUN_04,network_delay,1,frontend,frontend-f04-00,online-boutique,node-a,0.7957,84.9808,0,465.9223,0.006328,58.102,26.7589,106.2746,159.9464,292.1648,425.48,462.9737,0.7485,2.2001,440949.4212,465637.9312,network_delay,frontend,2026-06-09 15:50:00,2026-06-09 16:05:00,post_fault,200.13666,1
2026-06-09 16:07:25,1345,EXP_FAULT_04,RUN_04,network_delay,1,frontend,frontend-f04-00,online-boutique,node-a,0.7515,83.4613,0,450.7316,0.005977,53.4207,28.8584,105.1699,140.8953,271.4493,412.1917,448.0378,0.6822,2.0116,564256.3529,395191.473,network_delay,frontend,2026-06-09 15:50:00,2026-06-09 16:05:00,post_fault,164.84622,1
2026-06-09 16:07:30,1350,EXP_FAULT_04,RUN_04,network_delay,1,frontend,frontend-f04-00,online-boutique,node-a,0.7317,84.2409,0,449.5317,0.005976,49.0383,24.6094,85.2656,133.3359,250.1877,411.5405,446.8454,0.7094,1.9769,538059.667,321057.8736,network_delay,frontend,2026-06-09 15:50:00,2026-06-09 16:05:00,post_fault,131.84418,1
2026-06-09 16:07:35,1355,EXP_FAULT_04,RUN_04,network_delay,1,frontend,frontend-f04-00,online-boutique,node-a,0.771,81.4793,0,454.7237,0.005288,43.827,23.6362,80.1713,127.2309,201.7525,416.9351,452.3193,0.3933,2.0111,456643.5048,322067.4161,network_delay,frontend,2026-06-09 15:50:00,2026-06-09 16:05:00,post_fault,94.49215,1
2026-06-09 16:07:40,1360,EXP_FAULT_04,RUN_04,network_delay,1,frontend,frontend-f04-00,online-boutique,node-a,0.7676,82.0906,0,455.005,0.00631,51.3276,25.5709,93.7577,132.0434,243.5631,417.463,452.134,0.8942,1.9768,443185.0486,377199.0828,network_delay,frontend,2026-06-09 15:50:00,2026-06-09 16:05:00,post_fault,154.44034,1
2026-06-09 16:07:45,1365,EXP_FAULT_04,RUN_04,network_delay,1,frontend,frontend-f04-00,online-boutique,node-a,0.7643,84.0199,0,454.0562,0.00528,49.7191,25.1115,90.5403,138.6709,232.2264,417.3102,451.6589,0.5022,1.8951,571247.299,363074.4464,network_delay,frontend,2026-06-09 15:50:00,2026-06-09 16:05:00,post_fault,127.83147,1
2026-06-09 16:07:50,1370,EXP_FAULT_04,RUN_04,network_delay,1,frontend,frontend-f04-00,online-boutique,node-a,0.7697,84.0968,0,449.0193,0.005256,47.2106,25.1164,92.0168,129.8746,205.9004,413.1616,446.6591,0.3778,1.9824,546119.2575,374046.516,network_delay,frontend,2026-06-09 15:50:00,2026-06-09 16:05:00,post_fault,111.62441,1
2026-06-09 16:07:55,1375,EXP_FAULT_04,RUN_04,network_delay,1,frontend,frontend-f04-00,online-boutique,node-a,0.8204,83.2764,0,431.2742,0.005264,49.9125,24.5119,94.5391,138.0577,222.4364,397.2127,429.0039,0.4166,1.8537,564765.5934,301835.3113,network_delay,frontend,2026-06-09 15:50:00,2026-06-09 16:05:00,post_fault,134.65192,1
2026-06-09 16:08:00,1380,EXP_FAULT_04,RUN_04,network_delay,1,frontend,frontend-f04-00,online-boutique,node-a,0.7975,85.5089,0,454.9146,0.005767,45.4053,22.6492,78.8903,121.8046,220.1737,419.3509,452.2912,0.7901,1.8334,428758.5797,320328.0133,network_delay,frontend,2026-06-09 15:50:00,2026-06-09 16:05:00,post_fault,101.60374,1
2026-06-09 16:08:05,1385,EXP_FAULT_04,RUN_04,network_delay,1,frontend,frontend-f04-00,online-boutique,node-a,0.7654,83.8079,0,442.4685,0.005428,42.0515,21.0018,76.8453,115.201,176.3043,408.5273,440.067,0.5397,1.8618,544092.0708,336524.9858,network_delay,frontend,2026-06-09 15:50:00,2026-06-09 16:05:00,post_fault,84.14253,1
2026-06-09 16:08:10,1390,EXP_FAULT_04,RUN_04,network_delay,1,frontend,frontend-f04-00,online-boutique,node-a,0.7523,84.4455,0,446.1498,0.005453,50.3944,26.9976,89.8688,131.2665,239.3479,412.3243,443.717,0.5434,1.8894,548351.6695,340509.0717,network_delay,frontend,2026-06-09 15:50:00,2026-06-09 16:05:00,post_fault,135.329,1
2026-06-09 16:08:15,1395,EXP_FAULT_04,RUN_04,network_delay,1,frontend,frontend-f04-00,online-boutique,node-a,0.7735,84.5182,0,442.8127,0.005395,45.9323,24.305,81.6099,119.3083,221.7928,409.7487,440.4237,0.6667,1.7223,512481.373,341066.2969,network_delay,frontend,2026-06-09 15:50:00,2026-06-09 16:05:00,post_fault,105.24953,1
2026-06-09 16:08:20,1400,EXP_FAULT_04,RUN_04,network_delay,1,frontend,frontend-f04-00,online-boutique,node-a,0.7859,84.1396,0,437.2052,0.004535,46.6519,24.9846,79.8845,135.0816,198.6333,405.0811,435.2227,0.1834,1.7991,489044.4999,413086.0405,network_delay,frontend,2026-06-09 15:50:00,2026-06-09 16:05:00,post_fault,103.360374,1
2026-06-09 16:08:25,1405,EXP_FAULT_04,RUN_04,network_delay,1,frontend,frontend-f04-00,online-boutique,node-a,0.7566,83.8826,0,440.8184,0.004927,50.4717,24.6617,89.6817,134.1106,224.7637,408.7526,438.6464,0.4416,1.7304,537700.7769,453064.6554,network_delay,frontend,2026-06-09 15:50:00,2026-06-09 16:05:00,post_fault,132.42949,1
2026-06-09 16:08:30,1410,EXP_FAULT_04,RUN_04,network_delay,1,frontend,frontend-f04-00,online-boutique,node-a,0.7883,84.9072,0,448.8942,0.005747,42.7223,21.7288,82.7479,117.6928,176.914,416.5252,446.3142,0.8972,1.6828,533490.7171,389888.9631,network_delay,frontend,2026-06-09 15:50:00,2026-06-09 16:05:00,post_fault,87.76769,1
2026-06-09 16:08:35,1415,EXP_FAULT_04,RUN_04,network_delay,1,frontend,frontend-f04-00,online-boutique,node-a,0.7873,83.7282,0,438.8254,0.00591,45.6781,23.1138,89.5609,114.6561,212.2863,407.4773,436.2319,0.8807,1.7128,570573.0591,360939.0108,network_delay,frontend,2026-06-09 15:50:00,2026-06-09 16:05:00,post_fault,110.61001,1
2026-06-09 16:08:40,1420,EXP_FAULT_04,RUN_04,network_delay,1,frontend,frontend-f04-00,online-boutique,node-a,0.8059,82.6006,0,432.2415,0.005073,45.6473,25.4883,81.7602,126.5246,209.584,402.03,430.0489,0.621,1.5715,467776.1837,367769.5849,network_delay,frontend,2026-06-09 15:50:00,2026-06-09 16:05:00,post_fault,105.19757,1
2026-06-09 16:08:45,1425,EXP_FAULT_04,RUN_04,network_delay,1,frontend,frontend-f04-00,online-boutique,node-a,0.7717,83.0634,0,437.6203,0.005334,46.9771,24.6411,82.5741,123.8302,229.1243,407.3764,435.2859,0.7248,1.6096,550075.3164,452968.3703,network_delay,frontend,2026-06-09 15:50:00,2026-06-09 16:05:00,post_fault,114.731285,1
2026-06-09 16:08:50,1430,EXP_FAULT_04,RUN_04,network_delay,1,frontend,frontend-f04-00,online-boutique,node-a,0.7721,84.3497,0,449.2308,0.004433,42.6213,21.8782,73.9688,111.6487,203.2268,418.732,447.2393,0.3827,1.6088,540929.3892,311858.2989,network_delay,frontend,2026-06-09 15:50:00,2026-06-09 16:05:00,post_fault,76.84367,1
2026-06-09 16:08:55,1435,EXP_FAULT_04,RUN_04,network_delay,1,frontend,frontend-f04-00,online-boutique,node-a,0.8376,83.2618,0,442.2386,0.004988,42.3026,23.8014,74.0294,108.0797,198.3844,412.6093,440.0328,0.6139,1.592,530971.5781,301984.6288,network_delay,frontend,2026-06-09 15:50:00,2026-06-09 16:05:00,post_fault,82.04698,1
2026-06-09 16:09:00,1440,EXP_FAULT_04,RUN_04,network_delay,1,frontend,frontend-f04-00,online-boutique,node-a,0.7823,84.2627,0,448.7104,0.005151,44.3621,24.054,74.8791,123.2956,200.0607,419.0778,446.3991,0.7585,1.5528,489494.8649,432390.0405,network_delay,frontend,2026-06-09 15:50:00,2026-06-09 16:05:00,post_fault,92.793015,1
2026-06-09 16:09:05,1445,EXP_FAULT_04,RUN_04,network_delay,1,frontend,frontend-f04-00,online-boutique,node-a,0.7662,84.4159,0,451.6783,0.004635,43.4154,24.1196,81.8993,113.6323,174.5129,422.333,449.5848,0.5369,1.5566,559446.9639,374768.276,network_delay,frontend,2026-06-09 15:50:00,2026-06-09 16:05:00,post_fault,82.385,1
2026-06-09 16:09:10,1450,EXP_FAULT_04,RUN_04,network_delay,1,frontend,frontend-f04-00,online-boutique,node-a,0.7908,83.1726,0,445.7115,0.003892,43.3952,22.4604,76.3105,105.0587,190.4331,417.1774,443.9768,0.1967,1.538,383260.2304,342985.9336,network_delay,frontend,2026-06-09 15:50:00,2026-06-09 16:05:00,post_fault,79.0544,1
2026-06-09 16:09:15,1455,EXP_FAULT_04,RUN_04,network_delay,1,frontend,frontend-f04-00,online-boutique,node-a,0.7592,84.6183,0,447.8392,0.005221,43.0642,22.9393,81.2939,107.1471,176.7345,419.3473,445.5012,0.7431,1.5949,555299.4051,320365.9763,network_delay,frontend,2026-06-09 15:50:00,2026-06-09 16:05:00,post_fault,85.9236,1
2026-06-09 16:09:20,1460,EXP_FAULT_04,RUN_04,network_delay,1,frontend,frontend-f04-00,online-boutique,node-a,0.7683,81.9941,0,459.2248,0.004617,39.8052,20.4327,71.6577,100.6588,174.0782,430.484,457.1044,0.5706,1.5498,392245.0871,407444.0087,network_delay,frontend,2026-06-09 15:50:00,2026-06-09 16:05:00,post_fault,65.69472,1
2026-06-09 16:09:25,1465,EXP_FAULT_04,RUN_04,network_delay,1,frontend,frontend-f04-00,online-boutique,node-a,0.7978,84.2636,0,447.1961,0.005004,37.8294,19.4651,72.9237,96.193,153.6396,419.3801,444.9581,0.7079,1.5301,472922.478,319948.5612,network_delay,frontend,2026-06-09 15:50:00,2026-06-09 16:05:00,post_fault,57.683647,1
2026-06-09 16:09:30,1470,EXP_FAULT_04,RUN_04,network_delay,1,frontend,frontend-f04-00,online-boutique,node-a,0.7766,83.7949,0,466.1327,0.004105,37.6961,20.4639,67.3019,101.9159,158.2724,437.8229,464.2192,0.4169,1.4966,404674.412,457569.4952,network_delay,frontend,2026-06-09 15:50:00,2026-06-09 16:05:00,post_fault,49.14954,1
2026-06-09 16:09:35,1475,EXP_FAULT_04,RUN_04,network_delay,1,frontend,frontend-f04-00,online-boutique,node-a,0.7905,85.9862,0,466.7093,0.004244,41.3979,23.4175,77.5865,100.3348,186.8823,438.7381,464.7285,0.4375,1.5433,540428.7048,452661.498,network_delay,frontend,2026-06-09 15:50:00,2026-06-09 16:05:00,post_fault,64.33443,1
2026-06-09 16:09:40,1480,EXP_FAULT_04,RUN_04,network_delay,1,frontend,frontend-f04-00,online-boutique,node-a,0.7484,84.3185,0,486.0503,0.004367,41.2187,22.9965,77.0209,113.8053,191.9427,457.1296,483.9279,0.6085,1.5139,509847.0329,499516.6096,network_delay,frontend,2026-06-09 15:50:00,2026-06-09 16:05:00,post_fault,64.194435,1
2026-06-09 16:09:45,1485,EXP_FAULT_04,RUN_04,network_delay,1,frontend,frontend-f04-00,online-boutique,node-a,0.7663,85.09,0,463.8417,0.00508,33.9623,18.8564,60.2175,91.2571,138.612,436.4933,461.4855,0.8382,1.518,533018.9461,328576.791,network_delay,frontend,2026-06-09 15:50:00,2026-06-09 16:05:00,post_fault,40.007908,1
2026-06-09 16:09:50,1490,EXP_FAULT_04,RUN_04,network_delay,1,frontend,frontend-f04-00,online-boutique,node-a,0.7624,84.0853,0,479.4197,0.0051,38.3166,20.8897,70.9078,99.8606,170.0773,451.6818,476.9747,0.875,1.57,551775.8739,415606.2934,network_delay,frontend,2026-06-09 15:50:00,2026-06-09 16:05:00,post_fault,57.302807,1
2026-06-09 16:09:55,1495,EXP_FAULT_04,RUN_04,network_delay,1,frontend,frontend-f04-00,online-boutique,node-a,0.8445,86.6542,0,473.6597,0.004836,39.1733,21.0329,68.432,96.5951,153.731,446.5477,471.3691,0.8605,1.4301,549220.8435,362426.1624,network_delay,frontend,2026-06-09 15:50:00,2026-06-09 16:05:00,post_fault,56.375713,1
2026-06-09 16:10:00,1500,EXP_FAULT_04,RUN_04,network_delay,1,frontend,frontend-f04-00,online-boutique,node-a,0.7994,82.8579,0,478.5086,0.004431,41.4147,21.1471,70.9245,103.151,180.6654,451.6807,476.3885,0.6733,1.4468,528899.0056,335692.6597,network_delay,frontend,2026-06-09 15:50:00,2026-06-09 16:05:00,post_fault,68.078476,1
2026-06-09 16:10:05,1505,EXP_FAULT_04,RUN_04,network_delay,1,frontend,frontend-f04-00,online-boutique,node-a,0.8145,85.1358,0,500.5283,0.004856,39.0994,20.6592,72.3653,105.4707,178.3802,472.515,498.0976,0.8818,1.5489,572818.4174,513268.7783,network_delay,frontend,2026-06-09 15:50:00,2026-06-09 16:05:00,post_fault,54.36097,1
2026-06-09 16:10:10,1510,EXP_FAULT_04,RUN_04,network_delay,1,frontend,frontend-f04-00,online-boutique,node-a,0.7898,84.1064,0,491.5127,0.003747,39.4306,20.9591,73.0902,94.1109,154.9823,464.8377,489.671,0.4433,1.3985,613249.905,439042.3488,network_delay,frontend,2026-06-09 15:50:00,2026-06-09 16:05:00,post_fault,50.804443,1
2026-06-09 16:10:15,1515,EXP_FAULT_04,RUN_04,network_delay,1,frontend,frontend-f04-00,online-boutique,node-a,0.7504,82.8555,0,500.0814,0.00433,39.1086,20.4724,66.8396,98.3775,170.4033,473.1832,497.9162,0.687,1.4783,529725.0058,516446.9632,network_delay,frontend,2026-06-09 15:50:00,2026-06-09 16:05:00,post_fault,54.206287,1
2026-06-09 16:10:20,1520,EXP_FAULT_04,RUN_04,network_delay,1,frontend,frontend-f04-00,online-boutique,node-a,0.8096,84.0024,0,499.5101,0.004332,41.2691,22.5575,70.1197,101.1699,162.4579,472.7787,497.3464,0.7368,1.4269,628810.6341,428159.7007,network_delay,frontend,2026-06-09 15:50:00,2026-06-09 16:05:00,post_fault,62.187817,1
2026-06-09 16:10:25,1525,EXP_FAULT_04,RUN_04,network_delay,1,frontend,frontend-f04-00,online-boutique,node-a,0.7501,84.0941,0,515.3587,0.004034,37.7912,22.2951,62.4527,89.1464,141.2091,488.3137,513.2799,0.5762,1.5026,465928.2061,370166.9211,network_delay,frontend,2026-06-09 15:50:00,2026-06-09 16:05:00,post_fault,43.42569,1
2026-06-09 16:10:30,1530,EXP_FAULT_04,RUN_04,network_delay,1,frontend,frontend-f04-00,online-boutique,node-a,0.7982,85.2356,0,513.8003,0.003866,39.3193,21.9574,71.8599,103.7316,160.1285,487.1993,511.8138,0.5227,1.4639,456553.4748,550413.8057,network_delay,frontend,2026-06-09 15:50:00,2026-06-09 16:05:00,post_fault,47.062347,1
2026-06-09 16:10:35,1535,EXP_FAULT_04,RUN_04,network_delay,1,frontend,frontend-f04-00,online-boutique,node-a,0.8108,84.0797,0,530.1776,0.003997,37.7905,20.6892,68.8866,96.8925,163.7293,502.9512,528.0583,0.6002,1.5191,681898.7939,553100.3214,network_delay,frontend,2026-06-09 15:50:00,2026-06-09 16:05:00,post_fault,40.957355,1
2026-06-09 16:10:40,1540,EXP_FAULT_04,RUN_04,network_delay,1,frontend,frontend-f04-00,online-boutique,node-a,0.8433,84.1467,0,501.0389,0.003339,37.8705,20.9579,62.9774,95.004,148.428,475.9445,499.3659,0.2939,1.3791,568768.6329,426497.173,network_delay,frontend,2026-06-09 15:50:00,2026-06-09 16:05:00,post_fault,41.186394,1
2026-06-09 16:10:45,1545,EXP_FAULT_04,RUN_04,network_delay,1,frontend,frontend-f04-00,online-boutique,node-a,0.7832,85.369,0,497.4477,0.003897,38.18,21.8532,69.4752,96.2061,162.6802,472.7839,495.5092,0.6596,1.2789,501311.3751,351301.1747,network_delay,frontend,2026-06-09 15:50:00,2026-06-09 16:05:00,post_fault,44.375664,1
2026-06-09 16:10:50,1550,EXP_FAULT_04,RUN_04,network_delay,1,frontend,frontend-f04-00,online-boutique,node-a,0.7762,84.6413,0,509.2462,0.00401,36.1766,19.5222,65.5896,89.0185,159.6943,484.2325,507.2043,0.7176,1.3243,429791.0457,463009.8221,network_delay,frontend,2026-06-09 15:50:00,2026-06-09 16:05:00,post_fault,36.84123,1
2026-06-09 16:10:55,1555,EXP_FAULT_04,RUN_04,network_delay,1,frontend,frontend-f04-00,online-boutique,node-a,0.7053,83.9839,0,507.0705,0.004388,37.3404,20.3698,66.5995,87.8358,159.336,482.5282,504.8454,0.9305,1.2945,651282.4583,487802.0093,network_delay,frontend,2026-06-09 15:50:00,2026-06-09 16:05:00,post_fault,46.290825,1
2026-06-09 16:11:00,1560,EXP_FAULT_04,RUN_04,network_delay,1,frontend,frontend-f04-00,online-boutique,node-a,0.7961,83.2937,0,487.1697,0.003291,38.1961,23.1248,64.7771,91.3085,146.5391,464.0667,485.5662,0.35,1.2535,427618.7937,470218.7616,network_delay,frontend,2026-06-09 15:50:00,2026-06-09 16:05:00,post_fault,44.30713,1
2026-06-09 16:11:05,1565,EXP_FAULT_04,RUN_04,network_delay,1,frontend,frontend-f04-00,online-boutique,node-a,0.762,81.7509,0,512.8333,0.003236,34.9396,19.1259,64.5717,81.9127,142.3572,488.8669,511.1736,0.3702,1.2895,656274.5264,398794.3303,network_delay,frontend,2026-06-09 15:50:00,2026-06-09 16:05:00,post_fault,30.791143,1
2026-06-09 16:11:10,1570,EXP_FAULT_04,RUN_04,network_delay,1,frontend,frontend-f04-00,online-boutique,node-a,0.7272,84.8751,0,500.8839,0.003874,33.4976,17.6704,58.743,83.4985,143.1647,477.4766,498.9437,0.6076,1.3326,520126.748,344950.8327,network_delay,frontend,2026-06-09 15:50:00,2026-06-09 16:05:00,post_fault,28.395702,1
2026-06-09 16:11:15,1575,EXP_FAULT_04,RUN_04,network_delay,1,frontend,frontend-f04-00,online-boutique,node-a,0.7781,83.9576,0,504.7921,0.003192,34.0175,18.8335,58.9595,88.5134,123.1537,481.8241,503.1809,0.3683,1.2429,510974.0727,461363.0403,network_delay,frontend,2026-06-09 15:50:00,2026-06-09 16:05:00,post_fault,26.230732,1
2026-06-09 16:11:20,1580,EXP_FAULT_04,RUN_04,network_delay,1,frontend,frontend-f04-00,online-boutique,node-a,0.8171,84.2517,0,503.0734,0.003497,35.6311,21.5775,58.9152,89.0862,141.5865,480.4586,501.3142,0.5987,1.1604,608632.7621,381267.0127,network_delay,frontend,2026-06-09 15:50:00,2026-06-09 16:05:00,post_fault,32.98381,1
2026-06-09 16:11:25,1585,EXP_FAULT_04,RUN_04,network_delay,1,frontend,frontend-f04-00,online-boutique,node-a,0.8002,83.2623,0,495.3206,0.003549,35.0859,20.4774,57.4379,85.5626,147.265,473.2867,493.5629,0.4749,1.2827,519717.4982,487185.2399,network_delay,frontend,2026-06-09 15:50:00,2026-06-09 16:05:00,post_fault,32.95932,1
2026-06-09 16:11:30,1590,EXP_FAULT_04,RUN_04,network_delay,1,frontend,frontend-f04-00,online-boutique,node-a,0.7703,84.6476,0,485.0234,0.003266,34.8733,18.8173,63.0969,80.2112,139.566,463.7119,483.4394,0.4183,1.1657,452443.6041,326496.0892,network_delay,frontend,2026-06-09 15:50:00,2026-06-09 16:05:00,post_fault,30.658672,1
2026-06-09 16:11:35,1595,EXP_FAULT_04,RUN_04,network_delay,1,frontend,frontend-f04-00,online-boutique,node-a,0.7692,85.8833,0,493.1679,0.00374,37.3484,21.7172,61.6854,97.3304,154.235,471.7433,491.3232,0.6068,1.2378,636180.29,378618.3256,network_delay,frontend,2026-06-09 15:50:00,2026-06-09 16:05:00,post_fault,40.172497,1
2026-06-09 16:11:40,1600,EXP_FAULT_04,RUN_04,network_delay,1,frontend,frontend-f04-00,online-boutique,node-a,0.7821,86.326,0,478.7781,0.003628,31.9894,18.9392,51.5266,73.0758,113.3918,458.1607,477.0411,0.6303,1.1067,524919.2895,334657.1364,network_delay,frontend,2026-06-09 15:50:00,2026-06-09 16:05:00,post_fault,22.536533,1
2026-06-09 16:11:45,1605,EXP_FAULT_04,RUN_04,network_delay,1,frontend,frontend-f04-00,online-boutique,node-a,0.7736,84.2953,0,481.403,0.003695,36.0281,19.664,63.1793,92.3929,132.4324,460.9801,479.624,0.7236,1.0554,563996.5605,346354.8759,network_delay,frontend,2026-06-09 15:50:00,2026-06-09 16:05:00,post_fault,37.731884,1
2026-06-09 16:11:50,1610,EXP_FAULT_04,RUN_04,network_delay,1,frontend,frontend-f04-00,online-boutique,node-a,0.8285,86.1268,0,482.7457,0.003065,32.6117,17.8425,53.1381,78.5092,120.4075,462.6754,481.266,0.4212,1.0585,416777.1607,350607.0082,network_delay,frontend,2026-06-09 15:50:00,2026-06-09 16:05:00,post_fault,22.090702,1
2026-06-09 16:11:55,1615,EXP_FAULT_04,RUN_04,network_delay,1,frontend,frontend-f04-00,online-boutique,node-a,0.7722,85.259,0,491.1149,0.003418,32.9014,18.8877,61.2412,84.2163,115.6422,470.884,489.4362,0.6525,1.0262,434441.7747,366409.9724,network_delay,frontend,2026-06-09 15:50:00,2026-06-09 16:05:00,post_fault,24.049377,1
2026-06-09 16:12:00,1620,EXP_FAULT_04,RUN_04,network_delay,1,frontend,frontend-f04-00,online-boutique,node-a,0.7736,85.8624,0,495.1358,0.003407,34.2577,20.5161,59.9889,82.9252,129.6319,474.989,493.4487,0.5029,1.1842,615416.1725,469707.3932,network_delay,frontend,2026-06-09 15:50:00,2026-06-09 16:05:00,post_fault,27.320929,1
2026-06-09 16:12:05,1625,EXP_FAULT_04,RUN_04,network_delay,1,frontend,frontend-f04-00,online-boutique,node-a,0.7485,81.6971,0,477.8529,0.003384,33.6751,20.4077,57.6851,82.8314,136.2772,458.7042,476.2358,0.5547,1.0625,397731.2406,462164.959,network_delay,frontend,2026-06-09 15:50:00,2026-06-09 16:05:00,post_fault,30.831547,1
2026-06-09 16:12:10,1630,EXP_FAULT_04,RUN_04,network_delay,1,frontend,frontend-f04-00,online-boutique,node-a,0.7598,83.3374,0,489.6684,0.002703,33.6949,20.2346,58.9401,80.7997,118.9752,470.5078,488.345,0.2594,1.064,564380.9779,333429.4892,network_delay,frontend,2026-06-09 15:50:00,2026-06-09 16:05:00,post_fault,24.985909,1
2026-06-09 16:12:15,1635,EXP_FAULT_04,RUN_04,network_delay,1,frontend,frontend-f04-00,online-boutique,node-a,0.7779,83.1466,0,485.7804,0.003962,34.9702,21.0391,63.3943,84.3343,133.0038,466.6313,483.8558,0.8138,1.1107,580437.3676,397980.0655,network_delay,frontend,2026-06-09 15:50:00,2026-06-09 16:05:00,post_fault,36.027687,1
2026-06-09 16:12:20,1640,EXP_FAULT_04,RUN_04,network_delay,1,frontend,frontend-f04-00,online-boutique,node-a,0.8257,82.7556,0,493.1458,0.002543,30.2304,17.9888,52.0666,74.2301,117.4947,474.4168,491.8917,0.2654,0.9887,420250.2872,389281.0246,network_delay,frontend,2026-06-09 15:50:00,2026-06-09 16:05:00,post_fault,15.235102,1
2026-06-09 16:12:25,1645,EXP_FAULT_04,RUN_04,network_delay,1,frontend,frontend-f04-00,online-boutique,node-a,0.758,84.301,0,487.2206,0.00278,34.9297,19.3052,55.6342,82.6912,125.5276,468.8939,485.8662,0.3679,0.9866,570837.8425,425598.7158,network_delay,frontend,2026-06-09 15:50:00,2026-06-09 16:05:00,post_fault,28.690113,1
2026-06-09 16:12:30,1650,EXP_FAULT_04,RUN_04,network_delay,1,frontend,frontend-f04-00,online-boutique,node-a,0.7857,83.7089,0,470.3796,0.003115,31.9677,20.3943,53.4889,77.5069,110.7815,452.9018,468.9144,0.5541,0.911,392998.5296,391153.5702,network_delay,frontend,2026-06-09 15:50:00,2026-06-09 16:05:00,post_fault,22.846012,1
2026-06-09 16:12:35,1655,EXP_FAULT_04,RUN_04,network_delay,1,frontend,frontend-f04-00,online-boutique,node-a,0.8143,85.4018,0,501.8601,0.002356,30.9167,19.7273,55.8943,71.43,114.9748,483.5628,500.6777,0.1697,1.0127,469762.1288,486276.9436,network_delay,frontend,2026-06-09 15:50:00,2026-06-09 16:05:00,post_fault,14.190099,1
2026-06-09 16:12:40,1660,EXP_FAULT_04,RUN_04,network_delay,1,frontend,frontend-f04-00,online-boutique,node-a,0.7491,83.5657,0,502.0241,0.002859,28.7441,16.7892,46.4584,67.5156,101.4477,483.8088,500.5889,0.4089,1.0263,435824.9233,346279.2932,network_delay,frontend,2026-06-09 15:50:00,2026-06-09 16:05:00,post_fault,11.955272,1
2026-06-09 16:12:45,1665,EXP_FAULT_04,RUN_04,network_delay,1,frontend,frontend-f04-00,online-boutique,node-a,0.7956,84.3071,0,495.1772,0.003125,31.6134,18.6762,56.6795,77.2353,125.6039,477.4378,493.6299,0.5346,1.0127,484583.7999,358823.6228,network_delay,frontend,2026-06-09 15:50:00,2026-06-09 16:05:00,post_fault,19.451565,1
2026-06-09 16:12:50,1670,EXP_FAULT_04,RUN_04,network_delay,1,frontend,frontend-f04-00,online-boutique,node-a,0.7662,85.1003,0,505.107,0.003374,31.3011,19.9184,52.5437,73.0732,109.9869,487.152,503.4027,0.6594,1.0449,629079.9023,359133.483,network_delay,frontend,2026-06-09 15:50:00,2026-06-09 16:05:00,post_fault,18.495504,1
2026-06-09 16:12:55,1675,EXP_FAULT_04,RUN_04,network_delay,1,frontend,frontend-f04-00,online-boutique,node-a,0.7963,83.7352,0,508.6051,0.003123,30.8547,18.5676,48.9879,70.5505,114.877,490.8411,507.0167,0.6555,0.933,573977.1525,410599.4794,network_delay,frontend,2026-06-09 15:50:00,2026-06-09 16:05:00,post_fault,16.85152,1
2026-06-09 16:13:00,1680,EXP_FAULT_04,RUN_04,network_delay,1,frontend,frontend-f04-00,online-boutique,node-a,0.7638,83.4481,0,500.1864,0.003317,30.6576,16.9875,53.5508,68.0685,105.5343,482.8902,498.5274,0.6314,1.0276,458616.4238,396157.9426,network_delay,frontend,2026-06-09 15:50:00,2026-06-09 16:05:00,post_fault,18.154537,1
2026-06-09 16:13:05,1685,EXP_FAULT_04,RUN_04,network_delay,1,frontend,frontend-f04-00,online-boutique,node-a,0.7874,84.2494,0,510.4021,0.002488,32.7505,18.7947,60.5261,80.4987,109.2484,493.1856,509.1321,0.2182,1.0518,545366.6672,352249.0863,network_delay,frontend,2026-06-09 15:50:00,2026-06-09 16:05:00,post_fault,19.009434,1
2026-06-09 16:13:10,1690,EXP_FAULT_04,RUN_04,network_delay,1,frontend,frontend-f04-00,online-boutique,node-a,0.7576,82.2473,0,509.2785,0.003343,30.3659,19.1297,50.2765,74.1476,120.3063,492.187,507.5761,0.6641,1.0383,499248.215,502966.8911,network_delay,frontend,2026-06-09 15:50:00,2026-06-09 16:05:00,post_fault,17.871744,1
2026-06-09 16:13:15,1695,EXP_FAULT_04,RUN_04,network_delay,1,frontend,frontend-f04-00,online-boutique,node-a,0.7929,83.201,0,527.305,0.002548,31.3347,18.8518,54.2377,74.9435,110.583,509.9686,525.9617,0.3452,0.9982,448922.324,406790.4097,network_delay,frontend,2026-06-09 15:50:00,2026-06-09 16:05:00,post_fault,15.030518,1
2026-06-09 16:13:20,1700,EXP_FAULT_04,RUN_04,network_delay,1,frontend,frontend-f04-00,online-boutique,node-a,0.7847,84.2015,0,528.0064,0.002569,31.1912,20.323,56.2904,69.2561,112.3489,510.8468,526.6501,0.4024,0.9538,667359.1265,474639.4681,network_delay,frontend,2026-06-09 15:50:00,2026-06-09 16:05:00,post_fault,14.105894,1
2026-06-09 16:13:25,1705,EXP_FAULT_04,RUN_04,network_delay,1,frontend,frontend-f04-00,online-boutique,node-a,0.8277,82.2134,0,525.4658,0.002846,31.5757,17.817,57.9769,74.6415,125.8255,508.629,523.9704,0.6305,0.8649,663393.9125,359354.1961,network_delay,frontend,2026-06-09 15:50:00,2026-06-09 16:05:00,post_fault,17.502254,1
2026-06-09 16:13:30,1710,EXP_FAULT_04,RUN_04,network_delay,1,frontend,frontend-f04-00,online-boutique,node-a,0.8068,85.5497,0,513.4533,0.002507,29.1252,18.0331,51.7593,71.3441,96.3711,497.336,512.1663,0.4145,0.8725,456041.725,524307.7743,network_delay,frontend,2026-06-09 15:50:00,2026-06-09 16:05:00,post_fault,9.849292,1
2026-06-09 16:13:35,1715,EXP_FAULT_04,RUN_04,network_delay,1,frontend,frontend-f04-00,online-boutique,node-a,0.8138,84.7196,0,533.9494,0.003309,29.4312,18.9564,50.2491,71.7252,104.8699,517.0758,532.1828,0.8162,0.9504,537353.6741,541751.0213,network_delay,frontend,2026-06-09 15:50:00,2026-06-09 16:05:00,post_fault,12.036914,1
2026-06-09 16:13:40,1720,EXP_FAULT_04,RUN_04,network_delay,1,frontend,frontend-f04-00,online-boutique,node-a,0.8117,86.5936,0,518.2761,0.0032,28.9029,17.2535,49.8737,70.6926,101.226,502.1425,516.6175,0.8442,0.8144,588235.5734,461474.8164,network_delay,frontend,2026-06-09 15:50:00,2026-06-09 16:05:00,post_fault,10.609706,1
2026-06-09 16:13:45,1725,EXP_FAULT_04,RUN_04,network_delay,1,frontend,frontend-f04-00,online-boutique,node-a,0.8053,85.6257,0,512.5349,0.002291,27.5757,17.7042,48.7427,60.4897,106.9774,496.9898,511.3609,0.377,0.797,661218.0792,512312.2379,network_delay,frontend,2026-06-09 15:50:00,2026-06-09 16:05:00,post_fault,6.6624765,1
2026-06-09 16:13:50,1730,EXP_FAULT_04,RUN_04,network_delay,1,frontend,frontend-f04-00,online-boutique,node-a,0.8103,84.2703,0,518.0566,0.002063,29.9933,19.5899,49.0535,64.6642,100.6505,502.6273,516.9879,0.2114,0.8574,650010.2582,432326.6762,network_delay,frontend,2026-06-09 15:50:00,2026-06-09 16:05:00,post_fault,10.891371,1
2026-06-09 16:13:55,1735,EXP_FAULT_04,RUN_04,network_delay,1,frontend,frontend-f04-00,online-boutique,node-a,0.757,83.7181,0,509.7047,0.003388,28.964,17.3016,47.9163,67.6419,106.3222,494.2757,507.978,0.8768,0.8499,504383.4678,345485.1813,network_delay,frontend,2026-06-09 15:50:00,2026-06-09 16:05:00,post_fault,13.800199,1
2026-06-09 16:14:00,1740,EXP_FAULT_04,RUN_04,network_delay,1,frontend,frontend-f04-00,online-boutique,node-a,0.8329,83.7051,0,516.3424,0.003196,28.7637,18.6362,51.9904,64.7736,100.7812,501.0851,514.6923,0.8728,0.7773,441727.5322,354148.1107,network_delay,frontend,2026-06-09 15:50:00,2026-06-09 16:05:00,post_fault,11.920156,1
2026-06-09 16:14:05,1745,EXP_FAULT_04,RUN_04,network_delay,1,frontend,frontend-f04-00,online-boutique,node-a,0.7934,83.0981,0,507.4651,0.001973,26.9544,17.2929,44.0794,63.6177,101.8838,493.0263,506.4638,0.2193,0.782,525437.6852,338062.7243,network_delay,frontend,2026-06-09 15:50:00,2026-06-09 16:05:00,post_fault,6.15149,1
2026-06-09 16:14:10,1750,EXP_FAULT_04,RUN_04,network_delay,1,frontend,frontend-f04-00,online-boutique,node-a,0.8164,85.0438,0,485.02,0.003212,25.6553,16.235,42.822,61.4509,82.42,471.0247,483.4619,0.7454,0.8127,551530.8934,389668.0618,network_delay,frontend,2026-06-09 15:50:00,2026-06-09 16:05:00,post_fault,7.306769,1
2026-06-09 16:14:15,1755,EXP_FAULT_04,RUN_04,network_delay,1,frontend,frontend-f04-00,online-boutique,node-a,0.8014,84.8635,0,500.4145,0.002881,27.5276,16.361,48.2921,67.0561,102.6251,486.0016,498.9726,0.5546,0.8873,456078.422,430828.5275,network_delay,frontend,2026-06-09 15:50:00,2026-06-09 16:05:00,post_fault,8.831429,1
2026-06-09 16:14:20,1760,EXP_FAULT_04,RUN_04,network_delay,1,frontend,frontend-f04-00,online-boutique,node-a,0.8038,84.7082,0,491.5004,0.002262,28.4978,18.9454,49.3864,64.5825,96.5354,477.5002,490.3886,0.4003,0.7115,416156.0006,428040.5621,network_delay,frontend,2026-06-09 15:50:00,2026-06-09 16:05:00,post_fault,9.680254,1
2026-06-09 16:14:25,1765,EXP_FAULT_04,RUN_04,network_delay,1,frontend,frontend-f04-00,online-boutique,node-a,0.7963,85.662,0,489.2697,0.003021,28.0305,18.309,44.8364,62.1289,106.2525,475.2174,487.7917,0.7604,0.7176,454725.0782,362844.3212,network_delay,frontend,2026-06-09 15:50:00,2026-06-09 16:05:00,post_fault,10.407813,1
2026-06-09 16:14:30,1770,EXP_FAULT_04,RUN_04,network_delay,1,frontend,frontend-f04-00,online-boutique,node-a,0.8049,84.7618,0,497.3106,0.002032,28.1724,16.3676,47.5952,63.9066,106.0398,483.2627,496.3001,0.2452,0.7652,471495.7341,398647.0876,network_delay,frontend,2026-06-09 15:50:00,2026-06-09 16:05:00,post_fault,8.275011,1
2026-06-09 16:14:35,1775,EXP_FAULT_04,RUN_04,network_delay,1,frontend,frontend-f04-00,online-boutique,node-a,0.7421,82.9365,0,486.8414,0.00322,28.4382,17.9928,44.9438,63.5644,93.257,472.7114,485.2739,0.7307,0.8367,573275.0169,337911.7128,network_delay,frontend,2026-06-09 15:50:00,2026-06-09 16:05:00,post_fault,14.066132,1
2026-06-09 16:14:40,1780,EXP_FAULT_04,RUN_04,network_delay,1,frontend,frontend-f04-00,online-boutique,node-a,0.7942,85.9136,0,472.9487,0.002433,29.6592,17.4801,47.0105,71.7784,96.9873,459.4639,471.798,0.4133,0.7375,473904.57,420324.4787,network_delay,frontend,2026-06-09 15:50:00,2026-06-09 16:05:00,post_fault,13.025785,1
2026-06-09 16:14:45,1785,EXP_FAULT_04,RUN_04,network_delay,1,frontend,frontend-f04-00,online-boutique,node-a,0.7961,84.4388,0,474.0209,0.003135,28.824,19.1602,50.0135,62.0966,99.0264,460.456,472.5347,0.7104,0.7758,561155.6173,336150.3105,network_delay,frontend,2026-06-09 15:50:00,2026-06-09 16:05:00,post_fault,14.010152,1
2026-06-09 16:14:50,1790,EXP_FAULT_04,RUN_04,network_delay,1,frontend,frontend-f04-00,online-boutique,node-a,0.7481,85.1799,0,473.9026,0.001825,26.8897,15.8259,45.3199,65.3012,92.8453,460.5385,473.0376,0.1769,0.6882,545581.1066,390368.927,network_delay,frontend,2026-06-09 15:50:00,2026-06-09 16:05:00,post_fault,6.410333,1
2026-06-09 16:14:55,1795,EXP_FAULT_04,RUN_04,network_delay,1,frontend,frontend-f04-00,online-boutique,node-a,0.7767,83.3821,0,476.4688,0.002533,27.2764,15.8422,49.1134,63.7365,100.623,462.8141,475.2621,0.3959,0.8109,414001.4009,449186.7002,network_delay,frontend,2026-06-09 15:50:00,2026-06-09 16:05:00,post_fault,9.359628,1
2026-06-09 16:20:00,0,EXP_FAULT_05,RUN_05,cpu_stress,1,frontend,frontend-f05-00,online-boutique,node-a,0.7416,82.3581,0,442.2926,0.000746,17.8458,13.1463,28.7834,36.3167,46.2715,442.1421,441.9626,0.3039,0.0262,523536.7572,301284.0294,cpu_stress,productcatalogservice,2026-06-09 16:25:00,2026-06-09 16:40:00,pre_fault,0.015946323,0
2026-06-09 16:20:05,5,EXP_FAULT_05,RUN_05,cpu_stress,1,frontend,frontend-f05-00,online-boutique,node-a,0.7848,83.6863,0,463.1671,0.000609,18.9477,14.5107,31.3672,37.109,48.4344,463.044,462.8853,0.2625,0.0193,585715.313,410894.4323,cpu_stress,productcatalogservice,2026-06-09 16:25:00,2026-06-09 16:40:00,pre_fault,0.12618698,0
2026-06-09 16:20:10,10,EXP_FAULT_05,RUN_05,cpu_stress,1,frontend,frontend-f05-00,online-boutique,node-a,0.7925,80.8011,0,473.7295,0.001041,17.5461,14.266,29.0213,32.2886,41.5905,473.4602,473.2365,0.3943,0.0987,571344.4787,377285.6422,cpu_stress,productcatalogservice,2026-06-09 16:25:00,2026-06-09 16:40:00,pre_fault,0.029486705,0
2026-06-09 16:20:15,15,EXP_FAULT_05,RUN_05,cpu_stress,1,frontend,frontend-f05-00,online-boutique,node-a,0.794,82.3019,0,465.1503,0.000376,18.1944,12.9927,28.7512,35.4937,50.335,465.0436,464.9753,0.1265,0.0486,528407.9354,478762.5289,cpu_stress,productcatalogservice,2026-06-09 16:25:00,2026-06-09 16:40:00,pre_fault,0.06666336,0
2026-06-09 16:20:20,20,EXP_FAULT_05,RUN_05,cpu_stress,1,frontend,frontend-f05-00,online-boutique,node-a,0.7638,84.113,0,459.0209,0.001599,18.3459,14.1347,29.8941,32.8152,44.5138,458.5163,458.287,0.6522,0.0816,392384.7596,441765.4869,cpu_stress,productcatalogservice,2026-06-09 16:25:00,2026-06-09 16:40:00,pre_fault,0.010153317,0
2026-06-09 16:20:25,25,EXP_FAULT_05,RUN_05,cpu_stress,1,frontend,frontend-f05-00,online-boutique,node-a,0.7685,82.6964,0,465.5478,0.001629,18.118,13.1072,26.9565,32.2102,46.807,465.119,464.7893,0.615,0.1435,500240.1312,417192.2654,cpu_stress,productcatalogservice,2026-06-09 16:25:00,2026-06-09 16:40:00,pre_fault,0.0427113,0
2026-06-09 16:20:30,30,EXP_FAULT_05,RUN_05,cpu_stress,1,frontend,frontend-f05-00,online-boutique,node-a,0.7727,83.8933,0,474.1532,0.000806,17.5988,14.3508,27.9028,35.9541,44.292,473.8874,473.7711,0.2196,0.1625,440441.0312,429684.2263,cpu_stress,productcatalogservice,2026-06-09 16:25:00,2026-06-09 16:40:00,pre_fault,0.021998692,0
2026-06-09 16:20:35,35,EXP_FAULT_05,RUN_05,cpu_stress,1,frontend,frontend-f05-00,online-boutique,node-a,0.7987,82.5701,0,470.6752,0.001476,19.3276,14.4641,31.2398,37.1806,53.6091,470.4125,469.9806,0.6924,0.0022,540556.3782,331100.9832,cpu_stress,productcatalogservice,2026-06-09 16:25:00,2026-06-09 16:40:00,pre_fault,0.21964426,0
2026-06-09 16:20:40,40,EXP_FAULT_05,RUN_05,cpu_stress,1,frontend,frontend-f05-00,online-boutique,node-a,0.7702,82.8097,0,464.236,0.000888,18.1503,13.7721,28.4303,35.8832,48.5042,463.931,463.8235,0.3242,0.0883,527354.3057,456265.385,cpu_stress,productcatalogservice,2026-06-09 16:25:00,2026-06-09 16:40:00,pre_fault,0.0276198,0
2026-06-09 16:20:45,45,EXP_FAULT_05,RUN_05,cpu_stress,1,frontend,frontend-f05-00,online-boutique,node-a,0.7498,83.3591,0,478.1819,0.001142,17.9896,13.9714,27.1425,32.731,43.3254,477.8585,477.6358,0.402,0.1441,606673.3558,356873.3457,cpu_stress,productcatalogservice,2026-06-09 16:25:00,2026-06-09 16:40:00,pre_fault,0.098339096,0
2026-06-09 16:20:50,50,EXP_FAULT_05,RUN_05,cpu_stress,1,frontend,frontend-f05-00,online-boutique,node-a,0.7768,83.0525,0,464.0676,0.001304,18.7577,14.8807,31.1978,34.4619,44.468,463.729,463.4624,0.4523,0.1529,435588.5303,322692.468,cpu_stress,productcatalogservice,2026-06-09 16:25:00,2026-06-09 16:40:00,pre_fault,0.06767793,0
2026-06-09 16:20:55,55,EXP_FAULT_05,RUN_05,cpu_stress,1,frontend,frontend-f05-00,online-boutique,node-a,0.7769,84.082,0,490.8758,0.000462,17.6509,13.4497,28.4259,31.1656,50.2633,490.7832,490.6492,0.134,0.0926,536108.8204,336503.1693,cpu_stress,productcatalogservice,2026-06-09 16:25:00,2026-06-09 16:40:00,pre_fault,0.0525719,0
2026-06-09 16:21:00,60,EXP_FAULT_05,RUN_05,cpu_stress,1,frontend,frontend-f05-00,online-boutique,node-a,0.8071,82.906,0,479.0214,0.001014,16.9005,13.35,27.8811,33.9055,47.7636,478.7578,478.5359,0.3867,0.0989,495916.4151,325589.6633,cpu_stress,productcatalogservice,2026-06-09 16:25:00,2026-06-09 16:40:00,pre_fault,0.02198197,0
2026-06-09 16:21:05,65,EXP_FAULT_05,RUN_05,cpu_stress,1,frontend,frontend-f05-00,online-boutique,node-a,0.7535,80.9493,0,491.4933,0.000548,18.1784,13.2516,28.6274,32.1203,49.7013,491.3313,491.2237,0.1759,0.0936,462717.157,396566.1668,cpu_stress,productcatalogservice,2026-06-09 16:25:00,2026-06-09 16:40:00,pre_fault,0.13294378,0
2026-06-09 16:21:10,70,EXP_FAULT_05,RUN_05,cpu_stress,1,frontend,frontend-f05-00,online-boutique,node-a,0.7989,82.7953,0,480.5423,0.000692,17.8739,12.8616,28.3584,36.4319,44.294,480.3954,480.2099,0.1855,0.147,592315.0503,336788.9427,cpu_stress,productcatalogservice,2026-06-09 16:25:00,2026-06-09 16:40:00,pre_fault,0.0076420098,0
2026-06-09 16:21:15,75,EXP_FAULT_05,RUN_05,cpu_stress,1,frontend,frontend-f05-00,online-boutique,node-a,0.8163,82.1783,0,481.2886,0.001075,18.8896,14.4967,28.0893,34.0132,47.6043,480.9543,480.7713,0.4842,0.033,545595.4498,418542.4556,cpu_stress,productcatalogservice,2026-06-09 16:25:00,2026-06-09 16:40:00,pre_fault,0.16992596,0
2026-06-09 16:21:20,80,EXP_FAULT_05,RUN_05,cpu_stress,1,frontend,frontend-f05-00,online-boutique,node-a,0.7844,83.0669,0,479.732,0.001464,18.0155,14.0763,29.8048,31.5443,49.7682,479.4646,479.0297,0.5649,0.1373,548442.9186,397354.6638,cpu_stress,productcatalogservice,2026-06-09 16:25:00,2026-06-09 16:40:00,pre_fault,0.011025268,0
2026-06-09 16:21:25,85,EXP_FAULT_05,RUN_05,cpu_stress,1,frontend,frontend-f05-00,online-boutique,node-a,0.7753,82.3842,0,480.2776,0.001443,17.9725,13.7364,29.4565,36.0093,47.5745,479.7722,479.5848,0.6482,0.0446,407669.0215,378776.6664,cpu_stress,productcatalogservice,2026-06-09 16:25:00,2026-06-09 16:40:00,pre_fault,0.032277055,0
2026-06-09 16:21:30,90,EXP_FAULT_05,RUN_05,cpu_stress,1,frontend,frontend-f05-00,online-boutique,node-a,0.7656,84.3563,0,485.3778,0.000952,18.503,14.2747,31.4503,37.0399,46.0211,485.2019,484.9159,0.4594,0.0025,558524.7827,323912.7448,cpu_stress,productcatalogservice,2026-06-09 16:25:00,2026-06-09 16:40:00,pre_fault,0.0260373,0
2026-06-09 16:21:35,95,EXP_FAULT_05,RUN_05,cpu_stress,1,frontend,frontend-f05-00,online-boutique,node-a,0.7444,83.6662,0,470.0122,0.00104,17.5933,14.082,26.6336,36.0616,44.3787,469.7292,469.5234,0.447,0.0417,501628.3316,316657.5241,cpu_stress,productcatalogservice,2026-06-09 16:25:00,2026-06-09 16:40:00,pre_fault,0.109657325,0
2026-06-09 16:21:40,100,EXP_FAULT_05,RUN_05,cpu_stress,1,frontend,frontend-f05-00,online-boutique,node-a,0.7684,82.8392,0,486.2178,0.001482,18.2391,14.7055,30.74,33.2995,46.7753,485.8419,485.4971,0.6732,0.0475,507977.6823,409771.3476,cpu_stress,productcatalogservice,2026-06-09 16:25:00,2026-06-09 16:40:00,pre_fault,0.035135545,0
2026-06-09 16:21:45,105,EXP_FAULT_05,RUN_05,cpu_stress,1,frontend,frontend-f05-00,online-boutique,node-a,0.7931,84.839,0,476.4423,0.001277,17.1416,12.2925,26.0094,34.9971,41.5995,476.1125,475.8337,0.521,0.0876,578697.9069,394327.9464,cpu_stress,productcatalogservice,2026-06-09 16:25:00,2026-06-09 16:40:00,pre_fault,0.018778922,0
2026-06-09 16:21:50,110,EXP_FAULT_05,RUN_05,cpu_stress,1,frontend,frontend-f05-00,online-boutique,node-a,0.7618,82.8229,0,476.8336,0.000927,17.3323,13.1985,25.5708,32.7011,42.4923,476.6574,476.3918,0.3345,0.1073,470714.0572,493876.5377,cpu_stress,productcatalogservice,2026-06-09 16:25:00,2026-06-09 16:40:00,pre_fault,0.1283786,0
2026-06-09 16:21:55,115,EXP_FAULT_05,RUN_05,cpu_stress,1,frontend,frontend-f05-00,online-boutique,node-a,0.7673,84.5121,0,460.2693,0.001398,17.1997,12.5988,27.0771,30.7847,47.9153,459.8934,459.6256,0.6396,0.004,471967.8988,323791.4386,cpu_stress,productcatalogservice,2026-06-09 16:25:00,2026-06-09 16:40:00,pre_fault,0.021023799,0
2026-06-09 16:22:00,120,EXP_FAULT_05,RUN_05,cpu_stress,1,frontend,frontend-f05-00,online-boutique,node-a,0.8016,83.04,0,467.7312,0.000619,18.6205,13.6868,28.2129,37.6776,45.2739,467.5222,467.4417,0.2145,0.075,533615.3501,304880.9888,cpu_stress,productcatalogservice,2026-06-09 16:25:00,2026-06-09 16:40:00,pre_fault,0.1391557,0
2026-06-09 16:22:05,125,EXP_FAULT_05,RUN_05,cpu_stress,1,frontend,frontend-f05-00,online-boutique,node-a,0.7219,80.5757,0,453.9987,0.001341,17.012,13.2495,28.8139,29.9175,45.0642,453.6971,453.3898,0.4782,0.1307,525395.7977,363254.0475,cpu_stress,productcatalogservice,2026-06-09 16:25:00,2026-06-09 16:40:00,pre_fault,0.8341405,1
2026-06-09 16:22:10,130,EXP_FAULT_05,RUN_05,cpu_stress,1,frontend,frontend-f05-00,online-boutique,node-a,0.7507,84.8583,0,467.9926,0.001204,17.8466,13.4744,26.2319,32.1928,48.5834,467.5898,467.4291,0.5269,0.0367,560614.1438,433049.8619,cpu_stress,productcatalogservice,2026-06-09 16:25:00,2026-06-09 16:40:00,pre_fault,0.04026901,0
2026-06-09 16:22:15,135,EXP_FAULT_05,RUN_05,cpu_stress,1,frontend,frontend-f05-00,online-boutique,node-a,0.739,81.9042,0,480.1331,0.00138,17.145,14.0406,24.9422,34.9813,48.4768,479.7479,479.4704,0.5327,0.13,450312.6295,313913.8719,cpu_stress,productcatalogservice,2026-06-09 16:25:00,2026-06-09 16:40:00,pre_fault,0.4969519,1
2026-06-09 16:22:20,140,EXP_FAULT_05,RUN_05,cpu_stress,1,frontend,frontend-f05-00,online-boutique,node-a,0.7615,84.711,0,469.5639,0.000756,16.3523,12.8253,25.8208,31.6297,45.0071,469.4103,469.2087,0.2322,0.123,458940.7945,432122.2581,cpu_stress,productcatalogservice,2026-06-09 16:25:00,2026-06-09 16:40:00,pre_fault,0.18181932,0
2026-06-09 16:22:25,145,EXP_FAULT_05,RUN_05,cpu_stress,1,frontend,frontend-f05-00,online-boutique,node-a,0.7825,84.0601,0,460.1293,0.001338,17.9915,14.084,30.2494,35.0394,44.2663,459.7078,459.5138,0.5258,0.0897,505086.3189,472316.9627,cpu_stress,productcatalogservice,2026-06-09 16:25:00,2026-06-09 16:40:00,pre_fault,0.024483671,0
2026-06-09 16:22:30,150,EXP_FAULT_05,RUN_05,cpu_stress,1,frontend,frontend-f05-00,online-boutique,node-a,0.7265,82.4231,0,468.1725,0.00174,17.1632,12.5396,25.0499,34.1042,43.5891,467.5913,467.3578,0.7441,0.0706,580956.5471,357307.0316,cpu_stress,productcatalogservice,2026-06-09 16:25:00,2026-06-09 16:40:00,pre_fault,0.49218035,1
2026-06-09 16:22:35,155,EXP_FAULT_05,RUN_05,cpu_stress,1,frontend,frontend-f05-00,online-boutique,node-a,0.7972,84.1361,0,489.489,0.000625,17.9141,13.6699,28.1834,35.9853,46.3263,489.3762,489.183,0.1932,0.1128,508786.4726,488931.5146,cpu_stress,productcatalogservice,2026-06-09 16:25:00,2026-06-09 16:40:00,pre_fault,0.013291727,0
2026-06-09 16:22:40,160,EXP_FAULT_05,RUN_05,cpu_stress,1,frontend,frontend-f05-00,online-boutique,node-a,0.7618,82.1241,0,457.5272,0.001746,18.8044,13.3334,30.5842,37.8877,52.0798,457.0282,456.7286,0.6825,0.1162,412620.9323,330931.6604,cpu_stress,productcatalogservice,2026-06-09 16:25:00,2026-06-09 16:40:00,pre_fault,0.23456697,0
2026-06-09 16:22:45,165,EXP_FAULT_05,RUN_05,cpu_stress,1,frontend,frontend-f05-00,online-boutique,node-a,0.7378,83.9392,0,471.2505,0.001112,18.4525,13.3506,27.6087,34.1768,47.2845,470.9505,470.7265,0.5089,0.0151,410733.8834,398650.1408,cpu_stress,productcatalogservice,2026-06-09 16:25:00,2026-06-09 16:40:00,pre_fault,0.054196388,0
2026-06-09 16:22:50,170,EXP_FAULT_05,RUN_05,cpu_stress,1,frontend,frontend-f05-00,online-boutique,node-a,0.8152,84.9528,0,483.9994,0.001442,19.0427,14.9895,30.7643,35.7598,53.1675,483.6285,483.3013,0.601,0.0972,607595.1466,392164.8944,cpu_stress,productcatalogservice,2026-06-09 16:25:00,2026-06-09 16:40:00,pre_fault,0.12485758,0
2026-06-09 16:22:55,175,EXP_FAULT_05,RUN_05,cpu_stress,1,frontend,frontend-f05-00,online-boutique,node-a,0.7589,83.1421,0,475.995,0.00152,18.2173,13.5386,26.9088,32.9858,43.5415,475.6619,475.2715,0.6757,0.0478,473189.8651,347517.7902,cpu_stress,productcatalogservice,2026-06-09 16:25:00,2026-06-09 16:40:00,pre_fault,0.042392403,0
2026-06-09 16:23:00,180,EXP_FAULT_05,RUN_05,cpu_stress,1,frontend,frontend-f05-00,online-boutique,node-a,0.7914,82.2937,0,481.0426,0.000549,17.5485,13.6229,25.685,34.7338,49.0214,480.9045,480.7784,0.1329,0.1313,462384.0237,443967.7563,cpu_stress,productcatalogservice,2026-06-09 16:25:00,2026-06-09 16:40:00,pre_fault,0.026973644,0
2026-06-09 16:23:05,185,EXP_FAULT_05,RUN_05,cpu_stress,1,frontend,frontend-f05-00,online-boutique,node-a,0.8052,83.3951,0,478.9976,0.001567,17.4699,12.24,28.262,31.3016,41.6055,478.5411,478.247,0.6267,0.124,425081.9234,494781.0619,cpu_stress,productcatalogservice,2026-06-09 16:25:00,2026-06-09 16:40:00,pre_fault,0.014389297,0
2026-06-09 16:23:10,190,EXP_FAULT_05,RUN_05,cpu_stress,1,frontend,frontend-f05-00,online-boutique,node-a,0.7848,82.8313,0,492.8654,0.000739,17.5908,12.6011,26.2009,31.2166,49.9956,492.7288,492.5013,0.3072,0.0569,429366.1446,449452.003,cpu_stress,productcatalogservice,2026-06-09 16:25:00,2026-06-09 16:40:00,pre_fault,0.06949889,0
2026-06-09 16:23:15,195,EXP_FAULT_05,RUN_05,cpu_stress,1,frontend,frontend-f05-00,online-boutique,node-a,0.773,82.6284,0,498.0028,0.000991,17.221,12.6101,27.8577,35.0569,48.4671,497.7131,497.5094,0.4269,0.0666,605327.2698,453601.8636,cpu_stress,productcatalogservice,2026-06-09 16:25:00,2026-06-09 16:40:00,pre_fault,0.26725173,0
2026-06-09 16:23:20,200,EXP_FAULT_05,RUN_05,cpu_stress,1,frontend,frontend-f05-00,online-boutique,node-a,0.7271,84.4077,0,482.623,0.001662,17.2171,13.0206,27.9425,33.6733,42.8679,482.0265,481.821,0.7601,0.0419,582551.9099,324916.9908,cpu_stress,productcatalogservice,2026-06-09 16:25:00,2026-06-09 16:40:00,pre_fault,0.42033744,0
2026-06-09 16:23:25,205,EXP_FAULT_05,RUN_05,cpu_stress,1,frontend,frontend-f05-00,online-boutique,node-a,0.799,82.6635,0,472.6093,0.00064,17.9952,14.2936,30.3326,34.5221,49.003,472.4846,472.307,0.2183,0.084,588091.2364,407017.7657,cpu_stress,productcatalogservice,2026-06-09 16:25:00,2026-06-09 16:40:00,pre_fault,0.024219986,0
2026-06-09 16:23:30,210,EXP_FAULT_05,RUN_05,cpu_stress,1,frontend,frontend-f05-00,online-boutique,node-a,0.7931,81.8396,0,507.9102,0.001216,17.7569,13.381,27.523,34.1401,48.4304,507.6428,507.2927,0.5994,0.0181,498859.2669,379955.1806,cpu_stress,productcatalogservice,2026-06-09 16:25:00,2026-06-09 16:40:00,pre_fault,0.10226116,0
2026-06-09 16:23:35,215,EXP_FAULT_05,RUN_05,cpu_stress,1,frontend,frontend-f05-00,online-boutique,node-a,0.742,81.3375,0,483.4465,0.001233,18.024,13.3943,27.5409,35.3576,46.3033,483.1651,482.8504,0.454,0.1421,444381.468,318733.4111,cpu_stress,productcatalogservice,2026-06-09 16:25:00,2026-06-09 16:40:00,pre_fault,0.28018564,0
2026-06-09 16:23:40,220,EXP_FAULT_05,RUN_05,cpu_stress,1,frontend,frontend-f05-00,online-boutique,node-a,0.7615,83.7189,0,486.337,0.000414,18.35,13.6241,28.4395,34.3624,47.3737,486.1956,486.1356,0.1946,0.0067,609866.3979,374552.5889,cpu_stress,productcatalogservice,2026-06-09 16:25:00,2026-06-09 16:40:00,pre_fault,0.041579742,0
2026-06-09 16:23:45,225,EXP_FAULT_05,RUN_05,cpu_stress,1,frontend,frontend-f05-00,online-boutique,node-a,0.8379,82.7235,0,492.414,0.001588,19.4669,14.7299,30.9909,36.9305,49.9443,491.9042,491.6322,0.7581,0.0238,437309.8408,443743.7684,cpu_stress,productcatalogservice,2026-06-09 16:25:00,2026-06-09 16:40:00,pre_fault,0.34189877,0
2026-06-09 16:23:50,230,EXP_FAULT_05,RUN_05,cpu_stress,1,frontend,frontend-f05-00,online-boutique,node-a,0.7917,85.3314,0,490.0916,0.001017,18.9867,15.1162,27.8885,37.0525,48.9771,489.8847,489.593,0.4029,0.0956,623716.8374,349073.4398,cpu_stress,productcatalogservice,2026-06-09 16:25:00,2026-06-09 16:40:00,pre_fault,0.027857775,0
2026-06-09 16:23:55,235,EXP_FAULT_05,RUN_05,cpu_stress,1,frontend,frontend-f05-00,online-boutique,node-a,0.7555,84.6211,0,500.3367,0.001722,16.9251,13.6623,26.1093,32.9136,43.8111,499.7729,499.4749,0.7312,0.1306,582865.4483,454849.7678,cpu_stress,productcatalogservice,2026-06-09 16:25:00,2026-06-09 16:40:00,pre_fault,0.4573225,0
2026-06-09 16:24:00,240,EXP_FAULT_05,RUN_05,cpu_stress,1,frontend,frontend-f05-00,online-boutique,node-a,0.7879,84.1704,0,498.8385,0.001087,20.283,16.3182,29.9833,36.0194,56.2181,498.4933,498.2961,0.4519,0.0905,573402.8668,325221.3617,cpu_stress,productcatalogservice,2026-06-09 16:25:00,2026-06-09 16:40:00,pre_fault,0.145489,0
2026-06-09 16:24:05,245,EXP_FAULT_05,RUN_05,cpu_stress,1,frontend,frontend-f05-00,online-boutique,node-a,0.7688,83.353,0,484.0352,0.000359,18.2067,14.1575,30.8174,35.3336,48.9287,483.9373,483.8613,0.1614,0.0126,565867.7976,497307.503,cpu_stress,productcatalogservice,2026-06-09 16:25:00,2026-06-09 16:40:00,pre_fault,0.027502483,0
2026-06-09 16:24:10,250,EXP_FAULT_05,RUN_05,cpu_stress,1,frontend,frontend-f05-00,online-boutique,node-a,0.793,83.5026,0,477.5468,0.001634,19.0866,14.1084,30.7388,35.1762,47.6656,477.0416,476.7663,0.7186,0.0619,412751.1508,451535.723,cpu_stress,productcatalogservice,2026-06-09 16:25:00,2026-06-09 16:40:00,pre_fault,0.078797884,0
2026-06-09 16:24:15,255,EXP_FAULT_05,RUN_05,cpu_stress,1,frontend,frontend-f05-00,online-boutique,node-a,0.7906,82.7159,0,478.016,0.001469,16.2258,12.4019,23.8052,32.6229,43.4483,477.6635,477.3137,0.6898,0.0125,559289.6544,493069.1465,cpu_stress,productcatalogservice,2026-06-09 16:25:00,2026-06-09 16:40:00,pre_fault,0.21240334,0
2026-06-09 16:24:20,260,EXP_FAULT_05,RUN_05,cpu_stress,1,frontend,frontend-f05-00,online-boutique,node-a,0.7376,83.9499,0,471.1869,0.000895,17.3563,12.1827,27.9783,30.7157,45.0342,470.9663,470.7654,0.275,0.1465,598459.6472,323106.3219,cpu_stress,productcatalogservice,2026-06-09 16:25:00,2026-06-09 16:40:00,pre_fault,0.17438623,0
2026-06-09 16:24:25,265,EXP_FAULT_05,RUN_05,cpu_stress,1,frontend,frontend-f05-00,online-boutique,node-a,0.8066,82.0579,0,483.5595,0.000622,19.2086,14.0398,30.7096,34.9231,45.4859,483.3728,483.2585,0.1692,0.1318,426449.28,428255.5031,cpu_stress,productcatalogservice,2026-06-09 16:25:00,2026-06-09 16:40:00,pre_fault,0.17699845,0
2026-06-09 16:24:30,270,EXP_FAULT_05,RUN_05,cpu_stress,1,frontend,frontend-f05-00,online-boutique,node-a,0.7873,80.9864,0,476.693,0.001482,18.4979,14.8493,29.7538,33.7436,52.5689,476.3681,475.9868,0.6878,0.0185,469838.6819,423411.1428,cpu_stress,productcatalogservice,2026-06-09 16:25:00,2026-06-09 16:40:00,pre_fault,0.07827339,0
2026-06-09 16:24:35,275,EXP_FAULT_05,RUN_05,cpu_stress,1,frontend,frontend-f05-00,online-boutique,node-a,0.7878,83.3243,0,452.171,0.000712,17.4191,12.2506,28.6929,31.8415,48.8553,452.0422,451.849,0.2736,0.0484,372676.537,433878.3906,cpu_stress,productcatalogservice,2026-06-09 16:25:00,2026-06-09 16:40:00,pre_fault,0.0203666,0
2026-06-09 16:24:40,280,EXP_FAULT_05,RUN_05,cpu_stress,1,frontend,frontend-f05-00,online-boutique,node-a,0.7541,83.3766,0,466.8606,0.001803,17.3333,12.7259,27.6486,33.6716,42.6687,466.3588,466.0187,0.708,0.1339,575012.268,478209.3634,cpu_stress,productcatalogservice,2026-06-09 16:25:00,2026-06-09 16:40:00,pre_fault,0.14722578,0
2026-06-09 16:24:45,285,EXP_FAULT_05,RUN_05,cpu_stress,1,frontend,frontend-f05-00,online-boutique,node-a,0.7886,82.6037,0,469.0087,0.001546,18.1684,13.3981,27.099,35.1871,49.9572,468.694,468.2837,0.593,0.132,564752.861,419754.024,cpu_stress,productcatalogservice,2026-06-09 16:25:00,2026-06-09 16:40:00,pre_fault,0.011362764,0
2026-06-09 16:24:50,290,EXP_FAULT_05,RUN_05,cpu_stress,1,frontend,frontend-f05-00,online-boutique,node-a,0.8177,82.3087,0,461.9776,0.001366,19.0849,14.0598,27.888,36.0821,53.4662,461.5841,461.3467,0.5931,0.0378,398586.0284,309676.5707,cpu_stress,productcatalogservice,2026-06-09 16:25:00,2026-06-09 16:40:00,pre_fault,0.41084662,0
2026-06-09 16:24:55,295,EXP_FAULT_05,RUN_05,cpu_stress,1,frontend,frontend-f05-00,online-boutique,node-a,0.7901,84.0893,0,459.7045,0.001242,18.0398,13.6363,27.0611,33.6605,50.0148,459.3646,459.1335,0.5471,0.0239,510483.0562,408808.4945,cpu_stress,productcatalogservice,2026-06-09 16:25:00,2026-06-09 16:40:00,pre_fault,0.053580254,0
2026-06-09 16:25:00,300,EXP_FAULT_05,RUN_05,cpu_stress,1,frontend,frontend-f05-00,online-boutique,node-a,0.9512,84.4288,0,441.1415,0.001545,37.4955,20.9785,79.7432,111.7855,230.3546,391.2504,440.4599,0.6594,0.0222,562338.8027,418273.5654,cpu_stress,productcatalogservice,2026-06-09 16:25:00,2026-06-09 16:40:00,during_fault,48.364876,1
2026-06-09 16:25:05,305,EXP_FAULT_05,RUN_05,cpu_stress,1,frontend,frontend-f05-00,online-boutique,node-a,0.9562,82.9096,0,440.2349,0.00172,40.6516,22.8293,81.5846,140.7817,252.4199,390.4876,439.4777,0.6852,0.072,514007.4107,360196.0773,cpu_stress,productcatalogservice,2026-06-09 16:25:00,2026-06-09 16:40:00,during_fault,64.336235,1
2026-06-09 16:25:10,310,EXP_FAULT_05,RUN_05,cpu_stress,1,frontend,frontend-f05-00,online-boutique,node-a,0.9775,83.4298,0,450.9523,0.001578,42.0017,23.0112,88.3371,128.0229,238.4952,400.4477,450.2406,0.5846,0.127,470264.5592,364733.0308,cpu_stress,productcatalogservice,2026-06-09 16:25:00,2026-06-09 16:40:00,during_fault,71.071884,1
2026-06-09 16:25:15,315,EXP_FAULT_05,RUN_05,cpu_stress,1,frontend,frontend-f05-00,online-boutique,node-a,0.9201,83.5418,0,444.2876,0.001785,38.411,20.4895,76.2501,127.0119,231.3421,395.0432,443.4947,0.6376,0.1553,584002.1592,457982.8424,cpu_stress,productcatalogservice,2026-06-09 16:25:00,2026-06-09 16:40:00,during_fault,50.060802,1
2026-06-09 16:25:20,320,EXP_FAULT_05,RUN_05,cpu_stress,1,frontend,frontend-f05-00,online-boutique,node-a,0.9497,83.6052,0,435.4058,0.001178,39.0045,20.2423,76.8928,117.4769,222.7272,387.9952,434.8929,0.4619,0.051,428659.4574,328849.7732,cpu_stress,productcatalogservice,2026-06-09 16:25:00,2026-06-09 16:40:00,during_fault,55.60211,1
2026-06-09 16:25:25,325,EXP_FAULT_05,RUN_05,cpu_stress,1,frontend,frontend-f05-00,online-boutique,node-a,1.0077,84.2833,0,426.1403,0.001297,37.1094,20.8036,79.438,117.0325,225.9858,380.3931,425.5878,0.4284,0.1241,524130.5532,443623.4198,cpu_stress,productcatalogservice,2026-06-09 16:25:00,2026-06-09 16:40:00,during_fault,53.54505,1
2026-06-09 16:25:30,330,EXP_FAULT_05,RUN_05,cpu_stress,1,frontend,frontend-f05-00,online-boutique,node-a,0.9432,81.7955,0,438.0884,0.001462,39.3948,20.1146,75.4557,129.6972,205.9321,391.9579,437.4481,0.6181,0.0222,484240.1632,366552.98,cpu_stress,productcatalogservice,2026-06-09 16:25:00,2026-06-09 16:40:00,during_fault,57.882256,1
2026-06-09 16:25:35,335,EXP_FAULT_05,RUN_05,cpu_stress,1,frontend,frontend-f05-00,online-boutique,node-a,0.8832,82.8485,0,425.3578,0.001753,37.7222,21.4502,78.0218,116.1251,198.133,381.6072,424.6122,0.655,0.0906,487581.2694,419528.2917,cpu_stress,productcatalogservice,2026-06-09 16:25:00,2026-06-09 16:40:00,during_fault,46.90104,1
2026-06-09 16:25:40,340,EXP_FAULT_05,RUN_05,cpu_stress,1,frontend,frontend-f05-00,online-boutique,node-a,0.9504,84.459,0,448.8862,0.001461,34.4626,18.1383,67.234,111.0295,197.3652,403.8043,448.2302,0.5599,0.096,410376.6339,349231.0863,cpu_stress,productcatalogservice,2026-06-09 16:25:00,2026-06-09 16:40:00,during_fault,35.61544,1
2026-06-09 16:25:45,345,EXP_FAULT_05,RUN_05,cpu_stress,1,frontend,frontend-f05-00,online-boutique,node-a,0.9389,83.0423,0,432.7581,0.001275,38.0709,21.4906,78.4894,112.0702,196.4205,390.5834,432.2065,0.4018,0.1499,517149.5317,419496.8366,cpu_stress,productcatalogservice,2026-06-09 16:25:00,2026-06-09 16:40:00,during_fault,51.304726,1
2026-06-09 16:25:50,350,EXP_FAULT_05,RUN_05,cpu_stress,1,frontend,frontend-f05-00,online-boutique,node-a,0.9499,81.7341,0,450.339,0.002149,35.9135,18.285,71.0227,102.639,178.2298,407.7494,449.3711,0.9126,0.0553,555114.1703,383975.5935,cpu_stress,productcatalogservice,2026-06-09 16:25:00,2026-06-09 16:40:00,during_fault,42.86641,1
2026-06-09 16:25:55,355,EXP_FAULT_05,RUN_05,cpu_stress,1,frontend,frontend-f05-00,online-boutique,node-a,0.9551,83.0786,0,446.9342,0.001587,35.881,21.1144,71.8303,101.1757,199.2669,406.1108,446.2247,0.6626,0.0468,589420.8712,351983.5644,cpu_stress,productcatalogservice,2026-06-09 16:25:00,2026-06-09 16:40:00,during_fault,42.232525,1
2026-06-09 16:26:00,360,EXP_FAULT_05,RUN_05,cpu_stress,1,frontend,frontend-f05-00,online-boutique,node-a,0.979,82.4673,0,437.7463,0.001483,35.2442,19.7416,71.4107,107.5712,186.9089,399.1965,437.0972,0.6207,0.0284,539053.6325,356565.9644,cpu_stress,productcatalogservice,2026-06-09 16:25:00,2026-06-09 16:40:00,during_fault,42.968166,1
2026-06-09 16:26:05,365,EXP_FAULT_05,RUN_05,cpu_stress,1,frontend,frontend-f05-00,online-boutique,node-a,0.9298,82.355,0,434.6607,0.001254,34.3816,19.4138,64.5741,95.5549,190.8649,397.8476,434.1155,0.5178,0.0274,459086.466,424487.0115,cpu_stress,productcatalogservice,2026-06-09 16:25:00,2026-06-09 16:40:00,during_fault,36.067924,1
2026-06-09 16:26:10,370,EXP_FAULT_05,RUN_05,cpu_stress,1,frontend,frontend-f05-00,online-boutique,node-a,0.9108,82.5906,0,440.7248,0.000908,34.8761,20.5815,61.9663,105.596,176.0592,404.9402,440.3247,0.3435,0.0566,548194.7525,402363.9902,cpu_stress,productcatalogservice,2026-06-09 16:25:00,2026-06-09 16:40:00,during_fault,35.493263,1
2026-06-09 16:26:15,375,EXP_FAULT_05,RUN_05,cpu_stress,1,frontend,frontend-f05-00,online-boutique,node-a,0.8909,81.1939,0,435.9063,0.001305,30.0781,17.6364,56.39,90.9536,152.0243,401.8823,435.3375,0.5637,0.005,448781.6328,390802.7299,cpu_stress,productcatalogservice,2026-06-09 16:25:00,2026-06-09 16:40:00,during_fault,20.382416,1
2026-06-09 16:26:20,380,EXP_FAULT_05,RUN_05,cpu_stress,1,frontend,frontend-f05-00,online-boutique,node-a,0.8609,83.1479,0,439.7318,0.002009,30.389,17.2555,53.0725,91.919,144.3863,406.6151,438.8484,0.7733,0.1101,464773.1097,295690.7349,cpu_stress,productcatalogservice,2026-06-09 16:25:00,2026-06-09 16:40:00,during_fault,19.111258,1
2026-06-09 16:26:25,385,EXP_FAULT_05,RUN_05,cpu_stress,1,frontend,frontend-f05-00,online-boutique,node-a,0.9597,83.6491,0,450.7585,0.000942,32.3114,18.1873,61.4275,97.3302,153.5063,418.3557,450.3338,0.2679,0.1567,510334.9866,324405.0517,cpu_stress,productcatalogservice,2026-06-09 16:25:00,2026-06-09 16:40:00,during_fault,28.92156,1
2026-06-09 16:26:30,390,EXP_FAULT_05,RUN_05,cpu_stress,1,frontend,frontend-f05-00,online-boutique,node-a,0.8648,82.4554,0,442.1707,0.001301,29.127,16.4981,54.0446,85.6144,148.6311,411.5935,441.5954,0.4728,0.1025,420371.9627,466485.3284,cpu_stress,productcatalogservice,2026-06-09 16:25:00,2026-06-09 16:40:00,during_fault,15.734465,1
2026-06-09 16:26:35,395,EXP_FAULT_05,RUN_05,cpu_stress,1,frontend,frontend-f05-00,online-boutique,node-a,0.8774,83.3813,0,450.1401,0.001639,28.9765,17.9288,57.7656,82.8631,136.9688,420.064,449.4024,0.7356,0.0021,437667.8134,388642.4218,cpu_stress,productcatalogservice,2026-06-09 16:25:00,2026-06-09 16:40:00,during_fault,15.320643,1
2026-06-09 16:26:40,400,EXP_FAULT_05,RUN_05,cpu_stress,1,frontend,frontend-f05-00,online-boutique,node-a,0.8833,83.6399,0,459.9874,0.000638,29.7316,16.8775,54.208,85.9874,139.4241,430.4829,459.6941,0.2179,0.0754,531154.7658,415057.2523,cpu_stress,productcatalogservice,2026-06-09 16:25:00,2026-06-09 16:40:00,during_fault,16.241161,1
2026-06-09 16:26:45,405,EXP_FAULT_05,RUN_05,cpu_stress,1,frontend,frontend-f05-00,online-boutique,node-a,0.824,82.6083,0,469.5588,0.001849,28.0966,16.4474,52.9575,78.0082,138.8029,440.1658,468.6906,0.8137,0.0545,589684.1004,390910.3954,cpu_stress,productcatalogservice,2026-06-09 16:25:00,2026-06-09 16:40:00,during_fault,10.556364,1
2026-06-09 16:26:50,410,EXP_FAULT_05,RUN_05,cpu_stress,1,frontend,frontend-f05-00,online-boutique,node-a,0.9372,82.733,0,443.3495,0.000791,30.3851,17.6489,56.1193,85.3534,124.339,416.5904,442.999,0.2742,0.0763,428076.4078,444081.9862,cpu_stress,productcatalogservice,2026-06-09 16:25:00,2026-06-09 16:40:00,during_fault,22.636732,1
2026-06-09 16:26:55,415,EXP_FAULT_05,RUN_05,cpu_stress,1,frontend,frontend-f05-00,online-boutique,node-a,0.8371,83.9922,0,441.9538,0.001992,27.6185,17.4326,49.0875,77.3527,124.1564,415.4947,441.0732,0.7453,0.1352,501469.6415,451605.9243,cpu_stress,productcatalogservice,2026-06-09 16:25:00,2026-06-09 16:40:00,during_fault,11.325201,1
2026-06-09 16:27:00,420,EXP_FAULT_05,RUN_05,cpu_stress,1,frontend,frontend-f05-00,online-boutique,node-a,0.8464,82.2752,0,434.7225,0.000713,26.7352,17.5409,48.9591,70.5118,125.5379,409.47,434.4126,0.2006,0.1094,471629.3441,348932.5181,cpu_stress,productcatalogservice,2026-06-09 16:25:00,2026-06-09 16:40:00,during_fault,10.2333975,1
2026-06-09 16:27:05,425,EXP_FAULT_05,RUN_05,cpu_stress,1,frontend,frontend-f05-00,online-boutique,node-a,0.8539,84.126,0,440.1498,0.001035,28.9495,16.2755,53.1832,76.9715,115.1897,414.79,439.6944,0.3279,0.1274,549948.2678,322241.6709,cpu_stress,productcatalogservice,2026-06-09 16:25:00,2026-06-09 16:40:00,during_fault,14.358043,1
2026-06-09 16:27:10,430,EXP_FAULT_05,RUN_05,cpu_stress,1,frontend,frontend-f05-00,online-boutique,node-a,0.8384,82.7911,0,442.0711,0.001398,29.8713,18.7054,51.1883,83.4837,135.7416,416.6578,441.4533,0.5597,0.0581,383249.8489,373223.3881,cpu_stress,productcatalogservice,2026-06-09 16:25:00,2026-06-09 16:40:00,during_fault,16.263607,1
2026-06-09 16:27:15,435,EXP_FAULT_05,RUN_05,cpu_stress,1,frontend,frontend-f05-00,online-boutique,node-a,0.9178,83.0946,0,436.7128,0.001653,27.3962,17.2424,52.8115,72.2591,128.1199,411.3298,435.9907,0.6253,0.0968,553555.8982,438633.2161,cpu_stress,productcatalogservice,2026-06-09 16:25:00,2026-06-09 16:40:00,during_fault,14.72096,1
2026-06-09 16:27:20,440,EXP_FAULT_05,RUN_05,cpu_stress,1,frontend,frontend-f05-00,online-boutique,node-a,0.8783,82.3403,0,433.341,0.000911,30.7516,18.9659,52.7439,79.5995,148.4255,408.1542,432.9461,0.2851,0.1097,460442.5304,349597.4943,cpu_stress,productcatalogservice,2026-06-09 16:25:00,2026-06-09 16:40:00,during_fault,21.15564,1
2026-06-09 16:27:25,445,EXP_FAULT_05,RUN_05,cpu_stress,1,frontend,frontend-f05-00,online-boutique,node-a,0.8059,84.0506,0,441.2144,0.002122,25.15,14.9143,43.9578,70.2351,101.0727,414.9602,440.278,0.8212,0.1152,518321.2812,305748.3828,cpu_stress,productcatalogservice,2026-06-09 16:25:00,2026-06-09 16:40:00,during_fault,6.527749,1
2026-06-09 16:27:30,450,EXP_FAULT_05,RUN_05,cpu_stress,1,frontend,frontend-f05-00,online-boutique,node-a,0.8749,83.7103,0,437.2379,0.001195,26.043,15.6062,48.3736,72.7743,110.948,410.7268,436.7154,0.4749,0.0475,537385.8103,436365.7864,cpu_stress,productcatalogservice,2026-06-09 16:25:00,2026-06-09 16:40:00,during_fault,9.724022,1
2026-06-09 16:27:35,455,EXP_FAULT_05,RUN_05,cpu_stress,1,frontend,frontend-f05-00,online-boutique,node-a,0.9065,84.3746,0,431.3438,0.001514,27.5578,16.1242,48.2622,72.8922,129.6244,404.2905,430.6906,0.6528,0.0004,486946.8086,404573.8169,cpu_stress,productcatalogservice,2026-06-09 16:25:00,2026-06-09 16:40:00,during_fault,14.51442,1
2026-06-09 16:27:40,460,EXP_FAULT_05,RUN_05,cpu_stress,1,frontend,frontend-f05-00,online-boutique,node-a,0.8493,82.1104,0,428.1079,0.0015,29.76,18.0894,50.9364,76.2697,145.1149,400.4013,427.4659,0.5206,0.1214,542988.8376,392404.7359,cpu_stress,productcatalogservice,2026-06-09 16:25:00,2026-06-09 16:40:00,during_fault,17.790913,1
2026-06-09 16:27:45,465,EXP_FAULT_05,RUN_05,cpu_stress,1,frontend,frontend-f05-00,online-boutique,node-a,0.8611,82.2136,0,426.0396,0.001757,31.6806,19.9459,58.2067,93.0952,155.7508,397.6096,425.2911,0.6094,0.1391,401527.5889,392290.847,cpu_stress,productcatalogservice,2026-06-09 16:25:00,2026-06-09 16:40:00,during_fault,24.022373,1
2026-06-09 16:27:50,470,EXP_FAULT_05,RUN_05,cpu_stress,1,frontend,frontend-f05-00,online-boutique,node-a,0.8641,83.0882,0,410.3585,0.000862,31.6199,19.5849,60.5769,83.6782,160.6689,382.0117,410.0047,0.3219,0.032,441283.2285,348983.2848,cpu_stress,productcatalogservice,2026-06-09 16:25:00,2026-06-09 16:40:00,during_fault,24.502289,1
2026-06-09 16:27:55,475,EXP_FAULT_05,RUN_05,cpu_stress,1,frontend,frontend-f05-00,online-boutique,node-a,0.8953,83.4715,0,424.1052,0.001615,30.2376,17.7611,60.1223,78.9694,153.7609,393.4711,423.4201,0.6775,0.0076,428931.9375,381251.0443,cpu_stress,productcatalogservice,2026-06-09 16:25:00,2026-06-09 16:40:00,during_fault,21.409927,1
2026-06-09 16:28:00,480,EXP_FAULT_05,RUN_05,cpu_stress,1,frontend,frontend-f05-00,online-boutique,node-a,0.884,82.6178,0,414.2273,0.001223,33.362,20.0908,58.4917,94.8497,160.2206,383.2131,413.7208,0.4259,0.0806,412361.8907,432009.7654,cpu_stress,productcatalogservice,2026-06-09 16:25:00,2026-06-09 16:40:00,during_fault,31.281147,1
2026-06-09 16:28:05,485,EXP_FAULT_05,RUN_05,cpu_stress,1,frontend,frontend-f05-00,online-boutique,node-a,0.9247,84.1702,0,412.2639,0.00225,31.0496,17.3341,55.0086,82.2882,154.8479,379.8777,411.3364,0.8393,0.0882,368538.0392,307012.6491,cpu_stress,productcatalogservice,2026-06-09 16:25:00,2026-06-09 16:40:00,during_fault,26.873821,1
2026-06-09 16:28:10,490,EXP_FAULT_05,RUN_05,cpu_stress,1,frontend,frontend-f05-00,online-boutique,node-a,0.858,83.3343,0,410.572,0.001046,34.0931,20.1732,67.9125,94.0484,179.3564,377.1736,410.1427,0.3856,0.0438,416506.1047,293991.7738,cpu_stress,productcatalogservice,2026-06-09 16:25:00,2026-06-09 16:40:00,during_fault,32.032825,1
2026-06-09 16:28:15,495,EXP_FAULT_05,RUN_05,cpu_stress,1,frontend,frontend-f05-00,online-boutique,node-a,0.8588,82.7173,0,397.2949,0.002275,32.857,17.2929,61.5054,93.2319,165.5739,363.4843,396.3911,0.786,0.1178,489061.2838,391577.6409,cpu_stress,productcatalogservice,2026-06-09 16:25:00,2026-06-09 16:40:00,during_fault,31.56895,1
2026-06-09 16:28:20,500,EXP_FAULT_05,RUN_05,cpu_stress,1,frontend,frontend-f05-00,online-boutique,node-a,0.8675,83.5516,0,408.4605,0.001417,32.8957,17.0649,67.1125,104.7487,181.8524,372.5841,407.8818,0.4648,0.1139,504793.0507,386785.0027,cpu_stress,productcatalogservice,2026-06-09 16:25:00,2026-06-09 16:40:00,during_fault,28.963032,1
2026-06-09 16:28:25,505,EXP_FAULT_05,RUN_05,cpu_stress,1,frontend,frontend-f05-00,online-boutique,node-a,0.867,85.7862,0,406.4243,0.001995,34.6628,18.8789,62.5386,99.3655,197.3086,369.1767,405.6136,0.7083,0.1024,443123.2805,317513.9293,cpu_stress,productcatalogservice,2026-06-09 16:25:00,2026-06-09 16:40:00,during_fault,34.661243,1
2026-06-09 16:28:30,510,EXP_FAULT_05,RUN_05,cpu_stress,1,frontend,frontend-f05-00,online-boutique,node-a,0.9485,84.6091,0,401.0984,0.001038,36.3377,19.3128,71.7064,111.9863,177.8125,363.2686,400.682,0.336,0.0803,462126.6566,350644.4374,cpu_stress,productcatalogservice,2026-06-09 16:25:00,2026-06-09 16:40:00,during_fault,47.67299,1
2026-06-09 16:28:35,515,EXP_FAULT_05,RUN_05,cpu_stress,1,frontend,frontend-f05-00,online-boutique,node-a,0.9317,84.7322,0,415.6527,0.002009,35.8439,19.2603,70.2325,109.1747,184.8088,375.1172,414.8175,0.7471,0.088,392499.6368,344280.2861,cpu_stress,productcatalogservice,2026-06-09 16:25:00,2026-06-09 16:40:00,during_fault,43.384686,1
2026-06-09 16:28:40,520,EXP_FAULT_05,RUN_05,cpu_stress,1,frontend,frontend-f05-00,online-boutique,node-a,0.9276,82.9265,0,417.6558,0.001612,37.6878,19.5712,72.6594,113.0517,224.7683,375.6754,416.9824,0.6195,0.0539,523288.721,300079.3507,cpu_stress,productcatalogservice,2026-06-09 16:25:00,2026-06-09 16:40:00,during_fault,50.989872,1
2026-06-09 16:28:45,525,EXP_FAULT_05,RUN_05,cpu_stress,1,frontend,frontend-f05-00,online-boutique,node-a,0.9504,84.3604,0,404.1254,0.000943,36.0403,20.0729,68.6438,104.2659,192.2814,362.7039,403.7445,0.373,0.0079,345928.1826,337608.457,cpu_stress,productcatalogservice,2026-06-09 16:25:00,2026-06-09 16:40:00,during_fault,46.31406,1
2026-06-09 16:28:50,530,EXP_FAULT_05,RUN_05,cpu_stress,1,frontend,frontend-f05-00,online-boutique,node-a,0.8661,85.2163,0,414.2305,0.001925,36.0215,17.8041,70.6037,121.4712,185.2487,370.5525,413.4333,0.7748,0.0224,376114.7649,309297.4639,cpu_stress,productcatalogservice,2026-06-09 16:25:00,2026-06-09 16:40:00,during_fault,38.999462,1
2026-06-09 16:28:55,535,EXP_FAULT_05,RUN_05,cpu_stress,1,frontend,frontend-f05-00,online-boutique,node-a,0.9701,82.9505,0,414.6429,0.002117,37.4036,20.805,75.5728,126.1229,228.8234,370.0648,413.7652,0.7767,0.1011,478779.8916,283275.4874,cpu_stress,productcatalogservice,2026-06-09 16:25:00,2026-06-09 16:40:00,during_fault,54.40162,1
2026-06-09 16:29:00,540,EXP_FAULT_05,RUN_05,cpu_stress,1,frontend,frontend-f05-00,online-boutique,node-a,0.9138,84.0438,0,411.539,0.001114,37.4672,20.0079,79.7385,120.9382,220.4868,366.651,411.0803,0.3361,0.1225,530848.213,320190.6917,cpu_stress,productcatalogservice,2026-06-09 16:25:00,2026-06-09 16:40:00,during_fault,48.5447,1
2026-06-09 16:29:05,545,EXP_FAULT_05,RUN_05,cpu_stress,1,frontend,frontend-f05-00,online-boutique,node-a,0.9203,82.9135,0,416.3154,0.001382,36.6234,19.9998,79.0112,117.5994,218.855,370.2294,415.74,0.5115,0.0639,424640.009,362866.6544,cpu_stress,productcatalogservice,2026-06-09 16:25:00,2026-06-09 16:40:00,during_fault,45.850296,1
2026-06-09 16:29:10,550,EXP_FAULT_05,RUN_05,cpu_stress,1,frontend,frontend-f05-00,online-boutique,node-a,0.9259,81.6892,0,410.4349,0.001383,40.953,22.1309,81.1106,131.5633,218.5258,364.5344,409.8674,0.4715,0.096,448567.3742,283865.4555,cpu_stress,productcatalogservice,2026-06-09 16:25:00,2026-06-09 16:40:00,during_fault,67.603134,1
2026-06-09 16:29:15,555,EXP_FAULT_05,RUN_05,cpu_stress,1,frontend,frontend-f05-00,online-boutique,node-a,0.9296,82.6331,0,422.7765,0.001305,40.4543,21.4375,86.5767,135.1062,253.5129,375.139,422.2249,0.4603,0.0913,487477.8712,400438.0542,cpu_stress,productcatalogservice,2026-06-09 16:25:00,2026-06-09 16:40:00,during_fault,63.013435,1
2026-06-09 16:29:20,560,EXP_FAULT_05,RUN_05,cpu_stress,1,frontend,frontend-f05-00,online-boutique,node-a,0.9955,82.0418,0,417.2491,0.000575,44.2259,21.3498,83.912,136.9296,284.3161,370.2373,417.0092,0.2078,0.0321,520567.3193,292046.7789,cpu_stress,productcatalogservice,2026-06-09 16:25:00,2026-06-09 16:40:00,during_fault,90.08392,1
2026-06-09 16:29:25,565,EXP_FAULT_05,RUN_05,cpu_stress,1,frontend,frontend-f05-00,online-boutique,node-a,0.9128,82.9616,0,424.1826,0.001029,35.5206,18.2859,76.8672,116.4535,211.6804,376.3967,423.7462,0.3527,0.0838,475493.2263,371904.529,cpu_stress,productcatalogservice,2026-06-09 16:25:00,2026-06-09 16:40:00,during_fault,39.70248,1
2026-06-09 16:29:30,570,EXP_FAULT_05,RUN_05,cpu_stress,1,frontend,frontend-f05-00,online-boutique,node-a,0.9654,82.8296,0,434.6262,0.002213,38.1865,20.7353,76.4091,131.1428,219.2132,385.6132,433.6643,0.9356,0.0263,405356.12,408948.1762,cpu_stress,productcatalogservice,2026-06-09 16:25:00,2026-06-09 16:40:00,during_fault,55.11146,1
2026-06-09 16:29:35,575,EXP_FAULT_05,RUN_05,cpu_stress,1,frontend,frontend-f05-00,online-boutique,node-a,0.8788,85.5792,0,426.4362,0.001062,39.5919,20.9892,75.0086,120.3829,231.4203,378.8464,425.9832,0.347,0.1059,485603.1092,317150.1801,cpu_stress,productcatalogservice,2026-06-09 16:25:00,2026-06-09 16:40:00,during_fault,52.082664,1
2026-06-09 16:29:40,580,EXP_FAULT_05,RUN_05,cpu_stress,1,frontend,frontend-f05-00,online-boutique,node-a,0.9277,83.3784,0,433.4907,0.001332,35.247,19.6441,71.8901,107.9411,215.7145,385.6213,432.9132,0.5008,0.0767,396199.4986,358403.1758,cpu_stress,productcatalogservice,2026-06-09 16:25:00,2026-06-09 16:40:00,during_fault,38.78873,1
2026-06-09 16:29:45,585,EXP_FAULT_05,RUN_05,cpu_stress,1,frontend,frontend-f05-00,online-boutique,node-a,0.9645,84.6797,0,433.0524,0.001078,39.9041,19.6942,85.8633,122.3528,239.7181,385.8615,432.5857,0.317,0.1497,509152.8493,379161.745,cpu_stress,productcatalogservice,2026-06-09 16:25:00,2026-06-09 16:40:00,during_fault,60.656525,1
2026-06-09 16:29:50,590,EXP_FAULT_05,RUN_05,cpu_stress,1,frontend,frontend-f05-00,online-boutique,node-a,0.9326,84.1605,0,428.8299,0.002244,39.3254,20.5992,75.7976,115.465,246.5328,382.7864,427.8677,0.8384,0.1237,573957.5421,356774.7228,cpu_stress,productcatalogservice,2026-06-09 16:25:00,2026-06-09 16:40:00,during_fault,57.372902,1
2026-06-09 16:29:55,595,EXP_FAULT_05,RUN_05,cpu_stress,1,frontend,frontend-f05-00,online-boutique,node-a,0.9965,83.4022,0,442.3536,0.002079,40.9074,21.1138,78.1169,120.5741,215.7276,395.7593,441.4339,0.8123,0.1074,493480.5408,384531.1429,cpu_stress,productcatalogservice,2026-06-09 16:25:00,2026-06-09 16:40:00,during_fault,69.4094,1
2026-06-09 16:30:00,600,EXP_FAULT_05,RUN_05,cpu_stress,1,frontend,frontend-f05-00,online-boutique,node-a,0.9656,83.4772,0,437.0987,0.000793,38.4369,19.0835,79.8873,114.667,213.5916,392.2447,436.7523,0.2457,0.1008,365593.7152,325965.9016,cpu_stress,productcatalogservice,2026-06-09 16:25:00,2026-06-09 16:40:00,during_fault,54.01356,1
2026-06-09 16:30:05,605,EXP_FAULT_05,RUN_05,cpu_stress,1,frontend,frontend-f05-00,online-boutique,node-a,0.9416,83.5213,0,428.6347,0.002315,34.6227,18.5813,70.951,106.362,201.8223,385.5234,427.6424,0.8762,0.1161,413209.377,405257.8977,cpu_stress,productcatalogservice,2026-06-09 16:25:00,2026-06-09 16:40:00,during_fault,38.952072,1
2026-06-09 16:30:10,610,EXP_FAULT_05,RUN_05,cpu_stress,1,frontend,frontend-f05-00,online-boutique,node-a,0.9295,82.9294,0,443.9859,0.001677,36.5703,19.6222,68.2279,108.4236,208.2525,400.7667,443.2412,0.5966,0.1481,453324.2688,322080.1033,cpu_stress,productcatalogservice,2026-06-09 16:25:00,2026-06-09 16:40:00,during_fault,43.426025,1
2026-06-09 16:30:15,615,EXP_FAULT_05,RUN_05,cpu_stress,1,frontend,frontend-f05-00,online-boutique,node-a,0.8934,83.4087,0,435.9816,0.002086,35.6999,18.8665,65.727,103.0185,178.4294,394.7211,435.0719,0.7742,0.1354,466721.8615,375812.6045,cpu_stress,productcatalogservice,2026-06-09 16:25:00,2026-06-09 16:40:00,during_fault,38.45826,1
2026-06-09 16:30:20,620,EXP_FAULT_05,RUN_05,cpu_stress,1,frontend,frontend-f05-00,online-boutique,node-a,0.8851,85.3853,0,430.3554,0.001344,36.9457,20.8437,66.4406,111.1907,209.9927,391.1508,429.7768,0.574,0.0046,527772.1475,379384.3444,cpu_stress,productcatalogservice,2026-06-09 16:25:00,2026-06-09 16:40:00,during_fault,41.462257,1
2026-06-09 16:30:25,625,EXP_FAULT_05,RUN_05,cpu_stress,1,frontend,frontend-f05-00,online-boutique,node-a,0.9198,83.7382,0,424.8504,0.001711,34.7577,19.1239,68.4977,98.164,182.205,387.4671,424.1234,0.7241,0.0029,392419.8596,432641.6537,cpu_stress,productcatalogservice,2026-06-09 16:25:00,2026-06-09 16:40:00,during_fault,37.473843,1
2026-06-09 16:30:30,630,EXP_FAULT_05,RUN_05,cpu_stress,1,frontend,frontend-f05-00,online-boutique,node-a,0.9075,83.1428,0,424.1467,0.001829,33.2539,18.1375,60.7079,96.6415,181.9775,388.1361,423.3709,0.7119,0.0639,447190.8794,280873.5419,cpu_stress,productcatalogservice,2026-06-09 16:25:00,2026-06-09 16:40:00,during_fault,31.730993,1
2026-06-09 16:30:35,635,EXP_FAULT_05,RUN_05,cpu_stress,1,frontend,frontend-f05-00,online-boutique,node-a,0.8619,82.1767,0,413.3129,0.000445,32.3364,17.7639,59.5779,98.9158,157.6372,379.8181,413.1289,0.1548,0.0293,409749.4745,321847.6368,cpu_stress,productcatalogservice,2026-06-09 16:25:00,2026-06-09 16:40:00,during_fault,26.520931,1
2026-06-09 16:30:40,640,EXP_FAULT_05,RUN_05,cpu_stress,1,frontend,frontend-f05-00,online-boutique,node-a,0.9551,82.1763,0,414.4794,0.001795,30.8521,16.6036,58.3526,93.2749,162.8033,381.9295,413.7353,0.7398,0.0043,497942.976,392780.1958,cpu_stress,productcatalogservice,2026-06-09 16:25:00,2026-06-09 16:40:00,during_fault,28.472162,1
2026-06-09 16:30:45,645,EXP_FAULT_05,RUN_05,cpu_stress,1,frontend,frontend-f05-00,online-boutique,node-a,0.9406,82.8056,0,439.7971,0.001622,32.8504,18.5029,62.5043,95.474,150.2147,406.645,439.0836,0.617,0.0966,551598.343,388928.3371,cpu_stress,productcatalogservice,2026-06-09 16:25:00,2026-06-09 16:40:00,during_fault,31.107147,1
2026-06-09 16:30:50,650,EXP_FAULT_05,RUN_05,cpu_stress,1,frontend,frontend-f05-00,online-boutique,node-a,0.9465,84.004,0,430.0097,0.002104,31.2173,16.8023,58.5066,84.5049,152.6424,398.668,429.1048,0.7626,0.1423,440173.2484,355754.4032,cpu_stress,productcatalogservice,2026-06-09 16:25:00,2026-06-09 16:40:00,during_fault,27.124506,1
2026-06-09 16:30:55,655,EXP_FAULT_05,RUN_05,cpu_stress,1,frontend,frontend-f05-00,online-boutique,node-a,0.8838,82.4885,0,421.5094,0.001382,29.3358,17.3776,53.7339,83.321,129.0801,392.3199,420.9267,0.5126,0.0701,555925.8719,301910.6684,cpu_stress,productcatalogservice,2026-06-09 16:25:00,2026-06-09 16:40:00,during_fault,18.765991,1
2026-06-09 16:31:00,660,EXP_FAULT_05,RUN_05,cpu_stress,1,frontend,frontend-f05-00,online-boutique,node-a,0.8643,84.962,0,420.9886,0.000861,28.3121,17.9897,53.0583,81.6606,132.3188,392.9958,420.6262,0.3221,0.0402,539652.2764,318038.1944,cpu_stress,productcatalogservice,2026-06-09 16:25:00,2026-06-09 16:40:00,during_fault,14.474881,1
2026-06-09 16:31:05,665,EXP_FAULT_05,RUN_05,cpu_stress,1,frontend,frontend-f05-00,online-boutique,node-a,0.8867,84.4386,0,408.8465,0.001855,28.301,16.4316,55.3275,71.5725,118.4951,382.4599,408.0881,0.6443,0.1141,523931.4099,377060.2797,cpu_stress,productcatalogservice,2026-06-09 16:25:00,2026-06-09 16:40:00,during_fault,16.964909,1
2026-06-09 16:31:10,670,EXP_FAULT_05,RUN_05,cpu_stress,1,frontend,frontend-f05-00,online-boutique,node-a,0.8494,85.1041,0,423.4453,0.001557,30.761,18.2414,54.1153,88.6442,148.0584,397.0673,422.7859,0.6424,0.017,499518.5095,385268.0554,cpu_stress,productcatalogservice,2026-06-09 16:25:00,2026-06-09 16:40:00,during_fault,19.776447,1
2026-06-09 16:31:15,675,EXP_FAULT_05,RUN_05,cpu_stress,1,frontend,frontend-f05-00,online-boutique,node-a,0.8266,84.0712,0,419.0607,0.002316,28.8024,18.5169,56.813,73.6396,125.2878,393.4779,418.0902,0.8257,0.1448,499892.7017,315333.2199,cpu_stress,productcatalogservice,2026-06-09 16:25:00,2026-06-09 16:40:00,during_fault,16.004002,1
2026-06-09 16:31:20,680,EXP_FAULT_05,RUN_05,cpu_stress,1,frontend,frontend-f05-00,online-boutique,node-a,0.837,82.0396,0,420.0705,0.000939,28.292,18.4173,53.4224,70.128,128.1931,395.22,419.6761,0.3943,0.0,488299.0003,414567.8928,cpu_stress,productcatalogservice,2026-06-09 16:25:00,2026-06-09 16:40:00,during_fault,14.077288,1
2026-06-09 16:31:25,685,EXP_FAULT_05,RUN_05,cpu_stress,1,frontend,frontend-f05-00,online-boutique,node-a,0.876,81.2524,0,411.2405,0.00183,28.0129,15.8232,52.4337,71.8296,132.3904,387.1325,410.4878,0.6982,0.0545,437467.0758,403390.2679,cpu_stress,productcatalogservice,2026-06-09 16:25:00,2026-06-09 16:40:00,during_fault,16.433367,1
2026-06-09 16:31:30,690,EXP_FAULT_05,RUN_05,cpu_stress,1,frontend,frontend-f05-00,online-boutique,node-a,0.8726,83.3174,0,406.1569,0.001784,29.5598,17.754,57.8279,72.1451,131.9859,382.499,405.4324,0.6607,0.0638,515735.5738,278591.9105,cpu_stress,productcatalogservice,2026-06-09 16:25:00,2026-06-09 16:40:00,during_fault,19.90224,1
2026-06-09 16:31:35,695,EXP_FAULT_05,RUN_05,cpu_stress,1,frontend,frontend-f05-00,online-boutique,node-a,0.8042,82.9927,0,414.1883,0.001157,26.7409,17.5581,47.7964,67.0862,109.9332,390.3646,413.7092,0.4334,0.0457,518240.2743,395729.3041,cpu_stress,productcatalogservice,2026-06-09 16:25:00,2026-06-09 16:40:00,during_fault,9.904354,1
2026-06-09 16:31:40,700,EXP_FAULT_05,RUN_05,cpu_stress,1,frontend,frontend-f05-00,online-boutique,node-a,0.8354,84.1877,0,434.0,0.000954,28.3175,17.6279,50.1659,71.198,128.6036,409.0648,433.5857,0.4037,0.0106,526875.9533,405984.144,cpu_stress,productcatalogservice,2026-06-09 16:25:00,2026-06-09 16:40:00,during_fault,12.535922,1
2026-06-09 16:31:45,705,EXP_FAULT_05,RUN_05,cpu_stress,1,frontend,frontend-f05-00,online-boutique,node-a,0.8857,81.6846,0,423.9303,0.001731,26.1103,16.0066,45.0315,64.1508,104.3319,399.0784,423.1965,0.5875,0.1464,535960.597,418410.6615,cpu_stress,productcatalogservice,2026-06-09 16:25:00,2026-06-09 16:40:00,during_fault,11.683878,1
2026-06-09 16:31:50,710,EXP_FAULT_05,RUN_05,cpu_stress,1,frontend,frontend-f05-00,online-boutique,node-a,0.8548,81.2311,0,413.6005,0.001625,28.2211,17.5923,50.0209,77.1468,126.0537,389.0215,412.9285,0.6044,0.0676,534744.1939,322493.6676,cpu_stress,productcatalogservice,2026-06-09 16:25:00,2026-06-09 16:40:00,during_fault,15.69277,1
2026-06-09 16:31:55,715,EXP_FAULT_05,RUN_05,cpu_stress,1,frontend,frontend-f05-00,online-boutique,node-a,0.8947,82.9902,0,410.8926,0.001727,27.2316,15.1785,50.7307,71.0956,131.4888,385.8635,410.1829,0.6614,0.0483,471586.7324,370834.4361,cpu_stress,productcatalogservice,2026-06-09 16:25:00,2026-06-09 16:40:00,during_fault,15.045636,1
2026-06-09 16:32:00,720,EXP_FAULT_05,RUN_05,cpu_stress,1,frontend,frontend-f05-00,online-boutique,node-a,0.8985,84.3133,0,422.635,0.00065,29.7761,17.7909,53.5624,75.3791,133.8036,396.3397,422.3604,0.2638,0.0108,527006.5115,439521.9005,cpu_stress,productcatalogservice,2026-06-09 16:25:00,2026-06-09 16:40:00,during_fault,19.839575,1
2026-06-09 16:32:05,725,EXP_FAULT_05,RUN_05,cpu_stress,1,frontend,frontend-f05-00,online-boutique,node-a,0.9232,84.2681,0,436.8173,0.001188,26.127,14.4853,51.8961,70.4421,120.9478,408.7429,436.2983,0.4219,0.0971,379301.6389,321434.2458,cpu_stress,productcatalogservice,2026-06-09 16:25:00,2026-06-09 16:40:00,during_fault,11.920131,1
2026-06-09 16:32:10,730,EXP_FAULT_05,RUN_05,cpu_stress,1,frontend,frontend-f05-00,online-boutique,node-a,0.8897,82.961,0,435.3275,0.000881,28.3846,17.8086,53.3798,79.1907,132.1599,406.3309,434.9438,0.3781,0.0056,458131.2815,360133.5388,cpu_stress,productcatalogservice,2026-06-09 16:25:00,2026-06-09 16:40:00,during_fault,15.429369,1
2026-06-09 16:32:15,735,EXP_FAULT_05,RUN_05,cpu_stress,1,frontend,frontend-f05-00,online-boutique,node-a,0.8768,83.6326,0,440.94,0.000965,31.3956,17.6332,57.438,82.6089,150.1828,410.3931,440.5143,0.3219,0.1037,408172.8759,337337.9132,cpu_stress,productcatalogservice,2026-06-09 16:25:00,2026-06-09 16:40:00,during_fault,21.785053,1
2026-06-09 16:32:20,740,EXP_FAULT_05,RUN_05,cpu_stress,1,frontend,frontend-f05-00,online-boutique,node-a,0.8649,83.1523,0,421.7464,0.001861,29.7847,16.6975,54.2538,87.3555,155.4878,391.239,420.9616,0.6722,0.1125,514853.9818,387981.1256,cpu_stress,productcatalogservice,2026-06-09 16:25:00,2026-06-09 16:40:00,during_fault,18.97949,1
2026-06-09 16:32:25,745,EXP_FAULT_05,RUN_05,cpu_stress,1,frontend,frontend-f05-00,online-boutique,node-a,0.9466,82.5883,0,438.8621,0.001004,32.4173,19.754,62.398,90.2578,159.517,406.043,438.4216,0.3957,0.0448,487317.1626,405144.3617,cpu_stress,productcatalogservice,2026-06-09 16:25:00,2026-06-09 16:40:00,during_fault,29.896017,1
2026-06-09 16:32:30,750,EXP_FAULT_05,RUN_05,cpu_stress,1,frontend,frontend-f05-00,online-boutique,node-a,0.9328,84.3509,0,442.8622,0.000987,31.608,19.0645,60.28,94.5583,156.2968,408.2848,442.4252,0.3372,0.0998,395281.9201,409605.8002,cpu_stress,productcatalogservice,2026-06-09 16:25:00,2026-06-09 16:40:00,during_fault,25.415586,1
2026-06-09 16:32:35,755,EXP_FAULT_05,RUN_05,cpu_stress,1,frontend,frontend-f05-00,online-boutique,node-a,0.8858,82.0052,0,449.9669,0.001778,31.9271,16.8244,58.9549,91.8491,172.2359,413.2013,449.167,0.6674,0.1325,474473.4833,354448.5779,cpu_stress,productcatalogservice,2026-06-09 16:25:00,2026-06-09 16:40:00,during_fault,24.206734,1
2026-06-09 16:32:40,760,EXP_FAULT_05,RUN_05,cpu_stress,1,frontend,frontend-f05-00,online-boutique,node-a,0.9518,83.3904,0,458.4906,0.001273,34.6917,20.2842,65.327,104.3803,192.319,419.6756,457.9069,0.4984,0.0853,437331.293,324526.4084,cpu_stress,productcatalogservice,2026-06-09 16:25:00,2026-06-09 16:40:00,during_fault,35.856255,1
2026-06-09 16:32:45,765,EXP_FAULT_05,RUN_05,cpu_stress,1,frontend,frontend-f05-00,online-boutique,node-a,0.9536,84.597,0,450.1467,0.001911,36.9245,20.4449,69.705,105.7987,197.9178,410.4976,449.2866,0.7039,0.1561,557839.4531,416746.8913,cpu_stress,productcatalogservice,2026-06-09 16:25:00,2026-06-09 16:40:00,during_fault,45.462006,1
2026-06-09 16:32:50,770,EXP_FAULT_05,RUN_05,cpu_stress,1,frontend,frontend-f05-00,online-boutique,node-a,0.9749,84.0416,0,460.9783,0.000886,34.9657,18.919,71.968,106.5074,169.2502,418.9867,460.5698,0.3214,0.0871,607571.8288,448302.1568,cpu_stress,productcatalogservice,2026-06-09 16:25:00,2026-06-09 16:40:00,during_fault,37.82363,1
2026-06-09 16:32:55,775,EXP_FAULT_05,RUN_05,cpu_stress,1,frontend,frontend-f05-00,online-boutique,node-a,0.9253,82.4634,0,466.928,0.001608,35.8672,19.3357,72.7045,103.0167,208.0994,422.8522,466.1771,0.6329,0.118,501071.5678,328278.2629,cpu_stress,productcatalogservice,2026-06-09 16:25:00,2026-06-09 16:40:00,during_fault,38.04018,1
2026-06-09 16:33:00,780,EXP_FAULT_05,RUN_05,cpu_stress,1,frontend,frontend-f05-00,online-boutique,node-a,0.9586,83.597,0,459.8863,0.001589,37.5913,20.494,74.476,123.6037,201.4279,415.1275,459.1554,0.5857,0.1452,440715.4813,387431.9208,cpu_stress,productcatalogservice,2026-06-09 16:25:00,2026-06-09 16:40:00,during_fault,47.634403,1
2026-06-09 16:33:05,785,EXP_FAULT_05,RUN_05,cpu_stress,1,frontend,frontend-f05-00,online-boutique,node-a,0.98,83.9101,0,466.9457,0.001913,37.493,19.1694,75.0621,120.8754,206.4712,420.0721,466.0523,0.757,0.1365,439565.0615,477372.1567,cpu_stress,productcatalogservice,2026-06-09 16:25:00,2026-06-09 16:40:00,during_fault,48.418816,1
2026-06-09 16:33:10,790,EXP_FAULT_05,RUN_05,cpu_stress,1,frontend,frontend-f05-00,online-boutique,node-a,0.9395,83.9479,0,459.6966,0.001771,39.205,20.8034,74.4688,122.0128,208.0452,412.3581,458.8826,0.7646,0.0494,406188.9404,384433.6778,cpu_stress,productcatalogservice,2026-06-09 16:25:00,2026-06-09 16:40:00,during_fault,52.97706,1
2026-06-09 16:33:15,795,EXP_FAULT_05,RUN_05,cpu_stress,1,frontend,frontend-f05-00,online-boutique,node-a,0.9871,83.7121,0,460.9697,0.001974,36.5287,20.2574,68.4631,107.8209,223.4982,412.4056,460.0598,0.7909,0.1189,570280.1618,318153.268,cpu_stress,productcatalogservice,2026-06-09 16:25:00,2026-06-09 16:40:00,during_fault,45.959633,1
2026-06-09 16:33:20,800,EXP_FAULT_05,RUN_05,cpu_stress,1,frontend,frontend-f05-00,online-boutique,node-a,1.0179,84.1874,0,465.0513,0.002322,41.3757,20.1953,85.3832,127.0113,238.0306,414.8196,463.9715,0.9391,0.1408,496377.545,339572.2679,cpu_stress,productcatalogservice,2026-06-09 16:25:00,2026-06-09 16:40:00,during_fault,70.58046,1
2026-06-09 16:33:25,805,EXP_FAULT_05,RUN_05,cpu_stress,1,frontend,frontend-f05-00,online-boutique,node-a,0.9889,84.6226,0,451.563,0.001339,42.9288,22.8768,84.2332,128.8137,238.6989,402.378,450.9585,0.5803,0.0242,445177.165,340221.3664,cpu_stress,productcatalogservice,2026-06-09 16:25:00,2026-06-09 16:40:00,during_fault,75.80404,1
2026-06-09 16:33:30,810,EXP_FAULT_05,RUN_05,cpu_stress,1,frontend,frontend-f05-00,online-boutique,node-a,0.9257,84.6992,0,469.5764,0.001267,41.9789,22.5972,87.6584,136.9138,252.9702,417.6685,468.9815,0.5471,0.0478,500137.0817,358033.7304,cpu_stress,productcatalogservice,2026-06-09 16:25:00,2026-06-09 16:40:00,during_fault,62.193047,1
2026-06-09 16:33:35,815,EXP_FAULT_05,RUN_05,cpu_stress,1,frontend,frontend-f05-00,online-boutique,node-a,0.9504,82.7238,0,461.3626,0.001089,41.9062,23.128,80.0452,141.9486,242.6301,409.9224,460.86,0.5018,0.0008,393796.6032,333222.698,cpu_stress,productcatalogservice,2026-06-09 16:25:00,2026-06-09 16:40:00,during_fault,66.36161,1
2026-06-09 16:33:40,820,EXP_FAULT_05,RUN_05,cpu_stress,1,frontend,frontend-f05-00,online-boutique,node-a,0.9868,83.6666,0,458.1823,0.001646,40.5124,21.8188,84.9179,121.2294,239.2211,406.4046,457.4283,0.621,0.133,394121.7833,310370.119,cpu_stress,productcatalogservice,2026-06-09 16:25:00,2026-06-09 16:40:00,during_fault,63.518166,1
2026-06-09 16:33:45,825,EXP_FAULT_05,RUN_05,cpu_stress,1,frontend,frontend-f05-00,online-boutique,node-a,0.9397,85.4348,0,457.2604,0.002097,37.7118,19.8547,75.8987,112.8074,226.2369,405.5947,456.3016,0.8879,0.0709,531145.8141,500592.3105,cpu_stress,productcatalogservice,2026-06-09 16:25:00,2026-06-09 16:40:00,during_fault,46.489765,1
2026-06-09 16:33:50,830,EXP_FAULT_05,RUN_05,cpu_stress,1,frontend,frontend-f05-00,online-boutique,node-a,0.9888,84.6508,0,456.4825,0.001928,38.8483,21.7692,78.8617,116.3093,235.6388,404.873,455.6022,0.8607,0.0195,506882.2454,329214.3443,cpu_stress,productcatalogservice,2026-06-09 16:25:00,2026-06-09 16:40:00,during_fault,55.98459,1
2026-06-09 16:33:55,835,EXP_FAULT_05,RUN_05,cpu_stress,1,frontend,frontend-f05-00,online-boutique,node-a,1.0122,84.7422,0,475.8377,0.001047,40.7546,21.4868,76.9671,140.286,219.9422,422.387,475.3396,0.4267,0.0714,595535.3826,398199.3846,cpu_stress,productcatalogservice,2026-06-09 16:25:00,2026-06-09 16:40:00,during_fault,63.379932,1
2026-06-09 16:34:00,840,EXP_FAULT_05,RUN_05,cpu_stress,1,frontend,frontend-f05-00,online-boutique,node-a,0.9961,81.3836,0,461.2309,0.001507,40.3572,20.5293,84.7871,120.9569,247.5884,409.7147,460.536,0.5353,0.1596,529693.6662,479336.5274,cpu_stress,productcatalogservice,2026-06-09 16:25:00,2026-06-09 16:40:00,during_fault,64.54213,1
2026-06-09 16:34:05,845,EXP_FAULT_05,RUN_05,cpu_stress,1,frontend,frontend-f05-00,online-boutique,node-a,0.9099,82.9965,0,454.3805,0.001955,41.4267,21.7632,84.8623,140.5996,256.5062,404.0759,453.492,0.7955,0.093,418899.7183,358706.5426,cpu_stress,productcatalogservice,2026-06-09 16:25:00,2026-06-09 16:40:00,during_fault,62.310143,1
2026-06-09 16:34:10,850,EXP_FAULT_05,RUN_05,cpu_stress,1,frontend,frontend-f05-00,online-boutique,node-a,0.9989,85.0077,0,464.6375,0.001699,38.0764,21.086,72.2985,114.3415,223.7107,413.7729,463.8481,0.6995,0.09,533841.9395,419611.3082,cpu_stress,productcatalogservice,2026-06-09 16:25:00,2026-06-09 16:40:00,during_fault,52.029377,1
2026-06-09 16:34:15,855,EXP_FAULT_05,RUN_05,cpu_stress,1,frontend,frontend-f05-00,online-boutique,node-a,0.9374,86.2555,0,452.1533,0.001575,38.7931,20.4515,75.3605,119.0088,235.4317,403.5804,451.4412,0.6858,0.0263,545449.5017,396540.3531,cpu_stress,productcatalogservice,2026-06-09 16:25:00,2026-06-09 16:40:00,during_fault,50.36861,1
2026-06-09 16:34:20,860,EXP_FAULT_05,RUN_05,cpu_stress,1,frontend,frontend-f05-00,online-boutique,node-a,0.9614,83.5746,0,456.7494,0.002471,39.0954,20.3628,81.2237,115.554,243.2888,408.547,455.6208,1.018,0.1106,590411.4372,413273.8527,cpu_stress,productcatalogservice,2026-06-09 16:25:00,2026-06-09 16:40:00,during_fault,55.96975,1
2026-06-09 16:34:25,865,EXP_FAULT_05,RUN_05,cpu_stress,1,frontend,frontend-f05-00,online-boutique,node-a,0.9545,84.9907,0,440.999,0.002533,37.9762,19.7851,76.5471,121.9158,221.32,395.5695,439.8819,0.9775,0.1396,458639.5475,443675.7416,cpu_stress,productcatalogservice,2026-06-09 16:25:00,2026-06-09 16:40:00,during_fault,51.65331,1
2026-06-09 16:34:30,870,EXP_FAULT_05,RUN_05,cpu_stress,1,frontend,frontend-f05-00,online-boutique,node-a,0.9598,83.0849,0,446.4944,0.001164,40.1396,22.706,76.5811,128.0408,206.3542,401.8671,445.9746,0.4659,0.0539,386531.8263,472563.5817,cpu_stress,productcatalogservice,2026-06-09 16:25:00,2026-06-09 16:40:00,during_fault,60.582752,1
2026-06-09 16:34:35,875,EXP_FAULT_05,RUN_05,cpu_stress,1,frontend,frontend-f05-00,online-boutique,node-a,0.8745,83.3352,0,447.2951,0.001191,37.3627,20.4071,76.4343,120.367,191.2703,403.7357,446.7623,0.3885,0.1443,449197.174,454279.4328,cpu_stress,productcatalogservice,2026-06-09 16:25:00,2026-06-09 16:40:00,during_fault,41.43004,1
2026-06-09 16:34:40,880,EXP_FAULT_05,RUN_05,cpu_stress,1,frontend,frontend-f05-00,online-boutique,node-a,0.9568,83.441,0,464.1714,0.001292,35.1524,17.8354,71.4278,111.9407,206.198,420.4567,463.5716,0.5995,0.0003,509087.5446,445345.1001,cpu_stress,productcatalogservice,2026-06-09 16:25:00,2026-06-09 16:40:00,during_fault,37.292316,1
2026-06-09 16:34:45,885,EXP_FAULT_05,RUN_05,cpu_stress,1,frontend,frontend-f05-00,online-boutique,node-a,0.95,85.5862,0,466.7535,0.001423,35.5928,18.3638,67.4013,102.781,192.62,424.2027,466.0895,0.6503,0.0137,575850.8431,451910.8405,cpu_stress,productcatalogservice,2026-06-09 16:25:00,2026-06-09 16:40:00,during_fault,37.226246,1
2026-06-09 16:34:50,890,EXP_FAULT_05,RUN_05,cpu_stress,1,frontend,frontend-f05-00,online-boutique,node-a,0.8391,82.7453,0,453.927,0.00164,33.0786,18.1088,65.6887,100.7176,182.9771,413.9468,453.1824,0.6788,0.0658,599336.612,424892.7625,cpu_stress,productcatalogservice,2026-06-09 16:25:00,2026-06-09 16:40:00,during_fault,24.370909,1
2026-06-09 16:34:55,895,EXP_FAULT_05,RUN_05,cpu_stress,1,frontend,frontend-f05-00,online-boutique,node-a,0.8735,84.1506,0,455.6089,0.000892,33.6324,17.538,61.5843,102.1401,168.1082,417.0765,455.2023,0.257,0.1496,509828.5152,311669.6182,cpu_stress,productcatalogservice,2026-06-09 16:25:00,2026-06-09 16:40:00,during_fault,26.707407,1
2026-06-09 16:35:00,900,EXP_FAULT_05,RUN_05,cpu_stress,1,frontend,frontend-f05-00,online-boutique,node-a,0.8959,83.6907,0,469.144,0.001048,30.794,16.8462,56.6082,82.9016,165.3902,431.007,468.6522,0.3924,0.0994,397842.827,318580.2848,cpu_stress,productcatalogservice,2026-06-09 16:25:00,2026-06-09 16:40:00,during_fault,18.97836,1
2026-06-09 16:35:05,905,EXP_FAULT_05,RUN_05,cpu_stress,1,frontend,frontend-f05-00,online-boutique,node-a,0.8952,82.9587,0,467.888,0.000974,32.8209,19.7677,63.9902,99.2937,150.2612,431.3947,467.4321,0.3508,0.105,413579.9645,355652.5964,cpu_stress,productcatalogservice,2026-06-09 16:25:00,2026-06-09 16:40:00,during_fault,24.954483,1
2026-06-09 16:35:10,910,EXP_FAULT_05,RUN_05,cpu_stress,1,frontend,frontend-f05-00,online-boutique,node-a,0.909,86.4445,0,469.189,0.00134,31.5583,17.3497,62.2624,89.7074,152.3203,433.9853,468.5601,0.5091,0.1198,522309.6257,330423.8277,cpu_stress,productcatalogservice,2026-06-09 16:25:00,2026-06-09 16:40:00,during_fault,21.010227,1
2026-06-09 16:35:15,915,EXP_FAULT_05,RUN_05,cpu_stress,1,frontend,frontend-f05-00,online-boutique,node-a,0.9681,83.9905,0,484.8194,0.001001,32.7205,17.8318,64.8247,98.3614,158.7504,449.9776,484.3342,0.3241,0.161,512847.6405,496068.2877,cpu_stress,productcatalogservice,2026-06-09 16:25:00,2026-06-09 16:40:00,during_fault,27.481024,1
2026-06-09 16:35:20,920,EXP_FAULT_05,RUN_05,cpu_stress,1,frontend,frontend-f05-00,online-boutique,node-a,0.9546,83.0673,0,482.2779,0.00157,28.0598,15.6443,50.9289,82.1483,126.5318,448.8427,481.5205,0.7403,0.0171,581067.9958,499434.5319,cpu_stress,productcatalogservice,2026-06-09 16:25:00,2026-06-09 16:40:00,during_fault,14.910977,1
2026-06-09 16:35:25,925,EXP_FAULT_05,RUN_05,cpu_stress,1,frontend,frontend-f05-00,online-boutique,node-a,0.9246,83.8287,0,480.2535,0.001104,30.5697,17.9044,56.1961,77.5434,140.551,448.1862,479.7234,0.3857,0.1445,598211.3925,497240.3866,cpu_stress,productcatalogservice,2026-06-09 16:25:00,2026-06-09 16:40:00,during_fault,19.143002,1
2026-06-09 16:35:30,930,EXP_FAULT_05,RUN_05,cpu_stress,1,frontend,frontend-f05-00,online-boutique,node-a,0.8948,85.1321,0,491.0089,0.00199,28.7362,18.0764,52.98,75.1965,142.5078,459.0581,490.0318,0.8185,0.1585,642817.179,326833.5263,cpu_stress,productcatalogservice,2026-06-09 16:25:00,2026-06-09 16:40:00,during_fault,12.66496,1
2026-06-09 16:35:35,935,EXP_FAULT_05,RUN_05,cpu_stress,1,frontend,frontend-f05-00,online-boutique,node-a,0.9212,83.4745,0,505.2506,0.000686,29.3411,17.4754,56.2303,79.9861,131.5836,473.8802,504.9039,0.3282,0.0184,555453.5603,532463.7517,cpu_stress,productcatalogservice,2026-06-09 16:25:00,2026-06-09 16:40:00,during_fault,14.213122,1
2026-06-09 16:35:40,940,EXP_FAULT_05,RUN_05,cpu_stress,1,frontend,frontend-f05-00,online-boutique,node-a,0.863,83.7894,0,480.5152,0.000698,27.8066,16.1821,47.3907,79.1836,126.2542,451.4683,480.1798,0.2626,0.0728,431507.4685,485288.5875,cpu_stress,productcatalogservice,2026-06-09 16:25:00,2026-06-09 16:40:00,during_fault,9.900737,1
2026-06-09 16:35:45,945,EXP_FAULT_05,RUN_05,cpu_stress,1,frontend,frontend-f05-00,online-boutique,node-a,0.8782,85.6909,0,495.029,0.001369,27.8291,17.2326,51.2293,69.3548,120.3598,465.5613,494.3513,0.6263,0.0514,594096.2077,436028.1927,cpu_stress,productcatalogservice,2026-06-09 16:25:00,2026-06-09 16:40:00,during_fault,9.498417,1
2026-06-09 16:35:50,950,EXP_FAULT_05,RUN_05,cpu_stress,1,frontend,frontend-f05-00,online-boutique,node-a,0.8985,83.1991,0,473.0176,0.001086,29.368,17.7904,51.7592,80.3406,126.3974,445.4563,472.5041,0.5035,0.01,427577.1262,345643.9637,cpu_stress,productcatalogservice,2026-06-09 16:25:00,2026-06-09 16:40:00,during_fault,15.491925,1
2026-06-09 16:35:55,955,EXP_FAULT_05,RUN_05,cpu_stress,1,frontend,frontend-f05-00,online-boutique,node-a,0.8776,83.0517,0,496.4961,0.001283,27.4223,17.1014,48.9395,76.8141,128.6314,467.7654,495.8591,0.6176,0.0194,610759.5141,495177.1393,cpu_stress,productcatalogservice,2026-06-09 16:25:00,2026-06-09 16:40:00,during_fault,9.2094755,1
2026-06-09 16:36:00,960,EXP_FAULT_05,RUN_05,cpu_stress,1,frontend,frontend-f05-00,online-boutique,node-a,0.8589,83.7587,0,518.5696,0.001821,29.0887,17.5114,50.1097,79.158,136.3756,488.4874,517.6252,0.8702,0.0742,590222.1781,460395.3994,cpu_stress,productcatalogservice,2026-06-09 16:25:00,2026-06-09 16:40:00,during_fault,10.545223,1
2026-06-09 16:36:05,965,EXP_FAULT_05,RUN_05,cpu_stress,1,frontend,frontend-f05-00,online-boutique,node-a,0.8535,85.0218,0,498.664,0.001811,27.4683,17.2992,53.14,68.2616,122.8785,469.6845,497.7608,0.8714,0.0319,589848.7493,394595.8234,cpu_stress,productcatalogservice,2026-06-09 16:25:00,2026-06-09 16:40:00,during_fault,8.096468,1
2026-06-09 16:36:10,970,EXP_FAULT_05,RUN_05,cpu_stress,1,frontend,frontend-f05-00,online-boutique,node-a,0.8986,83.6035,0,495.806,0.001297,25.8842,14.9894,47.9913,65.719,119.9461,466.9314,495.1627,0.4991,0.1441,417864.1484,414102.9293,cpu_stress,productcatalogservice,2026-06-09 16:25:00,2026-06-09 16:40:00,during_fault,7.322361,1
2026-06-09 16:36:15,975,EXP_FAULT_05,RUN_05,cpu_stress,1,frontend,frontend-f05-00,online-boutique,node-a,0.9158,84.8879,0,509.3743,0.001743,28.5119,18.1738,52.9978,80.4645,124.6578,478.9058,508.4866,0.7096,0.1781,557115.9852,520604.0872,cpu_stress,productcatalogservice,2026-06-09 16:25:00,2026-06-09 16:40:00,during_fault,11.911413,1
2026-06-09 16:36:20,980,EXP_FAULT_05,RUN_05,cpu_stress,1,frontend,frontend-f05-00,online-boutique,node-a,0.8428,82.7163,0,503.9366,0.001224,28.8395,16.6837,53.9985,81.8104,122.66,473.4097,503.3198,0.5078,0.109,447169.4808,527095.1226,cpu_stress,productcatalogservice,2026-06-09 16:25:00,2026-06-09 16:40:00,during_fault,10.211657,1
2026-06-09 16:36:25,985,EXP_FAULT_05,RUN_05,cpu_stress,1,frontend,frontend-f05-00,online-boutique,node-a,0.8282,84.7328,0,503.0246,0.001966,32.0302,18.2606,57.5239,92.209,143.5124,471.3545,502.0356,0.8509,0.1381,589206.3356,416557.8967,cpu_stress,productcatalogservice,2026-06-09 16:25:00,2026-06-09 16:40:00,during_fault,16.68483,1
2026-06-09 16:36:30,990,EXP_FAULT_05,RUN_05,cpu_stress,1,frontend,frontend-f05-00,online-boutique,node-a,0.9367,83.3306,0,494.0684,0.000854,29.8365,18.9285,58.2707,79.9259,126.1697,462.4003,493.6463,0.3747,0.0473,629708.0468,426899.8445,cpu_stress,productcatalogservice,2026-06-09 16:25:00,2026-06-09 16:40:00,during_fault,17.013668,1
2026-06-09 16:36:35,995,EXP_FAULT_05,RUN_05,cpu_stress,1,frontend,frontend-f05-00,online-boutique,node-a,0.8945,82.3711,0,496.0217,0.001816,30.8089,17.6849,57.3122,86.0407,141.5143,462.7135,495.1209,0.8209,0.0799,461327.2815,457289.7027,cpu_stress,productcatalogservice,2026-06-09 16:25:00,2026-06-09 16:40:00,during_fault,17.860764,1
2026-06-09 16:36:40,1000,EXP_FAULT_05,RUN_05,cpu_stress,1,frontend,frontend-f05-00,online-boutique,node-a,0.9275,83.0224,0,488.1089,0.000647,30.3556,17.9169,57.1278,80.9956,129.8345,454.4316,487.7931,0.3019,0.0139,606490.0788,360554.2884,cpu_stress,productcatalogservice,2026-06-09 16:25:00,2026-06-09 16:40:00,during_fault,18.253452,1
2026-06-09 16:36:45,1005,EXP_FAULT_05,RUN_05,cpu_stress,1,frontend,frontend-f05-00,online-boutique,node-a,0.9015,83.4044,0,477.1953,0.001132,32.1197,18.6748,61.5771,89.0863,159.0473,442.9476,476.6551,0.4734,0.0668,565076.3513,433829.4452,cpu_stress,productcatalogservice,2026-06-09 16:25:00,2026-06-09 16:40:00,during_fault,22.395931,1
2026-06-09 16:36:50,1010,EXP_FAULT_05,RUN_05,cpu_stress,1,frontend,frontend-f05-00,online-boutique,node-a,0.9294,84.5443,0,494.0407,0.001432,31.5985,18.5972,55.8135,90.2835,164.1453,457.0278,493.3332,0.5573,0.1501,448868.1342,339080.1554,cpu_stress,productcatalogservice,2026-06-09 16:25:00,2026-06-09 16:40:00,during_fault,21.009151,1
2026-06-09 16:36:55,1015,EXP_FAULT_05,RUN_05,cpu_stress,1,frontend,frontend-f05-00,online-boutique,node-a,0.9592,84.5935,0,464.6566,0.001845,30.4767,17.6177,57.3314,93.9857,161.4018,428.0699,463.7991,0.743,0.1145,494442.9048,418405.2374,cpu_stress,productcatalogservice,2026-06-09 16:25:00,2026-06-09 16:40:00,during_fault,22.3039,1
2026-06-09 16:37:00,1020,EXP_FAULT_05,RUN_05,cpu_stress,1,frontend,frontend-f05-00,online-boutique,node-a,0.9199,83.4236,0,470.8663,0.001233,32.8694,18.8469,66.9628,97.6858,165.525,432.5117,470.2856,0.503,0.0777,604039.0961,450272.9337,cpu_stress,productcatalogservice,2026-06-09 16:25:00,2026-06-09 16:40:00,during_fault,26.333746,1
2026-06-09 16:37:05,1025,EXP_FAULT_05,RUN_05,cpu_stress,1,frontend,frontend-f05-00,online-boutique,node-a,0.9195,83.0886,0,472.018,0.001045,32.2096,17.2334,64.3343,94.1735,155.5508,432.1779,471.5248,0.4768,0.0164,581527.2405,399509.4244,cpu_stress,productcatalogservice,2026-06-09 16:25:00,2026-06-09 16:40:00,during_fault,24.244017,1
2026-06-09 16:37:10,1030,EXP_FAULT_05,RUN_05,cpu_stress,1,frontend,frontend-f05-00,online-boutique,node-a,0.8665,84.5358,0,459.4111,0.00195,33.344,19.7739,61.8885,106.2943,179.3978,418.8936,458.5152,0.8141,0.0818,425976.1228,411224.7612,cpu_stress,productcatalogservice,2026-06-09 16:25:00,2026-06-09 16:40:00,during_fault,25.70963,1
2026-06-09 16:37:15,1035,EXP_FAULT_05,RUN_05,cpu_stress,1,frontend,frontend-f05-00,online-boutique,node-a,0.9644,81.7237,0,476.2001,0.001078,34.6537,18.7799,65.2338,103.8029,180.6936,432.8505,475.6867,0.5008,0.0126,482737.2366,328625.4758,cpu_stress,productcatalogservice,2026-06-09 16:25:00,2026-06-09 16:40:00,during_fault,35.44571,1
2026-06-09 16:37:20,1040,EXP_FAULT_05,RUN_05,cpu_stress,1,frontend,frontend-f05-00,online-boutique,node-a,0.8813,85.2878,0,472.8086,0.001839,38.6468,21.2161,74.1534,112.809,219.1764,428.0525,471.939,0.8227,0.0469,490916.852,330985.3547,cpu_stress,productcatalogservice,2026-06-09 16:25:00,2026-06-09 16:40:00,during_fault,43.789764,1
2026-06-09 16:37:25,1045,EXP_FAULT_05,RUN_05,cpu_stress,1,frontend,frontend-f05-00,online-boutique,node-a,0.945,83.3919,0,465.6825,0.001756,35.9241,20.5857,74.214,102.5173,195.4368,420.2887,464.8649,0.6653,0.1524,446382.2173,490262.8597,cpu_stress,productcatalogservice,2026-06-09 16:25:00,2026-06-09 16:40:00,during_fault,39.545925,1
2026-06-09 16:37:30,1050,EXP_FAULT_05,RUN_05,cpu_stress,1,frontend,frontend-f05-00,online-boutique,node-a,0.9013,84.3787,0,452.9024,0.000753,34.3852,19.5344,65.3502,106.2358,204.428,407.6732,452.5615,0.2874,0.0534,431993.6999,367160.4227,cpu_stress,productcatalogservice,2026-06-09 16:25:00,2026-06-09 16:40:00,during_fault,30.983297,1
2026-06-09 16:37:35,1055,EXP_FAULT_05,RUN_05,cpu_stress,1,frontend,frontend-f05-00,online-boutique,node-a,0.9051,84.1586,0,454.9248,0.00077,35.5528,18.2962,71.637,106.7573,184.4221,408.2503,454.5747,0.2964,0.0537,528638.9545,391179.0312,cpu_stress,productcatalogservice,2026-06-09 16:25:00,2026-06-09 16:40:00,during_fault,35.190483,1
2026-06-09 16:37:40,1060,EXP_FAULT_05,RUN_05,cpu_stress,1,frontend,frontend-f05-00,online-boutique,node-a,0.944,83.4861,0,459.3155,0.000935,35.6091,18.8108,72.654,112.8974,183.5252,411.0958,458.8859,0.4261,0.0035,436655.3045,416904.7221,cpu_stress,productcatalogservice,2026-06-09 16:25:00,2026-06-09 16:40:00,during_fault,38.216694,1
2026-06-09 16:37:45,1065,EXP_FAULT_05,RUN_05,cpu_stress,1,frontend,frontend-f05-00,online-boutique,node-a,0.8525,83.3416,0,461.2225,0.001911,39.623,21.2085,74.4863,124.0703,211.638,411.5473,460.3412,0.7371,0.1442,413731.9501,451520.2022,cpu_stress,productcatalogservice,2026-06-09 16:25:00,2026-06-09 16:40:00,during_fault,48.44665,1
2026-06-09 16:37:50,1070,EXP_FAULT_05,RUN_05,cpu_stress,1,frontend,frontend-f05-00,online-boutique,node-a,0.9776,84.6226,0,456.6897,0.001425,39.5005,22.3515,84.5271,129.0522,220.8536,406.7255,456.039,0.5406,0.1101,452035.5254,400127.6049,cpu_stress,productcatalogservice,2026-06-09 16:25:00,2026-06-09 16:40:00,during_fault,57.26304,1
2026-06-09 16:37:55,1075,EXP_FAULT_05,RUN_05,cpu_stress,1,frontend,frontend-f05-00,online-boutique,node-a,0.9453,81.6299,0,458.279,0.002158,41.8244,22.7425,81.2731,139.0062,225.0044,407.5609,457.2902,0.8399,0.1489,469149.578,385549.3158,cpu_stress,productcatalogservice,2026-06-09 16:25:00,2026-06-09 16:40:00,during_fault,68.17115,1
2026-06-09 16:38:00,1080,EXP_FAULT_05,RUN_05,cpu_stress,1,frontend,frontend-f05-00,online-boutique,node-a,1.0715,82.1548,0,437.4158,0.001877,39.8371,22.0992,77.5986,137.8598,250.7415,388.4984,436.5946,0.8169,0.0044,405687.0942,427725.4743,cpu_stress,productcatalogservice,2026-06-09 16:25:00,2026-06-09 16:40:00,during_fault,73.206924,1
2026-06-09 16:38:05,1085,EXP_FAULT_05,RUN_05,cpu_stress,1,frontend,frontend-f05-00,online-boutique,node-a,0.9543,85.0886,0,444.2458,0.001515,40.1771,22.139,76.0169,122.2837,248.5572,394.1879,443.573,0.5188,0.1541,512376.5974,426243.5248,cpu_stress,productcatalogservice,2026-06-09 16:25:00,2026-06-09 16:40:00,during_fault,59.69586,1
2026-06-09 16:38:10,1090,EXP_FAULT_05,RUN_05,cpu_stress,1,frontend,frontend-f05-00,online-boutique,node-a,1.0147,84.4788,0,457.1164,0.000941,38.9864,20.7526,73.8439,130.1923,247.8795,405.5432,456.6864,0.3835,0.0464,472537.5705,479804.8852,cpu_stress,productcatalogservice,2026-06-09 16:25:00,2026-06-09 16:40:00,during_fault,58.029797,1
2026-06-09 16:38:15,1095,EXP_FAULT_05,RUN_05,cpu_stress,1,frontend,frontend-f05-00,online-boutique,node-a,0.9112,86.5566,0,457.0152,0.002218,35.9052,17.4984,68.379,112.1027,214.9811,405.1565,456.0017,0.9176,0.0959,486195.1886,456741.1328,cpu_stress,productcatalogservice,2026-06-09 16:25:00,2026-06-09 16:40:00,during_fault,36.88085,1
2026-06-09 16:38:20,1100,EXP_FAULT_05,RUN_05,cpu_stress,1,frontend,frontend-f05-00,online-boutique,node-a,0.922,85.0019,0,456.9986,0.001819,42.3393,23.5277,82.6305,133.5955,252.5362,405.5117,456.1673,0.7282,0.1031,464038.2535,346874.7303,cpu_stress,productcatalogservice,2026-06-09 16:25:00,2026-06-09 16:40:00,during_fault,65.89339,1
2026-06-09 16:38:25,1105,EXP_FAULT_05,RUN_05,cpu_stress,1,frontend,frontend-f05-00,online-boutique,node-a,0.9399,84.3903,0,448.8062,0.001302,39.8965,20.3968,79.234,127.8996,244.3856,398.7242,448.2217,0.5675,0.017,519178.349,362729.6022,cpu_stress,productcatalogservice,2026-06-09 16:25:00,2026-06-09 16:40:00,during_fault,56.683174,1
2026-06-09 16:38:30,1110,EXP_FAULT_05,RUN_05,cpu_stress,1,frontend,frontend-f05-00,online-boutique,node-a,0.9059,83.6068,0,464.4355,0.001148,39.1897,20.8979,79.3289,130.1093,244.4297,413.1751,463.9021,0.5125,0.0209,469452.5511,478583.9223,cpu_stress,productcatalogservice,2026-06-09 16:25:00,2026-06-09 16:40:00,during_fault,49.07878,1
2026-06-09 16:38:35,1115,EXP_FAULT_05,RUN_05,cpu_stress,1,frontend,frontend-f05-00,online-boutique,node-a,0.9555,83.9887,0,463.3607,0.002122,42.9127,21.4093,81.2954,131.3061,236.9374,412.7589,462.3775,0.9814,0.0018,551221.362,399757.0808,cpu_stress,productcatalogservice,2026-06-09 16:25:00,2026-06-09 16:40:00,during_fault,72.23008,1
2026-06-09 16:38:40,1120,EXP_FAULT_05,RUN_05,cpu_stress,1,frontend,frontend-f05-00,online-boutique,node-a,0.9632,84.5682,0,449.1401,0.002077,38.5753,20.2953,73.7686,120.0787,203.0982,400.6793,448.2074,0.8702,0.0625,582787.7548,367869.932,cpu_stress,productcatalogservice,2026-06-09 16:25:00,2026-06-09 16:40:00,during_fault,53.615925,1
2026-06-09 16:38:45,1125,EXP_FAULT_05,RUN_05,cpu_stress,1,frontend,frontend-f05-00,online-boutique,node-a,0.9483,83.1155,0,469.0498,0.002168,37.1191,21.2264,78.6328,107.766,212.7322,419.4448,468.0328,0.9445,0.0725,449646.3222,333107.4536,cpu_stress,productcatalogservice,2026-06-09 16:25:00,2026-06-09 16:40:00,during_fault,44.74127,1
2026-06-09 16:38:50,1130,EXP_FAULT_05,RUN_05,cpu_stress,1,frontend,frontend-f05-00,online-boutique,node-a,0.9353,82.9788,0,457.9591,0.001956,39.1553,22.1837,77.5315,130.3919,211.0047,410.8325,457.0632,0.7628,0.1332,402213.1683,416678.1129,cpu_stress,productcatalogservice,2026-06-09 16:25:00,2026-06-09 16:40:00,during_fault,53.449493,1
2026-06-09 16:38:55,1135,EXP_FAULT_05,RUN_05,cpu_stress,1,frontend,frontend-f05-00,online-boutique,node-a,0.9675,85.7183,0,448.9042,0.002242,37.2413,21.0556,68.0866,114.7105,223.0379,403.8459,447.8976,0.8534,0.1532,544813.8348,380714.1082,cpu_stress,productcatalogservice,2026-06-09 16:25:00,2026-06-09 16:40:00,during_fault,47.91758,1
2026-06-09 16:39:00,1140,EXP_FAULT_05,RUN_05,cpu_stress,1,frontend,frontend-f05-00,online-boutique,node-a,0.9385,84.8145,0,443.1385,0.001387,35.9471,20.4914,69.1414,106.3668,193.8075,400.0584,442.5237,0.4691,0.1457,396773.3922,428781.3267,cpu_stress,productcatalogservice,2026-06-09 16:25:00,2026-06-09 16:40:00,during_fault,40.55265,1
2026-06-09 16:39:05,1145,EXP_FAULT_05,RUN_05,cpu_stress,1,frontend,frontend-f05-00,online-boutique,node-a,0.9317,83.4262,0,444.1429,0.001536,34.2491,19.949,68.5906,111.7924,183.7422,402.2479,443.4609,0.5517,0.1303,546167.348,317220.8337,cpu_stress,productcatalogservice,2026-06-09 16:25:00,2026-06-09 16:40:00,during_fault,34.47956,1
2026-06-09 16:39:10,1150,EXP_FAULT_05,RUN_05,cpu_stress,1,frontend,frontend-f05-00,online-boutique,node-a,0.906,83.1222,0,453.7566,0.001948,34.0862,18.3692,63.1923,102.1132,196.8885,412.3457,452.8726,0.8251,0.059,564496.9674,350063.6516,cpu_stress,productcatalogservice,2026-06-09 16:25:00,2026-06-09 16:40:00,during_fault,31.694355,1
2026-06-09 16:39:15,1155,EXP_FAULT_05,RUN_05,cpu_stress,1,frontend,frontend-f05-00,online-boutique,node-a,0.9678,83.1348,0,458.1061,0.001498,35.1533,18.7241,67.575,98.8407,167.5564,417.7713,457.4198,0.5903,0.096,440240.6336,400533.8022,cpu_stress,productcatalogservice,2026-06-09 16:25:00,2026-06-09 16:40:00,during_fault,39.128582,1
2026-06-09 16:39:20,1160,EXP_FAULT_05,RUN_05,cpu_stress,1,frontend,frontend-f05-00,online-boutique,node-a,0.8873,81.7236,0,448.504,0.001427,32.6183,18.9869,61.4418,91.2176,173.6014,410.5519,447.8642,0.526,0.1138,458658.4054,447007.6685,cpu_stress,productcatalogservice,2026-06-09 16:25:00,2026-06-09 16:40:00,during_fault,26.378555,1
2026-06-09 16:39:25,1165,EXP_FAULT_05,RUN_05,cpu_stress,1,frontend,frontend-f05-00,online-boutique,node-a,0.9645,84.7383,0,421.0155,0.001305,32.9199,18.5372,58.7726,100.2076,165.2192,386.7174,420.4658,0.465,0.0847,376909.412,296750.5184,cpu_stress,productcatalogservice,2026-06-09 16:25:00,2026-06-09 16:40:00,during_fault,34.013702,1
2026-06-09 16:39:30,1170,EXP_FAULT_05,RUN_05,cpu_stress,1,frontend,frontend-f05-00,online-boutique,node-a,0.9114,82.3155,0,437.5004,0.001861,31.633,19.2694,64.4135,96.1047,150.4049,403.2312,436.6862,0.8135,0.0006,398320.795,370132.3187,cpu_stress,productcatalogservice,2026-06-09 16:25:00,2026-06-09 16:40:00,during_fault,25.881115,1
2026-06-09 16:39:35,1175,EXP_FAULT_05,RUN_05,cpu_stress,1,frontend,frontend-f05-00,online-boutique,node-a,0.9201,84.9491,0,446.5897,0.000711,33.2283,19.9207,63.4876,98.9558,176.3323,413.205,446.2723,0.2543,0.0631,448733.4921,319410.511,cpu_stress,productcatalogservice,2026-06-09 16:25:00,2026-06-09 16:40:00,during_fault,28.837357,1
2026-06-09 16:39:40,1180,EXP_FAULT_05,RUN_05,cpu_stress,1,frontend,frontend-f05-00,online-boutique,node-a,0.8833,84.4882,0,439.8152,0.00064,31.7248,17.5374,56.1856,91.7888,160.6293,408.2742,439.5336,0.2057,0.0759,484753.1161,378148.1121,cpu_stress,productcatalogservice,2026-06-09 16:25:00,2026-06-09 16:40:00,during_fault,22.748877,1
2026-06-09 16:39:45,1185,EXP_FAULT_05,RUN_05,cpu_stress,1,frontend,frontend-f05-00,online-boutique,node-a,0.9179,84.5736,0,442.9365,0.001991,29.3938,16.3203,54.9,76.8928,145.3918,412.0702,442.0547,0.8467,0.0351,381848.4981,393726.6207,cpu_stress,productcatalogservice,2026-06-09 16:25:00,2026-06-09 16:40:00,during_fault,18.853733,1
2026-06-09 16:39:50,1190,EXP_FAULT_05,RUN_05,cpu_stress,1,frontend,frontend-f05-00,online-boutique,node-a,0.9175,82.9084,0,418.5957,0.001535,29.9629,17.4816,60.0282,77.2905,126.1762,390.5177,417.953,0.5189,0.1237,459399.7703,375640.0254,cpu_stress,productcatalogservice,2026-06-09 16:25:00,2026-06-09 16:40:00,during_fault,22.57793,1
2026-06-09 16:39:55,1195,EXP_FAULT_05,RUN_05,cpu_stress,1,frontend,frontend-f05-00,online-boutique,node-a,0.8828,83.7886,0,432.0553,0.002025,30.0113,18.0747,59.3259,77.5487,150.4124,404.1159,431.1804,0.7981,0.0769,421620.3886,329398.5345,cpu_stress,productcatalogservice,2026-06-09 16:25:00,2026-06-09 16:40:00,during_fault,19.639866,1
2026-06-09 16:40:00,1200,EXP_FAULT_05,RUN_05,cpu_stress,1,frontend,frontend-f05-00,online-boutique,node-a,0.8581,84.0725,0,426.5959,0.001339,27.5325,15.8119,50.7976,70.6478,124.1602,399.6554,426.0248,0.5113,0.0598,410861.7981,296387.5222,cpu_stress,productcatalogservice,2026-06-09 16:25:00,2026-06-09 16:40:00,post_fault,12.475986,1
2026-06-09 16:40:05,1205,EXP_FAULT_05,RUN_05,cpu_stress,1,frontend,frontend-f05-00,online-boutique,node-a,0.8107,85.6562,0,416.4613,0.00146,28.6023,16.7506,53.1972,80.4508,128.5843,390.3878,415.8533,0.5867,0.0213,409552.5058,399637.9091,cpu_stress,productcatalogservice,2026-06-09 16:25:00,2026-06-09 16:40:00,post_fault,13.117083,1
2026-06-09 16:40:10,1210,EXP_FAULT_05,RUN_05,cpu_stress,1,frontend,frontend-f05-00,online-boutique,node-a,0.9097,83.9504,0,416.7945,0.001107,28.4809,17.3062,52.2616,79.7157,123.9965,391.2318,416.333,0.3718,0.0896,410994.756,301091.8499,cpu_stress,productcatalogservice,2026-06-09 16:25:00,2026-06-09 16:40:00,post_fault,17.89489,1
2026-06-09 16:40:15,1215,EXP_FAULT_05,RUN_05,cpu_stress,1,frontend,frontend-f05-00,online-boutique,node-a,0.8661,84.5909,0,409.2201,0.001566,26.2365,15.5009,49.6412,66.9847,109.4582,384.2889,408.5795,0.5825,0.0582,429388.8328,351550.3795,cpu_stress,productcatalogservice,2026-06-09 16:25:00,2026-06-09 16:40:00,post_fault,11.271765,1
2026-06-09 16:40:20,1220,EXP_FAULT_05,RUN_05,cpu_stress,1,frontend,frontend-f05-00,online-boutique,node-a,0.8685,84.4173,0,401.5769,0.001076,26.3681,15.9972,46.2274,74.6643,126.0103,377.6235,401.1447,0.3135,0.1186,416773.0434,379727.0153,cpu_stress,productcatalogservice,2026-06-09 16:25:00,2026-06-09 16:40:00,post_fault,12.045873,1
2026-06-09 16:40:25,1225,EXP_FAULT_05,RUN_05,cpu_stress,1,frontend,frontend-f05-00,online-boutique,node-a,0.8646,84.9949,0,406.812,0.000801,27.117,16.121,46.3685,70.7887,126.5085,382.8217,406.4861,0.3142,0.0117,532819.1499,336723.6676,cpu_stress,productcatalogservice,2026-06-09 16:25:00,2026-06-09 16:40:00,post_fault,12.885887,1
2026-06-09 16:40:30,1230,EXP_FAULT_05,RUN_05,cpu_stress,1,frontend,frontend-f05-00,online-boutique,node-a,0.8553,84.892,0,413.813,0.001492,26.7903,16.2809,51.276,70.756,116.2637,389.6951,413.1957,0.6097,0.0076,362631.8748,417135.128,cpu_stress,productcatalogservice,2026-06-09 16:25:00,2026-06-09 16:40:00,post_fault,11.509194,1
2026-06-09 16:40:35,1235,EXP_FAULT_05,RUN_05,cpu_stress,1,frontend,frontend-f05-00,online-boutique,node-a,0.8571,84.7492,0,412.189,0.001321,29.1832,18.7526,53.9275,74.8156,137.1265,388.4968,411.6445,0.4611,0.0834,354325.1205,432291.9954,cpu_stress,productcatalogservice,2026-06-09 16:25:00,2026-06-09 16:40:00,post_fault,16.976143,1
2026-06-09 16:40:40,1240,EXP_FAULT_05,RUN_05,cpu_stress,1,frontend,frontend-f05-00,online-boutique,node-a,0.8806,83.6428,0,397.3511,0.001835,25.6752,16.2732,49.1209,71.4436,112.7542,374.7831,396.6219,0.5902,0.1389,515933.4142,345587.4876,cpu_stress,productcatalogservice,2026-06-09 16:25:00,2026-06-09 16:40:00,post_fault,11.83233,1
2026-06-09 16:40:45,1245,EXP_FAULT_05,RUN_05,cpu_stress,1,frontend,frontend-f05-00,online-boutique,node-a,0.7881,83.0343,0,411.0373,0.001034,25.4958,15.5943,46.4869,67.1655,116.6893,388.0649,410.6121,0.4099,0.0153,397785.7273,335385.5451,cpu_stress,productcatalogservice,2026-06-09 16:25:00,2026-06-09 16:40:00,post_fault,7.516954,1
2026-06-09 16:40:50,1250,EXP_FAULT_05,RUN_05,cpu_stress,1,frontend,frontend-f05-00,online-boutique,node-a,0.8798,85.1028,0,399.0036,0.001106,25.6123,14.8697,44.3571,64.2235,108.391,377.0253,398.5623,0.4346,0.0068,391776.5678,315227.2824,cpu_stress,productcatalogservice,2026-06-09 16:25:00,2026-06-09 16:40:00,post_fault,11.144226,1
2026-06-09 16:40:55,1255,EXP_FAULT_05,RUN_05,cpu_stress,1,frontend,frontend-f05-00,online-boutique,node-a,0.8605,83.5866,0,391.2205,0.001424,27.2174,17.8114,51.2958,74.9187,121.4368,369.7776,390.6634,0.5251,0.032,397083.9803,297564.8828,cpu_stress,productcatalogservice,2026-06-09 16:25:00,2026-06-09 16:40:00,post_fault,14.411507,1
2026-06-09 16:41:00,1260,EXP_FAULT_05,RUN_05,cpu_stress,1,frontend,frontend-f05-00,online-boutique,node-a,0.8249,83.5932,0,398.5788,0.001285,25.1923,15.2754,45.3641,64.4501,98.9558,377.0981,398.0667,0.4455,0.0666,416424.4946,267516.7581,cpu_stress,productcatalogservice,2026-06-09 16:25:00,2026-06-09 16:40:00,post_fault,8.467231,1
2026-06-09 16:41:05,1265,EXP_FAULT_05,RUN_05,cpu_stress,1,frontend,frontend-f05-00,online-boutique,node-a,0.9683,84.2403,0,395.0594,0.000738,27.5834,17.4446,50.6818,65.7479,110.5218,374.1858,394.768,0.1818,0.1095,337539.389,384264.1342,cpu_stress,productcatalogservice,2026-06-09 16:25:00,2026-06-09 16:40:00,post_fault,20.768538,1
2026-06-09 16:41:10,1270,EXP_FAULT_05,RUN_05,cpu_stress,1,frontend,frontend-f05-00,online-boutique,node-a,0.8587,82.0548,0,388.5375,0.001306,25.7687,17.1369,44.0294,61.4121,115.044,368.2622,388.0302,0.4595,0.0478,362350.1252,355525.4353,cpu_stress,productcatalogservice,2026-06-09 16:25:00,2026-06-09 16:40:00,post_fault,11.785818,1
2026-06-09 16:41:15,1275,EXP_FAULT_05,RUN_05,cpu_stress,1,frontend,frontend-f05-00,online-boutique,node-a,0.7872,84.8285,0,395.4292,0.000996,26.9943,17.7304,48.4266,71.8637,116.4474,375.1182,395.0355,0.2663,0.1274,379199.7537,360382.7618,cpu_stress,productcatalogservice,2026-06-09 16:25:00,2026-06-09 16:40:00,post_fault,10.622455,1
2026-06-09 16:41:20,1280,EXP_FAULT_05,RUN_05,cpu_stress,1,frontend,frontend-f05-00,online-boutique,node-a,0.8055,83.5739,0,393.58,0.000843,24.5454,15.6699,43.7469,58.4069,98.2759,373.6564,393.2484,0.2237,0.1079,364087.6178,404908.9957,cpu_stress,productcatalogservice,2026-06-09 16:25:00,2026-06-09 16:40:00,post_fault,7.1835527,1
2026-06-09 16:41:25,1285,EXP_FAULT_05,RUN_05,cpu_stress,1,frontend,frontend-f05-00,online-boutique,node-a,0.8134,82.6182,0,417.6021,0.000715,27.0438,17.619,47.0361,65.6656,120.7352,396.7507,417.3035,0.2362,0.0625,415675.0392,329111.406,cpu_stress,productcatalogservice,2026-06-09 16:25:00,2026-06-09 16:40:00,post_fault,10.56866,1
2026-06-09 16:41:30,1290,EXP_FAULT_05,RUN_05,cpu_stress,1,frontend,frontend-f05-00,online-boutique,node-a,0.8646,85.0193,0,410.1729,0.000953,26.0973,17.3959,47.1395,67.3836,102.0831,389.9054,409.7819,0.3386,0.0524,473634.2573,374815.0875,cpu_stress,productcatalogservice,2026-06-09 16:25:00,2026-06-09 16:40:00,post_fault,10.687302,1
2026-06-09 16:41:35,1295,EXP_FAULT_05,RUN_05,cpu_stress,1,frontend,frontend-f05-00,online-boutique,node-a,0.8473,83.5657,0,404.5251,0.001616,26.6655,16.3053,46.2659,70.7231,105.307,384.6809,403.8715,0.5976,0.0561,422939.6881,408909.8641,cpu_stress,productcatalogservice,2026-06-09 16:25:00,2026-06-09 16:40:00,post_fault,11.834493,1
2026-06-09 16:41:40,1300,EXP_FAULT_05,RUN_05,cpu_stress,1,frontend,frontend-f05-00,online-boutique,node-a,0.846,83.735,0,405.8593,0.001758,25.7185,15.2389,48.3452,62.5436,106.1033,386.1467,405.1459,0.6358,0.0776,359803.1194,290735.036,cpu_stress,productcatalogservice,2026-06-09 16:25:00,2026-06-09 16:40:00,post_fault,9.918741,1
2026-06-09 16:41:45,1305,EXP_FAULT_05,RUN_05,cpu_stress,1,frontend,frontend-f05-00,online-boutique,node-a,0.836,82.0903,0,412.1202,0.001422,25.3671,15.4861,46.9491,65.3609,95.274,392.4425,411.5341,0.514,0.0721,501577.9687,390599.5452,cpu_stress,productcatalogservice,2026-06-09 16:25:00,2026-06-09 16:40:00,post_fault,8.773875,1
2026-06-09 16:41:50,1310,EXP_FAULT_05,RUN_05,cpu_stress,1,frontend,frontend-f05-00,online-boutique,node-a,0.8824,81.77,0,412.1375,0.001167,23.8227,15.4434,40.6272,62.9777,94.1007,392.8718,411.6566,0.3761,0.1047,416786.8554,384986.1894,cpu_stress,productcatalogservice,2026-06-09 16:25:00,2026-06-09 16:40:00,post_fault,7.984956,1
2026-06-09 16:41:55,1315,EXP_FAULT_05,RUN_05,cpu_stress,1,frontend,frontend-f05-00,online-boutique,node-a,0.8476,85.6466,0,410.0509,0.001569,26.1816,17.5544,43.1969,70.7282,101.7129,390.8794,409.4075,0.6305,0.0129,420159.5314,328936.1174,cpu_stress,productcatalogservice,2026-06-09 16:25:00,2026-06-09 16:40:00,post_fault,10.115706,1
2026-06-09 16:42:00,1320,EXP_FAULT_05,RUN_05,cpu_stress,1,frontend,frontend-f05-00,online-boutique,node-a,0.8831,80.6221,0,419.6917,0.000731,24.7001,16.0503,47.3785,66.5226,107.662,400.6686,419.3848,0.2376,0.0694,461323.8211,299026.1251,cpu_stress,productcatalogservice,2026-06-09 16:25:00,2026-06-09 16:40:00,post_fault,9.295403,1
2026-06-09 16:42:05,1325,EXP_FAULT_05,RUN_05,cpu_stress,1,frontend,frontend-f05-00,online-boutique,node-a,0.8406,83.4607,0,429.3348,0.001561,26.2036,17.4061,44.743,62.7786,102.5337,409.9073,428.6644,0.6405,0.0298,496400.6874,350784.0132,cpu_stress,productcatalogservice,2026-06-09 16:25:00,2026-06-09 16:40:00,post_fault,9.230334,1
2026-06-09 16:42:10,1330,EXP_FAULT_05,RUN_05,cpu_stress,1,frontend,frontend-f05-00,online-boutique,node-a,0.8374,82.7166,0,434.6102,0.001587,25.9176,16.5658,44.4365,68.5301,105.8078,415.1578,433.9206,0.551,0.1387,370307.5405,437555.6054,cpu_stress,productcatalogservice,2026-06-09 16:25:00,2026-06-09 16:40:00,post_fault,8.493391,1
2026-06-09 16:42:15,1335,EXP_FAULT_05,RUN_05,cpu_stress,1,frontend,frontend-f05-00,online-boutique,node-a,0.8054,85.1708,0,439.2343,0.001192,26.4669,16.2473,48.2104,63.1408,103.6121,419.9499,438.7106,0.4996,0.024,513151.8556,416356.2407,cpu_stress,productcatalogservice,2026-06-09 16:25:00,2026-06-09 16:40:00,post_fault,7.5096254,1
2026-06-09 16:42:20,1340,EXP_FAULT_05,RUN_05,cpu_stress,1,frontend,frontend-f05-00,online-boutique,node-a,0.8669,84.722,0,423.2375,0.000964,24.8736,15.5617,40.694,56.7783,103.6101,405.0103,422.8293,0.4042,0.004,387765.9965,325403.4081,cpu_stress,productcatalogservice,2026-06-09 16:25:00,2026-06-09 16:40:00,post_fault,8.003496,1
2026-06-09 16:42:25,1345,EXP_FAULT_05,RUN_05,cpu_stress,1,frontend,frontend-f05-00,online-boutique,node-a,0.8212,83.6119,0,420.6097,0.001091,26.5004,17.6485,44.9404,69.8765,108.8527,402.759,420.151,0.4209,0.0379,355549.2286,333329.0716,cpu_stress,productcatalogservice,2026-06-09 16:25:00,2026-06-09 16:40:00,post_fault,9.389378,1
2026-06-09 16:42:30,1350,EXP_FAULT_05,RUN_05,cpu_stress,1,frontend,frontend-f05-00,online-boutique,node-a,0.8667,82.3116,0,435.1337,0.001616,25.0493,16.8143,47.3578,62.2318,99.367,416.7296,434.4307,0.6146,0.0884,378224.5662,290600.3433,cpu_stress,productcatalogservice,2026-06-09 16:25:00,2026-06-09 16:40:00,post_fault,8.154615,1
2026-06-09 16:42:35,1355,EXP_FAULT_05,RUN_05,cpu_stress,1,frontend,frontend-f05-00,online-boutique,node-a,0.8528,87.0914,0,427.2585,0.001816,24.9005,15.812,45.4966,61.6793,97.1986,409.4837,426.4826,0.6758,0.1,520145.9077,357744.4019,cpu_stress,productcatalogservice,2026-06-09 16:25:00,2026-06-09 16:40:00,post_fault,6.9257765,1
2026-06-09 16:42:40,1360,EXP_FAULT_05,RUN_05,cpu_stress,1,frontend,frontend-f05-00,online-boutique,node-a,0.8354,81.8831,0,434.6431,0.001167,24.9181,16.3727,44.8147,57.9851,91.1905,416.7734,434.136,0.439,0.0681,566079.9713,433875.6473,cpu_stress,productcatalogservice,2026-06-09 16:25:00,2026-06-09 16:40:00,post_fault,6.857329,1
2026-06-09 16:42:45,1365,EXP_FAULT_05,RUN_05,cpu_stress,1,frontend,frontend-f05-00,online-boutique,node-a,0.8572,84.2062,0,419.0816,0.000962,24.7069,16.6213,44.9026,61.7445,92.8167,402.2352,418.6786,0.3977,0.0053,502611.1428,362933.8286,cpu_stress,productcatalogservice,2026-06-09 16:25:00,2026-06-09 16:40:00,post_fault,7.665782,1
2026-06-09 16:42:50,1370,EXP_FAULT_05,RUN_05,cpu_stress,1,frontend,frontend-f05-00,online-boutique,node-a,0.8564,83.0461,0,423.0317,0.000669,24.7314,14.8013,41.9085,63.7475,95.8422,406.3042,422.7489,0.1871,0.0958,464407.4893,397477.4204,cpu_stress,productcatalogservice,2026-06-09 16:25:00,2026-06-09 16:40:00,post_fault,7.6748304,1
2026-06-09 16:42:55,1375,EXP_FAULT_05,RUN_05,cpu_stress,1,frontend,frontend-f05-00,online-boutique,node-a,0.8806,84.2111,0,431.5382,0.001643,26.8028,16.3255,44.2677,67.2833,94.0392,414.5674,430.8291,0.6171,0.092,437884.6759,427388.9303,cpu_stress,productcatalogservice,2026-06-09 16:25:00,2026-06-09 16:40:00,post_fault,11.76767,1
2026-06-09 16:43:00,1380,EXP_FAULT_05,RUN_05,cpu_stress,1,frontend,frontend-f05-00,online-boutique,node-a,0.8564,84.2819,0,428.2625,0.00164,24.5858,15.2911,41.936,58.4754,94.3701,411.5468,427.5603,0.6527,0.0495,484718.617,415962.2963,cpu_stress,productcatalogservice,2026-06-09 16:25:00,2026-06-09 16:40:00,post_fault,7.0468955,1
2026-06-09 16:43:05,1385,EXP_FAULT_05,RUN_05,cpu_stress,1,frontend,frontend-f05-00,online-boutique,node-a,0.8171,84.4289,0,432.7093,0.001611,24.3631,15.9294,42.6232,57.1761,87.3358,416.1475,432.0121,0.692,0.0053,422627.4219,294365.4558,cpu_stress,productcatalogservice,2026-06-09 16:25:00,2026-06-09 16:40:00,post_fault,5.2777953,1
2026-06-09 16:43:10,1390,EXP_FAULT_05,RUN_05,cpu_stress,1,frontend,frontend-f05-00,online-boutique,node-a,0.8045,85.3853,0,416.7355,0.001394,24.442,14.943,44.5082,60.0034,92.88,400.9734,416.1548,0.4384,0.1424,454855.3387,331016.09,cpu_stress,productcatalogservice,2026-06-09 16:25:00,2026-06-09 16:40:00,post_fault,5.436172,1
2026-06-09 16:43:15,1395,EXP_FAULT_05,RUN_05,cpu_stress,1,frontend,frontend-f05-00,online-boutique,node-a,0.8212,85.6202,0,415.5866,0.000939,25.8623,16.7249,48.1363,58.4457,95.8131,400.1753,415.1963,0.3805,0.0098,433075.802,281252.9692,cpu_stress,productcatalogservice,2026-06-09 16:25:00,2026-06-09 16:40:00,post_fault,8.052824,1
2026-06-09 16:43:20,1400,EXP_FAULT_05,RUN_05,cpu_stress,1,frontend,frontend-f05-00,online-boutique,node-a,0.7871,83.1608,0,418.5801,0.000915,23.0047,14.556,37.5386,53.9304,86.9662,403.2908,418.1969,0.2532,0.1299,514753.2233,280960.0017,cpu_stress,productcatalogservice,2026-06-09 16:25:00,2026-06-09 16:40:00,post_fault,3.6603553,1
2026-06-09 16:43:25,1405,EXP_FAULT_05,RUN_05,cpu_stress,1,frontend,frontend-f05-00,online-boutique,node-a,0.8245,84.1092,0,409.5281,0.00151,22.4643,14.696,36.7855,56.1179,84.4355,394.5415,408.9097,0.599,0.0195,455529.4543,324911.7715,cpu_stress,productcatalogservice,2026-06-09 16:25:00,2026-06-09 16:40:00,post_fault,4.084982,1
2026-06-09 16:43:30,1410,EXP_FAULT_05,RUN_05,cpu_stress,1,frontend,frontend-f05-00,online-boutique,node-a,0.8635,84.3729,0,409.5661,0.001518,24.4262,16.0451,41.3467,59.4337,97.4663,394.788,408.9446,0.5316,0.09,384877.2478,390614.8899,cpu_stress,productcatalogservice,2026-06-09 16:25:00,2026-06-09 16:40:00,post_fault,7.9608335,1
2026-06-09 16:43:35,1415,EXP_FAULT_05,RUN_05,cpu_stress,1,frontend,frontend-f05-00,online-boutique,node-a,0.8352,85.5667,0,413.7301,0.000652,23.7344,16.6303,40.301,53.3436,96.4696,399.2341,413.4603,0.1443,0.1255,414462.8142,329451.3531,cpu_stress,productcatalogservice,2026-06-09 16:25:00,2026-06-09 16:40:00,post_fault,5.501421,1
2026-06-09 16:43:40,1420,EXP_FAULT_05,RUN_05,cpu_stress,1,frontend,frontend-f05-00,online-boutique,node-a,0.8218,82.8747,0,415.0758,0.001872,24.1815,16.8015,39.6594,58.4837,95.0639,400.448,414.2987,0.6896,0.0876,516002.7664,431197.7507,cpu_stress,productcatalogservice,2026-06-09 16:25:00,2026-06-09 16:40:00,post_fault,6.557678,1
2026-06-09 16:43:45,1425,EXP_FAULT_05,RUN_05,cpu_stress,1,frontend,frontend-f05-00,online-boutique,node-a,0.7759,83.0523,0,410.0211,0.000758,22.9609,15.7453,40.1806,58.0464,81.317,396.0746,409.7104,0.2778,0.0329,470832.0595,349125.6474,cpu_stress,productcatalogservice,2026-06-09 16:25:00,2026-06-09 16:40:00,post_fault,3.8275008,1
2026-06-09 16:43:50,1430,EXP_FAULT_05,RUN_05,cpu_stress,1,frontend,frontend-f05-00,online-boutique,node-a,0.8462,82.2554,0,428.7773,0.000549,21.8728,15.0827,35.4727,51.0796,75.114,414.3529,428.5421,0.2209,0.0143,455641.2306,405633.9594,cpu_stress,productcatalogservice,2026-06-09 16:25:00,2026-06-09 16:40:00,post_fault,3.5893795,1
2026-06-09 16:43:55,1435,EXP_FAULT_05,RUN_05,cpu_stress,1,frontend,frontend-f05-00,online-boutique,node-a,0.8501,85.6209,0,418.1511,0.000491,24.6235,15.126,44.7948,55.9309,85.2929,404.3467,417.9457,0.1808,0.0245,418439.3953,435687.2822,cpu_stress,productcatalogservice,2026-06-09 16:25:00,2026-06-09 16:40:00,post_fault,7.0265784,1
2026-06-09 16:44:00,1440,EXP_FAULT_05,RUN_05,cpu_stress,1,frontend,frontend-f05-00,online-boutique,node-a,0.8331,84.6083,0,429.0166,0.001257,23.0057,15.2359,40.6701,58.0421,88.2772,414.8712,428.4773,0.5157,0.0237,502932.7024,311031.8971,cpu_stress,productcatalogservice,2026-06-09 16:25:00,2026-06-09 16:40:00,post_fault,4.1128507,1
2026-06-09 16:44:05,1445,EXP_FAULT_05,RUN_05,cpu_stress,1,frontend,frontend-f05-00,online-boutique,node-a,0.8051,83.7526,0,422.8972,0.001401,22.4228,13.8182,41.6353,51.8206,78.4887,409.0373,422.3047,0.5244,0.0682,525678.3665,432370.1833,cpu_stress,productcatalogservice,2026-06-09 16:25:00,2026-06-09 16:40:00,post_fault,3.1408892,1
2026-06-09 16:44:10,1450,EXP_FAULT_05,RUN_05,cpu_stress,1,frontend,frontend-f05-00,online-boutique,node-a,0.8551,83.9396,0,417.3657,0.001631,22.5813,14.1273,36.9207,55.8643,76.185,403.779,416.6849,0.6684,0.0124,432583.7059,316217.9818,cpu_stress,productcatalogservice,2026-06-09 16:25:00,2026-06-09 16:40:00,post_fault,4.786193,1
2026-06-09 16:44:15,1455,EXP_FAULT_05,RUN_05,cpu_stress,1,frontend,frontend-f05-00,online-boutique,node-a,0.7624,83.9648,0,435.2293,0.001558,22.3928,15.9985,37.4125,51.7949,79.1204,421.3175,434.551,0.5697,0.1086,529680.2129,453268.1646,cpu_stress,productcatalogservice,2026-06-09 16:25:00,2026-06-09 16:40:00,post_fault,2.2563484,1
2026-06-09 16:44:20,1460,EXP_FAULT_05,RUN_05,cpu_stress,1,frontend,frontend-f05-00,online-boutique,node-a,0.8539,83.1066,0,430.873,0.001713,22.5819,14.1887,40.4187,49.2528,74.9771,417.3351,430.1348,0.728,0.0102,410861.4671,425901.8428,cpu_stress,productcatalogservice,2026-06-09 16:25:00,2026-06-09 16:40:00,post_fault,4.314698,1
2026-06-09 16:44:25,1465,EXP_FAULT_05,RUN_05,cpu_stress,1,frontend,frontend-f05-00,online-boutique,node-a,0.8386,84.5008,0,439.3561,0.00182,21.7598,14.9388,36.6077,48.0953,79.4523,425.7169,438.5565,0.7092,0.0905,410243.0012,405053.988,cpu_stress,productcatalogservice,2026-06-09 16:25:00,2026-06-09 16:40:00,post_fault,2.6675704,1
2026-06-09 16:44:30,1470,EXP_FAULT_05,RUN_05,cpu_stress,1,frontend,frontend-f05-00,online-boutique,node-a,0.8307,84.7515,0,429.1385,0.001342,21.938,14.3853,35.1817,49.1084,84.4622,415.9574,428.5628,0.4871,0.0886,471345.3909,372057.7612,cpu_stress,productcatalogservice,2026-06-09 16:25:00,2026-06-09 16:40:00,post_fault,2.96269,1
2026-06-09 16:44:35,1475,EXP_FAULT_05,RUN_05,cpu_stress,1,frontend,frontend-f05-00,online-boutique,node-a,0.7771,84.7908,0,435.5759,0.00176,20.8936,14.0235,35.5528,46.2913,76.7438,422.3978,434.8095,0.6655,0.101,547487.2076,305034.1554,cpu_stress,productcatalogservice,2026-06-09 16:25:00,2026-06-09 16:40:00,post_fault,1.0811793,1
2026-06-09 16:44:40,1480,EXP_FAULT_05,RUN_05,cpu_stress,1,frontend,frontend-f05-00,online-boutique,node-a,0.8228,82.7221,0,454.6504,0.000991,24.9667,16.0481,43.4716,52.898,89.693,441.1527,454.1999,0.3,0.1504,542763.0801,305608.3308,cpu_stress,productcatalogservice,2026-06-09 16:25:00,2026-06-09 16:40:00,post_fault,5.4760013,1
2026-06-09 16:44:45,1485,EXP_FAULT_05,RUN_05,cpu_stress,1,frontend,frontend-f05-00,online-boutique,node-a,0.8227,85.4039,0,445.179,0.001751,23.1603,15.4829,40.7297,49.9201,82.6598,432.0105,444.3996,0.6272,0.1522,502941.4073,393515.3293,cpu_stress,productcatalogservice,2026-06-09 16:25:00,2026-06-09 16:40:00,post_fault,3.41399,1
2026-06-09 16:44:50,1490,EXP_FAULT_05,RUN_05,cpu_stress,1,frontend,frontend-f05-00,online-boutique,node-a,0.7673,86.9651,0,458.629,0.001633,24.7596,16.3259,40.8058,56.8064,86.904,445.3677,457.8799,0.6127,0.1365,523635.3859,433016.5102,cpu_stress,productcatalogservice,2026-06-09 16:25:00,2026-06-09 16:40:00,post_fault,3.1167357,1
2026-06-09 16:44:55,1495,EXP_FAULT_05,RUN_05,cpu_stress,1,frontend,frontend-f05-00,online-boutique,node-a,0.8187,83.5272,0,461.5704,0.001475,23.218,15.386,41.6631,52.6292,79.2766,448.4241,460.8896,0.6275,0.0533,383210.664,309198.1949,cpu_stress,productcatalogservice,2026-06-09 16:25:00,2026-06-09 16:40:00,post_fault,2.9699297,1
2026-06-09 16:45:00,1500,EXP_FAULT_05,RUN_05,cpu_stress,1,frontend,frontend-f05-00,online-boutique,node-a,0.8101,84.7772,0,456.7664,0.00155,22.9764,15.6079,39.4531,50.7741,74.2692,443.737,456.0583,0.6203,0.0878,432701.247,455832.8949,cpu_stress,productcatalogservice,2026-06-09 16:25:00,2026-06-09 16:40:00,post_fault,2.587365,1
2026-06-09 16:45:05,1505,EXP_FAULT_05,RUN_05,cpu_stress,1,frontend,frontend-f05-00,online-boutique,node-a,0.7986,85.229,0,467.5184,0.001646,23.1153,14.8285,37.7568,56.1152,75.9076,454.3976,466.7486,0.6977,0.0721,408297.0995,401164.079,cpu_stress,productcatalogservice,2026-06-09 16:25:00,2026-06-09 16:40:00,post_fault,2.1886709,1
2026-06-09 16:45:10,1510,EXP_FAULT_05,RUN_05,cpu_stress,1,frontend,frontend-f05-00,online-boutique,node-a,0.8068,85.0306,0,474.2566,0.001876,21.6148,14.977,38.8283,50.5429,68.7221,460.988,473.367,0.7311,0.1585,525313.3698,462925.5072,cpu_stress,productcatalogservice,2026-06-09 16:25:00,2026-06-09 16:40:00,post_fault,1.1331856,1
2026-06-09 16:45:15,1515,EXP_FAULT_05,RUN_05,cpu_stress,1,frontend,frontend-f05-00,online-boutique,node-a,0.8136,84.2683,0,465.753,0.001732,23.6078,15.4158,38.0987,53.7365,83.3143,452.9606,464.9465,0.7178,0.0887,503042.2422,453040.17,cpu_stress,productcatalogservice,2026-06-09 16:25:00,2026-06-09 16:40:00,post_fault,3.1058452,1
2026-06-09 16:45:20,1520,EXP_FAULT_05,RUN_05,cpu_stress,1,frontend,frontend-f05-00,online-boutique,node-a,0.868,86.5305,0,472.1911,0.001624,22.0424,15.3509,34.8975,46.7885,80.5767,459.6373,471.4242,0.6211,0.1458,460385.4885,388991.4914,cpu_stress,productcatalogservice,2026-06-09 16:25:00,2026-06-09 16:40:00,post_fault,2.3992784,1
2026-06-09 16:45:25,1525,EXP_FAULT_05,RUN_05,cpu_stress,1,frontend,frontend-f05-00,online-boutique,node-a,0.8249,85.6572,0,474.5081,0.000659,21.5056,13.5861,38.7808,49.0384,76.2762,462.1905,474.1955,0.3004,0.0121,580988.2374,337663.6708,cpu_stress,productcatalogservice,2026-06-09 16:25:00,2026-06-09 16:40:00,post_fault,1.2270935,1
2026-06-09 16:45:30,1530,EXP_FAULT_05,RUN_05,cpu_stress,1,frontend,frontend-f05-00,online-boutique,node-a,0.8302,84.9395,0,467.035,0.00082,22.5043,15.2103,40.3461,52.2744,80.0984,454.9943,466.6519,0.3286,0.0544,444325.8227,357142.7092,cpu_stress,productcatalogservice,2026-06-09 16:25:00,2026-06-09 16:40:00,post_fault,2.3129163,1
2026-06-09 16:45:35,1535,EXP_FAULT_05,RUN_05,cpu_stress,1,frontend,frontend-f05-00,online-boutique,node-a,0.8825,84.9421,0,478.0879,0.000767,22.959,15.0766,38.0543,53.5809,78.0694,465.921,477.7213,0.3142,0.0524,576085.6641,403966.7568,cpu_stress,productcatalogservice,2026-06-09 16:25:00,2026-06-09 16:40:00,post_fault,3.6025124,1
2026-06-09 16:45:40,1540,EXP_FAULT_05,RUN_05,cpu_stress,1,frontend,frontend-f05-00,online-boutique,node-a,0.8884,84.5676,0,473.3711,0.00095,22.9519,16.3901,36.3906,47.8456,78.9854,461.5246,472.9212,0.3291,0.1207,546239.2222,370459.2182,cpu_stress,productcatalogservice,2026-06-09 16:25:00,2026-06-09 16:40:00,post_fault,3.9364967,1
2026-06-09 16:45:45,1545,EXP_FAULT_05,RUN_05,cpu_stress,1,frontend,frontend-f05-00,online-boutique,node-a,0.8703,83.8785,0,472.7086,0.000998,22.59,16.6613,40.1878,53.1376,80.9877,460.9768,472.2369,0.3701,0.1016,514906.0375,414003.2614,cpu_stress,productcatalogservice,2026-06-09 16:25:00,2026-06-09 16:40:00,post_fault,3.1893592,1
2026-06-09 16:45:50,1550,EXP_FAULT_05,RUN_05,cpu_stress,1,frontend,frontend-f05-00,online-boutique,node-a,0.8504,83.8233,0,489.7484,0.0015,21.2151,13.9129,34.4902,50.685,75.2193,477.6404,489.0139,0.7251,0.0094,550904.8027,408514.9886,cpu_stress,productcatalogservice,2026-06-09 16:25:00,2026-06-09 16:40:00,post_fault,1.2146709,1
2026-06-09 16:45:55,1555,EXP_FAULT_05,RUN_05,cpu_stress,1,frontend,frontend-f05-00,online-boutique,node-a,0.841,84.4693,0,482.6397,0.000658,23.2778,17.2077,37.2452,54.2973,74.9452,471.0832,482.322,0.3057,0.012,495910.7955,460755.8888,cpu_stress,productcatalogservice,2026-06-09 16:25:00,2026-06-09 16:40:00,post_fault,2.7981226,1
2026-06-09 16:46:00,1560,EXP_FAULT_05,RUN_05,cpu_stress,1,frontend,frontend-f05-00,online-boutique,node-a,0.8538,83.8712,0,465.1126,0.001124,22.154,15.0344,35.7484,46.2684,78.2397,453.9929,464.59,0.4109,0.1118,594780.0045,338985.2697,cpu_stress,productcatalogservice,2026-06-09 16:25:00,2026-06-09 16:40:00,post_fault,2.625455,1
2026-06-09 16:46:05,1565,EXP_FAULT_05,RUN_05,cpu_stress,1,frontend,frontend-f05-00,online-boutique,node-a,0.8676,83.2152,0,469.2571,0.001137,21.0358,13.7471,36.1832,44.7702,72.9649,458.214,468.7236,0.4795,0.0539,464166.1145,432648.0413,cpu_stress,productcatalogservice,2026-06-09 16:25:00,2026-06-09 16:40:00,post_fault,1.9167612,1
2026-06-09 16:46:10,1570,EXP_FAULT_05,RUN_05,cpu_stress,1,frontend,frontend-f05-00,online-boutique,node-a,0.8537,84.7627,0,468.6252,0.001754,21.5606,15.8227,37.4814,45.8175,77.5738,457.7241,467.8034,0.6697,0.1521,442450.909,428621.8135,cpu_stress,productcatalogservice,2026-06-09 16:25:00,2026-06-09 16:40:00,post_fault,1.9512898,1
2026-06-09 16:46:15,1575,EXP_FAULT_05,RUN_05,cpu_stress,1,frontend,frontend-f05-00,online-boutique,node-a,0.8592,81.6247,0,476.3963,0.001207,21.2416,15.4589,33.7448,45.9587,65.5401,465.5579,475.8213,0.4629,0.1121,562546.8043,453678.301,cpu_stress,productcatalogservice,2026-06-09 16:25:00,2026-06-09 16:40:00,post_fault,1.8898255,1
2026-06-09 16:46:20,1580,EXP_FAULT_05,RUN_05,cpu_stress,1,frontend,frontend-f05-00,online-boutique,node-a,0.7987,83.7171,0,474.3616,0.001028,21.5841,14.1411,38.0755,49.1435,75.8075,463.5827,473.8741,0.438,0.0495,580907.8786,357869.3204,cpu_stress,productcatalogservice,2026-06-09 16:25:00,2026-06-09 16:40:00,post_fault,1.0217121,1
2026-06-09 16:46:25,1585,EXP_FAULT_05,RUN_05,cpu_stress,1,frontend,frontend-f05-00,online-boutique,node-a,0.8265,85.8148,0,463.0765,0.000878,23.0352,15.4357,36.3852,53.7721,78.4674,452.7444,462.6698,0.2576,0.1492,514250.9729,416454.2672,cpu_stress,productcatalogservice,2026-06-09 16:25:00,2026-06-09 16:40:00,post_fault,2.6576686,1
2026-06-09 16:46:30,1590,EXP_FAULT_05,RUN_05,cpu_stress,1,frontend,frontend-f05-00,online-boutique,node-a,0.8842,84.1385,0,462.4701,0.000989,20.7729,13.5859,32.895,43.731,69.1286,452.3435,462.0127,0.4422,0.0152,435161.2784,351049.012,cpu_stress,productcatalogservice,2026-06-09 16:25:00,2026-06-09 16:40:00,post_fault,2.2045255,1
2026-06-09 16:46:35,1595,EXP_FAULT_05,RUN_05,cpu_stress,1,frontend,frontend-f05-00,online-boutique,node-a,0.7559,84.2927,0,479.867,0.000674,20.3729,13.483,33.0789,47.6341,62.6756,469.5663,479.5434,0.3125,0.0111,575183.5249,448391.3707,cpu_stress,productcatalogservice,2026-06-09 16:25:00,2026-06-09 16:40:00,post_fault,0.13220766,0
2026-06-09 16:46:40,1600,EXP_FAULT_05,RUN_05,cpu_stress,1,frontend,frontend-f05-00,online-boutique,node-a,0.7858,84.7304,0,470.233,0.001684,20.9822,15.4359,32.7276,44.7542,69.5428,460.0267,469.4411,0.6675,0.1243,598684.1558,332371.926,cpu_stress,productcatalogservice,2026-06-09 16:25:00,2026-06-09 16:40:00,post_fault,0.65503156,1
2026-06-09 16:46:45,1605,EXP_FAULT_05,RUN_05,cpu_stress,1,frontend,frontend-f05-00,online-boutique,node-a,0.762,85.733,0,447.3702,0.000931,22.137,15.0964,39.0732,48.2949,76.6984,437.9983,446.9539,0.2817,0.1346,391019.864,451633.0979,cpu_stress,productcatalogservice,2026-06-09 16:25:00,2026-06-09 16:40:00,post_fault,1.1827228,1
2026-06-09 16:46:50,1610,EXP_FAULT_05,RUN_05,cpu_stress,1,frontend,frontend-f05-00,online-boutique,node-a,0.8257,84.1873,0,461.5997,0.001038,22.2832,15.5147,38.95,49.6492,68.2001,451.9355,461.1204,0.4395,0.0398,545912.1338,311542.9713,cpu_stress,productcatalogservice,2026-06-09 16:25:00,2026-06-09 16:40:00,post_fault,2.2180724,1
2026-06-09 16:46:55,1615,EXP_FAULT_05,RUN_05,cpu_stress,1,frontend,frontend-f05-00,online-boutique,node-a,0.7773,83.8684,0,470.1366,0.000609,22.0079,16.5183,37.3492,47.9648,71.3624,460.5985,469.8503,0.2239,0.0623,481814.5824,402103.077,cpu_stress,productcatalogservice,2026-06-09 16:25:00,2026-06-09 16:40:00,post_fault,1.1416985,1
2026-06-09 16:47:00,1620,EXP_FAULT_05,RUN_05,cpu_stress,1,frontend,frontend-f05-00,online-boutique,node-a,0.8007,83.0971,0,476.0739,0.000709,21.1514,15.5735,34.8184,49.5178,67.0454,466.5352,475.7362,0.2048,0.1329,556136.0529,445022.7992,cpu_stress,productcatalogservice,2026-06-09 16:25:00,2026-06-09 16:40:00,post_fault,0.8566335,1
2026-06-09 16:47:05,1625,EXP_FAULT_05,RUN_05,cpu_stress,1,frontend,frontend-f05-00,online-boutique,node-a,0.7942,84.1819,0,454.8116,0.001893,21.4536,14.5519,35.2427,46.2778,73.4662,445.6391,453.9507,0.7343,0.1266,545175.7748,357413.175,cpu_stress,productcatalogservice,2026-06-09 16:25:00,2026-06-09 16:40:00,post_fault,1.4314268,1
2026-06-09 16:47:10,1630,EXP_FAULT_05,RUN_05,cpu_stress,1,frontend,frontend-f05-00,online-boutique,node-a,0.771,84.9343,0,462.1423,0.000554,21.59,16.1575,37.9044,44.2283,73.2,453.1127,461.8864,0.2441,0.0118,427608.9996,480816.6548,cpu_stress,productcatalogservice,2026-06-09 16:25:00,2026-06-09 16:40:00,post_fault,0.84728134,1
2026-06-09 16:47:15,1635,EXP_FAULT_05,RUN_05,cpu_stress,1,frontend,frontend-f05-00,online-boutique,node-a,0.8277,84.3628,0,471.0063,0.001036,21.4209,15.752,38.3395,44.6173,67.0578,461.8285,470.5183,0.364,0.124,484413.5764,372471.3938,cpu_stress,productcatalogservice,2026-06-09 16:25:00,2026-06-09 16:40:00,post_fault,1.40215,1
2026-06-09 16:47:20,1640,EXP_FAULT_05,RUN_05,cpu_stress,1,frontend,frontend-f05-00,online-boutique,node-a,0.803,83.8822,0,452.4004,0.000994,21.4589,14.1477,33.7192,46.8482,67.8512,443.8144,451.9506,0.392,0.0577,521730.7791,436715.3302,cpu_stress,productcatalogservice,2026-06-09 16:25:00,2026-06-09 16:40:00,post_fault,1.4733392,1
2026-06-09 16:47:25,1645,EXP_FAULT_05,RUN_05,cpu_stress,1,frontend,frontend-f05-00,online-boutique,node-a,0.7739,83.3512,0,450.6191,0.001659,20.6348,13.9563,35.8856,43.105,69.6359,441.8034,449.8713,0.6923,0.0555,491873.0157,380722.626,cpu_stress,productcatalogservice,2026-06-09 16:25:00,2026-06-09 16:40:00,post_fault,0.8297904,1
2026-06-09 16:47:30,1650,EXP_FAULT_05,RUN_05,cpu_stress,1,frontend,frontend-f05-00,online-boutique,node-a,0.8251,85.7887,0,461.8192,0.001089,20.9601,14.7598,36.1037,45.0452,66.5252,453.2438,461.3165,0.4211,0.0817,580526.8345,420021.1744,cpu_stress,productcatalogservice,2026-06-09 16:25:00,2026-06-09 16:40:00,post_fault,1.1514237,1
2026-06-09 16:47:35,1655,EXP_FAULT_05,RUN_05,cpu_stress,1,frontend,frontend-f05-00,online-boutique,node-a,0.841,83.8298,0,463.5812,0.00173,20.3912,14.9754,36.1359,44.0011,65.439,454.8566,462.7792,0.677,0.1251,408983.9267,318720.9911,cpu_stress,productcatalogservice,2026-06-09 16:25:00,2026-06-09 16:40:00,post_fault,1.1336699,1
2026-06-09 16:47:40,1660,EXP_FAULT_05,RUN_05,cpu_stress,1,frontend,frontend-f05-00,online-boutique,node-a,0.83,84.1001,0,470.562,0.000808,20.3623,13.7022,33.8393,40.8444,65.3273,462.0121,470.182,0.3311,0.0489,443842.1264,427157.1155,cpu_stress,productcatalogservice,2026-06-09 16:25:00,2026-06-09 16:40:00,post_fault,0.8933142,1
2026-06-09 16:47:45,1665,EXP_FAULT_05,RUN_05,cpu_stress,1,frontend,frontend-f05-00,online-boutique,node-a,0.8341,83.0932,0,482.77,0.001354,21.3343,15.4261,37.2939,43.4417,67.3155,474.131,482.1162,0.5664,0.0874,552391.2811,443905.0747,cpu_stress,productcatalogservice,2026-06-09 16:25:00,2026-06-09 16:40:00,post_fault,1.233202,1
2026-06-09 16:47:50,1670,EXP_FAULT_05,RUN_05,cpu_stress,1,frontend,frontend-f05-00,online-boutique,node-a,0.7803,84.016,0,484.956,0.001373,21.4181,14.706,37.4687,42.3862,66.2985,476.2488,484.29,0.5353,0.1306,550523.2949,419205.4786,cpu_stress,productcatalogservice,2026-06-09 16:25:00,2026-06-09 16:40:00,post_fault,0.537995,1
2026-06-09 16:47:55,1675,EXP_FAULT_05,RUN_05,cpu_stress,1,frontend,frontend-f05-00,online-boutique,node-a,0.8584,85.2281,0,473.567,0.000838,20.6418,15.0696,36.012,45.7003,70.8231,465.3364,473.1699,0.3827,0.0143,588333.1391,453766.9659,cpu_stress,productcatalogservice,2026-06-09 16:25:00,2026-06-09 16:40:00,post_fault,1.3518488,1
2026-06-09 16:48:00,1680,EXP_FAULT_05,RUN_05,cpu_stress,1,frontend,frontend-f05-00,online-boutique,node-a,0.7901,84.6877,0,486.6144,0.00161,20.0743,14.9996,34.9335,43.5067,65.6448,478.0161,485.8308,0.676,0.1076,443679.3782,437445.5389,cpu_stress,productcatalogservice,2026-06-09 16:25:00,2026-06-09 16:40:00,post_fault,0.1737884,0
2026-06-09 16:48:05,1685,EXP_FAULT_05,RUN_05,cpu_stress,1,frontend,frontend-f05-00,online-boutique,node-a,0.7688,83.3538,0,488.1917,0.00063,19.4825,12.8234,33.9545,39.9453,62.6059,479.9827,487.8839,0.1703,0.1375,548343.5336,382659.1787,cpu_stress,productcatalogservice,2026-06-09 16:25:00,2026-06-09 16:40:00,post_fault,0.029890377,0
2026-06-09 16:48:10,1690,EXP_FAULT_05,RUN_05,cpu_stress,1,frontend,frontend-f05-00,online-boutique,node-a,0.8062,84.7554,0,488.9598,0.001705,19.8914,14.6871,32.8049,39.1924,65.8447,480.7063,488.1261,0.7967,0.037,421523.1051,382206.283,cpu_stress,productcatalogservice,2026-06-09 16:25:00,2026-06-09 16:40:00,post_fault,0.19332758,0
2026-06-09 16:48:15,1695,EXP_FAULT_05,RUN_05,cpu_stress,1,frontend,frontend-f05-00,online-boutique,node-a,0.8059,85.3919,0,483.4625,0.001419,20.9991,15.959,34.2619,47.129,71.2857,475.3517,482.7767,0.6568,0.029,458288.8094,479773.3091,cpu_stress,productcatalogservice,2026-06-09 16:25:00,2026-06-09 16:40:00,post_fault,0.5932618,1
2026-06-09 16:48:20,1700,EXP_FAULT_05,RUN_05,cpu_stress,1,frontend,frontend-f05-00,online-boutique,node-a,0.7794,85.1122,0,485.9325,0.001394,21.7271,15.9306,36.5828,46.3115,67.9865,477.9775,485.2548,0.5305,0.1471,616780.8852,397715.9192,cpu_stress,productcatalogservice,2026-06-09 16:25:00,2026-06-09 16:40:00,post_fault,0.59074205,1
2026-06-09 16:48:25,1705,EXP_FAULT_05,RUN_05,cpu_stress,1,frontend,frontend-f05-00,online-boutique,node-a,0.8379,84.7106,0,488.4514,0.000594,19.5694,14.5615,29.9766,40.6825,63.0282,480.7049,488.1611,0.241,0.0492,541443.0992,389850.9245,cpu_stress,productcatalogservice,2026-06-09 16:25:00,2026-06-09 16:40:00,post_fault,0.43634424,0
2026-06-09 16:48:30,1710,EXP_FAULT_05,RUN_05,cpu_stress,1,frontend,frontend-f05-00,online-boutique,node-a,0.7658,84.6782,0,467.9719,0.001316,20.4203,13.9864,33.543,42.0822,64.9875,460.5458,467.3559,0.5438,0.0723,572902.9087,460193.6633,cpu_stress,productcatalogservice,2026-06-09 16:25:00,2026-06-09 16:40:00,post_fault,0.23347978,0
2026-06-09 16:48:35,1715,EXP_FAULT_05,RUN_05,cpu_stress,1,frontend,frontend-f05-00,online-boutique,node-a,0.853,84.7904,0,488.2821,0.001693,20.8154,13.7333,36.275,40.8592,58.4087,480.3854,487.4556,0.6885,0.138,585349.4679,488599.3816,cpu_stress,productcatalogservice,2026-06-09 16:25:00,2026-06-09 16:40:00,post_fault,1.0131037,1
2026-06-09 16:48:40,1720,EXP_FAULT_05,RUN_05,cpu_stress,1,frontend,frontend-f05-00,online-boutique,node-a,0.7929,85.0911,0,494.3752,0.000877,22.0631,16.1073,33.9429,43.1948,62.4117,486.7317,493.9415,0.2801,0.1536,585889.1419,380363.7384,cpu_stress,productcatalogservice,2026-06-09 16:25:00,2026-06-09 16:40:00,post_fault,0.7783758,1
2026-06-09 16:48:45,1725,EXP_FAULT_05,RUN_05,cpu_stress,1,frontend,frontend-f05-00,online-boutique,node-a,0.805,84.0491,0,490.4583,0.001703,21.9339,16.3869,37.8705,45.0321,69.4114,482.9221,489.6229,0.756,0.0794,463649.2259,457917.0934,cpu_stress,productcatalogservice,2026-06-09 16:25:00,2026-06-09 16:40:00,post_fault,0.9919146,1
2026-06-09 16:48:50,1730,EXP_FAULT_05,RUN_05,cpu_stress,1,frontend,frontend-f05-00,online-boutique,node-a,0.831,84.3115,0,469.3728,0.001628,19.752,13.3438,31.9672,39.7864,58.3838,462.1303,468.6087,0.7265,0.0376,419046.9831,472843.8717,cpu_stress,productcatalogservice,2026-06-09 16:25:00,2026-06-09 16:40:00,post_fault,0.57988214,1
2026-06-09 16:48:55,1735,EXP_FAULT_05,RUN_05,cpu_stress,1,frontend,frontend-f05-00,online-boutique,node-a,0.806,84.2952,0,477.274,0.001374,20.2855,15.0005,32.4712,45.3497,59.8927,470.1102,476.6181,0.5839,0.0719,427347.7329,409688.3079,cpu_stress,productcatalogservice,2026-06-09 16:25:00,2026-06-09 16:40:00,post_fault,0.45134908,0
2026-06-09 16:49:00,1740,EXP_FAULT_05,RUN_05,cpu_stress,1,frontend,frontend-f05-00,online-boutique,node-a,0.8139,82.2703,0,477.9535,0.000574,20.5738,14.6504,31.6384,46.0856,66.6984,470.9997,477.6793,0.2598,0.0144,613398.659,401680.821,cpu_stress,productcatalogservice,2026-06-09 16:25:00,2026-06-09 16:40:00,post_fault,0.77244246,1
2026-06-09 16:49:05,1745,EXP_FAULT_05,RUN_05,cpu_stress,1,frontend,frontend-f05-00,online-boutique,node-a,0.8112,85.2534,0,478.5959,0.001646,19.0231,14.0751,29.8021,42.2102,59.6895,471.6078,477.8081,0.7631,0.0247,597989.3754,428778.4478,cpu_stress,productcatalogservice,2026-06-09 16:25:00,2026-06-09 16:40:00,post_fault,0.13002548,0
2026-06-09 16:49:10,1750,EXP_FAULT_05,RUN_05,cpu_stress,1,frontend,frontend-f05-00,online-boutique,node-a,0.7629,84.2729,0,466.6421,0.001223,20.3711,13.5501,36.0448,42.2496,56.7709,459.97,466.0715,0.4832,0.0874,391713.8134,309394.2662,cpu_stress,productcatalogservice,2026-06-09 16:25:00,2026-06-09 16:40:00,post_fault,0.23493679,0
2026-06-09 16:49:15,1755,EXP_FAULT_05,RUN_05,cpu_stress,1,frontend,frontend-f05-00,online-boutique,node-a,0.8318,83.8236,0,470.5672,0.001033,20.4536,14.6109,35.5256,41.6719,63.0849,463.7995,470.0811,0.3616,0.1245,528230.5317,465542.7441,cpu_stress,productcatalogservice,2026-06-09 16:25:00,2026-06-09 16:40:00,post_fault,0.9445984,1
2026-06-09 16:49:20,1760,EXP_FAULT_05,RUN_05,cpu_stress,1,frontend,frontend-f05-00,online-boutique,node-a,0.7924,83.075,0,473.2226,0.001747,21.3007,16.1197,33.7254,45.9103,60.5395,466.132,472.3957,0.6749,0.152,499919.4491,357702.5851,cpu_stress,productcatalogservice,2026-06-09 16:25:00,2026-06-09 16:40:00,post_fault,0.9639491,1
2026-06-09 16:49:25,1765,EXP_FAULT_05,RUN_05,cpu_stress,1,frontend,frontend-f05-00,online-boutique,node-a,0.7989,85.3558,0,451.2991,0.001462,20.6695,15.6069,36.2652,42.6075,61.7958,444.632,450.6395,0.5487,0.1109,467313.0651,418459.2799,cpu_stress,productcatalogservice,2026-06-09 16:25:00,2026-06-09 16:40:00,post_fault,0.83754265,1
2026-06-09 16:49:30,1770,EXP_FAULT_05,RUN_05,cpu_stress,1,frontend,frontend-f05-00,online-boutique,node-a,0.8093,84.645,0,454.3461,0.000725,19.96,13.9898,30.2338,40.3604,59.155,447.9374,454.0166,0.2415,0.0879,426852.6637,472628.9622,cpu_stress,productcatalogservice,2026-06-09 16:25:00,2026-06-09 16:40:00,post_fault,0.7038373,1
2026-06-09 16:49:35,1775,EXP_FAULT_05,RUN_05,cpu_stress,1,frontend,frontend-f05-00,online-boutique,node-a,0.8049,84.121,0,456.6443,0.00155,19.9303,13.379,31.5775,38.8758,57.7342,449.8341,455.9363,0.5877,0.1203,479462.8012,380002.3193,cpu_stress,productcatalogservice,2026-06-09 16:25:00,2026-06-09 16:40:00,post_fault,0.58512545,1
2026-06-09 16:49:40,1780,EXP_FAULT_05,RUN_05,cpu_stress,1,frontend,frontend-f05-00,online-boutique,node-a,0.8044,82.7881,0,464.7087,0.001475,19.2169,12.9682,32.1306,39.8276,62.3118,457.8952,464.0235,0.6468,0.0384,400722.44,459371.0835,cpu_stress,productcatalogservice,2026-06-09 16:25:00,2026-06-09 16:40:00,post_fault,0.29003412,0
2026-06-09 16:49:45,1785,EXP_FAULT_05,RUN_05,cpu_stress,1,frontend,frontend-f05-00,online-boutique,node-a,0.7638,83.9197,0,449.408,0.001343,19.5884,14.629,34.4898,43.293,63.24,442.8982,448.8042,0.5138,0.0899,571356.251,312696.6094,cpu_stress,productcatalogservice,2026-06-09 16:25:00,2026-06-09 16:40:00,post_fault,0.21119216,0
2026-06-09 16:49:50,1790,EXP_FAULT_05,RUN_05,cpu_stress,1,frontend,frontend-f05-00,online-boutique,node-a,0.8037,84.6505,0,446.7206,0.000808,21.7991,15.4907,34.3994,43.0352,72.5738,440.3923,446.3598,0.2473,0.1135,489081.3054,433222.8765,cpu_stress,productcatalogservice,2026-06-09 16:25:00,2026-06-09 16:40:00,post_fault,1.8162916,1
2026-06-09 16:49:55,1795,EXP_FAULT_05,RUN_05,cpu_stress,1,frontend,frontend-f05-00,online-boutique,node-a,0.8057,84.6133,0,450.6598,0.00075,19.0857,13.3392,32.3794,38.032,62.9898,444.2354,450.3219,0.2816,0.0563,425874.7166,470811.5531,cpu_stress,productcatalogservice,2026-06-09 16:25:00,2026-06-09 16:40:00,post_fault,0.4457243,0
