timestamp,relative_time_sec,experiment_id,run_id,scenario,label,service,pod,namespace,node,cpu_usage,memory_usage_mb,restart_count,request_rate,error_rate,avg_latency_ms,p50_latency_ms,p90_latency_ms,p95_latency_ms,p99_latency_ms,throughput,http_2xx_rate,http_4xx_rate,http_5xx_rate,network_receive_bytes,network_transmit_bytes,fault_type,fault_service,fault_start_time,fault_end_time,fault_phase,anomaly_score,prediction
2026-06-09 14:00:00,0,EXP_FAULT_01,RUN_01,pod_kill,1,recommendationservice,recommendation-f01-04,online-boutique,node-b,0.4021,31.004,0,136.8084,0.001643,23.587,16.7491,34.4283,43.2015,65.2734,136.7211,136.5836,0.1975,0.0273,144650.1706,131759.6768,pod_kill,coupon-service,2026-06-09 14:05:00,2026-06-09 14:20:00,pre_fault,0.046541583,0
2026-06-09 14:00:05,5,EXP_FAULT_01,RUN_01,pod_kill,1,recommendationservice,recommendation-f01-04,online-boutique,node-b,0.382,31.0677,0,135.9369,0.001291,22.42,18.2172,37.2812,40.1738,57.135,135.8223,135.7614,0.1497,0.0259,123969.2249,90834.6474,pod_kill,coupon-service,2026-06-09 14:05:00,2026-06-09 14:20:00,pre_fault,0.45314282,1
2026-06-09 14:00:10,10,EXP_FAULT_01,RUN_01,pod_kill,1,recommendationservice,recommendation-f01-04,online-boutique,node-b,0.368,30.4406,0,137.9948,0.00119,22.4563,16.0189,34.0038,40.7016,63.0721,137.9333,137.8306,0.145,0.0192,131423.1233,118333.2506,pod_kill,coupon-service,2026-06-09 14:05:00,2026-06-09 14:20:00,pre_fault,0.79650277,1
2026-06-09 14:00:15,15,EXP_FAULT_01,RUN_01,pod_kill,1,recommendationservice,recommendation-f01-04,online-boutique,node-b,0.3746,30.3612,0,132.0159,0.001319,22.3009,17.4138,34.8238,41.4665,56.6199,131.911,131.8418,0.154,0.0201,151769.9284,88047.2223,pod_kill,coupon-service,2026-06-09 14:05:00,2026-06-09 14:20:00,pre_fault,0.37693295,0
2026-06-09 14:00:20,20,EXP_FAULT_01,RUN_01,pod_kill,1,recommendationservice,recommendation-f01-04,online-boutique,node-b,0.3856,30.9371,0,135.2346,0.001517,23.6586,16.7324,35.8667,45.4715,60.9286,135.1526,135.0295,0.1738,0.0313,162945.1917,104754.2117,pod_kill,coupon-service,2026-06-09 14:05:00,2026-06-09 14:20:00,pre_fault,0.11115321,0
2026-06-09 14:00:25,25,EXP_FAULT_01,RUN_01,pod_kill,1,recommendationservice,recommendation-f01-04,online-boutique,node-b,0.3904,31.1264,0,131.5127,0.001536,23.0335,16.1633,36.6888,40.9325,54.2389,131.4418,131.3107,0.1744,0.0276,164405.4611,90203.2937,pod_kill,coupon-service,2026-06-09 14:05:00,2026-06-09 14:20:00,pre_fault,0.075507246,0
2026-06-09 14:00:30,30,EXP_FAULT_01,RUN_01,pod_kill,1,recommendationservice,recommendation-f01-04,online-boutique,node-b,0.4001,30.9282,0,128.9119,0.001069,23.9091,18.6071,40.5903,45.0096,58.9847,128.8371,128.7741,0.1376,0.0002,124559.428,85783.1705,pod_kill,coupon-service,2026-06-09 14:05:00,2026-06-09 14:20:00,pre_fault,0.057464004,0
2026-06-09 14:00:35,35,EXP_FAULT_01,RUN_01,pod_kill,1,recommendationservice,recommendation-f01-04,online-boutique,node-b,0.3862,31.1268,0,134.016,0.000485,22.9374,16.2145,36.7579,40.2122,63.1152,133.989,133.951,0.038,0.027,140449.0186,108996.7774,pod_kill,coupon-service,2026-06-09 14:05:00,2026-06-09 14:20:00,pre_fault,0.18380049,0
2026-06-09 14:00:40,40,EXP_FAULT_01,RUN_01,pod_kill,1,recommendationservice,recommendation-f01-04,online-boutique,node-b,0.3802,30.4637,0,132.8146,0.001228,23.4108,16.512,37.5972,44.5495,63.659,132.7197,132.6514,0.1365,0.0266,135127.5036,126473.2504,pod_kill,coupon-service,2026-06-09 14:05:00,2026-06-09 14:20:00,pre_fault,0.10409061,0
2026-06-09 14:00:45,45,EXP_FAULT_01,RUN_01,pod_kill,1,recommendationservice,recommendation-f01-04,online-boutique,node-b,0.3723,31.1152,0,130.8657,0.001494,22.8003,16.1955,38.3861,46.2618,56.492,130.7807,130.6702,0.1631,0.0323,157994.5233,85517.4563,pod_kill,coupon-service,2026-06-09 14:05:00,2026-06-09 14:20:00,pre_fault,0.2967321,0
2026-06-09 14:00:50,50,EXP_FAULT_01,RUN_01,pod_kill,1,recommendationservice,recommendation-f01-04,online-boutique,node-b,0.3823,30.799,0,131.3861,0.00047,22.8532,16.085,36.0712,43.2183,63.9181,131.3584,131.3244,0.0502,0.0115,129381.6405,89907.1373,pod_kill,coupon-service,2026-06-09 14:05:00,2026-06-09 14:20:00,pre_fault,0.16614276,0
2026-06-09 14:00:55,55,EXP_FAULT_01,RUN_01,pod_kill,1,recommendationservice,recommendation-f01-04,online-boutique,node-b,0.3818,31.4221,0,130.6316,0.000326,22.2244,16.3411,37.1859,41.8284,55.9657,130.6062,130.589,0.033,0.0096,140388.9568,128796.8561,pod_kill,coupon-service,2026-06-09 14:05:00,2026-06-09 14:20:00,pre_fault,0.28788668,0
2026-06-09 14:01:00,60,EXP_FAULT_01,RUN_01,pod_kill,1,recommendationservice,recommendation-f01-04,online-boutique,node-b,0.3897,30.8273,0,125.6867,0.000794,23.6158,17.5179,39.4002,44.5028,66.9886,125.6314,125.5869,0.069,0.0308,127957.0514,108760.4747,pod_kill,coupon-service,2026-06-09 14:05:00,2026-06-09 14:20:00,pre_fault,0.028598007,0
2026-06-09 14:01:05,65,EXP_FAULT_01,RUN_01,pod_kill,1,recommendationservice,recommendation-f01-04,online-boutique,node-b,0.3962,31.1507,0,121.6605,0.000467,20.8279,16.1743,34.8072,38.8307,54.0852,121.6369,121.6036,0.0524,0.0045,136797.6366,94834.2536,pod_kill,coupon-service,2026-06-09 14:05:00,2026-06-09 14:20:00,pre_fault,0.08275006,0
2026-06-09 14:01:10,70,EXP_FAULT_01,RUN_01,pod_kill,1,recommendationservice,recommendation-f01-04,online-boutique,node-b,0.3755,31.4128,0,122.6604,0.001344,22.6847,17.0687,36.1111,42.9366,62.5219,122.5722,122.4955,0.1538,0.0111,144529.0608,109511.6229,pod_kill,coupon-service,2026-06-09 14:05:00,2026-06-09 14:20:00,pre_fault,0.049468376,0
2026-06-09 14:01:15,75,EXP_FAULT_01,RUN_01,pod_kill,1,recommendationservice,recommendation-f01-04,online-boutique,node-b,0.3886,31.3369,0,125.9949,0.001459,22.1792,17.0365,35.5765,40.0328,53.4857,125.8862,125.811,0.1766,0.0072,147868.7231,114059.6694,pod_kill,coupon-service,2026-06-09 14:05:00,2026-06-09 14:20:00,pre_fault,0.078532554,0
2026-06-09 14:01:20,80,EXP_FAULT_01,RUN_01,pod_kill,1,recommendationservice,recommendation-f01-04,online-boutique,node-b,0.3814,31.1759,0,126.6268,0.001202,22.3287,15.9496,36.0718,41.6357,59.1159,126.5235,126.4746,0.1489,0.0033,147052.9985,128826.2574,pod_kill,coupon-service,2026-06-09 14:05:00,2026-06-09 14:20:00,pre_fault,0.12292747,0
2026-06-09 14:01:25,85,EXP_FAULT_01,RUN_01,pod_kill,1,recommendationservice,recommendation-f01-04,online-boutique,node-b,0.4006,29.8601,0,120.7313,0.001581,20.7967,16.1834,32.7139,36.6319,49.5917,120.6077,120.5404,0.1685,0.0225,102571.1203,94733.2162,pod_kill,coupon-service,2026-06-09 14:05:00,2026-06-09 14:20:00,pre_fault,0.04538427,0
2026-06-09 14:01:30,90,EXP_FAULT_01,RUN_01,pod_kill,1,recommendationservice,recommendation-f01-04,online-boutique,node-b,0.3777,31.8701,0,120.0581,0.000828,21.858,15.8327,36.4572,39.0505,60.0186,119.9933,119.9587,0.0623,0.0371,112052.4444,97507.4338,pod_kill,coupon-service,2026-06-09 14:05:00,2026-06-09 14:20:00,pre_fault,0.08665365,0
2026-06-09 14:01:35,95,EXP_FAULT_01,RUN_01,pod_kill,1,recommendationservice,recommendation-f01-04,online-boutique,node-b,0.3699,30.3541,0,119.9394,0.001163,21.0965,17.1907,33.0731,37.4369,49.8701,119.8408,119.8,0.1173,0.0221,121874.0284,109647.295,pod_kill,coupon-service,2026-06-09 14:05:00,2026-06-09 14:20:00,pre_fault,0.23897567,0
2026-06-09 14:01:40,100,EXP_FAULT_01,RUN_01,pod_kill,1,recommendationservice,recommendation-f01-04,online-boutique,node-b,0.3956,31.0125,0,115.3616,0.001744,22.4861,16.4328,36.0827,44.5251,54.5588,115.2857,115.1604,0.179,0.0223,100687.9229,104398.5574,pod_kill,coupon-service,2026-06-09 14:05:00,2026-06-09 14:20:00,pre_fault,0.09803472,0
2026-06-09 14:01:45,105,EXP_FAULT_01,RUN_01,pod_kill,1,recommendationservice,recommendation-f01-04,online-boutique,node-b,0.4016,30.771,0,120.1865,0.001529,23.1788,17.2928,35.188,41.7288,55.9714,120.0775,120.0028,0.1607,0.0231,116726.657,121997.0329,pod_kill,coupon-service,2026-06-09 14:05:00,2026-06-09 14:20:00,pre_fault,0.15463354,0
2026-06-09 14:01:50,110,EXP_FAULT_01,RUN_01,pod_kill,1,recommendationservice,recommendation-f01-04,online-boutique,node-b,0.366,30.931,0,119.0274,0.001064,21.86,17.0369,32.9825,42.7771,56.0779,118.9662,118.9007,0.1197,0.0069,129791.7835,110522.6271,pod_kill,coupon-service,2026-06-09 14:05:00,2026-06-09 14:20:00,pre_fault,0.13293718,0
2026-06-09 14:01:55,115,EXP_FAULT_01,RUN_01,pod_kill,1,recommendationservice,recommendation-f01-04,online-boutique,node-b,0.3748,30.5096,0,116.723,0.000563,21.5899,15.536,35.6291,37.8386,57.84,116.6893,116.6573,0.0321,0.0336,119410.1744,115348.1433,pod_kill,coupon-service,2026-06-09 14:05:00,2026-06-09 14:20:00,pre_fault,0.03755494,0
2026-06-09 14:02:00,120,EXP_FAULT_01,RUN_01,pod_kill,1,recommendationservice,recommendation-f01-04,online-boutique,node-b,0.3505,30.6935,0,119.0249,0.000886,22.0072,17.7078,33.922,43.855,56.2763,118.9755,118.9194,0.0797,0.0258,99789.4658,93129.2981,pod_kill,coupon-service,2026-06-09 14:05:00,2026-06-09 14:20:00,pre_fault,0.2383813,0
2026-06-09 14:02:05,125,EXP_FAULT_01,RUN_01,pod_kill,1,recommendationservice,recommendation-f01-04,online-boutique,node-b,0.3883,30.7396,0,119.4133,0.000755,21.1408,15.9405,30.8027,37.7081,50.1419,119.3459,119.3231,0.0646,0.0256,111819.6977,112741.7511,pod_kill,coupon-service,2026-06-09 14:05:00,2026-06-09 14:20:00,pre_fault,0.051770665,0
2026-06-09 14:02:10,130,EXP_FAULT_01,RUN_01,pod_kill,1,recommendationservice,recommendation-f01-04,online-boutique,node-b,0.3771,31.266,0,120.8649,0.00094,23.4452,18.7753,34.4167,46.2685,63.7734,120.8129,120.7512,0.073,0.0406,100946.0326,82777.6765,pod_kill,coupon-service,2026-06-09 14:05:00,2026-06-09 14:20:00,pre_fault,0.006556192,0
2026-06-09 14:02:15,135,EXP_FAULT_01,RUN_01,pod_kill,1,recommendationservice,recommendation-f01-04,online-boutique,node-b,0.383,31.4365,0,119.2629,0.000791,22.9838,17.225,33.4512,46.0514,56.3723,119.1994,119.1686,0.0867,0.0076,128153.8985,114874.8144,pod_kill,coupon-service,2026-06-09 14:05:00,2026-06-09 14:20:00,pre_fault,0.022902733,0
2026-06-09 14:02:20,140,EXP_FAULT_01,RUN_01,pod_kill,1,recommendationservice,recommendation-f01-04,online-boutique,node-b,0.3885,30.9197,0,118.9787,0.000916,21.7731,15.6397,32.1243,41.6,61.0009,118.9301,118.8697,0.0795,0.0295,142456.96,80836.6424,pod_kill,coupon-service,2026-06-09 14:05:00,2026-06-09 14:20:00,pre_fault,0.011666688,0
2026-06-09 14:02:25,145,EXP_FAULT_01,RUN_01,pod_kill,1,recommendationservice,recommendation-f01-04,online-boutique,node-b,0.3873,30.4066,0,119.4909,0.000431,22.2696,17.9893,34.7018,44.0367,60.3007,119.4703,119.4394,0.0373,0.0141,140121.7936,84946.3643,pod_kill,coupon-service,2026-06-09 14:05:00,2026-06-09 14:20:00,pre_fault,0.01058041,0
2026-06-09 14:02:30,150,EXP_FAULT_01,RUN_01,pod_kill,1,recommendationservice,recommendation-f01-04,online-boutique,node-b,0.3943,31.3425,0,119.5334,0.001276,23.8107,17.643,38.7291,46.851,67.6799,119.4193,119.3809,0.1406,0.0119,121162.3269,123838.288,pod_kill,coupon-service,2026-06-09 14:05:00,2026-06-09 14:20:00,pre_fault,0.18304557,0
2026-06-09 14:02:35,155,EXP_FAULT_01,RUN_01,pod_kill,1,recommendationservice,recommendation-f01-04,online-boutique,node-b,0.3721,30.7998,0,118.0044,0.001192,21.1476,16.3935,34.8669,42.4974,54.9728,117.9064,117.8637,0.1014,0.0393,120229.998,116738.3158,pod_kill,coupon-service,2026-06-09 14:05:00,2026-06-09 14:20:00,pre_fault,0.16185488,0
2026-06-09 14:02:40,160,EXP_FAULT_01,RUN_01,pod_kill,1,recommendationservice,recommendation-f01-04,online-boutique,node-b,0.368,31.8947,0,121.986,0.00064,21.3653,15.8384,32.1672,40.0647,50.6058,121.9549,121.9079,0.0544,0.0237,105883.4573,122716.3937,pod_kill,coupon-service,2026-06-09 14:05:00,2026-06-09 14:20:00,pre_fault,0.3198506,0
2026-06-09 14:02:45,165,EXP_FAULT_01,RUN_01,pod_kill,1,recommendationservice,recommendation-f01-04,online-boutique,node-b,0.3665,31.3354,0,125.1094,0.000791,23.3583,18.7655,37.4765,43.4323,64.7916,125.0715,125.0105,0.0626,0.0363,146487.0995,86634.8587,pod_kill,coupon-service,2026-06-09 14:05:00,2026-06-09 14:20:00,pre_fault,0.07957716,0
2026-06-09 14:02:50,170,EXP_FAULT_01,RUN_01,pod_kill,1,recommendationservice,recommendation-f01-04,online-boutique,node-b,0.3867,31.1248,0,121.4534,0.000955,20.8011,15.6905,32.3145,42.3171,54.4798,121.3769,121.3375,0.0981,0.0179,124695.6431,79533.5877,pod_kill,coupon-service,2026-06-09 14:05:00,2026-06-09 14:20:00,pre_fault,0.17066649,0
2026-06-09 14:02:55,175,EXP_FAULT_01,RUN_01,pod_kill,1,recommendationservice,recommendation-f01-04,online-boutique,node-b,0.3698,31.0649,0,124.3233,0.000477,23.2066,18.2157,35.4899,42.775,56.1468,124.2954,124.2641,0.0548,0.0044,145962.2935,115081.0593,pod_kill,coupon-service,2026-06-09 14:05:00,2026-06-09 14:20:00,pre_fault,0.04925099,0
2026-06-09 14:03:00,180,EXP_FAULT_01,RUN_01,pod_kill,1,recommendationservice,recommendation-f01-04,online-boutique,node-b,0.4034,30.9128,0,122.5966,0.000878,21.5346,17.4512,35.6072,44.0467,53.5945,122.5568,122.4889,0.0763,0.0314,126550.8556,86702.1277,pod_kill,coupon-service,2026-06-09 14:05:00,2026-06-09 14:20:00,pre_fault,0.02198039,0
2026-06-09 14:03:05,185,EXP_FAULT_01,RUN_01,pod_kill,1,recommendationservice,recommendation-f01-04,online-boutique,node-b,0.39,31.4144,0,125.1567,0.001224,21.0628,15.1643,35.2323,37.6997,50.0746,125.0995,125.0035,0.1517,0.0015,109046.5826,84979.8982,pod_kill,coupon-service,2026-06-09 14:05:00,2026-06-09 14:20:00,pre_fault,0.23420879,0
2026-06-09 14:03:10,190,EXP_FAULT_01,RUN_01,pod_kill,1,recommendationservice,recommendation-f01-04,online-boutique,node-b,0.3675,30.9174,0,120.2901,0.000861,21.5316,17.1662,32.2721,43.2696,55.5308,120.2456,120.1865,0.0831,0.0204,100955.7818,109196.129,pod_kill,coupon-service,2026-06-09 14:05:00,2026-06-09 14:20:00,pre_fault,0.21059522,0
2026-06-09 14:03:15,195,EXP_FAULT_01,RUN_01,pod_kill,1,recommendationservice,recommendation-f01-04,online-boutique,node-b,0.3622,30.9244,0,124.3706,0.000677,22.1069,15.732,36.8947,43.3812,52.8295,124.3144,124.2863,0.0436,0.0406,111323.6503,119305.2074,pod_kill,coupon-service,2026-06-09 14:05:00,2026-06-09 14:20:00,pre_fault,0.3055285,0
2026-06-09 14:03:20,200,EXP_FAULT_01,RUN_01,pod_kill,1,recommendationservice,recommendation-f01-04,online-boutique,node-b,0.3683,30.7967,0,124.5411,0.000457,22.0109,17.5056,35.0284,44.4906,55.5655,124.508,124.4841,0.0334,0.0236,115349.5483,93129.4293,pod_kill,coupon-service,2026-06-09 14:05:00,2026-06-09 14:20:00,pre_fault,0.2601921,0
2026-06-09 14:03:25,205,EXP_FAULT_01,RUN_01,pod_kill,1,recommendationservice,recommendation-f01-04,online-boutique,node-b,0.4064,30.0666,0,124.0773,0.000785,22.0137,16.8452,36.9808,40.827,62.1094,124.0233,123.9799,0.0931,0.0043,120972.0976,92017.6358,pod_kill,coupon-service,2026-06-09 14:05:00,2026-06-09 14:20:00,pre_fault,0.042949967,0
2026-06-09 14:03:30,210,EXP_FAULT_01,RUN_01,pod_kill,1,recommendationservice,recommendation-f01-04,online-boutique,node-b,0.3953,30.8309,0,123.2303,0.000777,23.1104,18.4044,35.7013,46.8229,60.3281,123.166,123.1346,0.0813,0.0144,128718.0252,105587.6101,pod_kill,coupon-service,2026-06-09 14:05:00,2026-06-09 14:20:00,pre_fault,0.05186806,0
2026-06-09 14:03:35,215,EXP_FAULT_01,RUN_01,pod_kill,1,recommendationservice,recommendation-f01-04,online-boutique,node-b,0.3984,30.7007,0,124.9526,0.001305,22.6983,17.2559,33.6258,45.3425,60.1291,124.838,124.7896,0.1405,0.0226,113982.6413,83612.2631,pod_kill,coupon-service,2026-06-09 14:05:00,2026-06-09 14:20:00,pre_fault,0.0072351308,0
2026-06-09 14:03:40,220,EXP_FAULT_01,RUN_01,pod_kill,1,recommendationservice,recommendation-f01-04,online-boutique,node-b,0.3903,31.5055,0,118.0926,0.001124,22.5077,16.3196,37.6148,43.1892,53.7469,118.0221,117.9599,0.1083,0.0244,110082.4444,90523.2103,pod_kill,coupon-service,2026-06-09 14:05:00,2026-06-09 14:20:00,pre_fault,0.020441215,0
2026-06-09 14:03:45,225,EXP_FAULT_01,RUN_01,pod_kill,1,recommendationservice,recommendation-f01-04,online-boutique,node-b,0.3897,31.0496,0,123.1746,0.000788,20.8679,15.9275,34.0877,36.5698,54.2193,123.1222,123.0775,0.0905,0.0066,141731.2684,102563.3125,pod_kill,coupon-service,2026-06-09 14:05:00,2026-06-09 14:20:00,pre_fault,0.17540714,0
2026-06-09 14:03:50,230,EXP_FAULT_01,RUN_01,pod_kill,1,recommendationservice,recommendation-f01-04,online-boutique,node-b,0.3835,31.0412,0,119.785,0.001221,22.3419,17.7636,34.2737,39.1467,56.6954,119.6908,119.6387,0.13,0.0162,119886.3188,86524.8609,pod_kill,coupon-service,2026-06-09 14:05:00,2026-06-09 14:20:00,pre_fault,0.0037901625,0
2026-06-09 14:03:55,235,EXP_FAULT_01,RUN_01,pod_kill,1,recommendationservice,recommendation-f01-04,online-boutique,node-b,0.379,30.9426,0,121.548,0.001122,21.6993,17.7226,32.8747,40.5774,51.3348,121.4631,121.4116,0.1273,0.0091,137272.0366,98362.2678,pod_kill,coupon-service,2026-06-09 14:05:00,2026-06-09 14:20:00,pre_fault,0.100156404,0
2026-06-09 14:04:00,240,EXP_FAULT_01,RUN_01,pod_kill,1,recommendationservice,recommendation-f01-04,online-boutique,node-b,0.3816,31.1724,0,116.6901,0.001199,22.0499,16.5574,32.0879,38.8495,55.1425,116.5886,116.5501,0.1188,0.0211,96309.5563,88841.3228,pod_kill,coupon-service,2026-06-09 14:05:00,2026-06-09 14:20:00,pre_fault,0.0013195358,0
2026-06-09 14:04:05,245,EXP_FAULT_01,RUN_01,pod_kill,1,recommendationservice,recommendation-f01-04,online-boutique,node-b,0.3807,31.4569,0,117.2899,0.001025,22.7169,17.7459,33.1431,41.3884,58.756,117.2101,117.1696,0.1056,0.0146,96917.4729,102245.8114,pod_kill,coupon-service,2026-06-09 14:05:00,2026-06-09 14:20:00,pre_fault,0.008759482,0
2026-06-09 14:04:10,250,EXP_FAULT_01,RUN_01,pod_kill,1,recommendationservice,recommendation-f01-04,online-boutique,node-b,0.3968,30.715,0,115.6496,0.0015,22.3155,15.783,33.4137,42.5495,60.5771,115.5726,115.4762,0.1451,0.0283,112549.6271,117934.1606,pod_kill,coupon-service,2026-06-09 14:05:00,2026-06-09 14:20:00,pre_fault,0.09283452,0
2026-06-09 14:04:15,255,EXP_FAULT_01,RUN_01,pod_kill,1,recommendationservice,recommendation-f01-04,online-boutique,node-b,0.3621,31.3971,0,115.4914,0.001029,22.9932,18.1994,33.8501,41.6787,55.7473,115.4125,115.3726,0.113,0.0058,145652.699,82304.8607,pod_kill,coupon-service,2026-06-09 14:05:00,2026-06-09 14:20:00,pre_fault,0.0035323717,0
2026-06-09 14:04:20,260,EXP_FAULT_01,RUN_01,pod_kill,1,recommendationservice,recommendation-f01-04,online-boutique,node-b,0.3648,31.5487,0,118.5123,0.001498,22.347,16.0141,33.3228,45.7249,63.6583,118.3875,118.3348,0.1422,0.0353,130582.0562,115882.1906,pod_kill,coupon-service,2026-06-09 14:05:00,2026-06-09 14:20:00,pre_fault,0.08759086,0
2026-06-09 14:04:25,265,EXP_FAULT_01,RUN_01,pod_kill,1,recommendationservice,recommendation-f01-04,online-boutique,node-b,0.3828,31.3268,0,116.2403,0.000749,23.244,17.2819,38.1709,47.3683,58.7717,116.1986,116.1533,0.051,0.036,108567.8598,93602.9003,pod_kill,coupon-service,2026-06-09 14:05:00,2026-06-09 14:20:00,pre_fault,0.08314066,0
2026-06-09 14:04:30,270,EXP_FAULT_01,RUN_01,pod_kill,1,recommendationservice,recommendation-f01-04,online-boutique,node-b,0.3736,31.1962,0,114.3913,0.000734,21.9527,16.7443,34.0891,42.519,56.4009,114.3502,114.3073,0.0604,0.0236,101078.2245,82668.7433,pod_kill,coupon-service,2026-06-09 14:05:00,2026-06-09 14:20:00,pre_fault,0.0034428197,0
2026-06-09 14:04:35,275,EXP_FAULT_01,RUN_01,pod_kill,1,recommendationservice,recommendation-f01-04,online-boutique,node-b,0.4124,31.729,0,112.1499,0.001541,22.2882,16.1671,35.465,39.1384,52.6716,112.0876,111.9771,0.1453,0.0275,93617.525,104371.3721,pod_kill,coupon-service,2026-06-09 14:05:00,2026-06-09 14:20:00,pre_fault,0.3381495,0
2026-06-09 14:04:40,280,EXP_FAULT_01,RUN_01,pod_kill,1,recommendationservice,recommendation-f01-04,online-boutique,node-b,0.3671,30.8946,0,110.1693,0.0008,21.4657,17.3279,35.8839,39.1424,60.4351,110.1325,110.0812,0.0755,0.0127,97889.3892,89374.7355,pod_kill,coupon-service,2026-06-09 14:05:00,2026-06-09 14:20:00,pre_fault,0.0049178014,0
2026-06-09 14:04:45,285,EXP_FAULT_01,RUN_01,pod_kill,1,recommendationservice,recommendation-f01-04,online-boutique,node-b,0.3918,30.6203,0,113.5501,0.001453,22.6755,18.4806,33.6601,44.0239,57.411,113.4859,113.3852,0.1449,0.0201,111799.1619,75781.813,pod_kill,coupon-service,2026-06-09 14:05:00,2026-06-09 14:20:00,pre_fault,0.16329563,0
2026-06-09 14:04:50,290,EXP_FAULT_01,RUN_01,pod_kill,1,recommendationservice,recommendation-f01-04,online-boutique,node-b,0.3827,30.4871,0,113.4337,0.000834,22.3464,15.8526,33.7228,45.7326,53.7437,113.3793,113.3391,0.0675,0.0272,106066.7338,117583.3599,pod_kill,coupon-service,2026-06-09 14:05:00,2026-06-09 14:20:00,pre_fault,0.07036281,0
2026-06-09 14:04:55,295,EXP_FAULT_01,RUN_01,pod_kill,1,recommendationservice,recommendation-f01-04,online-boutique,node-b,0.3683,30.9498,0,109.6938,0.000857,20.6616,16.3193,32.5507,40.2391,49.5123,109.6582,109.5999,0.0636,0.0304,131572.5604,76744.7071,pod_kill,coupon-service,2026-06-09 14:05:00,2026-06-09 14:20:00,pre_fault,0.036317863,0
2026-06-09 14:05:00,300,EXP_FAULT_01,RUN_01,pod_kill,1,recommendationservice,recommendation-f01-04,online-boutique,node-b,0.3762,30.97,0,113.545,0.003202,29.1195,20.3209,55.0645,76.2402,118.8346,107.2601,113.1815,0.0715,0.292,105904.861,88274.4907,pod_kill,coupon-service,2026-06-09 14:05:00,2026-06-09 14:20:00,during_fault,2.6033359,1
2026-06-09 14:05:05,305,EXP_FAULT_01,RUN_01,pod_kill,1,recommendationservice,recommendation-f01-04,online-boutique,node-b,0.37,31.2145,0,112.365,0.003427,30.4483,21.7421,58.2104,85.849,128.2981,106.1647,111.9799,0.0778,0.3073,142898.8542,99631.5853,pod_kill,coupon-service,2026-06-09 14:05:00,2026-06-09 14:20:00,during_fault,3.5191941,1
2026-06-09 14:05:10,310,EXP_FAULT_01,RUN_01,pod_kill,1,recommendationservice,recommendation-f01-04,online-boutique,node-b,0.3811,31.1895,0,113.4802,0.003822,30.7426,20.4139,59.2056,78.0602,134.3394,107.2472,113.0465,0.1141,0.3197,140017.8632,81423.7295,pod_kill,coupon-service,2026-06-09 14:05:00,2026-06-09 14:20:00,during_fault,4.2624025,1
2026-06-09 14:05:15,315,EXP_FAULT_01,RUN_01,pod_kill,1,recommendationservice,recommendation-f01-04,online-boutique,node-b,0.3883,31.2091,0,113.7138,0.003866,28.3505,21.0146,53.6691,75.4396,131.7213,107.4921,113.2743,0.1279,0.3117,134226.6372,106203.1653,pod_kill,coupon-service,2026-06-09 14:05:00,2026-06-09 14:20:00,during_fault,2.5191264,1
2026-06-09 14:05:20,320,EXP_FAULT_01,RUN_01,pod_kill,1,recommendationservice,recommendation-f01-04,online-boutique,node-b,0.3542,31.2362,0,110.0371,0.004328,26.8428,18.835,51.0944,76.3079,117.7123,104.1185,109.5609,0.1752,0.301,111671.9196,102878.0152,pod_kill,coupon-service,2026-06-09 14:05:00,2026-06-09 14:20:00,during_fault,1.281131,1
2026-06-09 14:05:25,325,EXP_FAULT_01,RUN_01,pod_kill,1,recommendationservice,recommendation-f01-04,online-boutique,node-b,0.3802,30.9829,0,109.0966,0.00343,28.0632,20.5306,53.973,78.6123,127.4458,103.3222,108.7224,0.1085,0.2657,132656.4969,82868.3774,pod_kill,coupon-service,2026-06-09 14:05:00,2026-06-09 14:20:00,during_fault,2.4649632,1
2026-06-09 14:05:30,330,EXP_FAULT_01,RUN_01,pod_kill,1,recommendationservice,recommendation-f01-04,online-boutique,node-b,0.3698,31.5355,0,113.3091,0.003615,28.9601,19.5548,51.0686,75.4469,128.5859,107.4206,112.8994,0.1381,0.2715,130482.6905,108456.4404,pod_kill,coupon-service,2026-06-09 14:05:00,2026-06-09 14:20:00,during_fault,2.219248,1
2026-06-09 14:05:35,335,EXP_FAULT_01,RUN_01,pod_kill,1,recommendationservice,recommendation-f01-04,online-boutique,node-b,0.3977,30.9478,0,119.874,0.002952,31.1218,23.3525,59.6351,81.2493,135.6431,113.8354,119.5202,0.0713,0.2825,123380.0705,99773.808,pod_kill,coupon-service,2026-06-09 14:05:00,2026-06-09 14:20:00,during_fault,4.76075,1
2026-06-09 14:05:40,340,EXP_FAULT_01,RUN_01,pod_kill,1,recommendationservice,recommendation-f01-04,online-boutique,node-b,0.3853,31.3389,0,112.2293,0.003275,26.4898,17.6794,49.8777,64.6187,100.815,106.7247,111.8617,0.1188,0.2487,141616.6149,116139.3734,pod_kill,coupon-service,2026-06-09 14:05:00,2026-06-09 14:20:00,during_fault,1.3997797,1
2026-06-09 14:05:45,345,EXP_FAULT_01,RUN_01,pod_kill,1,recommendationservice,recommendation-f01-04,online-boutique,node-b,0.3968,31.0919,0,118.0424,0.002474,27.7103,18.6628,53.1874,77.2152,122.813,112.4474,117.7504,0.0374,0.2546,135826.9573,87356.2436,pod_kill,coupon-service,2026-06-09 14:05:00,2026-06-09 14:20:00,during_fault,1.9601415,1
2026-06-09 14:05:50,350,EXP_FAULT_01,RUN_01,pod_kill,1,recommendationservice,recommendation-f01-04,online-boutique,node-b,0.3973,31.1769,0,117.0232,0.003428,26.6372,17.8589,48.9158,70.0814,110.9349,111.6088,116.6221,0.1447,0.2565,113117.7054,84070.0332,pod_kill,coupon-service,2026-06-09 14:05:00,2026-06-09 14:20:00,during_fault,1.4365629,1
2026-06-09 14:05:55,355,EXP_FAULT_01,RUN_01,pod_kill,1,recommendationservice,recommendation-f01-04,online-boutique,node-b,0.3866,31.0941,0,121.7316,0.003358,29.8786,20.9372,58.4437,71.0465,108.9728,116.2812,121.3228,0.1414,0.2674,106259.3215,85717.8241,pod_kill,coupon-service,2026-06-09 14:05:00,2026-06-09 14:20:00,during_fault,2.7351966,1
2026-06-09 14:06:00,360,EXP_FAULT_01,RUN_01,pod_kill,1,recommendationservice,recommendation-f01-04,online-boutique,node-b,0.3643,30.6012,0,116.3312,0.003603,28.0911,21.0998,52.9943,67.267,115.1037,111.273,115.9121,0.1721,0.247,135262.6372,112428.8984,pod_kill,coupon-service,2026-06-09 14:05:00,2026-06-09 14:20:00,during_fault,1.2663094,1
2026-06-09 14:06:05,365,EXP_FAULT_01,RUN_01,pod_kill,1,recommendationservice,recommendation-f01-04,online-boutique,node-b,0.3765,31.0469,0,115.2493,0.002646,25.416,17.8892,43.6582,63.8661,92.1929,110.4806,114.9444,0.0836,0.2213,123433.6357,78912.3865,pod_kill,coupon-service,2026-06-09 14:05:00,2026-06-09 14:20:00,during_fault,0.5002713,1
2026-06-09 14:06:10,370,EXP_FAULT_01,RUN_01,pod_kill,1,recommendationservice,recommendation-f01-04,online-boutique,node-b,0.3625,31.0002,0,120.5247,0.002678,28.2505,20.4627,52.9683,72.2468,111.5944,115.7546,120.2019,0.0986,0.2242,151538.9165,90867.6753,pod_kill,coupon-service,2026-06-09 14:05:00,2026-06-09 14:20:00,during_fault,1.009681,1
2026-06-09 14:06:15,375,EXP_FAULT_01,RUN_01,pod_kill,1,recommendationservice,recommendation-f01-04,online-boutique,node-b,0.3675,30.7571,0,117.1983,0.00209,26.6926,20.2237,47.0181,67.7332,102.4077,112.7568,116.9534,0.0434,0.2015,98553.0532,113914.8794,pod_kill,coupon-service,2026-06-09 14:05:00,2026-06-09 14:20:00,during_fault,0.6839057,1
2026-06-09 14:06:20,380,EXP_FAULT_01,RUN_01,pod_kill,1,recommendationservice,recommendation-f01-04,online-boutique,node-b,0.385,30.9499,0,120.0555,0.002309,27.1696,18.5035,50.4083,72.102,99.8135,115.6673,119.7783,0.0548,0.2225,146900.9156,104346.3865,pod_kill,coupon-service,2026-06-09 14:05:00,2026-06-09 14:20:00,during_fault,1.1045921,1
2026-06-09 14:06:25,385,EXP_FAULT_01,RUN_01,pod_kill,1,recommendationservice,recommendation-f01-04,online-boutique,node-b,0.3668,30.9494,0,121.5205,0.003019,28.7036,20.8406,48.8518,73.6134,105.6569,117.2498,121.1537,0.1657,0.2011,129239.9707,114975.1707,pod_kill,coupon-service,2026-06-09 14:05:00,2026-06-09 14:20:00,during_fault,1.3035148,1
2026-06-09 14:06:30,390,EXP_FAULT_01,RUN_01,pod_kill,1,recommendationservice,recommendation-f01-04,online-boutique,node-b,0.3936,31.1137,0,120.9671,0.002781,26.3555,19.8998,49.138,66.7928,97.8625,116.8478,120.6306,0.1521,0.1844,148733.5853,121399.8892,pod_kill,coupon-service,2026-06-09 14:05:00,2026-06-09 14:20:00,during_fault,0.86239946,1
2026-06-09 14:06:35,395,EXP_FAULT_01,RUN_01,pod_kill,1,recommendationservice,recommendation-f01-04,online-boutique,node-b,0.3753,30.6946,0,118.4717,0.002036,26.3259,18.8508,45.6675,65.2444,94.2816,114.655,118.2305,0.0631,0.1781,135792.5312,98202.706,pod_kill,coupon-service,2026-06-09 14:05:00,2026-06-09 14:20:00,during_fault,0.6373834,1
2026-06-09 14:06:40,400,EXP_FAULT_01,RUN_01,pod_kill,1,recommendationservice,recommendation-f01-04,online-boutique,node-b,0.4155,31.487,0,118.9121,0.002255,24.731,17.6277,41.815,63.0717,85.85,115.186,118.6439,0.0939,0.1742,134501.2382,122705.0768,pod_kill,coupon-service,2026-06-09 14:05:00,2026-06-09 14:20:00,during_fault,0.8336214,1
2026-06-09 14:06:45,405,EXP_FAULT_01,RUN_01,pod_kill,1,recommendationservice,recommendation-f01-04,online-boutique,node-b,0.3893,31.0422,0,119.9805,0.002707,25.422,18.7677,42.9562,63.0006,90.3456,116.3077,119.6557,0.1349,0.1899,148508.9445,81895.2863,pod_kill,coupon-service,2026-06-09 14:05:00,2026-06-09 14:20:00,during_fault,0.4864645,1
2026-06-09 14:06:50,410,EXP_FAULT_01,RUN_01,pod_kill,1,recommendationservice,recommendation-f01-04,online-boutique,node-b,0.3854,31.1755,0,118.5726,0.002101,23.9229,16.6531,39.5941,54.1438,85.7313,115.0717,118.3234,0.0559,0.1933,144543.731,108624.3883,pod_kill,coupon-service,2026-06-09 14:05:00,2026-06-09 14:20:00,during_fault,0.13140988,0
2026-06-09 14:06:55,415,EXP_FAULT_01,RUN_01,pod_kill,1,recommendationservice,recommendation-f01-04,online-boutique,node-b,0.4002,31.5046,0,115.9819,0.001923,24.3598,17.8032,44.2539,61.9361,79.2818,112.6428,115.7588,0.0697,0.1533,127325.9932,91836.3493,pod_kill,coupon-service,2026-06-09 14:05:00,2026-06-09 14:20:00,during_fault,0.540922,1
2026-06-09 14:07:00,420,EXP_FAULT_01,RUN_01,pod_kill,1,recommendationservice,recommendation-f01-04,online-boutique,node-b,0.3864,30.879,0,119.6165,0.002841,24.972,17.4299,46.5533,56.749,91.4123,116.2118,119.2767,0.177,0.1628,116406.7292,123601.1959,pod_kill,coupon-service,2026-06-09 14:05:00,2026-06-09 14:20:00,during_fault,0.3307074,0
2026-06-09 14:07:05,425,EXP_FAULT_01,RUN_01,pod_kill,1,recommendationservice,recommendation-f01-04,online-boutique,node-b,0.3674,31.2536,0,116.9815,0.001947,25.5255,17.3891,42.0847,64.4664,82.9473,113.7217,116.7537,0.0669,0.1608,123737.6688,100421.3425,pod_kill,coupon-service,2026-06-09 14:05:00,2026-06-09 14:20:00,during_fault,0.29881918,0
2026-06-09 14:07:10,430,EXP_FAULT_01,RUN_01,pod_kill,1,recommendationservice,recommendation-f01-04,online-boutique,node-b,0.3892,31.0684,0,115.8725,0.002715,27.2675,18.3957,44.7303,65.3043,92.6444,112.6078,115.5579,0.1677,0.1469,119292.0924,94386.1841,pod_kill,coupon-service,2026-06-09 14:05:00,2026-06-09 14:20:00,during_fault,1.6008368,1
2026-06-09 14:07:15,435,EXP_FAULT_01,RUN_01,pod_kill,1,recommendationservice,recommendation-f01-04,online-boutique,node-b,0.388,30.6972,0,111.2346,0.002839,25.8031,17.7089,45.7078,57.2526,91.7019,108.0694,110.9188,0.175,0.1408,116030.6325,96351.4001,pod_kill,coupon-service,2026-06-09 14:05:00,2026-06-09 14:20:00,during_fault,1.1981678,1
2026-06-09 14:07:20,440,EXP_FAULT_01,RUN_01,pod_kill,1,recommendationservice,recommendation-f01-04,online-boutique,node-b,0.3696,31.1,0,111.6754,0.002709,26.4534,19.1445,44.1328,58.4389,98.4308,108.4561,111.3729,0.132,0.1705,94979.0567,97928.9348,pod_kill,coupon-service,2026-06-09 14:05:00,2026-06-09 14:20:00,during_fault,0.94405395,1
2026-06-09 14:07:25,445,EXP_FAULT_01,RUN_01,pod_kill,1,recommendationservice,recommendation-f01-04,online-boutique,node-b,0.3958,31.1732,0,115.0803,0.003086,24.8654,18.1863,43.8349,55.1202,82.1166,111.6945,114.7251,0.1681,0.1871,122502.9704,88518.7725,pod_kill,coupon-service,2026-06-09 14:05:00,2026-06-09 14:20:00,during_fault,0.7646226,1
2026-06-09 14:07:30,450,EXP_FAULT_01,RUN_01,pod_kill,1,recommendationservice,recommendation-f01-04,online-boutique,node-b,0.3638,30.7541,0,114.4831,0.00269,26.8115,19.8527,50.645,66.3817,90.0119,111.0544,114.1751,0.1307,0.1773,124649.7334,92840.4715,pod_kill,coupon-service,2026-06-09 14:05:00,2026-06-09 14:20:00,during_fault,0.77911395,1
2026-06-09 14:07:35,455,EXP_FAULT_01,RUN_01,pod_kill,1,recommendationservice,recommendation-f01-04,online-boutique,node-b,0.3914,30.9019,0,114.3893,0.002224,24.626,18.0324,42.0109,60.7142,89.1982,110.9411,114.1349,0.0942,0.1602,100246.4297,101744.876,pod_kill,coupon-service,2026-06-09 14:05:00,2026-06-09 14:20:00,during_fault,0.58157367,1
2026-06-09 14:07:40,460,EXP_FAULT_01,RUN_01,pod_kill,1,recommendationservice,recommendation-f01-04,online-boutique,node-b,0.3725,30.6156,0,117.2179,0.002522,26.6012,20.7301,50.2049,63.5333,97.3261,113.5505,116.9223,0.1054,0.1903,96908.78,102573.0253,pod_kill,coupon-service,2026-06-09 14:05:00,2026-06-09 14:20:00,during_fault,0.73353845,1
2026-06-09 14:07:45,465,EXP_FAULT_01,RUN_01,pod_kill,1,recommendationservice,recommendation-f01-04,online-boutique,node-b,0.4132,31.5831,0,113.8396,0.00237,27.7964,20.2568,53.183,67.3434,104.6901,110.1382,113.5697,0.0864,0.1835,105583.4368,100782.2696,pod_kill,coupon-service,2026-06-09 14:05:00,2026-06-09 14:20:00,during_fault,3.1948006,1
2026-06-09 14:07:50,470,EXP_FAULT_01,RUN_01,pod_kill,1,recommendationservice,recommendation-f01-04,online-boutique,node-b,0.3912,30.5931,0,115.4408,0.00241,27.8797,18.6775,50.1914,66.4933,109.8329,111.5615,115.1626,0.1004,0.1778,123587.281,83731.5073,pod_kill,coupon-service,2026-06-09 14:05:00,2026-06-09 14:20:00,during_fault,2.1913574,1
2026-06-09 14:07:55,475,EXP_FAULT_01,RUN_01,pod_kill,1,recommendationservice,recommendation-f01-04,online-boutique,node-b,0.3773,31.376,0,115.4904,0.002158,27.6102,18.5918,47.2129,72.4649,97.0649,111.4664,115.2412,0.0396,0.2097,120244.1865,79145.3623,pod_kill,coupon-service,2026-06-09 14:05:00,2026-06-09 14:20:00,during_fault,1.4344987,1
2026-06-09 14:08:00,480,EXP_FAULT_01,RUN_01,pod_kill,1,recommendationservice,recommendation-f01-04,online-boutique,node-b,0.3678,29.9891,0,111.3128,0.002546,27.5739,18.8431,53.8395,67.8549,100.6094,107.2523,111.0294,0.0769,0.2065,140853.4514,78222.9322,pod_kill,coupon-service,2026-06-09 14:05:00,2026-06-09 14:20:00,during_fault,1.6089376,1
2026-06-09 14:08:05,485,EXP_FAULT_01,RUN_01,pod_kill,1,recommendationservice,recommendation-f01-04,online-boutique,node-b,0.3738,30.5373,0,112.2889,0.003073,27.3119,20.4877,48.7695,67.6529,111.0859,107.9733,111.9439,0.1262,0.2189,113454.7865,94337.0535,pod_kill,coupon-service,2026-06-09 14:05:00,2026-06-09 14:20:00,during_fault,1.4664264,1
2026-06-09 14:08:10,490,EXP_FAULT_01,RUN_01,pod_kill,1,recommendationservice,recommendation-f01-04,online-boutique,node-b,0.3808,30.7205,0,115.1466,0.003385,27.2699,18.5049,51.6422,66.3637,106.4682,110.5569,114.7568,0.147,0.2428,123056.7492,92210.653,pod_kill,coupon-service,2026-06-09 14:05:00,2026-06-09 14:20:00,during_fault,1.3908416,1
2026-06-09 14:08:15,495,EXP_FAULT_01,RUN_01,pod_kill,1,recommendationservice,recommendation-f01-04,online-boutique,node-b,0.3871,31.3861,0,116.063,0.002549,25.0496,18.3831,49.3579,65.0036,91.045,111.2927,115.7672,0.0487,0.2471,127838.5127,91068.1494,pod_kill,coupon-service,2026-06-09 14:05:00,2026-06-09 14:20:00,during_fault,0.5209533,1
2026-06-09 14:08:20,500,EXP_FAULT_01,RUN_01,pod_kill,1,recommendationservice,recommendation-f01-04,online-boutique,node-b,0.3619,30.8513,0,113.2227,0.003201,27.0742,19.1512,52.789,67.2369,101.5003,108.3159,112.8603,0.1362,0.2262,109339.6133,112696.7652,pod_kill,coupon-service,2026-06-09 14:05:00,2026-06-09 14:20:00,during_fault,0.9366314,1
2026-06-09 14:08:25,505,EXP_FAULT_01,RUN_01,pod_kill,1,recommendationservice,recommendation-f01-04,online-boutique,node-b,0.3827,31.9012,0,113.8715,0.00329,27.3745,19.1433,47.5922,68.0699,107.8698,108.7781,113.4968,0.1205,0.2541,132734.3313,105915.5002,pod_kill,coupon-service,2026-06-09 14:05:00,2026-06-09 14:20:00,during_fault,1.7796891,1
2026-06-09 14:08:30,510,EXP_FAULT_01,RUN_01,pod_kill,1,recommendationservice,recommendation-f01-04,online-boutique,node-b,0.3993,31.2313,0,120.6564,0.003752,29.1975,19.7895,51.3399,81.682,109.9935,115.043,120.2038,0.1767,0.276,142386.3782,103874.8035,pod_kill,coupon-service,2026-06-09 14:05:00,2026-06-09 14:20:00,during_fault,2.8776765,1
2026-06-09 14:08:35,515,EXP_FAULT_01,RUN_01,pod_kill,1,recommendationservice,recommendation-f01-04,online-boutique,node-b,0.3795,30.952,0,119.9808,0.003942,29.3007,19.7834,58.7423,73.165,109.8502,114.2283,119.5078,0.1866,0.2863,113022.3014,105238.7495,pod_kill,coupon-service,2026-06-09 14:05:00,2026-06-09 14:20:00,during_fault,2.1748517,1
2026-06-09 14:08:40,520,EXP_FAULT_01,RUN_01,pod_kill,1,recommendationservice,recommendation-f01-04,online-boutique,node-b,0.3991,31.5232,0,118.7875,0.00339,27.7248,18.8029,51.0223,68.3779,119.6101,112.9508,118.3848,0.1342,0.2685,100034.2218,84794.3744,pod_kill,coupon-service,2026-06-09 14:05:00,2026-06-09 14:20:00,during_fault,1.9793308,1
2026-06-09 14:08:45,525,EXP_FAULT_01,RUN_01,pod_kill,1,recommendationservice,recommendation-f01-04,online-boutique,node-b,0.3739,31.2859,0,122.3063,0.003357,27.3911,18.5433,49.292,72.2935,104.8188,116.1456,121.8957,0.103,0.3076,136908.8684,103840.3361,pod_kill,coupon-service,2026-06-09 14:05:00,2026-06-09 14:20:00,during_fault,0.8405883,1
2026-06-09 14:08:50,530,EXP_FAULT_01,RUN_01,pod_kill,1,recommendationservice,recommendation-f01-04,online-boutique,node-b,0.3566,31.7528,0,123.0962,0.003734,28.6635,20.9454,55.4077,78.2539,111.434,116.7121,122.6366,0.1531,0.3065,113635.7995,125788.5999,pod_kill,coupon-service,2026-06-09 14:05:00,2026-06-09 14:20:00,during_fault,1.0212355,1
2026-06-09 14:08:55,535,EXP_FAULT_01,RUN_01,pod_kill,1,recommendationservice,recommendation-f01-04,online-boutique,node-b,0.3705,30.9884,0,120.8967,0.003839,27.7351,19.6269,51.8116,73.5114,126.0889,114.5026,120.4326,0.1653,0.2989,115762.139,110838.832,pod_kill,coupon-service,2026-06-09 14:05:00,2026-06-09 14:20:00,during_fault,1.0064557,1
2026-06-09 14:09:00,540,EXP_FAULT_01,RUN_01,pod_kill,1,recommendationservice,recommendation-f01-04,online-boutique,node-b,0.3858,31.2864,0,122.7985,0.003302,29.9933,21.8661,55.438,85.7143,123.8864,116.2268,122.3931,0.0921,0.3133,139919.6672,122555.1181,pod_kill,coupon-service,2026-06-09 14:05:00,2026-06-09 14:20:00,during_fault,2.7443871,1
2026-06-09 14:09:05,545,EXP_FAULT_01,RUN_01,pod_kill,1,recommendationservice,recommendation-f01-04,online-boutique,node-b,0.3945,31.0571,0,129.6805,0.003337,27.6545,18.0349,55.8456,69.9858,112.7492,122.6232,129.2479,0.0932,0.3395,153497.2495,124038.7511,pod_kill,coupon-service,2026-06-09 14:05:00,2026-06-09 14:20:00,during_fault,0.92445487,1
2026-06-09 14:09:10,550,EXP_FAULT_01,RUN_01,pod_kill,1,recommendationservice,recommendation-f01-04,online-boutique,node-b,0.3672,30.7109,0,126.9559,0.004113,27.2919,19.0622,53.7609,74.7524,107.1743,119.9414,126.4338,0.1719,0.3503,120033.2835,108829.576,pod_kill,coupon-service,2026-06-09 14:05:00,2026-06-09 14:20:00,during_fault,0.54453784,1
2026-06-09 14:09:15,555,EXP_FAULT_01,RUN_01,pod_kill,1,recommendationservice,recommendation-f01-04,online-boutique,node-b,0.3656,31.3251,0,127.0655,0.003315,29.1037,19.9201,60.1018,77.9202,130.1138,120.0451,126.6443,0.0779,0.3432,114603.7938,109816.2566,pod_kill,coupon-service,2026-06-09 14:05:00,2026-06-09 14:20:00,during_fault,1.1522558,1
2026-06-09 14:09:20,560,EXP_FAULT_01,RUN_01,pod_kill,1,recommendationservice,recommendation-f01-04,online-boutique,node-b,0.3861,30.9229,0,127.6636,0.003563,31.7045,23.3476,61.6191,91.1293,145.9108,120.564,127.2088,0.1005,0.3543,148191.1326,93682.5213,pod_kill,coupon-service,2026-06-09 14:05:00,2026-06-09 14:20:00,during_fault,3.669494,1
2026-06-09 14:09:25,565,EXP_FAULT_01,RUN_01,pod_kill,1,recommendationservice,recommendation-f01-04,online-boutique,node-b,0.3885,31.667,0,130.5789,0.003873,31.6761,21.6512,59.6315,86.2686,128.8298,123.284,130.0731,0.1459,0.3599,137401.8442,104141.4075,pod_kill,coupon-service,2026-06-09 14:05:00,2026-06-09 14:20:00,during_fault,3.947064,1
2026-06-09 14:09:30,570,EXP_FAULT_01,RUN_01,pod_kill,1,recommendationservice,recommendation-f01-04,online-boutique,node-b,0.3897,31.078,0,131.9049,0.004139,31.2208,23.1938,57.795,78.2018,137.3366,124.549,131.359,0.2091,0.3368,123772.1945,97979.3898,pod_kill,coupon-service,2026-06-09 14:05:00,2026-06-09 14:20:00,during_fault,3.0835724,1
2026-06-09 14:09:35,575,EXP_FAULT_01,RUN_01,pod_kill,1,recommendationservice,recommendation-f01-04,online-boutique,node-b,0.3506,31.3399,0,126.879,0.003493,30.681,23.0725,56.003,86.3514,127.3812,119.9327,126.4358,0.0861,0.3571,128831.7703,128658.7872,pod_kill,coupon-service,2026-06-09 14:05:00,2026-06-09 14:20:00,during_fault,1.5759225,1
2026-06-09 14:09:40,580,EXP_FAULT_01,RUN_01,pod_kill,1,recommendationservice,recommendation-f01-04,online-boutique,node-b,0.4046,31.4768,0,125.5485,0.00383,31.5175,22.7735,57.9105,80.7497,144.8506,118.6954,125.0677,0.153,0.3278,134568.2025,109870.3527,pod_kill,coupon-service,2026-06-09 14:05:00,2026-06-09 14:20:00,during_fault,5.0279474,1
2026-06-09 14:09:45,585,EXP_FAULT_01,RUN_01,pod_kill,1,recommendationservice,recommendation-f01-04,online-boutique,node-b,0.405,31.1897,0,128.9281,0.002758,28.1848,20.6541,50.3488,79.1842,123.0725,122.0662,128.5725,0.0372,0.3184,130455.6517,84413.5311,pod_kill,coupon-service,2026-06-09 14:05:00,2026-06-09 14:20:00,during_fault,1.5822185,1
2026-06-09 14:09:50,590,EXP_FAULT_01,RUN_01,pod_kill,1,recommendationservice,recommendation-f01-04,online-boutique,node-b,0.3858,31.3375,0,123.3719,0.003241,26.9622,19.6299,52.9337,77.6332,122.3106,116.892,122.9721,0.1034,0.2964,107124.8282,119292.1747,pod_kill,coupon-service,2026-06-09 14:05:00,2026-06-09 14:20:00,during_fault,0.8229631,1
2026-06-09 14:09:55,595,EXP_FAULT_01,RUN_01,pod_kill,1,recommendationservice,recommendation-f01-04,online-boutique,node-b,0.3899,31.0194,0,134.0619,0.003898,28.9501,19.5869,52.3699,74.3364,116.3067,127.1062,133.5394,0.1985,0.3241,162024.0909,93558.4013,pod_kill,coupon-service,2026-06-09 14:05:00,2026-06-09 14:20:00,during_fault,1.2164571,1
2026-06-09 14:10:00,600,EXP_FAULT_01,RUN_01,pod_kill,1,recommendationservice,recommendation-f01-04,online-boutique,node-b,0.3804,31.1015,0,127.8691,0.003042,29.1115,19.3206,57.9445,81.6245,120.6924,121.4335,127.4802,0.0882,0.3007,137554.5356,112347.4684,pod_kill,coupon-service,2026-06-09 14:05:00,2026-06-09 14:20:00,during_fault,1.4712578,1
2026-06-09 14:10:05,605,EXP_FAULT_01,RUN_01,pod_kill,1,recommendationservice,recommendation-f01-04,online-boutique,node-b,0.3985,31.1587,0,130.3912,0.002749,29.7766,20.5401,58.7838,78.8485,132.9661,124.0058,130.0328,0.0471,0.3114,119920.1629,101925.4255,pod_kill,coupon-service,2026-06-09 14:05:00,2026-06-09 14:20:00,during_fault,2.326829,1
2026-06-09 14:10:10,610,EXP_FAULT_01,RUN_01,pod_kill,1,recommendationservice,recommendation-f01-04,online-boutique,node-b,0.3961,30.9074,0,130.9129,0.00395,28.3279,18.6982,55.0945,76.0821,113.7094,124.6139,130.3958,0.2064,0.3107,111911.3273,131522.0562,pod_kill,coupon-service,2026-06-09 14:05:00,2026-06-09 14:20:00,during_fault,1.239739,1
2026-06-09 14:10:15,615,EXP_FAULT_01,RUN_01,pod_kill,1,recommendationservice,recommendation-f01-04,online-boutique,node-b,0.3908,30.7699,0,130.1161,0.003,29.0056,19.7828,53.7899,77.9367,118.2871,124.0982,129.7258,0.0951,0.2952,158310.4219,122591.0668,pod_kill,coupon-service,2026-06-09 14:05:00,2026-06-09 14:20:00,during_fault,1.5088319,1
2026-06-09 14:10:20,620,EXP_FAULT_01,RUN_01,pod_kill,1,recommendationservice,recommendation-f01-04,online-boutique,node-b,0.3947,32.2872,0,124.0702,0.003576,28.3803,18.8062,57.3859,68.5149,116.1046,118.512,123.6265,0.189,0.2547,132948.2561,104818.1271,pod_kill,coupon-service,2026-06-09 14:05:00,2026-06-09 14:20:00,during_fault,2.5820453,1
2026-06-09 14:10:25,625,EXP_FAULT_01,RUN_01,pod_kill,1,recommendationservice,recommendation-f01-04,online-boutique,node-b,0.3907,30.9138,0,126.2204,0.003578,27.9001,20.8167,51.4479,75.8397,120.6727,120.7172,125.7688,0.1699,0.2817,114263.456,96556.4596,pod_kill,coupon-service,2026-06-09 14:05:00,2026-06-09 14:20:00,during_fault,1.1551033,1
2026-06-09 14:10:30,630,EXP_FAULT_01,RUN_01,pod_kill,1,recommendationservice,recommendation-f01-04,online-boutique,node-b,0.3703,30.7321,0,128.9498,0.003176,28.6657,20.1867,56.5555,77.28,109.8819,123.5737,128.5403,0.1404,0.2692,109235.342,110136.3916,pod_kill,coupon-service,2026-06-09 14:05:00,2026-06-09 14:20:00,during_fault,0.88420117,1
2026-06-09 14:10:35,635,EXP_FAULT_01,RUN_01,pod_kill,1,recommendationservice,recommendation-f01-04,online-boutique,node-b,0.3766,31.1556,0,130.0957,0.00247,26.4802,19.7029,46.9812,63.2476,98.8716,124.9479,129.7744,0.0735,0.2479,136720.77,108527.4102,pod_kill,coupon-service,2026-06-09 14:05:00,2026-06-09 14:20:00,during_fault,0.23591581,0
2026-06-09 14:10:40,640,EXP_FAULT_01,RUN_01,pod_kill,1,recommendationservice,recommendation-f01-04,online-boutique,node-b,0.4125,31.4531,0,125.0436,0.003197,26.2934,17.6154,51.2175,66.6218,100.4317,120.2332,124.6439,0.1642,0.2355,128376.1241,87972.1204,pod_kill,coupon-service,2026-06-09 14:05:00,2026-06-09 14:20:00,during_fault,1.0769653,1
2026-06-09 14:10:45,645,EXP_FAULT_01,RUN_01,pod_kill,1,recommendationservice,recommendation-f01-04,online-boutique,node-b,0.38,31.0112,0,125.2916,0.002469,26.6493,20.4535,46.4865,69.3906,106.4033,120.7312,124.9822,0.0735,0.2359,153914.2492,97378.2158,pod_kill,coupon-service,2026-06-09 14:05:00,2026-06-09 14:20:00,during_fault,0.4691782,1
2026-06-09 14:10:50,650,EXP_FAULT_01,RUN_01,pod_kill,1,recommendationservice,recommendation-f01-04,online-boutique,node-b,0.3918,31.2736,0,127.4771,0.002724,28.1133,19.5996,53.1727,74.2792,114.704,123.0064,127.1298,0.1075,0.2397,107378.6168,110206.795,pod_kill,coupon-service,2026-06-09 14:05:00,2026-06-09 14:20:00,during_fault,1.2229868,1
2026-06-09 14:10:55,655,EXP_FAULT_01,RUN_01,pod_kill,1,recommendationservice,recommendation-f01-04,online-boutique,node-b,0.3991,31.7191,0,130.588,0.00341,26.6133,20.321,44.8152,59.9014,102.0556,126.1216,130.1427,0.2025,0.2428,148559.6358,112812.1745,pod_kill,coupon-service,2026-06-09 14:05:00,2026-06-09 14:20:00,during_fault,0.7918195,1
2026-06-09 14:11:00,660,EXP_FAULT_01,RUN_01,pod_kill,1,recommendationservice,recommendation-f01-04,online-boutique,node-b,0.3821,31.3314,0,130.1614,0.002248,27.5433,20.9423,51.4291,62.2208,95.3172,125.9452,129.8688,0.1002,0.1925,153337.7833,106274.9998,pod_kill,coupon-service,2026-06-09 14:05:00,2026-06-09 14:20:00,during_fault,0.5978718,1
2026-06-09 14:11:05,665,EXP_FAULT_01,RUN_01,pod_kill,1,recommendationservice,recommendation-f01-04,online-boutique,node-b,0.3668,30.7641,0,129.8015,0.00244,27.7266,21.4601,49.9138,71.1885,100.791,125.7379,129.4848,0.1257,0.191,137312.3346,122285.4634,pod_kill,coupon-service,2026-06-09 14:05:00,2026-06-09 14:20:00,during_fault,0.47245988,1
2026-06-09 14:11:10,670,EXP_FAULT_01,RUN_01,pod_kill,1,recommendationservice,recommendation-f01-04,online-boutique,node-b,0.4117,31.4675,0,129.259,0.002384,26.9517,20.2642,47.8793,68.8841,96.8186,125.3051,128.9509,0.1282,0.18,155944.5165,134024.0002,pod_kill,coupon-service,2026-06-09 14:05:00,2026-06-09 14:20:00,during_fault,1.1058204,1
2026-06-09 14:11:15,675,EXP_FAULT_01,RUN_01,pod_kill,1,recommendationservice,recommendation-f01-04,online-boutique,node-b,0.4001,30.9609,0,125.8006,0.00281,25.8533,20.1274,48.5719,60.3544,92.2555,122.0843,125.4471,0.1629,0.1906,154032.6577,116163.6853,pod_kill,coupon-service,2026-06-09 14:05:00,2026-06-09 14:20:00,during_fault,0.53402025,1
2026-06-09 14:11:20,680,EXP_FAULT_01,RUN_01,pod_kill,1,recommendationservice,recommendation-f01-04,online-boutique,node-b,0.3766,31.1478,0,131.1335,0.00225,27.3382,18.9556,51.6408,64.7973,101.2663,127.3227,130.8385,0.1048,0.1903,148847.1712,126267.9081,pod_kill,coupon-service,2026-06-09 14:05:00,2026-06-09 14:20:00,during_fault,0.4288743,0
2026-06-09 14:11:25,685,EXP_FAULT_01,RUN_01,pod_kill,1,recommendationservice,recommendation-f01-04,online-boutique,node-b,0.4006,31.6409,0,129.5946,0.002559,27.3572,20.7388,46.1558,66.7042,97.2897,125.8991,129.2629,0.1475,0.1842,164178.8582,127104.7941,pod_kill,coupon-service,2026-06-09 14:05:00,2026-06-09 14:20:00,during_fault,1.0248446,1
2026-06-09 14:11:30,690,EXP_FAULT_01,RUN_01,pod_kill,1,recommendationservice,recommendation-f01-04,online-boutique,node-b,0.3736,31.292,0,130.7214,0.002896,27.4655,18.577,47.8229,64.8701,100.2965,127.0046,130.3429,0.1734,0.2051,130016.3345,101274.3265,pod_kill,coupon-service,2026-06-09 14:05:00,2026-06-09 14:20:00,during_fault,0.46481934,1
2026-06-09 14:11:35,695,EXP_FAULT_01,RUN_01,pod_kill,1,recommendationservice,recommendation-f01-04,online-boutique,node-b,0.3958,31.6034,0,132.7776,0.002837,27.5191,19.8571,49.0928,69.0849,91.0354,129.0278,132.4009,0.206,0.1707,132551.5714,90892.182,pod_kill,coupon-service,2026-06-09 14:05:00,2026-06-09 14:20:00,during_fault,0.850198,1
2026-06-09 14:11:40,700,EXP_FAULT_01,RUN_01,pod_kill,1,recommendationservice,recommendation-f01-04,online-boutique,node-b,0.3731,31.1493,0,129.4802,0.00206,26.7253,18.0191,45.7568,58.7675,90.2326,125.853,129.2135,0.0843,0.1824,159545.7463,97771.9155,pod_kill,coupon-service,2026-06-09 14:05:00,2026-06-09 14:20:00,during_fault,0.2849177,0
2026-06-09 14:11:45,705,EXP_FAULT_01,RUN_01,pod_kill,1,recommendationservice,recommendation-f01-04,online-boutique,node-b,0.3766,30.1077,0,135.836,0.002945,26.0487,20.3188,43.7131,58.3669,90.1799,131.9516,135.4359,0.1867,0.2134,127482.9225,90273.9019,pod_kill,coupon-service,2026-06-09 14:05:00,2026-06-09 14:20:00,during_fault,0.028621178,0
2026-06-09 14:11:50,710,EXP_FAULT_01,RUN_01,pod_kill,1,recommendationservice,recommendation-f01-04,online-boutique,node-b,0.3889,31.3625,0,126.493,0.002312,27.2991,20.4071,52.4182,65.3591,105.0888,122.8282,126.2006,0.0873,0.2052,128884.6203,91237.6884,pod_kill,coupon-service,2026-06-09 14:05:00,2026-06-09 14:20:00,during_fault,0.80133456,1
2026-06-09 14:11:55,715,EXP_FAULT_01,RUN_01,pod_kill,1,recommendationservice,recommendation-f01-04,online-boutique,node-b,0.3953,31.3958,0,139.8837,0.002065,27.7702,20.7676,53.0599,65.2961,107.746,135.7892,139.5948,0.0831,0.2058,129985.2908,125859.4618,pod_kill,coupon-service,2026-06-09 14:05:00,2026-06-09 14:20:00,during_fault,0.5584477,1
2026-06-09 14:12:00,720,EXP_FAULT_01,RUN_01,pod_kill,1,recommendationservice,recommendation-f01-04,online-boutique,node-b,0.3912,30.9002,0,136.5587,0.003258,27.448,18.5839,48.6198,66.3784,92.3175,132.3067,136.1138,0.218,0.2269,168271.6644,123813.3607,pod_kill,coupon-service,2026-06-09 14:05:00,2026-06-09 14:20:00,during_fault,0.46955413,1
2026-06-09 14:12:05,725,EXP_FAULT_01,RUN_01,pod_kill,1,recommendationservice,recommendation-f01-04,online-boutique,node-b,0.4175,30.3946,0,134.9877,0.002948,25.8627,18.1061,44.3968,62.6892,100.2998,130.6832,134.5898,0.1678,0.2301,142597.1673,111076.7741,pod_kill,coupon-service,2026-06-09 14:05:00,2026-06-09 14:20:00,during_fault,0.463935,1
2026-06-09 14:12:10,730,EXP_FAULT_01,RUN_01,pod_kill,1,recommendationservice,recommendation-f01-04,online-boutique,node-b,0.4086,31.3338,0,134.4896,0.002469,27.4043,20.7409,52.6731,68.6085,93.9313,130.1413,134.1574,0.1106,0.2215,112911.4673,116122.3371,pod_kill,coupon-service,2026-06-09 14:05:00,2026-06-09 14:20:00,during_fault,0.9393643,1
2026-06-09 14:12:15,735,EXP_FAULT_01,RUN_01,pod_kill,1,recommendationservice,recommendation-f01-04,online-boutique,node-b,0.3763,31.396,0,137.7888,0.002261,27.1449,20.8544,51.6327,65.868,107.3641,133.164,137.4772,0.0832,0.2284,161609.7094,93157.4202,pod_kill,coupon-service,2026-06-09 14:05:00,2026-06-09 14:20:00,during_fault,0.23503503,0
2026-06-09 14:12:20,740,EXP_FAULT_01,RUN_01,pod_kill,1,recommendationservice,recommendation-f01-04,online-boutique,node-b,0.4081,31.8598,0,138.3815,0.002443,26.9093,19.565,52.3196,61.9025,97.7365,133.5118,138.0434,0.1105,0.2275,131328.5988,131195.7705,pod_kill,coupon-service,2026-06-09 14:05:00,2026-06-09 14:20:00,during_fault,0.7737905,1
2026-06-09 14:12:25,745,EXP_FAULT_01,RUN_01,pod_kill,1,recommendationservice,recommendation-f01-04,online-boutique,node-b,0.3992,32.2814,0,139.7697,0.003285,26.627,19.5733,49.923,65.8659,94.1458,134.6262,139.3105,0.2068,0.2524,152330.0029,101240.0511,pod_kill,coupon-service,2026-06-09 14:05:00,2026-06-09 14:20:00,during_fault,1.2281716,1
2026-06-09 14:12:30,750,EXP_FAULT_01,RUN_01,pod_kill,1,recommendationservice,recommendation-f01-04,online-boutique,node-b,0.399,31.0766,0,144.3581,0.002577,29.6643,22.4004,51.578,79.5649,113.3482,138.8708,143.9861,0.0786,0.2935,140573.0773,143290.5335,pod_kill,coupon-service,2026-06-09 14:05:00,2026-06-09 14:20:00,during_fault,1.2848693,1
2026-06-09 14:12:35,755,EXP_FAULT_01,RUN_01,pod_kill,1,recommendationservice,recommendation-f01-04,online-boutique,node-b,0.4104,31.6674,0,141.8246,0.002488,30.2599,22.5263,56.9065,75.5144,117.3705,136.1942,141.4718,0.0923,0.2605,120637.0884,118033.341,pod_kill,coupon-service,2026-06-09 14:05:00,2026-06-09 14:20:00,during_fault,2.492318,1
2026-06-09 14:12:40,760,EXP_FAULT_01,RUN_01,pod_kill,1,recommendationservice,recommendation-f01-04,online-boutique,node-b,0.3901,31.3148,0,137.5292,0.003167,27.4345,18.855,48.4669,64.8722,110.0603,131.8493,137.0936,0.1682,0.2674,135583.326,125670.0741,pod_kill,coupon-service,2026-06-09 14:05:00,2026-06-09 14:20:00,during_fault,0.50242674,1
2026-06-09 14:12:45,765,EXP_FAULT_01,RUN_01,pod_kill,1,recommendationservice,recommendation-f01-04,online-boutique,node-b,0.4129,31.9058,0,134.9625,0.0025,28.7974,20.3975,57.2498,78.0138,116.583,129.1938,134.6251,0.057,0.2803,121139.5638,93070.8673,pod_kill,coupon-service,2026-06-09 14:05:00,2026-06-09 14:20:00,during_fault,2.1170037,1
2026-06-09 14:12:50,770,EXP_FAULT_01,RUN_01,pod_kill,1,recommendationservice,recommendation-f01-04,online-boutique,node-b,0.3875,31.5653,0,138.2047,0.003388,27.8222,18.6812,54.6486,73.1181,109.4419,132.0381,137.7365,0.1783,0.2899,175627.4018,109688.3615,pod_kill,coupon-service,2026-06-09 14:05:00,2026-06-09 14:20:00,during_fault,0.7485879,1
2026-06-09 14:12:55,775,EXP_FAULT_01,RUN_01,pod_kill,1,recommendationservice,recommendation-f01-04,online-boutique,node-b,0.3922,32.1077,0,137.9581,0.003393,26.2828,19.8184,52.558,69.2992,106.8225,131.5662,137.49,0.1345,0.3336,122771.569,107544.3265,pod_kill,coupon-service,2026-06-09 14:05:00,2026-06-09 14:20:00,during_fault,0.91805065,1
2026-06-09 14:13:00,780,EXP_FAULT_01,RUN_01,pod_kill,1,recommendationservice,recommendation-f01-04,online-boutique,node-b,0.3932,31.6319,0,138.0218,0.00293,28.6911,20.1658,57.7996,72.9429,119.784,131.4572,137.6175,0.0898,0.3145,164196.4943,91281.6317,pod_kill,coupon-service,2026-06-09 14:05:00,2026-06-09 14:20:00,during_fault,1.1843151,1
2026-06-09 14:13:05,785,EXP_FAULT_01,RUN_01,pod_kill,1,recommendationservice,recommendation-f01-04,online-boutique,node-b,0.3917,31.9797,0,135.2349,0.003112,29.6706,19.3405,58.3334,75.9797,119.4627,128.5986,134.814,0.0985,0.3224,145327.4647,114213.3532,pod_kill,coupon-service,2026-06-09 14:05:00,2026-06-09 14:20:00,during_fault,2.1853814,1
2026-06-09 14:13:10,790,EXP_FAULT_01,RUN_01,pod_kill,1,recommendationservice,recommendation-f01-04,online-boutique,node-b,0.4019,30.9375,0,134.99,0.003002,29.2008,20.105,57.271,73.7855,116.6896,128.2007,134.5847,0.0935,0.3118,146485.1395,125074.8387,pod_kill,coupon-service,2026-06-09 14:05:00,2026-06-09 14:20:00,during_fault,1.6410135,1
2026-06-09 14:13:15,795,EXP_FAULT_01,RUN_01,pod_kill,1,recommendationservice,recommendation-f01-04,online-boutique,node-b,0.3882,31.2079,0,133.8588,0.003799,28.8495,19.4829,58.2926,72.6104,114.0014,126.8872,133.3502,0.1856,0.323,113965.6197,116860.1025,pod_kill,coupon-service,2026-06-09 14:05:00,2026-06-09 14:20:00,during_fault,1.2409241,1
2026-06-09 14:13:20,800,EXP_FAULT_01,RUN_01,pod_kill,1,recommendationservice,recommendation-f01-04,online-boutique,node-b,0.3804,31.5836,0,128.9921,0.003669,29.3533,21.1635,54.241,80.3729,128.442,122.1942,128.5188,0.1528,0.3205,139229.5244,112097.9834,pod_kill,coupon-service,2026-06-09 14:05:00,2026-06-09 14:20:00,during_fault,1.7610121,1
2026-06-09 14:13:25,805,EXP_FAULT_01,RUN_01,pod_kill,1,recommendationservice,recommendation-f01-04,online-boutique,node-b,0.3698,31.0278,0,127.4356,0.003691,30.6019,23.0333,62.3203,78.9306,129.0485,120.5815,126.9652,0.1364,0.3339,142986.4864,89380.3664,pod_kill,coupon-service,2026-06-09 14:05:00,2026-06-09 14:20:00,during_fault,2.1682339,1
2026-06-09 14:13:30,810,EXP_FAULT_01,RUN_01,pod_kill,1,recommendationservice,recommendation-f01-04,online-boutique,node-b,0.3899,30.6187,0,134.2159,0.003277,29.1925,19.7364,52.3358,76.4955,132.2006,126.9133,133.776,0.1034,0.3365,165441.8848,91026.9274,pod_kill,coupon-service,2026-06-09 14:05:00,2026-06-09 14:20:00,during_fault,1.2838598,1
2026-06-09 14:13:35,815,EXP_FAULT_01,RUN_01,pod_kill,1,recommendationservice,recommendation-f01-04,online-boutique,node-b,0.4051,30.8569,0,125.15,0.002953,32.1028,23.8007,60.8095,82.3186,139.885,118.3172,124.7805,0.0367,0.3329,124643.5488,90378.8489,pod_kill,coupon-service,2026-06-09 14:05:00,2026-06-09 14:20:00,during_fault,5.5515184,1
2026-06-09 14:13:40,820,EXP_FAULT_01,RUN_01,pod_kill,1,recommendationservice,recommendation-f01-04,online-boutique,node-b,0.3686,30.9635,0,128.5493,0.003913,31.4486,21.6427,64.6281,79.6414,143.1784,121.3938,128.0463,0.1576,0.3454,114317.115,97814.6386,pod_kill,coupon-service,2026-06-09 14:05:00,2026-06-09 14:20:00,during_fault,2.6602676,1
2026-06-09 14:13:45,825,EXP_FAULT_01,RUN_01,pod_kill,1,recommendationservice,recommendation-f01-04,online-boutique,node-b,0.3701,31.872,0,126.6459,0.002913,29.979,19.8025,56.1891,77.0035,118.1604,119.656,126.2769,0.0449,0.3241,125759.8676,103158.0597,pod_kill,coupon-service,2026-06-09 14:05:00,2026-06-09 14:20:00,during_fault,1.9093233,1
2026-06-09 14:13:50,830,EXP_FAULT_01,RUN_01,pod_kill,1,recommendationservice,recommendation-f01-04,online-boutique,node-b,0.3697,30.7642,0,124.4565,0.003723,28.9106,20.6561,53.2378,83.4836,118.9728,117.5607,123.9931,0.1186,0.3447,156140.3833,87083.0404,pod_kill,coupon-service,2026-06-09 14:05:00,2026-06-09 14:20:00,during_fault,1.2563128,1
2026-06-09 14:13:55,835,EXP_FAULT_01,RUN_01,pod_kill,1,recommendationservice,recommendation-f01-04,online-boutique,node-b,0.4041,31.5489,0,128.1621,0.003957,30.4693,22.8516,58.1521,77.1609,127.6586,121.0479,127.6549,0.156,0.3512,130212.3179,124711.1871,pod_kill,coupon-service,2026-06-09 14:05:00,2026-06-09 14:20:00,during_fault,3.6555638,1
2026-06-09 14:14:00,840,EXP_FAULT_01,RUN_01,pod_kill,1,recommendationservice,recommendation-f01-04,online-boutique,node-b,0.3957,30.5266,0,125.1857,0.003183,28.944,21.3945,58.865,77.9753,117.1074,118.3432,124.7872,0.0606,0.3379,114284.7685,126718.9386,pod_kill,coupon-service,2026-06-09 14:05:00,2026-06-09 14:20:00,during_fault,2.0552227,1
2026-06-09 14:14:05,845,EXP_FAULT_01,RUN_01,pod_kill,1,recommendationservice,recommendation-f01-04,online-boutique,node-b,0.3719,31.2378,0,121.0941,0.003537,28.9995,19.0412,57.5265,78.8683,122.5477,114.5082,120.6658,0.0996,0.3287,134903.2555,79911.1602,pod_kill,coupon-service,2026-06-09 14:05:00,2026-06-09 14:20:00,during_fault,1.6770828,1
2026-06-09 14:14:10,850,EXP_FAULT_01,RUN_01,pod_kill,1,recommendationservice,recommendation-f01-04,online-boutique,node-b,0.3744,31.5521,0,124.7893,0.002934,30.488,20.9657,55.3217,81.0375,126.972,118.1364,124.4232,0.0385,0.3276,154212.5938,97781.3082,pod_kill,coupon-service,2026-06-09 14:05:00,2026-06-09 14:20:00,during_fault,2.4648528,1
2026-06-09 14:14:15,855,EXP_FAULT_01,RUN_01,pod_kill,1,recommendationservice,recommendation-f01-04,online-boutique,node-b,0.3816,31.1495,0,124.9912,0.003671,28.0157,19.4397,56.8665,79.7495,107.1809,118.3548,124.5324,0.141,0.3177,135935.1283,119268.0203,pod_kill,coupon-service,2026-06-09 14:05:00,2026-06-09 14:20:00,during_fault,1.1148275,1
2026-06-09 14:14:20,860,EXP_FAULT_01,RUN_01,pod_kill,1,recommendationservice,recommendation-f01-04,online-boutique,node-b,0.3744,31.5346,0,121.5707,0.003155,27.2854,18.2432,49.3929,74.1151,106.2722,115.2959,121.1872,0.0912,0.2924,138976.0611,98494.2932,pod_kill,coupon-service,2026-06-09 14:05:00,2026-06-09 14:20:00,during_fault,0.8302789,1
2026-06-09 14:14:25,865,EXP_FAULT_01,RUN_01,pod_kill,1,recommendationservice,recommendation-f01-04,online-boutique,node-b,0.3661,31.6198,0,121.9373,0.003329,30.1985,20.0751,54.4815,80.5871,121.3756,115.7719,121.5313,0.1249,0.2811,140102.4435,95055.9249,pod_kill,coupon-service,2026-06-09 14:05:00,2026-06-09 14:20:00,during_fault,2.1780503,1
2026-06-09 14:14:30,870,EXP_FAULT_01,RUN_01,pod_kill,1,recommendationservice,recommendation-f01-04,online-boutique,node-b,0.3814,31.4369,0,123.2992,0.003117,27.2319,18.8362,47.6786,75.2259,115.6558,117.2298,122.9149,0.1065,0.2779,109761.533,98699.6554,pod_kill,coupon-service,2026-06-09 14:05:00,2026-06-09 14:20:00,during_fault,0.82858694,1
2026-06-09 14:14:35,875,EXP_FAULT_01,RUN_01,pod_kill,1,recommendationservice,recommendation-f01-04,online-boutique,node-b,0.3594,31.3102,0,122.1471,0.002772,26.8119,18.4004,47.6078,72.6992,103.4907,116.3498,121.8085,0.0681,0.2705,117706.1452,93516.9221,pod_kill,coupon-service,2026-06-09 14:05:00,2026-06-09 14:20:00,during_fault,0.3737192,0
2026-06-09 14:14:40,880,EXP_FAULT_01,RUN_01,pod_kill,1,recommendationservice,recommendation-f01-04,online-boutique,node-b,0.3792,31.0065,0,122.8665,0.003457,28.0867,19.8239,54.3014,72.0439,114.8049,117.152,122.4417,0.1632,0.2616,125312.8899,126718.9296,pod_kill,coupon-service,2026-06-09 14:05:00,2026-06-09 14:20:00,during_fault,1.1944618,1
2026-06-09 14:14:45,885,EXP_FAULT_01,RUN_01,pod_kill,1,recommendationservice,recommendation-f01-04,online-boutique,node-b,0.3877,31.436,0,121.6138,0.003424,25.5673,16.8742,50.6131,62.6994,96.2912,116.1312,121.1973,0.1481,0.2683,146885.2865,121389.2507,pod_kill,coupon-service,2026-06-09 14:05:00,2026-06-09 14:20:00,during_fault,0.6566626,1
2026-06-09 14:14:50,890,EXP_FAULT_01,RUN_01,pod_kill,1,recommendationservice,recommendation-f01-04,online-boutique,node-b,0.4037,31.2033,0,125.8364,0.00373,26.7623,18.8621,50.4062,68.2344,106.8302,120.3437,125.367,0.2005,0.2688,118573.5043,118238.4859,pod_kill,coupon-service,2026-06-09 14:05:00,2026-06-09 14:20:00,during_fault,1.1200682,1
2026-06-09 14:14:55,895,EXP_FAULT_01,RUN_01,pod_kill,1,recommendationservice,recommendation-f01-04,online-boutique,node-b,0.3945,31.7224,0,121.7458,0.003341,26.4557,18.1604,49.1823,72.4179,96.6319,116.6754,121.3391,0.1739,0.2328,145510.9507,81938.7686,pod_kill,coupon-service,2026-06-09 14:05:00,2026-06-09 14:20:00,during_fault,1.0024948,1
2026-06-09 14:15:00,900,EXP_FAULT_01,RUN_01,pod_kill,1,recommendationservice,recommendation-f01-04,online-boutique,node-b,0.3765,31.4967,0,122.822,0.00256,26.6261,19.3601,48.0992,65.2923,111.386,117.9525,122.5075,0.0845,0.23,137862.766,116001.892,pod_kill,coupon-service,2026-06-09 14:05:00,2026-06-09 14:20:00,during_fault,0.5033197,1
2026-06-09 14:15:05,905,EXP_FAULT_01,RUN_01,pod_kill,1,recommendationservice,recommendation-f01-04,online-boutique,node-b,0.3904,31.1081,0,127.0012,0.003394,27.7887,18.4956,55.1468,66.1753,98.4977,122.0867,126.5702,0.1776,0.2535,110005.4885,120833.6744,pod_kill,coupon-service,2026-06-09 14:05:00,2026-06-09 14:20:00,during_fault,1.0569414,1
2026-06-09 14:15:10,910,EXP_FAULT_01,RUN_01,pod_kill,1,recommendationservice,recommendation-f01-04,online-boutique,node-b,0.378,31.4069,0,121.6935,0.002415,27.7764,19.3253,50.5763,72.9851,97.3669,117.2375,121.3997,0.0633,0.2305,147464.4925,110172.4546,pod_kill,coupon-service,2026-06-09 14:05:00,2026-06-09 14:20:00,during_fault,1.0745745,1
2026-06-09 14:15:15,915,EXP_FAULT_01,RUN_01,pod_kill,1,recommendationservice,recommendation-f01-04,online-boutique,node-b,0.3735,31.9277,0,122.5409,0.003229,26.6216,18.2965,44.9306,61.3922,102.1763,118.2069,122.1452,0.1838,0.2119,121872.838,92050.5671,pod_kill,coupon-service,2026-06-09 14:05:00,2026-06-09 14:20:00,during_fault,0.7083047,1
2026-06-09 14:15:20,920,EXP_FAULT_01,RUN_01,pod_kill,1,recommendationservice,recommendation-f01-04,online-boutique,node-b,0.3768,31.7643,0,122.7795,0.002563,26.4101,17.9404,51.5602,60.701,99.4049,118.6513,122.4649,0.0993,0.2154,154789.7411,100969.3388,pod_kill,coupon-service,2026-06-09 14:05:00,2026-06-09 14:20:00,during_fault,0.46308428,1
2026-06-09 14:15:25,925,EXP_FAULT_01,RUN_01,pod_kill,1,recommendationservice,recommendation-f01-04,online-boutique,node-b,0.3849,31.0585,0,122.2009,0.002909,27.7126,19.3713,50.3487,70.5275,109.0096,118.1994,121.8454,0.1532,0.2023,112592.2737,90741.4753,pod_kill,coupon-service,2026-06-09 14:05:00,2026-06-09 14:20:00,during_fault,1.1986328,1
2026-06-09 14:15:30,930,EXP_FAULT_01,RUN_01,pod_kill,1,recommendationservice,recommendation-f01-04,online-boutique,node-b,0.3788,31.8041,0,120.3982,0.002114,26.2396,19.0915,45.9368,63.1068,103.439,116.6287,120.1436,0.0444,0.2101,127991.1356,92830.3301,pod_kill,coupon-service,2026-06-09 14:05:00,2026-06-09 14:20:00,during_fault,0.5183862,1
2026-06-09 14:15:35,935,EXP_FAULT_01,RUN_01,pod_kill,1,recommendationservice,recommendation-f01-04,online-boutique,node-b,0.3797,30.8877,0,122.7339,0.002385,25.0651,18.7985,46.43,55.5674,95.1726,118.9802,122.4411,0.117,0.1758,107231.4143,107733.345,pod_kill,coupon-service,2026-06-09 14:05:00,2026-06-09 14:20:00,during_fault,0.1624485,0
2026-06-09 14:15:40,940,EXP_FAULT_01,RUN_01,pod_kill,1,recommendationservice,recommendation-f01-04,online-boutique,node-b,0.3721,31.7867,0,124.6784,0.002134,27.8534,19.0273,46.0462,65.3459,97.8543,121.0036,124.4124,0.0921,0.1739,136905.5566,104190.2975,pod_kill,coupon-service,2026-06-09 14:05:00,2026-06-09 14:20:00,during_fault,0.7809842,1
2026-06-09 14:15:45,945,EXP_FAULT_01,RUN_01,pod_kill,1,recommendationservice,recommendation-f01-04,online-boutique,node-b,0.3983,31.383,0,126.0725,0.003087,27.8278,20.9425,46.1986,65.3037,96.5986,122.3453,125.6833,0.1968,0.1925,156993.8956,94516.2439,pod_kill,coupon-service,2026-06-09 14:05:00,2026-06-09 14:20:00,during_fault,1.3844002,1
2026-06-09 14:15:50,950,EXP_FAULT_01,RUN_01,pod_kill,1,recommendationservice,recommendation-f01-04,online-boutique,node-b,0.3783,31.6099,0,119.3613,0.002129,25.5239,17.4715,44.4927,57.6384,99.6014,115.9844,119.1072,0.0669,0.1872,150329.5107,110890.5363,pod_kill,coupon-service,2026-06-09 14:05:00,2026-06-09 14:20:00,during_fault,0.3248125,0
2026-06-09 14:15:55,955,EXP_FAULT_01,RUN_01,pod_kill,1,recommendationservice,recommendation-f01-04,online-boutique,node-b,0.3886,30.9005,0,120.3497,0.001897,26.9641,19.3846,51.1052,64.6149,100.8528,116.9735,120.1213,0.0696,0.1587,139152.3067,101832.4474,pod_kill,coupon-service,2026-06-09 14:05:00,2026-06-09 14:20:00,during_fault,1.1181366,1
2026-06-09 14:16:00,960,EXP_FAULT_01,RUN_01,pod_kill,1,recommendationservice,recommendation-f01-04,online-boutique,node-b,0.4115,30.9544,0,122.5932,0.002271,26.1934,18.5866,44.7255,59.1749,88.9911,119.1623,122.3148,0.0976,0.1808,143826.1404,81149.42,pod_kill,coupon-service,2026-06-09 14:05:00,2026-06-09 14:20:00,during_fault,1.2112389,1
2026-06-09 14:16:05,965,EXP_FAULT_01,RUN_01,pod_kill,1,recommendationservice,recommendation-f01-04,online-boutique,node-b,0.3725,30.5684,0,118.3124,0.001673,26.6681,18.9748,48.2262,61.4973,88.3283,115.0173,118.1145,0.0491,0.1488,145533.6762,106141.1696,pod_kill,coupon-service,2026-06-09 14:05:00,2026-06-09 14:20:00,during_fault,0.7729681,1
2026-06-09 14:16:10,970,EXP_FAULT_01,RUN_01,pod_kill,1,recommendationservice,recommendation-f01-04,online-boutique,node-b,0.4001,31.7091,0,121.6521,0.002688,25.5028,18.46,44.8144,55.7959,96.2941,118.1975,121.3251,0.1329,0.194,106693.1213,102975.63,pod_kill,coupon-service,2026-06-09 14:05:00,2026-06-09 14:20:00,during_fault,0.6195318,1
2026-06-09 14:16:15,975,EXP_FAULT_01,RUN_01,pod_kill,1,recommendationservice,recommendation-f01-04,online-boutique,node-b,0.3767,31.6345,0,116.0816,0.002671,26.0298,17.7833,47.4095,61.9101,98.4876,112.6922,115.7715,0.1332,0.1769,129547.9283,82500.2581,pod_kill,coupon-service,2026-06-09 14:05:00,2026-06-09 14:20:00,during_fault,0.62780774,1
2026-06-09 14:16:20,980,EXP_FAULT_01,RUN_01,pod_kill,1,recommendationservice,recommendation-f01-04,online-boutique,node-b,0.3702,31.6714,0,117.8661,0.001918,26.2154,19.193,43.2418,62.4011,100.2393,114.4065,117.64,0.0459,0.1802,119702.0157,100114.002,pod_kill,coupon-service,2026-06-09 14:05:00,2026-06-09 14:20:00,during_fault,0.47036237,1
2026-06-09 14:16:25,985,EXP_FAULT_01,RUN_01,pod_kill,1,recommendationservice,recommendation-f01-04,online-boutique,node-b,0.3613,31.4592,0,116.8439,0.002779,28.2397,20.2749,52.8434,69.4768,99.2547,113.246,116.5192,0.1369,0.1878,119789.2948,77969.1236,pod_kill,coupon-service,2026-06-09 14:05:00,2026-06-09 14:20:00,during_fault,1.1625731,1
2026-06-09 14:16:30,990,EXP_FAULT_01,RUN_01,pod_kill,1,recommendationservice,recommendation-f01-04,online-boutique,node-b,0.3823,31.4133,0,115.8885,0.002137,24.9595,17.3911,45.9715,64.7456,86.2283,112.2554,115.6409,0.0609,0.1868,114901.5042,100186.5256,pod_kill,coupon-service,2026-06-09 14:05:00,2026-06-09 14:20:00,during_fault,0.40890342,0
2026-06-09 14:16:35,995,EXP_FAULT_01,RUN_01,pod_kill,1,recommendationservice,recommendation-f01-04,online-boutique,node-b,0.3787,30.456,0,114.4515,0.002639,25.1618,18.5518,46.6876,61.5638,84.237,110.6971,114.1495,0.1336,0.1685,115904.3176,103977.9262,pod_kill,coupon-service,2026-06-09 14:05:00,2026-06-09 14:20:00,during_fault,0.515996,1
2026-06-09 14:16:40,1000,EXP_FAULT_01,RUN_01,pod_kill,1,recommendationservice,recommendation-f01-04,online-boutique,node-b,0.3907,31.6134,0,116.4213,0.002968,26.1678,18.7346,49.685,64.0912,100.4522,112.4758,116.0758,0.1348,0.2107,113140.2377,104590.8007,pod_kill,coupon-service,2026-06-09 14:05:00,2026-06-09 14:20:00,during_fault,1.0053304,1
2026-06-09 14:16:45,1005,EXP_FAULT_01,RUN_01,pod_kill,1,recommendationservice,recommendation-f01-04,online-boutique,node-b,0.3898,31.3565,0,112.9501,0.002599,26.1391,18.0964,50.6577,68.1636,93.2495,108.9847,112.6565,0.1154,0.1782,134364.2065,77684.4847,pod_kill,coupon-service,2026-06-09 14:05:00,2026-06-09 14:20:00,during_fault,1.2400665,1
2026-06-09 14:16:50,1010,EXP_FAULT_01,RUN_01,pod_kill,1,recommendationservice,recommendation-f01-04,online-boutique,node-b,0.3631,30.8141,0,111.946,0.003328,27.5341,18.5233,53.8261,72.554,107.256,107.8122,111.5735,0.1585,0.214,101128.2608,105819.6514,pod_kill,coupon-service,2026-06-09 14:05:00,2026-06-09 14:20:00,during_fault,1.2823511,1
2026-06-09 14:16:55,1015,EXP_FAULT_01,RUN_01,pod_kill,1,recommendationservice,recommendation-f01-04,online-boutique,node-b,0.3684,31.5539,0,110.8195,0.002373,27.4975,20.5452,53.8978,66.2209,97.9659,106.6202,110.5566,0.0646,0.1984,94023.0011,105416.5054,pod_kill,coupon-service,2026-06-09 14:05:00,2026-06-09 14:20:00,during_fault,1.443933,1
2026-06-09 14:17:00,1020,EXP_FAULT_01,RUN_01,pod_kill,1,recommendationservice,recommendation-f01-04,online-boutique,node-b,0.3537,31.6358,0,110.3978,0.003438,26.6836,20.4757,46.0326,69.4558,109.364,105.9833,110.0182,0.1631,0.2165,102835.4101,94723.5557,pod_kill,coupon-service,2026-06-09 14:05:00,2026-06-09 14:20:00,during_fault,0.81182873,1
2026-06-09 14:17:05,1025,EXP_FAULT_01,RUN_01,pod_kill,1,recommendationservice,recommendation-f01-04,online-boutique,node-b,0.3991,31.143,0,111.082,0.003542,27.0032,20.5969,49.7831,69.059,113.967,106.4559,110.6886,0.1704,0.223,133266.5697,79635.101,pod_kill,coupon-service,2026-06-09 14:05:00,2026-06-09 14:20:00,during_fault,2.2885466,1
2026-06-09 14:17:10,1030,EXP_FAULT_01,RUN_01,pod_kill,1,recommendationservice,recommendation-f01-04,online-boutique,node-b,0.386,31.4533,0,111.9213,0.002696,27.0872,20.0655,47.4671,64.397,116.7935,107.1237,111.6196,0.0726,0.2291,96290.3305,74991.646,pod_kill,coupon-service,2026-06-09 14:05:00,2026-06-09 14:20:00,during_fault,1.7203869,1
2026-06-09 14:17:15,1035,EXP_FAULT_01,RUN_01,pod_kill,1,recommendationservice,recommendation-f01-04,online-boutique,node-b,0.3825,31.4594,0,110.4868,0.002463,28.2652,21.2813,50.3572,68.6984,103.6359,105.5942,110.2146,0.0486,0.2236,122852.5538,97063.6444,pod_kill,coupon-service,2026-06-09 14:05:00,2026-06-09 14:20:00,during_fault,2.521917,1
2026-06-09 14:17:20,1040,EXP_FAULT_01,RUN_01,pod_kill,1,recommendationservice,recommendation-f01-04,online-boutique,node-b,0.3649,31.7415,0,111.3017,0.003669,27.5276,19.7519,55.3317,69.8652,113.5833,106.1343,110.8934,0.1491,0.2592,115810.6534,93269.5496,pod_kill,coupon-service,2026-06-09 14:05:00,2026-06-09 14:20:00,during_fault,1.4339701,1
2026-06-09 14:17:25,1045,EXP_FAULT_01,RUN_01,pod_kill,1,recommendationservice,recommendation-f01-04,online-boutique,node-b,0.4088,31.1779,0,108.8886,0.003355,26.5739,19.3624,53.2536,71.7454,113.7192,103.6999,108.5233,0.1125,0.2528,127332.3447,79277.1449,pod_kill,coupon-service,2026-06-09 14:05:00,2026-06-09 14:20:00,during_fault,2.639894,1
2026-06-09 14:17:30,1050,EXP_FAULT_01,RUN_01,pod_kill,1,recommendationservice,recommendation-f01-04,online-boutique,node-b,0.3796,31.4,0,109.9067,0.002851,26.0977,18.3602,51.3856,67.308,103.6933,104.5169,109.5933,0.0335,0.2799,95243.1799,83582.2343,pod_kill,coupon-service,2026-06-09 14:05:00,2026-06-09 14:20:00,during_fault,1.195329,1
2026-06-09 14:17:35,1055,EXP_FAULT_01,RUN_01,pod_kill,1,recommendationservice,recommendation-f01-04,online-boutique,node-b,0.3793,30.6284,0,107.9377,0.003099,27.5502,20.7208,55.499,70.1131,117.7683,102.5088,107.6032,0.0862,0.2483,127227.2423,89086.8924,pod_kill,coupon-service,2026-06-09 14:05:00,2026-06-09 14:20:00,during_fault,2.2392278,1
2026-06-09 14:17:40,1060,EXP_FAULT_01,RUN_01,pod_kill,1,recommendationservice,recommendation-f01-04,online-boutique,node-b,0.3637,31.0346,0,109.9819,0.003903,27.328,18.5039,52.2376,69.1866,123.2784,104.2692,109.5527,0.1362,0.293,101527.8038,73956.9936,pod_kill,coupon-service,2026-06-09 14:05:00,2026-06-09 14:20:00,during_fault,1.4730103,1
2026-06-09 14:17:45,1065,EXP_FAULT_01,RUN_01,pod_kill,1,recommendationservice,recommendation-f01-04,online-boutique,node-b,0.3668,31.1465,0,109.9411,0.003538,28.1757,20.6258,51.0983,78.233,128.3346,104.1442,109.5521,0.1171,0.2719,122747.8685,85318.0304,pod_kill,coupon-service,2026-06-09 14:05:00,2026-06-09 14:20:00,during_fault,1.9204657,1
2026-06-09 14:17:50,1070,EXP_FAULT_01,RUN_01,pod_kill,1,recommendationservice,recommendation-f01-04,online-boutique,node-b,0.3848,31.7315,0,112.7533,0.003507,28.3425,20.7979,54.6495,72.9415,114.4626,106.7223,112.3578,0.1093,0.2861,111059.7152,85189.1129,pod_kill,coupon-service,2026-06-09 14:05:00,2026-06-09 14:20:00,during_fault,2.555599,1
2026-06-09 14:17:55,1075,EXP_FAULT_01,RUN_01,pod_kill,1,recommendationservice,recommendation-f01-04,online-boutique,node-b,0.393,32.5648,0,111.6548,0.004152,29.2754,20.13,52.5792,81.5784,136.7457,105.5304,111.1912,0.1637,0.2999,116950.7492,93851.3623,pod_kill,coupon-service,2026-06-09 14:05:00,2026-06-09 14:20:00,during_fault,5.158074,1
2026-06-09 14:18:00,1080,EXP_FAULT_01,RUN_01,pod_kill,1,recommendationservice,recommendation-f01-04,online-boutique,node-b,0.3841,31.2146,0,111.5907,0.003615,27.496,17.8758,55.4929,73.2975,127.6966,105.4407,111.1873,0.0982,0.3052,132735.1615,86899.8066,pod_kill,coupon-service,2026-06-09 14:05:00,2026-06-09 14:20:00,during_fault,1.9978917,1
2026-06-09 14:18:05,1085,EXP_FAULT_01,RUN_01,pod_kill,1,recommendationservice,recommendation-f01-04,online-boutique,node-b,0.3758,31.418,0,114.2441,0.002987,30.7462,19.9228,57.8521,87.9115,139.9859,107.9557,113.9028,0.0323,0.309,142377.4478,82163.8196,pod_kill,coupon-service,2026-06-09 14:05:00,2026-06-09 14:20:00,during_fault,3.8474946,1
2026-06-09 14:18:10,1090,EXP_FAULT_01,RUN_01,pod_kill,1,recommendationservice,recommendation-f01-04,online-boutique,node-b,0.3801,30.5258,0,113.7134,0.003612,29.4775,20.7546,57.8223,76.2941,121.7954,107.3751,113.3026,0.095,0.3158,102109.3563,97526.3273,pod_kill,coupon-service,2026-06-09 14:05:00,2026-06-09 14:20:00,during_fault,3.0231714,1
2026-06-09 14:18:15,1095,EXP_FAULT_01,RUN_01,pod_kill,1,recommendationservice,recommendation-f01-04,online-boutique,node-b,0.3565,31.2858,0,117.7184,0.003343,30.5208,20.311,56.2516,80.2437,123.8669,111.1818,117.3249,0.0668,0.3268,111013.5611,115853.7617,pod_kill,coupon-service,2026-06-09 14:05:00,2026-06-09 14:20:00,during_fault,2.3811429,1
2026-06-09 14:18:20,1100,EXP_FAULT_01,RUN_01,pod_kill,1,recommendationservice,recommendation-f01-04,online-boutique,node-b,0.3904,31.8611,0,115.4468,0.003924,27.6614,18.441,51.2422,74.3455,128.2719,109.0128,114.9938,0.1563,0.2966,146539.9491,102967.367,pod_kill,coupon-service,2026-06-09 14:05:00,2026-06-09 14:20:00,during_fault,2.2805884,1
2026-06-09 14:18:25,1105,EXP_FAULT_01,RUN_01,pod_kill,1,recommendationservice,recommendation-f01-04,online-boutique,node-b,0.3956,31.0396,0,116.4497,0.003171,29.093,21.88,52.2049,77.0425,116.5194,110.0735,116.0804,0.0787,0.2905,148624.7032,119926.4262,pod_kill,coupon-service,2026-06-09 14:05:00,2026-06-09 14:20:00,during_fault,3.089267,1
2026-06-09 14:18:30,1110,EXP_FAULT_01,RUN_01,pod_kill,1,recommendationservice,recommendation-f01-04,online-boutique,node-b,0.3668,31.5946,0,117.7492,0.002855,28.6432,20.9429,56.2757,74.0989,119.2388,111.3764,117.413,0.0471,0.289,145681.1588,108542.572,pod_kill,coupon-service,2026-06-09 14:05:00,2026-06-09 14:20:00,during_fault,1.4561942,1
2026-06-09 14:18:35,1115,EXP_FAULT_01,RUN_01,pod_kill,1,recommendationservice,recommendation-f01-04,online-boutique,node-b,0.3705,31.3502,0,119.3585,0.002933,29.422,19.3986,52.7759,80.546,135.1418,112.9863,119.0084,0.0578,0.2923,121829.9226,79625.3748,pod_kill,coupon-service,2026-06-09 14:05:00,2026-06-09 14:20:00,during_fault,1.9872563,1
2026-06-09 14:18:40,1120,EXP_FAULT_01,RUN_01,pod_kill,1,recommendationservice,recommendation-f01-04,online-boutique,node-b,0.3785,31.6612,0,120.1316,0.003236,28.4895,20.0309,53.8475,74.3517,125.7562,113.8226,119.7428,0.0946,0.2941,144638.2929,92741.5279,pod_kill,coupon-service,2026-06-09 14:05:00,2026-06-09 14:20:00,during_fault,1.6860358,1
2026-06-09 14:18:45,1125,EXP_FAULT_01,RUN_01,pod_kill,1,recommendationservice,recommendation-f01-04,online-boutique,node-b,0.3831,31.6344,0,120.1467,0.003182,26.1737,17.8983,48.3413,72.6541,104.5752,113.9456,119.7644,0.0776,0.3047,123409.3324,98624.7321,pod_kill,coupon-service,2026-06-09 14:05:00,2026-06-09 14:20:00,during_fault,0.68439037,1
2026-06-09 14:18:50,1130,EXP_FAULT_01,RUN_01,pod_kill,1,recommendationservice,recommendation-f01-04,online-boutique,node-b,0.3651,31.5401,0,123.1386,0.003641,28.7326,21.7101,57.1016,70.4477,129.0662,116.8968,122.6903,0.1597,0.2886,129138.9046,89856.7858,pod_kill,coupon-service,2026-06-09 14:05:00,2026-06-09 14:20:00,during_fault,1.2278665,1
2026-06-09 14:18:55,1135,EXP_FAULT_01,RUN_01,pod_kill,1,recommendationservice,recommendation-f01-04,online-boutique,node-b,0.3542,31.3326,0,118.6826,0.002804,29.9365,20.8216,56.2417,81.487,116.2563,112.8774,118.3499,0.0605,0.2722,137331.9161,122334.0933,pod_kill,coupon-service,2026-06-09 14:05:00,2026-06-09 14:20:00,during_fault,1.7939403,1
2026-06-09 14:19:00,1140,EXP_FAULT_01,RUN_01,pod_kill,1,recommendationservice,recommendation-f01-04,online-boutique,node-b,0.3692,30.6712,0,115.4609,0.003226,27.5398,19.8736,56.1228,66.9171,113.5534,109.9367,115.0884,0.0905,0.282,145557.0339,77069.9499,pod_kill,coupon-service,2026-06-09 14:05:00,2026-06-09 14:20:00,during_fault,1.183137,1
2026-06-09 14:19:05,1145,EXP_FAULT_01,RUN_01,pod_kill,1,recommendationservice,recommendation-f01-04,online-boutique,node-b,0.3966,31.8136,0,117.4279,0.002917,28.5746,19.936,54.7093,76.1116,108.8202,111.999,117.0854,0.0973,0.2452,136046.832,95305.2134,pod_kill,coupon-service,2026-06-09 14:05:00,2026-06-09 14:20:00,during_fault,2.7406669,1
2026-06-09 14:19:10,1150,EXP_FAULT_01,RUN_01,pod_kill,1,recommendationservice,recommendation-f01-04,online-boutique,node-b,0.3978,31.6539,0,121.5087,0.003065,30.0306,22.3054,54.6011,80.2335,126.6299,116.07,121.1363,0.1152,0.2572,105895.6912,80155.1992,pod_kill,coupon-service,2026-06-09 14:05:00,2026-06-09 14:20:00,during_fault,3.5945823,1
2026-06-09 14:19:15,1155,EXP_FAULT_01,RUN_01,pod_kill,1,recommendationservice,recommendation-f01-04,online-boutique,node-b,0.3835,31.3229,0,120.5456,0.002691,27.7994,20.5479,55.4722,75.3526,121.233,115.379,120.2212,0.0778,0.2465,113696.3613,85733.1176,pod_kill,coupon-service,2026-06-09 14:05:00,2026-06-09 14:20:00,during_fault,1.322986,1
2026-06-09 14:19:20,1160,EXP_FAULT_01,RUN_01,pod_kill,1,recommendationservice,recommendation-f01-04,online-boutique,node-b,0.3849,30.9392,0,116.6973,0.003124,29.3675,19.964,54.7575,77.113,104.9617,111.8528,116.3328,0.1162,0.2483,116860.8347,95383.7805,pod_kill,coupon-service,2026-06-09 14:05:00,2026-06-09 14:20:00,during_fault,2.812779,1
2026-06-09 14:19:25,1165,EXP_FAULT_01,RUN_01,pod_kill,1,recommendationservice,recommendation-f01-04,online-boutique,node-b,0.3852,31.7537,0,119.7174,0.003546,23.2986,17.5981,40.2913,54.7693,91.2011,114.8965,119.2929,0.1743,0.2502,127149.619,85173.0385,pod_kill,coupon-service,2026-06-09 14:05:00,2026-06-09 14:20:00,during_fault,0.7918103,1
2026-06-09 14:19:30,1170,EXP_FAULT_01,RUN_01,pod_kill,1,recommendationservice,recommendation-f01-04,online-boutique,node-b,0.3658,31.7166,0,119.102,0.003371,26.1603,19.6364,47.3759,67.1143,95.5266,114.5489,118.7005,0.1867,0.2149,130657.4493,91364.9294,pod_kill,coupon-service,2026-06-09 14:05:00,2026-06-09 14:20:00,during_fault,0.547091,1
2026-06-09 14:19:35,1175,EXP_FAULT_01,RUN_01,pod_kill,1,recommendationservice,recommendation-f01-04,online-boutique,node-b,0.3908,30.8166,0,117.5461,0.00255,27.1116,19.8354,50.005,66.4574,95.5168,113.2441,117.2464,0.0988,0.2009,142960.904,89380.5527,pod_kill,coupon-service,2026-06-09 14:05:00,2026-06-09 14:20:00,during_fault,1.4403341,1
2026-06-09 14:19:40,1180,EXP_FAULT_01,RUN_01,pod_kill,1,recommendationservice,recommendation-f01-04,online-boutique,node-b,0.3754,30.9477,0,119.8951,0.003118,25.0758,17.9537,45.0828,61.9719,89.6039,115.6202,119.5212,0.1453,0.2286,101380.4254,109954.2393,pod_kill,coupon-service,2026-06-09 14:05:00,2026-06-09 14:20:00,during_fault,0.25959125,0
2026-06-09 14:19:45,1185,EXP_FAULT_01,RUN_01,pod_kill,1,recommendationservice,recommendation-f01-04,online-boutique,node-b,0.4042,30.7341,0,117.1653,0.003011,28.1144,19.0573,54.8452,64.5744,104.0576,113.1659,116.8125,0.1693,0.1835,125545.7885,102422.0219,pod_kill,coupon-service,2026-06-09 14:05:00,2026-06-09 14:20:00,during_fault,2.6529114,1
2026-06-09 14:19:50,1190,EXP_FAULT_01,RUN_01,pod_kill,1,recommendationservice,recommendation-f01-04,online-boutique,node-b,0.3905,31.7585,0,116.9307,0.002521,25.1968,18.0026,47.9084,60.2811,97.5054,113.1195,116.636,0.1166,0.1781,125524.6074,81544.459,pod_kill,coupon-service,2026-06-09 14:05:00,2026-06-09 14:20:00,during_fault,0.5684942,1
2026-06-09 14:19:55,1195,EXP_FAULT_01,RUN_01,pod_kill,1,recommendationservice,recommendation-f01-04,online-boutique,node-b,0.3582,31.3091,0,115.9126,0.003195,25.083,17.9813,43.5759,58.6367,83.3445,112.2653,115.5422,0.1847,0.1857,107581.8162,81504.3614,pod_kill,coupon-service,2026-06-09 14:05:00,2026-06-09 14:20:00,during_fault,0.30225927,0
2026-06-09 14:20:00,1200,EXP_FAULT_01,RUN_01,pod_kill,1,recommendationservice,recommendation-f01-04,online-boutique,node-b,0.4075,30.6654,0,117.3276,0.001985,25.1348,16.8324,45.4828,64.2529,85.3033,113.7385,117.0947,0.071,0.1619,129030.3845,87060.8136,pod_kill,coupon-service,2026-06-09 14:05:00,2026-06-09 14:20:00,post_fault,1.0399051,1
2026-06-09 14:20:05,1205,EXP_FAULT_01,RUN_01,pod_kill,1,recommendationservice,recommendation-f01-04,online-boutique,node-b,0.3997,31.65,0,116.1032,0.002929,24.6393,19.2354,47.5282,62.064,86.2526,112.5333,115.7632,0.1767,0.1633,132469.2169,77038.1806,pod_kill,coupon-service,2026-06-09 14:05:00,2026-06-09 14:20:00,post_fault,0.7010455,1
2026-06-09 14:20:10,1210,EXP_FAULT_01,RUN_01,pod_kill,1,recommendationservice,recommendation-f01-04,online-boutique,node-b,0.3799,31.6306,0,116.9863,0.002229,26.2361,18.1204,50.6735,66.8027,101.7793,113.5025,116.7256,0.0848,0.1759,117795.3485,93611.9838,pod_kill,coupon-service,2026-06-09 14:05:00,2026-06-09 14:20:00,post_fault,0.7048279,1
2026-06-09 14:20:15,1215,EXP_FAULT_01,RUN_01,pod_kill,1,recommendationservice,recommendation-f01-04,online-boutique,node-b,0.3614,31.3594,0,113.9208,0.003124,24.2204,16.263,44.979,59.0921,88.3589,110.5231,113.5649,0.174,0.1819,118633.9317,78363.0904,pod_kill,coupon-service,2026-06-09 14:05:00,2026-06-09 14:20:00,post_fault,0.31968695,0
2026-06-09 14:20:20,1220,EXP_FAULT_01,RUN_01,pod_kill,1,recommendationservice,recommendation-f01-04,online-boutique,node-b,0.3878,31.491,0,117.5447,0.002302,25.156,18.8193,47.5872,61.778,98.8668,114.0995,117.2741,0.1142,0.1564,149820.847,86739.9727,pod_kill,coupon-service,2026-06-09 14:05:00,2026-06-09 14:20:00,post_fault,0.470092,1
2026-06-09 14:20:25,1225,EXP_FAULT_01,RUN_01,pod_kill,1,recommendationservice,recommendation-f01-04,online-boutique,node-b,0.3794,31.2774,0,117.1163,0.001709,25.444,17.7818,47.8243,62.582,97.9631,113.7886,116.9161,0.0489,0.1513,128249.2268,90951.7639,pod_kill,coupon-service,2026-06-09 14:05:00,2026-06-09 14:20:00,post_fault,0.462924,1
2026-06-09 14:20:30,1230,EXP_FAULT_01,RUN_01,pod_kill,1,recommendationservice,recommendation-f01-04,online-boutique,node-b,0.3939,30.9257,0,118.1701,0.002905,25.4773,17.4714,44.6875,64.3783,92.5443,114.7496,117.8267,0.1743,0.1691,119254.5254,105339.6592,pod_kill,coupon-service,2026-06-09 14:05:00,2026-06-09 14:20:00,post_fault,0.6978633,1
2026-06-09 14:20:35,1235,EXP_FAULT_01,RUN_01,pod_kill,1,recommendationservice,recommendation-f01-04,online-boutique,node-b,0.4021,31.7706,0,117.1235,0.002691,25.0451,17.8185,45.7071,54.6306,87.988,113.7861,116.8084,0.1667,0.1484,105409.7595,119317.9752,pod_kill,coupon-service,2026-06-09 14:05:00,2026-06-09 14:20:00,post_fault,0.77259946,1
2026-06-09 14:20:40,1240,EXP_FAULT_01,RUN_01,pod_kill,1,recommendationservice,recommendation-f01-04,online-boutique,node-b,0.4112,30.982,0,113.214,0.002815,26.7347,18.6954,47.2649,65.5787,100.2749,110.044,112.8953,0.1691,0.1497,95826.9254,83979.9349,pod_kill,coupon-service,2026-06-09 14:05:00,2026-06-09 14:20:00,post_fault,2.37775,1
2026-06-09 14:20:45,1245,EXP_FAULT_01,RUN_01,pod_kill,1,recommendationservice,recommendation-f01-04,online-boutique,node-b,0.3729,31.8885,0,119.5379,0.002346,26.5821,19.0467,49.1348,66.8237,99.8355,116.2501,119.2575,0.1111,0.1693,125584.06,109022.4065,pod_kill,coupon-service,2026-06-09 14:05:00,2026-06-09 14:20:00,post_fault,0.58439285,1
2026-06-09 14:20:50,1250,EXP_FAULT_01,RUN_01,pod_kill,1,recommendationservice,recommendation-f01-04,online-boutique,node-b,0.3927,31.3007,0,121.482,0.002452,25.4943,17.1924,45.9821,58.498,84.66,118.2087,121.1842,0.1191,0.1788,115328.6963,96770.3749,pod_kill,coupon-service,2026-06-09 14:05:00,2026-06-09 14:20:00,post_fault,0.4806785,1
2026-06-09 14:20:55,1255,EXP_FAULT_01,RUN_01,pod_kill,1,recommendationservice,recommendation-f01-04,online-boutique,node-b,0.3745,31.1089,0,121.015,0.002348,26.6053,17.9791,49.2831,66.4014,87.6672,117.8242,120.7309,0.1344,0.1497,142288.1296,125536.1033,pod_kill,coupon-service,2026-06-09 14:05:00,2026-06-09 14:20:00,post_fault,0.5855816,1
2026-06-09 14:21:00,1260,EXP_FAULT_01,RUN_01,pod_kill,1,recommendationservice,recommendation-f01-04,online-boutique,node-b,0.3835,31.6776,0,119.8537,0.002815,24.3132,18.7615,41.405,56.7668,81.275,116.6607,119.5162,0.1577,0.1797,121670.4535,98402.9726,pod_kill,coupon-service,2026-06-09 14:05:00,2026-06-09 14:20:00,post_fault,0.26627335,0
2026-06-09 14:21:05,1265,EXP_FAULT_01,RUN_01,pod_kill,1,recommendationservice,recommendation-f01-04,online-boutique,node-b,0.3753,31.0143,0,122.5153,0.002899,25.4538,17.9423,45.913,63.42,89.2452,119.3453,122.1602,0.1837,0.1715,111437.2093,79790.0882,pod_kill,coupon-service,2026-06-09 14:05:00,2026-06-09 14:20:00,post_fault,0.2267065,0
2026-06-09 14:21:10,1270,EXP_FAULT_01,RUN_01,pod_kill,1,recommendationservice,recommendation-f01-04,online-boutique,node-b,0.4057,31.0254,0,124.7146,0.002185,25.289,17.2271,43.6984,55.3073,95.4793,121.5332,124.4421,0.1193,0.1532,154390.3675,105412.5552,pod_kill,coupon-service,2026-06-09 14:05:00,2026-06-09 14:20:00,post_fault,0.53140765,1
2026-06-09 14:21:15,1275,EXP_FAULT_01,RUN_01,pod_kill,1,recommendationservice,recommendation-f01-04,online-boutique,node-b,0.3586,31.336,0,127.7362,0.001631,27.6541,21.655,47.6052,65.9925,100.215,124.5721,127.5279,0.0492,0.1591,114480.3528,90779.7751,pod_kill,coupon-service,2026-06-09 14:05:00,2026-06-09 14:20:00,post_fault,0.3094906,0
2026-06-09 14:21:20,1280,EXP_FAULT_01,RUN_01,pod_kill,1,recommendationservice,recommendation-f01-04,online-boutique,node-b,0.3737,31.1319,0,126.7896,0.001505,24.9589,17.8518,42.4632,53.2981,94.0542,123.6959,126.5988,0.0452,0.1456,115366.2206,116317.6425,pod_kill,coupon-service,2026-06-09 14:05:00,2026-06-09 14:20:00,post_fault,0.051502727,0
2026-06-09 14:21:25,1285,EXP_FAULT_01,RUN_01,pod_kill,1,recommendationservice,recommendation-f01-04,online-boutique,node-b,0.3972,32.3619,0,126.7889,0.001664,26.4519,18.2285,46.9856,56.3988,98.7605,123.7211,126.578,0.0383,0.1726,129759.773,92745.5811,pod_kill,coupon-service,2026-06-09 14:05:00,2026-06-09 14:20:00,post_fault,0.8645954,1
2026-06-09 14:21:30,1290,EXP_FAULT_01,RUN_01,pod_kill,1,recommendationservice,recommendation-f01-04,online-boutique,node-b,0.403,31.3833,0,130.1006,0.002499,27.3265,18.4933,48.257,58.7056,101.0975,126.9255,129.7756,0.1852,0.1398,118785.1653,130435.1474,pod_kill,coupon-service,2026-06-09 14:05:00,2026-06-09 14:20:00,post_fault,0.98199975,1
2026-06-09 14:21:35,1295,EXP_FAULT_01,RUN_01,pod_kill,1,recommendationservice,recommendation-f01-04,online-boutique,node-b,0.3961,31.5552,0,128.7452,0.001665,25.1282,18.5409,40.8745,59.1215,80.4384,125.7119,128.5308,0.0581,0.1563,150743.5461,114109.5339,pod_kill,coupon-service,2026-06-09 14:05:00,2026-06-09 14:20:00,post_fault,0.14968005,0
2026-06-09 14:21:40,1300,EXP_FAULT_01,RUN_01,pod_kill,1,recommendationservice,recommendation-f01-04,online-boutique,node-b,0.3835,31.978,0,133.6116,0.002598,26.3817,17.9581,45.5348,62.3687,98.8625,130.4483,133.2645,0.1739,0.1731,129311.0477,127651.4305,pod_kill,coupon-service,2026-06-09 14:05:00,2026-06-09 14:20:00,post_fault,0.45357233,1
2026-06-09 14:21:45,1305,EXP_FAULT_01,RUN_01,pod_kill,1,recommendationservice,recommendation-f01-04,online-boutique,node-b,0.3932,31.8002,0,126.7954,0.00201,25.24,19.7844,43.8383,57.2725,93.1486,123.8587,126.5406,0.1183,0.1366,161608.2732,107674.0815,pod_kill,coupon-service,2026-06-09 14:05:00,2026-06-09 14:20:00,post_fault,0.22039263,0
2026-06-09 14:21:50,1310,EXP_FAULT_01,RUN_01,pod_kill,1,recommendationservice,recommendation-f01-04,online-boutique,node-b,0.4126,31.6112,0,132.1711,0.001954,26.0225,19.3315,43.7486,56.1708,95.867,129.135,131.9128,0.1011,0.1572,120883.7734,131836.1311,pod_kill,coupon-service,2026-06-09 14:05:00,2026-06-09 14:20:00,post_fault,0.58992946,1
2026-06-09 14:21:55,1315,EXP_FAULT_01,RUN_01,pod_kill,1,recommendationservice,recommendation-f01-04,online-boutique,node-b,0.3804,31.6955,0,127.3247,0.00183,25.2648,18.0034,42.1265,58.2352,85.5791,124.4719,127.0918,0.0984,0.1346,144389.6961,120755.5978,pod_kill,coupon-service,2026-06-09 14:05:00,2026-06-09 14:20:00,post_fault,0.08610298,0
2026-06-09 14:22:00,1320,EXP_FAULT_01,RUN_01,pod_kill,1,recommendationservice,recommendation-f01-04,online-boutique,node-b,0.4038,31.4301,0,125.336,0.002325,25.254,17.4033,46.7756,55.2715,81.6015,122.4964,125.0446,0.1542,0.1372,115761.747,130016.1757,pod_kill,coupon-service,2026-06-09 14:05:00,2026-06-09 14:20:00,post_fault,0.401165,0
2026-06-09 14:22:05,1325,EXP_FAULT_01,RUN_01,pod_kill,1,recommendationservice,recommendation-f01-04,online-boutique,node-b,0.3842,31.529,0,131.1087,0.002687,25.5488,19.8903,46.2609,57.2983,93.0387,128.1681,130.7565,0.1946,0.1577,129775.5905,127057.2391,pod_kill,coupon-service,2026-06-09 14:05:00,2026-06-09 14:20:00,post_fault,0.12522443,0
2026-06-09 14:22:10,1330,EXP_FAULT_01,RUN_01,pod_kill,1,recommendationservice,recommendation-f01-04,online-boutique,node-b,0.3807,31.3866,0,130.8528,0.001502,25.1865,18.2345,46.0372,60.1282,86.4095,128.0675,130.6562,0.0508,0.1458,144631.3011,128406.3689,pod_kill,coupon-service,2026-06-09 14:05:00,2026-06-09 14:20:00,post_fault,0.036586665,0
2026-06-09 14:22:15,1335,EXP_FAULT_01,RUN_01,pod_kill,1,recommendationservice,recommendation-f01-04,online-boutique,node-b,0.4089,32.2058,0,129.1368,0.002003,22.8688,16.3177,41.8177,53.0083,73.3415,126.3798,128.8782,0.0917,0.1669,157953.1761,114789.0234,pod_kill,coupon-service,2026-06-09 14:05:00,2026-06-09 14:20:00,post_fault,0.18504871,0
2026-06-09 14:22:20,1340,EXP_FAULT_01,RUN_01,pod_kill,1,recommendationservice,recommendation-f01-04,online-boutique,node-b,0.4052,31.0412,0,129.7324,0.002519,25.8062,20.2279,47.7134,57.3977,93.287,126.9589,129.4057,0.1709,0.1559,138450.4224,89237.9167,pod_kill,coupon-service,2026-06-09 14:05:00,2026-06-09 14:20:00,post_fault,0.4334504,0
2026-06-09 14:22:25,1345,EXP_FAULT_01,RUN_01,pod_kill,1,recommendationservice,recommendation-f01-04,online-boutique,node-b,0.3696,31.0835,0,126.8025,0.001917,26.3564,19.9203,43.569,60.2781,85.2446,124.1944,126.5594,0.1118,0.1313,112078.9698,100990.4888,pod_kill,coupon-service,2026-06-09 14:05:00,2026-06-09 14:20:00,post_fault,0.23301716,0
2026-06-09 14:22:30,1350,EXP_FAULT_01,RUN_01,pod_kill,1,recommendationservice,recommendation-f01-04,online-boutique,node-b,0.3797,31.0992,0,129.3111,0.001838,26.8694,18.5206,46.8453,57.5029,82.5339,126.6565,129.0734,0.1065,0.1311,148306.6873,132291.5714,pod_kill,coupon-service,2026-06-09 14:05:00,2026-06-09 14:20:00,post_fault,0.38818473,0
2026-06-09 14:22:35,1355,EXP_FAULT_01,RUN_01,pod_kill,1,recommendationservice,recommendation-f01-04,online-boutique,node-b,0.3794,31.4371,0,126.7801,0.001932,24.0004,17.7997,41.5916,57.3087,78.5857,124.2075,126.5351,0.1227,0.1223,137002.7932,103041.6839,pod_kill,coupon-service,2026-06-09 14:05:00,2026-06-09 14:20:00,post_fault,0.018702872,0
2026-06-09 14:22:40,1360,EXP_FAULT_01,RUN_01,pod_kill,1,recommendationservice,recommendation-f01-04,online-boutique,node-b,0.3785,31.5599,0,129.5811,0.001644,24.0563,18.5566,43.0763,54.3553,78.0426,127.0113,129.3682,0.0915,0.1214,141027.677,130789.4857,pod_kill,coupon-service,2026-06-09 14:05:00,2026-06-09 14:20:00,post_fault,0.034090012,0
2026-06-09 14:22:45,1365,EXP_FAULT_01,RUN_01,pod_kill,1,recommendationservice,recommendation-f01-04,online-boutique,node-b,0.3719,31.4599,0,127.579,0.001486,24.2091,18.8258,42.4162,53.9546,72.3813,125.1052,127.3894,0.0634,0.1262,110054.3451,122270.1452,pod_kill,coupon-service,2026-06-09 14:05:00,2026-06-09 14:20:00,post_fault,0.027439956,0
2026-06-09 14:22:50,1370,EXP_FAULT_01,RUN_01,pod_kill,1,recommendationservice,recommendation-f01-04,online-boutique,node-b,0.378,31.4308,0,124.1254,0.001532,25.4905,18.3672,45.1106,60.3444,89.1642,121.7537,123.9353,0.0768,0.1133,113220.2784,121297.9792,pod_kill,coupon-service,2026-06-09 14:05:00,2026-06-09 14:20:00,post_fault,0.17485428,0
2026-06-09 14:22:55,1375,EXP_FAULT_01,RUN_01,pod_kill,1,recommendationservice,recommendation-f01-04,online-boutique,node-b,0.3669,30.9638,0,128.0409,0.002457,23.8703,16.6013,41.6123,53.9732,76.1614,125.5183,127.7262,0.1981,0.1165,157598.6307,112707.7875,pod_kill,coupon-service,2026-06-09 14:05:00,2026-06-09 14:20:00,post_fault,0.14287868,0
2026-06-09 14:23:00,1380,EXP_FAULT_01,RUN_01,pod_kill,1,recommendationservice,recommendation-f01-04,online-boutique,node-b,0.3692,31.5626,0,124.5971,0.00212,24.4786,17.7699,41.8452,51.8008,73.2037,122.2377,124.3329,0.1449,0.1193,108100.7562,81204.0749,pod_kill,coupon-service,2026-06-09 14:05:00,2026-06-09 14:20:00,post_fault,0.037190065,0
2026-06-09 14:23:05,1385,EXP_FAULT_01,RUN_01,pod_kill,1,recommendationservice,recommendation-f01-04,online-boutique,node-b,0.4074,30.3887,0,126.5179,0.002487,24.5976,18.4101,44.2118,56.6198,72.7566,124.1325,126.2032,0.1702,0.1445,112783.859,126509.8735,pod_kill,coupon-service,2026-06-09 14:05:00,2026-06-09 14:20:00,post_fault,0.31490022,0
2026-06-09 14:23:10,1390,EXP_FAULT_01,RUN_01,pod_kill,1,recommendationservice,recommendation-f01-04,online-boutique,node-b,0.388,30.9703,0,125.8814,0.001905,24.4298,16.6425,44.2762,55.9106,72.5677,123.5493,125.6416,0.1172,0.1227,146568.5655,128011.6186,pod_kill,coupon-service,2026-06-09 14:05:00,2026-06-09 14:20:00,post_fault,0.06841403,0
2026-06-09 14:23:15,1395,EXP_FAULT_01,RUN_01,pod_kill,1,recommendationservice,recommendation-f01-04,online-boutique,node-b,0.3878,31.886,0,125.6261,0.001542,25.7651,19.2024,47.3042,57.5429,91.2781,123.3687,125.4324,0.0813,0.1124,155822.6519,129963.19,pod_kill,coupon-service,2026-06-09 14:05:00,2026-06-09 14:20:00,post_fault,0.30725822,0
2026-06-09 14:23:20,1400,EXP_FAULT_01,RUN_01,pod_kill,1,recommendationservice,recommendation-f01-04,online-boutique,node-b,0.3711,31.5962,0,122.2044,0.00232,24.3445,18.9602,44.7412,55.7376,73.4655,119.9817,121.9209,0.1496,0.134,136683.7621,112297.4085,pod_kill,coupon-service,2026-06-09 14:05:00,2026-06-09 14:20:00,post_fault,0.0590567,0
2026-06-09 14:23:25,1405,EXP_FAULT_01,RUN_01,pod_kill,1,recommendationservice,recommendation-f01-04,online-boutique,node-b,0.3967,31.6363,0,128.412,0.001941,24.4456,18.8464,40.297,52.9085,77.2876,126.1255,128.1627,0.1302,0.1191,161303.8606,125081.0352,pod_kill,coupon-service,2026-06-09 14:05:00,2026-06-09 14:20:00,post_fault,0.060681842,0
2026-06-09 14:23:30,1410,EXP_FAULT_01,RUN_01,pod_kill,1,recommendationservice,recommendation-f01-04,online-boutique,node-b,0.4008,30.8911,0,124.9613,0.001331,24.5794,17.7174,42.9548,55.6976,80.1967,122.8198,124.7949,0.0387,0.1276,107895.9119,122031.0049,pod_kill,coupon-service,2026-06-09 14:05:00,2026-06-09 14:20:00,post_fault,0.2793233,0
2026-06-09 14:23:35,1415,EXP_FAULT_01,RUN_01,pod_kill,1,recommendationservice,recommendation-f01-04,online-boutique,node-b,0.4021,31.2867,0,125.9909,0.002285,25.4339,18.2631,46.4522,58.0324,78.4205,123.7658,125.703,0.1591,0.1288,151112.7874,88607.9028,pod_kill,coupon-service,2026-06-09 14:05:00,2026-06-09 14:20:00,post_fault,0.40914482,0
2026-06-09 14:23:40,1420,EXP_FAULT_01,RUN_01,pod_kill,1,recommendationservice,recommendation-f01-04,online-boutique,node-b,0.3953,31.5673,0,129.0371,0.001378,23.7655,16.7879,42.9415,55.3703,70.8109,126.8697,128.8593,0.0739,0.1039,159235.288,126176.8063,pod_kill,coupon-service,2026-06-09 14:05:00,2026-06-09 14:20:00,post_fault,0.015994307,0
2026-06-09 14:23:45,1425,EXP_FAULT_01,RUN_01,pod_kill,1,recommendationservice,recommendation-f01-04,online-boutique,node-b,0.3736,31.8331,0,125.903,0.001628,24.3013,17.9108,41.3727,48.989,74.0421,123.7996,125.698,0.0782,0.1267,154956.0086,104554.7226,pod_kill,coupon-service,2026-06-09 14:05:00,2026-06-09 14:20:00,post_fault,0.022467844,0
2026-06-09 14:23:50,1430,EXP_FAULT_01,RUN_01,pod_kill,1,recommendationservice,recommendation-f01-04,online-boutique,node-b,0.3949,31.7141,0,128.4736,0.002135,24.8065,17.0133,44.341,56.4819,77.5498,126.295,128.1994,0.1693,0.1049,160131.453,107960.2198,pod_kill,coupon-service,2026-06-09 14:05:00,2026-06-09 14:20:00,post_fault,0.107145116,0
2026-06-09 14:23:55,1435,EXP_FAULT_01,RUN_01,pod_kill,1,recommendationservice,recommendation-f01-04,online-boutique,node-b,0.3589,31.4402,0,130.3741,0.002015,21.9827,15.6401,38.1274,51.3312,64.1207,128.2617,130.1114,0.1335,0.1293,112227.9334,100477.4087,pod_kill,coupon-service,2026-06-09 14:05:00,2026-06-09 14:20:00,post_fault,0.94134223,1
2026-06-09 14:24:00,1440,EXP_FAULT_01,RUN_01,pod_kill,1,recommendationservice,recommendation-f01-04,online-boutique,node-b,0.4109,30.9933,0,128.7386,0.002517,23.0614,17.1926,42.2269,53.3246,77.5532,126.6349,128.4145,0.2027,0.1213,145942.0681,126687.6954,pod_kill,coupon-service,2026-06-09 14:05:00,2026-06-09 14:20:00,post_fault,0.039803214,0
2026-06-09 14:24:05,1445,EXP_FAULT_01,RUN_01,pod_kill,1,recommendationservice,recommendation-f01-04,online-boutique,node-b,0.3906,31.0464,0,127.8478,0.001343,26.2941,20.8523,46.7486,59.7713,81.2681,125.8579,127.6761,0.0519,0.1198,160968.3467,84046.087,pod_kill,coupon-service,2026-06-09 14:05:00,2026-06-09 14:20:00,post_fault,0.45389706,1
2026-06-09 14:24:10,1450,EXP_FAULT_01,RUN_01,pod_kill,1,recommendationservice,recommendation-f01-04,online-boutique,node-b,0.4141,32.1,0,128.391,0.001992,23.6188,18.1809,42.5489,53.15,72.9953,126.3403,128.1352,0.1241,0.1316,122398.0039,91253.6924,pod_kill,coupon-service,2026-06-09 14:05:00,2026-06-09 14:20:00,post_fault,0.18557641,0
2026-06-09 14:24:15,1455,EXP_FAULT_01,RUN_01,pod_kill,1,recommendationservice,recommendation-f01-04,online-boutique,node-b,0.3976,32.3543,0,131.8076,0.001821,26.1915,19.4955,43.1225,57.6918,84.5027,129.7644,131.5676,0.1391,0.1009,111940.5787,126063.9769,pod_kill,coupon-service,2026-06-09 14:05:00,2026-06-09 14:20:00,post_fault,0.66076213,1
2026-06-09 14:24:20,1460,EXP_FAULT_01,RUN_01,pod_kill,1,recommendationservice,recommendation-f01-04,online-boutique,node-b,0.3856,30.9216,0,131.9814,0.001276,23.2974,18.5277,37.7259,52.8762,72.6861,130.0061,131.8129,0.0588,0.1097,146848.1334,120189.8317,pod_kill,coupon-service,2026-06-09 14:05:00,2026-06-09 14:20:00,post_fault,0.07759408,0
2026-06-09 14:24:25,1465,EXP_FAULT_01,RUN_01,pod_kill,1,recommendationservice,recommendation-f01-04,online-boutique,node-b,0.3742,31.5682,0,135.9597,0.0013,26.1991,20.806,41.2072,52.914,86.4852,133.9413,135.7829,0.065,0.1118,144737.8659,110273.534,pod_kill,coupon-service,2026-06-09 14:05:00,2026-06-09 14:20:00,post_fault,0.06989817,0
2026-06-09 14:24:30,1470,EXP_FAULT_01,RUN_01,pod_kill,1,recommendationservice,recommendation-f01-04,online-boutique,node-b,0.4038,31.6578,0,134.3194,0.002459,26.9099,20.2294,49.0131,57.7354,79.0607,132.2606,133.9891,0.2109,0.1193,160418.1242,117286.0551,pod_kill,coupon-service,2026-06-09 14:05:00,2026-06-09 14:20:00,post_fault,0.6974016,1
2026-06-09 14:24:35,1475,EXP_FAULT_01,RUN_01,pod_kill,1,recommendationservice,recommendation-f01-04,online-boutique,node-b,0.3955,31.5405,0,133.6392,0.00179,23.8332,16.8831,42.8901,54.9201,76.6512,131.6598,133.4,0.1197,0.1194,123177.3057,131154.5302,pod_kill,coupon-service,2026-06-09 14:05:00,2026-06-09 14:20:00,post_fault,0.019478261,0
2026-06-09 14:24:40,1480,EXP_FAULT_01,RUN_01,pod_kill,1,recommendationservice,recommendation-f01-04,online-boutique,node-b,0.377,31.5674,0,135.0922,0.001856,26.9892,21.2744,45.9813,56.3645,79.3054,133.1167,134.8414,0.1296,0.1212,144397.2892,91931.9402,pod_kill,coupon-service,2026-06-09 14:05:00,2026-06-09 14:20:00,post_fault,0.22087927,0
2026-06-09 14:24:45,1485,EXP_FAULT_01,RUN_01,pod_kill,1,recommendationservice,recommendation-f01-04,online-boutique,node-b,0.3871,31.2607,0,134.1126,0.001212,25.7408,19.3637,43.3524,52.863,82.6458,132.2334,133.9501,0.0669,0.0956,142233.7073,120918.3604,pod_kill,coupon-service,2026-06-09 14:05:00,2026-06-09 14:20:00,post_fault,0.08254872,0
2026-06-09 14:24:50,1490,EXP_FAULT_01,RUN_01,pod_kill,1,recommendationservice,recommendation-f01-04,online-boutique,node-b,0.4147,32.2166,0,135.1684,0.001219,24.8122,17.352,39.8983,56.0362,72.0381,133.285,135.0037,0.0723,0.0925,169499.0406,115126.8464,pod_kill,coupon-service,2026-06-09 14:05:00,2026-06-09 14:20:00,post_fault,0.2720856,0
2026-06-09 14:24:55,1495,EXP_FAULT_01,RUN_01,pod_kill,1,recommendationservice,recommendation-f01-04,online-boutique,node-b,0.3943,31.7905,0,137.8609,0.001276,24.4362,17.9378,44.2852,54.7654,74.9985,135.9807,137.685,0.0493,0.1266,174362.5873,138100.3011,pod_kill,coupon-service,2026-06-09 14:05:00,2026-06-09 14:20:00,post_fault,0.045058347,0
2026-06-09 14:25:00,1500,EXP_FAULT_01,RUN_01,pod_kill,1,recommendationservice,recommendation-f01-04,online-boutique,node-b,0.3627,31.2335,0,132.7435,0.001539,25.036,19.8655,44.6824,57.4057,76.4383,130.9347,132.5392,0.1095,0.0948,152216.8332,110372.3226,pod_kill,coupon-service,2026-06-09 14:05:00,2026-06-09 14:20:00,post_fault,0.11588327,0
2026-06-09 14:25:05,1505,EXP_FAULT_01,RUN_01,pod_kill,1,recommendationservice,recommendation-f01-04,online-boutique,node-b,0.3983,31.5816,0,137.5045,0.00141,23.5059,18.5986,37.5365,49.582,69.2138,135.6435,137.3106,0.1005,0.0934,170092.1366,103345.6286,pod_kill,coupon-service,2026-06-09 14:05:00,2026-06-09 14:20:00,post_fault,0.09865234,0
2026-06-09 14:25:10,1510,EXP_FAULT_01,RUN_01,pod_kill,1,recommendationservice,recommendation-f01-04,online-boutique,node-b,0.3895,31.8658,0,136.9411,0.001314,24.5422,18.18,42.3844,52.6375,69.7355,135.1525,136.7612,0.0965,0.0834,121152.3101,100395.1312,pod_kill,coupon-service,2026-06-09 14:05:00,2026-06-09 14:20:00,post_fault,0.06393875,0
2026-06-09 14:25:15,1515,EXP_FAULT_01,RUN_01,pod_kill,1,recommendationservice,recommendation-f01-04,online-boutique,node-b,0.3957,31.769,0,134.1689,0.001381,26.0201,20.0127,45.5301,57.3334,84.1188,132.4243,133.9836,0.0874,0.0979,170823.7265,119129.1953,pod_kill,coupon-service,2026-06-09 14:05:00,2026-06-09 14:20:00,post_fault,0.21562478,0
2026-06-09 14:25:20,1520,EXP_FAULT_01,RUN_01,pod_kill,1,recommendationservice,recommendation-f01-04,online-boutique,node-b,0.3846,31.6194,0,135.4106,0.001,22.8247,17.8229,38.6003,48.0513,68.1807,133.6924,135.2751,0.0442,0.0913,116792.0089,111039.9804,pod_kill,coupon-service,2026-06-09 14:05:00,2026-06-09 14:20:00,post_fault,0.30618507,0
2026-06-09 14:25:25,1525,EXP_FAULT_01,RUN_01,pod_kill,1,recommendationservice,recommendation-f01-04,online-boutique,node-b,0.3937,31.6731,0,133.1023,0.001573,23.9724,18.1314,36.9483,48.0639,68.1505,131.4118,132.8929,0.101,0.1084,146096.2696,121828.0165,pod_kill,coupon-service,2026-06-09 14:05:00,2026-06-09 14:20:00,post_fault,0.020201916,0
2026-06-09 14:25:30,1530,EXP_FAULT_01,RUN_01,pod_kill,1,recommendationservice,recommendation-f01-04,online-boutique,node-b,0.3994,31.496,0,131.6685,0.002229,24.9852,18.3358,41.6249,50.6397,73.9007,129.9992,131.3751,0.188,0.1055,129157.0863,94043.9475,pod_kill,coupon-service,2026-06-09 14:05:00,2026-06-09 14:20:00,post_fault,0.097365156,0
2026-06-09 14:25:35,1535,EXP_FAULT_01,RUN_01,pod_kill,1,recommendationservice,recommendation-f01-04,online-boutique,node-b,0.3899,30.9334,0,132.5058,0.001941,25.1388,19.0543,43.1199,55.066,75.401,130.8556,132.2487,0.1596,0.0975,164448.0417,104356.2825,pod_kill,coupon-service,2026-06-09 14:05:00,2026-06-09 14:20:00,post_fault,0.05597834,0
2026-06-09 14:25:40,1540,EXP_FAULT_01,RUN_01,pod_kill,1,recommendationservice,recommendation-f01-04,online-boutique,node-b,0.3963,31.2378,0,127.399,0.001364,23.8861,16.5845,38.9934,52.1104,74.2403,125.827,127.2252,0.0648,0.1089,117904.9871,122255.2854,pod_kill,coupon-service,2026-06-09 14:05:00,2026-06-09 14:20:00,post_fault,0.040829085,0
2026-06-09 14:25:45,1545,EXP_FAULT_01,RUN_01,pod_kill,1,recommendationservice,recommendation-f01-04,online-boutique,node-b,0.4032,31.1698,0,132.1042,0.001334,23.9707,19.1833,37.5581,51.3805,78.7871,130.5223,131.928,0.0883,0.0878,113952.4,112058.621,pod_kill,coupon-service,2026-06-09 14:05:00,2026-06-09 14:20:00,post_fault,0.03719013,0
2026-06-09 14:25:50,1550,EXP_FAULT_01,RUN_01,pod_kill,1,recommendationservice,recommendation-f01-04,online-boutique,node-b,0.3981,32.0301,0,126.938,0.001429,24.2366,18.4325,41.6848,47.8509,68.128,125.4231,126.7567,0.099,0.0823,129519.423,119659.5689,pod_kill,coupon-service,2026-06-09 14:05:00,2026-06-09 14:20:00,post_fault,0.09560609,0
2026-06-09 14:25:55,1555,EXP_FAULT_01,RUN_01,pod_kill,1,recommendationservice,recommendation-f01-04,online-boutique,node-b,0.3706,31.1465,0,128.3684,0.0009,23.9682,18.943,41.4077,46.8675,70.6335,126.8908,128.2529,0.0373,0.0782,138058.9382,121294.6041,pod_kill,coupon-service,2026-06-09 14:05:00,2026-06-09 14:20:00,post_fault,0.04130025,0
2026-06-09 14:26:00,1560,EXP_FAULT_01,RUN_01,pod_kill,1,recommendationservice,recommendation-f01-04,online-boutique,node-b,0.3879,31.6598,0,129.3742,0.001674,24.3646,17.3912,43.5342,53.9075,70.4771,127.853,129.1576,0.1499,0.0667,137132.1386,110893.4454,pod_kill,coupon-service,2026-06-09 14:05:00,2026-06-09 14:20:00,post_fault,0.006265732,0
2026-06-09 14:26:05,1565,EXP_FAULT_01,RUN_01,pod_kill,1,recommendationservice,recommendation-f01-04,online-boutique,node-b,0.3673,31.0074,0,128.5641,0.001936,23.1681,17.0907,35.9565,50.6043,68.5896,127.0814,128.3152,0.1637,0.0853,124481.456,110240.7963,pod_kill,coupon-service,2026-06-09 14:05:00,2026-06-09 14:20:00,post_fault,0.22775757,0
2026-06-09 14:26:10,1570,EXP_FAULT_01,RUN_01,pod_kill,1,recommendationservice,recommendation-f01-04,online-boutique,node-b,0.3571,31.2914,0,125.4791,0.001771,22.2301,17.6386,39.6988,46.2133,72.5232,124.064,125.2569,0.1179,0.1043,126795.0258,95269.8555,pod_kill,coupon-service,2026-06-09 14:05:00,2026-06-09 14:20:00,post_fault,0.51469284,1
2026-06-09 14:26:15,1575,EXP_FAULT_01,RUN_01,pod_kill,1,recommendationservice,recommendation-f01-04,online-boutique,node-b,0.3866,31.5079,0,125.3194,0.001256,21.2345,14.8026,35.5646,42.2956,69.7472,123.9134,125.162,0.089,0.0684,109511.7971,105239.5835,pod_kill,coupon-service,2026-06-09 14:05:00,2026-06-09 14:20:00,post_fault,0.25603116,0
2026-06-09 14:26:20,1580,EXP_FAULT_01,RUN_01,pod_kill,1,recommendationservice,recommendation-f01-04,online-boutique,node-b,0.3764,31.3216,0,127.4793,0.001442,23.3979,16.1961,38.9761,45.8521,70.8579,126.0724,127.2955,0.0955,0.0883,127923.5532,111155.5599,pod_kill,coupon-service,2026-06-09 14:05:00,2026-06-09 14:20:00,post_fault,0.054634273,0
2026-06-09 14:26:25,1585,EXP_FAULT_01,RUN_01,pod_kill,1,recommendationservice,recommendation-f01-04,online-boutique,node-b,0.3747,31.5482,0,123.8174,0.001767,23.7216,18.6714,36.7303,51.3342,69.7046,122.4651,123.5987,0.1536,0.0651,144796.645,127802.2368,pod_kill,coupon-service,2026-06-09 14:05:00,2026-06-09 14:20:00,post_fault,0.015093791,0
2026-06-09 14:26:30,1590,EXP_FAULT_01,RUN_01,pod_kill,1,recommendationservice,recommendation-f01-04,online-boutique,node-b,0.3849,31.6184,0,126.9076,0.001171,24.0879,19.3431,41.2884,49.758,75.0891,125.5695,126.759,0.0505,0.0981,139900.2535,113289.1207,pod_kill,coupon-service,2026-06-09 14:05:00,2026-06-09 14:20:00,post_fault,0.015498089,0
2026-06-09 14:26:35,1595,EXP_FAULT_01,RUN_01,pod_kill,1,recommendationservice,recommendation-f01-04,online-boutique,node-b,0.3855,31.3853,0,125.6043,0.001835,24.6495,16.9888,43.9763,51.5399,66.8913,124.2421,125.3738,0.1343,0.0961,157378.0917,113341.9568,pod_kill,coupon-service,2026-06-09 14:05:00,2026-06-09 14:20:00,post_fault,0.062750824,0
2026-06-09 14:26:40,1600,EXP_FAULT_01,RUN_01,pod_kill,1,recommendationservice,recommendation-f01-04,online-boutique,node-b,0.3605,31.2228,0,120.9735,0.001954,24.3148,19.1598,37.4815,51.3034,65.6842,119.6835,120.7371,0.1501,0.0862,152265.4963,93000.328,pod_kill,coupon-service,2026-06-09 14:05:00,2026-06-09 14:20:00,post_fault,0.03798767,0
2026-06-09 14:26:45,1605,EXP_FAULT_01,RUN_01,pod_kill,1,recommendationservice,recommendation-f01-04,online-boutique,node-b,0.4144,32.284,0,128.39,0.001138,23.9628,17.6927,37.8404,46.146,74.5061,127.0963,128.2439,0.0644,0.0817,128040.6969,122469.1502,pod_kill,coupon-service,2026-06-09 14:05:00,2026-06-09 14:20:00,post_fault,0.20425574,0
2026-06-09 14:26:50,1610,EXP_FAULT_01,RUN_01,pod_kill,1,recommendationservice,recommendation-f01-04,online-boutique,node-b,0.3859,31.8327,0,123.037,0.001544,26.2202,19.3697,42.8597,50.4964,79.6204,121.7977,122.8469,0.1035,0.0865,151533.054,100684.3936,pod_kill,coupon-service,2026-06-09 14:05:00,2026-06-09 14:20:00,post_fault,0.5084559,1
2026-06-09 14:26:55,1615,EXP_FAULT_01,RUN_01,pod_kill,1,recommendationservice,recommendation-f01-04,online-boutique,node-b,0.3897,31.2788,0,124.8799,0.001009,22.6014,18.1248,40.2949,47.5588,63.4597,123.6573,124.7539,0.0448,0.0812,123850.2553,107006.3847,pod_kill,coupon-service,2026-06-09 14:05:00,2026-06-09 14:20:00,post_fault,0.015150806,0
2026-06-09 14:27:00,1620,EXP_FAULT_01,RUN_01,pod_kill,1,recommendationservice,recommendation-f01-04,online-boutique,node-b,0.3969,31.7053,0,125.7989,0.00211,24.0883,18.3567,37.9787,47.8387,72.0464,124.5006,125.5334,0.1866,0.0789,151501.34,130598.4724,pod_kill,coupon-service,2026-06-09 14:05:00,2026-06-09 14:20:00,post_fault,0.06599684,0
2026-06-09 14:27:05,1625,EXP_FAULT_01,RUN_01,pod_kill,1,recommendationservice,recommendation-f01-04,online-boutique,node-b,0.3846,31.6496,0,123.3315,0.001817,23.2149,18.2352,39.8678,47.5643,64.2868,122.0844,123.1075,0.1645,0.0596,155926.4636,108220.8822,pod_kill,coupon-service,2026-06-09 14:05:00,2026-06-09 14:20:00,post_fault,0.0043209516,0
2026-06-09 14:27:10,1630,EXP_FAULT_01,RUN_01,pod_kill,1,recommendationservice,recommendation-f01-04,online-boutique,node-b,0.3963,31.4107,0,125.4637,0.000696,22.7434,16.4088,34.7086,45.4025,64.4859,124.2996,125.3764,0.0319,0.0555,118333.644,105468.6568,pod_kill,coupon-service,2026-06-09 14:05:00,2026-06-09 14:20:00,post_fault,0.0058169877,0
2026-06-09 14:27:15,1635,EXP_FAULT_01,RUN_01,pod_kill,1,recommendationservice,recommendation-f01-04,online-boutique,node-b,0.3817,31.4964,0,126.6363,0.001038,24.1965,18.735,42.0215,47.7035,69.9945,125.4605,126.5049,0.0476,0.0838,117613.5128,120898.1774,pod_kill,coupon-service,2026-06-09 14:05:00,2026-06-09 14:20:00,post_fault,0.018698532,0
2026-06-09 14:27:20,1640,EXP_FAULT_01,RUN_01,pod_kill,1,recommendationservice,recommendation-f01-04,online-boutique,node-b,0.3901,32.0269,0,126.6226,0.001402,22.8302,17.3567,37.6943,49.196,67.0596,125.4191,126.4451,0.0923,0.0852,142423.119,110717.0227,pod_kill,coupon-service,2026-06-09 14:05:00,2026-06-09 14:20:00,post_fault,0.04543606,0
2026-06-09 14:27:25,1645,EXP_FAULT_01,RUN_01,pod_kill,1,recommendationservice,recommendation-f01-04,online-boutique,node-b,0.365,31.4137,0,127.1676,0.001612,25.0872,17.7491,41.8457,52.2785,73.4773,125.976,126.9626,0.1497,0.0553,116674.9997,115605.766,pod_kill,coupon-service,2026-06-09 14:05:00,2026-06-09 14:20:00,post_fault,0.033616472,0
2026-06-09 14:27:30,1650,EXP_FAULT_01,RUN_01,pod_kill,1,recommendationservice,recommendation-f01-04,online-boutique,node-b,0.3867,31.7207,0,127.8435,0.001158,24.554,18.6749,39.0596,53.2196,66.2564,126.6965,127.6955,0.0606,0.0875,111562.5997,91683.2908,pod_kill,coupon-service,2026-06-09 14:05:00,2026-06-09 14:20:00,post_fault,0.038682647,0
2026-06-09 14:27:35,1655,EXP_FAULT_01,RUN_01,pod_kill,1,recommendationservice,recommendation-f01-04,online-boutique,node-b,0.394,31.6057,0,126.5049,0.001754,23.3641,18.1501,38.2933,50.4391,72.969,125.3346,126.283,0.1548,0.0671,113305.6825,97859.3319,pod_kill,coupon-service,2026-06-09 14:05:00,2026-06-09 14:20:00,post_fault,0.001945265,0
2026-06-09 14:27:40,1660,EXP_FAULT_01,RUN_01,pod_kill,1,recommendationservice,recommendation-f01-04,online-boutique,node-b,0.3637,31.3057,0,125.9394,0.00151,23.4663,18.2478,36.5184,48.5257,66.6547,124.8082,125.7493,0.1027,0.0874,133786.1058,127312.7913,pod_kill,coupon-service,2026-06-09 14:05:00,2026-06-09 14:20:00,post_fault,0.12353866,0
2026-06-09 14:27:45,1665,EXP_FAULT_01,RUN_01,pod_kill,1,recommendationservice,recommendation-f01-04,online-boutique,node-b,0.3617,31.6667,0,125.5796,0.001213,23.0663,16.4578,38.734,45.7368,72.213,124.4785,125.4273,0.062,0.0903,104146.4406,95221.2392,pod_kill,coupon-service,2026-06-09 14:05:00,2026-06-09 14:20:00,post_fault,0.21154079,0
2026-06-09 14:27:50,1670,EXP_FAULT_01,RUN_01,pod_kill,1,recommendationservice,recommendation-f01-04,online-boutique,node-b,0.3934,31.1043,0,130.5848,0.001386,23.5537,16.5839,40.3396,45.588,72.8436,129.4589,130.4038,0.1256,0.0554,150784.4937,116028.0532,pod_kill,coupon-service,2026-06-09 14:05:00,2026-06-09 14:20:00,post_fault,0.016784566,0
2026-06-09 14:27:55,1675,EXP_FAULT_01,RUN_01,pod_kill,1,recommendationservice,recommendation-f01-04,online-boutique,node-b,0.3816,31.0346,0,128.1398,0.001628,24.0109,17.687,36.5049,49.849,67.3473,127.0176,127.9311,0.148,0.0607,126123.8034,99438.8062,pod_kill,coupon-service,2026-06-09 14:05:00,2026-06-09 14:20:00,post_fault,0.008867924,0
2026-06-09 14:28:00,1680,EXP_FAULT_01,RUN_01,pod_kill,1,recommendationservice,recommendation-f01-04,online-boutique,node-b,0.3695,31.3371,0,127.258,0.001591,22.0408,15.6869,35.0541,41.9905,60.7268,126.1877,127.0556,0.137,0.0654,154085.654,83053.1092,pod_kill,coupon-service,2026-06-09 14:05:00,2026-06-09 14:20:00,post_fault,0.4081184,0
2026-06-09 14:28:05,1685,EXP_FAULT_01,RUN_01,pod_kill,1,recommendationservice,recommendation-f01-04,online-boutique,node-b,0.39,31.3564,0,126.7686,0.00083,24.8333,19.5812,38.1926,48.0759,68.868,125.7283,126.6633,0.039,0.0663,104617.9707,105288.2597,pod_kill,coupon-service,2026-06-09 14:05:00,2026-06-09 14:20:00,post_fault,0.12919292,0
2026-06-09 14:28:10,1690,EXP_FAULT_01,RUN_01,pod_kill,1,recommendationservice,recommendation-f01-04,online-boutique,node-b,0.3771,32.2078,0,124.8831,0.001802,22.0796,17.3429,36.791,44.802,63.5512,123.8175,124.6581,0.1787,0.0463,158340.8329,99060.234,pod_kill,coupon-service,2026-06-09 14:05:00,2026-06-09 14:20:00,post_fault,0.3598729,0
2026-06-09 14:28:15,1695,EXP_FAULT_01,RUN_01,pod_kill,1,recommendationservice,recommendation-f01-04,online-boutique,node-b,0.3898,32.0108,0,123.795,0.001184,25.6848,19.7989,41.9851,49.0095,70.9319,122.8018,123.6485,0.0941,0.0524,103405.0385,104743.4207,pod_kill,coupon-service,2026-06-09 14:05:00,2026-06-09 14:20:00,post_fault,0.38281053,0
2026-06-09 14:28:20,1700,EXP_FAULT_01,RUN_01,pod_kill,1,recommendationservice,recommendation-f01-04,online-boutique,node-b,0.3881,31.5977,0,123.5725,0.00116,22.9463,17.0699,39.3879,49.0334,64.3776,122.5831,123.4291,0.0813,0.062,120061.9932,87758.8157,pod_kill,coupon-service,2026-06-09 14:05:00,2026-06-09 14:20:00,post_fault,0.017051369,0
2026-06-09 14:28:25,1705,EXP_FAULT_01,RUN_01,pod_kill,1,recommendationservice,recommendation-f01-04,online-boutique,node-b,0.3831,32.3717,0,123.2376,0.001127,23.9173,16.8733,36.9481,51.6777,63.4982,122.2697,123.0986,0.0869,0.052,116737.8981,110114.4684,pod_kill,coupon-service,2026-06-09 14:05:00,2026-06-09 14:20:00,post_fault,0.09004785,0
2026-06-09 14:28:30,1710,EXP_FAULT_01,RUN_01,pod_kill,1,recommendationservice,recommendation-f01-04,online-boutique,node-b,0.3875,30.995,0,124.1858,0.002069,22.9451,15.8618,38.1319,44.3255,61.2538,123.15,123.9289,0.1899,0.0671,141220.256,109667.5615,pod_kill,coupon-service,2026-06-09 14:05:00,2026-06-09 14:20:00,post_fault,0.0086141,0
2026-06-09 14:28:35,1715,EXP_FAULT_01,RUN_01,pod_kill,1,recommendationservice,recommendation-f01-04,online-boutique,node-b,0.3895,31.4778,0,120.8582,0.000848,23.1036,17.2299,35.0545,46.5048,64.2656,119.9594,120.7557,0.0508,0.0517,109983.5268,110073.7933,pod_kill,coupon-service,2026-06-09 14:05:00,2026-06-09 14:20:00,post_fault,0.04020696,0
2026-06-09 14:28:40,1720,EXP_FAULT_01,RUN_01,pod_kill,1,recommendationservice,recommendation-f01-04,online-boutique,node-b,0.3855,32.0948,0,118.3613,0.001581,24.3433,17.3954,42.4701,53.3012,63.647,117.4437,118.1742,0.1148,0.0723,110528.6016,103768.1687,pod_kill,coupon-service,2026-06-09 14:05:00,2026-06-09 14:20:00,post_fault,0.20458236,0
2026-06-09 14:28:45,1725,EXP_FAULT_01,RUN_01,pod_kill,1,recommendationservice,recommendation-f01-04,online-boutique,node-b,0.383,31.3568,0,120.3471,0.00135,22.0518,15.7395,35.0124,43.3315,63.247,119.4431,120.1846,0.0837,0.0788,145862.7017,99502.181,pod_kill,coupon-service,2026-06-09 14:05:00,2026-06-09 14:20:00,post_fault,0.033732615,0
2026-06-09 14:28:50,1730,EXP_FAULT_01,RUN_01,pod_kill,1,recommendationservice,recommendation-f01-04,online-boutique,node-b,0.3774,31.3525,0,119.7373,0.000789,22.968,18.1123,37.3802,47.3536,65.4581,118.875,119.6428,0.0374,0.0571,134006.2094,86522.256,pod_kill,coupon-service,2026-06-09 14:05:00,2026-06-09 14:20:00,post_fault,0.0047153877,0
2026-06-09 14:28:55,1735,EXP_FAULT_01,RUN_01,pod_kill,1,recommendationservice,recommendation-f01-04,online-boutique,node-b,0.3936,31.5112,0,117.8644,0.001414,23.554,18.1451,35.9773,49.4591,62.3823,117.0001,117.6978,0.117,0.0496,104226.5507,116407.8166,pod_kill,coupon-service,2026-06-09 14:05:00,2026-06-09 14:20:00,post_fault,0.16599889,0
2026-06-09 14:29:00,1740,EXP_FAULT_01,RUN_01,pod_kill,1,recommendationservice,recommendation-f01-04,online-boutique,node-b,0.3859,31.3638,0,117.2994,0.001572,20.2815,14.977,32.7747,40.9657,52.946,116.447,117.1149,0.1087,0.0758,109052.4487,104281.9584,pod_kill,coupon-service,2026-06-09 14:05:00,2026-06-09 14:20:00,post_fault,0.18090454,0
2026-06-09 14:29:05,1745,EXP_FAULT_01,RUN_01,pod_kill,1,recommendationservice,recommendation-f01-04,online-boutique,node-b,0.3804,30.8258,0,114.4189,0.001902,24.586,18.4685,38.5317,48.9426,70.2412,113.5381,114.2013,0.1772,0.0404,110391.1594,115970.5229,pod_kill,coupon-service,2026-06-09 14:05:00,2026-06-09 14:20:00,post_fault,0.37644035,0
2026-06-09 14:29:10,1750,EXP_FAULT_01,RUN_01,pod_kill,1,recommendationservice,recommendation-f01-04,online-boutique,node-b,0.3929,31.602,0,112.1084,0.001328,22.0564,16.4539,36.6754,46.3949,65.1105,111.3034,111.9596,0.0976,0.0512,99190.3625,83014.1956,pod_kill,coupon-service,2026-06-09 14:05:00,2026-06-09 14:20:00,post_fault,0.08827033,0
2026-06-09 14:29:15,1755,EXP_FAULT_01,RUN_01,pod_kill,1,recommendationservice,recommendation-f01-04,online-boutique,node-b,0.3812,31.7644,0,113.3376,0.001249,23.0099,17.8191,38.5511,43.2016,61.5923,112.5509,113.1961,0.0702,0.0713,141923.3724,108559.3063,pod_kill,coupon-service,2026-06-09 14:05:00,2026-06-09 14:20:00,post_fault,0.07703038,0
2026-06-09 14:29:20,1760,EXP_FAULT_01,RUN_01,pod_kill,1,recommendationservice,recommendation-f01-04,online-boutique,node-b,0.3545,30.8151,0,110.2063,0.001359,21.4197,15.9749,36.2288,42.7282,65.3443,109.4365,110.0565,0.0963,0.0534,120968.9912,98985.1364,pod_kill,coupon-service,2026-06-09 14:05:00,2026-06-09 14:20:00,post_fault,0.05691161,0
2026-06-09 14:29:25,1765,EXP_FAULT_01,RUN_01,pod_kill,1,recommendationservice,recommendation-f01-04,online-boutique,node-b,0.3892,31.6341,0,113.2676,0.001455,21.1959,16.2789,33.4687,40.3273,63.6135,112.4399,113.1028,0.1001,0.0647,97888.0922,99409.5595,pod_kill,coupon-service,2026-06-09 14:05:00,2026-06-09 14:20:00,post_fault,0.009166263,0
2026-06-09 14:29:30,1770,EXP_FAULT_01,RUN_01,pod_kill,1,recommendationservice,recommendation-f01-04,online-boutique,node-b,0.3822,31.8393,0,107.9518,0.001283,23.0938,18.2844,38.956,49.8269,70.412,107.1777,107.8133,0.0693,0.0692,103657.3471,108109.1163,pod_kill,coupon-service,2026-06-09 14:05:00,2026-06-09 14:20:00,post_fault,0.26838654,0
2026-06-09 14:29:35,1775,EXP_FAULT_01,RUN_01,pod_kill,1,recommendationservice,recommendation-f01-04,online-boutique,node-b,0.3621,32.1006,0,109.2129,0.001167,23.287,18.2625,36.3632,47.8318,62.9708,108.4275,109.0854,0.0607,0.0667,95375.0991,99714.0746,pod_kill,coupon-service,2026-06-09 14:05:00,2026-06-09 14:20:00,post_fault,0.098653555,0
2026-06-09 14:29:40,1780,EXP_FAULT_01,RUN_01,pod_kill,1,recommendationservice,recommendation-f01-04,online-boutique,node-b,0.3656,31.578,0,113.1849,0.001177,22.9911,18.384,39.2537,48.9939,62.6918,112.399,113.0517,0.0616,0.0716,125672.0719,88947.1732,pod_kill,coupon-service,2026-06-09 14:05:00,2026-06-09 14:20:00,post_fault,0.015805786,0
2026-06-09 14:29:45,1785,EXP_FAULT_01,RUN_01,pod_kill,1,recommendationservice,recommendation-f01-04,online-boutique,node-b,0.3684,31.2263,0,108.9866,0.001298,21.1209,16.9116,33.2466,45.388,62.455,108.2223,108.8451,0.0722,0.0692,129211.6838,101147.7313,pod_kill,coupon-service,2026-06-09 14:05:00,2026-06-09 14:20:00,post_fault,0.01145476,0
2026-06-09 14:29:50,1790,EXP_FAULT_01,RUN_01,pod_kill,1,recommendationservice,recommendation-f01-04,online-boutique,node-b,0.3648,30.8845,0,109.4124,0.002075,23.1894,16.5062,40.0821,48.2035,67.1931,108.6137,109.1854,0.1741,0.0529,136910.437,82643.574,pod_kill,coupon-service,2026-06-09 14:05:00,2026-06-09 14:20:00,post_fault,0.07358687,0
2026-06-09 14:29:55,1795,EXP_FAULT_01,RUN_01,pod_kill,1,recommendationservice,recommendation-f01-04,online-boutique,node-b,0.3757,31.7957,0,107.4594,0.001549,22.4046,16.6235,37.4797,45.408,60.6791,106.652,107.293,0.1188,0.0476,102779.6826,81035.8881,pod_kill,coupon-service,2026-06-09 14:05:00,2026-06-09 14:20:00,post_fault,0.091460794,0
2026-06-09 14:35:00,0,EXP_FAULT_02,RUN_02,cpu_stress,1,recommendationservice,recommendation-f02-04,online-boutique,node-b,0.3582,31.6797,0,118.3119,0.000581,22.5282,18.3407,33.5336,40.9887,54.4573,118.2731,118.2432,0.0402,0.0285,145337.9995,100216.7792,cpu_stress,inventory-service,2026-06-09 14:40:00,2026-06-09 14:55:00,pre_fault,0.08161398,0
2026-06-09 14:35:05,5,EXP_FAULT_02,RUN_02,cpu_stress,1,recommendationservice,recommendation-f02-04,online-boutique,node-b,0.3882,31.5674,0,121.161,0.001473,22.0311,16.3081,36.9059,44.3241,59.6426,121.0457,120.9826,0.1619,0.0165,121785.6534,105617.2544,cpu_stress,inventory-service,2026-06-09 14:40:00,2026-06-09 14:55:00,pre_fault,0.029954309,0
2026-06-09 14:35:10,10,EXP_FAULT_02,RUN_02,cpu_stress,1,recommendationservice,recommendation-f02-04,online-boutique,node-b,0.3904,30.3858,0,118.1889,0.001669,21.6108,15.4958,35.3574,39.8632,59.5265,118.0838,117.9917,0.1695,0.0278,127923.4446,112947.1008,cpu_stress,inventory-service,2026-06-09 14:40:00,2026-06-09 14:55:00,pre_fault,0.012866648,0
2026-06-09 14:35:15,15,EXP_FAULT_02,RUN_02,cpu_stress,1,recommendationservice,recommendation-f02-04,online-boutique,node-b,0.3869,31.1338,0,119.4129,0.000544,22.4945,16.4439,33.6743,42.8467,61.6741,119.3795,119.348,0.0429,0.022,104716.5571,116110.8374,cpu_stress,inventory-service,2026-06-09 14:40:00,2026-06-09 14:55:00,pre_fault,0.011030384,0
2026-06-09 14:35:20,20,EXP_FAULT_02,RUN_02,cpu_stress,1,recommendationservice,recommendation-f02-04,online-boutique,node-b,0.385,30.5636,0,118.3966,0.001085,23.3483,18.3228,34.504,41.0651,66.2737,118.3505,118.2681,0.102,0.0264,127291.119,108690.1872,cpu_stress,inventory-service,2026-06-09 14:40:00,2026-06-09 14:55:00,pre_fault,0.09007357,0
2026-06-09 14:35:25,25,EXP_FAULT_02,RUN_02,cpu_stress,1,recommendationservice,recommendation-f02-04,online-boutique,node-b,0.3807,31.0011,0,117.6305,0.000616,24.0708,19.5876,37.0387,46.3281,56.9857,117.599,117.558,0.0455,0.027,120471.9188,96761.4745,cpu_stress,inventory-service,2026-06-09 14:40:00,2026-06-09 14:55:00,pre_fault,0.18819278,0
2026-06-09 14:35:30,30,EXP_FAULT_02,RUN_02,cpu_stress,1,recommendationservice,recommendation-f02-04,online-boutique,node-b,0.3877,31.041,0,111.9546,0.001209,21.153,16.0482,35.7875,37.3251,56.9548,111.8719,111.8192,0.1239,0.0115,133141.4319,88025.114,cpu_stress,inventory-service,2026-06-09 14:40:00,2026-06-09 14:55:00,pre_fault,0.0048385905,0
2026-06-09 14:35:35,35,EXP_FAULT_02,RUN_02,cpu_stress,1,recommendationservice,recommendation-f02-04,online-boutique,node-b,0.3943,30.8513,0,117.8935,0.001061,22.5349,18.0926,35.1806,39.5943,61.7421,117.8397,117.7684,0.1101,0.015,147943.4048,96310.2584,cpu_stress,inventory-service,2026-06-09 14:40:00,2026-06-09 14:55:00,pre_fault,0.06364225,0
2026-06-09 14:35:40,40,EXP_FAULT_02,RUN_02,cpu_stress,1,recommendationservice,recommendation-f02-04,online-boutique,node-b,0.3877,30.9284,0,115.9299,0.000891,23.6973,19.0478,37.8198,48.3317,67.0841,115.8744,115.8267,0.0839,0.0193,138599.084,96437.9468,cpu_stress,inventory-service,2026-06-09 14:40:00,2026-06-09 14:55:00,pre_fault,0.24641223,0
2026-06-09 14:35:45,45,EXP_FAULT_02,RUN_02,cpu_stress,1,recommendationservice,recommendation-f02-04,online-boutique,node-b,0.3824,30.5086,0,114.8316,0.000894,21.1909,15.8864,31.0103,40.0132,55.759,114.7896,114.729,0.0753,0.0274,100348.3296,92616.1311,cpu_stress,inventory-service,2026-06-09 14:40:00,2026-06-09 14:55:00,pre_fault,0.015849927,0
2026-06-09 14:35:50,50,EXP_FAULT_02,RUN_02,cpu_stress,1,recommendationservice,recommendation-f02-04,online-boutique,node-b,0.4018,30.8084,0,116.6483,0.001253,22.3975,15.7477,35.0514,41.9218,58.2938,116.5392,116.5022,0.1456,0.0005,123367.3584,85837.5544,cpu_stress,inventory-service,2026-06-09 14:40:00,2026-06-09 14:55:00,pre_fault,0.12903747,0
2026-06-09 14:35:55,55,EXP_FAULT_02,RUN_02,cpu_stress,1,recommendationservice,recommendation-f02-04,online-boutique,node-b,0.3682,31.1266,0,112.0611,0.001482,20.4401,15.8152,33.4367,39.1791,54.6187,111.9913,111.895,0.1388,0.0273,118554.3065,76537.5796,cpu_stress,inventory-service,2026-06-09 14:40:00,2026-06-09 14:55:00,pre_fault,0.14321993,0
2026-06-09 14:36:00,60,EXP_FAULT_02,RUN_02,cpu_stress,1,recommendationservice,recommendation-f02-04,online-boutique,node-b,0.3887,30.7088,0,112.0861,0.000295,22.9314,16.8687,35.6761,46.5219,59.663,112.0643,112.053,0.0309,0.0022,107502.765,86575.0887,cpu_stress,inventory-service,2026-06-09 14:40:00,2026-06-09 14:55:00,pre_fault,0.2471036,0
2026-06-09 14:36:05,65,EXP_FAULT_02,RUN_02,cpu_stress,1,recommendationservice,recommendation-f02-04,online-boutique,node-b,0.3834,31.2677,0,110.9369,0.001745,21.3833,16.2216,31.8906,41.5844,58.1984,110.7918,110.7434,0.1555,0.0381,140013.2488,104911.1002,cpu_stress,inventory-service,2026-06-09 14:40:00,2026-06-09 14:55:00,pre_fault,0.0038704812,0
2026-06-09 14:36:10,70,EXP_FAULT_02,RUN_02,cpu_stress,1,recommendationservice,recommendation-f02-04,online-boutique,node-b,0.3758,30.9355,0,111.5239,0.000893,23.2117,17.1572,38.9161,44.7383,65.5835,111.4503,111.4242,0.0631,0.0365,107612.8305,112380.6058,cpu_stress,inventory-service,2026-06-09 14:40:00,2026-06-09 14:55:00,pre_fault,0.14428434,0
2026-06-09 14:36:15,75,EXP_FAULT_02,RUN_02,cpu_stress,1,recommendationservice,recommendation-f02-04,online-boutique,node-b,0.3629,31.3671,0,106.2887,0.001248,22.2363,18.1053,36.8981,39.4054,60.5499,106.1978,106.1561,0.0957,0.0369,98106.184,71407.3677,cpu_stress,inventory-service,2026-06-09 14:40:00,2026-06-09 14:55:00,pre_fault,0.044603378,0
2026-06-09 14:36:20,80,EXP_FAULT_02,RUN_02,cpu_stress,1,recommendationservice,recommendation-f02-04,online-boutique,node-b,0.3987,31.4304,0,109.6464,0.001776,20.9943,15.9058,33.0636,42.7555,53.3731,109.5515,109.4516,0.1674,0.0273,106963.1696,85215.2823,cpu_stress,inventory-service,2026-06-09 14:40:00,2026-06-09 14:55:00,pre_fault,0.05564023,0
2026-06-09 14:36:25,85,EXP_FAULT_02,RUN_02,cpu_stress,1,recommendationservice,recommendation-f02-04,online-boutique,node-b,0.3658,31.4185,0,108.8414,0.000499,22.5461,17.2572,34.3553,39.6507,63.078,108.8099,108.7871,0.046,0.0083,93844.5839,93023.269,cpu_stress,inventory-service,2026-06-09 14:40:00,2026-06-09 14:55:00,pre_fault,0.06183488,0
2026-06-09 14:36:30,90,EXP_FAULT_02,RUN_02,cpu_stress,1,recommendationservice,recommendation-f02-04,online-boutique,node-b,0.375,31.0662,0,108.1567,0.00138,23.784,18.6836,35.5951,45.1723,58.2796,108.0664,108.0074,0.1446,0.0047,126686.3634,78132.4317,cpu_stress,inventory-service,2026-06-09 14:40:00,2026-06-09 14:55:00,pre_fault,0.35389173,0
2026-06-09 14:36:35,95,EXP_FAULT_02,RUN_02,cpu_stress,1,recommendationservice,recommendation-f02-04,online-boutique,node-b,0.3419,31.1659,0,106.5246,0.001434,21.8591,16.1614,37.0657,41.3565,55.6406,106.4574,106.3719,0.1312,0.0216,97549.9944,102657.1034,cpu_stress,inventory-service,2026-06-09 14:40:00,2026-06-09 14:55:00,pre_fault,0.022724511,0
2026-06-09 14:36:40,100,EXP_FAULT_02,RUN_02,cpu_stress,1,recommendationservice,recommendation-f02-04,online-boutique,node-b,0.3791,31.3402,0,106.2132,0.001441,22.0919,16.5268,37.1228,43.5134,58.0512,106.1535,106.0602,0.152,0.001,106391.6225,79850.743,cpu_stress,inventory-service,2026-06-09 14:40:00,2026-06-09 14:55:00,pre_fault,0.11811398,0
2026-06-09 14:36:45,105,EXP_FAULT_02,RUN_02,cpu_stress,1,recommendationservice,recommendation-f02-04,online-boutique,node-b,0.3928,30.7041,0,104.7343,0.001069,22.208,18.1353,32.9242,40.917,56.5071,104.6923,104.6223,0.0802,0.0318,101809.6399,108839.8492,cpu_stress,inventory-service,2026-06-09 14:40:00,2026-06-09 14:55:00,pre_fault,0.42932826,0
2026-06-09 14:36:50,110,EXP_FAULT_02,RUN_02,cpu_stress,1,recommendationservice,recommendation-f02-04,online-boutique,node-b,0.3669,31.0243,0,109.1376,0.001032,20.4276,15.4228,33.4007,36.9885,54.3748,109.0687,109.0249,0.0785,0.0342,89919.1557,85903.7287,cpu_stress,inventory-service,2026-06-09 14:40:00,2026-06-09 14:55:00,pre_fault,0.057692908,0
2026-06-09 14:36:55,115,EXP_FAULT_02,RUN_02,cpu_stress,1,recommendationservice,recommendation-f02-04,online-boutique,node-b,0.3766,31.1783,0,107.1675,0.001124,19.5483,15.2708,33.1503,38.337,49.0554,107.0957,107.0471,0.0959,0.0245,116790.555,105482.4776,cpu_stress,inventory-service,2026-06-09 14:40:00,2026-06-09 14:55:00,pre_fault,0.069062084,0
2026-06-09 14:37:00,120,EXP_FAULT_02,RUN_02,cpu_stress,1,recommendationservice,recommendation-f02-04,online-boutique,node-b,0.3767,30.8745,0,106.5873,0.001425,22.8678,18.5078,36.9594,42.0383,63.7046,106.4789,106.4354,0.1478,0.0041,134697.3825,105178.333,cpu_stress,inventory-service,2026-06-09 14:40:00,2026-06-09 14:55:00,pre_fault,0.23812893,0
2026-06-09 14:37:05,125,EXP_FAULT_02,RUN_02,cpu_stress,1,recommendationservice,recommendation-f02-04,online-boutique,node-b,0.3659,30.9386,0,105.4163,0.000815,22.4284,18.1114,36.4957,41.4338,55.8345,105.3536,105.3304,0.0539,0.032,117003.0746,83098.2959,cpu_stress,inventory-service,2026-06-09 14:40:00,2026-06-09 14:55:00,pre_fault,0.12677589,0
2026-06-09 14:37:10,130,EXP_FAULT_02,RUN_02,cpu_stress,1,recommendationservice,recommendation-f02-04,online-boutique,node-b,0.3662,30.5192,0,106.0697,0.001652,23.5979,18.8344,37.1831,41.8403,60.1442,106.0078,105.8945,0.1436,0.0316,104478.1293,82072.3079,cpu_stress,inventory-service,2026-06-09 14:40:00,2026-06-09 14:55:00,pre_fault,0.29513553,0
2026-06-09 14:37:15,135,EXP_FAULT_02,RUN_02,cpu_stress,1,recommendationservice,recommendation-f02-04,online-boutique,node-b,0.3667,30.3831,0,106.3203,0.001174,22.0366,17.8517,34.2225,43.7754,57.9971,106.2392,106.1955,0.1247,0.0001,120974.19,72202.6424,cpu_stress,inventory-service,2026-06-09 14:40:00,2026-06-09 14:55:00,pre_fault,0.05571278,0
2026-06-09 14:37:20,140,EXP_FAULT_02,RUN_02,cpu_stress,1,recommendationservice,recommendation-f02-04,online-boutique,node-b,0.3799,31.2816,0,105.1832,0.000362,23.0859,18.3836,38.1975,41.9721,56.1974,105.1643,105.1451,0.032,0.0061,100228.245,89404.6107,cpu_stress,inventory-service,2026-06-09 14:40:00,2026-06-09 14:55:00,pre_fault,0.4587761,1
2026-06-09 14:37:25,145,EXP_FAULT_02,RUN_02,cpu_stress,1,recommendationservice,recommendation-f02-04,online-boutique,node-b,0.3639,31.333,0,110.0663,0.001016,21.0732,15.7891,32.7078,42.2683,57.2213,110.0075,109.9545,0.1046,0.0072,135693.1538,95805.3708,cpu_stress,inventory-service,2026-06-09 14:40:00,2026-06-09 14:55:00,pre_fault,0.035560142,0
2026-06-09 14:37:30,150,EXP_FAULT_02,RUN_02,cpu_stress,1,recommendationservice,recommendation-f02-04,online-boutique,node-b,0.3693,30.5809,0,107.6659,0.000422,20.8466,14.921,30.4685,38.8387,53.6504,107.6402,107.6205,0.0278,0.0176,97892.8049,96616.7024,cpu_stress,inventory-service,2026-06-09 14:40:00,2026-06-09 14:55:00,pre_fault,0.0061500887,0
2026-06-09 14:37:35,155,EXP_FAULT_02,RUN_02,cpu_stress,1,recommendationservice,recommendation-f02-04,online-boutique,node-b,0.3604,31.135,0,106.7155,0.001538,21.4972,15.3067,31.4233,42.0048,55.2369,106.6445,106.5514,0.1611,0.003,135694.4324,98109.0042,cpu_stress,inventory-service,2026-06-09 14:40:00,2026-06-09 14:55:00,pre_fault,0.003540439,0
2026-06-09 14:37:40,160,EXP_FAULT_02,RUN_02,cpu_stress,1,recommendationservice,recommendation-f02-04,online-boutique,node-b,0.3451,31.2318,0,108.7319,0.000662,20.9657,16.4823,32.4202,38.9868,57.7343,108.681,108.6599,0.0417,0.0303,137069.1384,80563.4982,cpu_stress,inventory-service,2026-06-09 14:40:00,2026-06-09 14:55:00,pre_fault,0.10674469,0
2026-06-09 14:37:45,165,EXP_FAULT_02,RUN_02,cpu_stress,1,recommendationservice,recommendation-f02-04,online-boutique,node-b,0.3525,30.7877,0,109.6164,0.001226,22.4056,16.3527,34.0597,40.3378,62.6551,109.53,109.482,0.1144,0.02,110240.6035,109654.0664,cpu_stress,inventory-service,2026-06-09 14:40:00,2026-06-09 14:55:00,pre_fault,0.0058026803,0
2026-06-09 14:37:50,170,EXP_FAULT_02,RUN_02,cpu_stress,1,recommendationservice,recommendation-f02-04,online-boutique,node-b,0.4092,31.1121,0,112.8417,0.001007,23.2237,16.7969,37.3196,45.1289,54.7457,112.7858,112.7281,0.0905,0.0231,126204.9644,98643.3468,cpu_stress,inventory-service,2026-06-09 14:40:00,2026-06-09 14:55:00,pre_fault,0.6170648,1
2026-06-09 14:37:55,175,EXP_FAULT_02,RUN_02,cpu_stress,1,recommendationservice,recommendation-f02-04,online-boutique,node-b,0.3527,31.0538,0,107.658,0.001249,23.0813,16.378,38.7767,43.21,54.8313,107.5652,107.5236,0.124,0.0104,88329.9313,98818.1937,cpu_stress,inventory-service,2026-06-09 14:40:00,2026-06-09 14:55:00,pre_fault,0.04713118,0
2026-06-09 14:38:00,180,EXP_FAULT_02,RUN_02,cpu_stress,1,recommendationservice,recommendation-f02-04,online-boutique,node-b,0.3676,30.7943,0,105.8482,0.00081,21.1636,16.1696,33.4021,38.8825,58.9758,105.7927,105.7624,0.0497,0.036,95283.7916,104250.1016,cpu_stress,inventory-service,2026-06-09 14:40:00,2026-06-09 14:55:00,pre_fault,0.013348868,0
2026-06-09 14:38:05,185,EXP_FAULT_02,RUN_02,cpu_stress,1,recommendationservice,recommendation-f02-04,online-boutique,node-b,0.369,31.4125,0,109.7826,0.00168,21.1981,14.9028,32.7546,39.7873,57.5588,109.6566,109.5982,0.1683,0.0161,116570.4959,97261.9329,cpu_stress,inventory-service,2026-06-09 14:40:00,2026-06-09 14:55:00,pre_fault,0.023839468,0
2026-06-09 14:38:10,190,EXP_FAULT_02,RUN_02,cpu_stress,1,recommendationservice,recommendation-f02-04,online-boutique,node-b,0.4065,30.185,0,110.7417,0.000535,21.7456,17.396,36.1305,44.0859,59.9631,110.7044,110.6824,0.0409,0.0184,133145.6276,90723.6341,cpu_stress,inventory-service,2026-06-09 14:40:00,2026-06-09 14:55:00,pre_fault,0.32407033,0
2026-06-09 14:38:15,195,EXP_FAULT_02,RUN_02,cpu_stress,1,recommendationservice,recommendation-f02-04,online-boutique,node-b,0.3683,30.8651,0,109.0431,0.001461,23.1705,17.9369,34.5172,41.0654,58.752,108.9421,108.8838,0.1232,0.0361,138288.5182,77357.0921,cpu_stress,inventory-service,2026-06-09 14:40:00,2026-06-09 14:55:00,pre_fault,0.11571382,0
2026-06-09 14:38:20,200,EXP_FAULT_02,RUN_02,cpu_stress,1,recommendationservice,recommendation-f02-04,online-boutique,node-b,0.3752,31.0713,0,111.0802,0.001209,21.4851,17.3383,36.4965,38.6588,59.8923,111.0229,110.9459,0.128,0.0063,108517.8729,99673.7032,cpu_stress,inventory-service,2026-06-09 14:40:00,2026-06-09 14:55:00,pre_fault,0.0014319734,0
2026-06-09 14:38:25,205,EXP_FAULT_02,RUN_02,cpu_stress,1,recommendationservice,recommendation-f02-04,online-boutique,node-b,0.3725,31.0643,0,110.4362,0.00097,21.8771,17.1381,35.324,39.4266,52.9407,110.3857,110.3291,0.0952,0.0118,118301.636,76041.9897,cpu_stress,inventory-service,2026-06-09 14:40:00,2026-06-09 14:55:00,pre_fault,0.008405976,0
2026-06-09 14:38:30,210,EXP_FAULT_02,RUN_02,cpu_stress,1,recommendationservice,recommendation-f02-04,online-boutique,node-b,0.3764,30.9491,0,108.007,0.001229,21.1816,15.2614,33.9275,39.8484,55.19,107.9131,107.8743,0.1026,0.0302,136486.9334,110178.7491,cpu_stress,inventory-service,2026-06-09 14:40:00,2026-06-09 14:55:00,pre_fault,0.007625961,0
2026-06-09 14:38:35,215,EXP_FAULT_02,RUN_02,cpu_stress,1,recommendationservice,recommendation-f02-04,online-boutique,node-b,0.3808,31.2151,0,112.0514,0.00143,22.9359,18.4089,35.7952,46.3943,56.9142,111.9697,111.8911,0.1528,0.0075,137027.3473,96176.0231,cpu_stress,inventory-service,2026-06-09 14:40:00,2026-06-09 14:55:00,pre_fault,0.1084487,0
2026-06-09 14:38:40,220,EXP_FAULT_02,RUN_02,cpu_stress,1,recommendationservice,recommendation-f02-04,online-boutique,node-b,0.3972,31.2484,0,111.6925,0.00105,21.7697,16.6354,35.1993,42.0103,53.3686,111.6072,111.5752,0.1011,0.0161,136235.9576,91971.3606,cpu_stress,inventory-service,2026-06-09 14:40:00,2026-06-09 14:55:00,pre_fault,0.10263793,0
2026-06-09 14:38:45,225,EXP_FAULT_02,RUN_02,cpu_stress,1,recommendationservice,recommendation-f02-04,online-boutique,node-b,0.3593,30.9578,0,105.5241,0.000476,22.4516,16.7389,37.9179,43.1129,60.7634,105.5026,105.4739,0.0383,0.0119,123680.2404,80758.6601,cpu_stress,inventory-service,2026-06-09 14:40:00,2026-06-09 14:55:00,pre_fault,0.09311511,0
2026-06-09 14:38:50,230,EXP_FAULT_02,RUN_02,cpu_stress,1,recommendationservice,recommendation-f02-04,online-boutique,node-b,0.3633,30.9255,0,104.8507,0.00154,21.5431,15.9852,33.3059,39.0729,52.9906,104.765,104.6893,0.149,0.0125,107496.2681,107022.058,cpu_stress,inventory-service,2026-06-09 14:40:00,2026-06-09 14:55:00,pre_fault,0.017122367,0
2026-06-09 14:38:55,235,EXP_FAULT_02,RUN_02,cpu_stress,1,recommendationservice,recommendation-f02-04,online-boutique,node-b,0.3817,31.3618,0,104.7004,0.001301,23.3411,17.0092,39.3074,43.2941,61.0215,104.6505,104.5642,0.1065,0.0297,88700.4736,78430.6912,cpu_stress,inventory-service,2026-06-09 14:40:00,2026-06-09 14:55:00,pre_fault,0.5034883,1
2026-06-09 14:39:00,240,EXP_FAULT_02,RUN_02,cpu_stress,1,recommendationservice,recommendation-f02-04,online-boutique,node-b,0.3966,31.325,0,105.1776,0.001673,22.2982,16.8476,36.1555,41.5821,53.3052,105.1106,105.0016,0.1514,0.0245,87396.5967,76736.2636,cpu_stress,inventory-service,2026-06-09 14:40:00,2026-06-09 14:55:00,pre_fault,0.42306143,0
2026-06-09 14:39:05,245,EXP_FAULT_02,RUN_02,cpu_stress,1,recommendationservice,recommendation-f02-04,online-boutique,node-b,0.3993,31.1734,0,102.9133,0.000892,22.8656,16.9859,34.2365,43.6989,60.1974,102.859,102.8215,0.0747,0.0171,108481.3316,98088.4181,cpu_stress,inventory-service,2026-06-09 14:40:00,2026-06-09 14:55:00,pre_fault,0.8908693,1
2026-06-09 14:39:10,250,EXP_FAULT_02,RUN_02,cpu_stress,1,recommendationservice,recommendation-f02-04,online-boutique,node-b,0.3521,31.0072,0,104.2419,0.000823,21.5004,15.6419,35.4535,40.9951,52.3872,104.1849,104.1562,0.0692,0.0165,131406.2561,87832.443,cpu_stress,inventory-service,2026-06-09 14:40:00,2026-06-09 14:55:00,pre_fault,0.0081091765,0
2026-06-09 14:39:15,255,EXP_FAULT_02,RUN_02,cpu_stress,1,recommendationservice,recommendation-f02-04,online-boutique,node-b,0.4105,29.985,0,103.6298,0.001178,21.6568,15.365,33.2902,44.1477,59.6099,103.5823,103.5077,0.1038,0.0183,110309.0569,82431.6897,cpu_stress,inventory-service,2026-06-09 14:40:00,2026-06-09 14:55:00,pre_fault,0.77349836,1
2026-06-09 14:39:20,260,EXP_FAULT_02,RUN_02,cpu_stress,1,recommendationservice,recommendation-f02-04,online-boutique,node-b,0.3628,30.6416,0,104.3754,0.001718,20.6988,15.5186,33.1937,38.6954,56.0915,104.2574,104.196,0.1437,0.0357,96072.1722,88274.7166,cpu_stress,inventory-service,2026-06-09 14:40:00,2026-06-09 14:55:00,pre_fault,0.012282722,0
2026-06-09 14:39:25,265,EXP_FAULT_02,RUN_02,cpu_stress,1,recommendationservice,recommendation-f02-04,online-boutique,node-b,0.3876,31.4205,0,103.3924,0.001158,20.5304,15.6484,31.9848,41.5906,54.0493,103.3206,103.2727,0.1049,0.0148,131556.7199,90270.5364,cpu_stress,inventory-service,2026-06-09 14:40:00,2026-06-09 14:55:00,pre_fault,0.067919284,0
2026-06-09 14:39:30,270,EXP_FAULT_02,RUN_02,cpu_stress,1,recommendationservice,recommendation-f02-04,online-boutique,node-b,0.3779,31.1967,0,100.4923,0.001334,21.1832,14.8705,35.0927,42.1856,59.0635,100.4017,100.3582,0.1112,0.0229,84423.6271,88990.7337,cpu_stress,inventory-service,2026-06-09 14:40:00,2026-06-09 14:55:00,pre_fault,0.15905857,0
2026-06-09 14:39:35,275,EXP_FAULT_02,RUN_02,cpu_stress,1,recommendationservice,recommendation-f02-04,online-boutique,node-b,0.3676,31.0212,0,100.1966,0.000346,23.2339,16.9309,36.1961,44.6374,58.4712,100.1807,100.162,0.033,0.0017,114261.2882,74321.7413,cpu_stress,inventory-service,2026-06-09 14:40:00,2026-06-09 14:55:00,pre_fault,0.6344178,1
2026-06-09 14:39:40,280,EXP_FAULT_02,RUN_02,cpu_stress,1,recommendationservice,recommendation-f02-04,online-boutique,node-b,0.3761,30.7306,0,100.0841,0.001593,21.5755,16.6397,32.9551,40.0222,54.0782,99.9809,99.9247,0.1572,0.0022,124526.3326,77487.2919,cpu_stress,inventory-service,2026-06-09 14:40:00,2026-06-09 14:55:00,pre_fault,0.21592343,0
2026-06-09 14:39:45,285,EXP_FAULT_02,RUN_02,cpu_stress,1,recommendationservice,recommendation-f02-04,online-boutique,node-b,0.3726,31.4215,0,97.8304,0.001421,21.8458,16.717,35.6492,42.6749,59.2077,97.7512,97.6915,0.1169,0.0221,118070.7668,94846.2226,cpu_stress,inventory-service,2026-06-09 14:40:00,2026-06-09 14:55:00,pre_fault,0.33062857,0
2026-06-09 14:39:50,290,EXP_FAULT_02,RUN_02,cpu_stress,1,recommendationservice,recommendation-f02-04,online-boutique,node-b,0.3588,30.8461,0,100.9309,0.001309,19.4971,15.4298,29.7777,38.6561,47.3614,100.8438,100.7988,0.1167,0.0155,126127.3185,100027.636,cpu_stress,inventory-service,2026-06-09 14:40:00,2026-06-09 14:55:00,pre_fault,0.044199437,0
2026-06-09 14:39:55,295,EXP_FAULT_02,RUN_02,cpu_stress,1,recommendationservice,recommendation-f02-04,online-boutique,node-b,0.3805,31.31,0,95.8377,0.000302,21.823,15.8559,32.0614,43.3284,61.1861,95.8243,95.8087,0.0258,0.0032,84759.8978,88358.5489,cpu_stress,inventory-service,2026-06-09 14:40:00,2026-06-09 14:55:00,pre_fault,0.698002,1
2026-06-09 14:40:00,300,EXP_FAULT_02,RUN_02,cpu_stress,1,recommendationservice,recommendation-f02-04,online-boutique,node-b,0.3847,31.3974,0,99.7947,0.003256,27.5174,18.906,54.1195,78.4993,120.5985,94.2752,99.4697,0.075,0.2499,104860.4364,65629.2024,cpu_stress,inventory-service,2026-06-09 14:40:00,2026-06-09 14:55:00,during_fault,3.3897977,1
2026-06-09 14:40:05,305,EXP_FAULT_02,RUN_02,cpu_stress,1,recommendationservice,recommendation-f02-04,online-boutique,node-b,0.3801,31.4174,0,99.9908,0.003555,27.7181,19.1199,57.1019,71.4334,109.9079,94.459,99.6354,0.074,0.2814,97717.9206,96215.3112,cpu_stress,inventory-service,2026-06-09 14:40:00,2026-06-09 14:55:00,during_fault,3.317025,1
2026-06-09 14:40:10,310,EXP_FAULT_02,RUN_02,cpu_stress,1,recommendationservice,recommendation-f02-04,online-boutique,node-b,0.3699,30.7958,0,99.1136,0.00423,27.0584,19.7737,53.0643,74.5011,124.9309,93.6577,98.6943,0.1521,0.2672,123955.2545,94894.7179,cpu_stress,inventory-service,2026-06-09 14:40:00,2026-06-09 14:55:00,during_fault,2.6322372,1
2026-06-09 14:40:15,315,EXP_FAULT_02,RUN_02,cpu_stress,1,recommendationservice,recommendation-f02-04,online-boutique,node-b,0.3732,30.6206,0,98.5609,0.00403,27.3761,17.8629,56.7373,78.4549,116.5295,93.1862,98.1636,0.138,0.2592,107426.3495,85103.8476,cpu_stress,inventory-service,2026-06-09 14:40:00,2026-06-09 14:55:00,during_fault,2.9750688,1
2026-06-09 14:40:20,320,EXP_FAULT_02,RUN_02,cpu_stress,1,recommendationservice,recommendation-f02-04,online-boutique,node-b,0.3769,30.9353,0,95.298,0.003939,27.9933,20.9674,53.55,70.3338,116.4771,90.143,94.9227,0.1181,0.2573,112355.2181,88508.882,cpu_stress,inventory-service,2026-06-09 14:40:00,2026-06-09 14:55:00,during_fault,4.091727,1
2026-06-09 14:40:25,325,EXP_FAULT_02,RUN_02,cpu_stress,1,recommendationservice,recommendation-f02-04,online-boutique,node-b,0.3722,30.8247,0,100.2076,0.004015,29.6321,21.6783,54.0838,73.6479,116.8677,94.8688,99.8052,0.1442,0.2581,88056.3511,69628.8707,cpu_stress,inventory-service,2026-06-09 14:40:00,2026-06-09 14:55:00,during_fault,4.6088653,1
2026-06-09 14:40:30,330,EXP_FAULT_02,RUN_02,cpu_stress,1,recommendationservice,recommendation-f02-04,online-boutique,node-b,0.3638,31.1161,0,101.1624,0.00325,25.2418,18.139,44.8518,62.6118,105.8974,95.9423,100.8336,0.0664,0.2624,116799.4467,81652.3449,cpu_stress,inventory-service,2026-06-09 14:40:00,2026-06-09 14:55:00,during_fault,1.050504,1
2026-06-09 14:40:35,335,EXP_FAULT_02,RUN_02,cpu_stress,1,recommendationservice,recommendation-f02-04,online-boutique,node-b,0.3691,30.9616,0,98.9841,0.003893,28.6816,21.6828,53.3676,75.7019,124.5365,93.9667,98.5987,0.1533,0.2321,82873.2935,81893.5606,cpu_stress,inventory-service,2026-06-09 14:40:00,2026-06-09 14:55:00,during_fault,3.7085361,1
2026-06-09 14:40:40,340,EXP_FAULT_02,RUN_02,cpu_stress,1,recommendationservice,recommendation-f02-04,online-boutique,node-b,0.3848,30.9226,0,100.3672,0.002856,28.8194,19.0336,55.9724,78.2318,107.9271,95.4524,100.0805,0.0379,0.2487,125626.1109,88957.1882,cpu_stress,inventory-service,2026-06-09 14:40:00,2026-06-09 14:55:00,during_fault,4.5723786,1
2026-06-09 14:40:45,345,EXP_FAULT_02,RUN_02,cpu_stress,1,recommendationservice,recommendation-f02-04,online-boutique,node-b,0.3703,31.0838,0,98.4218,0.00289,26.4352,18.078,49.5439,63.941,103.3019,93.728,98.1374,0.04,0.2444,122196.805,68915.5982,cpu_stress,inventory-service,2026-06-09 14:40:00,2026-06-09 14:55:00,during_fault,2.106443,1
2026-06-09 14:40:50,350,EXP_FAULT_02,RUN_02,cpu_stress,1,recommendationservice,recommendation-f02-04,online-boutique,node-b,0.3551,31.7303,0,103.0976,0.003441,28.6265,19.4246,54.2992,78.9872,118.8978,98.3309,102.7429,0.1112,0.2435,111441.1013,94752.1989,cpu_stress,inventory-service,2026-06-09 14:40:00,2026-06-09 14:55:00,during_fault,2.4061725,1
2026-06-09 14:40:55,355,EXP_FAULT_02,RUN_02,cpu_stress,1,recommendationservice,recommendation-f02-04,online-boutique,node-b,0.3648,30.5996,0,100.9681,0.003061,28.2644,18.583,54.0475,78.5243,123.5272,96.4469,100.659,0.0875,0.2217,111203.6381,100689.7323,cpu_stress,inventory-service,2026-06-09 14:40:00,2026-06-09 14:55:00,during_fault,2.9456458,1
2026-06-09 14:41:00,360,EXP_FAULT_02,RUN_02,cpu_stress,1,recommendationservice,recommendation-f02-04,online-boutique,node-b,0.379,31.9436,0,106.3991,0.002868,27.2109,19.6109,54.0668,66.4367,115.1519,101.8204,106.0939,0.0957,0.2095,119142.2027,85714.0419,cpu_stress,inventory-service,2026-06-09 14:40:00,2026-06-09 14:55:00,during_fault,2.0905547,1
2026-06-09 14:41:05,365,EXP_FAULT_02,RUN_02,cpu_stress,1,recommendationservice,recommendation-f02-04,online-boutique,node-b,0.3904,30.9602,0,104.7661,0.003054,24.8964,17.1377,49.1968,63.395,102.3901,100.4145,104.4462,0.1204,0.1996,131212.6957,82264.5273,cpu_stress,inventory-service,2026-06-09 14:40:00,2026-06-09 14:55:00,during_fault,1.3524135,1
2026-06-09 14:41:10,370,EXP_FAULT_02,RUN_02,cpu_stress,1,recommendationservice,recommendation-f02-04,online-boutique,node-b,0.3446,31.4403,0,105.1579,0.003603,27.6954,18.6826,48.135,73.6405,102.5556,100.9016,104.779,0.1644,0.2145,120646.6139,83740.9926,cpu_stress,inventory-service,2026-06-09 14:40:00,2026-06-09 14:55:00,during_fault,1.2715311,1
2026-06-09 14:41:15,375,EXP_FAULT_02,RUN_02,cpu_stress,1,recommendationservice,recommendation-f02-04,online-boutique,node-b,0.3685,31.4589,0,103.3687,0.002489,25.4472,17.0321,43.9918,68.3157,106.9529,99.4445,103.1114,0.0767,0.1806,93442.8029,93723.4581,cpu_stress,inventory-service,2026-06-09 14:40:00,2026-06-09 14:55:00,during_fault,1.0138915,1
2026-06-09 14:41:20,380,EXP_FAULT_02,RUN_02,cpu_stress,1,recommendationservice,recommendation-f02-04,online-boutique,node-b,0.3893,30.8228,0,104.6782,0.003302,26.2455,18.7647,49.9145,63.6801,94.8267,100.8113,104.3325,0.147,0.1986,116948.2059,106712.5842,cpu_stress,inventory-service,2026-06-09 14:40:00,2026-06-09 14:55:00,during_fault,2.0900025,1
2026-06-09 14:41:25,385,EXP_FAULT_02,RUN_02,cpu_stress,1,recommendationservice,recommendation-f02-04,online-boutique,node-b,0.3609,31.2829,0,104.0928,0.002533,25.7537,18.3918,49.4411,63.6719,94.9753,100.4433,103.8291,0.0885,0.1752,92200.8395,76103.9052,cpu_stress,inventory-service,2026-06-09 14:40:00,2026-06-09 14:55:00,during_fault,0.9017337,1
2026-06-09 14:41:30,390,EXP_FAULT_02,RUN_02,cpu_stress,1,recommendationservice,recommendation-f02-04,online-boutique,node-b,0.3736,30.8249,0,106.1427,0.002369,24.3619,18.0297,43.1902,62.4712,91.5773,102.574,105.8913,0.0634,0.188,122621.0158,103797.4678,cpu_stress,inventory-service,2026-06-09 14:40:00,2026-06-09 14:55:00,during_fault,0.5959092,1
2026-06-09 14:41:35,395,EXP_FAULT_02,RUN_02,cpu_stress,1,recommendationservice,recommendation-f02-04,online-boutique,node-b,0.3674,31.1973,0,107.9428,0.002324,26.7426,19.3791,48.7807,65.084,97.0924,104.4432,107.692,0.0859,0.1649,98431.461,73414.6948,cpu_stress,inventory-service,2026-06-09 14:40:00,2026-06-09 14:55:00,during_fault,1.293266,1
2026-06-09 14:41:40,400,EXP_FAULT_02,RUN_02,cpu_stress,1,recommendationservice,recommendation-f02-04,online-boutique,node-b,0.3701,31.3789,0,102.9299,0.002881,25.683,19.9829,48.2244,61.0067,101.7356,99.6643,102.6334,0.1262,0.1702,89531.7648,91626.1474,cpu_stress,inventory-service,2026-06-09 14:40:00,2026-06-09 14:55:00,during_fault,1.2259946,1
2026-06-09 14:41:45,405,EXP_FAULT_02,RUN_02,cpu_stress,1,recommendationservice,recommendation-f02-04,online-boutique,node-b,0.3767,30.5479,0,104.5613,0.002237,23.7107,15.8881,43.308,58.256,81.0634,101.3959,104.3273,0.0664,0.1675,104345.8424,82861.5118,cpu_stress,inventory-service,2026-06-09 14:40:00,2026-06-09 14:55:00,during_fault,0.5622709,1
2026-06-09 14:41:50,410,EXP_FAULT_02,RUN_02,cpu_stress,1,recommendationservice,recommendation-f02-04,online-boutique,node-b,0.3887,31.1485,0,103.0223,0.002774,24.5675,16.7133,46.8871,59.4745,91.5556,99.958,102.7366,0.1259,0.1599,124455.5135,78222.8879,cpu_stress,inventory-service,2026-06-09 14:40:00,2026-06-09 14:55:00,during_fault,1.2613171,1
2026-06-09 14:41:55,415,EXP_FAULT_02,RUN_02,cpu_stress,1,recommendationservice,recommendation-f02-04,online-boutique,node-b,0.3853,31.1597,0,105.0798,0.002527,25.4285,17.0203,42.5734,59.4905,94.479,102.0268,104.8142,0.1285,0.137,93493.8896,87919.6316,cpu_stress,inventory-service,2026-06-09 14:40:00,2026-06-09 14:55:00,during_fault,1.4208587,1
2026-06-09 14:42:00,420,EXP_FAULT_02,RUN_02,cpu_stress,1,recommendationservice,recommendation-f02-04,online-boutique,node-b,0.3626,30.476,0,103.7087,0.001809,24.3588,16.6546,45.7887,55.1057,89.4415,100.7826,103.5211,0.0352,0.1524,87309.1408,85669.2264,cpu_stress,inventory-service,2026-06-09 14:40:00,2026-06-09 14:55:00,during_fault,0.5608522,1
2026-06-09 14:42:05,425,EXP_FAULT_02,RUN_02,cpu_stress,1,recommendationservice,recommendation-f02-04,online-boutique,node-b,0.3739,30.8759,0,102.4624,0.002936,25.0018,16.8253,47.607,63.4535,92.9546,99.5237,102.1616,0.1598,0.141,128415.6869,102510.7094,cpu_stress,inventory-service,2026-06-09 14:40:00,2026-06-09 14:55:00,during_fault,1.0985565,1
2026-06-09 14:42:10,430,EXP_FAULT_02,RUN_02,cpu_stress,1,recommendationservice,recommendation-f02-04,online-boutique,node-b,0.3934,31.2167,0,103.0256,0.001929,23.6299,17.3816,43.221,51.7629,77.4598,100.1643,102.8268,0.0425,0.1563,96167.7764,74657.4833,cpu_stress,inventory-service,2026-06-09 14:40:00,2026-06-09 14:55:00,during_fault,0.9747264,1
2026-06-09 14:42:15,435,EXP_FAULT_02,RUN_02,cpu_stress,1,recommendationservice,recommendation-f02-04,online-boutique,node-b,0.3655,31.5833,0,99.6485,0.002605,25.5912,19.9555,48.2459,64.0049,99.6151,96.8247,99.3888,0.1243,0.1353,86277.1011,84069.7751,cpu_stress,inventory-service,2026-06-09 14:40:00,2026-06-09 14:55:00,during_fault,1.2933366,1
2026-06-09 14:42:20,440,EXP_FAULT_02,RUN_02,cpu_stress,1,recommendationservice,recommendation-f02-04,online-boutique,node-b,0.3695,31.5904,0,101.8282,0.00263,24.011,18.1139,41.0548,53.8609,80.5756,98.9017,101.5604,0.1099,0.1579,119817.9836,99245.889,cpu_stress,inventory-service,2026-06-09 14:40:00,2026-06-09 14:55:00,during_fault,0.6291162,1
2026-06-09 14:42:25,445,EXP_FAULT_02,RUN_02,cpu_stress,1,recommendationservice,recommendation-f02-04,online-boutique,node-b,0.3488,30.5816,0,102.2197,0.002206,25.3001,18.9427,44.7041,57.844,83.3271,99.2775,101.9942,0.0832,0.1423,92851.5813,71453.848,cpu_stress,inventory-service,2026-06-09 14:40:00,2026-06-09 14:55:00,during_fault,0.6690706,1
2026-06-09 14:42:30,450,EXP_FAULT_02,RUN_02,cpu_stress,1,recommendationservice,recommendation-f02-04,online-boutique,node-b,0.3718,31.2414,0,103.1841,0.002655,26.5243,19.2582,50.6478,63.6291,102.6385,100.1274,102.9101,0.1214,0.1526,105001.2571,87766.8993,cpu_stress,inventory-service,2026-06-09 14:40:00,2026-06-09 14:55:00,during_fault,1.7216341,1
2026-06-09 14:42:35,455,EXP_FAULT_02,RUN_02,cpu_stress,1,recommendationservice,recommendation-f02-04,online-boutique,node-b,0.3783,31.4176,0,100.5105,0.002284,23.8296,16.2534,41.5544,54.9364,94.278,97.4581,100.2809,0.0828,0.1468,115833.3936,96082.7933,cpu_stress,inventory-service,2026-06-09 14:40:00,2026-06-09 14:55:00,during_fault,0.80411136,1
2026-06-09 14:42:40,460,EXP_FAULT_02,RUN_02,cpu_stress,1,recommendationservice,recommendation-f02-04,online-boutique,node-b,0.3594,31.5999,0,99.3573,0.003116,27.1732,19.9234,45.432,61.65,101.7684,96.2133,99.0477,0.1567,0.1529,93194.8582,81081.9326,cpu_stress,inventory-service,2026-06-09 14:40:00,2026-06-09 14:55:00,during_fault,1.968565,1
2026-06-09 14:42:45,465,EXP_FAULT_02,RUN_02,cpu_stress,1,recommendationservice,recommendation-f02-04,online-boutique,node-b,0.3673,31.156,0,101.9235,0.002756,26.3359,19.8489,46.3349,61.4188,92.8169,98.608,101.6426,0.1153,0.1656,102116.9521,103553.7847,cpu_stress,inventory-service,2026-06-09 14:40:00,2026-06-09 14:55:00,during_fault,1.5721956,1
2026-06-09 14:42:50,470,EXP_FAULT_02,RUN_02,cpu_stress,1,recommendationservice,recommendation-f02-04,online-boutique,node-b,0.3673,31.2129,0,96.2569,0.002488,25.842,18.4393,49.322,61.0126,95.9587,92.9966,96.0173,0.0679,0.1717,90037.9202,78521.8123,cpu_stress,inventory-service,2026-06-09 14:40:00,2026-06-09 14:55:00,during_fault,1.847269,1
2026-06-09 14:42:55,475,EXP_FAULT_02,RUN_02,cpu_stress,1,recommendationservice,recommendation-f02-04,online-boutique,node-b,0.3611,31.1187,0,97.378,0.00271,23.1851,15.6363,40.1307,58.1273,81.9936,93.9613,97.1141,0.0969,0.167,87138.2077,93059.3469,cpu_stress,inventory-service,2026-06-09 14:40:00,2026-06-09 14:55:00,during_fault,0.49935523,1
2026-06-09 14:43:00,480,EXP_FAULT_02,RUN_02,cpu_stress,1,recommendationservice,recommendation-f02-04,online-boutique,node-b,0.3645,31.3733,0,98.6538,0.002741,25.5151,17.6877,47.8888,66.2748,102.5931,95.0319,98.3834,0.107,0.1634,121878.7156,70939.4033,cpu_stress,inventory-service,2026-06-09 14:40:00,2026-06-09 14:55:00,during_fault,1.3012825,1
2026-06-09 14:43:05,485,EXP_FAULT_02,RUN_02,cpu_stress,1,recommendationservice,recommendation-f02-04,online-boutique,node-b,0.3794,31.0717,0,96.5515,0.003083,24.533,16.3932,46.3663,57.828,95.348,92.8655,96.2539,0.0992,0.1985,85258.1825,69905.9397,cpu_stress,inventory-service,2026-06-09 14:40:00,2026-06-09 14:55:00,during_fault,1.5626523,1
2026-06-09 14:43:10,490,EXP_FAULT_02,RUN_02,cpu_stress,1,recommendationservice,recommendation-f02-04,online-boutique,node-b,0.3623,31.4125,0,99.8847,0.00215,26.4232,17.878,52.4585,67.3295,101.447,95.9539,99.6699,0.0251,0.1897,123187.1204,91937.5981,cpu_stress,inventory-service,2026-06-09 14:40:00,2026-06-09 14:55:00,during_fault,1.6993701,1
2026-06-09 14:43:15,495,EXP_FAULT_02,RUN_02,cpu_stress,1,recommendationservice,recommendation-f02-04,online-boutique,node-b,0.3751,31.3124,0,101.4484,0.003278,26.9995,18.0882,48.2709,70.7401,103.6914,97.248,101.1159,0.1131,0.2194,124510.3847,105358.6401,cpu_stress,inventory-service,2026-06-09 14:40:00,2026-06-09 14:55:00,during_fault,2.3487659,1
2026-06-09 14:43:20,500,EXP_FAULT_02,RUN_02,cpu_stress,1,recommendationservice,recommendation-f02-04,online-boutique,node-b,0.358,31.9808,0,99.9536,0.003014,26.2058,17.5731,47.7425,67.8314,94.8117,95.6338,99.6524,0.1003,0.201,91051.8238,68798.8538,cpu_stress,inventory-service,2026-06-09 14:40:00,2026-06-09 14:55:00,during_fault,1.4750273,1
2026-06-09 14:43:25,505,EXP_FAULT_02,RUN_02,cpu_stress,1,recommendationservice,recommendation-f02-04,online-boutique,node-b,0.3634,31.0333,0,101.1433,0.002867,29.3502,19.4603,56.0048,80.8276,111.282,96.6388,100.8533,0.0752,0.2148,117216.3349,70905.8279,cpu_stress,inventory-service,2026-06-09 14:40:00,2026-06-09 14:55:00,during_fault,3.7019677,1
2026-06-09 14:43:30,510,EXP_FAULT_02,RUN_02,cpu_stress,1,recommendationservice,recommendation-f02-04,online-boutique,node-b,0.3858,31.5211,0,101.852,0.002697,29.4077,19.8452,52.9239,80.0274,118.0394,97.1654,101.5773,0.0518,0.2229,114736.5283,91937.3534,cpu_stress,inventory-service,2026-06-09 14:40:00,2026-06-09 14:55:00,during_fault,4.8911924,1
2026-06-09 14:43:35,515,EXP_FAULT_02,RUN_02,cpu_stress,1,recommendationservice,recommendation-f02-04,online-boutique,node-b,0.3671,30.9378,0,104.8138,0.003229,29.0362,21.1871,58.655,76.0194,119.3849,99.8316,104.4754,0.097,0.2415,92872.1173,70494.4296,cpu_stress,inventory-service,2026-06-09 14:40:00,2026-06-09 14:55:00,during_fault,3.1068,1
2026-06-09 14:43:40,520,EXP_FAULT_02,RUN_02,cpu_stress,1,recommendationservice,recommendation-f02-04,online-boutique,node-b,0.398,30.8599,0,104.4426,0.003726,28.9386,18.9276,53.5241,78.0926,124.9741,99.3105,104.0535,0.1367,0.2525,121751.3501,103266.8193,cpu_stress,inventory-service,2026-06-09 14:40:00,2026-06-09 14:55:00,during_fault,4.7268386,1
2026-06-09 14:43:45,525,EXP_FAULT_02,RUN_02,cpu_stress,1,recommendationservice,recommendation-f02-04,online-boutique,node-b,0.3762,31.219,0,110.6985,0.003021,28.9703,21.5821,56.4801,71.4376,113.0267,105.1371,110.3641,0.0731,0.2613,105673.5819,95358.7606,cpu_stress,inventory-service,2026-06-09 14:40:00,2026-06-09 14:55:00,during_fault,2.7858098,1
2026-06-09 14:43:50,530,EXP_FAULT_02,RUN_02,cpu_stress,1,recommendationservice,recommendation-f02-04,online-boutique,node-b,0.3743,30.873,0,106.5378,0.003666,26.8344,18.136,47.3299,71.1799,115.7856,101.0169,106.1472,0.1121,0.2785,129913.5127,76898.9382,cpu_stress,inventory-service,2026-06-09 14:40:00,2026-06-09 14:55:00,during_fault,1.7515312,1
2026-06-09 14:43:55,535,EXP_FAULT_02,RUN_02,cpu_stress,1,recommendationservice,recommendation-f02-04,online-boutique,node-b,0.3777,31.7093,0,110.011,0.003624,27.8389,20.9273,52.0679,71.7679,111.4056,104.1839,109.6123,0.1061,0.2926,116315.1893,98832.6685,cpu_stress,inventory-service,2026-06-09 14:40:00,2026-06-09 14:55:00,during_fault,2.178496,1
2026-06-09 14:44:00,540,EXP_FAULT_02,RUN_02,cpu_stress,1,recommendationservice,recommendation-f02-04,online-boutique,node-b,0.3495,31.6566,0,109.1954,0.003068,26.0963,16.9988,49.7632,74.0226,117.2964,103.3596,108.8603,0.0522,0.2828,104456.7235,96777.2894,cpu_stress,inventory-service,2026-06-09 14:40:00,2026-06-09 14:55:00,during_fault,0.51949394,1
2026-06-09 14:44:05,545,EXP_FAULT_02,RUN_02,cpu_stress,1,recommendationservice,recommendation-f02-04,online-boutique,node-b,0.3841,30.7609,0,108.5587,0.003366,28.3186,19.6536,58.5319,71.5984,124.5885,102.6608,108.1933,0.0879,0.2775,132817.8262,92496.6403,cpu_stress,inventory-service,2026-06-09 14:40:00,2026-06-09 14:55:00,during_fault,2.901846,1
2026-06-09 14:44:10,550,EXP_FAULT_02,RUN_02,cpu_stress,1,recommendationservice,recommendation-f02-04,online-boutique,node-b,0.3973,30.9222,0,107.6987,0.003514,28.5537,20.1631,58.2344,74.6856,117.5889,101.8008,107.3203,0.109,0.2694,122237.9253,96242.7726,cpu_stress,inventory-service,2026-06-09 14:40:00,2026-06-09 14:55:00,during_fault,3.8356686,1
2026-06-09 14:44:15,555,EXP_FAULT_02,RUN_02,cpu_stress,1,recommendationservice,recommendation-f02-04,online-boutique,node-b,0.3796,31.3166,0,114.4626,0.003205,27.6158,18.8766,55.2461,78.2659,127.4757,108.1399,114.0957,0.0799,0.2869,115777.702,84388.5104,cpu_stress,inventory-service,2026-06-09 14:40:00,2026-06-09 14:55:00,during_fault,1.6259041,1
2026-06-09 14:44:20,560,EXP_FAULT_02,RUN_02,cpu_stress,1,recommendationservice,recommendation-f02-04,online-boutique,node-b,0.3788,31.425,0,114.1358,0.003378,29.7422,21.5483,60.9169,85.2129,135.7749,107.8058,113.7503,0.0815,0.304,142154.9281,90188.0372,cpu_stress,inventory-service,2026-06-09 14:40:00,2026-06-09 14:55:00,during_fault,3.1498303,1
2026-06-09 14:44:25,565,EXP_FAULT_02,RUN_02,cpu_stress,1,recommendationservice,recommendation-f02-04,online-boutique,node-b,0.3699,31.4227,0,112.2863,0.003897,29.8816,22.6262,54.1584,84.7839,125.0165,106.013,111.8487,0.1194,0.3182,133877.6143,96091.6891,cpu_stress,inventory-service,2026-06-09 14:40:00,2026-06-09 14:55:00,during_fault,3.0423176,1
2026-06-09 14:44:30,570,EXP_FAULT_02,RUN_02,cpu_stress,1,recommendationservice,recommendation-f02-04,online-boutique,node-b,0.3684,31.3779,0,112.1523,0.003066,28.4827,19.9031,55.2868,79.1647,129.1785,105.9788,111.8084,0.0562,0.2877,125079.781,99942.794,cpu_stress,inventory-service,2026-06-09 14:40:00,2026-06-09 14:55:00,during_fault,1.9360657,1
2026-06-09 14:44:35,575,EXP_FAULT_02,RUN_02,cpu_stress,1,recommendationservice,recommendation-f02-04,online-boutique,node-b,0.3769,30.6412,0,115.4306,0.003241,29.6252,19.3786,57.4966,74.8148,124.3582,109.1199,115.0565,0.0609,0.3132,118389.3002,85593.4734,cpu_stress,inventory-service,2026-06-09 14:40:00,2026-06-09 14:55:00,during_fault,2.8232217,1
2026-06-09 14:44:40,580,EXP_FAULT_02,RUN_02,cpu_stress,1,recommendationservice,recommendation-f02-04,online-boutique,node-b,0.4,31.2878,0,115.5264,0.003611,27.8245,20.4101,54.837,71.2805,128.2528,109.24,115.1092,0.1128,0.3044,147599.2994,79898.6692,cpu_stress,inventory-service,2026-06-09 14:40:00,2026-06-09 14:55:00,during_fault,2.4015303,1
2026-06-09 14:44:45,585,EXP_FAULT_02,RUN_02,cpu_stress,1,recommendationservice,recommendation-f02-04,online-boutique,node-b,0.3868,31.8056,0,117.9237,0.003859,27.5686,18.3258,55.4366,78.1293,113.0899,111.5428,117.4686,0.1556,0.2995,108256.5296,119222.1973,cpu_stress,inventory-service,2026-06-09 14:40:00,2026-06-09 14:55:00,during_fault,1.8203119,1
2026-06-09 14:44:50,590,EXP_FAULT_02,RUN_02,cpu_stress,1,recommendationservice,recommendation-f02-04,online-boutique,node-b,0.3687,31.0758,0,118.5115,0.003312,29.2893,19.407,56.2037,79.2166,122.9818,112.2732,118.119,0.0782,0.3144,115802.364,97261.9934,cpu_stress,inventory-service,2026-06-09 14:40:00,2026-06-09 14:55:00,during_fault,1.9418545,1
2026-06-09 14:44:55,595,EXP_FAULT_02,RUN_02,cpu_stress,1,recommendationservice,recommendation-f02-04,online-boutique,node-b,0.3581,31.4537,0,112.1136,0.003425,30.3119,21.935,60.7875,84.0825,116.4004,106.3277,111.7296,0.0864,0.2976,104257.1412,115393.6225,cpu_stress,inventory-service,2026-06-09 14:40:00,2026-06-09 14:55:00,during_fault,2.8244362,1
2026-06-09 14:45:00,600,EXP_FAULT_02,RUN_02,cpu_stress,1,recommendationservice,recommendation-f02-04,online-boutique,node-b,0.373,31.0083,0,117.5988,0.003861,27.1108,18.3834,53.9671,68.3465,117.1209,111.6142,117.1448,0.1825,0.2715,128969.711,82017.0384,cpu_stress,inventory-service,2026-06-09 14:40:00,2026-06-09 14:55:00,during_fault,1.04518,1
2026-06-09 14:45:05,605,EXP_FAULT_02,RUN_02,cpu_stress,1,recommendationservice,recommendation-f02-04,online-boutique,node-b,0.3829,30.7174,0,112.9795,0.003732,30.3979,21.4317,58.3435,79.0983,120.5907,107.411,112.5579,0.1721,0.2496,136591.8804,89799.1952,cpu_stress,inventory-service,2026-06-09 14:40:00,2026-06-09 14:55:00,during_fault,4.071599,1
2026-06-09 14:45:10,610,EXP_FAULT_02,RUN_02,cpu_stress,1,recommendationservice,recommendation-f02-04,online-boutique,node-b,0.3866,30.7098,0,117.1481,0.002656,29.1508,19.7088,59.5118,70.2376,109.187,111.6025,116.8369,0.0593,0.2519,129413.39,91521.3385,cpu_stress,inventory-service,2026-06-09 14:40:00,2026-06-09 14:55:00,during_fault,2.7273078,1
2026-06-09 14:45:15,615,EXP_FAULT_02,RUN_02,cpu_stress,1,recommendationservice,recommendation-f02-04,online-boutique,node-b,0.3937,31.6804,0,117.7187,0.003451,28.8412,21.9952,50.4158,72.0849,117.5387,112.2314,117.3124,0.1426,0.2637,137098.7135,114093.1369,cpu_stress,inventory-service,2026-06-09 14:40:00,2026-06-09 14:55:00,during_fault,2.7679825,1
2026-06-09 14:45:20,620,EXP_FAULT_02,RUN_02,cpu_stress,1,recommendationservice,recommendation-f02-04,online-boutique,node-b,0.3717,30.9914,0,111.7663,0.002393,25.5198,17.7127,46.0824,68.9451,110.7047,106.8105,111.4989,0.0403,0.2271,115106.0714,83957.7884,cpu_stress,inventory-service,2026-06-09 14:40:00,2026-06-09 14:55:00,during_fault,0.6308088,1
2026-06-09 14:45:25,625,EXP_FAULT_02,RUN_02,cpu_stress,1,recommendationservice,recommendation-f02-04,online-boutique,node-b,0.3874,31.8973,0,111.4276,0.003239,29.1556,21.1161,52.7488,77.8168,108.873,106.6322,111.0666,0.1406,0.2204,137517.1775,115645.3881,cpu_stress,inventory-service,2026-06-09 14:40:00,2026-06-09 14:55:00,during_fault,3.5262237,1
2026-06-09 14:45:30,630,EXP_FAULT_02,RUN_02,cpu_stress,1,recommendationservice,recommendation-f02-04,online-boutique,node-b,0.3932,30.7674,0,115.3166,0.003084,30.1387,22.1245,57.0235,75.1066,118.7323,110.5247,114.961,0.1099,0.2457,120891.526,106568.8773,cpu_stress,inventory-service,2026-06-09 14:40:00,2026-06-09 14:55:00,during_fault,4.113607,1
2026-06-09 14:45:35,635,EXP_FAULT_02,RUN_02,cpu_stress,1,recommendationservice,recommendation-f02-04,online-boutique,node-b,0.3752,31.6763,0,115.7317,0.002587,26.5319,18.8617,47.3269,71.8656,104.8974,111.157,115.4323,0.085,0.2144,110670.6337,77922.6338,cpu_stress,inventory-service,2026-06-09 14:40:00,2026-06-09 14:55:00,during_fault,0.78450125,1
2026-06-09 14:45:40,640,EXP_FAULT_02,RUN_02,cpu_stress,1,recommendationservice,recommendation-f02-04,online-boutique,node-b,0.3636,31.2906,0,117.8446,0.002984,27.4486,18.2624,54.166,65.6987,108.6547,113.3357,117.493,0.146,0.2056,148653.4411,80045.339,cpu_stress,inventory-service,2026-06-09 14:40:00,2026-06-09 14:55:00,during_fault,0.8336064,1
2026-06-09 14:45:45,645,EXP_FAULT_02,RUN_02,cpu_stress,1,recommendationservice,recommendation-f02-04,online-boutique,node-b,0.3686,31.5835,0,115.4058,0.002378,26.9139,18.8909,49.8458,63.9213,104.829,111.2039,115.1314,0.0498,0.2247,97896.7201,97912.053,cpu_stress,inventory-service,2026-06-09 14:40:00,2026-06-09 14:55:00,during_fault,0.8115414,1
2026-06-09 14:45:50,650,EXP_FAULT_02,RUN_02,cpu_stress,1,recommendationservice,recommendation-f02-04,online-boutique,node-b,0.3711,30.539,0,117.4753,0.002956,27.8452,18.4889,49.884,65.8618,107.7969,113.3408,117.128,0.1345,0.2127,143583.8979,107491.9158,cpu_stress,inventory-service,2026-06-09 14:40:00,2026-06-09 14:55:00,during_fault,1.235684,1
2026-06-09 14:45:55,655,EXP_FAULT_02,RUN_02,cpu_stress,1,recommendationservice,recommendation-f02-04,online-boutique,node-b,0.3586,30.6413,0,115.4727,0.002149,27.1925,20.4752,49.4307,66.575,96.1202,111.5958,115.2246,0.0403,0.2079,115349.6046,94974.3528,cpu_stress,inventory-service,2026-06-09 14:40:00,2026-06-09 14:55:00,during_fault,0.7811929,1
2026-06-09 14:46:00,660,EXP_FAULT_02,RUN_02,cpu_stress,1,recommendationservice,recommendation-f02-04,online-boutique,node-b,0.3818,31.5862,0,111.8969,0.002561,25.8781,18.3395,50.3188,61.2639,101.6022,108.2408,111.6104,0.1115,0.175,101596.6584,87226.6933,cpu_stress,inventory-service,2026-06-09 14:40:00,2026-06-09 14:55:00,during_fault,0.95543176,1
2026-06-09 14:46:05,665,EXP_FAULT_02,RUN_02,cpu_stress,1,recommendationservice,recommendation-f02-04,online-boutique,node-b,0.4017,30.6125,0,115.4451,0.002659,27.6606,21.0357,46.4892,66.9956,110.7897,111.8042,115.1381,0.1399,0.1671,127721.1371,77602.5985,cpu_stress,inventory-service,2026-06-09 14:40:00,2026-06-09 14:55:00,during_fault,2.457174,1
2026-06-09 14:46:10,670,EXP_FAULT_02,RUN_02,cpu_stress,1,recommendationservice,recommendation-f02-04,online-boutique,node-b,0.3708,31.2326,0,113.6999,0.001779,25.4879,17.8898,45.3437,60.7809,93.6585,110.2838,113.4976,0.0448,0.1575,99659.5006,104968.0613,cpu_stress,inventory-service,2026-06-09 14:40:00,2026-06-09 14:55:00,during_fault,0.49007854,1
2026-06-09 14:46:15,675,EXP_FAULT_02,RUN_02,cpu_stress,1,recommendationservice,recommendation-f02-04,online-boutique,node-b,0.3603,31.5937,0,112.42,0.001964,25.3384,17.4542,47.3398,58.6478,92.0376,109.1136,112.1992,0.0411,0.1796,118290.5749,90398.168,cpu_stress,inventory-service,2026-06-09 14:40:00,2026-06-09 14:55:00,during_fault,0.29959124,0
2026-06-09 14:46:20,680,EXP_FAULT_02,RUN_02,cpu_stress,1,recommendationservice,recommendation-f02-04,online-boutique,node-b,0.386,31.0937,0,112.5861,0.002992,27.807,19.343,49.4297,63.2478,104.3217,109.3214,112.2493,0.1558,0.1811,126310.0701,100570.6337,cpu_stress,inventory-service,2026-06-09 14:40:00,2026-06-09 14:55:00,during_fault,2.140072,1
2026-06-09 14:46:25,685,EXP_FAULT_02,RUN_02,cpu_stress,1,recommendationservice,recommendation-f02-04,online-boutique,node-b,0.4,31.143,0,113.7893,0.002167,27.018,18.8863,46.5253,67.2619,94.8268,110.5598,113.5427,0.0648,0.1817,110266.6367,84487.1784,cpu_stress,inventory-service,2026-06-09 14:40:00,2026-06-09 14:55:00,during_fault,2.0769827,1
2026-06-09 14:46:30,690,EXP_FAULT_02,RUN_02,cpu_stress,1,recommendationservice,recommendation-f02-04,online-boutique,node-b,0.3875,31.6617,0,114.0054,0.003043,28.08,19.2989,46.8433,64.8601,102.0656,110.7233,113.6586,0.167,0.1798,123962.1204,104078.8894,cpu_stress,inventory-service,2026-06-09 14:40:00,2026-06-09 14:55:00,during_fault,2.258801,1
2026-06-09 14:46:35,695,EXP_FAULT_02,RUN_02,cpu_stress,1,recommendationservice,recommendation-f02-04,online-boutique,node-b,0.3909,31.171,0,113.5085,0.002819,24.4683,18.9837,45.7664,53.4943,81.1003,110.297,113.1885,0.1663,0.1538,107256.2882,90306.0966,cpu_stress,inventory-service,2026-06-09 14:40:00,2026-06-09 14:55:00,during_fault,0.57682645,1
2026-06-09 14:46:40,700,EXP_FAULT_02,RUN_02,cpu_stress,1,recommendationservice,recommendation-f02-04,online-boutique,node-b,0.3737,31.0766,0,120.2188,0.001861,24.7333,16.6634,41.2117,56.0392,81.141,116.857,119.995,0.0389,0.1849,146037.2215,120474.1282,cpu_stress,inventory-service,2026-06-09 14:40:00,2026-06-09 14:55:00,during_fault,0.12371117,0
2026-06-09 14:46:45,705,EXP_FAULT_02,RUN_02,cpu_stress,1,recommendationservice,recommendation-f02-04,online-boutique,node-b,0.3953,30.9708,0,116.8683,0.002534,24.2899,18.9759,44.2665,58.0327,82.8334,113.5495,116.5721,0.1253,0.1709,104510.0112,98506.3976,cpu_stress,inventory-service,2026-06-09 14:40:00,2026-06-09 14:55:00,during_fault,0.4061443,0
2026-06-09 14:46:50,710,EXP_FAULT_02,RUN_02,cpu_stress,1,recommendationservice,recommendation-f02-04,online-boutique,node-b,0.3693,31.2208,0,114.1662,0.002655,25.9287,18.0258,47.9729,63.6217,99.5836,110.8603,113.8632,0.1249,0.1782,99072.8402,85135.5159,cpu_stress,inventory-service,2026-06-09 14:40:00,2026-06-09 14:55:00,during_fault,0.5876225,1
2026-06-09 14:46:55,715,EXP_FAULT_02,RUN_02,cpu_stress,1,recommendationservice,recommendation-f02-04,online-boutique,node-b,0.3865,30.9458,0,116.2058,0.002492,26.2229,18.7273,43.8841,65.533,101.2741,112.7423,115.9162,0.1221,0.1675,97758.928,81506.3871,cpu_stress,inventory-service,2026-06-09 14:40:00,2026-06-09 14:55:00,during_fault,0.96644944,1
2026-06-09 14:47:00,720,EXP_FAULT_02,RUN_02,cpu_stress,1,recommendationservice,recommendation-f02-04,online-boutique,node-b,0.3872,30.7265,0,117.4836,0.002185,26.5591,17.923,45.6914,59.4709,91.9277,113.9254,117.227,0.0815,0.1752,141361.4406,95676.2399,cpu_stress,inventory-service,2026-06-09 14:40:00,2026-06-09 14:55:00,during_fault,1.0785744,1
2026-06-09 14:47:05,725,EXP_FAULT_02,RUN_02,cpu_stress,1,recommendationservice,recommendation-f02-04,online-boutique,node-b,0.3803,31.218,0,120.332,0.002297,26.9327,20.8872,51.8445,68.4643,101.6429,116.5777,120.0556,0.0846,0.1919,128070.7406,84155.0844,cpu_stress,inventory-service,2026-06-09 14:40:00,2026-06-09 14:55:00,during_fault,0.8533554,1
2026-06-09 14:47:10,730,EXP_FAULT_02,RUN_02,cpu_stress,1,recommendationservice,recommendation-f02-04,online-boutique,node-b,0.3811,31.7786,0,120.0807,0.002673,25.5619,19.7988,48.9715,59.3192,95.9783,116.1804,119.7597,0.107,0.2139,146558.4741,95792.1753,cpu_stress,inventory-service,2026-06-09 14:40:00,2026-06-09 14:55:00,during_fault,0.41280246,0
2026-06-09 14:47:15,735,EXP_FAULT_02,RUN_02,cpu_stress,1,recommendationservice,recommendation-f02-04,online-boutique,node-b,0.3684,31.2692,0,118.5707,0.002785,24.9875,18.9549,46.6458,64.9982,96.0535,114.5437,118.2405,0.1195,0.2106,123018.9227,111428.0558,cpu_stress,inventory-service,2026-06-09 14:40:00,2026-06-09 14:55:00,during_fault,0.23084874,0
2026-06-09 14:47:20,740,EXP_FAULT_02,RUN_02,cpu_stress,1,recommendationservice,recommendation-f02-04,online-boutique,node-b,0.3795,31.2021,0,119.7384,0.002829,27.8269,19.2396,47.0225,70.7353,110.2573,115.5126,119.3997,0.1347,0.204,132904.1282,121202.6189,cpu_stress,inventory-service,2026-06-09 14:40:00,2026-06-09 14:55:00,during_fault,1.308828,1
2026-06-09 14:47:25,745,EXP_FAULT_02,RUN_02,cpu_stress,1,recommendationservice,recommendation-f02-04,online-boutique,node-b,0.3779,31.1959,0,119.5412,0.002742,26.7216,18.5665,49.6365,65.4967,100.5268,115.1361,119.2134,0.1278,0.2,102155.2797,80302.6384,cpu_stress,inventory-service,2026-06-09 14:40:00,2026-06-09 14:55:00,during_fault,0.7638985,1
2026-06-09 14:47:30,750,EXP_FAULT_02,RUN_02,cpu_stress,1,recommendationservice,recommendation-f02-04,online-boutique,node-b,0.3852,31.0068,0,120.491,0.003453,26.4539,18.8871,49.4202,68.2478,109.7152,115.831,120.075,0.1855,0.2305,152597.9999,106577.3438,cpu_stress,inventory-service,2026-06-09 14:40:00,2026-06-09 14:55:00,during_fault,0.78935003,1
2026-06-09 14:47:35,755,EXP_FAULT_02,RUN_02,cpu_stress,1,recommendationservice,recommendation-f02-04,online-boutique,node-b,0.3838,31.1085,0,120.4065,0.003078,29.7406,21.1325,54.2257,74.0458,118.1107,115.575,120.0358,0.1454,0.2253,111843.5122,80785.8762,cpu_stress,inventory-service,2026-06-09 14:40:00,2026-06-09 14:55:00,during_fault,2.687729,1
2026-06-09 14:47:40,760,EXP_FAULT_02,RUN_02,cpu_stress,1,recommendationservice,recommendation-f02-04,online-boutique,node-b,0.382,31.1079,0,119.8962,0.002594,27.6419,21.1958,47.9984,65.2263,109.4736,114.9494,119.5852,0.0502,0.2608,129163.7454,97103.1701,cpu_stress,inventory-service,2026-06-09 14:40:00,2026-06-09 14:55:00,during_fault,1.2700974,1
2026-06-09 14:47:45,765,EXP_FAULT_02,RUN_02,cpu_stress,1,recommendationservice,recommendation-f02-04,online-boutique,node-b,0.3802,31.2224,0,121.0501,0.002359,27.3617,19.0249,54.4469,68.2498,100.5663,115.8902,120.7646,0.0428,0.2427,103553.3672,114736.8151,cpu_stress,inventory-service,2026-06-09 14:40:00,2026-06-09 14:55:00,during_fault,1.0030854,1
2026-06-09 14:47:50,770,EXP_FAULT_02,RUN_02,cpu_stress,1,recommendationservice,recommendation-f02-04,online-boutique,node-b,0.4055,30.6061,0,120.7109,0.002997,28.5638,19.4767,49.7449,73.1334,113.4405,115.3405,120.3491,0.088,0.2738,111409.4248,101518.2108,cpu_stress,inventory-service,2026-06-09 14:40:00,2026-06-09 14:55:00,during_fault,2.6773574,1
2026-06-09 14:47:55,775,EXP_FAULT_02,RUN_02,cpu_stress,1,recommendationservice,recommendation-f02-04,online-boutique,node-b,0.3735,31.1404,0,123.6147,0.003418,29.2008,21.4933,58.3744,81.0758,122.9401,117.871,123.1922,0.1332,0.2893,141875.2039,89368.5889,cpu_stress,inventory-service,2026-06-09 14:40:00,2026-06-09 14:55:00,during_fault,1.6433376,1
2026-06-09 14:48:00,780,EXP_FAULT_02,RUN_02,cpu_stress,1,recommendationservice,recommendation-f02-04,online-boutique,node-b,0.3622,31.445,0,120.9287,0.003771,26.7302,18.5377,49.2609,70.1409,111.1411,115.1162,120.4727,0.1689,0.2872,116311.4195,122002.5622,cpu_stress,inventory-service,2026-06-09 14:40:00,2026-06-09 14:55:00,during_fault,0.738096,1
2026-06-09 14:48:05,785,EXP_FAULT_02,RUN_02,cpu_stress,1,recommendationservice,recommendation-f02-04,online-boutique,node-b,0.3708,31.2352,0,116.0556,0.004018,30.4175,22.17,54.7356,77.0847,133.8543,110.285,115.5893,0.1736,0.2927,124318.6439,102150.8913,cpu_stress,inventory-service,2026-06-09 14:40:00,2026-06-09 14:55:00,during_fault,3.122738,1
2026-06-09 14:48:10,790,EXP_FAULT_02,RUN_02,cpu_stress,1,recommendationservice,recommendation-f02-04,online-boutique,node-b,0.3899,30.9351,0,118.411,0.003379,29.6716,19.629,58.7583,78.0174,117.888,112.421,118.0109,0.1034,0.2967,100046.2537,97386.133,cpu_stress,inventory-service,2026-06-09 14:40:00,2026-06-09 14:55:00,during_fault,3.0703053,1
2026-06-09 14:48:15,795,EXP_FAULT_02,RUN_02,cpu_stress,1,recommendationservice,recommendation-f02-04,online-boutique,node-b,0.3703,31.4181,0,117.696,0.00353,28.8047,21.3834,59.2251,72.7952,109.5714,111.6285,117.2805,0.1054,0.31,107855.892,97305.5779,cpu_stress,inventory-service,2026-06-09 14:40:00,2026-06-09 14:55:00,during_fault,1.7568661,1
2026-06-09 14:48:20,800,EXP_FAULT_02,RUN_02,cpu_stress,1,recommendationservice,recommendation-f02-04,online-boutique,node-b,0.3875,30.715,0,119.6201,0.003299,29.4596,20.4077,53.6463,78.4318,130.3975,113.3121,119.2254,0.0768,0.3178,119278.001,84546.2528,cpu_stress,inventory-service,2026-06-09 14:40:00,2026-06-09 14:55:00,during_fault,2.6606088,1
2026-06-09 14:48:25,805,EXP_FAULT_02,RUN_02,cpu_stress,1,recommendationservice,recommendation-f02-04,online-boutique,node-b,0.3883,31.5293,0,115.8927,0.003364,27.7509,18.3734,56.5571,69.5685,124.5562,109.6773,115.5029,0.0867,0.3032,144819.5816,107833.5486,cpu_stress,inventory-service,2026-06-09 14:40:00,2026-06-09 14:55:00,during_fault,1.8715458,1
2026-06-09 14:48:30,810,EXP_FAULT_02,RUN_02,cpu_stress,1,recommendationservice,recommendation-f02-04,online-boutique,node-b,0.3765,30.8351,0,115.0196,0.003814,28.0655,20.089,51.4337,71.6067,113.3609,108.7565,114.5809,0.1518,0.2869,113887.1466,88079.8694,cpu_stress,inventory-service,2026-06-09 14:40:00,2026-06-09 14:55:00,during_fault,1.7328453,1
2026-06-09 14:48:35,815,EXP_FAULT_02,RUN_02,cpu_stress,1,recommendationservice,recommendation-f02-04,online-boutique,node-b,0.3907,30.4035,0,113.1215,0.002945,27.3902,19.1172,54.2454,70.2567,110.0814,106.9445,112.7884,0.0501,0.283,97427.2286,100337.8653,cpu_stress,inventory-service,2026-06-09 14:40:00,2026-06-09 14:55:00,during_fault,2.0608087,1
2026-06-09 14:48:40,820,EXP_FAULT_02,RUN_02,cpu_stress,1,recommendationservice,recommendation-f02-04,online-boutique,node-b,0.3859,30.8537,0,109.6296,0.003434,29.5378,20.2463,53.1464,74.6963,138.4437,103.5519,109.2532,0.066,0.3105,104587.0838,107591.2695,cpu_stress,inventory-service,2026-06-09 14:40:00,2026-06-09 14:55:00,during_fault,3.8912463,1
2026-06-09 14:48:45,825,EXP_FAULT_02,RUN_02,cpu_stress,1,recommendationservice,recommendation-f02-04,online-boutique,node-b,0.3809,31.6288,0,112.1335,0.003778,30.1734,20.7615,60.3576,81.3124,122.6424,105.9116,111.7098,0.1277,0.296,124030.4697,76909.6631,cpu_stress,inventory-service,2026-06-09 14:40:00,2026-06-09 14:55:00,during_fault,3.986644,1
2026-06-09 14:48:50,830,EXP_FAULT_02,RUN_02,cpu_stress,1,recommendationservice,recommendation-f02-04,online-boutique,node-b,0.3855,31.1831,0,109.5503,0.003288,27.7456,18.2335,49.7486,78.9894,128.432,103.4762,109.1901,0.0541,0.3062,130475.4456,101162.2936,cpu_stress,inventory-service,2026-06-09 14:40:00,2026-06-09 14:55:00,during_fault,2.3956249,1
2026-06-09 14:48:55,835,EXP_FAULT_02,RUN_02,cpu_stress,1,recommendationservice,recommendation-f02-04,online-boutique,node-b,0.3737,30.6249,0,108.8335,0.003334,25.7179,18.901,51.2161,71.4539,120.8914,102.8171,108.4706,0.059,0.3038,132598.1108,97101.9844,cpu_stress,inventory-service,2026-06-09 14:40:00,2026-06-09 14:55:00,during_fault,0.9513998,1
2026-06-09 14:49:00,840,EXP_FAULT_02,RUN_02,cpu_stress,1,recommendationservice,recommendation-f02-04,online-boutique,node-b,0.3629,31.2304,0,110.0808,0.004005,29.5855,20.375,57.232,77.1105,127.1644,104.0136,109.64,0.1616,0.2793,139780.5573,109531.2151,cpu_stress,inventory-service,2026-06-09 14:40:00,2026-06-09 14:55:00,during_fault,2.7061672,1
2026-06-09 14:49:05,845,EXP_FAULT_02,RUN_02,cpu_stress,1,recommendationservice,recommendation-f02-04,online-boutique,node-b,0.3764,31.397,0,109.2764,0.0042,26.8908,19.3526,48.6621,72.4483,106.8036,103.2829,108.8174,0.1676,0.2913,112761.1231,102449.9262,cpu_stress,inventory-service,2026-06-09 14:40:00,2026-06-09 14:55:00,during_fault,1.9532712,1
2026-06-09 14:49:10,850,EXP_FAULT_02,RUN_02,cpu_stress,1,recommendationservice,recommendation-f02-04,online-boutique,node-b,0.3469,31.3703,0,107.4347,0.003156,28.4121,21.5201,54.9128,80.0172,112.839,101.7027,107.0956,0.0528,0.2863,101765.836,84758.3253,cpu_stress,inventory-service,2026-06-09 14:40:00,2026-06-09 14:55:00,during_fault,1.5526831,1
2026-06-09 14:49:15,855,EXP_FAULT_02,RUN_02,cpu_stress,1,recommendationservice,recommendation-f02-04,online-boutique,node-b,0.3913,31.7312,0,108.6492,0.003962,28.0389,19.3761,53.2223,79.7652,113.5033,102.8649,108.2187,0.1603,0.2702,130284.009,97107.6811,cpu_stress,inventory-service,2026-06-09 14:40:00,2026-06-09 14:55:00,during_fault,3.1659741,1
2026-06-09 14:49:20,860,EXP_FAULT_02,RUN_02,cpu_stress,1,recommendationservice,recommendation-f02-04,online-boutique,node-b,0.3708,30.9565,0,106.175,0.002698,28.9871,19.3691,57.9559,76.3009,122.5737,100.7339,105.8885,0.0353,0.2512,91362.0721,85149.8588,cpu_stress,inventory-service,2026-06-09 14:40:00,2026-06-09 14:55:00,during_fault,3.1361089,1
2026-06-09 14:49:25,865,EXP_FAULT_02,RUN_02,cpu_stress,1,recommendationservice,recommendation-f02-04,online-boutique,node-b,0.3492,31.1237,0,104.5871,0.004041,27.4351,20.7721,54.4307,75.8672,108.2114,99.2624,104.1645,0.1544,0.2682,89219.1446,91691.6484,cpu_stress,inventory-service,2026-06-09 14:40:00,2026-06-09 14:55:00,during_fault,1.451736,1
2026-06-09 14:49:30,870,EXP_FAULT_02,RUN_02,cpu_stress,1,recommendationservice,recommendation-f02-04,online-boutique,node-b,0.3589,30.9376,0,104.1004,0.004063,29.2813,21.0596,53.6465,77.3916,126.8387,98.9453,103.6775,0.1593,0.2636,106508.2081,68761.6961,cpu_stress,inventory-service,2026-06-09 14:40:00,2026-06-09 14:55:00,during_fault,2.9916112,1
2026-06-09 14:49:35,875,EXP_FAULT_02,RUN_02,cpu_stress,1,recommendationservice,recommendation-f02-04,online-boutique,node-b,0.3759,31.6125,0,105.0959,0.002442,28.7187,21.7541,54.2487,74.0174,120.1704,100.1239,104.8392,0.0278,0.2288,132164.3144,93489.6769,cpu_stress,inventory-service,2026-06-09 14:40:00,2026-06-09 14:55:00,during_fault,3.240128,1
2026-06-09 14:49:40,880,EXP_FAULT_02,RUN_02,cpu_stress,1,recommendationservice,recommendation-f02-04,online-boutique,node-b,0.3721,31.4369,0,108.0637,0.003485,27.7795,18.9841,53.2509,76.8766,102.4538,103.0715,107.6871,0.1515,0.2251,96348.5889,106917.5616,cpu_stress,inventory-service,2026-06-09 14:40:00,2026-06-09 14:55:00,during_fault,2.0584302,1
2026-06-09 14:49:45,885,EXP_FAULT_02,RUN_02,cpu_stress,1,recommendationservice,recommendation-f02-04,online-boutique,node-b,0.3649,31.5266,0,105.4663,0.003467,27.9026,20.9138,55.1246,71.3266,103.0441,100.76,105.1007,0.1448,0.2208,97753.4669,82160.7773,cpu_stress,inventory-service,2026-06-09 14:40:00,2026-06-09 14:55:00,during_fault,2.069166,1
2026-06-09 14:49:50,890,EXP_FAULT_02,RUN_02,cpu_stress,1,recommendationservice,recommendation-f02-04,online-boutique,node-b,0.3639,31.384,0,108.3103,0.003511,28.3246,21.5089,49.4712,68.6914,118.8704,103.6407,107.93,0.1608,0.2195,88860.1753,107234.2731,cpu_stress,inventory-service,2026-06-09 14:40:00,2026-06-09 14:55:00,during_fault,2.0206192,1
2026-06-09 14:49:55,895,EXP_FAULT_02,RUN_02,cpu_stress,1,recommendationservice,recommendation-f02-04,online-boutique,node-b,0.3629,30.6973,0,106.6773,0.003163,25.4835,16.846,49.6784,66.0781,101.516,102.2685,106.3399,0.1269,0.2105,124433.6608,74501.0659,cpu_stress,inventory-service,2026-06-09 14:40:00,2026-06-09 14:55:00,during_fault,0.75364655,1
2026-06-09 14:50:00,900,EXP_FAULT_02,RUN_02,cpu_stress,1,recommendationservice,recommendation-f02-04,online-boutique,node-b,0.3762,31.3763,0,103.8776,0.002726,26.8008,19.4916,51.0803,66.5699,95.7937,99.7599,103.5944,0.0956,0.1876,85928.9766,68995.1583,cpu_stress,inventory-service,2026-06-09 14:40:00,2026-06-09 14:55:00,during_fault,1.9776958,1
2026-06-09 14:50:05,905,EXP_FAULT_02,RUN_02,cpu_stress,1,recommendationservice,recommendation-f02-04,online-boutique,node-b,0.3762,30.8693,0,109.8261,0.002338,24.2532,17.5136,45.5469,61.2617,99.6012,105.6465,109.5694,0.0604,0.1963,128271.033,103594.812,cpu_stress,inventory-service,2026-06-09 14:40:00,2026-06-09 14:55:00,during_fault,0.41066256,0
2026-06-09 14:50:10,910,EXP_FAULT_02,RUN_02,cpu_stress,1,recommendationservice,recommendation-f02-04,online-boutique,node-b,0.3738,31.5613,0,108.5571,0.002016,26.9967,18.6452,52.2798,71.2859,108.4216,104.6249,108.3383,0.0401,0.1788,135164.2257,72686.25,cpu_stress,inventory-service,2026-06-09 14:40:00,2026-06-09 14:55:00,during_fault,1.5656575,1
2026-06-09 14:50:15,915,EXP_FAULT_02,RUN_02,cpu_stress,1,recommendationservice,recommendation-f02-04,online-boutique,node-b,0.3819,31.5712,0,106.6171,0.002551,24.2403,17.5226,42.4303,61.6979,97.7202,102.8586,106.3452,0.0826,0.1894,129080.6617,102234.2865,cpu_stress,inventory-service,2026-06-09 14:40:00,2026-06-09 14:55:00,during_fault,0.6966152,1
2026-06-09 14:50:20,920,EXP_FAULT_02,RUN_02,cpu_stress,1,recommendationservice,recommendation-f02-04,online-boutique,node-b,0.3782,31.6646,0,103.7799,0.003045,25.7791,18.8672,49.4983,61.6857,95.4822,100.2257,103.4639,0.1274,0.1886,89041.5382,70176.3458,cpu_stress,inventory-service,2026-06-09 14:40:00,2026-06-09 14:55:00,during_fault,1.5063589,1
2026-06-09 14:50:25,925,EXP_FAULT_02,RUN_02,cpu_stress,1,recommendationservice,recommendation-f02-04,online-boutique,node-b,0.3856,30.6763,0,108.5786,0.002546,25.3675,17.1711,42.8655,57.9943,89.0649,105.0214,108.3022,0.1077,0.1687,96144.1299,97457.4935,cpu_stress,inventory-service,2026-06-09 14:40:00,2026-06-09 14:55:00,during_fault,1.1522306,1
2026-06-09 14:50:30,930,EXP_FAULT_02,RUN_02,cpu_stress,1,recommendationservice,recommendation-f02-04,online-boutique,node-b,0.37,31.839,0,109.248,0.002786,24.9328,17.0179,42.4721,59.8631,84.1913,105.7862,108.9436,0.1213,0.1831,96679.8349,90339.9246,cpu_stress,inventory-service,2026-06-09 14:40:00,2026-06-09 14:55:00,during_fault,0.56017894,1
2026-06-09 14:50:35,935,EXP_FAULT_02,RUN_02,cpu_stress,1,recommendationservice,recommendation-f02-04,online-boutique,node-b,0.3738,31.4353,0,106.9565,0.002646,26.7316,19.8881,47.8373,65.8043,91.5163,103.6868,106.6735,0.1326,0.1505,101060.4111,91360.7512,cpu_stress,inventory-service,2026-06-09 14:40:00,2026-06-09 14:55:00,during_fault,1.5451052,1
2026-06-09 14:50:40,940,EXP_FAULT_02,RUN_02,cpu_stress,1,recommendationservice,recommendation-f02-04,online-boutique,node-b,0.3545,31.273,0,103.3134,0.00236,25.8491,18.9058,49.2725,58.7967,90.2593,100.2543,103.0696,0.0968,0.1471,112057.2486,75257.4346,cpu_stress,inventory-service,2026-06-09 14:40:00,2026-06-09 14:55:00,during_fault,0.8748124,1
2026-06-09 14:50:45,945,EXP_FAULT_02,RUN_02,cpu_stress,1,recommendationservice,recommendation-f02-04,online-boutique,node-b,0.3734,31.2352,0,106.3602,0.00202,25.5824,18.0982,47.6187,58.6632,92.4035,103.2989,106.1454,0.0769,0.1379,117519.6044,96492.8723,cpu_stress,inventory-service,2026-06-09 14:40:00,2026-06-09 14:55:00,during_fault,1.0330555,1
2026-06-09 14:50:50,950,EXP_FAULT_02,RUN_02,cpu_stress,1,recommendationservice,recommendation-f02-04,online-boutique,node-b,0.3682,31.4111,0,104.4955,0.002889,25.1392,17.7782,41.5249,62.8833,82.777,101.5098,104.1936,0.1415,0.1604,90271.9861,94737.5835,cpu_stress,inventory-service,2026-06-09 14:40:00,2026-06-09 14:55:00,during_fault,0.84248793,1
2026-06-09 14:50:55,955,EXP_FAULT_02,RUN_02,cpu_stress,1,recommendationservice,recommendation-f02-04,online-boutique,node-b,0.3433,31.492,0,108.2975,0.002534,26.2161,18.4461,45.4389,65.8309,100.6258,105.2321,108.023,0.1167,0.1578,96016.3337,84592.5272,cpu_stress,inventory-service,2026-06-09 14:40:00,2026-06-09 14:55:00,during_fault,0.49664336,1
2026-06-09 14:51:00,960,EXP_FAULT_02,RUN_02,cpu_stress,1,recommendationservice,recommendation-f02-04,online-boutique,node-b,0.3774,31.0364,0,103.6595,0.001725,24.3818,18.2397,41.8379,58.977,92.4382,100.775,103.4806,0.0328,0.1461,92257.0783,77967.9317,cpu_stress,inventory-service,2026-06-09 14:40:00,2026-06-09 14:55:00,during_fault,0.8569956,1
2026-06-09 14:51:05,965,EXP_FAULT_02,RUN_02,cpu_stress,1,recommendationservice,recommendation-f02-04,online-boutique,node-b,0.366,31.928,0,104.9294,0.002554,24.7278,17.6398,43.2121,54.0844,82.5836,101.9558,104.6614,0.1338,0.1342,131904.6899,108568.5642,cpu_stress,inventory-service,2026-06-09 14:40:00,2026-06-09 14:55:00,during_fault,0.6291722,1
2026-06-09 14:51:10,970,EXP_FAULT_02,RUN_02,cpu_stress,1,recommendationservice,recommendation-f02-04,online-boutique,node-b,0.3604,31.4411,0,104.6165,0.002684,25.2436,19.7477,44.2771,55.5137,89.1965,101.6072,104.3357,0.1464,0.1344,97442.7195,105987.0518,cpu_stress,inventory-service,2026-06-09 14:40:00,2026-06-09 14:55:00,during_fault,0.6477394,1
2026-06-09 14:51:15,975,EXP_FAULT_02,RUN_02,cpu_stress,1,recommendationservice,recommendation-f02-04,online-boutique,node-b,0.3724,31.4913,0,104.4948,0.002195,24.1093,18.4251,44.0636,56.8903,92.7811,101.4832,104.2655,0.0652,0.1642,88902.8367,96017.6545,cpu_stress,inventory-service,2026-06-09 14:40:00,2026-06-09 14:55:00,during_fault,0.51984495,1
2026-06-09 14:51:20,980,EXP_FAULT_02,RUN_02,cpu_stress,1,recommendationservice,recommendation-f02-04,online-boutique,node-b,0.3881,30.9561,0,100.9604,0.002758,24.7934,18.4428,47.195,56.3373,88.3726,97.9686,100.682,0.1424,0.1361,126647.7858,100324.7394,cpu_stress,inventory-service,2026-06-09 14:40:00,2026-06-09 14:55:00,during_fault,1.5478494,1
2026-06-09 14:51:25,985,EXP_FAULT_02,RUN_02,cpu_stress,1,recommendationservice,recommendation-f02-04,online-boutique,node-b,0.3955,31.1739,0,99.3111,0.00323,25.0011,16.7642,43.1629,63.8288,95.2066,96.2666,98.9903,0.1565,0.1643,96455.6138,98033.6128,cpu_stress,inventory-service,2026-06-09 14:40:00,2026-06-09 14:55:00,during_fault,2.1566577,1
2026-06-09 14:51:30,990,EXP_FAULT_02,RUN_02,cpu_stress,1,recommendationservice,recommendation-f02-04,online-boutique,node-b,0.3946,31.9467,0,101.2292,0.002378,25.389,19.5061,45.4623,59.2037,87.1688,98.0583,100.9884,0.0662,0.1745,115423.1758,94162.9338,cpu_stress,inventory-service,2026-06-09 14:40:00,2026-06-09 14:55:00,during_fault,2.078053,1
2026-06-09 14:51:35,995,EXP_FAULT_02,RUN_02,cpu_stress,1,recommendationservice,recommendation-f02-04,online-boutique,node-b,0.3773,31.2311,0,96.3579,0.00281,23.6894,17.82,41.5921,60.7139,87.1486,93.2331,96.0872,0.1106,0.1601,111646.5848,92568.3126,cpu_stress,inventory-service,2026-06-09 14:40:00,2026-06-09 14:55:00,during_fault,1.1013172,1
2026-06-09 14:51:40,1000,EXP_FAULT_02,RUN_02,cpu_stress,1,recommendationservice,recommendation-f02-04,online-boutique,node-b,0.3682,31.581,0,96.9948,0.002814,25.7999,19.7632,48.6134,67.5118,98.1691,93.7114,96.7218,0.1166,0.1564,115225.6944,93500.0541,cpu_stress,inventory-service,2026-06-09 14:40:00,2026-06-09 14:55:00,during_fault,1.7204704,1
2026-06-09 14:51:45,1005,EXP_FAULT_02,RUN_02,cpu_stress,1,recommendationservice,recommendation-f02-04,online-boutique,node-b,0.3717,31.1092,0,99.7944,0.002506,25.2663,17.7365,43.7396,61.5521,87.3003,96.2999,99.5443,0.0815,0.1685,97544.5935,93223.6698,cpu_stress,inventory-service,2026-06-09 14:40:00,2026-06-09 14:55:00,during_fault,1.3502991,1
2026-06-09 14:51:50,1010,EXP_FAULT_02,RUN_02,cpu_stress,1,recommendationservice,recommendation-f02-04,online-boutique,node-b,0.3975,31.4166,0,96.3903,0.002411,25.1487,18.3691,49.5448,64.8882,95.1418,92.8812,96.1579,0.0508,0.1816,100041.9356,89891.1947,cpu_stress,inventory-service,2026-06-09 14:40:00,2026-06-09 14:55:00,during_fault,2.6066291,1
2026-06-09 14:51:55,1015,EXP_FAULT_02,RUN_02,cpu_stress,1,recommendationservice,recommendation-f02-04,online-boutique,node-b,0.3807,32.0382,0,96.7983,0.003018,25.8979,19.563,44.6999,59.6803,95.3007,93.0902,96.5062,0.093,0.1991,120286.6311,86811.8106,cpu_stress,inventory-service,2026-06-09 14:40:00,2026-06-09 14:55:00,during_fault,2.469216,1
2026-06-09 14:52:00,1020,EXP_FAULT_02,RUN_02,cpu_stress,1,recommendationservice,recommendation-f02-04,online-boutique,node-b,0.3934,31.5726,0,98.3757,0.003072,26.5461,18.4419,46.5417,65.3915,102.5918,94.4629,98.0734,0.1068,0.1954,94912.9757,67638.0225,cpu_stress,inventory-service,2026-06-09 14:40:00,2026-06-09 14:55:00,during_fault,3.2013042,1
2026-06-09 14:52:05,1025,EXP_FAULT_02,RUN_02,cpu_stress,1,recommendationservice,recommendation-f02-04,online-boutique,node-b,0.3617,31.4316,0,98.3286,0.003291,26.2972,18.2358,48.4403,68.8447,104.5918,94.2655,98.005,0.1344,0.1892,87261.5991,89961.7046,cpu_stress,inventory-service,2026-06-09 14:40:00,2026-06-09 14:55:00,during_fault,1.6826315,1
2026-06-09 14:52:10,1030,EXP_FAULT_02,RUN_02,cpu_stress,1,recommendationservice,recommendation-f02-04,online-boutique,node-b,0.3527,31.8123,0,97.3675,0.003069,26.7747,18.8601,53.5965,73.7256,112.7368,93.1557,97.0687,0.1048,0.1941,117291.3548,64993.6862,cpu_stress,inventory-service,2026-06-09 14:40:00,2026-06-09 14:55:00,during_fault,1.8022152,1
2026-06-09 14:52:15,1035,EXP_FAULT_02,RUN_02,cpu_stress,1,recommendationservice,recommendation-f02-04,online-boutique,node-b,0.3875,31.2906,0,97.1247,0.003243,24.2138,16.2929,48.8958,58.2396,93.6481,92.7647,96.8096,0.0954,0.2196,97758.3137,77058.7035,cpu_stress,inventory-service,2026-06-09 14:40:00,2026-06-09 14:55:00,during_fault,1.7036343,1
2026-06-09 14:52:20,1040,EXP_FAULT_02,RUN_02,cpu_stress,1,recommendationservice,recommendation-f02-04,online-boutique,node-b,0.3893,31.1661,0,93.4827,0.003233,25.7948,18.0381,47.3801,63.6899,102.2428,89.1651,93.1804,0.1053,0.1969,95318.9507,80249.9019,cpu_stress,inventory-service,2026-06-09 14:40:00,2026-06-09 14:55:00,during_fault,3.1009831,1
2026-06-09 14:52:25,1045,EXP_FAULT_02,RUN_02,cpu_stress,1,recommendationservice,recommendation-f02-04,online-boutique,node-b,0.3583,30.9551,0,96.8008,0.003082,29.0171,20.5861,54.1877,73.8349,123.404,92.1929,96.5024,0.0899,0.2085,106466.4356,80589.4249,cpu_stress,inventory-service,2026-06-09 14:40:00,2026-06-09 14:55:00,during_fault,3.7235465,1
2026-06-09 14:52:30,1050,EXP_FAULT_02,RUN_02,cpu_stress,1,recommendationservice,recommendation-f02-04,online-boutique,node-b,0.3761,30.7246,0,98.325,0.003151,28.122,20.2397,54.3922,71.4484,127.4606,93.4841,98.0151,0.062,0.2478,105696.1094,95385.7151,cpu_stress,inventory-service,2026-06-09 14:40:00,2026-06-09 14:55:00,during_fault,3.7663364,1
2026-06-09 14:52:35,1055,EXP_FAULT_02,RUN_02,cpu_stress,1,recommendationservice,recommendation-f02-04,online-boutique,node-b,0.3706,31.6885,0,98.0379,0.003476,25.776,17.9268,47.7991,66.1501,111.5849,93.0792,97.6971,0.0857,0.2551,110548.6503,87799.5737,cpu_stress,inventory-service,2026-06-09 14:40:00,2026-06-09 14:55:00,during_fault,1.8907387,1
2026-06-09 14:52:40,1060,EXP_FAULT_02,RUN_02,cpu_stress,1,recommendationservice,recommendation-f02-04,online-boutique,node-b,0.3566,31.834,0,95.1502,0.002886,26.3543,18.2527,50.4067,73.1105,116.9042,90.2641,94.8756,0.0348,0.2398,92786.2525,68563.2488,cpu_stress,inventory-service,2026-06-09 14:40:00,2026-06-09 14:55:00,during_fault,1.9302906,1
2026-06-09 14:52:45,1065,EXP_FAULT_02,RUN_02,cpu_stress,1,recommendationservice,recommendation-f02-04,online-boutique,node-b,0.3703,30.971,0,98.1146,0.003132,26.4021,17.2244,48.2349,68.5082,116.5286,92.9682,97.8073,0.0724,0.2349,83181.2573,90316.7806,cpu_stress,inventory-service,2026-06-09 14:40:00,2026-06-09 14:55:00,during_fault,2.1387134,1
2026-06-09 14:52:50,1070,EXP_FAULT_02,RUN_02,cpu_stress,1,recommendationservice,recommendation-f02-04,online-boutique,node-b,0.3626,31.3962,0,98.6519,0.003568,27.4581,18.5585,49.484,73.9988,122.4485,93.3763,98.3,0.1114,0.2406,85906.2466,84437.2513,cpu_stress,inventory-service,2026-06-09 14:40:00,2026-06-09 14:55:00,during_fault,2.4160132,1
2026-06-09 14:52:55,1075,EXP_FAULT_02,RUN_02,cpu_stress,1,recommendationservice,recommendation-f02-04,online-boutique,node-b,0.3779,31.3186,0,100.244,0.004332,24.8671,17.8008,51.0915,62.3775,111.8529,94.7292,99.8097,0.1572,0.2771,127054.0133,71390.4393,cpu_stress,inventory-service,2026-06-09 14:40:00,2026-06-09 14:55:00,during_fault,2.0806632,1
2026-06-09 14:53:00,1080,EXP_FAULT_02,RUN_02,cpu_stress,1,recommendationservice,recommendation-f02-04,online-boutique,node-b,0.3637,31.9992,0,96.1623,0.003438,27.9406,20.9858,53.4655,69.9582,117.2191,90.8801,95.8316,0.0739,0.2567,107186.6966,79787.9238,cpu_stress,inventory-service,2026-06-09 14:40:00,2026-06-09 14:55:00,during_fault,3.2219074,1
2026-06-09 14:53:05,1085,EXP_FAULT_02,RUN_02,cpu_stress,1,recommendationservice,recommendation-f02-04,online-boutique,node-b,0.3681,31.5966,0,100.3439,0.003288,28.2334,20.0735,58.5459,78.1538,119.1732,94.804,100.0139,0.0658,0.2641,95338.7279,78000.8691,cpu_stress,inventory-service,2026-06-09 14:40:00,2026-06-09 14:55:00,during_fault,2.988896,1
2026-06-09 14:53:10,1090,EXP_FAULT_02,RUN_02,cpu_stress,1,recommendationservice,recommendation-f02-04,online-boutique,node-b,0.3714,31.0726,0,100.3758,0.003634,28.6044,18.6064,52.5836,77.0233,127.5832,94.8017,100.0111,0.0824,0.2824,123458.958,79772.9881,cpu_stress,inventory-service,2026-06-09 14:40:00,2026-06-09 14:55:00,during_fault,3.5440922,1
2026-06-09 14:53:15,1095,EXP_FAULT_02,RUN_02,cpu_stress,1,recommendationservice,recommendation-f02-04,online-boutique,node-b,0.355,30.6146,0,102.7884,0.003602,28.2667,18.3251,58.1812,78.7385,120.3248,97.0939,102.4182,0.1122,0.258,126056.8749,77908.4113,cpu_stress,inventory-service,2026-06-09 14:40:00,2026-06-09 14:55:00,during_fault,2.2585347,1
2026-06-09 14:53:20,1100,EXP_FAULT_02,RUN_02,cpu_stress,1,recommendationservice,recommendation-f02-04,online-boutique,node-b,0.3744,31.452,0,101.0741,0.004214,29.4061,19.4376,61.2416,76.1615,137.9454,95.4456,100.6482,0.1582,0.2677,114067.5194,80174.8945,cpu_stress,inventory-service,2026-06-09 14:40:00,2026-06-09 14:55:00,during_fault,4.372038,1
2026-06-09 14:53:25,1105,EXP_FAULT_02,RUN_02,cpu_stress,1,recommendationservice,recommendation-f02-04,online-boutique,node-b,0.346,30.5727,0,103.7066,0.003381,29.119,20.5103,59.448,72.9836,133.0206,98.0055,103.3559,0.0754,0.2752,121829.6294,98594.9342,cpu_stress,inventory-service,2026-06-09 14:40:00,2026-06-09 14:55:00,during_fault,2.366658,1
2026-06-09 14:53:30,1110,EXP_FAULT_02,RUN_02,cpu_stress,1,recommendationservice,recommendation-f02-04,online-boutique,node-b,0.3556,30.9719,0,104.9493,0.003614,28.3616,19.0873,51.3026,81.9894,122.543,99.2549,104.57,0.0907,0.2886,94324.2523,74933.4362,cpu_stress,inventory-service,2026-06-09 14:40:00,2026-06-09 14:55:00,during_fault,2.0708277,1
2026-06-09 14:53:35,1115,EXP_FAULT_02,RUN_02,cpu_stress,1,recommendationservice,recommendation-f02-04,online-boutique,node-b,0.3878,31.0328,0,106.6676,0.003711,27.2198,19.3623,52.8561,70.4571,125.512,100.9067,106.2717,0.1042,0.2916,99425.8563,100413.0104,cpu_stress,inventory-service,2026-06-09 14:40:00,2026-06-09 14:55:00,during_fault,2.4848015,1
2026-06-09 14:53:40,1120,EXP_FAULT_02,RUN_02,cpu_stress,1,recommendationservice,recommendation-f02-04,online-boutique,node-b,0.339,31.2192,0,104.3303,0.002966,27.101,19.0789,56.0477,74.0607,111.7912,98.8562,104.0209,0.0372,0.2722,117289.6354,73934.6264,cpu_stress,inventory-service,2026-06-09 14:40:00,2026-06-09 14:55:00,during_fault,0.933185,1
2026-06-09 14:53:45,1125,EXP_FAULT_02,RUN_02,cpu_stress,1,recommendationservice,recommendation-f02-04,online-boutique,node-b,0.3823,30.8876,0,103.6289,0.002722,27.9293,20.3819,52.0534,71.1561,121.2008,98.3176,103.3468,0.0394,0.2427,118196.4234,92923.3257,cpu_stress,inventory-service,2026-06-09 14:40:00,2026-06-09 14:55:00,during_fault,3.1803536,1
2026-06-09 14:53:50,1130,EXP_FAULT_02,RUN_02,cpu_stress,1,recommendationservice,recommendation-f02-04,online-boutique,node-b,0.3517,30.9,0,102.1844,0.003561,27.7017,18.6231,55.4605,74.257,121.8769,97.0146,101.8205,0.1039,0.26,126948.8834,105096.1647,cpu_stress,inventory-service,2026-06-09 14:40:00,2026-06-09 14:55:00,during_fault,1.7821207,1
2026-06-09 14:53:55,1135,EXP_FAULT_02,RUN_02,cpu_stress,1,recommendationservice,recommendation-f02-04,online-boutique,node-b,0.375,31.5828,0,104.3824,0.003026,28.4016,21.079,58.0971,79.4085,107.178,99.2525,104.0666,0.0562,0.2596,87493.696,89267.4052,cpu_stress,inventory-service,2026-06-09 14:40:00,2026-06-09 14:55:00,during_fault,2.9566376,1
2026-06-09 14:54:00,1140,EXP_FAULT_02,RUN_02,cpu_stress,1,recommendationservice,recommendation-f02-04,online-boutique,node-b,0.3768,31.459,0,104.9367,0.003804,27.1989,19.8645,51.5805,72.4706,117.8467,99.9093,104.5375,0.1626,0.2365,98516.0681,79130.1522,cpu_stress,inventory-service,2026-06-09 14:40:00,2026-06-09 14:55:00,during_fault,2.349366,1
2026-06-09 14:54:05,1145,EXP_FAULT_02,RUN_02,cpu_stress,1,recommendationservice,recommendation-f02-04,online-boutique,node-b,0.3792,31.8707,0,106.8478,0.00369,26.8443,19.5797,54.5044,70.1113,98.6812,101.8603,106.4536,0.1445,0.2497,91189.7643,88907.0114,cpu_stress,inventory-service,2026-06-09 14:40:00,2026-06-09 14:55:00,during_fault,2.1266937,1
2026-06-09 14:54:10,1150,EXP_FAULT_02,RUN_02,cpu_stress,1,recommendationservice,recommendation-f02-04,online-boutique,node-b,0.3571,31.7918,0,104.4738,0.003253,27.6188,19.5154,50.18,76.1365,117.5352,99.7834,104.1339,0.1229,0.217,112707.8566,107491.7219,cpu_stress,inventory-service,2026-06-09 14:40:00,2026-06-09 14:55:00,during_fault,1.695232,1
2026-06-09 14:54:15,1155,EXP_FAULT_02,RUN_02,cpu_stress,1,recommendationservice,recommendation-f02-04,online-boutique,node-b,0.3882,31.3135,0,103.6932,0.003254,26.2849,17.817,48.388,63.5829,106.2592,99.2154,103.3559,0.1346,0.2028,97070.8697,89378.5626,cpu_stress,inventory-service,2026-06-09 14:40:00,2026-06-09 14:55:00,during_fault,2.1797602,1
2026-06-09 14:54:20,1160,EXP_FAULT_02,RUN_02,cpu_stress,1,recommendationservice,recommendation-f02-04,online-boutique,node-b,0.3727,31.2033,0,106.4646,0.002751,24.7921,18.5408,49.0939,62.188,94.7913,102.0648,106.1717,0.069,0.2239,94384.8345,109551.6581,cpu_stress,inventory-service,2026-06-09 14:40:00,2026-06-09 14:55:00,during_fault,0.70658654,1
2026-06-09 14:54:25,1165,EXP_FAULT_02,RUN_02,cpu_stress,1,recommendationservice,recommendation-f02-04,online-boutique,node-b,0.3501,32.0625,0,102.1975,0.003272,26.4674,19.6638,45.1312,70.026,99.702,98.1228,101.8631,0.1456,0.1888,114656.1775,102728.3346,cpu_stress,inventory-service,2026-06-09 14:40:00,2026-06-09 14:55:00,during_fault,1.3042512,1
2026-06-09 14:54:30,1170,EXP_FAULT_02,RUN_02,cpu_stress,1,recommendationservice,recommendation-f02-04,online-boutique,node-b,0.3569,31.9858,0,102.0894,0.002594,27.4434,20.2954,52.2963,63.1765,105.8526,98.209,101.8246,0.0845,0.1804,126080.5305,91298.814,cpu_stress,inventory-service,2026-06-09 14:40:00,2026-06-09 14:55:00,during_fault,1.9058926,1
2026-06-09 14:54:35,1175,EXP_FAULT_02,RUN_02,cpu_stress,1,recommendationservice,recommendation-f02-04,online-boutique,node-b,0.3874,31.3661,0,103.1245,0.002462,27.7119,21.3262,47.5195,69.6849,106.4906,99.3692,102.8705,0.0744,0.1796,89411.9235,97072.2663,cpu_stress,inventory-service,2026-06-09 14:40:00,2026-06-09 14:55:00,during_fault,3.2470963,1
2026-06-09 14:54:40,1180,EXP_FAULT_02,RUN_02,cpu_stress,1,recommendationservice,recommendation-f02-04,online-boutique,node-b,0.369,31.3482,0,105.5811,0.002399,25.4705,19.0745,45.6659,59.6731,98.0059,101.8689,105.3278,0.0605,0.1928,118737.3604,92111.2642,cpu_stress,inventory-service,2026-06-09 14:40:00,2026-06-09 14:55:00,during_fault,0.8926674,1
2026-06-09 14:54:45,1185,EXP_FAULT_02,RUN_02,cpu_stress,1,recommendationservice,recommendation-f02-04,online-boutique,node-b,0.3812,31.299,0,104.3134,0.002613,23.3314,17.4167,44.0571,60.5304,92.1711,100.7886,104.0409,0.1038,0.1688,92393.514,75334.348,cpu_stress,inventory-service,2026-06-09 14:40:00,2026-06-09 14:55:00,during_fault,0.5398787,1
2026-06-09 14:54:50,1190,EXP_FAULT_02,RUN_02,cpu_stress,1,recommendationservice,recommendation-f02-04,online-boutique,node-b,0.3915,31.3769,0,106.5816,0.002328,26.0659,17.4581,44.4884,62.4614,90.0324,103.1267,106.3335,0.0827,0.1654,88528.8838,89129.2539,cpu_stress,inventory-service,2026-06-09 14:40:00,2026-06-09 14:55:00,during_fault,1.8451989,1
2026-06-09 14:54:55,1195,EXP_FAULT_02,RUN_02,cpu_stress,1,recommendationservice,recommendation-f02-04,online-boutique,node-b,0.3741,31.4568,0,102.6225,0.002031,25.193,18.6249,42.2841,57.0895,97.3641,99.4322,102.4141,0.0643,0.1441,108587.1798,73512.7142,cpu_stress,inventory-service,2026-06-09 14:40:00,2026-06-09 14:55:00,during_fault,1.131231,1
2026-06-09 14:55:00,1200,EXP_FAULT_02,RUN_02,cpu_stress,1,recommendationservice,recommendation-f02-04,online-boutique,node-b,0.3866,31.4204,0,104.6608,0.002342,24.2601,18.392,46.6994,60.6997,88.5726,101.4286,104.4157,0.0999,0.1452,97496.1716,77645.7186,cpu_stress,inventory-service,2026-06-09 14:40:00,2026-06-09 14:55:00,post_fault,0.9125885,1
2026-06-09 14:55:05,1205,EXP_FAULT_02,RUN_02,cpu_stress,1,recommendationservice,recommendation-f02-04,online-boutique,node-b,0.3882,31.6162,0,102.4552,0.001904,24.8339,19.4039,45.9807,59.5298,87.8727,99.3597,102.2602,0.052,0.143,119354.5889,85439.4705,cpu_stress,inventory-service,2026-06-09 14:40:00,2026-06-09 14:55:00,post_fault,1.3961852,1
2026-06-09 14:55:10,1210,EXP_FAULT_02,RUN_02,cpu_stress,1,recommendationservice,recommendation-f02-04,online-boutique,node-b,0.3733,31.6978,0,100.1244,0.002449,24.3775,18.1884,46.9315,53.9111,88.6299,97.1311,99.8792,0.1051,0.1401,102523.2798,80773.9814,cpu_stress,inventory-service,2026-06-09 14:40:00,2026-06-09 14:55:00,post_fault,0.91621554,1
2026-06-09 14:55:15,1215,EXP_FAULT_02,RUN_02,cpu_stress,1,recommendationservice,recommendation-f02-04,online-boutique,node-b,0.3574,31.3216,0,101.7671,0.002958,25.7692,19.057,43.3622,59.9662,100.5281,98.7564,101.4661,0.1319,0.1691,102616.839,105168.5764,cpu_stress,inventory-service,2026-06-09 14:40:00,2026-06-09 14:55:00,post_fault,0.97021085,1
2026-06-09 14:55:20,1220,EXP_FAULT_02,RUN_02,cpu_stress,1,recommendationservice,recommendation-f02-04,online-boutique,node-b,0.3898,31.4908,0,105.39,0.00168,21.2734,14.9602,37.3271,48.8752,76.6409,102.3528,105.213,0.0266,0.1504,123531.3431,107782.438,cpu_stress,inventory-service,2026-06-09 14:40:00,2026-06-09 14:55:00,post_fault,0.094321236,0
2026-06-09 14:55:25,1225,EXP_FAULT_02,RUN_02,cpu_stress,1,recommendationservice,recommendation-f02-04,online-boutique,node-b,0.3754,31.2505,0,101.7639,0.002435,25.3852,17.2891,43.9654,61.6139,93.8898,98.8461,101.5161,0.1126,0.1353,101441.205,101940.7224,cpu_stress,inventory-service,2026-06-09 14:40:00,2026-06-09 14:55:00,post_fault,1.3506765,1
2026-06-09 14:55:30,1230,EXP_FAULT_02,RUN_02,cpu_stress,1,recommendationservice,recommendation-f02-04,online-boutique,node-b,0.3664,31.3815,0,104.2758,0.002411,22.9218,17.7222,38.9447,58.3587,81.5815,101.3152,104.0244,0.0982,0.1531,91664.2831,77500.0355,cpu_stress,inventory-service,2026-06-09 14:40:00,2026-06-09 14:55:00,post_fault,0.21133642,0
2026-06-09 14:55:35,1235,EXP_FAULT_02,RUN_02,cpu_stress,1,recommendationservice,recommendation-f02-04,online-boutique,node-b,0.3694,31.4703,0,101.5563,0.002221,25.4134,17.3665,44.7217,60.0288,96.6411,98.698,101.3307,0.0697,0.1558,100311.9817,80175.87,cpu_stress,inventory-service,2026-06-09 14:40:00,2026-06-09 14:55:00,post_fault,1.185049,1
2026-06-09 14:55:40,1240,EXP_FAULT_02,RUN_02,cpu_stress,1,recommendationservice,recommendation-f02-04,online-boutique,node-b,0.351,30.6713,0,102.3188,0.002786,24.4317,17.743,44.0444,54.3517,85.6626,99.4732,102.0337,0.1539,0.1311,128586.6828,91068.6452,cpu_stress,inventory-service,2026-06-09 14:40:00,2026-06-09 14:55:00,post_fault,0.3656884,0
2026-06-09 14:55:45,1245,EXP_FAULT_02,RUN_02,cpu_stress,1,recommendationservice,recommendation-f02-04,online-boutique,node-b,0.3768,31.5167,0,104.385,0.002646,22.9929,17.9112,41.9882,50.037,85.7678,101.5306,104.1087,0.123,0.1532,109539.3058,95441.0964,cpu_stress,inventory-service,2026-06-09 14:40:00,2026-06-09 14:55:00,post_fault,0.45708123,1
2026-06-09 14:55:50,1250,EXP_FAULT_02,RUN_02,cpu_stress,1,recommendationservice,recommendation-f02-04,online-boutique,node-b,0.3669,31.3616,0,100.6987,0.002318,23.9735,17.8418,41.1055,53.8353,91.9925,98.0051,100.4653,0.1061,0.1273,119052.1833,98098.0252,cpu_stress,inventory-service,2026-06-09 14:40:00,2026-06-09 14:55:00,post_fault,0.6019551,1
2026-06-09 14:55:55,1255,EXP_FAULT_02,RUN_02,cpu_stress,1,recommendationservice,recommendation-f02-04,online-boutique,node-b,0.3645,31.8032,0,105.6497,0.002191,23.4172,16.2639,41.7242,53.4568,74.8112,102.8286,105.4182,0.1046,0.1269,96927.9249,75533.3329,cpu_stress,inventory-service,2026-06-09 14:40:00,2026-06-09 14:55:00,post_fault,0.21147862,0
2026-06-09 14:56:00,1260,EXP_FAULT_02,RUN_02,cpu_stress,1,recommendationservice,recommendation-f02-04,online-boutique,node-b,0.3852,31.0221,0,106.4396,0.001808,26.4339,19.7201,45.1101,65.5824,101.1149,103.673,106.2472,0.044,0.1485,88385.6582,104229.5834,cpu_stress,inventory-service,2026-06-09 14:40:00,2026-06-09 14:55:00,post_fault,1.9666897,1
2026-06-09 14:56:05,1265,EXP_FAULT_02,RUN_02,cpu_stress,1,recommendationservice,recommendation-f02-04,online-boutique,node-b,0.3798,31.1862,0,107.6465,0.001471,24.9241,18.8165,44.054,61.4557,86.3385,104.9067,107.4882,0.0309,0.1274,128367.9995,78643.0792,cpu_stress,inventory-service,2026-06-09 14:40:00,2026-06-09 14:55:00,post_fault,0.870599,1
2026-06-09 14:56:10,1270,EXP_FAULT_02,RUN_02,cpu_stress,1,recommendationservice,recommendation-f02-04,online-boutique,node-b,0.395,30.776,0,106.4523,0.002238,26.2695,18.6244,47.4548,57.7056,86.4855,103.717,106.2141,0.104,0.1342,100810.704,103465.8488,cpu_stress,inventory-service,2026-06-09 14:40:00,2026-06-09 14:55:00,post_fault,2.236132,1
2026-06-09 14:56:15,1275,EXP_FAULT_02,RUN_02,cpu_stress,1,recommendationservice,recommendation-f02-04,online-boutique,node-b,0.3682,31.6973,0,109.795,0.002649,24.4287,18.4361,45.9854,58.5173,79.6006,107.0058,109.5041,0.1367,0.1541,136467.1933,109396.5248,cpu_stress,inventory-service,2026-06-09 14:40:00,2026-06-09 14:55:00,post_fault,0.3418173,0
2026-06-09 14:56:20,1280,EXP_FAULT_02,RUN_02,cpu_stress,1,recommendationservice,recommendation-f02-04,online-boutique,node-b,0.3718,31.5898,0,109.5675,0.002742,24.0852,17.3323,39.5034,59.5919,85.5927,106.8242,109.2671,0.1692,0.1313,106108.7594,79169.5344,cpu_stress,inventory-service,2026-06-09 14:40:00,2026-06-09 14:55:00,post_fault,0.4004046,0
2026-06-09 14:56:25,1285,EXP_FAULT_02,RUN_02,cpu_stress,1,recommendationservice,recommendation-f02-04,online-boutique,node-b,0.3778,31.4425,0,113.0488,0.002558,22.4946,17.7356,41.2094,50.75,81.9636,110.2543,112.7596,0.1333,0.1559,133101.569,82993.3984,cpu_stress,inventory-service,2026-06-09 14:40:00,2026-06-09 14:55:00,post_fault,0.19563241,0
2026-06-09 14:56:30,1290,EXP_FAULT_02,RUN_02,cpu_stress,1,recommendationservice,recommendation-f02-04,online-boutique,node-b,0.3757,31.7806,0,109.3051,0.002476,26.4167,17.8811,49.1639,56.1497,93.1334,106.6463,109.0345,0.1261,0.1445,126731.1438,74319.0403,cpu_stress,inventory-service,2026-06-09 14:40:00,2026-06-09 14:55:00,post_fault,1.208739,1
2026-06-09 14:56:35,1295,EXP_FAULT_02,RUN_02,cpu_stress,1,recommendationservice,recommendation-f02-04,online-boutique,node-b,0.3807,31.2696,0,113.371,0.002641,24.6543,16.9351,43.2617,54.9653,90.0989,110.6352,113.0716,0.1492,0.1502,140502.7482,85438.3867,cpu_stress,inventory-service,2026-06-09 14:40:00,2026-06-09 14:55:00,post_fault,0.4416747,1
2026-06-09 14:56:40,1300,EXP_FAULT_02,RUN_02,cpu_stress,1,recommendationservice,recommendation-f02-04,online-boutique,node-b,0.361,31.4203,0,114.8328,0.001819,25.9672,19.7997,45.8237,62.8371,94.9809,112.1669,114.6238,0.0826,0.1263,119473.2689,84104.4555,cpu_stress,inventory-service,2026-06-09 14:40:00,2026-06-09 14:55:00,post_fault,0.39802513,0
2026-06-09 14:56:45,1305,EXP_FAULT_02,RUN_02,cpu_stress,1,recommendationservice,recommendation-f02-04,online-boutique,node-b,0.4008,31.1541,0,112.6963,0.002625,23.0198,15.5466,42.3549,54.5287,78.3283,110.0668,112.4005,0.1504,0.1454,138544.21,103818.8323,cpu_stress,inventory-service,2026-06-09 14:40:00,2026-06-09 14:55:00,post_fault,0.38604972,0
2026-06-09 14:56:50,1310,EXP_FAULT_02,RUN_02,cpu_stress,1,recommendationservice,recommendation-f02-04,online-boutique,node-b,0.4031,31.1298,0,114.7424,0.002168,23.5736,16.3837,43.285,54.6984,77.4318,112.1272,114.4936,0.1214,0.1274,109879.7725,83599.6408,cpu_stress,inventory-service,2026-06-09 14:40:00,2026-06-09 14:55:00,post_fault,0.44043168,1
2026-06-09 14:56:55,1315,EXP_FAULT_02,RUN_02,cpu_stress,1,recommendationservice,recommendation-f02-04,online-boutique,node-b,0.3753,31.4072,0,114.7564,0.001782,25.1057,17.6862,47.0265,54.94,81.1996,112.1873,114.5519,0.0657,0.1388,145361.6679,84107.8589,cpu_stress,inventory-service,2026-06-09 14:40:00,2026-06-09 14:55:00,post_fault,0.38149658,0
2026-06-09 14:57:00,1320,EXP_FAULT_02,RUN_02,cpu_stress,1,recommendationservice,recommendation-f02-04,online-boutique,node-b,0.3769,30.9236,0,111.9696,0.001689,24.7501,18.863,40.3727,58.8426,88.1217,109.4899,111.7804,0.0723,0.1169,106309.8758,84936.0206,cpu_stress,inventory-service,2026-06-09 14:40:00,2026-06-09 14:55:00,post_fault,0.48764473,1
2026-06-09 14:57:05,1325,EXP_FAULT_02,RUN_02,cpu_stress,1,recommendationservice,recommendation-f02-04,online-boutique,node-b,0.3935,32.0407,0,113.1836,0.001526,26.4661,20.6568,47.6213,59.4037,94.1143,110.7224,113.0108,0.0289,0.1438,123660.6782,116261.2633,cpu_stress,inventory-service,2026-06-09 14:40:00,2026-06-09 14:55:00,post_fault,1.5189711,1
2026-06-09 14:57:10,1330,EXP_FAULT_02,RUN_02,cpu_stress,1,recommendationservice,recommendation-f02-04,online-boutique,node-b,0.3821,31.5736,0,110.6683,0.002559,23.4887,16.5945,38.7662,55.1549,83.2072,108.2056,110.3851,0.171,0.1122,91744.033,74435.3018,cpu_stress,inventory-service,2026-06-09 14:40:00,2026-06-09 14:55:00,post_fault,0.34122562,0
2026-06-09 14:57:15,1335,EXP_FAULT_02,RUN_02,cpu_stress,1,recommendationservice,recommendation-f02-04,online-boutique,node-b,0.3899,31.3225,0,115.1952,0.001351,23.7624,16.265,40.2046,53.9403,86.8197,112.7839,115.0396,0.0458,0.1098,122299.7079,97365.5689,cpu_stress,inventory-service,2026-06-09 14:40:00,2026-06-09 14:55:00,post_fault,0.26683256,0
2026-06-09 14:57:20,1340,EXP_FAULT_02,RUN_02,cpu_stress,1,recommendationservice,recommendation-f02-04,online-boutique,node-b,0.3758,31.7116,0,118.5564,0.002428,24.6255,18.5571,41.1262,52.7905,76.2012,116.0082,118.2686,0.168,0.1199,139924.4709,80582.3573,cpu_stress,inventory-service,2026-06-09 14:40:00,2026-06-09 14:55:00,post_fault,0.16132478,0
2026-06-09 14:57:25,1345,EXP_FAULT_02,RUN_02,cpu_stress,1,recommendationservice,recommendation-f02-04,online-boutique,node-b,0.3862,31.4363,0,112.8963,0.002116,23.3039,16.2566,42.0904,56.1654,78.4113,110.5654,112.6575,0.1175,0.1214,99571.5029,82415.1922,cpu_stress,inventory-service,2026-06-09 14:40:00,2026-06-09 14:55:00,post_fault,0.18612532,0
2026-06-09 14:57:30,1350,EXP_FAULT_02,RUN_02,cpu_stress,1,recommendationservice,recommendation-f02-04,online-boutique,node-b,0.3897,31.4816,0,113.1941,0.00199,24.4698,17.6326,40.8951,53.8713,89.041,110.8811,112.9689,0.0925,0.1327,140909.7248,86077.7306,cpu_stress,inventory-service,2026-06-09 14:40:00,2026-06-09 14:55:00,post_fault,0.51804173,1
2026-06-09 14:57:35,1355,EXP_FAULT_02,RUN_02,cpu_stress,1,recommendationservice,recommendation-f02-04,online-boutique,node-b,0.3722,30.8688,0,115.9054,0.001926,25.4335,19.381,41.3879,57.0004,82.5586,113.5679,115.6823,0.1185,0.1046,141080.7778,108911.2422,cpu_stress,inventory-service,2026-06-09 14:40:00,2026-06-09 14:55:00,post_fault,0.41234025,0
2026-06-09 14:57:40,1360,EXP_FAULT_02,RUN_02,cpu_stress,1,recommendationservice,recommendation-f02-04,online-boutique,node-b,0.3803,31.5675,0,114.946,0.002354,26.0456,18.7108,47.3892,56.7923,86.6483,112.6504,114.6753,0.1524,0.1182,124352.6105,106680.8962,cpu_stress,inventory-service,2026-06-09 14:40:00,2026-06-09 14:55:00,post_fault,0.76903313,1
2026-06-09 14:57:45,1365,EXP_FAULT_02,RUN_02,cpu_stress,1,recommendationservice,recommendation-f02-04,online-boutique,node-b,0.3789,31.7768,0,110.1309,0.001662,23.7971,16.5929,43.0592,52.6135,73.9257,107.9719,109.948,0.0553,0.1277,137482.4407,89143.1213,cpu_stress,inventory-service,2026-06-09 14:40:00,2026-06-09 14:55:00,post_fault,0.27230167,0
2026-06-09 14:57:50,1370,EXP_FAULT_02,RUN_02,cpu_stress,1,recommendationservice,recommendation-f02-04,online-boutique,node-b,0.3548,31.006,0,110.2986,0.002156,22.7312,16.385,41.2191,51.0724,80.8115,108.1625,110.0607,0.1183,0.1195,105950.54,98788.6926,cpu_stress,inventory-service,2026-06-09 14:40:00,2026-06-09 14:55:00,post_fault,0.007704057,0
2026-06-09 14:57:55,1375,EXP_FAULT_02,RUN_02,cpu_stress,1,recommendationservice,recommendation-f02-04,online-boutique,node-b,0.3733,30.6497,0,109.3382,0.001625,23.6129,18.7281,42.6984,51.4663,81.1663,107.2681,109.1606,0.0555,0.1222,110127.6954,72341.9237,cpu_stress,inventory-service,2026-06-09 14:40:00,2026-06-09 14:55:00,post_fault,0.26236388,0
2026-06-09 14:58:00,1380,EXP_FAULT_02,RUN_02,cpu_stress,1,recommendationservice,recommendation-f02-04,online-boutique,node-b,0.3556,32.027,0,109.4234,0.00255,24.0146,18.3235,39.1716,49.3969,79.5426,107.2872,109.1444,0.1617,0.1174,127827.0426,113006.4162,cpu_stress,inventory-service,2026-06-09 14:40:00,2026-06-09 14:55:00,post_fault,0.24640045,0
2026-06-09 14:58:05,1385,EXP_FAULT_02,RUN_02,cpu_stress,1,recommendationservice,recommendation-f02-04,online-boutique,node-b,0.3863,30.867,0,111.3399,0.002582,22.7621,15.83,36.3609,51.3705,67.8252,109.2499,111.0525,0.1772,0.1103,133004.342,112024.3721,cpu_stress,inventory-service,2026-06-09 14:40:00,2026-06-09 14:55:00,post_fault,0.18038145,0
2026-06-09 14:58:10,1390,EXP_FAULT_02,RUN_02,cpu_stress,1,recommendationservice,recommendation-f02-04,online-boutique,node-b,0.3803,31.1709,0,110.3877,0.001513,24.6252,19.5764,44.4354,54.4021,76.8408,108.3896,110.2206,0.0488,0.1182,125865.1982,80371.5125,cpu_stress,inventory-service,2026-06-09 14:40:00,2026-06-09 14:55:00,post_fault,0.5902608,1
2026-06-09 14:58:15,1395,EXP_FAULT_02,RUN_02,cpu_stress,1,recommendationservice,recommendation-f02-04,online-boutique,node-b,0.3739,31.9697,0,109.0853,0.001543,24.547,17.9191,42.4805,57.2388,84.7848,107.1272,108.917,0.0735,0.0949,105150.3793,88499.7068,cpu_stress,inventory-service,2026-06-09 14:40:00,2026-06-09 14:55:00,post_fault,0.46652207,1
2026-06-09 14:58:20,1400,EXP_FAULT_02,RUN_02,cpu_stress,1,recommendationservice,recommendation-f02-04,online-boutique,node-b,0.3932,31.5595,0,108.3442,0.002265,25.4273,20.038,43.2672,54.0057,86.469,106.3528,108.0988,0.1365,0.1089,122787.1395,85453.1105,cpu_stress,inventory-service,2026-06-09 14:40:00,2026-06-09 14:55:00,post_fault,1.340876,1
2026-06-09 14:58:25,1405,EXP_FAULT_02,RUN_02,cpu_stress,1,recommendationservice,recommendation-f02-04,online-boutique,node-b,0.3714,32.356,0,108.9445,0.002204,22.877,17.0616,37.1658,51.2644,68.2516,106.9977,108.7044,0.1211,0.119,97286.0813,78147.2496,cpu_stress,inventory-service,2026-06-09 14:40:00,2026-06-09 14:55:00,post_fault,0.3892186,0
2026-06-09 14:58:30,1410,EXP_FAULT_02,RUN_02,cpu_stress,1,recommendationservice,recommendation-f02-04,online-boutique,node-b,0.3839,31.7695,0,107.9929,0.00137,22.361,17.3913,36.8188,49.6068,70.3959,106.1338,107.845,0.0618,0.0861,118539.5825,96607.916,cpu_stress,inventory-service,2026-06-09 14:40:00,2026-06-09 14:55:00,post_fault,0.1447446,0
2026-06-09 14:58:35,1415,EXP_FAULT_02,RUN_02,cpu_stress,1,recommendationservice,recommendation-f02-04,online-boutique,node-b,0.3764,31.4083,0,108.8419,0.002475,23.4585,18.6419,37.9039,48.5689,82.4703,106.9044,108.5725,0.153,0.1164,122400.3235,88329.4709,cpu_stress,inventory-service,2026-06-09 14:40:00,2026-06-09 14:55:00,post_fault,0.29569173,0
2026-06-09 14:58:40,1420,EXP_FAULT_02,RUN_02,cpu_stress,1,recommendationservice,recommendation-f02-04,online-boutique,node-b,0.3946,31.6964,0,112.4248,0.002442,24.4906,18.5963,43.7663,54.0305,80.8249,110.4721,112.1502,0.153,0.1216,139483.9087,80544.0443,cpu_stress,inventory-service,2026-06-09 14:40:00,2026-06-09 14:55:00,post_fault,0.65556544,1
2026-06-09 14:58:45,1425,EXP_FAULT_02,RUN_02,cpu_stress,1,recommendationservice,recommendation-f02-04,online-boutique,node-b,0.3967,31.2892,0,110.9342,0.001779,25.4739,19.4275,46.3798,52.5515,77.1326,109.0975,110.7369,0.1004,0.097,95248.8139,98813.7096,cpu_stress,inventory-service,2026-06-09 14:40:00,2026-06-09 14:55:00,post_fault,1.3258069,1
2026-06-09 14:58:50,1430,EXP_FAULT_02,RUN_02,cpu_stress,1,recommendationservice,recommendation-f02-04,online-boutique,node-b,0.331,31.7268,0,109.4783,0.001324,23.0893,17.9012,41.9419,48.6491,68.4139,107.6877,109.3334,0.0495,0.0954,126650.6527,97403.2071,cpu_stress,inventory-service,2026-06-09 14:40:00,2026-06-09 14:55:00,post_fault,0.056702487,0
2026-06-09 14:58:55,1435,EXP_FAULT_02,RUN_02,cpu_stress,1,recommendationservice,recommendation-f02-04,online-boutique,node-b,0.3836,31.9859,0,113.5322,0.001261,23.8428,18.7212,41.8347,50.0828,69.3521,111.7019,113.3891,0.0406,0.1025,105022.9657,93184.0633,cpu_stress,inventory-service,2026-06-09 14:40:00,2026-06-09 14:55:00,post_fault,0.22765048,0
2026-06-09 14:59:00,1440,EXP_FAULT_02,RUN_02,cpu_stress,1,recommendationservice,recommendation-f02-04,online-boutique,node-b,0.3793,31.3126,0,111.5389,0.002197,23.6812,16.2104,42.2927,52.7753,80.6966,109.7035,111.2939,0.1633,0.0817,122093.6689,109916.6192,cpu_stress,inventory-service,2026-06-09 14:40:00,2026-06-09 14:55:00,post_fault,0.23492181,0
2026-06-09 14:59:05,1445,EXP_FAULT_02,RUN_02,cpu_stress,1,recommendationservice,recommendation-f02-04,online-boutique,node-b,0.37,31.8779,0,112.4676,0.002417,21.4128,15.9763,34.6187,43.4663,69.3518,110.6711,112.1958,0.1674,0.1043,102772.8069,112603.7416,cpu_stress,inventory-service,2026-06-09 14:40:00,2026-06-09 14:55:00,post_fault,0.3089903,0
2026-06-09 14:59:10,1450,EXP_FAULT_02,RUN_02,cpu_stress,1,recommendationservice,recommendation-f02-04,online-boutique,node-b,0.3964,30.8828,0,115.9724,0.001885,21.8884,17.1162,35.4337,47.3898,70.5389,114.1557,115.7539,0.1276,0.0909,123214.0777,104586.0769,cpu_stress,inventory-service,2026-06-09 14:40:00,2026-06-09 14:55:00,post_fault,0.03259892,0
2026-06-09 14:59:15,1455,EXP_FAULT_02,RUN_02,cpu_stress,1,recommendationservice,recommendation-f02-04,online-boutique,node-b,0.3659,31.6885,0,116.8997,0.001229,24.3757,17.3209,40.7203,48.9177,73.483,115.1116,116.756,0.0473,0.0964,101804.3068,118811.2423,cpu_stress,inventory-service,2026-06-09 14:40:00,2026-06-09 14:55:00,post_fault,0.057963707,0
2026-06-09 14:59:20,1460,EXP_FAULT_02,RUN_02,cpu_stress,1,recommendationservice,recommendation-f02-04,online-boutique,node-b,0.4068,31.9795,0,114.0653,0.002139,24.6525,19.2584,44.5861,56.5465,71.1853,112.2699,113.8213,0.1434,0.1006,141111.9877,76675.9645,cpu_stress,inventory-service,2026-06-09 14:40:00,2026-06-09 14:55:00,post_fault,0.9250849,1
2026-06-09 14:59:25,1465,EXP_FAULT_02,RUN_02,cpu_stress,1,recommendationservice,recommendation-f02-04,online-boutique,node-b,0.367,31.4599,0,116.9965,0.002214,21.5455,16.2929,37.9397,44.5785,71.419,115.2023,116.7375,0.15,0.109,121997.2389,94175.5766,cpu_stress,inventory-service,2026-06-09 14:40:00,2026-06-09 14:55:00,post_fault,0.30669332,0
2026-06-09 14:59:30,1470,EXP_FAULT_02,RUN_02,cpu_stress,1,recommendationservice,recommendation-f02-04,online-boutique,node-b,0.3914,31.2625,0,117.6825,0.002332,23.1819,16.2386,39.5564,51.0801,77.037,115.903,117.408,0.174,0.1004,123933.9288,121160.4871,cpu_stress,inventory-service,2026-06-09 14:40:00,2026-06-09 14:55:00,post_fault,0.11447195,0
2026-06-09 14:59:35,1475,EXP_FAULT_02,RUN_02,cpu_stress,1,recommendationservice,recommendation-f02-04,online-boutique,node-b,0.3708,31.9897,0,121.6025,0.001794,24.5852,17.0102,39.3099,52.2519,75.4909,119.8326,121.3843,0.1376,0.0806,104862.0283,84055.145,cpu_stress,inventory-service,2026-06-09 14:40:00,2026-06-09 14:55:00,post_fault,0.07341982,0
2026-06-09 14:59:40,1480,EXP_FAULT_02,RUN_02,cpu_stress,1,recommendationservice,recommendation-f02-04,online-boutique,node-b,0.3852,30.9915,0,116.3265,0.001281,24.9483,18.9393,40.1525,49.4115,80.1549,114.6806,116.1774,0.0459,0.1031,124155.1007,105161.679,cpu_stress,inventory-service,2026-06-09 14:40:00,2026-06-09 14:55:00,post_fault,0.51121294,1
2026-06-09 14:59:45,1485,EXP_FAULT_02,RUN_02,cpu_stress,1,recommendationservice,recommendation-f02-04,online-boutique,node-b,0.3723,31.8406,0,118.8432,0.001505,23.4418,17.5452,40.1282,53.3975,66.3534,117.1543,118.6644,0.0687,0.1101,98071.8781,103017.3753,cpu_stress,inventory-service,2026-06-09 14:40:00,2026-06-09 14:55:00,post_fault,0.0075741946,0
2026-06-09 14:59:50,1490,EXP_FAULT_02,RUN_02,cpu_stress,1,recommendationservice,recommendation-f02-04,online-boutique,node-b,0.4015,31.5736,0,124.4249,0.00128,25.6961,17.8977,39.8294,57.9158,79.3067,122.7098,124.2656,0.0627,0.0966,140421.1483,102030.3052,cpu_stress,inventory-service,2026-06-09 14:40:00,2026-06-09 14:55:00,post_fault,0.58682907,1
2026-06-09 14:59:55,1495,EXP_FAULT_02,RUN_02,cpu_stress,1,recommendationservice,recommendation-f02-04,online-boutique,node-b,0.3908,31.5533,0,121.7105,0.001682,24.632,19.3116,39.5807,48.9017,74.8489,120.0132,121.5058,0.1138,0.0909,122666.5683,82353.1181,cpu_stress,inventory-service,2026-06-09 14:40:00,2026-06-09 14:55:00,post_fault,0.2034724,0
2026-06-09 15:00:00,1500,EXP_FAULT_02,RUN_02,cpu_stress,1,recommendationservice,recommendation-f02-04,online-boutique,node-b,0.373,31.3643,0,118.4029,0.002029,22.9349,15.9841,37.0787,45.9823,73.9903,116.7495,118.1627,0.1657,0.0746,134054.3974,110863.607,cpu_stress,inventory-service,2026-06-09 14:40:00,2026-06-09 14:55:00,post_fault,0.03510833,0
2026-06-09 15:00:05,1505,EXP_FAULT_02,RUN_02,cpu_stress,1,recommendationservice,recommendation-f02-04,online-boutique,node-b,0.4,31.1454,0,125.0667,0.001666,25.3293,19.7668,43.4474,57.0256,80.2762,123.3884,124.8583,0.1208,0.0876,156847.9008,114336.4184,cpu_stress,inventory-service,2026-06-09 14:40:00,2026-06-09 14:55:00,post_fault,0.42067856,0
2026-06-09 15:00:10,1510,EXP_FAULT_02,RUN_02,cpu_stress,1,recommendationservice,recommendation-f02-04,online-boutique,node-b,0.3873,31.4834,0,123.1046,0.00192,24.2895,17.0012,43.0288,55.037,69.2351,121.4347,122.8683,0.1472,0.0892,146921.2619,81041.8991,cpu_stress,inventory-service,2026-06-09 14:40:00,2026-06-09 14:55:00,post_fault,0.07656647,0
2026-06-09 15:00:15,1515,EXP_FAULT_02,RUN_02,cpu_stress,1,recommendationservice,recommendation-f02-04,online-boutique,node-b,0.3778,31.5526,0,118.7284,0.001634,23.5389,16.6746,37.8846,49.2006,77.2553,117.1865,118.5344,0.1155,0.0784,106783.2845,116444.2167,cpu_stress,inventory-service,2026-06-09 14:40:00,2026-06-09 14:55:00,post_fault,0.01979379,0
2026-06-09 15:00:20,1520,EXP_FAULT_02,RUN_02,cpu_stress,1,recommendationservice,recommendation-f02-04,online-boutique,node-b,0.3816,31.2646,0,119.1035,0.001982,23.2454,17.2554,39.0307,49.8335,70.3957,117.5323,118.8674,0.1657,0.0704,137441.6356,108588.0092,cpu_stress,inventory-service,2026-06-09 14:40:00,2026-06-09 14:55:00,post_fault,0.025884127,0
2026-06-09 15:00:25,1525,EXP_FAULT_02,RUN_02,cpu_stress,1,recommendationservice,recommendation-f02-04,online-boutique,node-b,0.3636,31.7268,0,116.9854,0.001542,21.7877,16.0946,35.9678,48.2285,67.4412,115.499,116.805,0.1093,0.0711,123754.4076,80157.0578,cpu_stress,inventory-service,2026-06-09 14:40:00,2026-06-09 14:55:00,post_fault,0.13603647,0
2026-06-09 15:00:30,1530,EXP_FAULT_02,RUN_02,cpu_stress,1,recommendationservice,recommendation-f02-04,online-boutique,node-b,0.3881,31.6777,0,116.3457,0.001748,23.6135,16.2922,40.3462,52.9903,65.4519,114.8836,116.1423,0.1262,0.0772,134225.9692,101278.0282,cpu_stress,inventory-service,2026-06-09 14:40:00,2026-06-09 14:55:00,post_fault,0.14235914,0
2026-06-09 15:00:35,1535,EXP_FAULT_02,RUN_02,cpu_stress,1,recommendationservice,recommendation-f02-04,online-boutique,node-b,0.3693,31.1817,0,114.655,0.001681,21.993,15.0901,34.2356,47.2816,68.2004,113.1976,114.4623,0.1035,0.0892,135370.5832,100907.2278,cpu_stress,inventory-service,2026-06-09 14:40:00,2026-06-09 14:55:00,post_fault,0.028851364,0
2026-06-09 15:00:40,1540,EXP_FAULT_02,RUN_02,cpu_stress,1,recommendationservice,recommendation-f02-04,online-boutique,node-b,0.3636,31.5036,0,114.4087,0.001757,21.2557,16.5606,33.4647,42.9352,62.1258,113.0122,114.2077,0.1232,0.0779,107663.8537,104192.1928,cpu_stress,inventory-service,2026-06-09 14:40:00,2026-06-09 14:55:00,post_fault,0.16501984,0
2026-06-09 15:00:45,1545,EXP_FAULT_02,RUN_02,cpu_stress,1,recommendationservice,recommendation-f02-04,online-boutique,node-b,0.3784,31.6553,0,114.73,0.001217,22.5236,18.0563,37.0038,49.9596,69.3691,113.365,114.5904,0.0448,0.0948,119990.7493,104823.0424,cpu_stress,inventory-service,2026-06-09 14:40:00,2026-06-09 14:55:00,post_fault,0.021405369,0
2026-06-09 15:00:50,1550,EXP_FAULT_02,RUN_02,cpu_stress,1,recommendationservice,recommendation-f02-04,online-boutique,node-b,0.3709,31.8952,0,116.0855,0.001699,21.0718,15.1781,33.7418,41.4117,69.6436,114.6819,115.8883,0.0991,0.098,120636.9754,108981.6762,cpu_stress,inventory-service,2026-06-09 14:40:00,2026-06-09 14:55:00,post_fault,0.19553716,0
2026-06-09 15:00:55,1555,EXP_FAULT_02,RUN_02,cpu_stress,1,recommendationservice,recommendation-f02-04,online-boutique,node-b,0.3979,31.0394,0,118.2211,0.002016,23.8313,17.3971,37.1702,51.2999,69.8252,116.8153,117.9827,0.1489,0.0894,145509.5531,112456.5294,cpu_stress,inventory-service,2026-06-09 14:40:00,2026-06-09 14:55:00,post_fault,0.28124326,0
2026-06-09 15:01:00,1560,EXP_FAULT_02,RUN_02,cpu_stress,1,recommendationservice,recommendation-f02-04,online-boutique,node-b,0.3712,31.0859,0,112.4805,0.001489,23.234,16.5666,37.8183,46.2368,73.2734,111.1731,112.3129,0.0806,0.0869,97215.986,80034.2588,cpu_stress,inventory-service,2026-06-09 14:40:00,2026-06-09 14:55:00,post_fault,0.061104417,0
2026-06-09 15:01:05,1565,EXP_FAULT_02,RUN_02,cpu_stress,1,recommendationservice,recommendation-f02-04,online-boutique,node-b,0.3712,31.2774,0,112.3098,0.001689,21.7193,16.0192,36.7266,48.9901,62.0689,110.9945,112.1201,0.0966,0.0931,131462.2529,103871.9958,cpu_stress,inventory-service,2026-06-09 14:40:00,2026-06-09 14:55:00,post_fault,0.013627091,0
2026-06-09 15:01:10,1570,EXP_FAULT_02,RUN_02,cpu_stress,1,recommendationservice,recommendation-f02-04,online-boutique,node-b,0.373,31.2553,0,110.7766,0.001367,22.7352,17.6474,37.3225,44.8966,68.0301,109.5381,110.6251,0.0854,0.0661,135945.4889,102326.3167,cpu_stress,inventory-service,2026-06-09 14:40:00,2026-06-09 14:55:00,post_fault,0.0495283,0
2026-06-09 15:01:15,1575,EXP_FAULT_02,RUN_02,cpu_stress,1,recommendationservice,recommendation-f02-04,online-boutique,node-b,0.3779,31.6408,0,112.2804,0.001694,23.1754,17.4135,36.2421,51.2874,67.4714,110.994,112.0902,0.1272,0.063,106881.4512,107105.7168,cpu_stress,inventory-service,2026-06-09 14:40:00,2026-06-09 14:55:00,post_fault,0.08420607,0
2026-06-09 15:01:20,1580,EXP_FAULT_02,RUN_02,cpu_stress,1,recommendationservice,recommendation-f02-04,online-boutique,node-b,0.3913,30.7897,0,113.6462,0.001218,23.2035,16.7727,41.5557,46.4086,75.8057,112.4174,113.5077,0.0562,0.0823,140455.3192,91184.9097,cpu_stress,inventory-service,2026-06-09 14:40:00,2026-06-09 14:55:00,post_fault,0.26121002,0
2026-06-09 15:01:25,1585,EXP_FAULT_02,RUN_02,cpu_stress,1,recommendationservice,recommendation-f02-04,online-boutique,node-b,0.3784,31.204,0,111.4915,0.001668,22.2519,15.637,35.7517,46.5302,69.1979,110.2615,111.3055,0.1007,0.0853,124228.8026,106525.1233,cpu_stress,inventory-service,2026-06-09 14:40:00,2026-06-09 14:55:00,post_fault,0.023234159,0
2026-06-09 15:01:30,1590,EXP_FAULT_02,RUN_02,cpu_stress,1,recommendationservice,recommendation-f02-04,online-boutique,node-b,0.3824,31.9612,0,110.4204,0.001891,23.8248,17.2529,39.6235,48.9273,68.4154,109.2124,110.2116,0.1408,0.068,117002.2971,104164.0316,cpu_stress,inventory-service,2026-06-09 14:40:00,2026-06-09 14:55:00,post_fault,0.32318217,0
2026-06-09 15:01:35,1595,EXP_FAULT_02,RUN_02,cpu_stress,1,recommendationservice,recommendation-f02-04,online-boutique,node-b,0.3603,31.3655,0,112.3008,0.001658,24.6368,18.6819,43.727,52.973,72.9084,111.0702,112.1147,0.1023,0.0839,92793.6779,97841.3627,cpu_stress,inventory-service,2026-06-09 14:40:00,2026-06-09 14:55:00,post_fault,0.17638662,0
2026-06-09 15:01:40,1600,EXP_FAULT_02,RUN_02,cpu_stress,1,recommendationservice,recommendation-f02-04,online-boutique,node-b,0.3989,30.8728,0,110.5442,0.001432,23.2973,16.8957,37.3434,45.9717,74.741,109.3876,110.3859,0.0925,0.0658,117047.4887,84778.1589,cpu_stress,inventory-service,2026-06-09 14:40:00,2026-06-09 14:55:00,post_fault,0.5513512,1
2026-06-09 15:01:45,1605,EXP_FAULT_02,RUN_02,cpu_stress,1,recommendationservice,recommendation-f02-04,online-boutique,node-b,0.3815,31.5006,0,111.2315,0.001477,24.3553,17.7175,42.1686,50.8965,77.3148,110.0765,111.0672,0.0772,0.0871,111850.0611,81506.7786,cpu_stress,inventory-service,2026-06-09 14:40:00,2026-06-09 14:55:00,post_fault,0.44498038,1
2026-06-09 15:01:50,1610,EXP_FAULT_02,RUN_02,cpu_stress,1,recommendationservice,recommendation-f02-04,online-boutique,node-b,0.3844,31.3036,0,108.245,0.001753,22.8443,17.3656,34.9577,46.3726,66.0367,107.1079,108.0552,0.1296,0.0602,120943.8905,103636.5884,cpu_stress,inventory-service,2026-06-09 14:40:00,2026-06-09 14:55:00,post_fault,0.23647062,0
2026-06-09 15:01:55,1615,EXP_FAULT_02,RUN_02,cpu_stress,1,recommendationservice,recommendation-f02-04,online-boutique,node-b,0.3732,32.0318,0,111.8686,0.001484,20.9686,16.3339,33.1805,43.6154,57.6536,110.7293,111.7025,0.0907,0.0754,94880.1015,116085.4301,cpu_stress,inventory-service,2026-06-09 14:40:00,2026-06-09 14:55:00,post_fault,0.06639971,0
2026-06-09 15:02:00,1620,EXP_FAULT_02,RUN_02,cpu_stress,1,recommendationservice,recommendation-f02-04,online-boutique,node-b,0.3646,31.3438,0,108.651,0.001059,23.7263,17.8274,40.2212,52.1309,65.0556,107.5982,108.5359,0.0406,0.0744,128392.0027,79723.5881,cpu_stress,inventory-service,2026-06-09 14:40:00,2026-06-09 14:55:00,post_fault,0.21064134,0
2026-06-09 15:02:05,1625,EXP_FAULT_02,RUN_02,cpu_stress,1,recommendationservice,recommendation-f02-04,online-boutique,node-b,0.3761,31.4241,0,111.1673,0.001531,23.1195,16.5893,39.3983,46.9058,62.9279,110.0804,110.9971,0.1045,0.0657,119905.4185,88223.3093,cpu_stress,inventory-service,2026-06-09 14:40:00,2026-06-09 14:55:00,post_fault,0.09935762,0
2026-06-09 15:02:10,1630,EXP_FAULT_02,RUN_02,cpu_stress,1,recommendationservice,recommendation-f02-04,online-boutique,node-b,0.3615,31.6568,0,110.6929,0.001883,21.7941,16.2982,35.183,45.8811,64.9693,109.6094,110.4845,0.1279,0.0806,141147.2831,106810.8974,cpu_stress,inventory-service,2026-06-09 14:40:00,2026-06-09 14:55:00,post_fault,0.04842336,0
2026-06-09 15:02:15,1635,EXP_FAULT_02,RUN_02,cpu_stress,1,recommendationservice,recommendation-f02-04,online-boutique,node-b,0.3521,31.748,0,109.3362,0.001962,22.4879,17.0477,38.8539,44.1777,65.9479,108.2698,109.1217,0.1408,0.0737,108292.9984,100554.5979,cpu_stress,inventory-service,2026-06-09 14:40:00,2026-06-09 14:55:00,post_fault,0.03180655,0
2026-06-09 15:02:20,1640,EXP_FAULT_02,RUN_02,cpu_stress,1,recommendationservice,recommendation-f02-04,online-boutique,node-b,0.34,31.9409,0,110.7874,0.001948,22.1023,17.7621,36.7079,43.8108,67.4026,109.7303,110.5716,0.1405,0.0753,95104.5049,110442.3108,cpu_stress,inventory-service,2026-06-09 14:40:00,2026-06-09 14:55:00,post_fault,0.1803667,0
2026-06-09 15:02:25,1645,EXP_FAULT_02,RUN_02,cpu_stress,1,recommendationservice,recommendation-f02-04,online-boutique,node-b,0.3721,32.136,0,114.16,0.001867,22.6426,15.959,40.1713,46.4212,64.8134,113.0429,113.9469,0.1469,0.0662,121319.1182,85283.2417,cpu_stress,inventory-service,2026-06-09 14:40:00,2026-06-09 14:55:00,post_fault,0.09363065,0
2026-06-09 15:02:30,1650,EXP_FAULT_02,RUN_02,cpu_stress,1,recommendationservice,recommendation-f02-04,online-boutique,node-b,0.3909,31.0205,0,108.7649,0.001863,23.6426,16.5064,36.0761,51.4668,68.5392,107.7077,108.5622,0.1433,0.0594,98644.7744,103238.8518,cpu_stress,inventory-service,2026-06-09 14:40:00,2026-06-09 14:55:00,post_fault,0.5625807,1
2026-06-09 15:02:35,1655,EXP_FAULT_02,RUN_02,cpu_stress,1,recommendationservice,recommendation-f02-04,online-boutique,node-b,0.3781,31.2694,0,110.7465,0.001686,23.1209,17.7034,40.1546,50.8529,62.8056,109.7226,110.5598,0.1357,0.051,138359.6644,91510.8109,cpu_stress,inventory-service,2026-06-09 14:40:00,2026-06-09 14:55:00,post_fault,0.13883965,0
2026-06-09 15:02:40,1660,EXP_FAULT_02,RUN_02,cpu_stress,1,recommendationservice,recommendation-f02-04,online-boutique,node-b,0.3826,31.9761,0,114.2216,0.002052,23.0923,16.5901,38.0708,50.7855,61.3379,113.1835,113.9872,0.1675,0.0669,142097.4843,114740.2816,cpu_stress,inventory-service,2026-06-09 14:40:00,2026-06-09 14:55:00,post_fault,0.14053032,0
2026-06-09 15:02:45,1665,EXP_FAULT_02,RUN_02,cpu_stress,1,recommendationservice,recommendation-f02-04,online-boutique,node-b,0.3697,31.7751,0,111.4381,0.001074,22.2454,16.7412,33.9116,48.8206,60.9269,110.4736,111.3184,0.059,0.0606,137271.0015,103015.3009,cpu_stress,inventory-service,2026-06-09 14:40:00,2026-06-09 14:55:00,post_fault,0.013524647,0
2026-06-09 15:02:50,1670,EXP_FAULT_02,RUN_02,cpu_stress,1,recommendationservice,recommendation-f02-04,online-boutique,node-b,0.3786,31.6618,0,113.6245,0.001617,21.0647,15.7775,35.3977,43.4299,63.6722,112.6201,113.4408,0.1249,0.0588,136817.413,79409.8329,cpu_stress,inventory-service,2026-06-09 14:40:00,2026-06-09 14:55:00,post_fault,0.049435053,0
2026-06-09 15:02:55,1675,EXP_FAULT_02,RUN_02,cpu_stress,1,recommendationservice,recommendation-f02-04,online-boutique,node-b,0.3715,31.8352,0,111.8673,0.001444,22.6906,16.962,40.174,47.3377,66.4313,110.9063,111.7058,0.0965,0.065,123137.1167,116329.7921,cpu_stress,inventory-service,2026-06-09 14:40:00,2026-06-09 14:55:00,post_fault,0.019735405,0
2026-06-09 15:03:00,1680,EXP_FAULT_02,RUN_02,cpu_stress,1,recommendationservice,recommendation-f02-04,online-boutique,node-b,0.3826,31.038,0,112.6317,0.00093,23.3381,16.8902,40.2098,45.7166,65.4719,111.7029,112.527,0.0496,0.0552,117242.9006,104057.6493,cpu_stress,inventory-service,2026-06-09 14:40:00,2026-06-09 14:55:00,post_fault,0.21238908,0
2026-06-09 15:03:05,1685,EXP_FAULT_02,RUN_02,cpu_stress,1,recommendationservice,recommendation-f02-04,online-boutique,node-b,0.3949,31.5607,0,111.1662,0.000932,21.0803,15.5601,32.6521,46.4194,66.8306,110.2544,111.0626,0.0355,0.0681,113570.4461,93154.7682,cpu_stress,inventory-service,2026-06-09 14:40:00,2026-06-09 14:55:00,post_fault,0.028329706,0
2026-06-09 15:03:10,1690,EXP_FAULT_02,RUN_02,cpu_stress,1,recommendationservice,recommendation-f02-04,online-boutique,node-b,0.3819,31.3006,0,111.994,0.001809,22.3975,16.4047,35.5803,48.5951,60.6334,111.0115,111.7914,0.1393,0.0633,142773.127,115555.0576,cpu_stress,inventory-service,2026-06-09 14:40:00,2026-06-09 14:55:00,post_fault,0.043695323,0
2026-06-09 15:03:15,1695,EXP_FAULT_02,RUN_02,cpu_stress,1,recommendationservice,recommendation-f02-04,online-boutique,node-b,0.3747,32.2955,0,110.2752,0.0018,20.91,15.5697,36.2403,43.2854,58.272,109.3458,110.0767,0.1399,0.0586,103339.9235,98441.1725,cpu_stress,inventory-service,2026-06-09 14:40:00,2026-06-09 14:55:00,post_fault,0.20735542,0
2026-06-09 15:03:20,1700,EXP_FAULT_02,RUN_02,cpu_stress,1,recommendationservice,recommendation-f02-04,online-boutique,node-b,0.3791,31.1953,0,110.3344,0.001519,22.8802,17.2103,35.1918,49.5951,61.7093,109.4207,110.1667,0.1153,0.0523,104142.7025,112750.5916,cpu_stress,inventory-service,2026-06-09 14:40:00,2026-06-09 14:55:00,post_fault,0.12743017,0
2026-06-09 15:03:25,1705,EXP_FAULT_02,RUN_02,cpu_stress,1,recommendationservice,recommendation-f02-04,online-boutique,node-b,0.3612,31.6758,0,110.9815,0.001006,23.9008,18.8057,36.8496,51.8569,72.2752,110.1266,110.8698,0.0715,0.0403,126156.1783,112242.0676,cpu_stress,inventory-service,2026-06-09 14:40:00,2026-06-09 14:55:00,post_fault,0.12136023,0
2026-06-09 15:03:30,1710,EXP_FAULT_02,RUN_02,cpu_stress,1,recommendationservice,recommendation-f02-04,online-boutique,node-b,0.3663,31.5775,0,109.0831,0.001132,20.3908,16.0817,33.1896,44.6596,56.3116,108.231,108.9596,0.0859,0.0375,132616.3547,86929.5508,cpu_stress,inventory-service,2026-06-09 14:40:00,2026-06-09 14:55:00,post_fault,0.08132917,0
2026-06-09 15:03:35,1715,EXP_FAULT_02,RUN_02,cpu_stress,1,recommendationservice,recommendation-f02-04,online-boutique,node-b,0.3697,31.5157,0,109.8502,0.001939,24.4687,19.348,37.929,47.0193,74.2195,108.9932,109.6372,0.1499,0.0631,102446.839,96258.633,cpu_stress,inventory-service,2026-06-09 14:40:00,2026-06-09 14:55:00,post_fault,0.3196156,0
2026-06-09 15:03:40,1720,EXP_FAULT_02,RUN_02,cpu_stress,1,recommendationservice,recommendation-f02-04,online-boutique,node-b,0.3881,31.2513,0,106.0132,0.00132,24.1236,17.3835,39.7856,46.5154,68.5142,105.2089,105.8733,0.0762,0.0638,126033.1858,86052.8928,cpu_stress,inventory-service,2026-06-09 14:40:00,2026-06-09 14:55:00,post_fault,0.8716407,1
2026-06-09 15:03:45,1725,EXP_FAULT_02,RUN_02,cpu_stress,1,recommendationservice,recommendation-f02-04,online-boutique,node-b,0.3625,31.0968,0,104.2363,0.001645,22.7581,16.7403,39.2315,48.7163,68.4019,103.4494,104.0649,0.1174,0.054,93315.9278,76170.6854,cpu_stress,inventory-service,2026-06-09 14:40:00,2026-06-09 14:55:00,post_fault,0.14044723,0
2026-06-09 15:03:50,1730,EXP_FAULT_02,RUN_02,cpu_stress,1,recommendationservice,recommendation-f02-04,online-boutique,node-b,0.3612,32.2145,0,99.9199,0.002015,21.1729,16.1717,35.3636,42.4124,64.5266,99.164,99.7185,0.1428,0.0585,108374.0603,103040.5191,cpu_stress,inventory-service,2026-06-09 14:40:00,2026-06-09 14:55:00,post_fault,0.2759192,0
2026-06-09 15:03:55,1735,EXP_FAULT_02,RUN_02,cpu_stress,1,recommendationservice,recommendation-f02-04,online-boutique,node-b,0.384,31.7826,0,104.5065,0.002016,22.3139,17.3398,37.366,45.5788,61.3224,103.6777,104.2958,0.161,0.0497,103204.1548,101510.3617,cpu_stress,inventory-service,2026-06-09 14:40:00,2026-06-09 14:55:00,post_fault,0.25280845,0
2026-06-09 15:04:00,1740,EXP_FAULT_02,RUN_02,cpu_stress,1,recommendationservice,recommendation-f02-04,online-boutique,node-b,0.389,31.0849,0,102.7376,0.000965,23.1573,17.9477,34.913,45.1146,64.9167,102.0037,102.6385,0.0461,0.053,121483.711,100708.545,cpu_stress,inventory-service,2026-06-09 14:40:00,2026-06-09 14:55:00,post_fault,0.7750347,1
2026-06-09 15:04:05,1745,EXP_FAULT_02,RUN_02,cpu_stress,1,recommendationservice,recommendation-f02-04,online-boutique,node-b,0.3532,31.7286,0,102.3054,0.000639,23.3716,17.3946,35.794,50.7435,61.391,101.6009,102.24,0.0266,0.0388,85320.1714,75130.5174,cpu_stress,inventory-service,2026-06-09 14:40:00,2026-06-09 14:55:00,post_fault,0.29807526,0
2026-06-09 15:04:10,1750,EXP_FAULT_02,RUN_02,cpu_stress,1,recommendationservice,recommendation-f02-04,online-boutique,node-b,0.3796,31.4385,0,97.7007,0.001279,22.3571,16.9148,37.5335,42.1541,65.8543,96.9962,97.5757,0.0727,0.0523,98436.8906,81300.4093,cpu_stress,inventory-service,2026-06-09 14:40:00,2026-06-09 14:55:00,post_fault,0.59730864,1
2026-06-09 15:04:15,1755,EXP_FAULT_02,RUN_02,cpu_stress,1,recommendationservice,recommendation-f02-04,online-boutique,node-b,0.3855,31.797,0,99.4346,0.001688,21.4405,15.6073,37.5542,44.6347,63.3027,98.7157,99.2667,0.1244,0.0435,102076.7975,78490.1522,cpu_stress,inventory-service,2026-06-09 14:40:00,2026-06-09 14:55:00,post_fault,0.2981018,0
2026-06-09 15:04:20,1760,EXP_FAULT_02,RUN_02,cpu_stress,1,recommendationservice,recommendation-f02-04,online-boutique,node-b,0.3968,32.0047,0,95.6755,0.001952,23.0446,17.2581,38.7796,43.5418,70.3167,94.9738,95.4888,0.1361,0.0506,116418.1947,97956.9689,cpu_stress,inventory-service,2026-06-09 14:40:00,2026-06-09 14:55:00,post_fault,1.382892,1
2026-06-09 15:04:25,1765,EXP_FAULT_02,RUN_02,cpu_stress,1,recommendationservice,recommendation-f02-04,online-boutique,node-b,0.3521,32.2114,0,96.9553,0.001207,22.2324,16.2701,34.2895,46.2865,69.2118,96.2594,96.8383,0.0743,0.0427,104342.936,82843.744,cpu_stress,inventory-service,2026-06-09 14:40:00,2026-06-09 14:55:00,post_fault,0.280113,0
2026-06-09 15:04:30,1770,EXP_FAULT_02,RUN_02,cpu_stress,1,recommendationservice,recommendation-f02-04,online-boutique,node-b,0.3805,32.355,0,94.7884,0.001094,23.5804,17.6356,37.987,47.0394,70.3958,94.1084,94.6846,0.0646,0.0391,120768.2518,75340.7332,cpu_stress,inventory-service,2026-06-09 14:40:00,2026-06-09 14:55:00,post_fault,1.4805379,1
2026-06-09 15:04:35,1775,EXP_FAULT_02,RUN_02,cpu_stress,1,recommendationservice,recommendation-f02-04,online-boutique,node-b,0.3798,31.925,0,99.7063,0.002051,23.0704,18.1576,34.8818,49.1124,61.2397,98.9577,99.5019,0.1467,0.0577,116636.2961,81740.4152,cpu_stress,inventory-service,2026-06-09 14:40:00,2026-06-09 14:55:00,post_fault,0.6628221,1
2026-06-09 15:04:40,1780,EXP_FAULT_02,RUN_02,cpu_stress,1,recommendationservice,recommendation-f02-04,online-boutique,node-b,0.3602,31.6423,0,96.2182,0.001305,20.6054,14.8261,31.8747,44.1119,60.5457,95.5201,96.0926,0.066,0.0595,117544.9144,68658.6311,cpu_stress,inventory-service,2026-06-09 14:40:00,2026-06-09 14:55:00,post_fault,0.06288509,0
2026-06-09 15:04:45,1785,EXP_FAULT_02,RUN_02,cpu_stress,1,recommendationservice,recommendation-f02-04,online-boutique,node-b,0.3653,31.3981,0,97.7228,0.001317,21.387,17.0135,36.7411,44.6318,66.6798,97.0147,97.5941,0.0877,0.041,92105.5925,80112.0192,cpu_stress,inventory-service,2026-06-09 14:40:00,2026-06-09 14:55:00,post_fault,0.16954276,0
2026-06-09 15:04:50,1790,EXP_FAULT_02,RUN_02,cpu_stress,1,recommendationservice,recommendation-f02-04,online-boutique,node-b,0.3581,30.7964,0,96.5411,0.001156,21.6735,15.6488,37.2923,47.149,66.8203,95.8477,96.4295,0.0622,0.0494,106498.1332,89846.8817,cpu_stress,inventory-service,2026-06-09 14:40:00,2026-06-09 14:55:00,post_fault,0.22170174,0
2026-06-09 15:04:55,1795,EXP_FAULT_02,RUN_02,cpu_stress,1,recommendationservice,recommendation-f02-04,online-boutique,node-b,0.3618,31.9819,0,96.062,0.000869,21.4022,17.0526,35.4693,44.5832,59.4402,95.4079,95.9785,0.0484,0.0351,117064.9266,88766.2923,cpu_stress,inventory-service,2026-06-09 14:40:00,2026-06-09 14:55:00,post_fault,0.25367743,0
2026-06-09 15:10:00,0,EXP_FAULT_03,RUN_03,memory_stress,1,recommendationservice,recommendation-f03-04,online-boutique,node-b,0.3692,30.7879,0,115.3108,0.001133,21.5866,17.2356,32.7692,40.1979,56.4714,115.2533,115.1802,0.1039,0.0268,143991.9995,93986.5638,memory_stress,checkoutservice,2026-06-09 15:15:00,2026-06-09 15:30:00,pre_fault,0.052964605,0
2026-06-09 15:10:05,5,EXP_FAULT_03,RUN_03,memory_stress,1,recommendationservice,recommendation-f03-04,online-boutique,node-b,0.3814,30.5741,0,116.8148,0.001044,22.9787,16.1806,34.8577,44.8328,65.3236,116.7416,116.6928,0.1027,0.0193,140265.7058,112684.5863,memory_stress,checkoutservice,2026-06-09 15:15:00,2026-06-09 15:30:00,pre_fault,0.052320577,0
2026-06-09 15:10:10,10,EXP_FAULT_03,RUN_03,memory_stress,1,recommendationservice,recommendation-f03-04,online-boutique,node-b,0.3858,31.2723,0,115.756,0.001471,21.669,16.6061,34.7489,44.3935,57.8887,115.6754,115.5857,0.1333,0.037,133740.503,88355.9838,memory_stress,checkoutservice,2026-06-09 15:15:00,2026-06-09 15:30:00,pre_fault,0.0090981275,0
2026-06-09 15:10:15,15,EXP_FAULT_03,RUN_03,memory_stress,1,recommendationservice,recommendation-f03-04,online-boutique,node-b,0.3692,31.3811,0,117.031,0.001615,20.9039,15.4458,32.134,37.1902,50.3438,116.8902,116.842,0.1603,0.0286,123899.1862,76711.2603,memory_stress,checkoutservice,2026-06-09 15:15:00,2026-06-09 15:30:00,pre_fault,0.25104505,0
2026-06-09 15:10:20,20,EXP_FAULT_03,RUN_03,memory_stress,1,recommendationservice,recommendation-f03-04,online-boutique,node-b,0.3668,31.9491,0,110.6686,0.001855,21.0194,15.6734,33.5301,41.1764,55.5164,110.5299,110.4633,0.1751,0.0302,103120.6418,80340.0286,memory_stress,checkoutservice,2026-06-09 15:15:00,2026-06-09 15:30:00,pre_fault,0.13760707,0
2026-06-09 15:10:25,25,EXP_FAULT_03,RUN_03,memory_stress,1,recommendationservice,recommendation-f03-04,online-boutique,node-b,0.3708,30.9795,0,116.356,0.000352,22.3641,18.06,32.8376,43.9688,55.3581,116.3266,116.315,0.0396,0.0014,136639.2734,83433.2937,memory_stress,checkoutservice,2026-06-09 15:15:00,2026-06-09 15:30:00,pre_fault,0.020941366,0
2026-06-09 15:10:30,30,EXP_FAULT_03,RUN_03,memory_stress,1,recommendationservice,recommendation-f03-04,online-boutique,node-b,0.3781,31.0382,0,116.015,0.00073,20.546,15.8689,30.3005,41.4383,54.4302,115.9812,115.9302,0.0741,0.0107,113448.2273,88693.3444,memory_stress,checkoutservice,2026-06-09 15:15:00,2026-06-09 15:30:00,pre_fault,0.1359718,0
2026-06-09 15:10:35,35,EXP_FAULT_03,RUN_03,memory_stress,1,recommendationservice,recommendation-f03-04,online-boutique,node-b,0.3819,31.3587,0,116.4796,0.00104,21.3664,17.4336,35.3019,43.1444,54.0474,116.4188,116.3584,0.0894,0.0317,125231.0898,105481.5789,memory_stress,checkoutservice,2026-06-09 15:15:00,2026-06-09 15:30:00,pre_fault,0.03511524,0
2026-06-09 15:10:40,40,EXP_FAULT_03,RUN_03,memory_stress,1,recommendationservice,recommendation-f03-04,online-boutique,node-b,0.389,30.7718,0,114.4294,0.000913,22.1043,17.1719,32.0965,39.0153,61.8434,114.3806,114.3249,0.0668,0.0377,124480.5044,95609.6596,memory_stress,checkoutservice,2026-06-09 15:15:00,2026-06-09 15:30:00,pre_fault,0.05215303,0
2026-06-09 15:10:45,45,EXP_FAULT_03,RUN_03,memory_stress,1,recommendationservice,recommendation-f03-04,online-boutique,node-b,0.3951,31.6076,0,116.2969,0.001592,21.1324,16.1069,33.1846,36.9854,50.1624,116.1997,116.1118,0.181,0.0041,132657.9868,102990.3369,memory_stress,checkoutservice,2026-06-09 15:15:00,2026-06-09 15:30:00,pre_fault,0.012735777,0
2026-06-09 15:10:50,50,EXP_FAULT_03,RUN_03,memory_stress,1,recommendationservice,recommendation-f03-04,online-boutique,node-b,0.3728,31.5372,0,111.6029,0.001781,20.8107,15.7087,31.1589,41.9507,52.5312,111.5198,111.4042,0.1647,0.034,135338.8128,104864.3238,memory_stress,checkoutservice,2026-06-09 15:15:00,2026-06-09 15:30:00,pre_fault,0.09414346,0
2026-06-09 15:10:55,55,EXP_FAULT_03,RUN_03,memory_stress,1,recommendationservice,recommendation-f03-04,online-boutique,node-b,0.3807,31.0533,0,113.2046,0.001656,21.5155,16.2593,32.894,42.329,60.3406,113.0728,113.0172,0.1735,0.014,114584.6642,86158.3205,memory_stress,checkoutservice,2026-06-09 15:15:00,2026-06-09 15:30:00,pre_fault,0.0072225705,0
2026-06-09 15:11:00,60,EXP_FAULT_03,RUN_03,memory_stress,1,recommendationservice,recommendation-f03-04,online-boutique,node-b,0.3814,31.034,0,111.8571,0.000661,21.1899,16.4095,32.5917,43.1755,51.8266,111.8233,111.7832,0.0686,0.0054,102821.061,106362.987,memory_stress,checkoutservice,2026-06-09 15:15:00,2026-06-09 15:30:00,pre_fault,0.013220312,0
2026-06-09 15:11:05,65,EXP_FAULT_03,RUN_03,memory_stress,1,recommendationservice,recommendation-f03-04,online-boutique,node-b,0.3718,30.6293,0,110.8454,0.000888,21.8287,17.2126,33.8242,39.5526,56.8109,110.7784,110.7469,0.0947,0.0037,110067.3962,89423.0196,memory_stress,checkoutservice,2026-06-09 15:15:00,2026-06-09 15:30:00,pre_fault,0.0066705593,0
2026-06-09 15:11:10,70,EXP_FAULT_03,RUN_03,memory_stress,1,recommendationservice,recommendation-f03-04,online-boutique,node-b,0.3579,30.6959,0,106.4041,0.001095,20.7705,16.1417,33.6052,39.4435,54.0436,106.3513,106.2876,0.101,0.0155,102762.184,74103.5174,memory_stress,checkoutservice,2026-06-09 15:15:00,2026-06-09 15:30:00,pre_fault,0.026334498,0
2026-06-09 15:11:15,75,EXP_FAULT_03,RUN_03,memory_stress,1,recommendationservice,recommendation-f03-04,online-boutique,node-b,0.3979,30.3482,0,113.174,0.001743,22.8831,16.0813,33.6899,42.4785,59.5604,113.0997,112.9768,0.1789,0.0183,93290.2133,82359.4095,memory_stress,checkoutservice,2026-06-09 15:15:00,2026-06-09 15:30:00,pre_fault,0.31393105,0
2026-06-09 15:11:20,80,EXP_FAULT_03,RUN_03,memory_stress,1,recommendationservice,recommendation-f03-04,online-boutique,node-b,0.407,31.4005,0,105.3595,0.001605,23.7051,16.6098,38.4848,48.4573,61.3347,105.2331,105.1904,0.142,0.0271,102355.8672,98154.1967,memory_stress,checkoutservice,2026-06-09 15:15:00,2026-06-09 15:30:00,pre_fault,1.2223396,1
2026-06-09 15:11:25,85,EXP_FAULT_03,RUN_03,memory_stress,1,recommendationservice,recommendation-f03-04,online-boutique,node-b,0.3492,31.2164,0,105.9517,0.001659,22.7079,16.1092,33.9089,43.7602,63.1529,105.8681,105.7759,0.1594,0.0163,121071.7366,106774.3171,memory_stress,checkoutservice,2026-06-09 15:15:00,2026-06-09 15:30:00,pre_fault,0.025109544,0
2026-06-09 15:11:30,90,EXP_FAULT_03,RUN_03,memory_stress,1,recommendationservice,recommendation-f03-04,online-boutique,node-b,0.3742,31.1225,0,104.0443,0.001297,24.0614,18.5716,40.3525,42.9041,58.2922,103.9731,103.9094,0.1012,0.0337,90266.3758,76760.2711,memory_stress,checkoutservice,2026-06-09 15:15:00,2026-06-09 15:30:00,pre_fault,0.66057634,1
2026-06-09 15:11:35,95,EXP_FAULT_03,RUN_03,memory_stress,1,recommendationservice,recommendation-f03-04,online-boutique,node-b,0.3826,30.3942,0,105.0419,0.000372,22.7296,18.0615,38.4858,42.3609,61.5258,105.0222,105.0029,0.0334,0.0056,104363.9713,99447.2447,memory_stress,checkoutservice,2026-06-09 15:15:00,2026-06-09 15:30:00,pre_fault,0.4028019,0
2026-06-09 15:11:40,100,EXP_FAULT_03,RUN_03,memory_stress,1,recommendationservice,recommendation-f03-04,online-boutique,node-b,0.3753,31.1394,0,105.2672,0.001391,22.1464,16.2152,34.7813,41.4442,59.654,105.1717,105.1208,0.122,0.0244,118968.183,81211.2166,memory_stress,checkoutservice,2026-06-09 15:15:00,2026-06-09 15:30:00,pre_fault,0.1288467,0
2026-06-09 15:11:45,105,EXP_FAULT_03,RUN_03,memory_stress,1,recommendationservice,recommendation-f03-04,online-boutique,node-b,0.3803,31.0826,0,106.1001,0.001497,23.2857,18.7803,34.5349,45.7397,56.6072,106.0414,105.9413,0.1229,0.0359,116493.7698,86810.3292,memory_stress,checkoutservice,2026-06-09 15:15:00,2026-06-09 15:30:00,pre_fault,0.40344256,0
2026-06-09 15:11:50,110,EXP_FAULT_03,RUN_03,memory_stress,1,recommendationservice,recommendation-f03-04,online-boutique,node-b,0.373,31.1334,0,103.7161,0.001772,20.7683,16.8175,30.3226,38.0523,52.7367,103.6468,103.5323,0.1487,0.0351,101861.2678,76773.084,memory_stress,checkoutservice,2026-06-09 15:15:00,2026-06-09 15:30:00,pre_fault,0.010200902,0
2026-06-09 15:11:55,115,EXP_FAULT_03,RUN_03,memory_stress,1,recommendationservice,recommendation-f03-04,online-boutique,node-b,0.3519,31.4969,0,105.8276,0.000554,20.881,15.9429,30.8641,41.0887,49.5466,105.8015,105.769,0.0448,0.0138,108161.8632,97623.0863,memory_stress,checkoutservice,2026-06-09 15:15:00,2026-06-09 15:30:00,pre_fault,0.025002057,0
2026-06-09 15:12:00,120,EXP_FAULT_03,RUN_03,memory_stress,1,recommendationservice,recommendation-f03-04,online-boutique,node-b,0.3746,31.3294,0,104.2372,0.001142,21.3094,15.4784,36.0024,37.4778,59.9177,104.1504,104.1182,0.1171,0.002,118945.4496,93685.4328,memory_stress,checkoutservice,2026-06-09 15:15:00,2026-06-09 15:30:00,pre_fault,0.059358962,0
2026-06-09 15:12:05,125,EXP_FAULT_03,RUN_03,memory_stress,1,recommendationservice,recommendation-f03-04,online-boutique,node-b,0.3709,31.0936,0,107.9849,0.000772,22.1829,15.7029,34.7102,42.6389,59.8699,107.9285,107.9015,0.0478,0.0356,126188.1717,110027.0304,memory_stress,checkoutservice,2026-06-09 15:15:00,2026-06-09 15:30:00,pre_fault,0.06459626,0
2026-06-09 15:12:10,130,EXP_FAULT_03,RUN_03,memory_stress,1,recommendationservice,recommendation-f03-04,online-boutique,node-b,0.388,31.203,0,103.2263,0.000986,20.6932,16.8368,32.7608,38.6654,53.8693,103.1556,103.1245,0.0842,0.0176,116497.1684,78806.0752,memory_stress,checkoutservice,2026-06-09 15:15:00,2026-06-09 15:30:00,pre_fault,0.10223919,0
2026-06-09 15:12:15,135,EXP_FAULT_03,RUN_03,memory_stress,1,recommendationservice,recommendation-f03-04,online-boutique,node-b,0.37,31.2737,0,103.9652,0.000634,21.5035,16.6495,33.8086,43.8003,60.7559,103.9356,103.8992,0.0651,0.0008,109567.6455,82270.2675,memory_stress,checkoutservice,2026-06-09 15:15:00,2026-06-09 15:30:00,pre_fault,0.07428091,0
2026-06-09 15:12:20,140,EXP_FAULT_03,RUN_03,memory_stress,1,recommendationservice,recommendation-f03-04,online-boutique,node-b,0.3894,31.5294,0,106.2108,0.000863,22.1378,15.9858,35.8588,38.812,56.5963,106.1537,106.1192,0.0855,0.0062,132320.8355,101506.5247,memory_stress,checkoutservice,2026-06-09 15:15:00,2026-06-09 15:30:00,pre_fault,0.25667453,0
2026-06-09 15:12:25,145,EXP_FAULT_03,RUN_03,memory_stress,1,recommendationservice,recommendation-f03-04,online-boutique,node-b,0.3743,30.9273,0,105.2479,0.001074,21.2898,17.01,33.5371,37.6543,54.8178,105.2,105.1349,0.0792,0.0338,95380.2255,98024.635,memory_stress,checkoutservice,2026-06-09 15:15:00,2026-06-09 15:30:00,pre_fault,0.04076879,0
2026-06-09 15:12:30,150,EXP_FAULT_03,RUN_03,memory_stress,1,recommendationservice,recommendation-f03-04,online-boutique,node-b,0.3604,31.8047,0,104.7449,0.000472,22.1462,17.2583,34.6769,39.966,57.9086,104.7134,104.6955,0.0463,0.0031,106446.2637,68494.5823,memory_stress,checkoutservice,2026-06-09 15:15:00,2026-06-09 15:30:00,pre_fault,0.08449391,0
2026-06-09 15:12:35,155,EXP_FAULT_03,RUN_03,memory_stress,1,recommendationservice,recommendation-f03-04,online-boutique,node-b,0.3696,31.1009,0,107.0048,0.00122,21.7309,15.7332,36.7079,44.4001,52.5797,106.9151,106.8742,0.1202,0.0103,125652.3216,95950.6873,memory_stress,checkoutservice,2026-06-09 15:15:00,2026-06-09 15:30:00,pre_fault,0.022944266,0
2026-06-09 15:12:40,160,EXP_FAULT_03,RUN_03,memory_stress,1,recommendationservice,recommendation-f03-04,online-boutique,node-b,0.3945,31.3722,0,105.6526,0.000718,21.4526,15.5263,32.9661,42.1761,58.2374,105.6062,105.5768,0.0474,0.0285,91626.5991,71544.0126,memory_stress,checkoutservice,2026-06-09 15:15:00,2026-06-09 15:30:00,pre_fault,0.2054489,0
2026-06-09 15:12:45,165,EXP_FAULT_03,RUN_03,memory_stress,1,recommendationservice,recommendation-f03-04,online-boutique,node-b,0.3588,30.5168,0,103.6245,0.000674,21.888,16.8966,32.2283,39.8552,54.6921,103.588,103.5547,0.0601,0.0098,98148.1143,94180.0037,memory_stress,checkoutservice,2026-06-09 15:15:00,2026-06-09 15:30:00,pre_fault,0.071815476,0
2026-06-09 15:12:50,170,EXP_FAULT_03,RUN_03,memory_stress,1,recommendationservice,recommendation-f03-04,online-boutique,node-b,0.3868,31.0625,0,107.8355,0.000528,22.5998,17.7352,37.9956,43.2661,58.6782,107.8009,107.7786,0.049,0.0079,133256.4747,86038.2741,memory_stress,checkoutservice,2026-06-09 15:15:00,2026-06-09 15:30:00,pre_fault,0.2886397,0
2026-06-09 15:12:55,175,EXP_FAULT_03,RUN_03,memory_stress,1,recommendationservice,recommendation-f03-04,online-boutique,node-b,0.3803,31.5829,0,108.9956,0.000915,20.9158,16.0758,34.6946,38.0051,54.9891,108.9253,108.8959,0.0898,0.0099,96939.3407,106673.2265,memory_stress,checkoutservice,2026-06-09 15:15:00,2026-06-09 15:30:00,pre_fault,0.0063101696,0
2026-06-09 15:13:00,180,EXP_FAULT_03,RUN_03,memory_stress,1,recommendationservice,recommendation-f03-04,online-boutique,node-b,0.3564,30.8536,0,110.4695,0.001499,22.7157,17.2395,33.1347,40.9379,63.8317,110.3765,110.3038,0.1625,0.0032,137507.9777,110714.3984,memory_stress,checkoutservice,2026-06-09 15:15:00,2026-06-09 15:30:00,pre_fault,0.0053257896,0
2026-06-09 15:13:05,185,EXP_FAULT_03,RUN_03,memory_stress,1,recommendationservice,recommendation-f03-04,online-boutique,node-b,0.3752,31.268,0,108.2395,0.001028,22.7536,16.4612,35.4358,46.5091,64.4892,108.1791,108.1283,0.1061,0.0052,121775.0928,87417.934,memory_stress,checkoutservice,2026-06-09 15:15:00,2026-06-09 15:30:00,pre_fault,0.14826787,0
2026-06-09 15:13:10,190,EXP_FAULT_03,RUN_03,memory_stress,1,recommendationservice,recommendation-f03-04,online-boutique,node-b,0.3878,30.2643,0,109.8834,0.000784,22.6089,16.2524,34.5176,44.6846,54.4231,109.8205,109.7972,0.0694,0.0168,90336.5607,95412.9584,memory_stress,checkoutservice,2026-06-09 15:15:00,2026-06-09 15:30:00,pre_fault,0.2768562,0
2026-06-09 15:13:15,195,EXP_FAULT_03,RUN_03,memory_stress,1,recommendationservice,recommendation-f03-04,online-boutique,node-b,0.3737,30.4645,0,107.8241,0.001544,22.5048,17.9792,37.6441,41.2974,59.5224,107.719,107.6576,0.138,0.0285,95950.411,71344.5899,memory_stress,checkoutservice,2026-06-09 15:15:00,2026-06-09 15:30:00,pre_fault,0.11805327,0
2026-06-09 15:13:20,200,EXP_FAULT_03,RUN_03,memory_stress,1,recommendationservice,recommendation-f03-04,online-boutique,node-b,0.3819,30.8992,0,105.6071,0.000735,21.6431,17.3226,31.8194,40.2641,52.9198,105.5574,105.5294,0.0747,0.003,88754.6136,72818.1282,memory_stress,checkoutservice,2026-06-09 15:15:00,2026-06-09 15:30:00,pre_fault,0.14000332,0
2026-06-09 15:13:25,205,EXP_FAULT_03,RUN_03,memory_stress,1,recommendationservice,recommendation-f03-04,online-boutique,node-b,0.3638,31.0649,0,108.0508,0.001311,22.1898,17.9241,34.4787,45.2688,52.2795,107.983,107.9091,0.1156,0.0261,103353.4541,85778.3196,memory_stress,checkoutservice,2026-06-09 15:15:00,2026-06-09 15:30:00,pre_fault,0.018168053,0
2026-06-09 15:13:30,210,EXP_FAULT_03,RUN_03,memory_stress,1,recommendationservice,recommendation-f03-04,online-boutique,node-b,0.3812,31.709,0,105.7921,0.001243,21.3086,15.0908,31.9949,39.2067,52.6116,105.73,105.6606,0.1181,0.0134,130804.2301,90781.821,memory_stress,checkoutservice,2026-06-09 15:15:00,2026-06-09 15:30:00,pre_fault,0.06503313,0
2026-06-09 15:13:35,215,EXP_FAULT_03,RUN_03,memory_stress,1,recommendationservice,recommendation-f03-04,online-boutique,node-b,0.3712,31.1546,0,107.2978,0.001223,18.7629,13.6864,30.148,38.2249,50.9863,107.2451,107.1665,0.0979,0.0333,95602.6367,72074.3514,memory_stress,checkoutservice,2026-06-09 15:15:00,2026-06-09 15:30:00,pre_fault,0.2390538,0
2026-06-09 15:13:40,220,EXP_FAULT_03,RUN_03,memory_stress,1,recommendationservice,recommendation-f03-04,online-boutique,node-b,0.3502,31.0769,0,103.6633,0.001745,23.5781,17.9362,36.9144,44.1783,62.0759,103.5724,103.4824,0.1654,0.0155,85345.0421,98279.1766,memory_stress,checkoutservice,2026-06-09 15:15:00,2026-06-09 15:30:00,pre_fault,0.18643814,0
2026-06-09 15:13:45,225,EXP_FAULT_03,RUN_03,memory_stress,1,recommendationservice,recommendation-f03-04,online-boutique,node-b,0.3649,30.3827,0,107.28,0.001808,22.0404,17.6924,34.3947,38.8583,55.3194,107.1664,107.086,0.1619,0.0321,117980.4918,76042.0578,memory_stress,checkoutservice,2026-06-09 15:15:00,2026-06-09 15:30:00,pre_fault,0.02874051,0
2026-06-09 15:13:50,230,EXP_FAULT_03,RUN_03,memory_stress,1,recommendationservice,recommendation-f03-04,online-boutique,node-b,0.3715,31.2349,0,104.6092,0.001313,19.32,13.7825,31.1058,37.4448,50.3253,104.5159,104.4719,0.111,0.0263,110745.2362,77797.1116,memory_stress,checkoutservice,2026-06-09 15:15:00,2026-06-09 15:30:00,pre_fault,0.07555506,0
2026-06-09 15:13:55,235,EXP_FAULT_03,RUN_03,memory_stress,1,recommendationservice,recommendation-f03-04,online-boutique,node-b,0.3915,31.0723,0,105.0092,0.000516,19.0529,15.4266,31.1214,35.9477,51.4435,104.9816,104.955,0.0383,0.0159,102299.9453,74227.4482,memory_stress,checkoutservice,2026-06-09 15:15:00,2026-06-09 15:30:00,pre_fault,0.08771,0
2026-06-09 15:14:00,240,EXP_FAULT_03,RUN_03,memory_stress,1,recommendationservice,recommendation-f03-04,online-boutique,node-b,0.4049,31.5638,0,104.1239,0.001115,21.3527,16.5444,34.6221,41.166,58.6967,104.038,104.0079,0.1151,0.001,109432.8944,73240.9807,memory_stress,checkoutservice,2026-06-09 15:15:00,2026-06-09 15:30:00,pre_fault,0.36513942,0
2026-06-09 15:14:05,245,EXP_FAULT_03,RUN_03,memory_stress,1,recommendationservice,recommendation-f03-04,online-boutique,node-b,0.3924,31.5623,0,101.5171,0.000484,21.6579,17.11,35.9277,40.504,54.1861,101.4905,101.468,0.0456,0.0035,102010.0524,103209.1001,memory_stress,checkoutservice,2026-06-09 15:15:00,2026-06-09 15:30:00,pre_fault,0.44674763,1
2026-06-09 15:14:10,250,EXP_FAULT_03,RUN_03,memory_stress,1,recommendationservice,recommendation-f03-04,online-boutique,node-b,0.3805,31.1738,0,100.9134,0.001019,22.356,18.0246,37.0461,43.2239,58.8443,100.8395,100.8106,0.0954,0.0074,93225.0291,66640.595,memory_stress,checkoutservice,2026-06-09 15:15:00,2026-06-09 15:30:00,pre_fault,0.4519863,1
2026-06-09 15:14:15,255,EXP_FAULT_03,RUN_03,memory_stress,1,recommendationservice,recommendation-f03-04,online-boutique,node-b,0.3767,31.7011,0,100.187,0.001125,21.619,16.5876,33.5052,41.7299,60.0845,100.1457,100.0743,0.106,0.0067,103342.2142,79829.297,memory_stress,checkoutservice,2026-06-09 15:15:00,2026-06-09 15:30:00,pre_fault,0.23951013,0
2026-06-09 15:14:20,260,EXP_FAULT_03,RUN_03,memory_stress,1,recommendationservice,recommendation-f03-04,online-boutique,node-b,0.3737,31.4627,0,99.8865,0.001393,21.0094,14.7956,32.0425,39.5506,54.9126,99.7937,99.7474,0.126,0.0131,126570.0528,99658.0227,memory_stress,checkoutservice,2026-06-09 15:15:00,2026-06-09 15:30:00,pre_fault,0.10458444,0
2026-06-09 15:14:25,265,EXP_FAULT_03,RUN_03,memory_stress,1,recommendationservice,recommendation-f03-04,online-boutique,node-b,0.3921,30.9545,0,101.2414,0.001661,19.8515,14.4227,31.8152,38.2253,51.9982,101.1343,101.0732,0.1609,0.0072,88653.0233,104933.9492,memory_stress,checkoutservice,2026-06-09 15:15:00,2026-06-09 15:30:00,pre_fault,0.06607934,0
2026-06-09 15:14:30,270,EXP_FAULT_03,RUN_03,memory_stress,1,recommendationservice,recommendation-f03-04,online-boutique,node-b,0.3743,31.2248,0,99.1461,0.001117,20.4781,14.6795,32.7255,38.464,49.3657,99.0888,99.0353,0.1039,0.0069,113928.9847,101356.9649,memory_stress,checkoutservice,2026-06-09 15:15:00,2026-06-09 15:30:00,pre_fault,0.080557,0
2026-06-09 15:14:35,275,EXP_FAULT_03,RUN_03,memory_stress,1,recommendationservice,recommendation-f03-04,online-boutique,node-b,0.3612,31.3072,0,99.6398,0.000776,20.9007,16.0695,33.5887,41.9978,55.6651,99.5946,99.5626,0.0662,0.0111,117678.3583,73620.4393,memory_stress,checkoutservice,2026-06-09 15:15:00,2026-06-09 15:30:00,pre_fault,0.04938171,0
2026-06-09 15:14:40,280,EXP_FAULT_03,RUN_03,memory_stress,1,recommendationservice,recommendation-f03-04,online-boutique,node-b,0.3652,31.1098,0,98.2417,0.001532,23.6071,16.7787,34.7124,46.002,64.9435,98.1622,98.0911,0.1306,0.0199,93565.814,74502.0424,memory_stress,checkoutservice,2026-06-09 15:15:00,2026-06-09 15:30:00,pre_fault,0.7161559,1
2026-06-09 15:14:45,285,EXP_FAULT_03,RUN_03,memory_stress,1,recommendationservice,recommendation-f03-04,online-boutique,node-b,0.3866,30.7045,0,100.4735,0.001115,21.4693,15.4083,35.2476,39.3835,60.2582,100.4069,100.3615,0.0984,0.0136,107060.9429,72898.8896,memory_stress,checkoutservice,2026-06-09 15:15:00,2026-06-09 15:30:00,pre_fault,0.33939043,0
2026-06-09 15:14:50,290,EXP_FAULT_03,RUN_03,memory_stress,1,recommendationservice,recommendation-f03-04,online-boutique,node-b,0.3808,30.9861,0,99.1476,0.001517,20.8894,15.1051,32.7438,40.1359,55.5232,99.0653,98.9972,0.1287,0.0217,97852.9887,97328.2974,memory_stress,checkoutservice,2026-06-09 15:15:00,2026-06-09 15:30:00,pre_fault,0.16944194,0
2026-06-09 15:14:55,295,EXP_FAULT_03,RUN_03,memory_stress,1,recommendationservice,recommendation-f03-04,online-boutique,node-b,0.3587,30.8765,0,96.8504,0.000553,22.6865,17.7195,36.943,42.4778,62.9786,96.8192,96.7968,0.0321,0.0214,101553.4281,74305.6836,memory_stress,checkoutservice,2026-06-09 15:15:00,2026-06-09 15:30:00,pre_fault,0.50315803,1
2026-06-09 15:15:00,300,EXP_FAULT_03,RUN_03,memory_stress,1,recommendationservice,recommendation-f03-04,online-boutique,node-b,0.3575,30.4115,0,98.1503,0.004056,28.5148,19.6956,55.5418,72.5968,128.6008,92.7012,97.7523,0.1382,0.2598,114452.4061,101014.5028,memory_stress,checkoutservice,2026-06-09 15:15:00,2026-06-09 15:30:00,during_fault,3.1659908,1
2026-06-09 15:15:05,305,EXP_FAULT_03,RUN_03,memory_stress,1,recommendationservice,recommendation-f03-04,online-boutique,node-b,0.3896,30.6845,0,98.5781,0.00373,27.5647,19.1391,50.3958,73.2098,112.2751,93.11,98.2104,0.1066,0.2611,83558.5808,64865.0994,memory_stress,checkoutservice,2026-06-09 15:15:00,2026-06-09 15:30:00,during_fault,3.8967934,1
2026-06-09 15:15:10,310,EXP_FAULT_03,RUN_03,memory_stress,1,recommendationservice,recommendation-f03-04,online-boutique,node-b,0.3573,31.1225,0,98.0324,0.004059,28.5503,19.9602,51.2229,82.985,125.3478,92.5977,97.6345,0.1552,0.2427,122086.6104,83740.3322,memory_stress,checkoutservice,2026-06-09 15:15:00,2026-06-09 15:30:00,during_fault,3.088028,1
2026-06-09 15:15:15,315,EXP_FAULT_03,RUN_03,memory_stress,1,recommendationservice,recommendation-f03-04,online-boutique,node-b,0.3677,31.616,0,98.681,0.002932,27.0118,20.3089,53.8253,72.8678,120.923,93.3377,98.3917,0.0367,0.2526,104856.1776,94367.0221,memory_stress,checkoutservice,2026-06-09 15:15:00,2026-06-09 15:30:00,during_fault,2.2777338,1
2026-06-09 15:15:20,320,EXP_FAULT_03,RUN_03,memory_stress,1,recommendationservice,recommendation-f03-04,online-boutique,node-b,0.3671,31.3107,0,98.2022,0.002843,29.1018,19.2105,54.9037,73.1671,112.8687,92.9647,97.9229,0.0341,0.2451,102524.1415,88270.9315,memory_stress,checkoutservice,2026-06-09 15:15:00,2026-06-09 15:30:00,during_fault,4.052149,1
2026-06-09 15:15:25,325,EXP_FAULT_03,RUN_03,memory_stress,1,recommendationservice,recommendation-f03-04,online-boutique,node-b,0.3557,31.4176,0,98.3593,0.003405,28.0912,18.4592,58.1366,75.5753,124.288,93.1587,98.0244,0.0913,0.2436,85744.8235,88844.2682,memory_stress,checkoutservice,2026-06-09 15:15:00,2026-06-09 15:30:00,during_fault,2.5484612,1
2026-06-09 15:15:30,330,EXP_FAULT_03,RUN_03,memory_stress,1,recommendationservice,recommendation-f03-04,online-boutique,node-b,0.3593,31.3062,0,98.2394,0.00327,27.8853,20.5268,57.5391,71.0299,108.5813,93.1715,97.9181,0.0688,0.2525,92582.1416,67411.5089,memory_stress,checkoutservice,2026-06-09 15:15:00,2026-06-09 15:30:00,during_fault,2.592522,1
2026-06-09 15:15:35,335,EXP_FAULT_03,RUN_03,memory_stress,1,recommendationservice,recommendation-f03-04,online-boutique,node-b,0.3927,31.2399,0,96.1608,0.003673,27.0484,19.195,49.7248,71.9043,106.9705,91.2995,95.8076,0.104,0.2492,99534.8692,94643.1312,memory_stress,checkoutservice,2026-06-09 15:15:00,2026-06-09 15:30:00,during_fault,3.9566357,1
2026-06-09 15:15:40,340,EXP_FAULT_03,RUN_03,memory_stress,1,recommendationservice,recommendation-f03-04,online-boutique,node-b,0.3906,31.4633,0,97.2483,0.003814,27.1265,19.532,54.5488,73.4367,121.034,92.4405,96.8774,0.1527,0.2183,107317.1994,99536.0951,memory_stress,checkoutservice,2026-06-09 15:15:00,2026-06-09 15:30:00,during_fault,3.8226542,1
2026-06-09 15:15:45,345,EXP_FAULT_03,RUN_03,memory_stress,1,recommendationservice,recommendation-f03-04,online-boutique,node-b,0.3886,30.3541,0,99.0895,0.002585,26.1061,18.5284,49.216,67.226,103.5705,94.3919,98.8333,0.0342,0.222,95924.5059,81182.1927,memory_stress,checkoutservice,2026-06-09 15:15:00,2026-06-09 15:30:00,during_fault,2.7684972,1
2026-06-09 15:15:50,350,EXP_FAULT_03,RUN_03,memory_stress,1,recommendationservice,recommendation-f03-04,online-boutique,node-b,0.3682,30.9594,0,97.3129,0.002597,23.9914,17.9521,44.7342,66.2352,105.2921,92.8428,97.0602,0.05,0.2028,115817.9903,77509.407,memory_stress,checkoutservice,2026-06-09 15:15:00,2026-06-09 15:30:00,during_fault,0.8651908,1
2026-06-09 15:15:55,355,EXP_FAULT_03,RUN_03,memory_stress,1,recommendationservice,recommendation-f03-04,online-boutique,node-b,0.364,31.3879,0,98.5246,0.003546,26.7765,19.7961,50.1467,74.3599,99.45,94.11,98.1753,0.1432,0.2062,119794.304,82307.8195,memory_stress,checkoutservice,2026-06-09 15:15:00,2026-06-09 15:30:00,during_fault,2.078467,1
2026-06-09 15:16:00,360,EXP_FAULT_03,RUN_03,memory_stress,1,recommendationservice,recommendation-f03-04,online-boutique,node-b,0.3618,31.4425,0,101.1061,0.003705,26.4285,20.2924,45.7067,63.4741,101.5319,96.7333,100.7315,0.1533,0.2213,85447.5622,85162.3023,memory_stress,checkoutservice,2026-06-09 15:15:00,2026-06-09 15:30:00,during_fault,1.6528002,1
2026-06-09 15:16:05,365,EXP_FAULT_03,RUN_03,memory_stress,1,recommendationservice,recommendation-f03-04,online-boutique,node-b,0.3757,31.0774,0,102.545,0.002757,26.3917,19.8189,45.2485,67.8563,101.3824,98.2929,102.2623,0.0886,0.1941,111477.4065,88226.9418,memory_stress,checkoutservice,2026-06-09 15:15:00,2026-06-09 15:30:00,during_fault,1.8849099,1
2026-06-09 15:16:10,370,EXP_FAULT_03,RUN_03,memory_stress,1,recommendationservice,recommendation-f03-04,online-boutique,node-b,0.3889,31.7629,0,100.0276,0.002662,26.4154,17.9605,47.4041,66.3189,98.0264,96.0536,99.7614,0.0587,0.2076,109489.335,86720.2168,memory_stress,checkoutservice,2026-06-09 15:15:00,2026-06-09 15:30:00,during_fault,2.655229,1
2026-06-09 15:16:15,375,EXP_FAULT_03,RUN_03,memory_stress,1,recommendationservice,recommendation-f03-04,online-boutique,node-b,0.3607,30.8818,0,100.5821,0.002791,25.3665,18.1789,47.4553,65.6327,94.7587,96.7362,100.3013,0.0942,0.1866,121863.4802,73014.9977,memory_stress,checkoutservice,2026-06-09 15:15:00,2026-06-09 15:30:00,during_fault,1.0104694,1
2026-06-09 15:16:20,380,EXP_FAULT_03,RUN_03,memory_stress,1,recommendationservice,recommendation-f03-04,online-boutique,node-b,0.3575,30.9274,0,102.5761,0.003304,26.6115,20.2659,49.0404,65.4817,95.1023,98.812,102.2372,0.1396,0.1993,119269.5127,84980.4903,memory_stress,checkoutservice,2026-06-09 15:15:00,2026-06-09 15:30:00,during_fault,1.3496253,1
2026-06-09 15:16:25,385,EXP_FAULT_03,RUN_03,memory_stress,1,recommendationservice,recommendation-f03-04,online-boutique,node-b,0.3667,31.7281,0,100.226,0.002785,24.9016,17.2513,47.4241,61.2095,91.2246,96.6955,99.9468,0.1037,0.1755,119972.4073,83014.6427,memory_stress,checkoutservice,2026-06-09 15:15:00,2026-06-09 15:30:00,during_fault,0.99370956,1
2026-06-09 15:16:30,390,EXP_FAULT_03,RUN_03,memory_stress,1,recommendationservice,recommendation-f03-04,online-boutique,node-b,0.3809,30.788,0,103.2703,0.002265,23.9827,18.577,41.1225,62.4809,95.2607,99.7843,103.0364,0.0716,0.1623,86667.4785,102688.3806,memory_stress,checkoutservice,2026-06-09 15:15:00,2026-06-09 15:30:00,during_fault,0.80990714,1
2026-06-09 15:16:35,395,EXP_FAULT_03,RUN_03,memory_stress,1,recommendationservice,recommendation-f03-04,online-boutique,node-b,0.3925,30.5873,0,103.1525,0.002606,25.0954,19.0645,43.8916,60.3783,99.351,99.8003,102.8837,0.087,0.1818,89317.7992,68226.1482,memory_stress,checkoutservice,2026-06-09 15:15:00,2026-06-09 15:30:00,during_fault,1.7367465,1
2026-06-09 15:16:40,400,EXP_FAULT_03,RUN_03,memory_stress,1,recommendationservice,recommendation-f03-04,online-boutique,node-b,0.386,30.9107,0,100.7675,0.002438,26.0213,19.1062,46.258,64.7677,96.2464,97.5955,100.5218,0.0817,0.164,109692.3361,100710.5155,memory_stress,checkoutservice,2026-06-09 15:15:00,2026-06-09 15:30:00,during_fault,2.2953985,1
2026-06-09 15:16:45,405,EXP_FAULT_03,RUN_03,memory_stress,1,recommendationservice,recommendation-f03-04,online-boutique,node-b,0.3748,31.2051,0,99.703,0.003176,25.2776,16.9372,43.3371,59.9024,97.15,96.5993,99.3863,0.147,0.1697,106858.2188,72977.9431,memory_stress,checkoutservice,2026-06-09 15:15:00,2026-06-09 15:30:00,during_fault,1.5311471,1
2026-06-09 15:16:50,410,EXP_FAULT_03,RUN_03,memory_stress,1,recommendationservice,recommendation-f03-04,online-boutique,node-b,0.3845,31.2336,0,103.2868,0.002593,25.2935,18.8796,42.2513,61.1187,94.6237,100.2417,103.0189,0.1314,0.1365,86155.5961,69259.1063,memory_stress,checkoutservice,2026-06-09 15:15:00,2026-06-09 15:30:00,during_fault,1.4726647,1
2026-06-09 15:16:55,415,EXP_FAULT_03,RUN_03,memory_stress,1,recommendationservice,recommendation-f03-04,online-boutique,node-b,0.3856,31.609,0,99.37,0.00219,26.568,20.7345,45.5947,64.3129,90.3202,96.5075,99.1524,0.086,0.1316,95517.5404,67003.3621,memory_stress,checkoutservice,2026-06-09 15:15:00,2026-06-09 15:30:00,during_fault,2.7166991,1
2026-06-09 15:17:00,420,EXP_FAULT_03,RUN_03,memory_stress,1,recommendationservice,recommendation-f03-04,online-boutique,node-b,0.3338,31.4161,0,103.2514,0.00277,24.9569,19.5238,43.7639,60.61,90.4737,100.2768,102.9653,0.1383,0.1477,98220.8461,103839.0571,memory_stress,checkoutservice,2026-06-09 15:15:00,2026-06-09 15:30:00,during_fault,0.25787157,0
2026-06-09 15:17:05,425,EXP_FAULT_03,RUN_03,memory_stress,1,recommendationservice,recommendation-f03-04,online-boutique,node-b,0.3577,31.2768,0,103.0734,0.002274,26.7431,20.4168,47.0421,65.1516,93.2023,100.157,102.839,0.081,0.1534,86487.3457,97117.5224,memory_stress,checkoutservice,2026-06-09 15:15:00,2026-06-09 15:30:00,during_fault,1.4093612,1
2026-06-09 15:17:10,430,EXP_FAULT_03,RUN_03,memory_stress,1,recommendationservice,recommendation-f03-04,online-boutique,node-b,0.3926,31.034,0,101.7758,0.002327,24.8625,19.4726,43.3269,58.9231,88.1442,98.9085,101.539,0.104,0.1328,114271.7874,95458.8916,memory_stress,checkoutservice,2026-06-09 15:15:00,2026-06-09 15:30:00,during_fault,1.6921546,1
2026-06-09 15:17:15,435,EXP_FAULT_03,RUN_03,memory_stress,1,recommendationservice,recommendation-f03-04,online-boutique,node-b,0.3674,31.464,0,100.022,0.001791,26.2763,18.0026,43.344,57.9341,100.6614,97.2333,99.8429,0.0469,0.1322,87937.4118,97126.4346,memory_stress,checkoutservice,2026-06-09 15:15:00,2026-06-09 15:30:00,during_fault,1.8154755,1
2026-06-09 15:17:20,440,EXP_FAULT_03,RUN_03,memory_stress,1,recommendationservice,recommendation-f03-04,online-boutique,node-b,0.3348,31.0711,0,101.1492,0.002468,24.1302,17.2436,45.5158,57.7372,91.3149,98.2736,100.8995,0.1071,0.1426,98306.5574,75744.3593,memory_stress,checkoutservice,2026-06-09 15:15:00,2026-06-09 15:30:00,during_fault,0.1963487,0
2026-06-09 15:17:25,445,EXP_FAULT_03,RUN_03,memory_stress,1,recommendationservice,recommendation-f03-04,online-boutique,node-b,0.3725,31.2875,0,100.2404,0.001621,22.6507,17.6617,40.4002,55.2578,87.3305,97.3802,100.0779,0.0265,0.136,90510.2436,72789.1339,memory_stress,checkoutservice,2026-06-09 15:15:00,2026-06-09 15:30:00,during_fault,0.39463884,0
2026-06-09 15:17:30,450,EXP_FAULT_03,RUN_03,memory_stress,1,recommendationservice,recommendation-f03-04,online-boutique,node-b,0.3675,30.6537,0,103.4676,0.00201,23.523,17.0709,41.4015,56.3984,90.3998,100.4292,103.2596,0.0604,0.1475,104374.4746,95194.5542,memory_stress,checkoutservice,2026-06-09 15:15:00,2026-06-09 15:30:00,during_fault,0.39127722,0
2026-06-09 15:17:35,455,EXP_FAULT_03,RUN_03,memory_stress,1,recommendationservice,recommendation-f03-04,online-boutique,node-b,0.3875,31.498,0,100.8199,0.002653,26.0768,19.6703,47.451,62.6846,90.7143,97.7593,100.5524,0.1113,0.1562,97247.6366,98500.5901,memory_stress,checkoutservice,2026-06-09 15:15:00,2026-06-09 15:30:00,during_fault,2.294461,1
2026-06-09 15:17:40,460,EXP_FAULT_03,RUN_03,memory_stress,1,recommendationservice,recommendation-f03-04,online-boutique,node-b,0.3607,31.3566,0,104.0399,0.002592,25.7579,17.9606,48.4023,58.2742,93.2988,100.7637,103.7702,0.1209,0.1488,101133.2256,86768.9231,memory_stress,checkoutservice,2026-06-09 15:15:00,2026-06-09 15:30:00,during_fault,0.89563715,1
2026-06-09 15:17:45,465,EXP_FAULT_03,RUN_03,memory_stress,1,recommendationservice,recommendation-f03-04,online-boutique,node-b,0.3562,31.7299,0,98.2968,0.002743,26.4338,18.1132,51.3074,60.8986,90.0344,95.1029,98.0272,0.1022,0.1674,105855.7833,84931.0206,memory_stress,checkoutservice,2026-06-09 15:15:00,2026-06-09 15:30:00,during_fault,1.6135261,1
2026-06-09 15:17:50,470,EXP_FAULT_03,RUN_03,memory_stress,1,recommendationservice,recommendation-f03-04,online-boutique,node-b,0.3724,30.9103,0,100.0668,0.003122,24.1652,16.1276,42.3053,60.1654,82.4229,96.6435,99.7544,0.1437,0.1687,106334.0705,78500.9665,memory_stress,checkoutservice,2026-06-09 15:15:00,2026-06-09 15:30:00,during_fault,0.92716026,1
2026-06-09 15:17:55,475,EXP_FAULT_03,RUN_03,memory_stress,1,recommendationservice,recommendation-f03-04,online-boutique,node-b,0.363,31.7075,0,98.4862,0.003122,23.9795,18.4177,43.2372,61.6018,81.9532,94.9927,98.1786,0.1484,0.1591,124747.0386,79834.0159,memory_stress,checkoutservice,2026-06-09 15:15:00,2026-06-09 15:30:00,during_fault,0.8830921,1
2026-06-09 15:18:00,480,EXP_FAULT_03,RUN_03,memory_stress,1,recommendationservice,recommendation-f03-04,online-boutique,node-b,0.3528,30.8548,0,96.8632,0.002991,25.216,17.7602,42.9681,66.9121,87.1206,93.3192,96.5735,0.1233,0.1664,106430.4174,91912.3556,memory_stress,checkoutservice,2026-06-09 15:15:00,2026-06-09 15:30:00,during_fault,1.0059766,1
2026-06-09 15:18:05,485,EXP_FAULT_03,RUN_03,memory_stress,1,recommendationservice,recommendation-f03-04,online-boutique,node-b,0.3619,31.1327,0,99.4763,0.002478,27.963,21.0219,52.604,68.0458,103.9479,95.7046,99.2298,0.0546,0.192,94613.2839,102552.4859,memory_stress,checkoutservice,2026-06-09 15:15:00,2026-06-09 15:30:00,during_fault,2.7303042,1
2026-06-09 15:18:10,490,EXP_FAULT_03,RUN_03,memory_stress,1,recommendationservice,recommendation-f03-04,online-boutique,node-b,0.3809,30.8854,0,98.2032,0.002879,26.0771,18.6971,48.8897,62.0341,103.1516,94.3055,97.9205,0.0872,0.1956,121346.4278,78398.6102,memory_stress,checkoutservice,2026-06-09 15:15:00,2026-06-09 15:30:00,during_fault,2.3826387,1
2026-06-09 15:18:15,495,EXP_FAULT_03,RUN_03,memory_stress,1,recommendationservice,recommendation-f03-04,online-boutique,node-b,0.3781,31.5739,0,101.138,0.00327,26.2377,18.4555,47.1761,69.5685,106.8016,96.924,100.8073,0.1095,0.2212,105973.5159,95629.8516,memory_stress,checkoutservice,2026-06-09 15:15:00,2026-06-09 15:30:00,during_fault,2.0505822,1
2026-06-09 15:18:20,500,EXP_FAULT_03,RUN_03,memory_stress,1,recommendationservice,recommendation-f03-04,online-boutique,node-b,0.3812,31.1305,0,94.4213,0.003584,22.9112,15.0773,44.4717,62.4442,83.0224,90.3251,94.083,0.1472,0.1912,102030.4328,78487.1788,memory_stress,checkoutservice,2026-06-09 15:15:00,2026-06-09 15:30:00,during_fault,1.3971415,1
2026-06-09 15:18:25,505,EXP_FAULT_03,RUN_03,memory_stress,1,recommendationservice,recommendation-f03-04,online-boutique,node-b,0.3677,31.4733,0,102.4285,0.003097,25.8744,17.0663,51.3805,67.742,102.115,97.8604,102.1113,0.1024,0.2148,88040.0864,75640.9638,memory_stress,checkoutservice,2026-06-09 15:15:00,2026-06-09 15:30:00,during_fault,1.3086821,1
2026-06-09 15:18:30,510,EXP_FAULT_03,RUN_03,memory_stress,1,recommendationservice,recommendation-f03-04,online-boutique,node-b,0.3828,31.473,0,103.9473,0.003558,25.4946,17.6649,44.6033,71.2114,96.4506,99.146,103.5774,0.147,0.2229,86163.8808,69019.032,memory_stress,checkoutservice,2026-06-09 15:15:00,2026-06-09 15:30:00,during_fault,1.6943266,1
2026-06-09 15:18:35,515,EXP_FAULT_03,RUN_03,memory_stress,1,recommendationservice,recommendation-f03-04,online-boutique,node-b,0.3969,31.0133,0,100.2583,0.00282,28.6358,20.8363,57.301,72.0656,110.8766,95.4944,99.9756,0.0646,0.2181,118834.9828,66536.7236,memory_stress,checkoutservice,2026-06-09 15:15:00,2026-06-09 15:30:00,during_fault,5.121203,1
2026-06-09 15:18:40,520,EXP_FAULT_03,RUN_03,memory_stress,1,recommendationservice,recommendation-f03-04,online-boutique,node-b,0.3654,31.1596,0,103.3883,0.003087,25.3297,16.5468,51.5123,71.2353,103.0835,98.3269,103.0692,0.076,0.2431,91473.6945,91472.2886,memory_stress,checkoutservice,2026-06-09 15:15:00,2026-06-09 15:30:00,during_fault,0.94205695,1
2026-06-09 15:18:45,525,EXP_FAULT_03,RUN_03,memory_stress,1,recommendationservice,recommendation-f03-04,online-boutique,node-b,0.3782,30.7155,0,103.3606,0.002636,29.4729,22.3323,59.5179,74.6809,118.0691,98.1852,103.0882,0.0376,0.2348,85606.9715,97801.4374,memory_stress,checkoutservice,2026-06-09 15:15:00,2026-06-09 15:30:00,during_fault,4.442221,1
2026-06-09 15:18:50,530,EXP_FAULT_03,RUN_03,memory_stress,1,recommendationservice,recommendation-f03-04,online-boutique,node-b,0.3591,30.5514,0,105.8624,0.003896,30.4546,22.0743,60.4151,80.7735,128.0737,100.3615,105.45,0.152,0.2604,135174.9354,103267.8351,memory_stress,checkoutservice,2026-06-09 15:15:00,2026-06-09 15:30:00,during_fault,3.8071778,1
2026-06-09 15:18:55,535,EXP_FAULT_03,RUN_03,memory_stress,1,recommendationservice,recommendation-f03-04,online-boutique,node-b,0.384,31.091,0,104.3878,0.003077,26.6447,20.0753,48.1954,70.2199,123.2198,98.8939,104.0666,0.0628,0.2584,131135.0546,68538.4135,memory_stress,checkoutservice,2026-06-09 15:15:00,2026-06-09 15:30:00,during_fault,2.1616948,1
2026-06-09 15:19:00,540,EXP_FAULT_03,RUN_03,memory_stress,1,recommendationservice,recommendation-f03-04,online-boutique,node-b,0.3851,30.7612,0,104.2134,0.003052,27.3211,20.0673,52.1068,68.9095,125.8877,98.657,103.8953,0.0636,0.2545,87123.4283,87852.7361,memory_stress,checkoutservice,2026-06-09 15:15:00,2026-06-09 15:30:00,during_fault,2.7469814,1
2026-06-09 15:19:05,545,EXP_FAULT_03,RUN_03,memory_stress,1,recommendationservice,recommendation-f03-04,online-boutique,node-b,0.3815,31.228,0,109.5975,0.003184,28.23,20.4033,54.3967,71.3636,127.2124,103.648,109.2486,0.0598,0.2892,92629.8179,74252.1767,memory_stress,checkoutservice,2026-06-09 15:15:00,2026-06-09 15:30:00,during_fault,2.5859268,1
2026-06-09 15:19:10,550,EXP_FAULT_03,RUN_03,memory_stress,1,recommendationservice,recommendation-f03-04,online-boutique,node-b,0.3714,31.6119,0,112.4405,0.002869,28.6619,20.3992,51.93,77.999,127.4586,106.2996,112.1179,0.037,0.2856,119689.9925,104381.9475,memory_stress,checkoutservice,2026-06-09 15:15:00,2026-06-09 15:30:00,during_fault,2.1083724,1
2026-06-09 15:19:15,555,EXP_FAULT_03,RUN_03,memory_stress,1,recommendationservice,recommendation-f03-04,online-boutique,node-b,0.4065,30.6597,0,112.1905,0.004213,27.5537,20.5603,53.9442,71.1988,111.1352,105.9668,111.7179,0.1671,0.3056,130328.8179,110679.9743,memory_stress,checkoutservice,2026-06-09 15:15:00,2026-06-09 15:30:00,during_fault,2.9519186,1
2026-06-09 15:19:20,560,EXP_FAULT_03,RUN_03,memory_stress,1,recommendationservice,recommendation-f03-04,online-boutique,node-b,0.3827,31.5398,0,111.8916,0.003486,25.9186,17.1076,53.5201,70.1096,101.6896,105.6648,111.5016,0.0879,0.3021,100122.5055,87597.0782,memory_stress,checkoutservice,2026-06-09 15:15:00,2026-06-09 15:30:00,during_fault,1.2413855,1
2026-06-09 15:19:25,565,EXP_FAULT_03,RUN_03,memory_stress,1,recommendationservice,recommendation-f03-04,online-boutique,node-b,0.3923,31.5974,0,114.9123,0.002995,30.0067,21.8344,55.9999,76.5356,124.0897,108.5686,114.5681,0.0427,0.3015,137882.7234,94099.0224,memory_stress,checkoutservice,2026-06-09 15:15:00,2026-06-09 15:30:00,during_fault,4.0624666,1
2026-06-09 15:19:30,570,EXP_FAULT_03,RUN_03,memory_stress,1,recommendationservice,recommendation-f03-04,online-boutique,node-b,0.4018,31.2114,0,111.1893,0.003544,29.817,20.7597,60.8339,76.0825,125.8588,105.0177,110.7953,0.0911,0.3029,130106.0037,100129.7999,memory_stress,checkoutservice,2026-06-09 15:15:00,2026-06-09 15:30:00,during_fault,4.811615,1
2026-06-09 15:19:35,575,EXP_FAULT_03,RUN_03,memory_stress,1,recommendationservice,recommendation-f03-04,online-boutique,node-b,0.3621,31.386,0,114.8881,0.003732,27.7467,19.22,52.3681,75.0083,110.2914,108.5358,114.4593,0.1265,0.3022,134809.1129,86279.236,memory_stress,checkoutservice,2026-06-09 15:15:00,2026-06-09 15:30:00,during_fault,1.2110962,1
2026-06-09 15:19:40,580,EXP_FAULT_03,RUN_03,memory_stress,1,recommendationservice,recommendation-f03-04,online-boutique,node-b,0.3763,31.546,0,114.852,0.003299,29.2157,20.0255,56.852,74.0212,114.7437,108.6036,114.4732,0.0907,0.2882,94726.6214,112306.7882,memory_stress,checkoutservice,2026-06-09 15:15:00,2026-06-09 15:30:00,during_fault,2.5130737,1
2026-06-09 15:19:45,585,EXP_FAULT_03,RUN_03,memory_stress,1,recommendationservice,recommendation-f03-04,online-boutique,node-b,0.3847,31.5597,0,114.4216,0.002968,28.6464,21.3169,51.4729,71.0739,117.7186,108.3116,114.082,0.0528,0.2869,130291.757,114693.6138,memory_stress,checkoutservice,2026-06-09 15:15:00,2026-06-09 15:30:00,during_fault,2.4936123,1
2026-06-09 15:19:50,590,EXP_FAULT_03,RUN_03,memory_stress,1,recommendationservice,recommendation-f03-04,online-boutique,node-b,0.3667,31.6445,0,114.7101,0.003361,29.7446,20.9995,55.1003,75.8073,121.5209,108.6513,114.3245,0.0988,0.2867,135360.3996,115925.1199,memory_stress,checkoutservice,2026-06-09 15:15:00,2026-06-09 15:30:00,during_fault,2.5069375,1
2026-06-09 15:19:55,595,EXP_FAULT_03,RUN_03,memory_stress,1,recommendationservice,recommendation-f03-04,online-boutique,node-b,0.3906,31.3432,0,113.6372,0.002751,28.4323,20.6789,52.1516,75.2799,121.0842,107.8026,113.3245,0.0288,0.2839,119313.4589,87393.5224,memory_stress,checkoutservice,2026-06-09 15:15:00,2026-06-09 15:30:00,during_fault,2.6512053,1
2026-06-09 15:20:00,600,EXP_FAULT_03,RUN_03,memory_stress,1,recommendationservice,recommendation-f03-04,online-boutique,node-b,0.3544,30.7895,0,114.4235,0.004035,27.9446,18.6396,50.083,71.036,108.6802,108.6198,113.9618,0.1719,0.2898,102313.5978,94230.5492,memory_stress,checkoutservice,2026-06-09 15:15:00,2026-06-09 15:30:00,during_fault,1.1374478,1
2026-06-09 15:20:05,605,EXP_FAULT_03,RUN_03,memory_stress,1,recommendationservice,recommendation-f03-04,online-boutique,node-b,0.3922,31.2906,0,112.6687,0.003228,25.8905,18.7475,52.3815,68.7235,104.914,107.1367,112.305,0.1097,0.254,121031.858,77629.3418,memory_stress,checkoutservice,2026-06-09 15:15:00,2026-06-09 15:30:00,during_fault,1.2702762,1
2026-06-09 15:20:10,610,EXP_FAULT_03,RUN_03,memory_stress,1,recommendationservice,recommendation-f03-04,online-boutique,node-b,0.3664,31.0136,0,114.962,0.002481,28.8928,19.4212,58.621,72.5379,124.1449,109.5221,114.6768,0.0342,0.251,141818.4665,106400.982,memory_stress,checkoutservice,2026-06-09 15:15:00,2026-06-09 15:30:00,during_fault,1.9321613,1
2026-06-09 15:20:15,615,EXP_FAULT_03,RUN_03,memory_stress,1,recommendationservice,recommendation-f03-04,online-boutique,node-b,0.3806,31.2492,0,110.0258,0.002511,25.138,17.8116,49.4439,68.5145,96.3703,104.9751,109.7495,0.0372,0.2391,140212.0548,81577.532,memory_stress,checkoutservice,2026-06-09 15:15:00,2026-06-09 15:30:00,during_fault,0.7770134,1
2026-06-09 15:20:20,620,EXP_FAULT_03,RUN_03,memory_stress,1,recommendationservice,recommendation-f03-04,online-boutique,node-b,0.3606,31.4187,0,112.5052,0.002646,26.1031,19.5525,47.3698,65.8715,109.6734,107.5066,112.2075,0.0436,0.2541,142891.1249,88099.0846,memory_stress,checkoutservice,2026-06-09 15:15:00,2026-06-09 15:30:00,during_fault,0.5382897,1
2026-06-09 15:20:25,625,EXP_FAULT_03,RUN_03,memory_stress,1,recommendationservice,recommendation-f03-04,online-boutique,node-b,0.3697,31.2854,0,112.2397,0.003331,27.8817,19.7984,55.7912,69.049,101.1428,107.4166,111.8659,0.1227,0.2511,126454.4822,95625.7311,memory_stress,checkoutservice,2026-06-09 15:15:00,2026-06-09 15:30:00,during_fault,1.6321179,1
2026-06-09 15:20:30,630,EXP_FAULT_03,RUN_03,memory_stress,1,recommendationservice,recommendation-f03-04,online-boutique,node-b,0.3771,31.1494,0,109.0959,0.002651,27.0488,19.1679,46.9055,69.4848,113.5882,104.5856,108.8067,0.062,0.2272,120413.6608,103618.3584,memory_stress,checkoutservice,2026-06-09 15:15:00,2026-06-09 15:30:00,during_fault,1.6901718,1
2026-06-09 15:20:35,635,EXP_FAULT_03,RUN_03,memory_stress,1,recommendationservice,recommendation-f03-04,online-boutique,node-b,0.3622,31.8117,0,110.4998,0.002937,27.0602,18.3528,47.8397,65.3767,96.3765,106.1204,110.1753,0.1068,0.2177,122508.1884,112352.0601,memory_stress,checkoutservice,2026-06-09 15:15:00,2026-06-09 15:30:00,during_fault,1.0599246,1
2026-06-09 15:20:40,640,EXP_FAULT_03,RUN_03,memory_stress,1,recommendationservice,recommendation-f03-04,online-boutique,node-b,0.3775,30.9547,0,112.6931,0.003031,25.6153,19.4433,47.799,63.4941,107.4769,108.398,112.3516,0.1437,0.1979,105507.3118,81362.0196,memory_stress,checkoutservice,2026-06-09 15:15:00,2026-06-09 15:30:00,during_fault,0.7343202,1
2026-06-09 15:20:45,645,EXP_FAULT_03,RUN_03,memory_stress,1,recommendationservice,recommendation-f03-04,online-boutique,node-b,0.3896,31.567,0,116.0776,0.003234,29.2085,21.7908,52.7087,73.9134,113.1944,111.8185,115.7022,0.174,0.2014,97998.9012,112681.7996,memory_stress,checkoutservice,2026-06-09 15:15:00,2026-06-09 15:30:00,during_fault,3.011052,1
2026-06-09 15:20:50,650,EXP_FAULT_03,RUN_03,memory_stress,1,recommendationservice,recommendation-f03-04,online-boutique,node-b,0.3978,31.1513,0,109.902,0.002469,26.8118,19.7995,47.7182,61.0704,102.9901,106.0452,109.6306,0.0777,0.1936,100139.502,110281.0248,memory_stress,checkoutservice,2026-06-09 15:15:00,2026-06-09 15:30:00,during_fault,2.2439895,1
2026-06-09 15:20:55,655,EXP_FAULT_03,RUN_03,memory_stress,1,recommendationservice,recommendation-f03-04,online-boutique,node-b,0.3757,30.8906,0,109.5039,0.002677,25.7265,18.1289,49.6479,58.96,101.1521,105.8091,109.2107,0.0992,0.194,98175.447,104468.843,memory_stress,checkoutservice,2026-06-09 15:15:00,2026-06-09 15:30:00,during_fault,0.9508954,1
2026-06-09 15:21:00,660,EXP_FAULT_03,RUN_03,memory_stress,1,recommendationservice,recommendation-f03-04,online-boutique,node-b,0.3767,32.1762,0,115.7271,0.002154,26.475,19.4836,46.0174,67.2898,97.27,111.9747,115.4779,0.0794,0.1698,143856.958,94240.6063,memory_stress,checkoutservice,2026-06-09 15:15:00,2026-06-09 15:30:00,during_fault,0.90710294,1
2026-06-09 15:21:05,665,EXP_FAULT_03,RUN_03,memory_stress,1,recommendationservice,recommendation-f03-04,online-boutique,node-b,0.3754,31.3102,0,110.6411,0.003066,26.9746,19.2423,47.3956,66.9499,89.3293,107.1126,110.3019,0.1741,0.1651,124346.2412,96461.8929,memory_stress,checkoutservice,2026-06-09 15:15:00,2026-06-09 15:30:00,during_fault,1.4618552,1
2026-06-09 15:21:10,670,EXP_FAULT_03,RUN_03,memory_stress,1,recommendationservice,recommendation-f03-04,online-boutique,node-b,0.3906,31.1427,0,110.9782,0.002947,26.6972,20.7383,46.1233,61.3956,94.1702,107.6012,110.6511,0.1426,0.1845,114348.6654,94786.8337,memory_stress,checkoutservice,2026-06-09 15:15:00,2026-06-09 15:30:00,during_fault,1.7580687,1
2026-06-09 15:21:15,675,EXP_FAULT_03,RUN_03,memory_stress,1,recommendationservice,recommendation-f03-04,online-boutique,node-b,0.4006,31.2919,0,109.6958,0.00242,26.4204,19.6109,44.1697,63.6262,86.2945,106.4688,109.4304,0.1176,0.1479,97476.4592,92645.3765,memory_stress,checkoutservice,2026-06-09 15:15:00,2026-06-09 15:30:00,during_fault,2.0970092,1
2026-06-09 15:21:20,680,EXP_FAULT_03,RUN_03,memory_stress,1,recommendationservice,recommendation-f03-04,online-boutique,node-b,0.383,30.5492,0,113.8803,0.001735,24.5327,16.7828,46.4436,57.4231,91.8457,110.6271,113.6827,0.0361,0.1615,116274.9458,94938.3991,memory_stress,checkoutservice,2026-06-09 15:15:00,2026-06-09 15:30:00,during_fault,0.4652101,1
2026-06-09 15:21:25,685,EXP_FAULT_03,RUN_03,memory_stress,1,recommendationservice,recommendation-f03-04,online-boutique,node-b,0.379,31.203,0,111.7485,0.001888,24.2483,17.1642,41.6816,56.0545,90.9457,108.5837,111.5376,0.0375,0.1735,110162.4676,97054.0205,memory_stress,checkoutservice,2026-06-09 15:15:00,2026-06-09 15:30:00,during_fault,0.36244148,0
2026-06-09 15:21:30,690,EXP_FAULT_03,RUN_03,memory_stress,1,recommendationservice,recommendation-f03-04,online-boutique,node-b,0.3759,31.2737,0,112.7878,0.002107,27.4552,20.0431,50.5579,65.1868,97.0844,109.6312,112.5502,0.0655,0.1721,101247.6533,78596.3065,memory_stress,checkoutservice,2026-06-09 15:15:00,2026-06-09 15:30:00,during_fault,1.5568894,1
2026-06-09 15:21:35,695,EXP_FAULT_03,RUN_03,memory_stress,1,recommendationservice,recommendation-f03-04,online-boutique,node-b,0.3899,31.0121,0,115.0939,0.00299,25.9425,19.6065,43.4586,60.5302,88.8043,111.824,114.7497,0.1641,0.1801,106909.5901,89605.6542,memory_stress,checkoutservice,2026-06-09 15:15:00,2026-06-09 15:30:00,during_fault,0.99508554,1
2026-06-09 15:21:40,700,EXP_FAULT_03,RUN_03,memory_stress,1,recommendationservice,recommendation-f03-04,online-boutique,node-b,0.385,31.1356,0,111.7167,0.002929,23.5485,17.7696,41.8193,55.716,89.0931,108.5657,111.3894,0.1784,0.1488,104527.7289,114726.7892,memory_stress,checkoutservice,2026-06-09 15:15:00,2026-06-09 15:30:00,during_fault,0.3845952,0
2026-06-09 15:21:45,705,EXP_FAULT_03,RUN_03,memory_stress,1,recommendationservice,recommendation-f03-04,online-boutique,node-b,0.3894,31.3397,0,115.0272,0.002289,23.6582,16.2795,43.1308,60.0358,77.3164,111.744,114.7639,0.0822,0.1811,133339.6216,106260.9123,memory_stress,checkoutservice,2026-06-09 15:15:00,2026-06-09 15:30:00,during_fault,0.2351822,0
2026-06-09 15:21:50,710,EXP_FAULT_03,RUN_03,memory_stress,1,recommendationservice,recommendation-f03-04,online-boutique,node-b,0.387,31.6141,0,119.1016,0.00292,25.6329,17.4088,43.7112,60.8303,86.2164,115.6415,118.7538,0.1591,0.1887,124133.1545,110280.8376,memory_stress,checkoutservice,2026-06-09 15:15:00,2026-06-09 15:30:00,during_fault,0.5782322,1
2026-06-09 15:21:55,715,EXP_FAULT_03,RUN_03,memory_stress,1,recommendationservice,recommendation-f03-04,online-boutique,node-b,0.3686,31.5709,0,117.3154,0.002856,23.9008,18.5152,42.1334,58.1519,88.4808,113.8113,116.9804,0.1466,0.1884,103404.222,110646.6804,memory_stress,checkoutservice,2026-06-09 15:15:00,2026-06-09 15:30:00,during_fault,0.27431235,0
2026-06-09 15:22:00,720,EXP_FAULT_03,RUN_03,memory_stress,1,recommendationservice,recommendation-f03-04,online-boutique,node-b,0.3644,30.5282,0,115.3737,0.00266,25.3537,19.8213,42.1424,61.2434,97.9326,111.8429,115.0668,0.132,0.1748,113327.2499,78788.0139,memory_stress,checkoutservice,2026-06-09 15:15:00,2026-06-09 15:30:00,during_fault,0.29313844,0
2026-06-09 15:22:05,725,EXP_FAULT_03,RUN_03,memory_stress,1,recommendationservice,recommendation-f03-04,online-boutique,node-b,0.3928,30.1234,0,117.8223,0.002147,25.3018,18.6644,47.2465,65.2045,90.8867,114.1484,117.5693,0.0643,0.1887,120343.4225,86671.0753,memory_stress,checkoutservice,2026-06-09 15:15:00,2026-06-09 15:30:00,during_fault,0.7410585,1
2026-06-09 15:22:10,730,EXP_FAULT_03,RUN_03,memory_stress,1,recommendationservice,recommendation-f03-04,online-boutique,node-b,0.3967,31.6194,0,119.4713,0.002227,27.4725,18.3469,49.3604,67.175,92.0085,115.6016,119.2052,0.0847,0.1814,115470.1367,101463.501,memory_stress,checkoutservice,2026-06-09 15:15:00,2026-06-09 15:30:00,during_fault,1.6539142,1
2026-06-09 15:22:15,735,EXP_FAULT_03,RUN_03,memory_stress,1,recommendationservice,recommendation-f03-04,online-boutique,node-b,0.3883,30.8757,0,117.8447,0.002839,26.35,17.999,51.4427,59.6986,105.2283,113.8657,117.5101,0.1542,0.1803,98893.3682,118267.5327,memory_stress,checkoutservice,2026-06-09 15:15:00,2026-06-09 15:30:00,during_fault,0.9445267,1
2026-06-09 15:22:20,740,EXP_FAULT_03,RUN_03,memory_stress,1,recommendationservice,recommendation-f03-04,online-boutique,node-b,0.359,30.5993,0,120.4104,0.00245,26.4425,17.9008,48.9317,60.826,90.1667,116.2021,120.1153,0.0864,0.2086,151258.7528,115297.3152,memory_stress,checkoutservice,2026-06-09 15:15:00,2026-06-09 15:30:00,during_fault,0.30165467,0
2026-06-09 15:22:25,745,EXP_FAULT_03,RUN_03,memory_stress,1,recommendationservice,recommendation-f03-04,online-boutique,node-b,0.393,31.2704,0,120.6032,0.003315,24.9018,17.3211,47.8109,63.9415,86.9258,116.1648,120.2034,0.1601,0.2397,136217.4878,118020.5181,memory_stress,checkoutservice,2026-06-09 15:15:00,2026-06-09 15:30:00,during_fault,0.55378157,1
2026-06-09 15:22:30,750,EXP_FAULT_03,RUN_03,memory_stress,1,recommendationservice,recommendation-f03-04,online-boutique,node-b,0.3794,31.9793,0,122.8906,0.002745,27.8172,19.1592,48.3254,71.1544,105.6948,118.1879,122.5533,0.0916,0.2457,117832.7363,106079.9702,memory_stress,checkoutservice,2026-06-09 15:15:00,2026-06-09 15:30:00,during_fault,1.2254279,1
2026-06-09 15:22:35,755,EXP_FAULT_03,RUN_03,memory_stress,1,recommendationservice,recommendation-f03-04,online-boutique,node-b,0.3867,30.6717,0,118.089,0.003092,26.2311,18.8548,50.4308,66.7932,96.1319,113.3803,117.7239,0.1253,0.2398,132115.7568,82209.2113,memory_stress,checkoutservice,2026-06-09 15:15:00,2026-06-09 15:30:00,during_fault,0.8375205,1
2026-06-09 15:22:40,760,EXP_FAULT_03,RUN_03,memory_stress,1,recommendationservice,recommendation-f03-04,online-boutique,node-b,0.4074,31.2609,0,124.3603,0.002325,27.2048,20.6356,54.5351,65.6579,111.5248,119.2606,124.0712,0.0509,0.2381,131200.026,111641.9559,memory_stress,checkoutservice,2026-06-09 15:15:00,2026-06-09 15:30:00,during_fault,1.4397914,1
2026-06-09 15:22:45,765,EXP_FAULT_03,RUN_03,memory_stress,1,recommendationservice,recommendation-f03-04,online-boutique,node-b,0.3746,30.815,0,119.2586,0.003477,28.2815,20.3562,56.5156,69.0427,119.3002,114.1148,118.844,0.1544,0.2603,143361.4437,108614.3149,memory_stress,checkoutservice,2026-06-09 15:15:00,2026-06-09 15:30:00,during_fault,1.4284397,1
2026-06-09 15:22:50,770,EXP_FAULT_03,RUN_03,memory_stress,1,recommendationservice,recommendation-f03-04,online-boutique,node-b,0.3671,31.3474,0,113.901,0.0034,26.6633,18.3836,50.1069,66.6551,104.9685,108.801,113.5138,0.1462,0.241,142273.4483,90926.8357,memory_stress,checkoutservice,2026-06-09 15:15:00,2026-06-09 15:30:00,during_fault,0.9221279,1
2026-06-09 15:22:55,775,EXP_FAULT_03,RUN_03,memory_stress,1,recommendationservice,recommendation-f03-04,online-boutique,node-b,0.3704,32.0537,0,118.1906,0.003172,27.2894,18.6249,51.8485,66.87,102.7454,112.7391,117.8157,0.0999,0.275,145270.5259,87267.8061,memory_stress,checkoutservice,2026-06-09 15:15:00,2026-06-09 15:30:00,during_fault,1.0863559,1
2026-06-09 15:23:00,780,EXP_FAULT_03,RUN_03,memory_stress,1,recommendationservice,recommendation-f03-04,online-boutique,node-b,0.3731,31.3869,0,119.9766,0.002975,26.4946,19.8277,47.9596,64.0622,109.1067,114.2519,119.6197,0.0852,0.2717,144261.0123,105881.5048,memory_stress,checkoutservice,2026-06-09 15:15:00,2026-06-09 15:30:00,during_fault,0.6026419,1
2026-06-09 15:23:05,785,EXP_FAULT_03,RUN_03,memory_stress,1,recommendationservice,recommendation-f03-04,online-boutique,node-b,0.4043,30.8868,0,116.3372,0.003658,30.3402,21.0063,55.8955,83.5305,130.7037,110.6187,115.9116,0.1471,0.2784,128625.2036,76696.2607,memory_stress,checkoutservice,2026-06-09 15:15:00,2026-06-09 15:30:00,during_fault,4.7228684,1
2026-06-09 15:23:10,790,EXP_FAULT_03,RUN_03,memory_stress,1,recommendationservice,recommendation-f03-04,online-boutique,node-b,0.3866,31.9994,0,116.9831,0.003865,29.0287,19.0106,55.5332,81.6659,121.6468,111.0623,116.531,0.1671,0.2851,148732.3262,120764.5222,memory_stress,checkoutservice,2026-06-09 15:15:00,2026-06-09 15:30:00,during_fault,3.0882792,1
2026-06-09 15:23:15,795,EXP_FAULT_03,RUN_03,memory_stress,1,recommendationservice,recommendation-f03-04,online-boutique,node-b,0.3991,30.8289,0,113.1476,0.004142,28.4313,18.9223,54.4606,76.6067,117.2894,107.2806,112.679,0.1745,0.2941,99289.6139,83830.6013,memory_stress,checkoutservice,2026-06-09 15:15:00,2026-06-09 15:30:00,during_fault,3.115247,1
2026-06-09 15:23:20,800,EXP_FAULT_03,RUN_03,memory_stress,1,recommendationservice,recommendation-f03-04,online-boutique,node-b,0.4072,31.4271,0,111.5072,0.003328,29.5994,21.3256,53.9997,82.8023,129.2221,105.6275,111.1361,0.1024,0.2687,139116.8369,114474.0935,memory_stress,checkoutservice,2026-06-09 15:15:00,2026-06-09 15:30:00,during_fault,4.893389,1
2026-06-09 15:23:25,805,EXP_FAULT_03,RUN_03,memory_stress,1,recommendationservice,recommendation-f03-04,online-boutique,node-b,0.3698,31.4325,0,114.164,0.002923,25.9279,18.0596,53.7544,74.9714,106.6183,108.0628,113.8303,0.0358,0.2979,143227.4991,74583.5856,memory_stress,checkoutservice,2026-06-09 15:15:00,2026-06-09 15:30:00,during_fault,0.6268131,1
2026-06-09 15:23:30,810,EXP_FAULT_03,RUN_03,memory_stress,1,recommendationservice,recommendation-f03-04,online-boutique,node-b,0.3705,31.4143,0,114.5544,0.003264,27.7809,18.7199,54.2827,80.0291,107.6584,108.3264,114.1805,0.0723,0.3016,111861.0642,106442.0146,memory_stress,checkoutservice,2026-06-09 15:15:00,2026-06-09 15:30:00,during_fault,1.4111537,1
2026-06-09 15:23:35,815,EXP_FAULT_03,RUN_03,memory_stress,1,recommendationservice,recommendation-f03-04,online-boutique,node-b,0.3719,31.4469,0,109.7787,0.004328,28.9011,18.9389,51.8437,81.6517,119.9107,103.7346,109.3036,0.1728,0.3023,127684.4039,98657.4328,memory_stress,checkoutservice,2026-06-09 15:15:00,2026-06-09 15:30:00,during_fault,2.8778973,1
2026-06-09 15:23:40,820,EXP_FAULT_03,RUN_03,memory_stress,1,recommendationservice,recommendation-f03-04,online-boutique,node-b,0.3772,31.5111,0,112.2433,0.00424,29.1053,19.5626,55.289,74.28,125.575,105.957,111.7673,0.1664,0.3095,115483.6174,107400.9033,memory_stress,checkoutservice,2026-06-09 15:15:00,2026-06-09 15:30:00,during_fault,2.9430518,1
2026-06-09 15:23:45,825,EXP_FAULT_03,RUN_03,memory_stress,1,recommendationservice,recommendation-f03-04,online-boutique,node-b,0.3765,31.8421,0,109.9102,0.00328,29.1304,19.8663,52.8906,76.406,126.3772,103.8115,109.5496,0.0526,0.308,124663.794,93620.6746,memory_stress,checkoutservice,2026-06-09 15:15:00,2026-06-09 15:30:00,during_fault,3.0569892,1
2026-06-09 15:23:50,830,EXP_FAULT_03,RUN_03,memory_stress,1,recommendationservice,recommendation-f03-04,online-boutique,node-b,0.3604,30.8343,0,103.4258,0.00392,28.5166,21.5759,55.3175,82.2283,132.6991,97.6432,103.0204,0.1462,0.2592,93232.57,106420.7658,memory_stress,checkoutservice,2026-06-09 15:15:00,2026-06-09 15:30:00,during_fault,2.5948958,1
2026-06-09 15:23:55,835,EXP_FAULT_03,RUN_03,memory_stress,1,recommendationservice,recommendation-f03-04,online-boutique,node-b,0.3887,31.5527,0,104.0141,0.004001,30.9317,23.0313,64.0854,80.31,122.9412,98.2083,103.598,0.1337,0.2824,130828.9917,97182.8228,memory_stress,checkoutservice,2026-06-09 15:15:00,2026-06-09 15:30:00,during_fault,6.5310073,1
2026-06-09 15:24:00,840,EXP_FAULT_03,RUN_03,memory_stress,1,recommendationservice,recommendation-f03-04,online-boutique,node-b,0.3535,31.0783,0,107.3414,0.003532,26.1692,17.4783,53.6863,75.2001,120.3194,101.4509,106.9623,0.082,0.2972,100474.527,69827.4701,memory_stress,checkoutservice,2026-06-09 15:15:00,2026-06-09 15:30:00,during_fault,0.7739884,1
2026-06-09 15:24:05,845,EXP_FAULT_03,RUN_03,memory_stress,1,recommendationservice,recommendation-f03-04,online-boutique,node-b,0.3832,31.0488,0,106.6016,0.003827,26.389,17.987,53.0553,74.5551,104.1302,100.7923,106.1936,0.1173,0.2907,116553.2548,77294.2813,memory_stress,checkoutservice,2026-06-09 15:15:00,2026-06-09 15:30:00,during_fault,1.8779602,1
2026-06-09 15:24:10,850,EXP_FAULT_03,RUN_03,memory_stress,1,recommendationservice,recommendation-f03-04,online-boutique,node-b,0.3717,32.0167,0,106.2273,0.003357,27.286,19.2831,49.146,71.9127,114.1833,100.5327,105.8708,0.0927,0.2639,118252.6339,82530.7559,memory_stress,checkoutservice,2026-06-09 15:15:00,2026-06-09 15:30:00,during_fault,2.0143402,1
2026-06-09 15:24:15,855,EXP_FAULT_03,RUN_03,memory_stress,1,recommendationservice,recommendation-f03-04,online-boutique,node-b,0.3891,31.4718,0,105.9689,0.003373,28.1505,19.3234,54.8157,75.029,129.3327,100.3717,105.6115,0.072,0.2854,90294.9126,84735.319,memory_stress,checkoutservice,2026-06-09 15:15:00,2026-06-09 15:30:00,during_fault,3.2925274,1
2026-06-09 15:24:20,860,EXP_FAULT_03,RUN_03,memory_stress,1,recommendationservice,recommendation-f03-04,online-boutique,node-b,0.3839,31.1884,0,103.7591,0.00345,27.9913,19.7459,56.0443,80.3709,119.1359,98.4064,103.4011,0.1061,0.2519,124939.7495,77598.6617,memory_stress,checkoutservice,2026-06-09 15:15:00,2026-06-09 15:30:00,during_fault,3.2165332,1
2026-06-09 15:24:25,865,EXP_FAULT_03,RUN_03,memory_stress,1,recommendationservice,recommendation-f03-04,online-boutique,node-b,0.3432,31.4155,0,105.4442,0.003635,29.5511,20.9338,54.264,80.6695,131.043,100.0928,105.0609,0.1405,0.2427,119487.9995,107168.9638,memory_stress,checkoutservice,2026-06-09 15:15:00,2026-06-09 15:30:00,during_fault,2.2926917,1
2026-06-09 15:24:30,870,EXP_FAULT_03,RUN_03,memory_stress,1,recommendationservice,recommendation-f03-04,online-boutique,node-b,0.3948,31.2459,0,102.8603,0.00346,27.112,20.3709,51.0115,70.8075,113.9192,97.7826,102.5044,0.0946,0.2613,89915.6875,93542.5929,memory_stress,checkoutservice,2026-06-09 15:15:00,2026-06-09 15:30:00,during_fault,3.1511817,1
2026-06-09 15:24:35,875,EXP_FAULT_03,RUN_03,memory_stress,1,recommendationservice,recommendation-f03-04,online-boutique,node-b,0.353,31.8071,0,104.3308,0.003845,27.8404,19.623,53.0075,78.2924,119.9468,99.35,103.9297,0.16,0.2412,129973.5502,84071.2715,memory_stress,checkoutservice,2026-06-09 15:15:00,2026-06-09 15:30:00,during_fault,1.8552868,1
2026-06-09 15:24:40,880,EXP_FAULT_03,RUN_03,memory_stress,1,recommendationservice,recommendation-f03-04,online-boutique,node-b,0.3662,31.0514,0,104.6597,0.002666,24.7594,18.013,44.3098,62.3954,95.1384,99.845,104.3807,0.0333,0.2457,101006.3231,69629.7457,memory_stress,checkoutservice,2026-06-09 15:15:00,2026-06-09 15:30:00,during_fault,0.63296825,1
2026-06-09 15:24:45,885,EXP_FAULT_03,RUN_03,memory_stress,1,recommendationservice,recommendation-f03-04,online-boutique,node-b,0.376,31.5648,0,108.5591,0.003106,27.6806,18.3198,55.0316,71.92,102.6015,103.6998,108.2219,0.1026,0.2347,120473.7574,79453.817,memory_stress,checkoutservice,2026-06-09 15:15:00,2026-06-09 15:30:00,during_fault,2.0274014,1
2026-06-09 15:24:50,890,EXP_FAULT_03,RUN_03,memory_stress,1,recommendationservice,recommendation-f03-04,online-boutique,node-b,0.3612,30.979,0,104.5725,0.00257,25.3356,16.6578,45.8184,69.5127,106.5932,100.0955,104.3038,0.0307,0.238,127057.3792,90906.8762,memory_stress,checkoutservice,2026-06-09 15:15:00,2026-06-09 15:30:00,during_fault,0.73110074,1
2026-06-09 15:24:55,895,EXP_FAULT_03,RUN_03,memory_stress,1,recommendationservice,recommendation-f03-04,online-boutique,node-b,0.3503,31.1641,0,108.2842,0.002413,25.9619,18.9493,49.8403,63.7892,96.798,103.8316,108.0229,0.0531,0.2082,135691.0597,99694.3026,memory_stress,checkoutservice,2026-06-09 15:15:00,2026-06-09 15:30:00,during_fault,0.5135537,1
2026-06-09 15:25:00,900,EXP_FAULT_03,RUN_03,memory_stress,1,recommendationservice,recommendation-f03-04,online-boutique,node-b,0.3862,31.2377,0,103.2367,0.00251,25.7224,19.7108,45.1925,65.659,107.6531,99.1561,102.9776,0.047,0.2121,85867.8392,82399.4003,memory_stress,checkoutservice,2026-06-09 15:15:00,2026-06-09 15:30:00,during_fault,1.7893387,1
2026-06-09 15:25:05,905,EXP_FAULT_03,RUN_03,memory_stress,1,recommendationservice,recommendation-f03-04,online-boutique,node-b,0.401,30.842,0,108.8037,0.00298,24.7222,17.2004,43.2919,61.3898,97.4134,104.6226,108.4795,0.1241,0.2001,89819.0775,94239.0515,memory_stress,checkoutservice,2026-06-09 15:15:00,2026-06-09 15:30:00,during_fault,1.254689,1
2026-06-09 15:25:10,910,EXP_FAULT_03,RUN_03,memory_stress,1,recommendationservice,recommendation-f03-04,online-boutique,node-b,0.3971,30.7751,0,106.4297,0.002858,25.7565,19.972,44.4246,66.5985,100.3273,102.5387,106.1255,0.107,0.1972,127847.3496,80057.3771,memory_stress,checkoutservice,2026-06-09 15:15:00,2026-06-09 15:30:00,during_fault,1.921575,1
2026-06-09 15:25:15,915,EXP_FAULT_03,RUN_03,memory_stress,1,recommendationservice,recommendation-f03-04,online-boutique,node-b,0.3883,31.666,0,105.069,0.003249,26.342,19.2487,47.4884,62.2513,106.9314,101.3074,104.7276,0.1662,0.1752,97933.4436,90518.4609,memory_stress,checkoutservice,2026-06-09 15:15:00,2026-06-09 15:30:00,during_fault,2.0940704,1
2026-06-09 15:25:20,920,EXP_FAULT_03,RUN_03,memory_stress,1,recommendationservice,recommendation-f03-04,online-boutique,node-b,0.3806,31.7161,0,105.1098,0.002112,26.0548,18.2915,49.3561,65.2098,102.8543,101.5913,104.8879,0.0512,0.1708,94008.9094,81288.441,memory_stress,checkoutservice,2026-06-09 15:15:00,2026-06-09 15:30:00,during_fault,1.547093,1
2026-06-09 15:25:25,925,EXP_FAULT_03,RUN_03,memory_stress,1,recommendationservice,recommendation-f03-04,online-boutique,node-b,0.3773,31.1228,0,109.4964,0.001976,26.5169,20.2051,47.4804,59.78,93.2436,105.9709,109.28,0.0316,0.1848,131050.2838,88232.6552,memory_stress,checkoutservice,2026-06-09 15:15:00,2026-06-09 15:30:00,during_fault,1.3943137,1
2026-06-09 15:25:30,930,EXP_FAULT_03,RUN_03,memory_stress,1,recommendationservice,recommendation-f03-04,online-boutique,node-b,0.3738,31.9816,0,110.057,0.002845,25.6278,18.3486,45.5735,60.774,95.3568,106.5558,109.7439,0.1476,0.1655,122966.5672,80955.7441,memory_stress,checkoutservice,2026-06-09 15:15:00,2026-06-09 15:30:00,during_fault,0.8727937,1
2026-06-09 15:25:35,935,EXP_FAULT_03,RUN_03,memory_stress,1,recommendationservice,recommendation-f03-04,online-boutique,node-b,0.3641,31.1307,0,106.7477,0.003035,25.934,18.5132,46.9737,66.2858,97.9694,103.494,106.4238,0.1681,0.1558,88459.1771,104800.7263,memory_stress,checkoutservice,2026-06-09 15:15:00,2026-06-09 15:30:00,during_fault,0.9099518,1
2026-06-09 15:25:40,940,EXP_FAULT_03,RUN_03,memory_stress,1,recommendationservice,recommendation-f03-04,online-boutique,node-b,0.3682,31.7696,0,110.063,0.002209,24.3397,18.3091,40.5501,58.1063,94.7032,106.8044,109.8199,0.0724,0.1707,125539.7593,91294.9479,memory_stress,checkoutservice,2026-06-09 15:15:00,2026-06-09 15:30:00,during_fault,0.24526148,0
2026-06-09 15:25:45,945,EXP_FAULT_03,RUN_03,memory_stress,1,recommendationservice,recommendation-f03-04,online-boutique,node-b,0.3746,32.1449,0,105.3372,0.002535,26.1983,20.2439,48.7504,64.3284,94.2734,102.2688,105.0702,0.1164,0.1506,128395.438,70028.7191,memory_stress,checkoutservice,2026-06-09 15:15:00,2026-06-09 15:30:00,during_fault,1.4466705,1
2026-06-09 15:25:50,950,EXP_FAULT_03,RUN_03,memory_stress,1,recommendationservice,recommendation-f03-04,online-boutique,node-b,0.3547,31.207,0,104.2938,0.002426,26.1932,18.8566,43.6474,61.2182,102.2801,101.3278,104.0407,0.0865,0.1665,112370.0106,76472.8322,memory_stress,checkoutservice,2026-06-09 15:15:00,2026-06-09 15:30:00,during_fault,0.9433486,1
2026-06-09 15:25:55,955,EXP_FAULT_03,RUN_03,memory_stress,1,recommendationservice,recommendation-f03-04,online-boutique,node-b,0.3739,31.1808,0,105.5422,0.002083,25.8688,17.8191,48.4923,58.0936,92.6831,102.597,105.3224,0.068,0.1518,132486.8859,103702.152,memory_stress,checkoutservice,2026-06-09 15:15:00,2026-06-09 15:30:00,during_fault,1.255011,1
2026-06-09 15:26:00,960,EXP_FAULT_03,RUN_03,memory_stress,1,recommendationservice,recommendation-f03-04,online-boutique,node-b,0.3802,31.5253,0,106.3526,0.001545,27.1139,18.472,48.7907,66.8469,103.023,103.4122,106.1883,0.0291,0.1353,87734.7878,85962.5681,memory_stress,checkoutservice,2026-06-09 15:15:00,2026-06-09 15:30:00,during_fault,2.1448646,1
2026-06-09 15:26:05,965,EXP_FAULT_03,RUN_03,memory_stress,1,recommendationservice,recommendation-f03-04,online-boutique,node-b,0.3897,30.4114,0,104.2305,0.002648,27.0262,18.9684,51.379,59.7588,90.0803,101.2584,103.9545,0.1353,0.1407,90199.8579,99911.1115,memory_stress,checkoutservice,2026-06-09 15:15:00,2026-06-09 15:30:00,during_fault,2.8420892,1
2026-06-09 15:26:10,970,EXP_FAULT_03,RUN_03,memory_stress,1,recommendationservice,recommendation-f03-04,online-boutique,node-b,0.3871,31.4857,0,100.5902,0.002287,22.6223,15.49,41.2743,55.4709,79.826,97.7122,100.3602,0.0761,0.1539,86269.5602,101226.6085,memory_stress,checkoutservice,2026-06-09 15:15:00,2026-06-09 15:30:00,during_fault,0.6051305,1
2026-06-09 15:26:15,975,EXP_FAULT_03,RUN_03,memory_stress,1,recommendationservice,recommendation-f03-04,online-boutique,node-b,0.3926,31.1962,0,103.6432,0.002732,25.1862,19.703,44.5909,57.34,86.075,100.6279,103.36,0.1311,0.152,96928.8409,95456.7376,memory_stress,checkoutservice,2026-06-09 15:15:00,2026-06-09 15:30:00,during_fault,1.6480812,1
2026-06-09 15:26:20,980,EXP_FAULT_03,RUN_03,memory_stress,1,recommendationservice,recommendation-f03-04,online-boutique,node-b,0.367,31.2287,0,105.0834,0.002996,26.9599,21.042,50.9328,63.8563,91.6287,101.9583,104.7686,0.1459,0.1689,92890.9078,96700.6925,memory_stress,checkoutservice,2026-06-09 15:15:00,2026-06-09 15:30:00,during_fault,1.6194382,1
2026-06-09 15:26:25,985,EXP_FAULT_03,RUN_03,memory_stress,1,recommendationservice,recommendation-f03-04,online-boutique,node-b,0.3769,31.0836,0,99.299,0.002749,24.3225,16.7198,41.4645,61.7948,96.2115,96.2785,99.026,0.1337,0.1393,93512.4331,97367.6746,memory_stress,checkoutservice,2026-06-09 15:15:00,2026-06-09 15:30:00,during_fault,1.1092193,1
2026-06-09 15:26:30,990,EXP_FAULT_03,RUN_03,memory_stress,1,recommendationservice,recommendation-f03-04,online-boutique,node-b,0.3963,31.2404,0,101.055,0.00193,25.2286,17.8978,42.4363,58.5032,89.9342,97.9128,100.8599,0.0261,0.1689,113250.0463,77174.1042,memory_stress,checkoutservice,2026-06-09 15:15:00,2026-06-09 15:30:00,during_fault,2.1517246,1
2026-06-09 15:26:35,995,EXP_FAULT_03,RUN_03,memory_stress,1,recommendationservice,recommendation-f03-04,online-boutique,node-b,0.3684,30.4297,0,99.4373,0.002107,24.9055,19.3735,42.2618,56.6852,96.5271,96.2249,99.2277,0.0465,0.1631,117565.6583,68281.2758,memory_stress,checkoutservice,2026-06-09 15:15:00,2026-06-09 15:30:00,during_fault,1.2357297,1
2026-06-09 15:26:40,1000,EXP_FAULT_03,RUN_03,memory_stress,1,recommendationservice,recommendation-f03-04,online-boutique,node-b,0.391,31.893,0,100.4567,0.002565,26.1272,18.7025,44.2635,58.9473,93.0188,97.0557,100.199,0.1018,0.1559,87161.6362,97186.7412,memory_stress,checkoutservice,2026-06-09 15:15:00,2026-06-09 15:30:00,during_fault,2.5008245,1
2026-06-09 15:26:45,1005,EXP_FAULT_03,RUN_03,memory_stress,1,recommendationservice,recommendation-f03-04,online-boutique,node-b,0.3848,31.2034,0,96.8083,0.001954,26.0231,18.7841,44.0142,63.7747,100.365,93.4323,96.6192,0.0298,0.1593,118201.608,94578.3048,memory_stress,checkoutservice,2026-06-09 15:15:00,2026-06-09 15:30:00,during_fault,2.7018695,1
2026-06-09 15:26:50,1010,EXP_FAULT_03,RUN_03,memory_stress,1,recommendationservice,recommendation-f03-04,online-boutique,node-b,0.3646,31.2217,0,93.9728,0.002594,24.832,17.056,44.5963,57.0149,89.268,90.5464,93.729,0.0682,0.1756,116131.5007,74977.1619,memory_stress,checkoutservice,2026-06-09 15:15:00,2026-06-09 15:30:00,during_fault,1.4304707,1
2026-06-09 15:26:55,1015,EXP_FAULT_03,RUN_03,memory_stress,1,recommendationservice,recommendation-f03-04,online-boutique,node-b,0.3576,31.7537,0,96.9031,0.003089,24.9029,16.5976,43.1231,66.6032,104.113,93.1853,96.6037,0.1119,0.1874,98250.8338,72743.6413,memory_stress,checkoutservice,2026-06-09 15:15:00,2026-06-09 15:30:00,during_fault,1.1164982,1
2026-06-09 15:27:00,1020,EXP_FAULT_03,RUN_03,memory_stress,1,recommendationservice,recommendation-f03-04,online-boutique,node-b,0.3669,31.2254,0,94.8746,0.002525,26.6095,19.1692,50.0764,64.6042,109.2686,91.1228,94.635,0.06,0.1796,112266.9264,92201.9962,memory_stress,checkoutservice,2026-06-09 15:15:00,2026-06-09 15:30:00,during_fault,2.489821,1
2026-06-09 15:27:05,1025,EXP_FAULT_03,RUN_03,memory_stress,1,recommendationservice,recommendation-f03-04,online-boutique,node-b,0.3501,31.1922,0,94.5159,0.002409,24.1535,17.1138,42.9124,62.092,96.5035,90.633,94.2882,0.0306,0.1971,116171.5302,66077.7067,memory_stress,checkoutservice,2026-06-09 15:15:00,2026-06-09 15:30:00,during_fault,0.7827818,1
2026-06-09 15:27:10,1030,EXP_FAULT_03,RUN_03,memory_stress,1,recommendationservice,recommendation-f03-04,online-boutique,node-b,0.3758,31.2263,0,95.4567,0.002711,25.9242,19.9,45.3881,71.4899,94.759,91.3525,95.1979,0.0532,0.2056,93377.1298,79514.4375,memory_stress,checkoutservice,2026-06-09 15:15:00,2026-06-09 15:30:00,during_fault,2.3097064,1
2026-06-09 15:27:15,1035,EXP_FAULT_03,RUN_03,memory_stress,1,recommendationservice,recommendation-f03-04,online-boutique,node-b,0.3408,31.4681,0,94.3384,0.002639,28.1299,20.6079,56.1603,74.823,112.2595,90.1496,94.0894,0.0281,0.2209,113634.5278,67084.6415,memory_stress,checkoutservice,2026-06-09 15:15:00,2026-06-09 15:30:00,during_fault,2.6228378,1
2026-06-09 15:27:20,1040,EXP_FAULT_03,RUN_03,memory_stress,1,recommendationservice,recommendation-f03-04,online-boutique,node-b,0.3437,30.9773,0,93.4294,0.00373,27.1264,19.6887,53.2739,68.2108,104.1739,89.0806,93.0809,0.1442,0.2044,108567.7935,70394.8844,memory_stress,checkoutservice,2026-06-09 15:15:00,2026-06-09 15:30:00,during_fault,2.0060227,1
2026-06-09 15:27:25,1045,EXP_FAULT_03,RUN_03,memory_stress,1,recommendationservice,recommendation-f03-04,online-boutique,node-b,0.3569,30.7993,0,93.812,0.002968,28.3003,20.7497,53.6434,76.6741,122.8369,89.361,93.5336,0.0594,0.219,91907.1773,79373.9592,memory_stress,checkoutservice,2026-06-09 15:15:00,2026-06-09 15:30:00,during_fault,3.4905002,1
2026-06-09 15:27:30,1050,EXP_FAULT_03,RUN_03,memory_stress,1,recommendationservice,recommendation-f03-04,online-boutique,node-b,0.3794,31.3058,0,94.0592,0.003517,26.754,17.7629,51.7796,65.0384,110.4281,89.4166,93.7284,0.0929,0.2379,81375.913,83857.6228,memory_stress,checkoutservice,2026-06-09 15:15:00,2026-06-09 15:30:00,during_fault,3.3188872,1
2026-06-09 15:27:35,1055,EXP_FAULT_03,RUN_03,memory_stress,1,recommendationservice,recommendation-f03-04,online-boutique,node-b,0.3801,31.4199,0,96.4746,0.003876,27.7875,18.5967,54.558,77.8985,119.3231,91.5938,96.1006,0.1276,0.2464,95133.1537,87520.2116,memory_stress,checkoutservice,2026-06-09 15:15:00,2026-06-09 15:30:00,during_fault,3.9324737,1
2026-06-09 15:27:40,1060,EXP_FAULT_03,RUN_03,memory_stress,1,recommendationservice,recommendation-f03-04,online-boutique,node-b,0.3511,31.5693,0,95.5363,0.002596,27.4484,20.6877,54.8942,78.4544,121.131,90.6353,95.2883,0.0248,0.2232,86655.3172,96397.715,memory_stress,checkoutservice,2026-06-09 15:15:00,2026-06-09 15:30:00,during_fault,2.39268,1
2026-06-09 15:27:45,1065,EXP_FAULT_03,RUN_03,memory_stress,1,recommendationservice,recommendation-f03-04,online-boutique,node-b,0.3828,32.0684,0,97.7899,0.002819,27.3637,19.1441,48.9015,69.8379,108.6903,92.6609,97.5142,0.0284,0.2473,114624.0078,71882.9822,memory_stress,checkoutservice,2026-06-09 15:15:00,2026-06-09 15:30:00,during_fault,3.4117026,1
2026-06-09 15:27:50,1070,EXP_FAULT_03,RUN_03,memory_stress,1,recommendationservice,recommendation-f03-04,online-boutique,node-b,0.3803,31.2717,0,95.54,0.003326,25.6975,18.5295,51.8323,65.3314,116.2556,90.4228,95.2223,0.0828,0.235,103230.3133,65816.1635,memory_stress,checkoutservice,2026-06-09 15:15:00,2026-06-09 15:30:00,during_fault,2.4150066,1
2026-06-09 15:27:55,1075,EXP_FAULT_03,RUN_03,memory_stress,1,recommendationservice,recommendation-f03-04,online-boutique,node-b,0.3555,31.6596,0,96.5482,0.003582,28.6152,20.3882,58.9621,75.8304,129.7542,91.286,96.2024,0.1075,0.2383,111532.8693,71842.8449,memory_stress,checkoutservice,2026-06-09 15:15:00,2026-06-09 15:30:00,during_fault,3.1497602,1
2026-06-09 15:28:00,1080,EXP_FAULT_03,RUN_03,memory_stress,1,recommendationservice,recommendation-f03-04,online-boutique,node-b,0.3619,31.0066,0,97.9084,0.003635,26.1451,18.6375,46.9199,65.3452,115.5846,92.5252,97.5525,0.0825,0.2734,100868.2022,72240.3119,memory_stress,checkoutservice,2026-06-09 15:15:00,2026-06-09 15:30:00,during_fault,1.7433023,1
2026-06-09 15:28:05,1085,EXP_FAULT_03,RUN_03,memory_stress,1,recommendationservice,recommendation-f03-04,online-boutique,node-b,0.3905,31.3895,0,98.6127,0.003609,29.2823,22.0643,59.2923,83.8323,123.7739,93.1657,98.2568,0.0852,0.2707,113745.0273,73897.6426,memory_stress,checkoutservice,2026-06-09 15:15:00,2026-06-09 15:30:00,during_fault,5.552808,1
2026-06-09 15:28:10,1090,EXP_FAULT_03,RUN_03,memory_stress,1,recommendationservice,recommendation-f03-04,online-boutique,node-b,0.3693,31.3667,0,98.3438,0.004118,29.9278,19.7939,54.806,87.3297,133.8596,92.8641,97.9388,0.1445,0.2604,87230.7517,101715.06,memory_stress,checkoutservice,2026-06-09 15:15:00,2026-06-09 15:30:00,during_fault,4.8871927,1
2026-06-09 15:28:15,1095,EXP_FAULT_03,RUN_03,memory_stress,1,recommendationservice,recommendation-f03-04,online-boutique,node-b,0.368,31.4601,0,96.6665,0.004013,29.3819,19.6136,56.1508,83.6494,137.7932,91.2788,96.2786,0.1144,0.2735,103799.0523,100339.6003,memory_stress,checkoutservice,2026-06-09 15:15:00,2026-06-09 15:30:00,during_fault,4.527197,1
2026-06-09 15:28:20,1100,EXP_FAULT_03,RUN_03,memory_stress,1,recommendationservice,recommendation-f03-04,online-boutique,node-b,0.3851,31.7622,0,102.2393,0.004056,27.5275,19.5246,53.8663,72.9331,121.8647,96.5584,101.8246,0.1464,0.2683,117307.0618,72076.0407,memory_stress,checkoutservice,2026-06-09 15:15:00,2026-06-09 15:30:00,during_fault,3.4075572,1
2026-06-09 15:28:25,1105,EXP_FAULT_03,RUN_03,memory_stress,1,recommendationservice,recommendation-f03-04,online-boutique,node-b,0.3786,31.8782,0,100.7976,0.004333,28.4097,20.4297,54.0028,78.331,120.2927,95.1932,100.3608,0.1572,0.2796,97303.5814,97386.1458,memory_stress,checkoutservice,2026-06-09 15:15:00,2026-06-09 15:30:00,during_fault,4.145705,1
2026-06-09 15:28:30,1110,EXP_FAULT_03,RUN_03,memory_stress,1,recommendationservice,recommendation-f03-04,online-boutique,node-b,0.3677,31.7696,0,105.2801,0.00412,27.556,19.8221,49.547,76.9506,126.6854,99.5201,104.8463,0.1405,0.2933,102830.201,81280.1239,memory_stress,checkoutservice,2026-06-09 15:15:00,2026-06-09 15:30:00,during_fault,2.3350034,1
2026-06-09 15:28:35,1115,EXP_FAULT_03,RUN_03,memory_stress,1,recommendationservice,recommendation-f03-04,online-boutique,node-b,0.372,31.9415,0,101.8854,0.003463,25.6489,17.1407,50.5764,63.9133,103.8318,96.4243,101.5325,0.09,0.2628,86545.4469,80167.944,memory_stress,checkoutservice,2026-06-09 15:15:00,2026-06-09 15:30:00,during_fault,1.6828814,1
2026-06-09 15:28:40,1120,EXP_FAULT_03,RUN_03,memory_stress,1,recommendationservice,recommendation-f03-04,online-boutique,node-b,0.3822,31.2969,0,103.7976,0.003997,27.995,18.4304,57.3128,71.8197,120.3991,98.3092,103.3828,0.1651,0.2498,98667.5002,73127.5596,memory_stress,checkoutservice,2026-06-09 15:15:00,2026-06-09 15:30:00,during_fault,3.2317123,1
2026-06-09 15:28:45,1125,EXP_FAULT_03,RUN_03,memory_stress,1,recommendationservice,recommendation-f03-04,online-boutique,node-b,0.3573,31.3651,0,103.0766,0.003015,27.8568,20.6614,51.1779,76.7782,112.4985,97.7697,102.7658,0.0574,0.2534,104372.6636,83224.4513,memory_stress,checkoutservice,2026-06-09 15:15:00,2026-06-09 15:30:00,during_fault,1.978404,1
2026-06-09 15:28:50,1130,EXP_FAULT_03,RUN_03,memory_stress,1,recommendationservice,recommendation-f03-04,online-boutique,node-b,0.366,31.3327,0,102.1376,0.004065,29.2466,19.7517,51.5245,77.9102,129.8558,96.969,101.7224,0.157,0.2581,105780.0115,74624.9995,memory_stress,checkoutservice,2026-06-09 15:15:00,2026-06-09 15:30:00,during_fault,3.5566933,1
2026-06-09 15:28:55,1135,EXP_FAULT_03,RUN_03,memory_stress,1,recommendationservice,recommendation-f03-04,online-boutique,node-b,0.3611,32.0702,0,104.7211,0.003219,28.6856,19.5624,57.2105,80.673,122.9223,99.5687,104.3841,0.087,0.25,110075.0347,79942.5612,memory_stress,checkoutservice,2026-06-09 15:15:00,2026-06-09 15:30:00,during_fault,2.6122983,1
2026-06-09 15:29:00,1140,EXP_FAULT_03,RUN_03,memory_stress,1,recommendationservice,recommendation-f03-04,online-boutique,node-b,0.3822,31.2243,0,103.9879,0.002841,29.544,21.7337,55.5751,79.5077,130.0802,99.0428,103.6925,0.0395,0.2559,113785.0755,68854.667,memory_stress,checkoutservice,2026-06-09 15:15:00,2026-06-09 15:30:00,during_fault,4.518119,1
2026-06-09 15:29:05,1145,EXP_FAULT_03,RUN_03,memory_stress,1,recommendationservice,recommendation-f03-04,online-boutique,node-b,0.3696,31.5331,0,101.3952,0.003429,28.4154,19.3949,56.3189,72.3038,112.0503,96.7122,101.0475,0.1235,0.2242,129181.5594,95755.9038,memory_stress,checkoutservice,2026-06-09 15:15:00,2026-06-09 15:30:00,during_fault,3.0805387,1
2026-06-09 15:29:10,1150,EXP_FAULT_03,RUN_03,memory_stress,1,recommendationservice,recommendation-f03-04,online-boutique,node-b,0.3954,31.2546,0,107.3829,0.003879,27.6526,18.9986,53.6537,74.6003,109.7273,102.5244,106.9664,0.1712,0.2453,124245.9312,76268.2294,memory_stress,checkoutservice,2026-06-09 15:15:00,2026-06-09 15:30:00,during_fault,3.0846741,1
2026-06-09 15:29:15,1155,EXP_FAULT_03,RUN_03,memory_stress,1,recommendationservice,recommendation-f03-04,online-boutique,node-b,0.3532,31.3521,0,99.2788,0.003112,27.1258,18.4285,52.2941,70.8358,116.9835,94.9978,98.9698,0.1049,0.2041,112395.8445,90442.8443,memory_stress,checkoutservice,2026-06-09 15:15:00,2026-06-09 15:30:00,during_fault,1.7417574,1
2026-06-09 15:29:20,1160,EXP_FAULT_03,RUN_03,memory_stress,1,recommendationservice,recommendation-f03-04,online-boutique,node-b,0.3807,31.4709,0,103.4988,0.003422,25.4903,17.5072,45.1038,68.7732,100.8415,99.1794,103.1447,0.1347,0.2194,91205.5113,85306.7642,memory_stress,checkoutservice,2026-06-09 15:15:00,2026-06-09 15:30:00,during_fault,1.6077667,1
2026-06-09 15:29:25,1165,EXP_FAULT_03,RUN_03,memory_stress,1,recommendationservice,recommendation-f03-04,online-boutique,node-b,0.3789,31.1383,0,104.0581,0.002744,26.0887,20.1236,51.0941,69.7039,103.4931,99.9379,103.7725,0.0848,0.2007,88219.7689,78452.9775,memory_stress,checkoutservice,2026-06-09 15:15:00,2026-06-09 15:30:00,during_fault,1.6747694,1
2026-06-09 15:29:30,1170,EXP_FAULT_03,RUN_03,memory_stress,1,recommendationservice,recommendation-f03-04,online-boutique,node-b,0.3709,31.1353,0,100.1783,0.003411,28.2805,19.7994,52.2896,68.6123,100.1019,96.323,99.8366,0.1531,0.1885,90953.3814,70078.0897,memory_stress,checkoutservice,2026-06-09 15:15:00,2026-06-09 15:30:00,during_fault,3.2578118,1
2026-06-09 15:29:35,1175,EXP_FAULT_03,RUN_03,memory_stress,1,recommendationservice,recommendation-f03-04,online-boutique,node-b,0.3351,31.7502,0,99.7035,0.002989,28.0482,19.4268,47.9851,66.4275,113.6606,96.0495,99.4054,0.1211,0.177,124037.5361,91553.6784,memory_stress,checkoutservice,2026-06-09 15:15:00,2026-06-09 15:30:00,during_fault,1.7955621,1
2026-06-09 15:29:40,1180,EXP_FAULT_03,RUN_03,memory_stress,1,recommendationservice,recommendation-f03-04,online-boutique,node-b,0.3759,31.6933,0,102.2683,0.002718,24.9127,18.3503,47.8949,58.34,99.3997,98.6682,101.9903,0.0973,0.1807,94975.3345,80819.4822,memory_stress,checkoutservice,2026-06-09 15:15:00,2026-06-09 15:30:00,during_fault,1.0795377,1
2026-06-09 15:29:45,1185,EXP_FAULT_03,RUN_03,memory_stress,1,recommendationservice,recommendation-f03-04,online-boutique,node-b,0.3997,31.0968,0,103.3782,0.002386,24.9289,18.6256,41.7475,60.0594,95.6553,99.8882,103.1316,0.0597,0.187,125072.1101,88003.6133,memory_stress,checkoutservice,2026-06-09 15:15:00,2026-06-09 15:30:00,during_fault,1.8164501,1
2026-06-09 15:29:50,1190,EXP_FAULT_03,RUN_03,memory_stress,1,recommendationservice,recommendation-f03-04,online-boutique,node-b,0.3983,30.6108,0,101.201,0.002776,23.8934,15.9379,41.2981,54.8578,84.5315,97.8847,100.9201,0.1017,0.1793,126649.6865,73693.817,memory_stress,checkoutservice,2026-06-09 15:15:00,2026-06-09 15:30:00,during_fault,1.443742,1
2026-06-09 15:29:55,1195,EXP_FAULT_03,RUN_03,memory_stress,1,recommendationservice,recommendation-f03-04,online-boutique,node-b,0.354,31.2109,0,99.484,0.002125,26.8781,18.4577,45.3652,61.7303,94.7498,96.3863,99.2726,0.0634,0.148,102840.8791,86867.9269,memory_stress,checkoutservice,2026-06-09 15:15:00,2026-06-09 15:30:00,during_fault,1.7662191,1
2026-06-09 15:30:00,1200,EXP_FAULT_03,RUN_03,memory_stress,1,recommendationservice,recommendation-f03-04,online-boutique,node-b,0.3675,31.09,0,99.9637,0.002254,25.0037,19.4738,47.084,59.837,88.053,96.8959,99.7384,0.0874,0.1379,87314.0932,91457.2326,memory_stress,checkoutservice,2026-06-09 15:15:00,2026-06-09 15:30:00,post_fault,1.0881493,1
2026-06-09 15:30:05,1205,EXP_FAULT_03,RUN_03,memory_stress,1,recommendationservice,recommendation-f03-04,online-boutique,node-b,0.3745,30.7957,0,104.3394,0.002076,25.3866,18.0743,47.0096,61.297,95.0403,101.1926,104.1228,0.0433,0.1733,99889.7339,97647.6614,memory_stress,checkoutservice,2026-06-09 15:15:00,2026-06-09 15:30:00,post_fault,1.194172,1
2026-06-09 15:30:10,1210,EXP_FAULT_03,RUN_03,memory_stress,1,recommendationservice,recommendation-f03-04,online-boutique,node-b,0.3644,31.5795,0,101.8326,0.002023,22.52,15.7544,43.3133,57.1701,77.4935,98.7937,101.6266,0.0417,0.1642,104309.7779,101638.5175,memory_stress,checkoutservice,2026-06-09 15:15:00,2026-06-09 15:30:00,post_fault,0.1887856,0
2026-06-09 15:30:15,1215,EXP_FAULT_03,RUN_03,memory_stress,1,recommendationservice,recommendation-f03-04,online-boutique,node-b,0.3644,31.9284,0,101.864,0.001681,25.2067,17.7738,45.99,59.442,95.6412,98.8852,101.6927,0.0335,0.1377,106491.4577,94284.5085,memory_stress,checkoutservice,2026-06-09 15:15:00,2026-06-09 15:30:00,post_fault,1.0200768,1
2026-06-09 15:30:20,1220,EXP_FAULT_03,RUN_03,memory_stress,1,recommendationservice,recommendation-f03-04,online-boutique,node-b,0.3553,31.2701,0,104.1791,0.002086,26.3389,19.0252,45.0884,67.1237,90.7273,101.1639,103.9617,0.0714,0.146,130055.2447,86950.0519,memory_stress,checkoutservice,2026-06-09 15:15:00,2026-06-09 15:30:00,post_fault,1.0769885,1
2026-06-09 15:30:25,1225,EXP_FAULT_03,RUN_03,memory_stress,1,recommendationservice,recommendation-f03-04,online-boutique,node-b,0.3393,30.8546,0,104.5016,0.002849,23.7207,16.3097,42.1884,59.9001,92.1051,101.4485,104.2039,0.1515,0.1462,87852.1476,78739.721,memory_stress,checkoutservice,2026-06-09 15:15:00,2026-06-09 15:30:00,post_fault,0.08242828,0
2026-06-09 15:30:30,1230,EXP_FAULT_03,RUN_03,memory_stress,1,recommendationservice,recommendation-f03-04,online-boutique,node-b,0.3416,31.5016,0,102.861,0.002393,24.2861,18.8046,41.7654,53.9648,83.4891,99.9537,102.6148,0.0878,0.1583,105701.1431,70451.5737,memory_stress,checkoutservice,2026-06-09 15:15:00,2026-06-09 15:30:00,post_fault,0.23097268,0
2026-06-09 15:30:35,1235,EXP_FAULT_03,RUN_03,memory_stress,1,recommendationservice,recommendation-f03-04,online-boutique,node-b,0.3778,31.6305,0,102.8658,0.001759,23.765,17.352,43.3429,53.5016,79.4942,100.006,102.6848,0.0297,0.1513,95016.3731,86612.7397,memory_stress,checkoutservice,2026-06-09 15:15:00,2026-06-09 15:30:00,post_fault,0.6338081,1
2026-06-09 15:30:40,1240,EXP_FAULT_03,RUN_03,memory_stress,1,recommendationservice,recommendation-f03-04,online-boutique,node-b,0.3477,30.9961,0,102.041,0.001758,22.4551,15.4199,41.0083,51.022,76.4758,99.2412,101.8616,0.029,0.1504,109448.6657,70075.6156,memory_stress,checkoutservice,2026-06-09 15:15:00,2026-06-09 15:30:00,post_fault,0.06138491,0
2026-06-09 15:30:45,1245,EXP_FAULT_03,RUN_03,memory_stress,1,recommendationservice,recommendation-f03-04,online-boutique,node-b,0.3735,31.23,0,102.909,0.002021,26.7681,18.4397,47.9445,61.6817,90.0795,100.1097,102.701,0.0807,0.1274,103551.808,98638.5344,memory_stress,checkoutservice,2026-06-09 15:15:00,2026-06-09 15:30:00,post_fault,2.020759,1
2026-06-09 15:30:50,1250,EXP_FAULT_03,RUN_03,memory_stress,1,recommendationservice,recommendation-f03-04,online-boutique,node-b,0.3884,31.0712,0,102.0037,0.002425,24.4849,17.5513,42.9201,55.2932,94.5554,99.2487,101.7563,0.1148,0.1326,109444.0542,103850.5499,memory_stress,checkoutservice,2026-06-09 15:15:00,2026-06-09 15:30:00,post_fault,1.3021499,1
2026-06-09 15:30:55,1255,EXP_FAULT_03,RUN_03,memory_stress,1,recommendationservice,recommendation-f03-04,online-boutique,node-b,0.3747,31.7469,0,105.6576,0.002351,25.7655,17.7823,46.9284,59.4905,94.3011,102.8249,105.4091,0.1211,0.1273,125381.5408,72535.3953,memory_stress,checkoutservice,2026-06-09 15:15:00,2026-06-09 15:30:00,post_fault,1.1448195,1
2026-06-09 15:31:00,1260,EXP_FAULT_03,RUN_03,memory_stress,1,recommendationservice,recommendation-f03-04,online-boutique,node-b,0.3598,31.3191,0,109.3879,0.002259,25.9227,18.2938,46.5021,63.3678,82.5587,106.5353,109.1408,0.0945,0.1526,103894.5766,108691.4533,memory_stress,checkoutservice,2026-06-09 15:15:00,2026-06-09 15:30:00,post_fault,0.628672,1
2026-06-09 15:31:05,1265,EXP_FAULT_03,RUN_03,memory_stress,1,recommendationservice,recommendation-f03-04,online-boutique,node-b,0.3784,31.2418,0,110.7221,0.001849,26.1325,18.1506,45.0675,56.1866,93.7943,107.8896,110.5174,0.0741,0.1305,95797.6664,87118.1487,memory_stress,checkoutservice,2026-06-09 15:15:00,2026-06-09 15:30:00,post_fault,1.1203337,1
2026-06-09 15:31:10,1270,EXP_FAULT_03,RUN_03,memory_stress,1,recommendationservice,recommendation-f03-04,online-boutique,node-b,0.3513,31.7543,0,110.931,0.002384,25.1277,19.2485,41.012,60.8854,87.9959,108.1031,110.6666,0.1315,0.1329,116838.5556,73583.6425,memory_stress,checkoutservice,2026-06-09 15:15:00,2026-06-09 15:30:00,post_fault,0.2083675,0
2026-06-09 15:31:15,1275,EXP_FAULT_03,RUN_03,memory_stress,1,recommendationservice,recommendation-f03-04,online-boutique,node-b,0.3778,32.0714,0,106.6943,0.001811,24.9398,17.2301,42.5786,53.361,91.8504,104.0309,106.5011,0.0491,0.1441,92084.6832,97862.0469,memory_stress,checkoutservice,2026-06-09 15:15:00,2026-06-09 15:30:00,post_fault,0.82477206,1
2026-06-09 15:31:20,1280,EXP_FAULT_03,RUN_03,memory_stress,1,recommendationservice,recommendation-f03-04,online-boutique,node-b,0.3749,31.4484,0,109.3225,0.001838,22.1373,15.7779,36.9104,49.6277,82.6182,106.6401,109.1215,0.0702,0.1308,90102.9522,77918.9916,memory_stress,checkoutservice,2026-06-09 15:15:00,2026-06-09 15:30:00,post_fault,0.028024208,0
2026-06-09 15:31:25,1285,EXP_FAULT_03,RUN_03,memory_stress,1,recommendationservice,recommendation-f03-04,online-boutique,node-b,0.3769,30.6605,0,111.785,0.0023,25.8376,19.638,44.7027,57.1547,89.6423,109.0436,111.5278,0.1079,0.1492,135558.5023,101434.6438,memory_stress,checkoutservice,2026-06-09 15:15:00,2026-06-09 15:30:00,post_fault,0.896721,1
2026-06-09 15:31:30,1290,EXP_FAULT_03,RUN_03,memory_stress,1,recommendationservice,recommendation-f03-04,online-boutique,node-b,0.3857,31.1445,0,110.6695,0.001684,24.9582,18.002,46.1856,60.3101,78.1497,108.0198,110.4831,0.0321,0.1543,132801.6147,99254.178,memory_stress,checkoutservice,2026-06-09 15:15:00,2026-06-09 15:30:00,post_fault,0.8205633,1
2026-06-09 15:31:35,1295,EXP_FAULT_03,RUN_03,memory_stress,1,recommendationservice,recommendation-f03-04,online-boutique,node-b,0.3836,31.0132,0,109.355,0.001751,23.4888,18.4285,42.7443,50.0779,86.302,106.7786,109.1636,0.0438,0.1476,118942.7113,95152.2108,memory_stress,checkoutservice,2026-06-09 15:15:00,2026-06-09 15:30:00,post_fault,0.3546872,0
2026-06-09 15:31:40,1300,EXP_FAULT_03,RUN_03,memory_stress,1,recommendationservice,recommendation-f03-04,online-boutique,node-b,0.3787,31.64,0,110.9986,0.002156,23.8234,18.787,38.4352,57.6241,80.2538,108.3925,110.7592,0.1072,0.1322,102542.8984,76713.0642,memory_stress,checkoutservice,2026-06-09 15:15:00,2026-06-09 15:30:00,post_fault,0.25273865,0
2026-06-09 15:31:45,1305,EXP_FAULT_03,RUN_03,memory_stress,1,recommendationservice,recommendation-f03-04,online-boutique,node-b,0.3877,31.3103,0,110.1265,0.002555,25.196,18.1556,47.0647,56.5333,93.0465,107.5313,109.8451,0.1678,0.1136,134163.4461,105035.3314,memory_stress,checkoutservice,2026-06-09 15:15:00,2026-06-09 15:30:00,post_fault,0.959587,1
2026-06-09 15:31:50,1310,EXP_FAULT_03,RUN_03,memory_stress,1,recommendationservice,recommendation-f03-04,online-boutique,node-b,0.3565,31.046,0,113.0727,0.002801,25.1875,19.618,40.8588,54.8269,87.3339,110.4216,112.756,0.1774,0.1393,96510.7848,83245.3366,memory_stress,checkoutservice,2026-06-09 15:15:00,2026-06-09 15:30:00,post_fault,0.22562747,0
2026-06-09 15:31:55,1315,EXP_FAULT_03,RUN_03,memory_stress,1,recommendationservice,recommendation-f03-04,online-boutique,node-b,0.4101,31.0401,0,113.0786,0.002566,25.738,18.8844,48.3554,56.8207,93.8403,110.5111,112.7884,0.1564,0.1338,97979.4553,105305.1415,memory_stress,checkoutservice,2026-06-09 15:15:00,2026-06-09 15:30:00,post_fault,1.7160375,1
2026-06-09 15:32:00,1320,EXP_FAULT_03,RUN_03,memory_stress,1,recommendationservice,recommendation-f03-04,online-boutique,node-b,0.3743,31.048,0,112.0301,0.001771,26.6884,19.7799,43.8457,56.3447,93.1241,109.5677,111.8317,0.0779,0.1205,139672.3311,92445.1737,memory_stress,checkoutservice,2026-06-09 15:15:00,2026-06-09 15:30:00,post_fault,1.2098418,1
2026-06-09 15:32:05,1325,EXP_FAULT_03,RUN_03,memory_stress,1,recommendationservice,recommendation-f03-04,online-boutique,node-b,0.4011,31.3736,0,111.3553,0.001743,24.0831,18.7158,42.3138,57.2435,79.3039,108.9299,111.1611,0.0693,0.1248,120311.3078,102931.8038,memory_stress,checkoutservice,2026-06-09 15:15:00,2026-06-09 15:30:00,post_fault,0.76675975,1
2026-06-09 15:32:10,1330,EXP_FAULT_03,RUN_03,memory_stress,1,recommendationservice,recommendation-f03-04,online-boutique,node-b,0.3937,30.5968,0,112.1927,0.00176,25.7853,18.3989,47.4661,55.1455,87.647,109.783,111.9952,0.0712,0.1263,93048.6689,78768.1132,memory_stress,checkoutservice,2026-06-09 15:15:00,2026-06-09 15:30:00,post_fault,1.387333,1
2026-06-09 15:32:15,1335,EXP_FAULT_03,RUN_03,memory_stress,1,recommendationservice,recommendation-f03-04,online-boutique,node-b,0.3731,31.6883,0,109.3217,0.002473,24.7076,18.9553,44.3581,56.6605,81.2548,106.9296,109.0513,0.1578,0.1126,114749.4906,80448.4886,memory_stress,checkoutservice,2026-06-09 15:15:00,2026-06-09 15:30:00,post_fault,0.46514735,1
2026-06-09 15:32:20,1340,EXP_FAULT_03,RUN_03,memory_stress,1,recommendationservice,recommendation-f03-04,online-boutique,node-b,0.4105,31.6832,0,111.1405,0.002552,24.6663,18.2671,39.8997,52.0911,89.2682,108.7428,110.8569,0.1472,0.1364,111101.6129,102895.5044,memory_stress,checkoutservice,2026-06-09 15:15:00,2026-06-09 15:30:00,post_fault,1.2342128,1
2026-06-09 15:32:25,1345,EXP_FAULT_03,RUN_03,memory_stress,1,recommendationservice,recommendation-f03-04,online-boutique,node-b,0.3702,31.6647,0,111.4839,0.001289,26.2897,19.2343,45.8277,59.6067,87.4378,109.2024,111.3401,0.0371,0.1067,111268.76,76230.0071,memory_stress,checkoutservice,2026-06-09 15:15:00,2026-06-09 15:30:00,post_fault,0.8782798,1
2026-06-09 15:32:30,1350,EXP_FAULT_03,RUN_03,memory_stress,1,recommendationservice,recommendation-f03-04,online-boutique,node-b,0.3721,31.4753,0,111.6094,0.00231,24.9209,19.547,40.7507,57.4879,78.5357,109.2951,111.3516,0.138,0.1198,92960.1225,114458.323,memory_stress,checkoutservice,2026-06-09 15:15:00,2026-06-09 15:30:00,post_fault,0.41466928,0
2026-06-09 15:32:35,1355,EXP_FAULT_03,RUN_03,memory_stress,1,recommendationservice,recommendation-f03-04,online-boutique,node-b,0.3647,31.6938,0,109.0732,0.001759,23.8251,16.7739,40.917,52.0854,75.7153,106.8912,108.8814,0.0891,0.1028,117156.0554,81939.7791,memory_stress,checkoutservice,2026-06-09 15:15:00,2026-06-09 15:30:00,post_fault,0.16081074,0
2026-06-09 15:32:40,1360,EXP_FAULT_03,RUN_03,memory_stress,1,recommendationservice,recommendation-f03-04,online-boutique,node-b,0.3984,31.4779,0,113.9237,0.002483,23.9101,18.4158,42.3214,55.4434,78.6492,111.5958,113.6408,0.1553,0.1275,119282.1237,75445.2008,memory_stress,checkoutservice,2026-06-09 15:15:00,2026-06-09 15:30:00,post_fault,0.49038434,1
2026-06-09 15:32:45,1365,EXP_FAULT_03,RUN_03,memory_stress,1,recommendationservice,recommendation-f03-04,online-boutique,node-b,0.4056,32.2425,0,109.5495,0.001928,23.8964,18.0859,42.8199,49.4062,86.3172,107.3751,109.3383,0.0949,0.1163,95667.2019,75593.348,memory_stress,checkoutservice,2026-06-09 15:15:00,2026-06-09 15:30:00,post_fault,0.9500395,1
2026-06-09 15:32:50,1370,EXP_FAULT_03,RUN_03,memory_stress,1,recommendationservice,recommendation-f03-04,online-boutique,node-b,0.3829,31.2773,0,110.9381,0.002344,25.1655,17.5397,43.9115,59.7911,90.0354,108.7288,110.6781,0.1646,0.0955,104662.9016,98580.0164,memory_stress,checkoutservice,2026-06-09 15:15:00,2026-06-09 15:30:00,post_fault,0.78204125,1
2026-06-09 15:32:55,1375,EXP_FAULT_03,RUN_03,memory_stress,1,recommendationservice,recommendation-f03-04,online-boutique,node-b,0.3711,31.2664,0,109.0643,0.002624,23.0323,17.0637,41.8756,49.443,82.0683,106.9492,108.7781,0.1695,0.1167,128782.3244,79738.5362,memory_stress,checkoutservice,2026-06-09 15:15:00,2026-06-09 15:30:00,post_fault,0.20641932,0
2026-06-09 15:33:00,1380,EXP_FAULT_03,RUN_03,memory_stress,1,recommendationservice,recommendation-f03-04,online-boutique,node-b,0.3642,31.6903,0,108.8421,0.002641,23.2052,18.0116,42.0184,50.0811,82.4869,106.7524,108.5546,0.1683,0.1192,90808.8752,79526.386,memory_stress,checkoutservice,2026-06-09 15:15:00,2026-06-09 15:30:00,post_fault,0.22762862,0
2026-06-09 15:33:05,1385,EXP_FAULT_03,RUN_03,memory_stress,1,recommendationservice,recommendation-f03-04,online-boutique,node-b,0.3903,31.0065,0,107.4126,0.002423,23.6903,18.3484,43.8183,51.4364,78.115,105.3775,107.1524,0.1495,0.1108,98801.0917,91157.3884,memory_stress,checkoutservice,2026-06-09 15:15:00,2026-06-09 15:30:00,post_fault,0.62044203,1
2026-06-09 15:33:10,1390,EXP_FAULT_03,RUN_03,memory_stress,1,recommendationservice,recommendation-f03-04,online-boutique,node-b,0.3614,31.0114,0,111.3145,0.001747,24.693,18.7869,44.1075,51.9756,85.8517,109.2867,111.1201,0.0904,0.104,138144.4716,97195.7189,memory_stress,checkoutservice,2026-06-09 15:15:00,2026-06-09 15:30:00,post_fault,0.2359318,0
2026-06-09 15:33:15,1395,EXP_FAULT_03,RUN_03,memory_stress,1,recommendationservice,recommendation-f03-04,online-boutique,node-b,0.3799,31.1951,0,108.6817,0.002473,22.3237,16.6705,38.9174,49.5525,73.177,106.6375,108.413,0.153,0.1157,106110.7734,87061.5648,memory_stress,checkoutservice,2026-06-09 15:15:00,2026-06-09 15:30:00,post_fault,0.16724204,0
2026-06-09 15:33:20,1400,EXP_FAULT_03,RUN_03,memory_stress,1,recommendationservice,recommendation-f03-04,online-boutique,node-b,0.3724,31.6808,0,110.4492,0.00183,24.1874,19.1936,43.476,50.9676,78.635,108.4758,110.2471,0.0834,0.1187,119110.1572,73763.4138,memory_stress,checkoutservice,2026-06-09 15:15:00,2026-06-09 15:30:00,post_fault,0.25864798,0
2026-06-09 15:33:25,1405,EXP_FAULT_03,RUN_03,memory_stress,1,recommendationservice,recommendation-f03-04,online-boutique,node-b,0.3984,31.6617,0,109.6783,0.001906,24.2868,19.0995,38.466,49.718,76.3705,107.7556,109.4693,0.1111,0.0978,139605.1921,100781.2616,memory_stress,checkoutservice,2026-06-09 15:15:00,2026-06-09 15:30:00,post_fault,0.85172856,1
2026-06-09 15:33:30,1410,EXP_FAULT_03,RUN_03,memory_stress,1,recommendationservice,recommendation-f03-04,online-boutique,node-b,0.3685,31.331,0,110.7065,0.001488,22.762,17.5367,41.483,46.686,66.5404,108.7941,110.5418,0.051,0.1137,123077.7658,72191.0482,memory_stress,checkoutservice,2026-06-09 15:15:00,2026-06-09 15:30:00,post_fault,0.02914009,0
2026-06-09 15:33:35,1415,EXP_FAULT_03,RUN_03,memory_stress,1,recommendationservice,recommendation-f03-04,online-boutique,node-b,0.357,31.1823,0,109.489,0.001512,23.508,16.9902,41.0172,47.9402,75.1657,107.6262,109.3234,0.0597,0.1059,105724.3545,108073.8154,memory_stress,checkoutservice,2026-06-09 15:15:00,2026-06-09 15:30:00,post_fault,0.06848984,0
2026-06-09 15:33:40,1420,EXP_FAULT_03,RUN_03,memory_stress,1,recommendationservice,recommendation-f03-04,online-boutique,node-b,0.3765,31.776,0,106.6787,0.001804,25.387,20.212,43.2012,58.5527,77.9923,104.8462,106.4863,0.1098,0.0826,102869.5258,97486.7335,memory_stress,checkoutservice,2026-06-09 15:15:00,2026-06-09 15:30:00,post_fault,0.9696333,1
2026-06-09 15:33:45,1425,EXP_FAULT_03,RUN_03,memory_stress,1,recommendationservice,recommendation-f03-04,online-boutique,node-b,0.3732,31.7147,0,106.512,0.001106,23.3548,16.2438,41.3294,51.1516,78.5189,104.7607,106.3943,0.0344,0.0834,118298.4668,86952.9148,memory_stress,checkoutservice,2026-06-09 15:15:00,2026-06-09 15:30:00,post_fault,0.29889208,0
2026-06-09 15:33:50,1430,EXP_FAULT_03,RUN_03,memory_stress,1,recommendationservice,recommendation-f03-04,online-boutique,node-b,0.3736,30.3184,0,114.2914,0.001519,24.7092,18.7888,39.3743,54.7274,77.44,112.4323,114.1177,0.0752,0.0984,101553.5879,99278.9052,memory_stress,checkoutservice,2026-06-09 15:15:00,2026-06-09 15:30:00,post_fault,0.36152235,0
2026-06-09 15:33:55,1435,EXP_FAULT_03,RUN_03,memory_stress,1,recommendationservice,recommendation-f03-04,online-boutique,node-b,0.3571,31.4926,0,108.1336,0.002626,22.7107,16.6945,37.6992,50.0768,69.5651,106.3518,107.8496,0.1695,0.1145,106611.7608,108219.4316,memory_stress,checkoutservice,2026-06-09 15:15:00,2026-06-09 15:30:00,post_fault,0.18124732,0
2026-06-09 15:34:00,1440,EXP_FAULT_03,RUN_03,memory_stress,1,recommendationservice,recommendation-f03-04,online-boutique,node-b,0.3822,30.7047,0,112.2165,0.001669,24.3685,18.0605,42.4629,54.8408,74.4236,110.3957,112.0293,0.0897,0.0975,107241.6133,90530.0436,memory_stress,checkoutservice,2026-06-09 15:15:00,2026-06-09 15:30:00,post_fault,0.47511178,1
2026-06-09 15:34:05,1445,EXP_FAULT_03,RUN_03,memory_stress,1,recommendationservice,recommendation-f03-04,online-boutique,node-b,0.3738,31.3474,0,113.7024,0.002465,24.0,16.8333,42.6915,54.0716,71.0976,111.8183,113.4221,0.1731,0.1072,119538.3773,107368.3343,memory_stress,checkoutservice,2026-06-09 15:15:00,2026-06-09 15:30:00,post_fault,0.2034719,0
2026-06-09 15:34:10,1450,EXP_FAULT_03,RUN_03,memory_stress,1,recommendationservice,recommendation-f03-04,online-boutique,node-b,0.36,31.7379,0,110.4265,0.001732,23.8806,17.1958,41.9101,48.6721,69.0105,108.6756,110.2352,0.0993,0.092,123264.6416,114116.5815,memory_stress,checkoutservice,2026-06-09 15:15:00,2026-06-09 15:30:00,post_fault,0.09457159,0
2026-06-09 15:34:15,1455,EXP_FAULT_03,RUN_03,memory_stress,1,recommendationservice,recommendation-f03-04,online-boutique,node-b,0.3721,32.1758,0,111.9555,0.001664,25.9415,20.0282,44.5611,54.1586,78.6174,110.2203,111.7692,0.1022,0.0842,106283.3283,107013.9268,memory_stress,checkoutservice,2026-06-09 15:15:00,2026-06-09 15:30:00,post_fault,0.77520025,1
2026-06-09 15:34:20,1460,EXP_FAULT_03,RUN_03,memory_stress,1,recommendationservice,recommendation-f03-04,online-boutique,node-b,0.3686,31.2275,0,111.9071,0.001302,22.606,17.4264,40.8069,45.2482,68.4779,110.2151,111.7614,0.0554,0.0902,106999.1885,85487.059,memory_stress,checkoutservice,2026-06-09 15:15:00,2026-06-09 15:30:00,post_fault,0.011395842,0
2026-06-09 15:34:25,1465,EXP_FAULT_03,RUN_03,memory_stress,1,recommendationservice,recommendation-f03-04,online-boutique,node-b,0.3596,31.0349,0,117.1613,0.00194,24.2633,19.0482,38.3238,53.8608,74.9433,115.3609,116.934,0.1179,0.1094,123085.5321,105980.4334,memory_stress,checkoutservice,2026-06-09 15:15:00,2026-06-09 15:30:00,post_fault,0.02843973,0
2026-06-09 15:34:30,1470,EXP_FAULT_03,RUN_03,memory_stress,1,recommendationservice,recommendation-f03-04,online-boutique,node-b,0.3951,31.4276,0,117.1339,0.0013,24.1875,16.9406,41.215,54.2314,70.7542,115.4329,116.9816,0.0496,0.1027,112391.9739,106748.6644,memory_stress,checkoutservice,2026-06-09 15:15:00,2026-06-09 15:30:00,post_fault,0.36968556,0
2026-06-09 15:34:35,1475,EXP_FAULT_03,RUN_03,memory_stress,1,recommendationservice,recommendation-f03-04,online-boutique,node-b,0.3825,30.64,0,113.9318,0.001052,23.9669,17.7586,39.812,48.9455,70.1176,112.2974,113.8119,0.0324,0.0874,114888.4939,81813.8388,memory_stress,checkoutservice,2026-06-09 15:15:00,2026-06-09 15:30:00,post_fault,0.32313567,0
2026-06-09 15:34:40,1480,EXP_FAULT_03,RUN_03,memory_stress,1,recommendationservice,recommendation-f03-04,online-boutique,node-b,0.3613,31.196,0,118.555,0.001026,23.6695,17.0124,38.0237,48.0055,74.1899,116.8863,118.4334,0.0392,0.0824,131280.5289,119913.4919,memory_stress,checkoutservice,2026-06-09 15:15:00,2026-06-09 15:30:00,post_fault,0.0140181165,0
2026-06-09 15:34:45,1485,EXP_FAULT_03,RUN_03,memory_stress,1,recommendationservice,recommendation-f03-04,online-boutique,node-b,0.3641,31.5525,0,118.9305,0.001193,23.229,17.3596,39.3849,46.5828,76.5636,117.2644,118.7886,0.0465,0.0954,99197.4511,118002.4513,memory_stress,checkoutservice,2026-06-09 15:15:00,2026-06-09 15:30:00,post_fault,0.01525417,0
2026-06-09 15:34:50,1490,EXP_FAULT_03,RUN_03,memory_stress,1,recommendationservice,recommendation-f03-04,online-boutique,node-b,0.3697,32.0613,0,117.2747,0.00208,24.7055,18.9829,44.0645,54.3222,76.8232,115.569,117.0307,0.1674,0.0766,113760.8645,87880.4456,memory_stress,checkoutservice,2026-06-09 15:15:00,2026-06-09 15:30:00,post_fault,0.1683096,0
2026-06-09 15:34:55,1495,EXP_FAULT_03,RUN_03,memory_stress,1,recommendationservice,recommendation-f03-04,online-boutique,node-b,0.3802,31.0642,0,116.1027,0.001576,22.2225,17.4994,35.8999,50.9882,73.7407,114.5058,115.9197,0.0846,0.0984,148091.156,112986.6115,memory_stress,checkoutservice,2026-06-09 15:15:00,2026-06-09 15:30:00,post_fault,0.00051959156,0
2026-06-09 15:35:00,1500,EXP_FAULT_03,RUN_03,memory_stress,1,recommendationservice,recommendation-f03-04,online-boutique,node-b,0.3871,31.218,0,117.4272,0.001974,23.2546,18.0937,40.0473,53.1284,66.5798,115.7853,117.1954,0.1396,0.0922,146903.3422,106317.9121,memory_stress,checkoutservice,2026-06-09 15:15:00,2026-06-09 15:30:00,post_fault,0.07507197,0
2026-06-09 15:35:05,1505,EXP_FAULT_03,RUN_03,memory_stress,1,recommendationservice,recommendation-f03-04,online-boutique,node-b,0.3788,31.3583,0,120.4809,0.002349,25.2277,18.2847,43.0673,49.8262,83.3043,118.8047,120.1979,0.1864,0.0966,103360.5567,82370.4519,memory_stress,checkoutservice,2026-06-09 15:15:00,2026-06-09 15:30:00,post_fault,0.25849912,0
2026-06-09 15:35:10,1510,EXP_FAULT_03,RUN_03,memory_stress,1,recommendationservice,recommendation-f03-04,online-boutique,node-b,0.3692,31.3533,0,115.6424,0.00223,22.4298,17.9338,35.6638,47.2363,74.8773,114.0411,115.3846,0.178,0.0799,97362.2097,105219.1411,memory_stress,checkoutservice,2026-06-09 15:15:00,2026-06-09 15:30:00,post_fault,0.09953438,0
2026-06-09 15:35:15,1515,EXP_FAULT_03,RUN_03,memory_stress,1,recommendationservice,recommendation-f03-04,online-boutique,node-b,0.3673,31.464,0,116.5681,0.001191,24.4232,19.4025,40.4478,53.8377,72.2588,115.049,116.4292,0.0508,0.0881,137144.7182,93916.8069,memory_stress,checkoutservice,2026-06-09 15:15:00,2026-06-09 15:30:00,post_fault,0.093717895,0
2026-06-09 15:35:20,1520,EXP_FAULT_03,RUN_03,memory_stress,1,recommendationservice,recommendation-f03-04,online-boutique,node-b,0.3886,31.2721,0,118.6718,0.002161,24.8852,19.7111,44.0284,50.8674,75.8633,117.1022,118.4154,0.1496,0.1069,117915.4341,120423.8676,memory_stress,checkoutservice,2026-06-09 15:15:00,2026-06-09 15:30:00,post_fault,0.36960483,0
2026-06-09 15:35:25,1525,EXP_FAULT_03,RUN_03,memory_stress,1,recommendationservice,recommendation-f03-04,online-boutique,node-b,0.3786,31.5693,0,115.0664,0.001144,24.6423,17.8205,40.0458,48.7864,80.1098,113.608,114.9348,0.0577,0.074,104926.4412,101205.789,memory_stress,checkoutservice,2026-06-09 15:15:00,2026-06-09 15:30:00,post_fault,0.30601394,0
2026-06-09 15:35:30,1530,EXP_FAULT_03,RUN_03,memory_stress,1,recommendationservice,recommendation-f03-04,online-boutique,node-b,0.3966,31.7247,0,114.5002,0.001363,23.2381,16.8565,36.0995,49.6853,68.7177,113.0796,114.344,0.0832,0.0729,133158.5841,97537.5294,memory_stress,checkoutservice,2026-06-09 15:15:00,2026-06-09 15:30:00,post_fault,0.24114677,0
2026-06-09 15:35:35,1535,EXP_FAULT_03,RUN_03,memory_stress,1,recommendationservice,recommendation-f03-04,online-boutique,node-b,0.3735,30.9858,0,115.2623,0.001114,24.4027,16.896,40.4624,48.3951,68.2188,113.8435,115.1339,0.0318,0.0966,143306.8158,75054.0773,memory_stress,checkoutservice,2026-06-09 15:15:00,2026-06-09 15:30:00,post_fault,0.22332469,0
2026-06-09 15:35:40,1540,EXP_FAULT_03,RUN_03,memory_stress,1,recommendationservice,recommendation-f03-04,online-boutique,node-b,0.3701,32.084,0,111.9915,0.001373,23.2968,18.6895,39.5856,50.2205,72.5915,110.6367,111.8377,0.0767,0.0771,130601.8181,82579.936,memory_stress,checkoutservice,2026-06-09 15:15:00,2026-06-09 15:30:00,post_fault,0.07622835,0
2026-06-09 15:35:45,1545,EXP_FAULT_03,RUN_03,memory_stress,1,recommendationservice,recommendation-f03-04,online-boutique,node-b,0.3593,31.6461,0,115.0055,0.001176,23.8179,17.8306,37.6776,47.3082,68.8563,113.6433,114.8703,0.0626,0.0726,111512.2988,76039.1091,memory_stress,checkoutservice,2026-06-09 15:15:00,2026-06-09 15:30:00,post_fault,0.018460045,0
2026-06-09 15:35:50,1550,EXP_FAULT_03,RUN_03,memory_stress,1,recommendationservice,recommendation-f03-04,online-boutique,node-b,0.3793,31.3445,0,113.8588,0.00218,22.74,16.5771,37.7692,50.1011,67.0813,112.4786,113.6105,0.1779,0.0704,100549.8003,74452.9214,memory_stress,checkoutservice,2026-06-09 15:15:00,2026-06-09 15:30:00,post_fault,0.06721397,0
2026-06-09 15:35:55,1555,EXP_FAULT_03,RUN_03,memory_stress,1,recommendationservice,recommendation-f03-04,online-boutique,node-b,0.3763,32.2462,0,113.1722,0.001627,22.9631,18.1174,38.6163,48.4278,75.3132,111.8196,112.9881,0.088,0.0961,112645.8594,106481.0739,memory_stress,checkoutservice,2026-06-09 15:15:00,2026-06-09 15:30:00,post_fault,0.09218703,0
2026-06-09 15:36:00,1560,EXP_FAULT_03,RUN_03,memory_stress,1,recommendationservice,recommendation-f03-04,online-boutique,node-b,0.3631,31.35,0,111.6287,0.001686,22.4501,17.0334,35.3873,46.8511,63.395,110.3372,111.4405,0.1186,0.0696,101729.9332,109148.9884,memory_stress,checkoutservice,2026-06-09 15:15:00,2026-06-09 15:30:00,post_fault,0.0047362805,0
2026-06-09 15:36:05,1565,EXP_FAULT_03,RUN_03,memory_stress,1,recommendationservice,recommendation-f03-04,online-boutique,node-b,0.3773,31.3529,0,109.4374,0.00178,22.9175,15.8532,38.7709,46.9726,69.2259,108.1799,109.2426,0.1343,0.0605,139547.6547,98163.1935,memory_stress,checkoutservice,2026-06-09 15:15:00,2026-06-09 15:30:00,post_fault,0.12867042,0
2026-06-09 15:36:10,1570,EXP_FAULT_03,RUN_03,memory_stress,1,recommendationservice,recommendation-f03-04,online-boutique,node-b,0.3589,31.6432,0,110.6014,0.00167,22.9723,17.0915,36.3479,44.8095,62.6317,109.3205,110.4167,0.1274,0.0573,112254.4041,98993.13,memory_stress,checkoutservice,2026-06-09 15:15:00,2026-06-09 15:30:00,post_fault,0.013241147,0
2026-06-09 15:36:15,1575,EXP_FAULT_03,RUN_03,memory_stress,1,recommendationservice,recommendation-f03-04,online-boutique,node-b,0.3686,31.4396,0,108.7165,0.001366,23.6848,18.5559,36.9982,47.3564,67.8925,107.4989,108.5679,0.0671,0.0814,101927.789,76376.8784,memory_stress,checkoutservice,2026-06-09 15:15:00,2026-06-09 15:30:00,post_fault,0.21625736,0
2026-06-09 15:36:20,1580,EXP_FAULT_03,RUN_03,memory_stress,1,recommendationservice,recommendation-f03-04,online-boutique,node-b,0.4008,31.5202,0,111.8835,0.001423,24.2991,16.8889,39.2709,47.6639,70.1444,110.6586,111.7243,0.091,0.0682,142829.8969,91356.2778,memory_stress,checkoutservice,2026-06-09 15:15:00,2026-06-09 15:30:00,post_fault,0.8134672,1
2026-06-09 15:36:25,1585,EXP_FAULT_03,RUN_03,memory_stress,1,recommendationservice,recommendation-f03-04,online-boutique,node-b,0.3727,31.4928,0,106.6448,0.001112,22.1252,15.3684,34.4153,43.2399,66.9417,105.4916,106.5262,0.0335,0.0851,115180.3426,83863.3787,memory_stress,checkoutservice,2026-06-09 15:15:00,2026-06-09 15:30:00,post_fault,0.08672454,0
2026-06-09 15:36:30,1590,EXP_FAULT_03,RUN_03,memory_stress,1,recommendationservice,recommendation-f03-04,online-boutique,node-b,0.375,31.6627,0,110.9678,0.001622,24.3231,16.98,39.0188,48.9557,72.0098,109.757,110.7877,0.0993,0.0807,135219.5727,106622.6095,memory_stress,checkoutservice,2026-06-09 15:15:00,2026-06-09 15:30:00,post_fault,0.31871605,0
2026-06-09 15:36:35,1595,EXP_FAULT_03,RUN_03,memory_stress,1,recommendationservice,recommendation-f03-04,online-boutique,node-b,0.3962,30.9469,0,108.103,0.001894,23.8243,17.465,41.5138,50.7382,67.0013,106.9053,107.8982,0.1307,0.0741,133484.4855,77260.0725,memory_stress,checkoutservice,2026-06-09 15:15:00,2026-06-09 15:30:00,post_fault,0.79966235,1
2026-06-09 15:36:40,1600,EXP_FAULT_03,RUN_03,memory_stress,1,recommendationservice,recommendation-f03-04,online-boutique,node-b,0.3769,31.6698,0,110.2804,0.001489,22.8278,18.2033,35.956,45.3993,66.214,109.0979,110.1162,0.0864,0.0778,92438.8275,113816.2201,memory_stress,checkoutservice,2026-06-09 15:15:00,2026-06-09 15:30:00,post_fault,0.08838203,0
2026-06-09 15:36:45,1605,EXP_FAULT_03,RUN_03,memory_stress,1,recommendationservice,recommendation-f03-04,online-boutique,node-b,0.382,31.9191,0,108.4852,0.001527,22.3748,17.6108,35.2757,45.3796,64.3158,107.3605,108.3195,0.0797,0.086,95080.5791,84250.3266,memory_stress,checkoutservice,2026-06-09 15:15:00,2026-06-09 15:30:00,post_fault,0.10847435,0
2026-06-09 15:36:50,1610,EXP_FAULT_03,RUN_03,memory_stress,1,recommendationservice,recommendation-f03-04,online-boutique,node-b,0.3693,31.5058,0,105.8978,0.001924,23.3926,17.1446,38.6108,52.4057,70.9284,104.7855,105.6941,0.1423,0.0614,115253.4452,102338.0548,memory_stress,checkoutservice,2026-06-09 15:15:00,2026-06-09 15:30:00,post_fault,0.23527145,0
2026-06-09 15:36:55,1615,EXP_FAULT_03,RUN_03,memory_stress,1,recommendationservice,recommendation-f03-04,online-boutique,node-b,0.376,31.2306,0,108.2089,0.002012,21.1494,14.7876,34.4412,42.9553,67.1588,107.0806,107.9912,0.1442,0.0735,110331.6053,110821.4409,memory_stress,checkoutservice,2026-06-09 15:15:00,2026-06-09 15:30:00,post_fault,0.025437495,0
2026-06-09 15:37:00,1620,EXP_FAULT_03,RUN_03,memory_stress,1,recommendationservice,recommendation-f03-04,online-boutique,node-b,0.3716,32.2182,0,108.6167,0.001246,23.778,17.8317,41.952,51.2279,74.1764,107.536,108.4814,0.0545,0.0808,96748.3598,89378.026,memory_stress,checkoutservice,2026-06-09 15:15:00,2026-06-09 15:30:00,post_fault,0.29690582,0
2026-06-09 15:37:05,1625,EXP_FAULT_03,RUN_03,memory_stress,1,recommendationservice,recommendation-f03-04,online-boutique,node-b,0.3553,31.7157,0,107.4407,0.001994,22.9201,17.6689,36.7778,48.3355,63.1007,106.3512,107.2264,0.1623,0.052,111448.9469,93081.7076,memory_stress,checkoutservice,2026-06-09 15:15:00,2026-06-09 15:30:00,post_fault,0.041607574,0
2026-06-09 15:37:10,1630,EXP_FAULT_03,RUN_03,memory_stress,1,recommendationservice,recommendation-f03-04,online-boutique,node-b,0.3674,31.1202,0,110.5574,0.001381,22.5908,17.8304,37.2528,47.7587,61.8698,109.4973,110.4048,0.1029,0.0498,107258.6974,102047.6299,memory_stress,checkoutservice,2026-06-09 15:15:00,2026-06-09 15:30:00,post_fault,0.020572636,0
2026-06-09 15:37:15,1635,EXP_FAULT_03,RUN_03,memory_stress,1,recommendationservice,recommendation-f03-04,online-boutique,node-b,0.3811,30.859,0,109.1881,0.002106,22.4656,17.9908,35.943,43.1776,60.0758,108.0746,108.9582,0.1668,0.0631,113214.4969,104731.7198,memory_stress,checkoutservice,2026-06-09 15:15:00,2026-06-09 15:30:00,post_fault,0.1129631,0
2026-06-09 15:37:20,1640,EXP_FAULT_03,RUN_03,memory_stress,1,recommendationservice,recommendation-f03-04,online-boutique,node-b,0.349,31.2295,0,112.8992,0.001227,23.7151,17.3226,40.0763,52.3771,63.8015,111.8432,112.7607,0.0541,0.0844,116104.577,90672.3461,memory_stress,checkoutservice,2026-06-09 15:15:00,2026-06-09 15:30:00,post_fault,0.023595681,0
2026-06-09 15:37:25,1645,EXP_FAULT_03,RUN_03,memory_stress,1,recommendationservice,recommendation-f03-04,online-boutique,node-b,0.3914,31.5067,0,109.5825,0.001058,24.7732,19.923,38.1609,51.8679,74.1479,108.5814,109.4665,0.035,0.0809,128614.6647,102715.6195,memory_stress,checkoutservice,2026-06-09 15:15:00,2026-06-09 15:30:00,post_fault,0.9627414,1
2026-06-09 15:37:30,1650,EXP_FAULT_03,RUN_03,memory_stress,1,recommendationservice,recommendation-f03-04,online-boutique,node-b,0.3722,31.917,0,111.0023,0.001621,21.8081,15.2601,38.5091,48.3422,61.9569,109.959,110.8224,0.1198,0.0601,92814.0256,98600.3812,memory_stress,checkoutservice,2026-06-09 15:15:00,2026-06-09 15:30:00,post_fault,0.010721669,0
2026-06-09 15:37:35,1655,EXP_FAULT_03,RUN_03,memory_stress,1,recommendationservice,recommendation-f03-04,online-boutique,node-b,0.3666,31.867,0,109.9321,0.001966,23.4318,18.347,40.848,44.708,74.547,108.9139,109.716,0.1375,0.0786,90545.7537,100558.343,memory_stress,checkoutservice,2026-06-09 15:15:00,2026-06-09 15:30:00,post_fault,0.0950042,0
2026-06-09 15:37:40,1660,EXP_FAULT_03,RUN_03,memory_stress,1,recommendationservice,recommendation-f03-04,online-boutique,node-b,0.3704,31.2318,0,108.3006,0.001434,22.897,17.5796,38.138,49.9339,61.0517,107.3367,108.1453,0.0959,0.0594,138252.6837,76153.1337,memory_stress,checkoutservice,2026-06-09 15:15:00,2026-06-09 15:30:00,post_fault,0.1079247,0
2026-06-09 15:37:45,1665,EXP_FAULT_03,RUN_03,memory_stress,1,recommendationservice,recommendation-f03-04,online-boutique,node-b,0.3747,31.6987,0,109.4549,0.001395,23.7315,17.1406,39.2327,50.9079,74.5034,108.4947,109.3022,0.1071,0.0456,102573.1813,94319.9854,memory_stress,checkoutservice,2026-06-09 15:15:00,2026-06-09 15:30:00,post_fault,0.25479975,0
2026-06-09 15:37:50,1670,EXP_FAULT_03,RUN_03,memory_stress,1,recommendationservice,recommendation-f03-04,online-boutique,node-b,0.3442,31.8492,0,109.7297,0.00192,25.2194,20.2948,40.4092,52.9258,70.3288,108.7165,109.5189,0.1488,0.0619,132111.4536,113129.2492,memory_stress,checkoutservice,2026-06-09 15:15:00,2026-06-09 15:30:00,post_fault,0.23259263,0
2026-06-09 15:37:55,1675,EXP_FAULT_03,RUN_03,memory_stress,1,recommendationservice,recommendation-f03-04,online-boutique,node-b,0.3786,31.7517,0,107.2879,0.001614,23.2052,17.3505,39.6907,51.2569,72.768,106.3217,107.1147,0.1302,0.043,102573.4053,95881.6415,memory_stress,checkoutservice,2026-06-09 15:15:00,2026-06-09 15:30:00,post_fault,0.25543123,0
2026-06-09 15:38:00,1680,EXP_FAULT_03,RUN_03,memory_stress,1,recommendationservice,recommendation-f03-04,online-boutique,node-b,0.397,31.352,0,112.4247,0.001121,24.4093,18.4061,41.2902,53.6124,67.0957,111.4823,112.2986,0.0559,0.0702,112772.3355,86030.9313,memory_stress,checkoutservice,2026-06-09 15:15:00,2026-06-09 15:30:00,post_fault,0.7686979,1
2026-06-09 15:38:05,1685,EXP_FAULT_03,RUN_03,memory_stress,1,recommendationservice,recommendation-f03-04,online-boutique,node-b,0.3926,31.16,0,109.3822,0.000952,21.4148,16.313,36.1767,46.591,63.8989,108.4762,109.278,0.0327,0.0715,92552.9953,77606.8828,memory_stress,checkoutservice,2026-06-09 15:15:00,2026-06-09 15:30:00,post_fault,0.07483898,0
2026-06-09 15:38:10,1690,EXP_FAULT_03,RUN_03,memory_stress,1,recommendationservice,recommendation-f03-04,online-boutique,node-b,0.3813,31.5686,0,110.4113,0.000822,24.0012,18.102,37.4481,48.7643,66.9738,109.5246,110.3205,0.0387,0.052,113902.0136,83825.2044,memory_stress,checkoutservice,2026-06-09 15:15:00,2026-06-09 15:30:00,post_fault,0.39971355,0
2026-06-09 15:38:15,1695,EXP_FAULT_03,RUN_03,memory_stress,1,recommendationservice,recommendation-f03-04,online-boutique,node-b,0.3696,32.5915,0,108.0836,0.001208,21.3877,16.6776,34.5792,40.4797,56.7364,107.2096,107.953,0.06,0.0706,117041.3934,93999.4851,memory_stress,checkoutservice,2026-06-09 15:15:00,2026-06-09 15:30:00,post_fault,0.15261093,0
2026-06-09 15:38:20,1700,EXP_FAULT_03,RUN_03,memory_stress,1,recommendationservice,recommendation-f03-04,online-boutique,node-b,0.3939,31.7924,0,109.1676,0.001909,23.1396,18.1497,37.1357,46.6013,64.6599,108.2544,108.9592,0.1491,0.0593,137685.8491,84395.0275,memory_stress,checkoutservice,2026-06-09 15:15:00,2026-06-09 15:30:00,post_fault,0.38512227,0
2026-06-09 15:38:25,1705,EXP_FAULT_03,RUN_03,memory_stress,1,recommendationservice,recommendation-f03-04,online-boutique,node-b,0.3709,31.1148,0,108.2415,0.002002,20.1861,15.203,30.663,38.3449,61.1717,107.3497,108.0249,0.161,0.0557,96285.2579,91628.5469,memory_stress,checkoutservice,2026-06-09 15:15:00,2026-06-09 15:30:00,post_fault,0.10999938,0
2026-06-09 15:38:30,1710,EXP_FAULT_03,RUN_03,memory_stress,1,recommendationservice,recommendation-f03-04,online-boutique,node-b,0.3649,31.7454,0,109.1866,0.001525,23.925,17.5008,41.2568,51.6867,71.323,108.2956,109.0201,0.1081,0.0584,132370.5265,77929.6687,memory_stress,checkoutservice,2026-06-09 15:15:00,2026-06-09 15:30:00,post_fault,0.18859515,0
2026-06-09 15:38:35,1715,EXP_FAULT_03,RUN_03,memory_stress,1,recommendationservice,recommendation-f03-04,online-boutique,node-b,0.3613,31.8258,0,103.692,0.001592,23.1648,18.1186,39.0165,49.8808,60.9876,102.8929,103.527,0.1078,0.0572,132227.2937,96302.2003,memory_stress,checkoutservice,2026-06-09 15:15:00,2026-06-09 15:30:00,post_fault,0.21320362,0
2026-06-09 15:38:40,1720,EXP_FAULT_03,RUN_03,memory_stress,1,recommendationservice,recommendation-f03-04,online-boutique,node-b,0.3921,31.6802,0,106.004,0.001645,21.6902,17.0674,36.7139,42.119,67.7877,105.1555,105.8295,0.1165,0.0579,88282.0877,69610.1054,memory_stress,checkoutservice,2026-06-09 15:15:00,2026-06-09 15:30:00,post_fault,0.15472166,0
2026-06-09 15:38:45,1725,EXP_FAULT_03,RUN_03,memory_stress,1,recommendationservice,recommendation-f03-04,online-boutique,node-b,0.3634,32.0287,0,104.1739,0.001458,20.9764,15.664,36.4694,39.3471,58.7628,103.3675,104.022,0.1118,0.0401,110555.7133,80794.8779,memory_stress,checkoutservice,2026-06-09 15:15:00,2026-06-09 15:30:00,post_fault,0.022710387,0
2026-06-09 15:38:50,1730,EXP_FAULT_03,RUN_03,memory_stress,1,recommendationservice,recommendation-f03-04,online-boutique,node-b,0.3868,32.1887,0,104.2642,0.002011,20.0792,15.7248,30.4648,41.8745,56.3008,103.4142,104.0545,0.1563,0.0534,105245.0635,96864.5807,memory_stress,checkoutservice,2026-06-09 15:15:00,2026-06-09 15:30:00,post_fault,0.23870349,0
2026-06-09 15:38:55,1735,EXP_FAULT_03,RUN_03,memory_stress,1,recommendationservice,recommendation-f03-04,online-boutique,node-b,0.3761,30.9409,0,103.6657,0.000917,19.7728,14.8448,34.7036,36.9247,56.2683,102.9113,103.5707,0.0526,0.0425,95054.4051,85343.3466,memory_stress,checkoutservice,2026-06-09 15:15:00,2026-06-09 15:30:00,post_fault,0.007620316,0
2026-06-09 15:39:00,1740,EXP_FAULT_03,RUN_03,memory_stress,1,recommendationservice,recommendation-f03-04,online-boutique,node-b,0.3768,31.3403,0,98.5101,0.001192,21.0397,15.7838,35.4469,39.6838,61.8678,97.7986,98.3927,0.0826,0.0348,94284.3329,86796.4299,memory_stress,checkoutservice,2026-06-09 15:15:00,2026-06-09 15:30:00,post_fault,0.19587432,0
2026-06-09 15:39:05,1745,EXP_FAULT_03,RUN_03,memory_stress,1,recommendationservice,recommendation-f03-04,online-boutique,node-b,0.3785,30.9733,0,100.9163,0.001772,22.5808,15.7192,35.9681,47.0474,65.6315,100.1821,100.7375,0.1433,0.0355,118510.8545,90809.5651,memory_stress,checkoutservice,2026-06-09 15:15:00,2026-06-09 15:30:00,post_fault,0.41984853,0
2026-06-09 15:39:10,1750,EXP_FAULT_03,RUN_03,memory_stress,1,recommendationservice,recommendation-f03-04,online-boutique,node-b,0.3625,31.342,0,98.6007,0.001676,20.8296,15.2289,31.897,43.8861,57.058,97.8558,98.4354,0.1284,0.0369,82540.8739,77973.7091,memory_stress,checkoutservice,2026-06-09 15:15:00,2026-06-09 15:30:00,post_fault,0.041746076,0
2026-06-09 15:39:15,1755,EXP_FAULT_03,RUN_03,memory_stress,1,recommendationservice,recommendation-f03-04,online-boutique,node-b,0.3795,31.2256,0,99.0003,0.001244,24.4894,17.3846,39.3382,52.0461,71.5392,98.2944,98.8772,0.0664,0.0567,104527.8241,87728.6339,memory_stress,checkoutservice,2026-06-09 15:15:00,2026-06-09 15:30:00,post_fault,1.3892877,1
2026-06-09 15:39:20,1760,EXP_FAULT_03,RUN_03,memory_stress,1,recommendationservice,recommendation-f03-04,online-boutique,node-b,0.3657,31.6822,0,96.8145,0.001514,20.9698,16.3398,32.5804,45.7042,56.2666,96.1213,96.668,0.1027,0.0439,101876.6288,83380.6143,memory_stress,checkoutservice,2026-06-09 15:15:00,2026-06-09 15:30:00,post_fault,0.11932288,0
2026-06-09 15:39:25,1765,EXP_FAULT_03,RUN_03,memory_stress,1,recommendationservice,recommendation-f03-04,online-boutique,node-b,0.3923,31.2649,0,96.826,0.001762,22.4843,17.4952,35.1991,47.4501,69.6146,96.0939,96.6554,0.14,0.0306,88267.2344,97652.678,memory_stress,checkoutservice,2026-06-09 15:15:00,2026-06-09 15:30:00,post_fault,0.90390986,1
2026-06-09 15:39:30,1770,EXP_FAULT_03,RUN_03,memory_stress,1,recommendationservice,recommendation-f03-04,online-boutique,node-b,0.3992,31.6386,0,97.263,0.000935,22.731,17.3268,37.2701,47.7634,64.5414,96.5994,97.172,0.0542,0.0367,114713.4915,91069.8844,memory_stress,checkoutservice,2026-06-09 15:15:00,2026-06-09 15:30:00,post_fault,1.2362323,1
2026-06-09 15:39:35,1775,EXP_FAULT_03,RUN_03,memory_stress,1,recommendationservice,recommendation-f03-04,online-boutique,node-b,0.3503,32.2059,0,94.833,0.002002,23.2427,16.1949,38.9628,49.9584,63.3452,94.0993,94.6431,0.1332,0.0566,117563.6176,89741.9518,memory_stress,checkoutservice,2026-06-09 15:15:00,2026-06-09 15:30:00,post_fault,0.605394,1
2026-06-09 15:39:40,1780,EXP_FAULT_03,RUN_03,memory_stress,1,recommendationservice,recommendation-f03-04,online-boutique,node-b,0.3513,31.7467,0,93.9978,0.001217,21.4829,16.3097,36.1552,45.7922,55.9137,93.3288,93.8834,0.0549,0.0594,96229.6464,76200.4441,memory_stress,checkoutservice,2026-06-09 15:15:00,2026-06-09 15:30:00,post_fault,0.18874244,0
2026-06-09 15:39:45,1785,EXP_FAULT_03,RUN_03,memory_stress,1,recommendationservice,recommendation-f03-04,online-boutique,node-b,0.3713,31.8427,0,95.5024,0.002163,22.2089,17.583,37.6041,42.1744,64.3503,94.7818,95.2958,0.1512,0.0554,84119.7596,97873.4019,memory_stress,checkoutservice,2026-06-09 15:15:00,2026-06-09 15:30:00,post_fault,0.5402832,1
2026-06-09 15:39:50,1790,EXP_FAULT_03,RUN_03,memory_stress,1,recommendationservice,recommendation-f03-04,online-boutique,node-b,0.3685,32.1121,0,94.1271,0.001113,22.8151,16.2197,36.0115,47.8943,62.2324,93.4489,94.0223,0.0575,0.0473,83581.4621,75037.5662,memory_stress,checkoutservice,2026-06-09 15:15:00,2026-06-09 15:30:00,post_fault,0.865919,1
2026-06-09 15:39:55,1795,EXP_FAULT_03,RUN_03,memory_stress,1,recommendationservice,recommendation-f03-04,online-boutique,node-b,0.3709,32.3398,0,97.3193,0.001699,21.8402,15.9573,38.3654,44.1432,57.4492,96.6144,97.1539,0.1292,0.0362,107295.8648,80360.5456,memory_stress,checkoutservice,2026-06-09 15:15:00,2026-06-09 15:30:00,post_fault,0.46402708,1
2026-06-09 15:45:00,0,EXP_FAULT_04,RUN_04,network_delay,1,recommendationservice,recommendation-f04-04,online-boutique,node-b,0.3642,30.5745,0,128.6628,0.001468,23.7216,17.2366,38.9418,41.5703,66.8537,128.5489,128.4739,0.1605,0.0284,131840.8494,117978.0353,network_delay,frontend,2026-06-09 15:50:00,2026-06-09 16:05:00,pre_fault,0.10813663,0
2026-06-09 15:45:05,5,EXP_FAULT_04,RUN_04,network_delay,1,recommendationservice,recommendation-f04-04,online-boutique,node-b,0.3927,31.4703,0,128.7641,0.000375,23.334,16.4177,35.8032,41.1553,55.46,128.7375,128.7158,0.0434,0.0049,109124.2614,118593.5118,network_delay,frontend,2026-06-09 15:50:00,2026-06-09 16:05:00,pre_fault,0.020678159,0
2026-06-09 15:45:10,10,EXP_FAULT_04,RUN_04,network_delay,1,recommendationservice,recommendation-f04-04,online-boutique,node-b,0.418,31.1515,0,125.6725,0.000825,21.8864,16.31,35.4201,39.8549,62.1827,125.6305,125.5688,0.0846,0.0191,127243.0561,92976.9537,network_delay,frontend,2026-06-09 15:50:00,2026-06-09 16:05:00,pre_fault,0.022216905,0
2026-06-09 15:45:15,15,EXP_FAULT_04,RUN_04,network_delay,1,recommendationservice,recommendation-f04-04,online-boutique,node-b,0.3983,30.4795,0,128.4105,0.000658,22.3047,16.4262,37.6405,39.1019,60.6139,128.3497,128.326,0.0669,0.0177,119696.5226,92926.2551,network_delay,frontend,2026-06-09 15:50:00,2026-06-09 16:05:00,pre_fault,0.023792686,0
2026-06-09 15:45:20,20,EXP_FAULT_04,RUN_04,network_delay,1,recommendationservice,recommendation-f04-04,online-boutique,node-b,0.4148,30.5141,0,127.0081,0.000421,23.8802,18.1287,36.028,48.1855,61.7178,126.9715,126.9546,0.04,0.0135,150660.7132,112145.2078,network_delay,frontend,2026-06-09 15:50:00,2026-06-09 16:05:00,pre_fault,0.3057034,0
2026-06-09 15:45:25,25,EXP_FAULT_04,RUN_04,network_delay,1,recommendationservice,recommendation-f04-04,online-boutique,node-b,0.3826,31.0986,0,123.8105,0.001337,22.9415,18.3763,35.892,41.025,64.8678,123.7071,123.645,0.1387,0.0268,147689.6911,116706.701,network_delay,frontend,2026-06-09 15:50:00,2026-06-09 16:05:00,pre_fault,0.00939974,0
2026-06-09 15:45:30,30,EXP_FAULT_04,RUN_04,network_delay,1,recommendationservice,recommendation-f04-04,online-boutique,node-b,0.3827,31.0124,0,124.6331,0.000529,21.6556,16.5454,35.9103,42.8621,56.3511,124.6017,124.5671,0.0346,0.0314,124390.4329,125084.1647,network_delay,frontend,2026-06-09 15:50:00,2026-06-09 16:05:00,pre_fault,0.1487956,0
2026-06-09 15:45:35,35,EXP_FAULT_04,RUN_04,network_delay,1,recommendationservice,recommendation-f04-04,online-boutique,node-b,0.3909,30.7649,0,122.8049,0.000507,23.2591,18.9754,35.4562,41.9257,65.2586,122.7733,122.7427,0.0621,0.0001,147062.6046,94443.4083,network_delay,frontend,2026-06-09 15:50:00,2026-06-09 16:05:00,pre_fault,0.038650848,0
2026-06-09 15:45:40,40,EXP_FAULT_04,RUN_04,network_delay,1,recommendationservice,recommendation-f04-04,online-boutique,node-b,0.3779,31.0731,0,124.2188,0.001107,23.6571,18.7812,36.0405,48.0388,62.01,124.116,124.0813,0.1029,0.0346,110894.2727,122807.806,network_delay,frontend,2026-06-09 15:50:00,2026-06-09 16:05:00,pre_fault,0.004559393,0
2026-06-09 15:45:45,45,EXP_FAULT_04,RUN_04,network_delay,1,recommendationservice,recommendation-f04-04,online-boutique,node-b,0.3655,30.4449,0,121.6896,0.000797,21.8963,17.8724,33.3949,39.3419,62.3728,121.6507,121.5926,0.0655,0.0315,131047.419,79418.0199,network_delay,frontend,2026-06-09 15:50:00,2026-06-09 16:05:00,pre_fault,0.18699268,0
2026-06-09 15:45:50,50,EXP_FAULT_04,RUN_04,network_delay,1,recommendationservice,recommendation-f04-04,online-boutique,node-b,0.367,31.1489,0,120.1465,0.000604,23.313,16.9403,38.1774,44.9288,64.6838,120.1013,120.0739,0.0423,0.0303,137066.6387,92487.6388,network_delay,frontend,2026-06-09 15:50:00,2026-06-09 16:05:00,pre_fault,0.007762021,0
2026-06-09 15:45:55,55,EXP_FAULT_04,RUN_04,network_delay,1,recommendationservice,recommendation-f04-04,online-boutique,node-b,0.3902,31.0052,0,121.3778,0.000888,21.8283,16.968,31.8326,40.8023,51.356,121.3079,121.2699,0.1003,0.0075,151889.349,118166.3694,network_delay,frontend,2026-06-09 15:50:00,2026-06-09 16:05:00,pre_fault,0.023382539,0
2026-06-09 15:46:00,60,EXP_FAULT_04,RUN_04,network_delay,1,recommendationservice,recommendation-f04-04,online-boutique,node-b,0.4014,31.2751,0,116.7575,0.000953,20.4624,15.8531,32.4925,40.9182,52.419,116.6924,116.6462,0.0936,0.0177,142510.1296,102489.081,network_delay,frontend,2026-06-09 15:50:00,2026-06-09 16:05:00,pre_fault,0.014992386,0
2026-06-09 15:46:05,65,EXP_FAULT_04,RUN_04,network_delay,1,recommendationservice,recommendation-f04-04,online-boutique,node-b,0.3884,30.9054,0,119.0974,0.000353,21.08,17.1475,35.5497,41.5976,53.6518,119.0705,119.0554,0.0412,0.0008,119760.5546,77831.4521,network_delay,frontend,2026-06-09 15:50:00,2026-06-09 16:05:00,pre_fault,0.097534694,0
2026-06-09 15:46:10,70,EXP_FAULT_04,RUN_04,network_delay,1,recommendationservice,recommendation-f04-04,online-boutique,node-b,0.4008,31.3137,0,121.2568,0.001505,23.6393,19.2279,34.7193,43.7601,57.5833,121.1365,121.0742,0.1691,0.0135,110128.781,107534.1613,network_delay,frontend,2026-06-09 15:50:00,2026-06-09 16:05:00,pre_fault,0.16914864,0
2026-06-09 15:46:15,75,EXP_FAULT_04,RUN_04,network_delay,1,recommendationservice,recommendation-f04-04,online-boutique,node-b,0.3752,31.3674,0,116.1527,0.000585,22.451,16.0515,37.5138,41.742,59.9528,116.1213,116.0847,0.062,0.006,138183.0457,107843.7957,network_delay,frontend,2026-06-09 15:50:00,2026-06-09 16:05:00,pre_fault,0.0033093817,0
2026-06-09 15:46:20,80,EXP_FAULT_04,RUN_04,network_delay,1,recommendationservice,recommendation-f04-04,online-boutique,node-b,0.3594,30.4541,0,118.3542,0.001075,22.4271,17.2677,32.9632,43.4354,56.8267,118.2661,118.2269,0.1061,0.0211,129278.286,104141.8732,network_delay,frontend,2026-06-09 15:50:00,2026-06-09 16:05:00,pre_fault,0.07516478,0
2026-06-09 15:46:25,85,EXP_FAULT_04,RUN_04,network_delay,1,recommendationservice,recommendation-f04-04,online-boutique,node-b,0.3789,31.7491,0,120.7132,0.000433,23.9974,17.1705,40.732,45.3261,58.4106,120.6804,120.6609,0.0455,0.0068,117324.3782,113937.2454,network_delay,frontend,2026-06-09 15:50:00,2026-06-09 16:05:00,pre_fault,0.08684954,0
2026-06-09 15:46:30,90,EXP_FAULT_04,RUN_04,network_delay,1,recommendationservice,recommendation-f04-04,online-boutique,node-b,0.4027,30.8218,0,116.9257,0.000573,22.8368,17.2781,33.9487,41.9285,60.9936,116.8891,116.8586,0.0613,0.0058,127419.4459,117455.9477,network_delay,frontend,2026-06-09 15:50:00,2026-06-09 16:05:00,pre_fault,0.21727154,0
2026-06-09 15:46:35,95,EXP_FAULT_04,RUN_04,network_delay,1,recommendationservice,recommendation-f04-04,online-boutique,node-b,0.388,30.8817,0,112.8461,0.001723,23.1242,18.3924,38.0497,43.4431,59.6027,112.7259,112.6517,0.167,0.0275,141351.369,110844.7386,network_delay,frontend,2026-06-09 15:50:00,2026-06-09 16:05:00,pre_fault,0.20225963,0
2026-06-09 15:46:40,100,EXP_FAULT_04,RUN_04,network_delay,1,recommendationservice,recommendation-f04-04,online-boutique,node-b,0.3639,30.6927,0,111.5939,0.001305,23.7746,18.5869,35.5769,44.9433,61.1495,111.5269,111.4482,0.1097,0.0359,103407.3691,102161.9822,network_delay,frontend,2026-06-09 15:50:00,2026-06-09 16:05:00,pre_fault,0.113362476,0
2026-06-09 15:46:45,105,EXP_FAULT_04,RUN_04,network_delay,1,recommendationservice,recommendation-f04-04,online-boutique,node-b,0.3617,31.6123,0,114.4357,0.000735,22.278,17.4984,32.5058,45.6388,59.615,114.3911,114.3516,0.0711,0.0131,144151.2427,77623.2674,network_delay,frontend,2026-06-09 15:50:00,2026-06-09 16:05:00,pre_fault,0.039954446,0
2026-06-09 15:46:50,110,EXP_FAULT_04,RUN_04,network_delay,1,recommendationservice,recommendation-f04-04,online-boutique,node-b,0.4018,31.381,0,108.7619,0.000955,22.0077,16.4527,37.3393,40.7772,54.0452,108.7091,108.6581,0.1006,0.0033,119222.79,97677.6505,network_delay,frontend,2026-06-09 15:50:00,2026-06-09 16:05:00,pre_fault,0.2981778,0
2026-06-09 15:46:55,115,EXP_FAULT_04,RUN_04,network_delay,1,recommendationservice,recommendation-f04-04,online-boutique,node-b,0.3887,30.7538,0,112.7734,0.001379,22.0277,17.1312,32.6632,41.0208,56.111,112.7129,112.6178,0.129,0.0266,130997.7254,74144.4478,network_delay,frontend,2026-06-09 15:50:00,2026-06-09 16:05:00,pre_fault,0.05622242,0
2026-06-09 15:47:00,120,EXP_FAULT_04,RUN_04,network_delay,1,recommendationservice,recommendation-f04-04,online-boutique,node-b,0.3602,30.9008,0,112.5431,0.00159,22.2676,15.685,34.94,44.8628,62.9542,112.4776,112.3642,0.1784,0.0005,95201.6123,86016.9776,network_delay,frontend,2026-06-09 15:50:00,2026-06-09 16:05:00,pre_fault,0.013662741,0
2026-06-09 15:47:05,125,EXP_FAULT_04,RUN_04,network_delay,1,recommendationservice,recommendation-f04-04,online-boutique,node-b,0.3626,30.6932,0,108.0157,0.000316,21.966,17.4058,32.0582,40.5557,54.8782,107.9931,107.9815,0.0331,0.001,133730.2984,71351.9826,network_delay,frontend,2026-06-09 15:50:00,2026-06-09 16:05:00,pre_fault,0.021165574,0
2026-06-09 15:47:10,130,EXP_FAULT_04,RUN_04,network_delay,1,recommendationservice,recommendation-f04-04,online-boutique,node-b,0.3795,30.6452,0,113.8965,0.000747,23.4951,18.3757,36.9022,46.9316,56.8424,113.8344,113.8114,0.0634,0.0217,94839.9781,85071.7893,network_delay,frontend,2026-06-09 15:50:00,2026-06-09 16:05:00,pre_fault,0.19322841,0
2026-06-09 15:47:15,135,EXP_FAULT_04,RUN_04,network_delay,1,recommendationservice,recommendation-f04-04,online-boutique,node-b,0.3618,30.5615,0,114.352,0.001328,21.1822,16.7448,34.2304,41.7678,56.0675,114.2877,114.2001,0.1264,0.0255,131041.1362,95854.6757,network_delay,frontend,2026-06-09 15:50:00,2026-06-09 16:05:00,pre_fault,0.13673401,0
2026-06-09 15:47:20,140,EXP_FAULT_04,RUN_04,network_delay,1,recommendationservice,recommendation-f04-04,online-boutique,node-b,0.365,30.8002,0,111.6732,0.001521,21.9647,15.6851,33.4176,40.7902,61.3104,111.6137,111.5034,0.1385,0.0314,115027.897,98258.2473,network_delay,frontend,2026-06-09 15:50:00,2026-06-09 16:05:00,pre_fault,0.0085089225,0
2026-06-09 15:47:25,145,EXP_FAULT_04,RUN_04,network_delay,1,recommendationservice,recommendation-f04-04,online-boutique,node-b,0.3636,30.9874,0,116.9162,0.001216,23.2439,16.4906,34.6958,45.9428,62.8342,116.8582,116.774,0.1275,0.0147,107466.0297,89508.5183,network_delay,frontend,2026-06-09 15:50:00,2026-06-09 16:05:00,pre_fault,0.005879434,0
2026-06-09 15:47:30,150,EXP_FAULT_04,RUN_04,network_delay,1,recommendationservice,recommendation-f04-04,online-boutique,node-b,0.401,30.3868,0,110.7592,0.001319,21.9457,17.8177,32.5412,39.5735,56.8972,110.695,110.6132,0.1209,0.0252,107767.5889,83199.3691,network_delay,frontend,2026-06-09 15:50:00,2026-06-09 16:05:00,pre_fault,0.2472053,0
2026-06-09 15:47:35,155,EXP_FAULT_04,RUN_04,network_delay,1,recommendationservice,recommendation-f04-04,online-boutique,node-b,0.3593,31.83,0,113.9191,0.001104,22.9418,16.6008,35.195,41.596,63.0173,113.8315,113.7933,0.1099,0.016,132764.5519,103178.5743,network_delay,frontend,2026-06-09 15:50:00,2026-06-09 16:05:00,pre_fault,0.0043371017,0
2026-06-09 15:47:40,160,EXP_FAULT_04,RUN_04,network_delay,1,recommendationservice,recommendation-f04-04,online-boutique,node-b,0.3739,30.9618,0,116.5592,0.001473,23.6273,18.5076,35.2495,47.598,56.9473,116.44,116.3875,0.1582,0.0135,100305.3267,91110.583,network_delay,frontend,2026-06-09 15:50:00,2026-06-09 16:05:00,pre_fault,0.054086655,0
2026-06-09 15:47:45,165,EXP_FAULT_04,RUN_04,network_delay,1,recommendationservice,recommendation-f04-04,online-boutique,node-b,0.3924,30.3014,0,118.0027,0.000855,22.4884,17.0487,33.1074,45.5636,60.3927,117.9608,117.9018,0.0985,0.0024,136186.434,114053.4798,network_delay,frontend,2026-06-09 15:50:00,2026-06-09 16:05:00,pre_fault,0.07146932,0
2026-06-09 15:47:50,170,EXP_FAULT_04,RUN_04,network_delay,1,recommendationservice,recommendation-f04-04,online-boutique,node-b,0.3729,31.8534,0,113.341,0.001813,22.8654,16.0816,37.4765,42.7152,58.962,113.1944,113.1356,0.1741,0.0314,114409.5821,116726.393,network_delay,frontend,2026-06-09 15:50:00,2026-06-09 16:05:00,pre_fault,0.019145537,0
2026-06-09 15:47:55,175,EXP_FAULT_04,RUN_04,network_delay,1,recommendationservice,recommendation-f04-04,online-boutique,node-b,0.4021,31.3424,0,117.3919,0.001185,22.0377,17.7822,32.3295,43.1302,53.6757,117.3073,117.2528,0.1314,0.0077,130915.4389,88807.281,network_delay,frontend,2026-06-09 15:50:00,2026-06-09 16:05:00,pre_fault,0.05295823,0
2026-06-09 15:48:00,180,EXP_FAULT_04,RUN_04,network_delay,1,recommendationservice,recommendation-f04-04,online-boutique,node-b,0.3661,30.4881,0,116.2576,0.001357,22.0017,15.8014,36.8778,40.7316,60.1612,116.1753,116.0999,0.1253,0.0324,123939.8683,80510.3829,network_delay,frontend,2026-06-09 15:50:00,2026-06-09 16:05:00,pre_fault,0.0484155,0
2026-06-09 15:48:05,185,EXP_FAULT_04,RUN_04,network_delay,1,recommendationservice,recommendation-f04-04,online-boutique,node-b,0.4024,31.1657,0,116.303,0.000654,21.8468,15.7162,32.5263,39.1361,58.8751,116.2668,116.2268,0.0621,0.014,137943.7633,93669.6259,network_delay,frontend,2026-06-09 15:50:00,2026-06-09 16:05:00,pre_fault,0.07712809,0
2026-06-09 15:48:10,190,EXP_FAULT_04,RUN_04,network_delay,1,recommendationservice,recommendation-f04-04,online-boutique,node-b,0.3806,30.9752,0,114.7487,0.000964,22.0951,16.6888,33.6831,41.1327,62.5607,114.6805,114.6381,0.1045,0.0062,123545.0352,100283.9299,network_delay,frontend,2026-06-09 15:50:00,2026-06-09 16:05:00,pre_fault,0.006459725,0
2026-06-09 15:48:15,195,EXP_FAULT_04,RUN_04,network_delay,1,recommendationservice,recommendation-f04-04,online-boutique,node-b,0.3741,30.4303,0,116.4857,0.000739,21.2433,16.5738,34.6714,42.6733,55.5108,116.4219,116.3996,0.051,0.0352,142005.0763,116436.9833,network_delay,frontend,2026-06-09 15:50:00,2026-06-09 16:05:00,pre_fault,0.0706441,0
2026-06-09 15:48:20,200,EXP_FAULT_04,RUN_04,network_delay,1,recommendationservice,recommendation-f04-04,online-boutique,node-b,0.3671,30.7979,0,118.3812,0.001497,21.764,17.286,36.1041,40.7744,54.0278,118.3013,118.204,0.1401,0.0371,115395.0076,89146.9468,network_delay,frontend,2026-06-09 15:50:00,2026-06-09 16:05:00,pre_fault,0.12610261,0
2026-06-09 15:48:25,205,EXP_FAULT_04,RUN_04,network_delay,1,recommendationservice,recommendation-f04-04,online-boutique,node-b,0.3753,30.9992,0,118.4107,0.00129,20.0796,16.1923,29.7528,37.0436,52.578,118.3565,118.2579,0.1315,0.0213,130384.984,110384.2803,network_delay,frontend,2026-06-09 15:50:00,2026-06-09 16:05:00,pre_fault,0.39456028,0
2026-06-09 15:48:30,210,EXP_FAULT_04,RUN_04,network_delay,1,recommendationservice,recommendation-f04-04,online-boutique,node-b,0.3876,30.878,0,113.5309,0.000606,20.4788,15.431,33.2731,41.145,54.0981,113.4912,113.4621,0.0458,0.023,134396.4759,103967.6039,network_delay,frontend,2026-06-09 15:50:00,2026-06-09 16:05:00,pre_fault,0.028272595,0
2026-06-09 15:48:35,215,EXP_FAULT_04,RUN_04,network_delay,1,recommendationservice,recommendation-f04-04,online-boutique,node-b,0.3762,31.0066,0,117.6046,0.000473,22.9707,17.304,38.8449,40.5032,62.6094,117.5696,117.549,0.0309,0.0247,132142.6537,85676.2799,network_delay,frontend,2026-06-09 15:50:00,2026-06-09 16:05:00,pre_fault,0.016573265,0
2026-06-09 15:48:40,220,EXP_FAULT_04,RUN_04,network_delay,1,recommendationservice,recommendation-f04-04,online-boutique,node-b,0.3574,31.5906,0,117.3128,0.001196,21.6741,17.5294,33.7496,44.0601,52.7073,117.2478,117.1725,0.124,0.0163,99972.7428,103011.2683,network_delay,frontend,2026-06-09 15:50:00,2026-06-09 16:05:00,pre_fault,0.20001717,0
2026-06-09 15:48:45,225,EXP_FAULT_04,RUN_04,network_delay,1,recommendationservice,recommendation-f04-04,online-boutique,node-b,0.4066,31.0952,0,115.6025,0.001612,22.4798,15.7979,34.7605,43.9226,63.4515,115.4945,115.4162,0.1645,0.0219,118679.7883,80283.9725,network_delay,frontend,2026-06-09 15:50:00,2026-06-09 16:05:00,pre_fault,0.21389127,0
2026-06-09 15:48:50,230,EXP_FAULT_04,RUN_04,network_delay,1,recommendationservice,recommendation-f04-04,online-boutique,node-b,0.3853,31.1977,0,112.542,0.001249,21.2824,16.963,31.8596,40.0541,60.5265,112.459,112.4014,0.1194,0.0212,127944.0155,98788.3306,network_delay,frontend,2026-06-09 15:50:00,2026-06-09 16:05:00,pre_fault,0.0054071806,0
2026-06-09 15:48:55,235,EXP_FAULT_04,RUN_04,network_delay,1,recommendationservice,recommendation-f04-04,online-boutique,node-b,0.3918,31.19,0,115.2259,0.000868,21.4044,16.3947,33.3754,41.3588,51.7522,115.1639,115.126,0.071,0.0289,131955.4065,116307.7997,network_delay,frontend,2026-06-09 15:50:00,2026-06-09 16:05:00,pre_fault,0.0039114864,0
2026-06-09 15:49:00,240,EXP_FAULT_04,RUN_04,network_delay,1,recommendationservice,recommendation-f04-04,online-boutique,node-b,0.3766,31.0076,0,113.7669,0.00068,23.6234,18.7563,36.2123,46.9468,56.5458,113.7159,113.6896,0.0547,0.0226,142527.3019,99953.0342,network_delay,frontend,2026-06-09 15:50:00,2026-06-09 16:05:00,pre_fault,0.1672782,0
2026-06-09 15:49:05,245,EXP_FAULT_04,RUN_04,network_delay,1,recommendationservice,recommendation-f04-04,online-boutique,node-b,0.3951,31.3631,0,111.4645,0.001068,21.9147,16.6575,33.63,39.3172,61.4312,111.417,111.3455,0.1003,0.0188,131465.9312,84301.7444,network_delay,frontend,2026-06-09 15:50:00,2026-06-09 16:05:00,pre_fault,0.10552527,0
2026-06-09 15:49:10,250,EXP_FAULT_04,RUN_04,network_delay,1,recommendationservice,recommendation-f04-04,online-boutique,node-b,0.3498,30.3333,0,111.251,0.001066,21.8758,17.6471,35.7423,44.7831,55.7445,111.1659,111.1325,0.0803,0.0382,98645.8637,103693.9887,network_delay,frontend,2026-06-09 15:50:00,2026-06-09 16:05:00,pre_fault,0.04962795,0
2026-06-09 15:49:15,255,EXP_FAULT_04,RUN_04,network_delay,1,recommendationservice,recommendation-f04-04,online-boutique,node-b,0.3685,30.4348,0,106.3208,0.001547,21.9817,16.178,35.727,41.0329,52.6998,106.2238,106.1563,0.137,0.0274,127995.3991,98787.0479,network_delay,frontend,2026-06-09 15:50:00,2026-06-09 16:05:00,pre_fault,0.047951486,0
2026-06-09 15:49:20,260,EXP_FAULT_04,RUN_04,network_delay,1,recommendationservice,recommendation-f04-04,online-boutique,node-b,0.3703,31.4817,0,109.6314,0.001777,22.4402,16.7834,35.8687,39.3732,60.6373,109.5067,109.4367,0.1704,0.0244,129257.6981,101513.9567,network_delay,frontend,2026-06-09 15:50:00,2026-06-09 16:05:00,pre_fault,0.023694005,0
2026-06-09 15:49:25,265,EXP_FAULT_04,RUN_04,network_delay,1,recommendationservice,recommendation-f04-04,online-boutique,node-b,0.3645,30.4133,0,107.318,0.000777,22.3029,17.739,36.0375,42.3437,63.4594,107.2654,107.2347,0.0798,0.0036,123188.1852,72286.7157,network_delay,frontend,2026-06-09 15:50:00,2026-06-09 16:05:00,pre_fault,0.0645579,0
2026-06-09 15:49:30,270,EXP_FAULT_04,RUN_04,network_delay,1,recommendationservice,recommendation-f04-04,online-boutique,node-b,0.3735,30.5043,0,110.7217,0.000313,23.4073,16.6833,36.3829,47.5717,63.3542,110.6973,110.687,0.0338,0.0009,102849.2015,97400.5176,network_delay,frontend,2026-06-09 15:50:00,2026-06-09 16:05:00,pre_fault,0.21298322,0
2026-06-09 15:49:35,275,EXP_FAULT_04,RUN_04,network_delay,1,recommendationservice,recommendation-f04-04,online-boutique,node-b,0.3681,30.7924,0,107.554,0.00103,19.9403,15.1457,32.6385,36.1933,49.9193,107.4755,107.4432,0.1088,0.002,128506.9852,111461.4555,network_delay,frontend,2026-06-09 15:50:00,2026-06-09 16:05:00,pre_fault,0.06944927,0
2026-06-09 15:49:40,280,EXP_FAULT_04,RUN_04,network_delay,1,recommendationservice,recommendation-f04-04,online-boutique,node-b,0.389,31.12,0,106.4089,0.00147,21.6039,16.9696,35.5301,38.3226,56.8122,106.3138,106.2525,0.1273,0.0292,134129.6758,82849.0572,network_delay,frontend,2026-06-09 15:50:00,2026-06-09 16:05:00,pre_fault,0.13311148,0
2026-06-09 15:49:45,285,EXP_FAULT_04,RUN_04,network_delay,1,recommendationservice,recommendation-f04-04,online-boutique,node-b,0.391,30.5672,0,104.6466,0.001597,21.694,16.2713,34.9876,38.4894,60.9619,104.5811,104.4795,0.1418,0.0254,132919.5597,84873.4597,network_delay,frontend,2026-06-09 15:50:00,2026-06-09 16:05:00,pre_fault,0.2645419,0
2026-06-09 15:49:50,290,EXP_FAULT_04,RUN_04,network_delay,1,recommendationservice,recommendation-f04-04,online-boutique,node-b,0.3658,31.6527,0,104.4951,0.001366,22.3929,16.6351,33.2643,43.7885,56.3037,104.4319,104.3523,0.1365,0.0063,94736.8407,83656.9419,network_delay,frontend,2026-06-09 15:50:00,2026-06-09 16:05:00,pre_fault,0.11963805,0
2026-06-09 15:49:55,295,EXP_FAULT_04,RUN_04,network_delay,1,recommendationservice,recommendation-f04-04,online-boutique,node-b,0.3855,31.5287,0,103.5947,0.000905,20.9762,16.0376,32.3854,39.9904,55.8925,103.5416,103.501,0.0765,0.0172,94765.1206,92688.2881,network_delay,frontend,2026-06-09 15:50:00,2026-06-09 16:05:00,pre_fault,0.10797708,0
2026-06-09 15:50:00,300,EXP_FAULT_04,RUN_04,network_delay,1,recommendationservice,recommendation-f04-04,online-boutique,node-b,0.376,30.8052,0,107.1737,0.006396,45.3317,24.1883,93.1669,150.8438,237.6914,94.2686,106.4882,0.1758,0.5097,136147.5241,75020.6356,network_delay,frontend,2026-06-09 15:50:00,2026-06-09 16:05:00,during_fault,34.10405,1
2026-06-09 15:50:05,305,EXP_FAULT_04,RUN_04,network_delay,1,recommendationservice,recommendation-f04-04,online-boutique,node-b,0.3708,31.0942,0,104.3849,0.006291,46.1373,24.7196,91.5233,146.2525,251.3268,91.8599,103.7282,0.1461,0.5107,108308.1044,106590.4167,network_delay,frontend,2026-06-09 15:50:00,2026-06-09 16:05:00,during_fault,36.923603,1
2026-06-09 15:50:10,310,EXP_FAULT_04,RUN_04,network_delay,1,recommendationservice,recommendation-f04-04,online-boutique,node-b,0.3776,31.1166,0,104.5575,0.00529,45.6618,24.1487,93.4488,143.6584,240.0413,92.1518,104.0044,0.0492,0.5039,96637.6666,99079.6947,network_delay,frontend,2026-06-09 15:50:00,2026-06-09 16:05:00,during_fault,36.6128,1
2026-06-09 15:50:15,315,EXP_FAULT_04,RUN_04,network_delay,1,recommendationservice,recommendation-f04-04,online-boutique,node-b,0.3488,31.3512,0,103.4434,0.005399,46.5078,24.0928,92.5057,134.5166,240.5677,91.2873,102.8849,0.0867,0.4718,101740.6039,108036.5411,network_delay,frontend,2026-06-09 15:50:00,2026-06-09 16:05:00,during_fault,34.692955,1
2026-06-09 15:50:20,320,EXP_FAULT_04,RUN_04,network_delay,1,recommendationservice,recommendation-f04-04,online-boutique,node-b,0.4087,31.3467,0,105.4548,0.006808,44.0271,23.3599,81.7738,128.7047,231.0563,93.1531,104.7368,0.241,0.4769,106982.2696,86608.2233,network_delay,frontend,2026-06-09 15:50:00,2026-06-09 16:05:00,during_fault,37.2499,1
2026-06-09 15:50:25,325,EXP_FAULT_04,RUN_04,network_delay,1,recommendationservice,recommendation-f04-04,online-boutique,node-b,0.402,31.1126,0,107.9689,0.006237,41.5291,23.363,80.979,129.4233,227.3109,95.6428,107.2955,0.2009,0.4725,119634.8798,93881.6301,network_delay,frontend,2026-06-09 15:50:00,2026-06-09 16:05:00,during_fault,27.543793,1
2026-06-09 15:50:30,330,EXP_FAULT_04,RUN_04,network_delay,1,recommendationservice,recommendation-f04-04,online-boutique,node-b,0.3777,31.8354,0,107.638,0.006635,42.4039,23.8589,83.3121,121.3812,217.3093,95.5173,106.9238,0.2272,0.487,125158.6706,98294.7826,network_delay,frontend,2026-06-09 15:50:00,2026-06-09 16:05:00,during_fault,27.730234,1
2026-06-09 15:50:35,335,EXP_FAULT_04,RUN_04,network_delay,1,recommendationservice,recommendation-f04-04,online-boutique,node-b,0.3536,31.5777,0,104.9629,0.005551,43.3881,25.4949,92.3313,140.9198,232.7278,93.4711,104.3803,0.1352,0.4475,98589.0626,71740.8193,network_delay,frontend,2026-06-09 15:50:00,2026-06-09 16:05:00,during_fault,26.550165,1
2026-06-09 15:50:40,340,EXP_FAULT_04,RUN_04,network_delay,1,recommendationservice,recommendation-f04-04,online-boutique,node-b,0.3475,31.2777,0,106.3913,0.004911,39.6312,22.0564,81.2848,114.4653,225.5529,95.0571,105.8688,0.0691,0.4534,96102.9636,75529.6012,network_delay,frontend,2026-06-09 15:50:00,2026-06-09 16:05:00,during_fault,16.117725,1
2026-06-09 15:50:45,345,EXP_FAULT_04,RUN_04,network_delay,1,recommendationservice,recommendation-f04-04,online-boutique,node-b,0.3757,31.471,0,108.368,0.005093,44.8446,24.0871,90.003,125.936,252.6066,97.1662,107.816,0.1065,0.4454,122312.5821,89616.2405,network_delay,frontend,2026-06-09 15:50:00,2026-06-09 16:05:00,during_fault,32.822315,1
2026-06-09 15:50:50,350,EXP_FAULT_04,RUN_04,network_delay,1,recommendationservice,recommendation-f04-04,online-boutique,node-b,0.3634,31.1375,0,108.182,0.006266,40.9476,22.9366,85.7519,115.9341,218.6315,97.2685,107.5041,0.235,0.4429,109133.2929,107946.5698,network_delay,frontend,2026-06-09 15:50:00,2026-06-09 16:05:00,during_fault,20.58845,1
2026-06-09 15:50:55,355,EXP_FAULT_04,RUN_04,network_delay,1,recommendationservice,recommendation-f04-04,online-boutique,node-b,0.3872,31.5512,0,112.0249,0.005172,44.2805,23.9596,92.8777,132.7069,211.494,101.1493,111.4454,0.1678,0.4116,147290.9401,82435.6332,network_delay,frontend,2026-06-09 15:50:00,2026-06-09 16:05:00,during_fault,32.076183,1
2026-06-09 15:51:00,360,EXP_FAULT_04,RUN_04,network_delay,1,recommendationservice,recommendation-f04-04,online-boutique,node-b,0.3712,31.2223,0,105.0427,0.005362,38.7142,21.3442,77.4781,105.0227,185.5953,95.2125,104.4795,0.1589,0.4043,96094.1488,97531.0285,network_delay,frontend,2026-06-09 15:50:00,2026-06-09 16:05:00,during_fault,17.42358,1
2026-06-09 15:51:05,365,EXP_FAULT_04,RUN_04,network_delay,1,recommendationservice,recommendation-f04-04,online-boutique,node-b,0.3789,31.0129,0,108.7133,0.004904,43.9418,24.8438,89.1879,125.3189,227.4597,98.8776,108.1801,0.1459,0.3873,96284.0991,88954.3495,network_delay,frontend,2026-06-09 15:50:00,2026-06-09 16:05:00,during_fault,30.235956,1
2026-06-09 15:51:10,370,EXP_FAULT_04,RUN_04,network_delay,1,recommendationservice,recommendation-f04-04,online-boutique,node-b,0.3776,30.6369,0,110.3664,0.004002,37.0033,21.2765,67.3059,104.8559,186.5247,100.8406,109.9247,0.0689,0.3727,136828.5941,96296.6517,network_delay,frontend,2026-06-09 15:50:00,2026-06-09 16:05:00,during_fault,13.431277,1
2026-06-09 15:51:15,375,EXP_FAULT_04,RUN_04,network_delay,1,recommendationservice,recommendation-f04-04,online-boutique,node-b,0.3474,30.5808,0,110.7509,0.004188,39.2835,23.189,77.5682,115.971,186.0667,101.5292,110.2871,0.0817,0.3822,102637.4148,96297.7957,network_delay,frontend,2026-06-09 15:50:00,2026-06-09 16:05:00,during_fault,14.385063,1
2026-06-09 15:51:20,380,EXP_FAULT_04,RUN_04,network_delay,1,recommendationservice,recommendation-f04-04,online-boutique,node-b,0.3824,30.9201,0,109.674,0.004662,35.0298,21.8175,65.8838,93.2287,163.2531,100.8867,109.1627,0.1482,0.3631,97104.3622,94894.9844,network_delay,frontend,2026-06-09 15:50:00,2026-06-09 16:05:00,during_fault,10.606401,1
2026-06-09 15:51:25,385,EXP_FAULT_04,RUN_04,network_delay,1,recommendationservice,recommendation-f04-04,online-boutique,node-b,0.3834,31.2345,0,111.659,0.004749,36.3763,23.2942,70.1296,106.6408,173.5321,103.0406,111.1288,0.1767,0.3536,129408.3433,90993.0895,network_delay,frontend,2026-06-09 15:50:00,2026-06-09 16:05:00,during_fault,12.792865,1
2026-06-09 15:51:30,390,EXP_FAULT_04,RUN_04,network_delay,1,recommendationservice,recommendation-f04-04,online-boutique,node-b,0.3679,31.0371,0,111.7651,0.004189,33.6264,19.0174,63.3517,89.1614,164.8477,103.5075,111.2969,0.1556,0.3127,99397.7507,102789.7818,network_delay,frontend,2026-06-09 15:50:00,2026-06-09 16:05:00,during_fault,6.926023,1
2026-06-09 15:51:35,395,EXP_FAULT_04,RUN_04,network_delay,1,recommendationservice,recommendation-f04-04,online-boutique,node-b,0.3863,31.2713,0,110.1456,0.004521,36.3395,22.897,66.6786,91.9073,151.4414,102.3006,109.6476,0.169,0.3291,130277.8387,73898.7942,network_delay,frontend,2026-06-09 15:50:00,2026-06-09 16:05:00,during_fault,13.364725,1
2026-06-09 15:51:40,400,EXP_FAULT_04,RUN_04,network_delay,1,recommendationservice,recommendation-f04-04,online-boutique,node-b,0.354,30.9672,0,105.1057,0.003648,34.8579,22.3463,60.9535,94.4188,150.1809,97.9158,104.7222,0.087,0.2964,124156.2238,86447.9434,network_delay,frontend,2026-06-09 15:50:00,2026-06-09 16:05:00,during_fault,8.783597,1
2026-06-09 15:51:45,405,EXP_FAULT_04,RUN_04,network_delay,1,recommendationservice,recommendation-f04-04,online-boutique,node-b,0.3829,31.6564,0,106.5626,0.00368,36.1318,22.3884,64.1325,102.7601,145.0257,99.4967,106.1705,0.1241,0.268,95877.8045,83150.641,network_delay,frontend,2026-06-09 15:50:00,2026-06-09 16:05:00,during_fault,13.490946,1
2026-06-09 15:51:50,410,EXP_FAULT_04,RUN_04,network_delay,1,recommendationservice,recommendation-f04-04,online-boutique,node-b,0.3591,30.9209,0,108.6921,0.003796,33.4039,20.201,59.5691,91.4261,137.8851,101.6717,108.2796,0.1336,0.2789,127742.1355,84895.0731,network_delay,frontend,2026-06-09 15:50:00,2026-06-09 16:05:00,during_fault,6.550134,1
2026-06-09 15:51:55,415,EXP_FAULT_04,RUN_04,network_delay,1,recommendationservice,recommendation-f04-04,online-boutique,node-b,0.3707,30.1674,0,113.222,0.003108,33.6136,20.2015,66.1965,92.4141,142.0019,106.1081,112.8701,0.0737,0.2782,110193.8372,110585.8295,network_delay,frontend,2026-06-09 15:50:00,2026-06-09 16:05:00,during_fault,7.1744947,1
2026-06-09 15:52:00,420,EXP_FAULT_04,RUN_04,network_delay,1,recommendationservice,recommendation-f04-04,online-boutique,node-b,0.3915,30.6178,0,109.1149,0.003427,33.4446,21.7015,57.9927,90.1312,150.5841,102.3489,108.741,0.1088,0.2651,110075.3742,79876.2499,network_delay,frontend,2026-06-09 15:50:00,2026-06-09 16:05:00,during_fault,9.200953,1
2026-06-09 15:52:05,425,EXP_FAULT_04,RUN_04,network_delay,1,recommendationservice,recommendation-f04-04,online-boutique,node-b,0.3626,30.6295,0,108.1548,0.003229,34.5133,22.2982,59.1112,92.7686,156.3598,101.5171,107.8055,0.0751,0.2742,138120.7714,88342.3157,network_delay,frontend,2026-06-09 15:50:00,2026-06-09 16:05:00,during_fault,8.553958,1
2026-06-09 15:52:10,430,EXP_FAULT_04,RUN_04,network_delay,1,recommendationservice,recommendation-f04-04,online-boutique,node-b,0.3719,30.7166,0,108.6583,0.002922,34.7519,22.7663,61.6126,96.8519,136.8389,102.0261,108.3408,0.0689,0.2487,118927.9589,112630.2117,network_delay,frontend,2026-06-09 15:50:00,2026-06-09 16:05:00,during_fault,9.655746,1
2026-06-09 15:52:15,435,EXP_FAULT_04,RUN_04,network_delay,1,recommendationservice,recommendation-f04-04,online-boutique,node-b,0.3797,30.8853,0,107.1133,0.003123,34.7454,22.9613,58.6363,87.9304,159.189,100.5445,106.7788,0.0866,0.2479,95506.9073,74375.764,network_delay,frontend,2026-06-09 15:50:00,2026-06-09 16:05:00,during_fault,10.604924,1
2026-06-09 15:52:20,440,EXP_FAULT_04,RUN_04,network_delay,1,recommendationservice,recommendation-f04-04,online-boutique,node-b,0.3868,31.7675,0,108.7168,0.004176,32.0845,21.6134,55.4165,78.8835,132.2403,101.8995,108.2628,0.1838,0.2702,111041.7494,104102.9331,network_delay,frontend,2026-06-09 15:50:00,2026-06-09 16:05:00,during_fault,7.223338,1
2026-06-09 15:52:25,445,EXP_FAULT_04,RUN_04,network_delay,1,recommendationservice,recommendation-f04-04,online-boutique,node-b,0.3686,31.7189,0,108.6174,0.00412,34.4344,20.9715,65.779,94.2326,141.9507,101.7415,108.1699,0.1897,0.2578,131967.1151,103043.651,network_delay,frontend,2026-06-09 15:50:00,2026-06-09 16:05:00,during_fault,8.924756,1
2026-06-09 15:52:30,450,EXP_FAULT_04,RUN_04,network_delay,1,recommendationservice,recommendation-f04-04,online-boutique,node-b,0.3715,30.8123,0,106.9633,0.003899,33.2997,19.8002,56.9366,81.9961,137.0003,100.0381,106.5462,0.1558,0.2613,105509.5264,109582.8362,network_delay,frontend,2026-06-09 15:50:00,2026-06-09 16:05:00,during_fault,7.675012,1
2026-06-09 15:52:35,455,EXP_FAULT_04,RUN_04,network_delay,1,recommendationservice,recommendation-f04-04,online-boutique,node-b,0.3721,31.1184,0,107.372,0.004466,34.3851,22.7995,61.2084,96.0398,138.8169,100.175,106.8925,0.1782,0.3014,138761.2864,84507.4505,network_delay,frontend,2026-06-09 15:50:00,2026-06-09 16:05:00,during_fault,9.105993,1
2026-06-09 15:52:40,460,EXP_FAULT_04,RUN_04,network_delay,1,recommendationservice,recommendation-f04-04,online-boutique,node-b,0.3704,31.1565,0,107.6474,0.004494,38.0851,22.3675,69.4659,107.62,182.9968,100.2176,107.1636,0.1983,0.2855,113673.6144,107322.7932,network_delay,frontend,2026-06-09 15:50:00,2026-06-09 16:05:00,during_fault,15.341207,1
2026-06-09 15:52:45,465,EXP_FAULT_04,RUN_04,network_delay,1,recommendationservice,recommendation-f04-04,online-boutique,node-b,0.372,30.5395,0,104.2569,0.003372,34.1121,19.6317,63.1153,94.4485,140.381,96.8924,103.9054,0.0542,0.2973,124100.7468,105736.912,network_delay,frontend,2026-06-09 15:50:00,2026-06-09 16:05:00,during_fault,9.5615015,1
2026-06-09 15:52:50,470,EXP_FAULT_04,RUN_04,network_delay,1,recommendationservice,recommendation-f04-04,online-boutique,node-b,0.3746,31.3668,0,108.6992,0.004822,34.2516,21.8932,68.7025,95.4817,141.3292,100.6434,108.175,0.1894,0.3348,130015.4485,78092.777,network_delay,frontend,2026-06-09 15:50:00,2026-06-09 16:05:00,during_fault,9.044228,1
2026-06-09 15:52:55,475,EXP_FAULT_04,RUN_04,network_delay,1,recommendationservice,recommendation-f04-04,online-boutique,node-b,0.3628,31.1657,0,106.257,0.004598,36.7663,23.8083,66.4154,108.8734,158.3226,98.0936,105.7684,0.1729,0.3157,117269.4982,99212.9873,network_delay,frontend,2026-06-09 15:50:00,2026-06-09 16:05:00,during_fault,12.317767,1
2026-06-09 15:53:00,480,EXP_FAULT_04,RUN_04,network_delay,1,recommendationservice,recommendation-f04-04,online-boutique,node-b,0.3536,31.4173,0,107.0048,0.004771,34.1892,19.2654,62.6193,91.4891,153.6359,98.4423,106.4943,0.1726,0.3379,125694.2911,74147.6482,network_delay,frontend,2026-06-09 15:50:00,2026-06-09 16:05:00,during_fault,7.40771,1
2026-06-09 15:53:05,485,EXP_FAULT_04,RUN_04,network_delay,1,recommendationservice,recommendation-f04-04,online-boutique,node-b,0.3783,30.3694,0,108.5141,0.004515,34.8755,20.4369,64.0441,97.0902,167.475,99.5041,108.0242,0.1305,0.3595,125786.1383,111564.5181,network_delay,frontend,2026-06-09 15:50:00,2026-06-09 16:05:00,during_fault,10.229937,1
2026-06-09 15:53:10,490,EXP_FAULT_04,RUN_04,network_delay,1,recommendationservice,recommendation-f04-04,online-boutique,node-b,0.3642,30.186,0,106.3203,0.004762,38.9569,22.9512,70.0257,110.9096,199.8315,97.1255,105.814,0.1601,0.3462,122834.3383,88801.5744,network_delay,frontend,2026-06-09 15:50:00,2026-06-09 16:05:00,during_fault,16.676052,1
2026-06-09 15:53:15,495,EXP_FAULT_04,RUN_04,network_delay,1,recommendationservice,recommendation-f04-04,online-boutique,node-b,0.3604,30.825,0,105.3326,0.00515,36.8172,23.139,65.8055,113.9586,195.9541,95.8328,104.7902,0.1558,0.3866,94001.4162,100773.871,network_delay,frontend,2026-06-09 15:50:00,2026-06-09 16:05:00,during_fault,12.266815,1
2026-06-09 15:53:20,500,EXP_FAULT_04,RUN_04,network_delay,1,recommendationservice,recommendation-f04-04,online-boutique,node-b,0.3959,31.438,0,110.4474,0.004413,41.087,23.307,73.8873,113.8875,193.5141,100.1496,109.96,0.0948,0.3926,111161.9229,94835.9813,network_delay,frontend,2026-06-09 15:50:00,2026-06-09 16:05:00,during_fault,24.995129,1
2026-06-09 15:53:25,505,EXP_FAULT_04,RUN_04,network_delay,1,recommendationservice,recommendation-f04-04,online-boutique,node-b,0.3692,31.3526,0,112.0427,0.004607,39.5299,24.3863,74.0678,117.8852,190.0652,101.2053,111.5265,0.0985,0.4177,111821.704,94519.0362,network_delay,frontend,2026-06-09 15:50:00,2026-06-09 16:05:00,during_fault,17.296362,1
2026-06-09 15:53:30,510,EXP_FAULT_04,RUN_04,network_delay,1,recommendationservice,recommendation-f04-04,online-boutique,node-b,0.377,30.9313,0,111.0251,0.005218,42.8817,24.918,88.2341,126.0049,229.0013,99.881,110.4458,0.1414,0.4379,145967.1184,96943.2435,network_delay,frontend,2026-06-09 15:50:00,2026-06-09 16:05:00,during_fault,26.258972,1
2026-06-09 15:53:35,515,EXP_FAULT_04,RUN_04,network_delay,1,recommendationservice,recommendation-f04-04,online-boutique,node-b,0.3897,31.3024,0,112.025,0.005363,38.9359,21.4044,78.8613,121.0235,184.3032,100.3923,111.4242,0.1264,0.4744,132852.5185,114910.268,network_delay,frontend,2026-06-09 15:50:00,2026-06-09 16:05:00,during_fault,18.739346,1
2026-06-09 15:53:40,520,EXP_FAULT_04,RUN_04,network_delay,1,recommendationservice,recommendation-f04-04,online-boutique,node-b,0.4038,30.9558,0,116.8588,0.005632,42.5257,23.137,88.4155,132.7936,240.1108,104.388,116.2006,0.1734,0.4848,150325.8506,79938.8808,network_delay,frontend,2026-06-09 15:50:00,2026-06-09 16:05:00,during_fault,27.613943,1
2026-06-09 15:53:45,525,EXP_FAULT_04,RUN_04,network_delay,1,recommendationservice,recommendation-f04-04,online-boutique,node-b,0.3904,31.1367,0,110.5566,0.00594,41.8723,22.4259,84.335,126.5436,214.9199,98.4511,109.8999,0.1693,0.4873,96941.3978,113589.5531,network_delay,frontend,2026-06-09 15:50:00,2026-06-09 16:05:00,during_fault,26.127966,1
2026-06-09 15:53:50,530,EXP_FAULT_04,RUN_04,network_delay,1,recommendationservice,recommendation-f04-04,online-boutique,node-b,0.3886,31.368,0,115.1934,0.006117,46.0312,25.4162,86.1502,151.9223,261.5623,102.2898,114.4888,0.1845,0.5201,113107.4767,78578.9239,network_delay,frontend,2026-06-09 15:50:00,2026-06-09 16:05:00,during_fault,36.653877,1
2026-06-09 15:53:55,535,EXP_FAULT_04,RUN_04,network_delay,1,recommendationservice,recommendation-f04-04,online-boutique,node-b,0.3878,31.5595,0,115.6448,0.005436,49.6614,27.1117,102.7686,149.0653,288.7627,102.4408,115.0161,0.1232,0.5055,127483.7924,101543.3787,network_delay,frontend,2026-06-09 15:50:00,2026-06-09 16:05:00,during_fault,48.24848,1
2026-06-09 15:54:00,540,EXP_FAULT_04,RUN_04,network_delay,1,recommendationservice,recommendation-f04-04,online-boutique,node-b,0.368,31.2776,0,115.3265,0.005811,41.1466,22.0202,82.5476,123.6149,214.0166,101.9441,114.6563,0.1607,0.5095,149742.7958,106907.6463,network_delay,frontend,2026-06-09 15:50:00,2026-06-09 16:05:00,during_fault,20.067314,1
2026-06-09 15:54:05,545,EXP_FAULT_04,RUN_04,network_delay,1,recommendationservice,recommendation-f04-04,online-boutique,node-b,0.3783,30.9284,0,114.6625,0.005635,42.8099,22.7753,89.7173,140.0186,233.0062,101.1662,114.0164,0.0996,0.5465,136934.385,120665.6802,network_delay,frontend,2026-06-09 15:50:00,2026-06-09 16:05:00,during_fault,25.27319,1
2026-06-09 15:54:10,550,EXP_FAULT_04,RUN_04,network_delay,1,recommendationservice,recommendation-f04-04,online-boutique,node-b,0.3781,31.2712,0,118.7783,0.005776,49.6069,27.5971,99.9204,153.7743,251.9369,104.6756,118.0923,0.1162,0.5698,146464.4686,119276.1888,network_delay,frontend,2026-06-09 15:50:00,2026-06-09 16:05:00,during_fault,44.731884,1
2026-06-09 15:54:15,555,EXP_FAULT_04,RUN_04,network_delay,1,recommendationservice,recommendation-f04-04,online-boutique,node-b,0.3713,31.4363,0,120.4649,0.006334,47.2758,27.2641,94.7021,156.2871,284.2262,106.0271,119.702,0.1823,0.5806,112756.1391,123371.3916,network_delay,frontend,2026-06-09 15:50:00,2026-06-09 16:05:00,during_fault,35.92268,1
2026-06-09 15:54:20,560,EXP_FAULT_04,RUN_04,network_delay,1,recommendationservice,recommendation-f04-04,online-boutique,node-b,0.3912,31.3707,0,120.3204,0.006138,49.566,28.2363,101.3893,159.089,267.9225,105.8867,119.5819,0.1547,0.5838,108322.6174,85275.5002,network_delay,frontend,2026-06-09 15:50:00,2026-06-09 16:05:00,during_fault,46.948467,1
2026-06-09 15:54:25,565,EXP_FAULT_04,RUN_04,network_delay,1,recommendationservice,recommendation-f04-04,online-boutique,node-b,0.3815,31.2741,0,119.3754,0.005681,47.7345,24.3258,103.9789,152.8214,266.5349,105.0421,118.6972,0.0925,0.5857,157547.1188,94006.4132,network_delay,frontend,2026-06-09 15:50:00,2026-06-09 16:05:00,during_fault,38.98451,1
2026-06-09 15:54:30,570,EXP_FAULT_04,RUN_04,network_delay,1,recommendationservice,recommendation-f04-04,online-boutique,node-b,0.3949,32.1011,0,120.8172,0.00651,45.5942,24.898,94.6216,148.9792,235.3323,106.3225,120.0306,0.203,0.5835,109780.08,100193.2882,network_delay,frontend,2026-06-09 15:50:00,2026-06-09 16:05:00,during_fault,36.15197,1
2026-06-09 15:54:35,575,EXP_FAULT_04,RUN_04,network_delay,1,recommendationservice,recommendation-f04-04,online-boutique,node-b,0.3709,31.2901,0,120.5594,0.005828,44.9828,23.0088,92.3781,143.9283,271.9794,106.258,119.8568,0.1248,0.5778,154301.2659,124655.6534,network_delay,frontend,2026-06-09 15:50:00,2026-06-09 16:05:00,during_fault,28.796814,1
2026-06-09 15:54:40,580,EXP_FAULT_04,RUN_04,network_delay,1,recommendationservice,recommendation-f04-04,online-boutique,node-b,0.3718,31.1781,0,123.8664,0.006014,44.4968,23.2025,93.7811,141.5598,242.9012,109.3038,123.1215,0.1864,0.5586,163002.063,127268.1017,network_delay,frontend,2026-06-09 15:50:00,2026-06-09 16:05:00,during_fault,26.677074,1
2026-06-09 15:54:45,585,EXP_FAULT_04,RUN_04,network_delay,1,recommendationservice,recommendation-f04-04,online-boutique,node-b,0.3774,31.4582,0,122.9227,0.005993,46.915,26.1733,91.5112,147.2849,272.2529,108.6602,122.186,0.1951,0.5416,142809.5142,112536.3852,network_delay,frontend,2026-06-09 15:50:00,2026-06-09 16:05:00,during_fault,34.99613,1
2026-06-09 15:54:50,590,EXP_FAULT_04,RUN_04,network_delay,1,recommendationservice,recommendation-f04-04,online-boutique,node-b,0.4002,30.4974,0,123.0978,0.005318,46.1725,27.0726,99.7779,137.5095,265.2838,109.0623,122.4431,0.116,0.5387,104097.5825,118850.2841,network_delay,frontend,2026-06-09 15:50:00,2026-06-09 16:05:00,during_fault,35.16066,1
2026-06-09 15:54:55,595,EXP_FAULT_04,RUN_04,network_delay,1,recommendationservice,recommendation-f04-04,online-boutique,node-b,0.3691,30.796,0,122.4795,0.004821,44.4571,23.4517,91.0992,138.208,225.2368,108.8027,121.889,0.0655,0.5249,124150.8211,118518.9253,network_delay,frontend,2026-06-09 15:50:00,2026-06-09 16:05:00,during_fault,25.78835,1
2026-06-09 15:55:00,600,EXP_FAULT_04,RUN_04,network_delay,1,recommendationservice,recommendation-f04-04,online-boutique,node-b,0.4051,31.0297,0,120.345,0.005272,40.6336,22.0119,82.8789,126.5234,200.5814,107.1964,119.7106,0.1231,0.5114,114008.5036,90501.8135,network_delay,frontend,2026-06-09 15:50:00,2026-06-09 16:05:00,during_fault,22.05418,1
2026-06-09 15:55:05,605,EXP_FAULT_04,RUN_04,network_delay,1,recommendationservice,recommendation-f04-04,online-boutique,node-b,0.3892,31.2447,0,120.1695,0.005993,42.9742,23.3539,87.6837,134.5215,244.6616,107.2985,119.4493,0.199,0.5211,133906.4998,95862.8683,network_delay,frontend,2026-06-09 15:50:00,2026-06-09 16:05:00,during_fault,26.395498,1
2026-06-09 15:55:10,610,EXP_FAULT_04,RUN_04,network_delay,1,recommendationservice,recommendation-f04-04,online-boutique,node-b,0.3792,30.9662,0,121.5315,0.005401,44.5857,23.5049,86.7356,144.4039,237.1765,108.9442,120.8751,0.1779,0.4784,140245.1869,123699.8101,network_delay,frontend,2026-06-09 15:50:00,2026-06-09 16:05:00,during_fault,28.233902,1
2026-06-09 15:55:15,615,EXP_FAULT_04,RUN_04,network_delay,1,recommendationservice,recommendation-f04-04,online-boutique,node-b,0.383,30.516,0,120.6535,0.004548,43.5665,24.5336,85.5456,123.9514,235.257,108.5872,120.1047,0.0787,0.4701,100806.6044,121429.3617,network_delay,frontend,2026-06-09 15:50:00,2026-06-09 16:05:00,during_fault,25.845058,1
2026-06-09 15:55:20,620,EXP_FAULT_04,RUN_04,network_delay,1,recommendationservice,recommendation-f04-04,online-boutique,node-b,0.3886,31.3196,0,121.026,0.004937,43.4664,24.4693,81.7033,122.3233,231.0205,109.2834,120.4285,0.1377,0.4598,157368.9844,84629.1086,network_delay,frontend,2026-06-09 15:50:00,2026-06-09 16:05:00,during_fault,27.04104,1
2026-06-09 15:55:25,625,EXP_FAULT_04,RUN_04,network_delay,1,recommendationservice,recommendation-f04-04,online-boutique,node-b,0.3877,31.7372,0,122.0836,0.004016,38.2127,21.6642,69.1251,119.4036,202.4142,110.7014,121.5933,0.0564,0.4339,103633.6515,127921.4627,network_delay,frontend,2026-06-09 15:50:00,2026-06-09 16:05:00,during_fault,14.744553,1
2026-06-09 15:55:30,630,EXP_FAULT_04,RUN_04,network_delay,1,recommendationservice,recommendation-f04-04,online-boutique,node-b,0.3882,31.3217,0,123.3169,0.004498,39.8766,24.7861,82.6025,121.0577,182.3843,112.2324,122.7622,0.1278,0.4269,150925.9693,106053.6324,network_delay,frontend,2026-06-09 15:50:00,2026-06-09 16:05:00,during_fault,17.69854,1
2026-06-09 15:55:35,635,EXP_FAULT_04,RUN_04,network_delay,1,recommendationservice,recommendation-f04-04,online-boutique,node-b,0.3881,31.3043,0,117.1626,0.004306,40.4236,23.8578,79.7225,118.66,204.2269,107.013,116.6581,0.0917,0.4128,109277.9907,117438.5329,network_delay,frontend,2026-06-09 15:50:00,2026-06-09 16:05:00,during_fault,20.329199,1
2026-06-09 15:55:40,640,EXP_FAULT_04,RUN_04,network_delay,1,recommendationservice,recommendation-f04-04,online-boutique,node-b,0.3757,31.3508,0,120.4711,0.004221,38.4154,23.7117,72.096,107.0871,188.2976,110.469,119.9626,0.125,0.3835,155268.1891,107644.1832,network_delay,frontend,2026-06-09 15:50:00,2026-06-09 16:05:00,during_fault,13.869293,1
2026-06-09 15:55:45,645,EXP_FAULT_04,RUN_04,network_delay,1,recommendationservice,recommendation-f04-04,online-boutique,node-b,0.3862,31.5227,0,116.4206,0.004176,37.2578,23.0131,73.5311,109.6964,173.3534,107.1537,115.9344,0.1056,0.3806,141591.1688,101474.6443,network_delay,frontend,2026-06-09 15:50:00,2026-06-09 16:05:00,during_fault,13.80177,1
2026-06-09 15:55:50,650,EXP_FAULT_04,RUN_04,network_delay,1,recommendationservice,recommendation-f04-04,online-boutique,node-b,0.3695,31.1178,0,119.7578,0.003714,38.6756,23.8611,70.6045,99.2226,180.7389,110.5875,119.313,0.0608,0.384,133412.2154,107805.2692,network_delay,frontend,2026-06-09 15:50:00,2026-06-09 16:05:00,during_fault,13.62998,1
2026-06-09 15:55:55,655,EXP_FAULT_04,RUN_04,network_delay,1,recommendationservice,recommendation-f04-04,online-boutique,node-b,0.3606,30.8446,0,124.1154,0.003651,39.0027,24.3326,69.2424,104.3155,163.5981,115.0046,123.6622,0.0889,0.3643,143310.8942,106946.4791,network_delay,frontend,2026-06-09 15:50:00,2026-06-09 16:05:00,during_fault,12.387998,1
2026-06-09 15:56:00,660,EXP_FAULT_04,RUN_04,network_delay,1,recommendationservice,recommendation-f04-04,online-boutique,node-b,0.3881,30.9151,0,120.4883,0.004117,37.3226,24.402,69.1336,98.0323,165.1439,111.909,119.9922,0.1354,0.3606,107965.0119,111321.7832,network_delay,frontend,2026-06-09 15:50:00,2026-06-09 16:05:00,during_fault,12.989636,1
2026-06-09 15:56:05,665,EXP_FAULT_04,RUN_04,network_delay,1,recommendationservice,recommendation-f04-04,online-boutique,node-b,0.3946,31.702,0,116.9153,0.003823,35.7018,22.848,67.0638,102.1694,159.0173,108.8917,116.4684,0.1126,0.3343,108957.9473,118381.9838,network_delay,frontend,2026-06-09 15:50:00,2026-06-09 16:05:00,during_fault,11.862754,1
2026-06-09 15:56:10,670,EXP_FAULT_04,RUN_04,network_delay,1,recommendationservice,recommendation-f04-04,online-boutique,node-b,0.3748,31.174,0,116.9871,0.003413,33.4414,20.4555,66.3066,90.1357,137.6132,109.2318,116.5878,0.0728,0.3264,150613.3308,81181.0869,network_delay,frontend,2026-06-09 15:50:00,2026-06-09 16:05:00,during_fault,6.4116907,1
2026-06-09 15:56:15,675,EXP_FAULT_04,RUN_04,network_delay,1,recommendationservice,recommendation-f04-04,online-boutique,node-b,0.3838,31.5646,0,120.9287,0.003774,34.3904,20.2203,58.3838,94.4608,152.3312,113.128,120.4723,0.1479,0.3086,133959.5942,84121.2345,network_delay,frontend,2026-06-09 15:50:00,2026-06-09 16:05:00,during_fault,7.980769,1
2026-06-09 15:56:20,680,EXP_FAULT_04,RUN_04,network_delay,1,recommendationservice,recommendation-f04-04,online-boutique,node-b,0.3827,30.4229,0,119.5547,0.003552,33.7292,19.7209,58.4671,90.8466,146.9787,111.9925,119.1301,0.1247,0.2999,147805.7126,105847.0152,network_delay,frontend,2026-06-09 15:50:00,2026-06-09 16:05:00,during_fault,6.9580474,1
2026-06-09 15:56:25,685,EXP_FAULT_04,RUN_04,network_delay,1,recommendationservice,recommendation-f04-04,online-boutique,node-b,0.3819,31.18,0,117.2836,0.003071,33.0746,21.9634,61.9892,89.2675,139.7896,110.0324,116.9235,0.0824,0.2777,153376.0544,98325.6893,network_delay,frontend,2026-06-09 15:50:00,2026-06-09 16:05:00,during_fault,6.4334536,1
2026-06-09 15:56:30,690,EXP_FAULT_04,RUN_04,network_delay,1,recommendationservice,recommendation-f04-04,online-boutique,node-b,0.3827,31.3166,0,121.0719,0.004123,36.5206,22.3807,64.8709,93.2346,161.0691,113.6075,120.5727,0.1984,0.3009,133010.4476,92275.2322,network_delay,frontend,2026-06-09 15:50:00,2026-06-09 16:05:00,during_fault,11.056074,1
2026-06-09 15:56:35,695,EXP_FAULT_04,RUN_04,network_delay,1,recommendationservice,recommendation-f04-04,online-boutique,node-b,0.3958,31.3092,0,121.8457,0.003994,36.7601,22.0979,68.2202,89.2041,165.308,114.3495,121.3591,0.1687,0.3179,119800.1045,116619.2282,network_delay,frontend,2026-06-09 15:50:00,2026-06-09 16:05:00,during_fault,12.650133,1
2026-06-09 15:56:40,700,EXP_FAULT_04,RUN_04,network_delay,1,recommendationservice,recommendation-f04-04,online-boutique,node-b,0.3975,31.5196,0,124.9737,0.003451,33.0746,19.4642,57.2297,84.3839,143.5788,117.3058,124.5425,0.1277,0.3035,149941.3673,132039.6566,network_delay,frontend,2026-06-09 15:50:00,2026-06-09 16:05:00,during_fault,6.549817,1
2026-06-09 15:56:45,705,EXP_FAULT_04,RUN_04,network_delay,1,recommendationservice,recommendation-f04-04,online-boutique,node-b,0.3932,30.9214,0,124.1237,0.004109,33.6455,21.1819,59.0338,86.9514,139.7968,116.3826,123.6136,0.1951,0.315,116398.3969,96175.4551,network_delay,frontend,2026-06-09 15:50:00,2026-06-09 16:05:00,during_fault,6.812082,1
2026-06-09 15:56:50,710,EXP_FAULT_04,RUN_04,network_delay,1,recommendationservice,recommendation-f04-04,online-boutique,node-b,0.3827,31.516,0,125.2535,0.0042,32.4297,20.4552,58.9363,86.1175,138.6748,117.3274,124.7274,0.2207,0.3053,144276.2065,92761.4805,network_delay,frontend,2026-06-09 15:50:00,2026-06-09 16:05:00,during_fault,4.933318,1
2026-06-09 15:56:55,715,EXP_FAULT_04,RUN_04,network_delay,1,recommendationservice,recommendation-f04-04,online-boutique,node-b,0.3819,30.6799,0,126.8421,0.00325,34.3041,20.762,62.9113,87.3392,137.633,118.6833,126.4299,0.0707,0.3415,108721.7399,87424.7715,network_delay,frontend,2026-06-09 15:50:00,2026-06-09 16:05:00,during_fault,6.5681543,1
2026-06-09 15:57:00,720,EXP_FAULT_04,RUN_04,network_delay,1,recommendationservice,recommendation-f04-04,online-boutique,node-b,0.3815,31.3678,0,125.7889,0.003755,34.2623,22.1784,67.2866,90.0904,162.1208,117.4479,125.3165,0.1436,0.3288,131058.7764,87035.7635,network_delay,frontend,2026-06-09 15:50:00,2026-06-09 16:05:00,during_fault,6.8026633,1
2026-06-09 15:57:05,725,EXP_FAULT_04,RUN_04,network_delay,1,recommendationservice,recommendation-f04-04,online-boutique,node-b,0.3831,31.519,0,123.7001,0.00397,35.4847,21.0365,63.1701,91.8743,153.6047,115.2321,123.209,0.1708,0.3203,121171.2393,122022.1739,network_delay,frontend,2026-06-09 15:50:00,2026-06-09 16:05:00,during_fault,9.092564,1
2026-06-09 15:57:10,730,EXP_FAULT_04,RUN_04,network_delay,1,recommendationservice,recommendation-f04-04,online-boutique,node-b,0.3796,31.1125,0,125.7015,0.003336,37.1771,22.9494,70.0241,92.7947,175.4609,116.8064,125.2822,0.0633,0.356,160404.8872,120617.789,network_delay,frontend,2026-06-09 15:50:00,2026-06-09 16:05:00,during_fault,10.784728,1
2026-06-09 15:57:15,735,EXP_FAULT_04,RUN_04,network_delay,1,recommendationservice,recommendation-f04-04,online-boutique,node-b,0.4252,31.5863,0,133.8951,0.0039,35.8523,23.2069,63.1591,92.8449,159.4625,124.0195,133.3729,0.1276,0.3945,150961.2188,95747.5097,network_delay,frontend,2026-06-09 15:50:00,2026-06-09 16:05:00,during_fault,11.64297,1
2026-06-09 15:57:20,740,EXP_FAULT_04,RUN_04,network_delay,1,recommendationservice,recommendation-f04-04,online-boutique,node-b,0.3716,31.6166,0,125.6575,0.004748,37.9523,23.1525,73.5976,104.9137,178.8286,115.9535,125.0608,0.2163,0.3803,150003.2512,92520.3238,network_delay,frontend,2026-06-09 15:50:00,2026-06-09 16:05:00,during_fault,12.008557,1
2026-06-09 15:57:25,745,EXP_FAULT_04,RUN_04,network_delay,1,recommendationservice,recommendation-f04-04,online-boutique,node-b,0.3955,31.3027,0,127.9432,0.003926,39.2049,21.815,76.6159,106.2253,181.8979,117.7543,127.4409,0.0862,0.4161,142426.5663,121182.5836,network_delay,frontend,2026-06-09 15:50:00,2026-06-09 16:05:00,during_fault,15.989004,1
2026-06-09 15:57:30,750,EXP_FAULT_04,RUN_04,network_delay,1,recommendationservice,recommendation-f04-04,online-boutique,node-b,0.3865,31.058,0,129.3919,0.005361,39.2269,22.5706,75.2832,106.7327,182.1373,118.5579,128.6982,0.2498,0.4439,137301.1111,121601.6033,network_delay,frontend,2026-06-09 15:50:00,2026-06-09 16:05:00,during_fault,14.831098,1
2026-06-09 15:57:35,755,EXP_FAULT_04,RUN_04,network_delay,1,recommendationservice,recommendation-f04-04,online-boutique,node-b,0.3879,31.1905,0,130.5526,0.004345,39.2463,24.7035,72.3364,117.3562,175.5898,119.2713,129.9854,0.1281,0.4391,146977.5508,111256.3332,network_delay,frontend,2026-06-09 15:50:00,2026-06-09 16:05:00,during_fault,14.68161,1
2026-06-09 15:57:40,760,EXP_FAULT_04,RUN_04,network_delay,1,recommendationservice,recommendation-f04-04,online-boutique,node-b,0.388,30.595,0,128.8294,0.004376,44.7188,27.1089,79.875,137.849,231.6522,117.2316,128.2656,0.1105,0.4533,149269.028,116086.653,network_delay,frontend,2026-06-09 15:50:00,2026-06-09 16:05:00,during_fault,27.379944,1
2026-06-09 15:57:45,765,EXP_FAULT_04,RUN_04,network_delay,1,recommendationservice,recommendation-f04-04,online-boutique,node-b,0.373,31.1206,0,128.3032,0.004894,43.254,26.165,86.3601,120.084,235.4574,116.3061,127.6753,0.1352,0.4927,110870.7845,125033.6548,network_delay,frontend,2026-06-09 15:50:00,2026-06-09 16:05:00,during_fault,22.124958,1
2026-06-09 15:57:50,770,EXP_FAULT_04,RUN_04,network_delay,1,recommendationservice,recommendation-f04-04,online-boutique,node-b,0.3718,31.4864,0,128.1232,0.005186,45.6198,26.2726,84.5945,134.3187,237.2883,115.7151,127.4587,0.152,0.5124,111943.2817,130164.0182,network_delay,frontend,2026-06-09 15:50:00,2026-06-09 16:05:00,during_fault,28.550568,1
2026-06-09 15:57:55,775,EXP_FAULT_04,RUN_04,network_delay,1,recommendationservice,recommendation-f04-04,online-boutique,node-b,0.4022,31.5974,0,125.9663,0.004636,45.587,25.1579,82.9028,143.0726,254.7263,113.3455,125.3824,0.0972,0.4867,127841.4147,94868.7843,network_delay,frontend,2026-06-09 15:50:00,2026-06-09 16:05:00,during_fault,33.91174,1
2026-06-09 15:58:00,780,EXP_FAULT_04,RUN_04,network_delay,1,recommendationservice,recommendation-f04-04,online-boutique,node-b,0.3918,31.2581,0,125.0139,0.005792,43.7051,24.5658,91.1094,128.2606,232.9876,112.0792,124.2899,0.221,0.503,140556.8923,96480.9368,network_delay,frontend,2026-06-09 15:50:00,2026-06-09 16:05:00,during_fault,27.319702,1
2026-06-09 15:58:05,785,EXP_FAULT_04,RUN_04,network_delay,1,recommendationservice,recommendation-f04-04,online-boutique,node-b,0.3834,31.9007,0,128.3072,0.005549,50.3755,26.9118,99.8435,155.8918,266.1405,114.6206,127.5953,0.1526,0.5594,119978.6778,125646.7335,network_delay,frontend,2026-06-09 15:50:00,2026-06-09 16:05:00,during_fault,45.949074,1
2026-06-09 15:58:10,790,EXP_FAULT_04,RUN_04,network_delay,1,recommendationservice,recommendation-f04-04,online-boutique,node-b,0.3904,30.796,0,126.0465,0.005113,47.2287,25.8921,100.1574,148.6229,264.1502,112.2917,125.402,0.0889,0.5556,135453.849,99672.4648,network_delay,frontend,2026-06-09 15:50:00,2026-06-09 16:05:00,during_fault,36.109993,1
2026-06-09 15:58:15,795,EXP_FAULT_04,RUN_04,network_delay,1,recommendationservice,recommendation-f04-04,online-boutique,node-b,0.3818,31.796,0,122.0094,0.005669,43.0257,24.7986,79.818,127.586,233.5566,108.3507,121.3177,0.1599,0.5318,118560.3539,102337.8579,network_delay,frontend,2026-06-09 15:50:00,2026-06-09 16:05:00,during_fault,25.540735,1
2026-06-09 15:58:20,800,EXP_FAULT_04,RUN_04,network_delay,1,recommendationservice,recommendation-f04-04,online-boutique,node-b,0.3813,31.2921,0,119.8456,0.00584,46.2212,24.7346,98.0421,150.5866,252.11,106.1495,119.1458,0.1599,0.54,105080.2203,123649.5789,network_delay,frontend,2026-06-09 15:50:00,2026-06-09 16:05:00,during_fault,34.243977,1
2026-06-09 15:58:25,805,EXP_FAULT_04,RUN_04,network_delay,1,recommendationservice,recommendation-f04-04,online-boutique,node-b,0.3797,31.8979,0,123.8909,0.006665,48.2039,28.5441,92.171,143.5364,279.3848,109.4731,123.0651,0.2758,0.55,154627.613,125846.8625,network_delay,frontend,2026-06-09 15:50:00,2026-06-09 16:05:00,during_fault,40.275215,1
2026-06-09 15:58:30,810,EXP_FAULT_04,RUN_04,network_delay,1,recommendationservice,recommendation-f04-04,online-boutique,node-b,0.4076,31.2373,0,122.1802,0.005428,49.1582,25.7856,93.0003,150.1226,267.0709,107.8375,121.517,0.1075,0.5556,105509.9963,100802.2396,network_delay,frontend,2026-06-09 15:50:00,2026-06-09 16:05:00,during_fault,47.6361,1
2026-06-09 15:58:35,815,EXP_FAULT_04,RUN_04,network_delay,1,recommendationservice,recommendation-f04-04,online-boutique,node-b,0.4149,31.2075,0,121.5651,0.005539,50.4699,27.3756,97.0875,163.5101,285.1995,107.1264,120.8918,0.0902,0.5831,152513.782,102397.3072,network_delay,frontend,2026-06-09 15:50:00,2026-06-09 16:05:00,during_fault,54.173176,1
2026-06-09 15:58:40,820,EXP_FAULT_04,RUN_04,network_delay,1,recommendationservice,recommendation-f04-04,online-boutique,node-b,0.4033,30.5561,0,118.0337,0.00668,49.2129,25.6596,95.263,150.3756,279.2571,103.8722,117.2453,0.2151,0.5734,150548.4525,107088.4429,network_delay,frontend,2026-06-09 15:50:00,2026-06-09 16:05:00,during_fault,47.642647,1
2026-06-09 15:58:45,825,EXP_FAULT_04,RUN_04,network_delay,1,recommendationservice,recommendation-f04-04,online-boutique,node-b,0.3941,31.2895,0,121.7763,0.006431,45.4768,25.9808,89.8913,147.2204,263.4889,107.1314,120.9932,0.2135,0.5697,119893.2397,111921.118,network_delay,frontend,2026-06-09 15:50:00,2026-06-09 16:05:00,during_fault,33.91651,1
2026-06-09 15:58:50,830,EXP_FAULT_04,RUN_04,network_delay,1,recommendationservice,recommendation-f04-04,online-boutique,node-b,0.374,31.3352,0,113.6664,0.00678,45.2523,26.5064,94.0772,152.4349,229.3269,99.9599,112.8957,0.2175,0.5531,134604.9029,115265.7263,network_delay,frontend,2026-06-09 15:50:00,2026-06-09 16:05:00,during_fault,32.45745,1
2026-06-09 15:58:55,835,EXP_FAULT_04,RUN_04,network_delay,1,recommendationservice,recommendation-f04-04,online-boutique,node-b,0.3818,31.5862,0,114.5286,0.005717,43.5976,22.7964,87.7696,142.0985,219.2612,100.852,113.8738,0.1311,0.5236,104483.4341,106893.7066,network_delay,frontend,2026-06-09 15:50:00,2026-06-09 16:05:00,during_fault,28.79588,1
2026-06-09 15:59:00,840,EXP_FAULT_04,RUN_04,network_delay,1,recommendationservice,recommendation-f04-04,online-boutique,node-b,0.3865,31.6096,0,116.3895,0.006469,50.7003,25.611,99.195,164.5402,254.0157,102.538,115.6366,0.191,0.5619,141451.3931,118577.5448,network_delay,frontend,2026-06-09 15:50:00,2026-06-09 16:05:00,during_fault,52.047035,1
2026-06-09 15:59:05,845,EXP_FAULT_04,RUN_04,network_delay,1,recommendationservice,recommendation-f04-04,online-boutique,node-b,0.3812,31.3458,0,113.8069,0.00626,46.0147,23.7037,93.4811,134.1194,234.7775,100.381,113.0944,0.1743,0.5381,118964.4006,119614.1223,network_delay,frontend,2026-06-09 15:50:00,2026-06-09 16:05:00,during_fault,35.776146,1
2026-06-09 15:59:10,850,EXP_FAULT_04,RUN_04,network_delay,1,recommendationservice,recommendation-f04-04,online-boutique,node-b,0.3697,31.311,0,114.9602,0.005882,45.2896,24.5274,91.2837,138.5254,229.6701,101.6119,114.284,0.131,0.5453,111268.4626,111316.2416,network_delay,frontend,2026-06-09 15:50:00,2026-06-09 16:05:00,during_fault,31.133326,1
2026-06-09 15:59:15,855,EXP_FAULT_04,RUN_04,network_delay,1,recommendationservice,recommendation-f04-04,online-boutique,node-b,0.372,30.8234,0,113.5847,0.006274,45.8848,24.4906,91.8884,151.9592,246.3794,100.5477,112.8721,0.1836,0.5291,142147.5393,122553.4432,network_delay,frontend,2026-06-09 15:50:00,2026-06-09 16:05:00,during_fault,32.995445,1
2026-06-09 15:59:20,860,EXP_FAULT_04,RUN_04,network_delay,1,recommendationservice,recommendation-f04-04,online-boutique,node-b,0.3447,31.3994,0,112.2783,0.005194,42.6884,24.6634,91.2585,132.2578,216.9255,99.7173,111.6951,0.0925,0.4907,128028.6912,90968.7866,network_delay,frontend,2026-06-09 15:50:00,2026-06-09 16:05:00,during_fault,21.270712,1
2026-06-09 15:59:25,865,EXP_FAULT_04,RUN_04,network_delay,1,recommendationservice,recommendation-f04-04,online-boutique,node-b,0.366,31.3196,0,112.9889,0.005924,45.6964,26.2269,94.2156,134.1832,242.4173,100.5765,112.3195,0.1875,0.4818,127312.456,102839.2594,network_delay,frontend,2026-06-09 15:50:00,2026-06-09 16:05:00,during_fault,32.309685,1
2026-06-09 15:59:30,870,EXP_FAULT_04,RUN_04,network_delay,1,recommendationservice,recommendation-f04-04,online-boutique,node-b,0.3744,31.0157,0,110.2106,0.005365,42.7535,24.87,88.1228,136.0901,211.9599,98.4871,109.6192,0.1134,0.4779,146738.9188,79096.3407,network_delay,frontend,2026-06-09 15:50:00,2026-06-09 16:05:00,during_fault,25.850275,1
2026-06-09 15:59:35,875,EXP_FAULT_04,RUN_04,network_delay,1,recommendationservice,recommendation-f04-04,online-boutique,node-b,0.3681,31.7449,0,110.4003,0.005087,43.0582,24.8097,88.1607,138.4257,233.3602,98.9854,109.8387,0.103,0.4586,121400.9657,93173.6414,network_delay,frontend,2026-06-09 15:50:00,2026-06-09 16:05:00,during_fault,26.364634,1
2026-06-09 15:59:40,880,EXP_FAULT_04,RUN_04,network_delay,1,recommendationservice,recommendation-f04-04,online-boutique,node-b,0.3873,31.1665,0,114.6772,0.004957,42.0156,24.8665,80.8679,134.1238,221.8733,103.1884,114.1088,0.0966,0.4718,120918.1603,93355.8758,network_delay,frontend,2026-06-09 15:50:00,2026-06-09 16:05:00,during_fault,24.767473,1
2026-06-09 15:59:45,885,EXP_FAULT_04,RUN_04,network_delay,1,recommendationservice,recommendation-f04-04,online-boutique,node-b,0.3825,31.249,0,114.4699,0.005443,40.6788,24.8499,83.3382,128.461,214.378,103.3344,113.8468,0.192,0.4311,127672.0003,123207.4902,network_delay,frontend,2026-06-09 15:50:00,2026-06-09 16:05:00,during_fault,21.072617,1
2026-06-09 15:59:50,890,EXP_FAULT_04,RUN_04,network_delay,1,recommendationservice,recommendation-f04-04,online-boutique,node-b,0.3895,31.4457,0,113.1317,0.005535,40.1824,23.4222,73.8726,116.5863,195.2236,102.4954,112.5055,0.1946,0.4316,101292.6977,120322.1344,network_delay,frontend,2026-06-09 15:50:00,2026-06-09 16:05:00,during_fault,21.462952,1
2026-06-09 15:59:55,895,EXP_FAULT_04,RUN_04,network_delay,1,recommendationservice,recommendation-f04-04,online-boutique,node-b,0.3886,31.8576,0,113.5654,0.005403,38.5287,21.2393,70.8488,114.1813,179.8058,103.3175,112.9518,0.1965,0.4171,102900.7019,98257.5544,network_delay,frontend,2026-06-09 15:50:00,2026-06-09 16:05:00,during_fault,17.983774,1
2026-06-09 16:00:00,900,EXP_FAULT_04,RUN_04,network_delay,1,recommendationservice,recommendation-f04-04,online-boutique,node-b,0.379,30.9355,0,116.0436,0.004054,42.3901,26.8254,77.6228,123.8331,184.3727,106.0327,115.5731,0.0906,0.3798,129363.3661,99260.6566,network_delay,frontend,2026-06-09 15:50:00,2026-06-09 16:05:00,during_fault,23.822382,1
2026-06-09 16:00:05,905,EXP_FAULT_04,RUN_04,network_delay,1,recommendationservice,recommendation-f04-04,online-boutique,node-b,0.3712,31.6597,0,114.0095,0.004521,38.2033,22.3891,75.9278,112.6777,182.1472,104.5345,113.4941,0.1338,0.3817,99621.7469,114207.6289,network_delay,frontend,2026-06-09 15:50:00,2026-06-09 16:05:00,during_fault,14.631406,1
2026-06-09 16:00:10,910,EXP_FAULT_04,RUN_04,network_delay,1,recommendationservice,recommendation-f04-04,online-boutique,node-b,0.3692,31.0032,0,112.5206,0.004884,36.8931,22.5549,65.3997,101.6436,177.5271,103.4899,111.9711,0.1952,0.3543,139642.6317,81694.6355,network_delay,frontend,2026-06-09 15:50:00,2026-06-09 16:05:00,during_fault,11.857279,1
2026-06-09 16:00:15,915,EXP_FAULT_04,RUN_04,network_delay,1,recommendationservice,recommendation-f04-04,online-boutique,node-b,0.3951,31.4687,0,113.244,0.00382,37.4167,21.7029,70.2,94.9455,177.2421,104.5874,112.8114,0.0805,0.3521,103730.7705,117565.7683,network_delay,frontend,2026-06-09 15:50:00,2026-06-09 16:05:00,during_fault,15.740476,1
2026-06-09 16:00:20,920,EXP_FAULT_04,RUN_04,network_delay,1,recommendationservice,recommendation-f04-04,online-boutique,node-b,0.3793,30.8075,0,118.2594,0.004066,34.2346,21.3041,62.3959,87.2475,167.2176,109.5371,117.7786,0.145,0.3357,145936.4378,122650.3411,network_delay,frontend,2026-06-09 15:50:00,2026-06-09 16:05:00,during_fault,7.5649366,1
2026-06-09 16:00:25,925,EXP_FAULT_04,RUN_04,network_delay,1,recommendationservice,recommendation-f04-04,online-boutique,node-b,0.3835,31.7661,0,112.8109,0.004031,34.5102,22.488,68.7364,86.6569,158.4683,104.8061,112.3561,0.1422,0.3126,108092.083,99761.5714,network_delay,frontend,2026-06-09 15:50:00,2026-06-09 16:05:00,during_fault,9.664922,1
2026-06-09 16:00:30,930,EXP_FAULT_04,RUN_04,network_delay,1,recommendationservice,recommendation-f04-04,online-boutique,node-b,0.3606,30.9338,0,114.3463,0.00406,33.7859,19.2929,65.1656,91.2016,156.5616,106.4829,113.882,0.1579,0.3064,129896.4299,118069.7254,network_delay,frontend,2026-06-09 15:50:00,2026-06-09 16:05:00,during_fault,6.201918,1
2026-06-09 16:00:35,935,EXP_FAULT_04,RUN_04,network_delay,1,recommendationservice,recommendation-f04-04,online-boutique,node-b,0.3803,31.2245,0,115.3961,0.003974,35.9464,23.0607,62.5028,93.8472,145.3043,107.7218,114.9375,0.1371,0.3215,120223.7897,100167.6123,network_delay,frontend,2026-06-09 15:50:00,2026-06-09 16:05:00,during_fault,10.872345,1
2026-06-09 16:00:40,940,EXP_FAULT_04,RUN_04,network_delay,1,recommendationservice,recommendation-f04-04,online-boutique,node-b,0.3891,30.7957,0,112.8447,0.003362,31.789,20.0222,61.1881,81.1749,126.0498,105.5616,112.4653,0.1044,0.2749,105754.5908,114605.4912,network_delay,frontend,2026-06-09 15:50:00,2026-06-09 16:05:00,during_fault,6.0480337,1
2026-06-09 16:00:45,945,EXP_FAULT_04,RUN_04,network_delay,1,recommendationservice,recommendation-f04-04,online-boutique,node-b,0.3683,30.7588,0,116.9888,0.004145,33.1893,22.227,59.1679,84.5858,137.321,109.5262,116.5039,0.1988,0.2861,106974.7867,89426.1737,network_delay,frontend,2026-06-09 15:50:00,2026-06-09 16:05:00,during_fault,5.6629,1
2026-06-09 16:00:50,950,EXP_FAULT_04,RUN_04,network_delay,1,recommendationservice,recommendation-f04-04,online-boutique,node-b,0.3901,31.4461,0,116.3315,0.003561,32.6845,19.1135,62.8827,91.0532,139.9303,109.1298,115.9173,0.1397,0.2746,99882.741,107835.2327,network_delay,frontend,2026-06-09 15:50:00,2026-06-09 16:05:00,during_fault,6.8216414,1
2026-06-09 16:00:55,955,EXP_FAULT_04,RUN_04,network_delay,1,recommendationservice,recommendation-f04-04,online-boutique,node-b,0.3721,31.6903,0,110.3905,0.003088,34.0747,20.6349,63.5624,88.3331,130.5457,103.6248,110.0496,0.063,0.2778,125384.58,110459.132,network_delay,frontend,2026-06-09 15:50:00,2026-06-09 16:05:00,during_fault,8.242279,1
2026-06-09 16:01:00,960,EXP_FAULT_04,RUN_04,network_delay,1,recommendationservice,recommendation-f04-04,online-boutique,node-b,0.3679,31.171,0,114.6942,0.003505,32.3947,19.2122,60.8874,79.3663,135.8692,107.645,114.2922,0.1177,0.2843,131613.4282,106965.3316,network_delay,frontend,2026-06-09 15:50:00,2026-06-09 16:05:00,during_fault,5.048255,1
2026-06-09 16:01:05,965,EXP_FAULT_04,RUN_04,network_delay,1,recommendationservice,recommendation-f04-04,online-boutique,node-b,0.366,31.1526,0,108.6876,0.003152,31.8507,18.7573,56.285,83.7413,140.3322,102.0253,108.345,0.0897,0.2529,129657.3869,109428.4367,network_delay,frontend,2026-06-09 15:50:00,2026-06-09 16:05:00,during_fault,5.2310877,1
2026-06-09 16:01:10,970,EXP_FAULT_04,RUN_04,network_delay,1,recommendationservice,recommendation-f04-04,online-boutique,node-b,0.3773,31.3351,0,109.3133,0.004301,31.499,18.4483,58.6114,87.5603,132.8858,102.4824,108.8431,0.1858,0.2843,114824.6155,98054.5937,network_delay,frontend,2026-06-09 15:50:00,2026-06-09 16:05:00,during_fault,5.491416,1
2026-06-09 16:01:15,975,EXP_FAULT_04,RUN_04,network_delay,1,recommendationservice,recommendation-f04-04,online-boutique,node-b,0.3837,31.0841,0,112.3376,0.00344,32.7637,19.5222,56.7534,81.3458,148.05,105.2564,111.9511,0.0956,0.2908,107208.7847,108709.4788,network_delay,frontend,2026-06-09 15:50:00,2026-06-09 16:05:00,during_fault,6.9856997,1
2026-06-09 16:01:20,980,EXP_FAULT_04,RUN_04,network_delay,1,recommendationservice,recommendation-f04-04,online-boutique,node-b,0.3926,31.4636,0,112.1654,0.004179,32.9812,21.6275,63.6058,85.1667,151.3616,104.8961,111.6966,0.1675,0.3013,107808.1302,106073.1195,network_delay,frontend,2026-06-09 15:50:00,2026-06-09 16:05:00,during_fault,8.140889,1
2026-06-09 16:01:25,985,EXP_FAULT_04,RUN_04,network_delay,1,recommendationservice,recommendation-f04-04,online-boutique,node-b,0.3649,30.796,0,111.4542,0.004385,37.3509,23.6597,73.2731,92.0368,154.6,104.0434,110.9655,0.207,0.2817,116589.357,97581.3954,network_delay,frontend,2026-06-09 15:50:00,2026-06-09 16:05:00,during_fault,12.418039,1
2026-06-09 16:01:30,990,EXP_FAULT_04,RUN_04,network_delay,1,recommendationservice,recommendation-f04-04,online-boutique,node-b,0.3826,31.1151,0,108.0376,0.004341,35.936,22.849,65.6159,102.0504,151.4877,100.6272,107.5687,0.1828,0.2861,104260.1848,88336.1314,network_delay,frontend,2026-06-09 15:50:00,2026-06-09 16:05:00,during_fault,12.57509,1
2026-06-09 16:01:35,995,EXP_FAULT_04,RUN_04,network_delay,1,recommendationservice,recommendation-f04-04,online-boutique,node-b,0.3742,31.0149,0,110.228,0.003835,35.3815,22.0263,62.7596,101.3415,156.4904,102.4005,109.8053,0.1236,0.2991,126656.146,86428.4888,network_delay,frontend,2026-06-09 15:50:00,2026-06-09 16:05:00,during_fault,10.308498,1
2026-06-09 16:01:40,1000,EXP_FAULT_04,RUN_04,network_delay,1,recommendationservice,recommendation-f04-04,online-boutique,node-b,0.3718,31.4889,0,107.7598,0.004227,34.3855,21.1855,64.8775,100.583,150.0438,99.8058,107.3043,0.1518,0.3038,115619.6789,76596.0406,network_delay,frontend,2026-06-09 15:50:00,2026-06-09 16:05:00,during_fault,9.181477,1
2026-06-09 16:01:45,1005,EXP_FAULT_04,RUN_04,network_delay,1,recommendationservice,recommendation-f04-04,online-boutique,node-b,0.3575,30.9152,0,103.482,0.003732,35.3564,20.4793,62.6492,97.2051,159.0555,95.5793,103.0958,0.08,0.3061,100253.4563,99591.7135,network_delay,frontend,2026-06-09 15:50:00,2026-06-09 16:05:00,during_fault,10.166182,1
2026-06-09 16:01:50,1010,EXP_FAULT_04,RUN_04,network_delay,1,recommendationservice,recommendation-f04-04,online-boutique,node-b,0.3714,31.2521,0,104.7473,0.003827,36.5238,20.1729,74.0299,105.6425,185.6699,96.4152,104.3464,0.0738,0.3271,134720.1178,84633.3996,network_delay,frontend,2026-06-09 15:50:00,2026-06-09 16:05:00,during_fault,13.219536,1
2026-06-09 16:01:55,1015,EXP_FAULT_04,RUN_04,network_delay,1,recommendationservice,recommendation-f04-04,online-boutique,node-b,0.3788,31.174,0,101.0382,0.003825,36.2151,22.9202,74.1313,93.9085,156.7619,92.6712,100.6517,0.0684,0.318,105839.4307,90768.6668,network_delay,frontend,2026-06-09 15:50:00,2026-06-09 16:05:00,during_fault,14.307356,1
2026-06-09 16:02:00,1020,EXP_FAULT_04,RUN_04,network_delay,1,recommendationservice,recommendation-f04-04,online-boutique,node-b,0.3686,30.9171,0,101.6702,0.005188,37.5754,23.0834,70.9838,103.3605,168.8654,92.8407,101.1428,0.1764,0.3511,99039.5776,97118.7258,network_delay,frontend,2026-06-09 15:50:00,2026-06-09 16:05:00,during_fault,15.428058,1
2026-06-09 16:02:05,1025,EXP_FAULT_04,RUN_04,network_delay,1,recommendationservice,recommendation-f04-04,online-boutique,node-b,0.3833,30.5694,0,105.7865,0.004624,40.4323,22.5012,80.7038,112.7181,193.5591,96.2687,105.2974,0.1121,0.3771,119832.5436,104118.2781,network_delay,frontend,2026-06-09 15:50:00,2026-06-09 16:05:00,during_fault,22.43661,1
2026-06-09 16:02:10,1030,EXP_FAULT_04,RUN_04,network_delay,1,recommendationservice,recommendation-f04-04,online-boutique,node-b,0.354,31.7669,0,103.047,0.004843,40.6851,21.8812,78.2308,114.8313,183.3297,93.3911,102.5479,0.1043,0.3948,120670.6801,84035.0959,network_delay,frontend,2026-06-09 15:50:00,2026-06-09 16:05:00,during_fault,20.505402,1
2026-06-09 16:02:15,1035,EXP_FAULT_04,RUN_04,network_delay,1,recommendationservice,recommendation-f04-04,online-boutique,node-b,0.3641,31.3345,0,101.8079,0.004948,37.8622,21.1993,76.6911,103.846,183.342,91.9435,101.3041,0.1125,0.3913,134214.4167,67473.3852,network_delay,frontend,2026-06-09 15:50:00,2026-06-09 16:05:00,during_fault,15.646688,1
2026-06-09 16:02:20,1040,EXP_FAULT_04,RUN_04,network_delay,1,recommendationservice,recommendation-f04-04,online-boutique,node-b,0.4024,31.2778,0,103.6636,0.004544,39.791,23.7283,84.3007,111.5735,214.7118,93.2842,103.1925,0.0565,0.4146,113532.9759,97538.9545,network_delay,frontend,2026-06-09 15:50:00,2026-06-09 16:05:00,during_fault,24.656454,1
2026-06-09 16:02:25,1045,EXP_FAULT_04,RUN_04,network_delay,1,recommendationservice,recommendation-f04-04,online-boutique,node-b,0.3625,31.0743,0,104.077,0.005478,41.2174,22.0397,80.2064,128.9367,210.1707,93.2699,103.5068,0.1535,0.4167,112080.3402,96485.5483,network_delay,frontend,2026-06-09 15:50:00,2026-06-09 16:05:00,during_fault,22.022587,1
2026-06-09 16:02:30,1050,EXP_FAULT_04,RUN_04,network_delay,1,recommendationservice,recommendation-f04-04,online-boutique,node-b,0.4057,31.1393,0,106.5699,0.006068,42.5291,25.7156,84.0824,125.3545,203.2608,95.1686,105.9233,0.1952,0.4515,125354.6011,88607.9003,network_delay,frontend,2026-06-09 15:50:00,2026-06-09 16:05:00,during_fault,31.42522,1
2026-06-09 16:02:35,1055,EXP_FAULT_04,RUN_04,network_delay,1,recommendationservice,recommendation-f04-04,online-boutique,node-b,0.3738,31.505,0,103.5839,0.005807,43.9109,24.1338,88.8595,128.8614,218.7716,92.2397,102.9824,0.157,0.4445,125486.3806,91166.3348,network_delay,frontend,2026-06-09 15:50:00,2026-06-09 16:05:00,during_fault,31.631641,1
2026-06-09 16:02:40,1060,EXP_FAULT_04,RUN_04,network_delay,1,recommendationservice,recommendation-f04-04,online-boutique,node-b,0.3669,31.3477,0,107.1796,0.005444,44.791,25.4656,92.7652,136.3067,255.6453,95.1858,106.5962,0.1285,0.455,144154.7445,86572.6687,network_delay,frontend,2026-06-09 15:50:00,2026-06-09 16:05:00,during_fault,31.55564,1
2026-06-09 16:02:45,1065,EXP_FAULT_04,RUN_04,network_delay,1,recommendationservice,recommendation-f04-04,online-boutique,node-b,0.3897,31.7314,0,107.0057,0.006336,41.9666,22.7904,81.9724,132.5651,219.5343,94.7298,106.3278,0.2094,0.4685,95483.1451,84099.7688,network_delay,frontend,2026-06-09 15:50:00,2026-06-09 16:05:00,during_fault,28.318264,1
2026-06-09 16:02:50,1070,EXP_FAULT_04,RUN_04,network_delay,1,recommendationservice,recommendation-f04-04,online-boutique,node-b,0.375,31.3572,0,99.7379,0.00657,43.9505,23.8582,81.6772,143.1873,225.5888,88.1504,99.0826,0.1849,0.4703,109613.4592,101329.6811,network_delay,frontend,2026-06-09 15:50:00,2026-06-09 16:05:00,during_fault,33.060352,1
2026-06-09 16:02:55,1075,EXP_FAULT_04,RUN_04,network_delay,1,recommendationservice,recommendation-f04-04,online-boutique,node-b,0.3725,30.9071,0,106.4419,0.005704,45.1578,26.6991,92.498,142.8744,233.8351,93.8997,105.8347,0.1265,0.4807,123794.5728,105164.2507,network_delay,frontend,2026-06-09 15:50:00,2026-06-09 16:05:00,during_fault,33.274353,1
2026-06-09 16:03:00,1080,EXP_FAULT_04,RUN_04,network_delay,1,recommendationservice,recommendation-f04-04,online-boutique,node-b,0.3707,31.6043,0,108.4603,0.005969,46.3094,26.2335,97.4657,155.3949,265.5381,95.57,107.8129,0.1335,0.5139,99091.8545,88217.7311,network_delay,frontend,2026-06-09 15:50:00,2026-06-09 16:05:00,during_fault,36.774277,1
2026-06-09 16:03:05,1085,EXP_FAULT_04,RUN_04,network_delay,1,recommendationservice,recommendation-f04-04,online-boutique,node-b,0.3664,31.3268,0,107.3213,0.00574,46.5166,24.5692,95.0262,154.644,251.5469,94.4945,106.7053,0.1175,0.4985,125772.2446,111766.7746,network_delay,frontend,2026-06-09 15:50:00,2026-06-09 16:05:00,during_fault,36.599213,1
2026-06-09 16:03:10,1090,EXP_FAULT_04,RUN_04,network_delay,1,recommendationservice,recommendation-f04-04,online-boutique,node-b,0.3678,31.0851,0,108.2535,0.005964,45.5271,24.9043,86.7184,134.2416,247.6355,95.2574,107.6078,0.1145,0.5312,137266.5556,75691.9545,network_delay,frontend,2026-06-09 15:50:00,2026-06-09 16:05:00,during_fault,33.220066,1
2026-06-09 16:03:15,1095,EXP_FAULT_04,RUN_04,network_delay,1,recommendationservice,recommendation-f04-04,online-boutique,node-b,0.3627,31.8565,0,108.747,0.006608,48.2419,25.5256,103.0156,140.4211,249.1511,95.6537,108.0285,0.222,0.4966,97473.8867,105293.9898,network_delay,frontend,2026-06-09 15:50:00,2026-06-09 16:05:00,during_fault,42.04212,1
2026-06-09 16:03:20,1100,EXP_FAULT_04,RUN_04,network_delay,1,recommendationservice,recommendation-f04-04,online-boutique,node-b,0.3838,31.7027,0,111.3474,0.005871,47.324,27.645,92.4566,144.6995,285.0577,98.0225,110.6937,0.1107,0.543,105469.4245,80538.8172,network_delay,frontend,2026-06-09 15:50:00,2026-06-09 16:05:00,during_fault,41.50772,1
2026-06-09 16:03:25,1105,EXP_FAULT_04,RUN_04,network_delay,1,recommendationservice,recommendation-f04-04,online-boutique,node-b,0.3733,31.2364,0,111.2074,0.006676,45.7538,25.4617,94.788,138.1654,233.7013,97.988,110.4649,0.2229,0.5196,96180.277,79691.5798,network_delay,frontend,2026-06-09 15:50:00,2026-06-09 16:05:00,during_fault,34.31796,1
2026-06-09 16:03:30,1110,EXP_FAULT_04,RUN_04,network_delay,1,recommendationservice,recommendation-f04-04,online-boutique,node-b,0.3883,31.3108,0,113.9174,0.005382,47.8551,25.9284,99.6368,150.3543,264.3458,100.5436,113.3043,0.1018,0.5114,110850.5688,119425.8354,network_delay,frontend,2026-06-09 15:50:00,2026-06-09 16:05:00,during_fault,42.48237,1
2026-06-09 16:03:35,1115,EXP_FAULT_04,RUN_04,network_delay,1,recommendationservice,recommendation-f04-04,online-boutique,node-b,0.3596,31.0692,0,112.3759,0.005911,47.4566,27.147,101.2959,154.9796,276.6354,99.3334,111.7117,0.1512,0.513,134241.027,92037.2109,network_delay,frontend,2026-06-09 15:50:00,2026-06-09 16:05:00,during_fault,36.26814,1
2026-06-09 16:03:40,1120,EXP_FAULT_04,RUN_04,network_delay,1,recommendationservice,recommendation-f04-04,online-boutique,node-b,0.3778,31.4687,0,112.2096,0.0061,44.2921,22.9443,83.7995,138.3787,223.2516,99.3715,111.5251,0.1973,0.4871,114512.3143,104280.264,network_delay,frontend,2026-06-09 15:50:00,2026-06-09 16:05:00,during_fault,30.764465,1
2026-06-09 16:03:45,1125,EXP_FAULT_04,RUN_04,network_delay,1,recommendationservice,recommendation-f04-04,online-boutique,node-b,0.3974,31.4496,0,111.0956,0.006165,47.0311,26.6893,92.5557,150.1372,271.7555,98.6426,110.4107,0.1951,0.4898,121064.0588,78405.2357,network_delay,frontend,2026-06-09 15:50:00,2026-06-09 16:05:00,during_fault,43.02868,1
2026-06-09 16:03:50,1130,EXP_FAULT_04,RUN_04,network_delay,1,recommendationservice,recommendation-f04-04,online-boutique,node-b,0.3737,31.5696,0,109.5059,0.005779,42.2056,23.4019,89.4623,133.6239,230.0003,97.5298,108.873,0.1545,0.4784,128552.3769,90718.1606,network_delay,frontend,2026-06-09 15:50:00,2026-06-09 16:05:00,during_fault,25.325754,1
2026-06-09 16:03:55,1135,EXP_FAULT_04,RUN_04,network_delay,1,recommendationservice,recommendation-f04-04,online-boutique,node-b,0.3792,31.5241,0,113.269,0.006065,45.0257,27.128,89.6985,129.2067,233.1857,101.1456,112.582,0.2154,0.4716,117346.7847,112385.7118,network_delay,frontend,2026-06-09 15:50:00,2026-06-09 16:05:00,during_fault,32.82204,1
2026-06-09 16:04:00,1140,EXP_FAULT_04,RUN_04,network_delay,1,recommendationservice,recommendation-f04-04,online-boutique,node-b,0.3973,31.5202,0,112.4771,0.005571,41.5099,23.6777,75.6209,123.119,225.4609,100.8061,111.8505,0.1639,0.4627,146462.2638,94124.0804,network_delay,frontend,2026-06-09 15:50:00,2026-06-09 16:05:00,during_fault,26.125687,1
2026-06-09 16:04:05,1145,EXP_FAULT_04,RUN_04,network_delay,1,recommendationservice,recommendation-f04-04,online-boutique,node-b,0.34,31.2394,0,112.4316,0.005661,41.4178,23.9842,80.0625,121.4064,216.0069,101.0892,111.7951,0.2093,0.4272,145854.0878,99820.7242,network_delay,frontend,2026-06-09 15:50:00,2026-06-09 16:05:00,during_fault,17.599905,1
2026-06-09 16:04:10,1150,EXP_FAULT_04,RUN_04,network_delay,1,recommendationservice,recommendation-f04-04,online-boutique,node-b,0.382,31.6866,0,115.7816,0.005437,46.2171,25.2513,95.2528,128.4157,211.8239,104.5308,115.152,0.1809,0.4487,129757.5062,102779.2492,network_delay,frontend,2026-06-09 15:50:00,2026-06-09 16:05:00,during_fault,35.978626,1
2026-06-09 16:04:15,1155,EXP_FAULT_04,RUN_04,network_delay,1,recommendationservice,recommendation-f04-04,online-boutique,node-b,0.3667,31.3682,0,113.0557,0.005389,40.9215,25.0394,82.6614,110.1312,195.9485,102.4645,112.4463,0.2036,0.4057,126169.1334,82791.9011,network_delay,frontend,2026-06-09 15:50:00,2026-06-09 16:05:00,during_fault,19.981949,1
2026-06-09 16:04:20,1160,EXP_FAULT_04,RUN_04,network_delay,1,recommendationservice,recommendation-f04-04,online-boutique,node-b,0.3454,31.5419,0,111.8446,0.004775,38.34,22.1425,70.1775,107.3761,199.4101,101.7768,111.3106,0.1501,0.3839,148545.1451,85737.1249,network_delay,frontend,2026-06-09 15:50:00,2026-06-09 16:05:00,during_fault,12.496992,1
2026-06-09 16:04:25,1165,EXP_FAULT_04,RUN_04,network_delay,1,recommendationservice,recommendation-f04-04,online-boutique,node-b,0.3838,31.6851,0,109.5499,0.004921,41.617,23.0817,83.9043,119.8565,207.3113,100.0398,109.0108,0.1756,0.3636,120401.6609,84846.2269,network_delay,frontend,2026-06-09 15:50:00,2026-06-09 16:05:00,during_fault,25.146059,1
2026-06-09 16:04:30,1170,EXP_FAULT_04,RUN_04,network_delay,1,recommendationservice,recommendation-f04-04,online-boutique,node-b,0.3855,30.84,0,111.966,0.004825,36.9153,22.9766,73.7464,106.0071,190.6037,102.6184,111.4258,0.1877,0.3525,122539.2839,94644.7975,network_delay,frontend,2026-06-09 15:50:00,2026-06-09 16:05:00,during_fault,13.690893,1
2026-06-09 16:04:35,1175,EXP_FAULT_04,RUN_04,network_delay,1,recommendationservice,recommendation-f04-04,online-boutique,node-b,0.375,31.2464,0,110.064,0.004316,38.6073,23.2976,77.7612,112.3468,182.4896,101.2729,109.589,0.1151,0.3599,125089.3568,105722.1805,network_delay,frontend,2026-06-09 15:50:00,2026-06-09 16:05:00,during_fault,16.455555,1
2026-06-09 16:04:40,1180,EXP_FAULT_04,RUN_04,network_delay,1,recommendationservice,recommendation-f04-04,online-boutique,node-b,0.3554,31.8809,0,109.8686,0.003823,39.1059,23.0469,71.2672,103.8649,168.4352,101.4675,109.4486,0.0698,0.3503,117585.8846,114005.5479,network_delay,frontend,2026-06-09 15:50:00,2026-06-09 16:05:00,during_fault,15.500577,1
2026-06-09 16:04:45,1185,EXP_FAULT_04,RUN_04,network_delay,1,recommendationservice,recommendation-f04-04,online-boutique,node-b,0.3529,31.2217,0,106.1097,0.004121,36.774,22.5127,66.1975,97.5089,151.8589,98.2954,105.6724,0.1222,0.3151,127261.6264,95986.9389,network_delay,frontend,2026-06-09 15:50:00,2026-06-09 16:05:00,during_fault,11.414052,1
2026-06-09 16:04:50,1190,EXP_FAULT_04,RUN_04,network_delay,1,recommendationservice,recommendation-f04-04,online-boutique,node-b,0.3871,31.6981,0,110.1807,0.004558,32.4116,20.4831,56.8816,88.8703,138.6348,102.3017,109.6785,0.1914,0.3108,97817.2275,78096.5329,network_delay,frontend,2026-06-09 15:50:00,2026-06-09 16:05:00,during_fault,7.5140214,1
2026-06-09 16:04:55,1195,EXP_FAULT_04,RUN_04,network_delay,1,recommendationservice,recommendation-f04-04,online-boutique,node-b,0.3647,31.5025,0,109.9874,0.00407,34.0839,21.9672,64.9332,85.9941,157.6317,102.4456,109.5398,0.1328,0.3148,103411.8443,92032.7472,network_delay,frontend,2026-06-09 15:50:00,2026-06-09 16:05:00,during_fault,7.719065,1
2026-06-09 16:05:00,1200,EXP_FAULT_04,RUN_04,network_delay,1,recommendationservice,recommendation-f04-04,online-boutique,node-b,0.3568,31.7288,0,109.1716,0.003462,34.784,21.811,59.7211,91.3662,163.3806,101.8441,108.7936,0.0681,0.3098,108190.7406,81277.7679,network_delay,frontend,2026-06-09 15:50:00,2026-06-09 16:05:00,post_fault,8.25785,1
2026-06-09 16:05:05,1205,EXP_FAULT_04,RUN_04,network_delay,1,recommendationservice,recommendation-f04-04,online-boutique,node-b,0.3744,31.7805,0,108.6978,0.003501,30.2763,18.9789,56.9622,85.3765,135.1941,101.5091,108.3172,0.0759,0.3046,141122.6498,109173.8798,network_delay,frontend,2026-06-09 15:50:00,2026-06-09 16:05:00,post_fault,4.133548,1
2026-06-09 16:05:10,1210,EXP_FAULT_04,RUN_04,network_delay,1,recommendationservice,recommendation-f04-04,online-boutique,node-b,0.3869,31.2733,0,107.7836,0.004219,31.2694,19.5382,55.7953,78.3812,123.3057,100.679,107.3288,0.1911,0.2636,119275.1235,102242.645,network_delay,frontend,2026-06-09 15:50:00,2026-06-09 16:05:00,post_fault,6.062658,1
2026-06-09 16:05:15,1215,EXP_FAULT_04,RUN_04,network_delay,1,recommendationservice,recommendation-f04-04,online-boutique,node-b,0.3642,32.1422,0,111.3184,0.004,32.4456,20.5319,56.1273,91.9389,149.1991,104.1099,110.8732,0.1684,0.2768,119019.8905,117139.7504,network_delay,frontend,2026-06-09 15:50:00,2026-06-09 16:05:00,post_fault,5.8096566,1
2026-06-09 16:05:20,1220,EXP_FAULT_04,RUN_04,network_delay,1,recommendationservice,recommendation-f04-04,online-boutique,node-b,0.3748,31.2941,0,110.202,0.00369,31.8119,20.524,57.1568,83.8014,131.198,103.1773,109.7954,0.1315,0.2751,127364.1516,93459.8546,network_delay,frontend,2026-06-09 15:50:00,2026-06-09 16:05:00,post_fault,5.4850206,1
2026-06-09 16:05:25,1225,EXP_FAULT_04,RUN_04,network_delay,1,recommendationservice,recommendation-f04-04,online-boutique,node-b,0.3658,31.041,0,109.5652,0.003319,32.9651,19.58,63.3207,88.2405,131.969,102.6781,109.2016,0.0997,0.2639,123080.9206,75295.0448,network_delay,frontend,2026-06-09 15:50:00,2026-06-09 16:05:00,post_fault,6.38618,1
2026-06-09 16:05:30,1230,EXP_FAULT_04,RUN_04,network_delay,1,recommendationservice,recommendation-f04-04,online-boutique,node-b,0.3686,31.073,0,110.6276,0.003604,30.3336,20.2541,58.2162,79.5834,131.0772,103.7551,110.2289,0.1399,0.2588,111169.1857,84028.9559,network_delay,frontend,2026-06-09 15:50:00,2026-06-09 16:05:00,post_fault,3.5536633,1
2026-06-09 16:05:35,1235,EXP_FAULT_04,RUN_04,network_delay,1,recommendationservice,recommendation-f04-04,online-boutique,node-b,0.3728,31.6035,0,109.6928,0.002965,34.4826,21.8909,63.6802,87.1967,154.0529,103.0235,109.3676,0.0697,0.2556,135409.2876,94524.2012,network_delay,frontend,2026-06-09 15:50:00,2026-06-09 16:05:00,post_fault,9.014331,1
2026-06-09 16:05:40,1240,EXP_FAULT_04,RUN_04,network_delay,1,recommendationservice,recommendation-f04-04,online-boutique,node-b,0.3807,31.3252,0,111.5367,0.003963,32.3275,18.9413,55.0634,85.0316,129.2525,104.7422,111.0946,0.186,0.256,114821.924,78525.7852,network_delay,frontend,2026-06-09 15:50:00,2026-06-09 16:05:00,post_fault,6.3808637,1
2026-06-09 16:05:45,1245,EXP_FAULT_04,RUN_04,network_delay,1,recommendationservice,recommendation-f04-04,online-boutique,node-b,0.3748,31.4438,0,112.3643,0.003562,32.3818,21.1829,54.9572,84.2716,128.3469,105.6758,111.964,0.1294,0.2709,117884.4392,104394.9557,network_delay,frontend,2026-06-09 15:50:00,2026-06-09 16:05:00,post_fault,5.8504767,1
2026-06-09 16:05:50,1250,EXP_FAULT_04,RUN_04,network_delay,1,recommendationservice,recommendation-f04-04,online-boutique,node-b,0.37,31.614,0,115.1604,0.00414,33.3882,22.1125,55.992,83.9316,150.6518,108.3448,114.6837,0.2007,0.276,137686.7268,98509.8102,network_delay,frontend,2026-06-09 15:50:00,2026-06-09 16:05:00,post_fault,6.478096,1
2026-06-09 16:05:55,1255,EXP_FAULT_04,RUN_04,network_delay,1,recommendationservice,recommendation-f04-04,online-boutique,node-b,0.3661,31.938,0,113.1502,0.003337,33.7818,22.4305,60.906,80.3598,147.5118,106.618,112.7727,0.1256,0.252,113938.72,80305.2087,network_delay,frontend,2026-06-09 15:50:00,2026-06-09 16:05:00,post_fault,7.046794,1
2026-06-09 16:06:00,1260,EXP_FAULT_04,RUN_04,network_delay,1,recommendationservice,recommendation-f04-04,online-boutique,node-b,0.3758,31.1464,0,113.5464,0.003735,33.3223,19.7122,56.953,85.8917,127.5027,107.0461,113.1223,0.1576,0.2664,123496.2351,85398.0671,network_delay,frontend,2026-06-09 15:50:00,2026-06-09 16:05:00,post_fault,6.8802786,1
2026-06-09 16:06:05,1265,EXP_FAULT_04,RUN_04,network_delay,1,recommendationservice,recommendation-f04-04,online-boutique,node-b,0.4038,31.291,0,115.013,0.003344,33.5551,21.754,63.9443,91.0208,135.626,108.5119,114.6284,0.1059,0.2787,104725.3996,81161.1047,network_delay,frontend,2026-06-09 15:50:00,2026-06-09 16:05:00,post_fault,9.268363,1
2026-06-09 16:06:10,1270,EXP_FAULT_04,RUN_04,network_delay,1,recommendationservice,recommendation-f04-04,online-boutique,node-b,0.3821,31.4831,0,117.5493,0.003206,34.2434,23.4742,59.4655,89.7686,144.76,111.0274,117.1723,0.0957,0.2812,116738.2365,89812.8212,network_delay,frontend,2026-06-09 15:50:00,2026-06-09 16:05:00,post_fault,8.027377,1
2026-06-09 16:06:15,1275,EXP_FAULT_04,RUN_04,network_delay,1,recommendationservice,recommendation-f04-04,online-boutique,node-b,0.3869,31.6602,0,119.4958,0.003274,35.1383,22.0153,60.322,86.1585,135.182,112.9193,119.1046,0.129,0.2622,113853.6388,93566.6085,network_delay,frontend,2026-06-09 15:50:00,2026-06-09 16:05:00,post_fault,9.543542,1
2026-06-09 16:06:20,1280,EXP_FAULT_04,RUN_04,network_delay,1,recommendationservice,recommendation-f04-04,online-boutique,node-b,0.3786,31.3156,0,121.313,0.003919,33.1863,21.8995,64.3692,85.9759,143.5727,114.6556,120.8375,0.1973,0.2782,122948.145,89673.0007,network_delay,frontend,2026-06-09 15:50:00,2026-06-09 16:05:00,post_fault,5.879696,1
2026-06-09 16:06:25,1285,EXP_FAULT_04,RUN_04,network_delay,1,recommendationservice,recommendation-f04-04,online-boutique,node-b,0.3831,31.2007,0,122.2224,0.00269,30.2925,18.5881,50.3579,81.2752,125.851,115.7274,121.8936,0.0739,0.2548,103888.4745,98882.4963,network_delay,frontend,2026-06-09 15:50:00,2026-06-09 16:05:00,post_fault,2.9521682,1
2026-06-09 16:06:30,1290,EXP_FAULT_04,RUN_04,network_delay,1,recommendationservice,recommendation-f04-04,online-boutique,node-b,0.3872,30.9725,0,119.341,0.003557,31.8877,21.6158,58.6097,76.3307,119.5233,113.0556,118.9166,0.1751,0.2494,148858.8102,99706.6794,network_delay,frontend,2026-06-09 15:50:00,2026-06-09 16:05:00,post_fault,5.0026464,1
2026-06-09 16:06:35,1295,EXP_FAULT_04,RUN_04,network_delay,1,recommendationservice,recommendation-f04-04,online-boutique,node-b,0.3661,31.6938,0,126.1996,0.002988,29.4573,20.0968,54.2712,74.7282,114.5801,119.6263,125.8226,0.1309,0.2461,160050.7333,89105.7977,network_delay,frontend,2026-06-09 15:50:00,2026-06-09 16:05:00,post_fault,1.3904716,1
2026-06-09 16:06:40,1300,EXP_FAULT_04,RUN_04,network_delay,1,recommendationservice,recommendation-f04-04,online-boutique,node-b,0.3907,31.5621,0,119.3335,0.003541,31.9628,21.3039,58.2731,81.1058,136.2611,113.1488,118.9109,0.1613,0.2613,106405.4527,123561.5318,network_delay,frontend,2026-06-09 15:50:00,2026-06-09 16:05:00,post_fault,5.5610094,1
2026-06-09 16:06:45,1305,EXP_FAULT_04,RUN_04,network_delay,1,recommendationservice,recommendation-f04-04,online-boutique,node-b,0.4009,31.4608,0,118.4295,0.002464,29.1282,20.2258,55.5196,74.2871,116.8685,112.4608,118.1377,0.06,0.2318,126665.0056,79870.9478,network_delay,frontend,2026-06-09 15:50:00,2026-06-09 16:05:00,post_fault,3.1878273,1
2026-06-09 16:06:50,1310,EXP_FAULT_04,RUN_04,network_delay,1,recommendationservice,recommendation-f04-04,online-boutique,node-b,0.366,30.671,0,115.1585,0.003184,31.3167,20.0383,59.8947,73.1234,113.2288,109.392,114.7918,0.1518,0.2148,102720.8379,91093.2976,network_delay,frontend,2026-06-09 15:50:00,2026-06-09 16:05:00,post_fault,3.8445249,1
2026-06-09 16:06:55,1315,EXP_FAULT_04,RUN_04,network_delay,1,recommendationservice,recommendation-f04-04,online-boutique,node-b,0.3729,31.3692,0,122.3767,0.003438,33.4392,21.4904,59.9178,78.3871,121.7287,116.3212,121.9559,0.1943,0.2264,111002.811,108110.3338,network_delay,frontend,2026-06-09 15:50:00,2026-06-09 16:05:00,post_fault,5.519242,1
2026-06-09 16:07:00,1320,EXP_FAULT_04,RUN_04,network_delay,1,recommendationservice,recommendation-f04-04,online-boutique,node-b,0.3802,32.1362,0,118.5027,0.003549,30.588,18.8995,57.8339,72.9122,109.2215,112.6722,118.0822,0.1923,0.2283,113368.5073,123068.2037,network_delay,frontend,2026-06-09 15:50:00,2026-06-09 16:05:00,post_fault,3.916766,1
2026-06-09 16:07:05,1325,EXP_FAULT_04,RUN_04,network_delay,1,recommendationservice,recommendation-f04-04,online-boutique,node-b,0.3849,31.1071,0,120.4732,0.00258,31.5576,21.6361,57.9033,81.7272,116.641,114.7254,120.1624,0.0629,0.2479,117055.3796,110152.5709,network_delay,frontend,2026-06-09 15:50:00,2026-06-09 16:05:00,post_fault,4.4716887,1
2026-06-09 16:07:10,1330,EXP_FAULT_04,RUN_04,network_delay,1,recommendationservice,recommendation-f04-04,online-boutique,node-b,0.4053,30.9691,0,121.3043,0.003522,31.4266,20.3647,55.9676,72.9298,126.9531,115.5541,120.877,0.1962,0.2311,120601.6803,84242.9748,network_delay,frontend,2026-06-09 15:50:00,2026-06-09 16:05:00,post_fault,5.3148346,1
2026-06-09 16:07:15,1335,EXP_FAULT_04,RUN_04,network_delay,1,recommendationservice,recommendation-f04-04,online-boutique,node-b,0.369,30.6613,0,123.2922,0.003799,30.5268,19.4613,50.2432,72.0501,119.7042,117.4881,122.8238,0.2283,0.2401,134674.3455,90468.7536,network_delay,frontend,2026-06-09 15:50:00,2026-06-09 16:05:00,post_fault,2.360611,1
2026-06-09 16:07:20,1340,EXP_FAULT_04,RUN_04,network_delay,1,recommendationservice,recommendation-f04-04,online-boutique,node-b,0.3956,31.2433,0,119.8406,0.003351,31.9574,22.2181,59.1913,82.7858,121.6885,114.2982,119.439,0.1848,0.2168,144714.1787,98805.4688,network_delay,frontend,2026-06-09 15:50:00,2026-06-09 16:05:00,post_fault,5.6259584,1
2026-06-09 16:07:25,1345,EXP_FAULT_04,RUN_04,network_delay,1,recommendationservice,recommendation-f04-04,online-boutique,node-b,0.3754,31.3676,0,122.4095,0.002881,30.1836,18.6863,52.5769,79.0713,119.1135,116.8357,122.0569,0.1313,0.2213,126551.6316,90174.9921,network_delay,frontend,2026-06-09 15:50:00,2026-06-09 16:05:00,post_fault,2.4508595,1
2026-06-09 16:07:30,1350,EXP_FAULT_04,RUN_04,network_delay,1,recommendationservice,recommendation-f04-04,online-boutique,node-b,0.3751,31.5277,0,118.2762,0.002769,30.0541,19.955,54.748,70.1328,123.9178,112.9742,117.9487,0.1309,0.1966,110295.2716,99061.3578,network_delay,frontend,2026-06-09 15:50:00,2026-06-09 16:05:00,post_fault,2.7376473,1
2026-06-09 16:07:35,1355,EXP_FAULT_04,RUN_04,network_delay,1,recommendationservice,recommendation-f04-04,online-boutique,node-b,0.3821,31.5363,0,117.4243,0.002921,31.2324,21.0526,50.8685,70.0086,123.2458,112.2364,117.0813,0.1432,0.1998,120973.5279,115806.5155,network_delay,frontend,2026-06-09 15:50:00,2026-06-09 16:05:00,post_fault,4.3419194,1
2026-06-09 16:07:40,1360,EXP_FAULT_04,RUN_04,network_delay,1,recommendationservice,recommendation-f04-04,online-boutique,node-b,0.4036,31.3596,0,120.5144,0.002522,29.4946,18.8316,56.0463,75.7398,100.609,115.2858,120.2105,0.0872,0.2167,125802.8764,125864.1974,network_delay,frontend,2026-06-09 15:50:00,2026-06-09 16:05:00,post_fault,3.397031,1
2026-06-09 16:07:45,1365,EXP_FAULT_04,RUN_04,network_delay,1,recommendationservice,recommendation-f04-04,online-boutique,node-b,0.3867,31.4367,0,122.7136,0.002889,30.7324,19.5313,57.7973,76.9306,119.1692,117.4344,122.3591,0.1512,0.2033,139241.5182,96915.4622,network_delay,frontend,2026-06-09 15:50:00,2026-06-09 16:05:00,post_fault,3.4907765,1
2026-06-09 16:07:50,1370,EXP_FAULT_04,RUN_04,network_delay,1,recommendationservice,recommendation-f04-04,online-boutique,node-b,0.3902,31.0932,0,120.5988,0.002134,29.9313,18.9157,50.0394,66.5953,115.3968,115.5171,120.3414,0.0612,0.1962,134290.8032,109405.8944,network_delay,frontend,2026-06-09 15:50:00,2026-06-09 16:05:00,post_fault,3.2014503,1
2026-06-09 16:07:55,1375,EXP_FAULT_04,RUN_04,network_delay,1,recommendationservice,recommendation-f04-04,online-boutique,node-b,0.3543,31.145,0,115.426,0.002494,28.6004,19.4618,54.138,67.3115,107.6832,110.608,115.1382,0.1001,0.1877,132717.5825,108083.5486,network_delay,frontend,2026-06-09 15:50:00,2026-06-09 16:05:00,post_fault,1.3030739,1
2026-06-09 16:08:00,1380,EXP_FAULT_04,RUN_04,network_delay,1,recommendationservice,recommendation-f04-04,online-boutique,node-b,0.3808,31.317,0,119.707,0.002539,29.5756,20.2407,48.2477,65.261,118.8896,114.7627,119.4031,0.1127,0.1913,140881.0584,81362.2355,network_delay,frontend,2026-06-09 15:50:00,2026-06-09 16:05:00,post_fault,2.496678,1
2026-06-09 16:08:05,1385,EXP_FAULT_04,RUN_04,network_delay,1,recommendationservice,recommendation-f04-04,online-boutique,node-b,0.3641,31.4893,0,119.9407,0.002933,27.9621,18.5907,46.2276,69.3989,99.9988,115.0697,119.5889,0.1383,0.2135,131456.2227,122794.3551,network_delay,frontend,2026-06-09 15:50:00,2026-06-09 16:05:00,post_fault,0.9086162,1
2026-06-09 16:08:10,1390,EXP_FAULT_04,RUN_04,network_delay,1,recommendationservice,recommendation-f04-04,online-boutique,node-b,0.3753,31.0961,0,116.7628,0.00283,28.7496,20.2266,49.0077,70.1929,97.3176,112.0612,116.4324,0.1244,0.2061,136629.6623,105062.1921,network_delay,frontend,2026-06-09 15:50:00,2026-06-09 16:05:00,post_fault,1.9986252,1
2026-06-09 16:08:15,1395,EXP_FAULT_04,RUN_04,network_delay,1,recommendationservice,recommendation-f04-04,online-boutique,node-b,0.3595,32.3135,0,118.3997,0.002386,29.8864,19.2766,56.184,65.9801,115.7036,113.72,118.1172,0.0702,0.2123,112007.437,103609.14,network_delay,frontend,2026-06-09 15:50:00,2026-06-09 16:05:00,post_fault,2.0946152,1
2026-06-09 16:08:20,1400,EXP_FAULT_04,RUN_04,network_delay,1,recommendationservice,recommendation-f04-04,online-boutique,node-b,0.3815,31.3469,0,119.4259,0.002426,28.9493,17.8912,48.2902,66.8063,105.7495,114.7549,119.1362,0.0848,0.2049,125488.5957,92372.6178,network_delay,frontend,2026-06-09 15:50:00,2026-06-09 16:05:00,post_fault,2.089046,1
2026-06-09 16:08:25,1405,EXP_FAULT_04,RUN_04,network_delay,1,recommendationservice,recommendation-f04-04,online-boutique,node-b,0.3948,31.5139,0,119.1801,0.002436,28.0255,18.7475,46.9667,66.9023,102.614,114.5764,118.8898,0.1078,0.1825,149186.2659,94250.1896,network_delay,frontend,2026-06-09 15:50:00,2026-06-09 16:05:00,post_fault,1.9615993,1
2026-06-09 16:08:30,1410,EXP_FAULT_04,RUN_04,network_delay,1,recommendationservice,recommendation-f04-04,online-boutique,node-b,0.3948,31.8475,0,115.7267,0.002497,29.3798,20.5018,52.2078,71.9529,115.1137,111.321,115.4378,0.0917,0.1972,96145.0926,76363.7599,network_delay,frontend,2026-06-09 15:50:00,2026-06-09 16:05:00,post_fault,3.5500388,1
2026-06-09 16:08:35,1415,EXP_FAULT_04,RUN_04,network_delay,1,recommendationservice,recommendation-f04-04,online-boutique,node-b,0.3786,31.0313,0,113.7391,0.00277,28.2773,17.6449,52.2026,62.1763,101.667,109.425,113.424,0.1559,0.1592,144051.8952,85063.2508,network_delay,frontend,2026-06-09 15:50:00,2026-06-09 16:05:00,post_fault,2.0903282,1
2026-06-09 16:08:40,1420,EXP_FAULT_04,RUN_04,network_delay,1,recommendationservice,recommendation-f04-04,online-boutique,node-b,0.3841,31.4782,0,117.2227,0.002989,28.3966,19.2224,45.7959,69.3846,102.5709,112.8677,116.8723,0.1767,0.1737,111381.9985,114616.0506,network_delay,frontend,2026-06-09 15:50:00,2026-06-09 16:05:00,post_fault,2.0048327,1
2026-06-09 16:08:45,1425,EXP_FAULT_04,RUN_04,network_delay,1,recommendationservice,recommendation-f04-04,online-boutique,node-b,0.3902,31.9123,0,123.0232,0.001957,30.1777,19.7349,51.977,72.9389,108.3795,118.5638,122.7824,0.073,0.1678,128282.7003,82160.3601,network_delay,frontend,2026-06-09 15:50:00,2026-06-09 16:05:00,post_fault,3.0982666,1
2026-06-09 16:08:50,1430,EXP_FAULT_04,RUN_04,network_delay,1,recommendationservice,recommendation-f04-04,online-boutique,node-b,0.3859,31.1969,0,117.4449,0.002913,26.9651,18.5386,50.3256,60.8854,89.3001,113.1991,117.1029,0.1856,0.1564,141371.2912,90144.9757,network_delay,frontend,2026-06-09 15:50:00,2026-06-09 16:05:00,post_fault,1.1996257,1
2026-06-09 16:08:55,1435,EXP_FAULT_04,RUN_04,network_delay,1,recommendationservice,recommendation-f04-04,online-boutique,node-b,0.3479,31.2611,0,120.7304,0.002613,28.5473,18.4203,51.0711,71.2932,95.4711,116.4358,120.4149,0.1398,0.1756,102882.6791,109871.8734,network_delay,frontend,2026-06-09 15:50:00,2026-06-09 16:05:00,post_fault,0.7921132,1
2026-06-09 16:09:00,1440,EXP_FAULT_04,RUN_04,network_delay,1,recommendationservice,recommendation-f04-04,online-boutique,node-b,0.3898,31.975,0,118.3485,0.002605,29.9085,19.4801,49.21,66.1324,103.358,114.1867,118.0402,0.1253,0.183,117015.081,104671.855,network_delay,frontend,2026-06-09 15:50:00,2026-06-09 16:05:00,post_fault,3.5240674,1
2026-06-09 16:09:05,1445,EXP_FAULT_04,RUN_04,network_delay,1,recommendationservice,recommendation-f04-04,online-boutique,node-b,0.3837,31.3003,0,119.3593,0.002011,27.7794,18.591,46.7339,65.9712,104.9139,115.2663,119.1193,0.0868,0.1532,136497.9203,88267.11,network_delay,frontend,2026-06-09 15:50:00,2026-06-09 16:05:00,post_fault,1.4512236,1
2026-06-09 16:09:10,1450,EXP_FAULT_04,RUN_04,network_delay,1,recommendationservice,recommendation-f04-04,online-boutique,node-b,0.3773,30.8642,0,123.7176,0.002544,28.1054,20.4226,50.1472,68.7126,107.514,119.4564,123.4029,0.1428,0.1719,153615.0955,107569.4026,network_delay,frontend,2026-06-09 15:50:00,2026-06-09 16:05:00,post_fault,1.1223557,1
2026-06-09 16:09:15,1455,EXP_FAULT_04,RUN_04,network_delay,1,recommendationservice,recommendation-f04-04,online-boutique,node-b,0.3931,31.4213,0,119.4097,0.002485,26.982,18.3651,49.028,66.8818,102.4646,115.3599,119.113,0.1181,0.1786,115675.3585,122368.6415,network_delay,frontend,2026-06-09 15:50:00,2026-06-09 16:05:00,post_fault,1.2271519,1
2026-06-09 16:09:20,1460,EXP_FAULT_04,RUN_04,network_delay,1,recommendationservice,recommendation-f04-04,online-boutique,node-b,0.3931,31.5185,0,121.9999,0.002994,28.145,19.6068,48.1303,65.72,89.9296,117.9051,121.6346,0.1835,0.1818,129238.8109,125225.2778,network_delay,frontend,2026-06-09 15:50:00,2026-06-09 16:05:00,post_fault,1.7440342,1
2026-06-09 16:09:25,1465,EXP_FAULT_04,RUN_04,network_delay,1,recommendationservice,recommendation-f04-04,online-boutique,node-b,0.3874,31.2817,0,123.5571,0.002239,29.3455,18.4894,46.9708,62.047,93.1636,119.5102,123.2805,0.1173,0.1593,109266.3157,97101.7155,network_delay,frontend,2026-06-09 15:50:00,2026-06-09 16:05:00,post_fault,2.2411404,1
2026-06-09 16:09:30,1470,EXP_FAULT_04,RUN_04,network_delay,1,recommendationservice,recommendation-f04-04,online-boutique,node-b,0.3811,31.4565,0,120.426,0.002169,27.7447,19.2683,49.83,60.8931,88.1849,116.5491,120.1648,0.1146,0.1466,104342.7945,124938.0417,network_delay,frontend,2026-06-09 15:50:00,2026-06-09 16:05:00,post_fault,1.2273185,1
2026-06-09 16:09:35,1475,EXP_FAULT_04,RUN_04,network_delay,1,recommendationservice,recommendation-f04-04,online-boutique,node-b,0.3961,31.6096,0,127.3221,0.003021,25.2887,18.6177,44.4249,55.6624,81.9912,123.1975,126.9375,0.2061,0.1785,161741.6239,113597.6467,network_delay,frontend,2026-06-09 15:50:00,2026-06-09 16:05:00,post_fault,0.32993692,0
2026-06-09 16:09:40,1480,EXP_FAULT_04,RUN_04,network_delay,1,recommendationservice,recommendation-f04-04,online-boutique,node-b,0.3933,31.3104,0,125.4403,0.00284,28.7304,18.3842,50.2688,66.4712,104.6658,121.4621,125.0841,0.1965,0.1597,137962.6801,94258.3992,network_delay,frontend,2026-06-09 15:50:00,2026-06-09 16:05:00,post_fault,1.8184853,1
2026-06-09 16:09:45,1485,EXP_FAULT_04,RUN_04,network_delay,1,recommendationservice,recommendation-f04-04,online-boutique,node-b,0.3712,31.8143,0,128.0104,0.002638,29.2157,21.1795,52.6497,63.5217,100.4262,124.0461,127.6726,0.19,0.1477,164593.549,87179.2282,network_delay,frontend,2026-06-09 15:50:00,2026-06-09 16:05:00,post_fault,1.3261906,1
2026-06-09 16:09:50,1490,EXP_FAULT_04,RUN_04,network_delay,1,recommendationservice,recommendation-f04-04,online-boutique,node-b,0.384,31.5609,0,124.0466,0.002315,28.2739,18.5662,49.2325,61.3433,105.9525,120.2383,123.7595,0.1449,0.1422,107330.5259,99424.1194,network_delay,frontend,2026-06-09 15:50:00,2026-06-09 16:05:00,post_fault,1.3656893,1
2026-06-09 16:09:55,1495,EXP_FAULT_04,RUN_04,network_delay,1,recommendationservice,recommendation-f04-04,online-boutique,node-b,0.3715,31.1821,0,128.1846,0.002489,29.3139,21.1588,49.6116,70.7194,96.4829,124.2982,127.8655,0.1684,0.1507,148670.8048,121583.4538,network_delay,frontend,2026-06-09 15:50:00,2026-06-09 16:05:00,post_fault,1.314657,1
2026-06-09 16:10:00,1500,EXP_FAULT_04,RUN_04,network_delay,1,recommendationservice,recommendation-f04-04,online-boutique,node-b,0.3875,31.0737,0,130.6609,0.002007,27.7768,19.687,51.0857,59.8738,90.7599,126.7898,130.3987,0.0779,0.1843,166497.55,108186.9796,network_delay,frontend,2026-06-09 15:50:00,2026-06-09 16:05:00,post_fault,0.7842093,1
2026-06-09 16:10:05,1505,EXP_FAULT_04,RUN_04,network_delay,1,recommendationservice,recommendation-f04-04,online-boutique,node-b,0.373,31.422,0,123.5686,0.002922,29.7292,21.2219,48.2173,68.3277,95.879,119.8684,123.2075,0.2055,0.1556,109786.6965,90436.5343,network_delay,frontend,2026-06-09 15:50:00,2026-06-09 16:05:00,post_fault,1.9240522,1
2026-06-09 16:10:10,1510,EXP_FAULT_04,RUN_04,network_delay,1,recommendationservice,recommendation-f04-04,online-boutique,node-b,0.3926,31.3715,0,126.7637,0.002706,29.6791,20.0081,50.9082,67.6326,106.9621,123.0568,126.4207,0.1778,0.1653,144443.9402,98578.1028,network_delay,frontend,2026-06-09 15:50:00,2026-06-09 16:05:00,post_fault,2.3874192,1
2026-06-09 16:10:15,1515,EXP_FAULT_04,RUN_04,network_delay,1,recommendationservice,recommendation-f04-04,online-boutique,node-b,0.3878,31.3846,0,125.8934,0.002154,28.2042,18.2238,47.1658,67.1382,90.2266,122.2728,125.6222,0.1165,0.1548,158448.0056,85839.5191,network_delay,frontend,2026-06-09 15:50:00,2026-06-09 16:05:00,post_fault,1.2898157,1
2026-06-09 16:10:20,1520,EXP_FAULT_04,RUN_04,network_delay,1,recommendationservice,recommendation-f04-04,online-boutique,node-b,0.3905,31.4029,0,124.4238,0.001537,25.7088,16.7443,44.2957,52.9933,92.6771,120.9381,124.2325,0.0466,0.1447,112841.2116,106532.6759,network_delay,frontend,2026-06-09 15:50:00,2026-06-09 16:05:00,post_fault,0.37974328,0
2026-06-09 16:10:25,1525,EXP_FAULT_04,RUN_04,network_delay,1,recommendationservice,recommendation-f04-04,online-boutique,node-b,0.3944,30.9143,0,123.3921,0.002026,26.0095,17.9617,41.1163,61.4483,95.2111,119.9748,123.1421,0.1213,0.1287,138533.3797,87386.5497,network_delay,frontend,2026-06-09 15:50:00,2026-06-09 16:05:00,post_fault,0.6273384,1
2026-06-09 16:10:30,1530,EXP_FAULT_04,RUN_04,network_delay,1,recommendationservice,recommendation-f04-04,online-boutique,node-b,0.3938,32.0159,0,124.5075,0.002358,26.7179,18.8216,45.1219,57.7999,93.7391,121.0922,124.2139,0.1397,0.1539,150905.8288,91574.3842,network_delay,frontend,2026-06-09 15:50:00,2026-06-09 16:05:00,post_fault,0.95962536,1
2026-06-09 16:10:35,1535,EXP_FAULT_04,RUN_04,network_delay,1,recommendationservice,recommendation-f04-04,online-boutique,node-b,0.4052,31.3401,0,123.4916,0.001681,27.5267,20.1962,42.9996,57.5385,100.1955,120.1649,123.284,0.0812,0.1264,124495.7792,119344.6509,network_delay,frontend,2026-06-09 15:50:00,2026-06-09 16:05:00,post_fault,1.6804984,1
2026-06-09 16:10:40,1540,EXP_FAULT_04,RUN_04,network_delay,1,recommendationservice,recommendation-f04-04,online-boutique,node-b,0.3724,31.6191,0,123.9511,0.001905,24.5296,17.5764,42.0175,52.3645,80.7208,120.6336,123.7151,0.1113,0.1248,156033.7592,119392.4101,network_delay,frontend,2026-06-09 15:50:00,2026-06-09 16:05:00,post_fault,0.023704082,0
2026-06-09 16:10:45,1545,EXP_FAULT_04,RUN_04,network_delay,1,recommendationservice,recommendation-f04-04,online-boutique,node-b,0.3656,31.4286,0,122.1602,0.00221,28.383,19.5562,51.3892,63.815,97.6681,118.9415,121.8902,0.1408,0.1291,126719.1399,122400.7976,network_delay,frontend,2026-06-09 15:50:00,2026-06-09 16:05:00,post_fault,0.99352074,1
2026-06-09 16:10:50,1550,EXP_FAULT_04,RUN_04,network_delay,1,recommendationservice,recommendation-f04-04,online-boutique,node-b,0.378,31.3888,0,121.3569,0.001383,26.9687,19.5738,47.7628,56.6353,81.0029,118.2462,121.1891,0.0472,0.1206,100945.1666,82220.288,network_delay,frontend,2026-06-09 15:50:00,2026-06-09 16:05:00,post_fault,0.7325727,1
2026-06-09 16:10:55,1555,EXP_FAULT_04,RUN_04,network_delay,1,recommendationservice,recommendation-f04-04,online-boutique,node-b,0.3812,31.9135,0,118.9212,0.002035,28.4787,20.7198,49.4792,64.1208,87.0838,115.8609,118.6791,0.1308,0.1113,111274.7509,79790.5864,network_delay,frontend,2026-06-09 15:50:00,2026-06-09 16:05:00,post_fault,1.7964878,1
2026-06-09 16:11:00,1560,EXP_FAULT_04,RUN_04,network_delay,1,recommendationservice,recommendation-f04-04,online-boutique,node-b,0.3964,31.4003,0,120.253,0.001769,28.9393,20.7064,45.6534,59.1539,102.69,117.2141,120.0403,0.0978,0.1149,137598.0395,113804.9682,network_delay,frontend,2026-06-09 15:50:00,2026-06-09 16:05:00,post_fault,2.6617894,1
2026-06-09 16:11:05,1565,EXP_FAULT_04,RUN_04,network_delay,1,recommendationservice,recommendation-f04-04,online-boutique,node-b,0.3853,32.0506,0,121.2584,0.001598,25.4873,16.3931,40.0343,58.893,90.0391,118.2599,121.0646,0.0696,0.1242,148182.704,123550.3826,network_delay,frontend,2026-06-09 15:50:00,2026-06-09 16:05:00,post_fault,0.3681138,0
2026-06-09 16:11:10,1570,EXP_FAULT_04,RUN_04,network_delay,1,recommendationservice,recommendation-f04-04,online-boutique,node-b,0.3773,31.9259,0,116.9084,0.00258,25.1305,17.17,45.2881,53.9141,85.0463,113.9508,116.6068,0.1636,0.138,135616.2377,97348.6505,network_delay,frontend,2026-06-09 15:50:00,2026-06-09 16:05:00,post_fault,0.38408995,0
2026-06-09 16:11:15,1575,EXP_FAULT_04,RUN_04,network_delay,1,recommendationservice,recommendation-f04-04,online-boutique,node-b,0.3756,31.6793,0,119.7734,0.001534,25.864,18.7361,46.8922,52.8082,79.0145,116.8769,119.5897,0.0553,0.1284,130122.9187,96467.6136,network_delay,frontend,2026-06-09 15:50:00,2026-06-09 16:05:00,post_fault,0.36129513,0
2026-06-09 16:11:20,1580,EXP_FAULT_04,RUN_04,network_delay,1,recommendationservice,recommendation-f04-04,online-boutique,node-b,0.3921,31.6283,0,121.3535,0.001539,26.2434,17.2188,46.2131,61.2413,86.7779,118.4617,121.1667,0.0724,0.1144,150967.1628,97420.2516,network_delay,frontend,2026-06-09 15:50:00,2026-06-09 16:05:00,post_fault,0.75457764,1
2026-06-09 16:11:25,1585,EXP_FAULT_04,RUN_04,network_delay,1,recommendationservice,recommendation-f04-04,online-boutique,node-b,0.3708,31.3467,0,115.065,0.002564,27.377,19.2429,44.886,57.0637,88.4806,112.3029,114.77,0.1733,0.1218,107890.8503,87009.6811,network_delay,frontend,2026-06-09 15:50:00,2026-06-09 16:05:00,post_fault,1.1468407,1
2026-06-09 16:11:30,1590,EXP_FAULT_04,RUN_04,network_delay,1,recommendationservice,recommendation-f04-04,online-boutique,node-b,0.3813,31.1741,0,118.0185,0.002087,26.6524,18.8507,47.0074,60.6661,83.1824,115.2374,117.7722,0.1328,0.1135,98833.4321,110534.0391,network_delay,frontend,2026-06-09 15:50:00,2026-06-09 16:05:00,post_fault,0.91518897,1
2026-06-09 16:11:35,1595,EXP_FAULT_04,RUN_04,network_delay,1,recommendationservice,recommendation-f04-04,online-boutique,node-b,0.3775,31.7832,0,113.3716,0.00231,26.5239,19.0641,46.7004,59.8093,79.1036,110.7019,113.1097,0.1667,0.0952,99243.1471,95538.8226,network_delay,frontend,2026-06-09 15:50:00,2026-06-09 16:05:00,post_fault,1.0149957,1
2026-06-09 16:11:40,1600,EXP_FAULT_04,RUN_04,network_delay,1,recommendationservice,recommendation-f04-04,online-boutique,node-b,0.3856,30.8301,0,119.7724,0.001995,25.8242,18.0923,41.8156,54.98,86.8801,117.0346,119.5335,0.1315,0.1075,135084.5083,115731.5111,network_delay,frontend,2026-06-09 15:50:00,2026-06-09 16:05:00,post_fault,0.58255494,1
2026-06-09 16:11:45,1605,EXP_FAULT_04,RUN_04,network_delay,1,recommendationservice,recommendation-f04-04,online-boutique,node-b,0.3827,31.7345,0,114.8394,0.001255,25.9154,16.9989,46.845,52.4866,82.8105,112.3019,114.6952,0.0449,0.0993,130517.1875,119482.5819,network_delay,frontend,2026-06-09 15:50:00,2026-06-09 16:05:00,post_fault,0.8004278,1
2026-06-09 16:11:50,1610,EXP_FAULT_04,RUN_04,network_delay,1,recommendationservice,recommendation-f04-04,online-boutique,node-b,0.3735,32.3409,0,114.8472,0.00259,24.8431,18.3353,40.7997,56.8842,78.7264,112.2818,114.5498,0.167,0.1305,122103.1547,98215.9686,network_delay,frontend,2026-06-09 15:50:00,2026-06-09 16:05:00,post_fault,0.5572033,1
2026-06-09 16:11:55,1615,EXP_FAULT_04,RUN_04,network_delay,1,recommendationservice,recommendation-f04-04,online-boutique,node-b,0.3701,31.7064,0,119.65,0.001283,25.6207,18.8709,45.6057,55.982,84.8589,117.0772,119.4966,0.0473,0.1062,110814.0992,124618.077,network_delay,frontend,2026-06-09 15:50:00,2026-06-09 16:05:00,post_fault,0.21971938,0
2026-06-09 16:12:00,1620,EXP_FAULT_04,RUN_04,network_delay,1,recommendationservice,recommendation-f04-04,online-boutique,node-b,0.3647,32.2082,0,111.4651,0.001377,25.6692,17.8757,43.9706,51.5181,87.4657,109.096,111.3117,0.0402,0.1132,128352.534,93138.6396,network_delay,frontend,2026-06-09 15:50:00,2026-06-09 16:05:00,post_fault,0.58386296,1
2026-06-09 16:12:05,1625,EXP_FAULT_04,RUN_04,network_delay,1,recommendationservice,recommendation-f04-04,online-boutique,node-b,0.3776,31.1247,0,117.4752,0.001469,25.6584,17.7921,41.8215,53.6126,86.9039,114.9882,117.3027,0.0756,0.097,115572.727,100885.1671,network_delay,frontend,2026-06-09 15:50:00,2026-06-09 16:05:00,post_fault,0.51003504,1
2026-06-09 16:12:10,1630,EXP_FAULT_04,RUN_04,network_delay,1,recommendationservice,recommendation-f04-04,online-boutique,node-b,0.3951,31.5867,0,118.5163,0.002278,25.2128,18.6641,39.1664,55.6477,75.3433,116.0229,118.2463,0.1597,0.1102,149412.6716,102951.1195,network_delay,frontend,2026-06-09 15:50:00,2026-06-09 16:05:00,post_fault,0.5600234,1
2026-06-09 16:12:15,1635,EXP_FAULT_04,RUN_04,network_delay,1,recommendationservice,recommendation-f04-04,online-boutique,node-b,0.4022,30.9856,0,117.2027,0.002193,25.3302,18.2727,39.8093,52.1921,78.6937,114.728,116.9457,0.1529,0.1041,136006.9793,102706.3762,network_delay,frontend,2026-06-09 15:50:00,2026-06-09 16:05:00,post_fault,0.9345583,1
2026-06-09 16:12:20,1640,EXP_FAULT_04,RUN_04,network_delay,1,recommendationservice,recommendation-f04-04,online-boutique,node-b,0.3843,31.7327,0,120.1492,0.001851,24.7612,16.1802,43.4563,53.4251,73.5248,117.6849,119.9268,0.1004,0.122,110125.5356,122146.4835,network_delay,frontend,2026-06-09 15:50:00,2026-06-09 16:05:00,post_fault,0.2021548,0
2026-06-09 16:12:25,1645,EXP_FAULT_04,RUN_04,network_delay,1,recommendationservice,recommendation-f04-04,online-boutique,node-b,0.3975,31.6036,0,118.0798,0.001515,24.4463,16.4769,38.9674,49.1281,69.5745,115.7256,117.9009,0.0567,0.1223,116045.2512,83271.1578,network_delay,frontend,2026-06-09 15:50:00,2026-06-09 16:05:00,post_fault,0.4160977,0
2026-06-09 16:12:30,1650,EXP_FAULT_04,RUN_04,network_delay,1,recommendationservice,recommendation-f04-04,online-boutique,node-b,0.3946,31.5751,0,119.5525,0.001549,25.554,18.5215,44.6595,51.8946,73.9569,117.1928,119.3673,0.0791,0.106,146813.5608,79801.2597,network_delay,frontend,2026-06-09 15:50:00,2026-06-09 16:05:00,post_fault,0.64358175,1
2026-06-09 16:12:35,1655,EXP_FAULT_04,RUN_04,network_delay,1,recommendationservice,recommendation-f04-04,online-boutique,node-b,0.3801,31.6676,0,119.3525,0.001644,27.211,20.3126,47.5834,62.2253,92.3675,117.0313,119.1563,0.0795,0.1167,151928.3579,123381.1664,network_delay,frontend,2026-06-09 15:50:00,2026-06-09 16:05:00,post_fault,0.9937844,1
2026-06-09 16:12:40,1660,EXP_FAULT_04,RUN_04,network_delay,1,recommendationservice,recommendation-f04-04,online-boutique,node-b,0.3849,32.1342,0,120.2218,0.002258,26.814,19.779,43.4165,53.0282,84.0309,117.8318,119.9503,0.1599,0.1116,106711.6558,102259.1314,network_delay,frontend,2026-06-09 15:50:00,2026-06-09 16:05:00,post_fault,1.0341519,1
2026-06-09 16:12:45,1665,EXP_FAULT_04,RUN_04,network_delay,1,recommendationservice,recommendation-f04-04,online-boutique,node-b,0.3805,31.3953,0,121.8696,0.00157,25.8167,18.8001,44.6272,50.971,84.5361,119.5622,121.6782,0.0906,0.1007,136706.0783,97789.6411,network_delay,frontend,2026-06-09 15:50:00,2026-06-09 16:05:00,post_fault,0.36764732,0
2026-06-09 16:12:50,1670,EXP_FAULT_04,RUN_04,network_delay,1,recommendationservice,recommendation-f04-04,online-boutique,node-b,0.3775,32.2884,0,118.7124,0.001471,26.6459,17.9003,46.7656,58.5238,75.1077,116.5059,118.5377,0.068,0.1067,122862.6824,102055.3081,network_delay,frontend,2026-06-09 15:50:00,2026-06-09 16:05:00,post_fault,0.77788126,1
2026-06-09 16:12:55,1675,EXP_FAULT_04,RUN_04,network_delay,1,recommendationservice,recommendation-f04-04,online-boutique,node-b,0.3869,31.3076,0,118.819,0.001996,25.7954,19.09,43.185,58.1176,82.49,116.5668,118.5818,0.156,0.0812,112192.1997,101531.1323,network_delay,frontend,2026-06-09 15:50:00,2026-06-09 16:05:00,post_fault,0.614622,1
2026-06-09 16:13:00,1680,EXP_FAULT_04,RUN_04,network_delay,1,recommendationservice,recommendation-f04-04,online-boutique,node-b,0.3507,31.6554,0,119.0633,0.001818,23.1893,16.4168,37.6726,46.7004,75.4632,116.8666,118.8468,0.1324,0.084,129350.1817,106870.7917,network_delay,frontend,2026-06-09 15:50:00,2026-06-09 16:05:00,post_fault,0.11665553,0
2026-06-09 16:13:05,1685,EXP_FAULT_04,RUN_04,network_delay,1,recommendationservice,recommendation-f04-04,online-boutique,node-b,0.3735,31.0702,0,116.8095,0.00124,25.6323,17.1886,39.1173,51.221,72.9391,114.7237,116.6647,0.0616,0.0832,116498.2232,102383.2137,network_delay,frontend,2026-06-09 15:50:00,2026-06-09 16:05:00,post_fault,0.4785738,1
2026-06-09 16:13:10,1690,EXP_FAULT_04,RUN_04,network_delay,1,recommendationservice,recommendation-f04-04,online-boutique,node-b,0.3731,31.8602,0,116.6728,0.001082,26.7061,17.6251,43.7776,58.3533,77.5997,114.6222,116.5466,0.0363,0.09,96819.1354,112592.1592,network_delay,frontend,2026-06-09 15:50:00,2026-06-09 16:05:00,post_fault,0.7708581,1
2026-06-09 16:13:15,1695,EXP_FAULT_04,RUN_04,network_delay,1,recommendationservice,recommendation-f04-04,online-boutique,node-b,0.3554,31.8413,0,114.8453,0.001847,24.3476,17.205,43.1053,54.7696,72.2986,112.7899,114.6332,0.1086,0.1035,105159.114,112778.0847,network_delay,frontend,2026-06-09 15:50:00,2026-06-09 16:05:00,post_fault,0.05304549,0
2026-06-09 16:13:20,1700,EXP_FAULT_04,RUN_04,network_delay,1,recommendationservice,recommendation-f04-04,online-boutique,node-b,0.3748,31.3474,0,118.6283,0.001371,27.6171,19.5492,42.3421,55.4148,77.7728,116.5854,118.4657,0.0586,0.104,146519.4929,104379.5938,network_delay,frontend,2026-06-09 15:50:00,2026-06-09 16:05:00,post_fault,1.1309942,1
2026-06-09 16:13:25,1705,EXP_FAULT_04,RUN_04,network_delay,1,recommendationservice,recommendation-f04-04,online-boutique,node-b,0.3694,31.3574,0,112.6766,0.001389,25.673,17.5756,40.4975,54.9979,77.8278,110.771,112.5201,0.0555,0.101,134223.9731,95192.6329,network_delay,frontend,2026-06-09 15:50:00,2026-06-09 16:05:00,post_fault,0.588247,1
2026-06-09 16:13:30,1710,EXP_FAULT_04,RUN_04,network_delay,1,recommendationservice,recommendation-f04-04,online-boutique,node-b,0.4012,31.5747,0,112.1506,0.001746,24.5751,18.2327,40.826,48.7873,75.4038,110.266,111.9548,0.0987,0.0971,105592.0049,95522.442,network_delay,frontend,2026-06-09 15:50:00,2026-06-09 16:05:00,post_fault,0.8919611,1
2026-06-09 16:13:35,1715,EXP_FAULT_04,RUN_04,network_delay,1,recommendationservice,recommendation-f04-04,online-boutique,node-b,0.3834,31.5433,0,114.8772,0.000977,24.9417,19.1294,43.4219,53.8988,69.1649,113.007,114.765,0.0394,0.0728,119248.6595,114412.1361,network_delay,frontend,2026-06-09 15:50:00,2026-06-09 16:05:00,post_fault,0.4933916,1
2026-06-09 16:13:40,1720,EXP_FAULT_04,RUN_04,network_delay,1,recommendationservice,recommendation-f04-04,online-boutique,node-b,0.3799,32.0317,0,111.9265,0.001865,25.3561,19.1454,45.0298,51.324,84.4535,110.0649,111.7178,0.1211,0.0876,105795.5515,95688.584,network_delay,frontend,2026-06-09 15:50:00,2026-06-09 16:05:00,post_fault,0.7030533,1
2026-06-09 16:13:45,1725,EXP_FAULT_04,RUN_04,network_delay,1,recommendationservice,recommendation-f04-04,online-boutique,node-b,0.3836,31.6601,0,112.8863,0.001218,24.2691,17.2649,37.5752,53.4613,75.722,111.0885,112.7489,0.0715,0.066,104273.3883,81495.0443,network_delay,frontend,2026-06-09 15:50:00,2026-06-09 16:05:00,post_fault,0.3732614,0
2026-06-09 16:13:50,1730,EXP_FAULT_04,RUN_04,network_delay,1,recommendationservice,recommendation-f04-04,online-boutique,node-b,0.3623,31.7265,0,108.4383,0.002479,23.7146,17.037,39.2128,47.0066,71.7428,106.6136,108.1695,0.1715,0.0974,138378.6979,109103.2143,network_delay,frontend,2026-06-09 15:50:00,2026-06-09 16:05:00,post_fault,0.18193606,0
2026-06-09 16:13:55,1735,EXP_FAULT_04,RUN_04,network_delay,1,recommendationservice,recommendation-f04-04,online-boutique,node-b,0.3812,31.9167,0,108.8855,0.002059,24.7003,17.8012,40.6683,50.7481,75.0257,107.1487,108.6613,0.1544,0.0698,125436.5566,91830.933,network_delay,frontend,2026-06-09 15:50:00,2026-06-09 16:05:00,post_fault,0.6449137,1
2026-06-09 16:14:00,1740,EXP_FAULT_04,RUN_04,network_delay,1,recommendationservice,recommendation-f04-04,online-boutique,node-b,0.3675,31.6667,0,110.0891,0.001623,25.111,17.6476,42.0597,55.9301,72.8838,108.3859,109.9104,0.0956,0.0831,107796.5446,78361.9125,network_delay,frontend,2026-06-09 15:50:00,2026-06-09 16:05:00,post_fault,0.47384214,1
2026-06-09 16:14:05,1745,EXP_FAULT_04,RUN_04,network_delay,1,recommendationservice,recommendation-f04-04,online-boutique,node-b,0.364,32.1353,0,107.1691,0.001948,23.1524,17.8624,36.9494,50.3568,67.5012,105.5009,106.9603,0.1172,0.0916,131874.9849,85178.8985,network_delay,frontend,2026-06-09 15:50:00,2026-06-09 16:05:00,post_fault,0.17952833,0
2026-06-09 16:14:10,1750,EXP_FAULT_04,RUN_04,network_delay,1,recommendationservice,recommendation-f04-04,online-boutique,node-b,0.3872,31.6864,0,107.0253,0.001932,23.3916,16.2778,40.0572,50.4488,69.1421,105.3523,106.8185,0.1283,0.0785,127809.8507,78327.8169,network_delay,frontend,2026-06-09 15:50:00,2026-06-09 16:05:00,post_fault,0.44127756,1
2026-06-09 16:14:15,1755,EXP_FAULT_04,RUN_04,network_delay,1,recommendationservice,recommendation-f04-04,online-boutique,node-b,0.3906,31.2777,0,108.786,0.002202,22.902,15.2793,35.5069,44.7117,65.9031,107.0704,108.5465,0.1561,0.0834,119107.4178,91850.7401,network_delay,frontend,2026-06-09 15:50:00,2026-06-09 16:05:00,post_fault,0.31933463,0
2026-06-09 16:14:20,1760,EXP_FAULT_04,RUN_04,network_delay,1,recommendationservice,recommendation-f04-04,online-boutique,node-b,0.3766,30.9125,0,105.5065,0.00198,23.1123,16.6581,36.7775,50.3838,65.6353,103.8621,105.2975,0.1242,0.0848,109665.5202,108824.9646,network_delay,frontend,2026-06-09 15:50:00,2026-06-09 16:05:00,post_fault,0.31520993,0
2026-06-09 16:14:25,1765,EXP_FAULT_04,RUN_04,network_delay,1,recommendationservice,recommendation-f04-04,online-boutique,node-b,0.3793,30.6001,0,103.2283,0.001685,23.6776,16.1703,37.1032,52.541,65.0156,101.6483,103.0543,0.1013,0.0727,123634.183,76761.6537,network_delay,frontend,2026-06-09 15:50:00,2026-06-09 16:05:00,post_fault,0.7120636,1
2026-06-09 16:14:30,1770,EXP_FAULT_04,RUN_04,network_delay,1,recommendationservice,recommendation-f04-04,online-boutique,node-b,0.3696,31.1723,0,101.9832,0.00126,24.8629,17.009,38.7085,49.1092,76.2729,100.4493,101.8547,0.0488,0.0797,107140.6668,82611.2402,network_delay,frontend,2026-06-09 15:50:00,2026-06-09 16:05:00,post_fault,1.04442,1
2026-06-09 16:14:35,1775,EXP_FAULT_04,RUN_04,network_delay,1,recommendationservice,recommendation-f04-04,online-boutique,node-b,0.369,31.2014,0,103.4003,0.001465,24.7537,16.8097,43.7094,54.9858,76.2798,101.8154,103.2488,0.0802,0.0712,100000.6762,83996.2948,network_delay,frontend,2026-06-09 15:50:00,2026-06-09 16:05:00,post_fault,0.8435068,1
2026-06-09 16:14:40,1780,EXP_FAULT_04,RUN_04,network_delay,1,recommendationservice,recommendation-f04-04,online-boutique,node-b,0.3634,31.3297,0,107.7415,0.00129,24.3746,16.2747,37.9541,53.0518,68.6164,106.1049,107.6026,0.0641,0.0748,98797.675,98470.6092,network_delay,frontend,2026-06-09 15:50:00,2026-06-09 16:05:00,post_fault,0.3654366,0
2026-06-09 16:14:45,1785,EXP_FAULT_04,RUN_04,network_delay,1,recommendationservice,recommendation-f04-04,online-boutique,node-b,0.3647,31.9649,0,103.2446,0.001316,25.5795,18.4955,43.4662,51.3013,82.0763,101.6803,103.1087,0.0582,0.0777,99914.9902,95821.6903,network_delay,frontend,2026-06-09 15:50:00,2026-06-09 16:05:00,post_fault,1.1115079,1
2026-06-09 16:14:50,1790,EXP_FAULT_04,RUN_04,network_delay,1,recommendationservice,recommendation-f04-04,online-boutique,node-b,0.3584,31.6215,0,101.001,0.002415,24.5721,17.6908,41.1322,51.911,71.3364,99.4396,100.7571,0.1584,0.0855,127292.7798,81529.4324,network_delay,frontend,2026-06-09 15:50:00,2026-06-09 16:05:00,post_fault,0.6316738,1
2026-06-09 16:14:55,1795,EXP_FAULT_04,RUN_04,network_delay,1,recommendationservice,recommendation-f04-04,online-boutique,node-b,0.3907,32.127,0,103.7841,0.001615,25.3052,16.9379,43.5078,49.0094,68.897,102.1945,103.6165,0.0807,0.0869,94385.1713,97725.9431,network_delay,frontend,2026-06-09 15:50:00,2026-06-09 16:05:00,post_fault,1.6336105,1
2026-06-09 16:20:00,0,EXP_FAULT_05,RUN_05,cpu_stress,1,recommendationservice,recommendation-f05-04,online-boutique,node-b,0.4014,31.4042,0,118.1197,0.001466,21.9273,17.8779,35.4195,44.8413,60.9944,118.0336,117.9466,0.1433,0.0299,119802.2028,105026.3856,cpu_stress,productcatalogservice,2026-06-09 16:25:00,2026-06-09 16:40:00,pre_fault,0.0313304,0
2026-06-09 16:20:05,5,EXP_FAULT_05,RUN_05,cpu_stress,1,recommendationservice,recommendation-f05-04,online-boutique,node-b,0.3816,31.3356,0,119.757,0.001508,21.0619,15.8394,35.7136,42.8902,49.5466,119.6344,119.5764,0.1648,0.0158,103593.3225,108764.4834,cpu_stress,productcatalogservice,2026-06-09 16:25:00,2026-06-09 16:40:00,pre_fault,0.15827766,0
2026-06-09 16:20:10,10,EXP_FAULT_05,RUN_05,cpu_stress,1,recommendationservice,recommendation-f05-04,online-boutique,node-b,0.3684,30.8964,0,117.2234,0.001765,21.9221,16.263,32.6287,40.2733,54.6363,117.093,117.0166,0.187,0.0199,127675.7264,84079.8679,cpu_stress,productcatalogservice,2026-06-09 16:25:00,2026-06-09 16:40:00,pre_fault,0.0762627,0
2026-06-09 16:20:15,15,EXP_FAULT_05,RUN_05,cpu_stress,1,recommendationservice,recommendation-f05-04,online-boutique,node-b,0.3927,30.2941,0,119.9638,0.001414,20.3777,16.1157,33.4945,36.7162,49.2409,119.8711,119.7942,0.1422,0.0275,124362.4291,104150.5965,cpu_stress,productcatalogservice,2026-06-09 16:25:00,2026-06-09 16:40:00,pre_fault,0.12685604,0
2026-06-09 16:20:20,20,EXP_FAULT_05,RUN_05,cpu_stress,1,recommendationservice,recommendation-f05-04,online-boutique,node-b,0.3838,31.2582,0,118.7998,0.000852,21.5348,16.3031,35.5276,37.72,60.32,118.7543,118.6986,0.0983,0.0029,121762.6699,110045.5551,cpu_stress,productcatalogservice,2026-06-09 16:25:00,2026-06-09 16:40:00,pre_fault,0.039045177,0
2026-06-09 16:20:25,25,EXP_FAULT_05,RUN_05,cpu_stress,1,recommendationservice,recommendation-f05-04,online-boutique,node-b,0.3657,31.5621,0,120.3274,0.000657,21.6326,15.3284,32.6513,41.5738,51.5405,120.2758,120.2483,0.0754,0.0037,142085.3782,83472.2347,cpu_stress,productcatalogservice,2026-06-09 16:25:00,2026-06-09 16:40:00,pre_fault,0.21703632,0
2026-06-09 16:20:30,30,EXP_FAULT_05,RUN_05,cpu_stress,1,recommendationservice,recommendation-f05-04,online-boutique,node-b,0.3649,31.2334,0,118.4031,0.000684,23.6066,18.1591,38.0194,48.2493,60.6825,118.343,118.3221,0.0592,0.0218,139488.0196,104722.1893,cpu_stress,productcatalogservice,2026-06-09 16:25:00,2026-06-09 16:40:00,pre_fault,0.008259517,0
2026-06-09 16:20:35,35,EXP_FAULT_05,RUN_05,cpu_stress,1,recommendationservice,recommendation-f05-04,online-boutique,node-b,0.3743,30.859,0,120.9252,0.001356,22.873,17.1137,37.7826,40.9248,56.7323,120.825,120.7612,0.1439,0.0201,99780.5085,84825.9207,cpu_stress,productcatalogservice,2026-06-09 16:25:00,2026-06-09 16:40:00,pre_fault,0.009459734,0
2026-06-09 16:20:40,40,EXP_FAULT_05,RUN_05,cpu_stress,1,recommendationservice,recommendation-f05-04,online-boutique,node-b,0.387,31.3176,0,119.0176,0.001648,22.5954,16.6198,36.2089,46.0379,54.2634,118.9132,118.8215,0.1889,0.0072,111259.2742,109937.8983,cpu_stress,productcatalogservice,2026-06-09 16:25:00,2026-06-09 16:40:00,pre_fault,0.003977276,0
2026-06-09 16:20:45,45,EXP_FAULT_05,RUN_05,cpu_stress,1,recommendationservice,recommendation-f05-04,online-boutique,node-b,0.3846,30.4887,0,114.9116,0.001706,21.7742,16.3247,34.8672,41.0064,61.5747,114.7656,114.7156,0.1696,0.0264,111936.8389,80830.236,cpu_stress,productcatalogservice,2026-06-09 16:25:00,2026-06-09 16:40:00,pre_fault,0.010601586,0
2026-06-09 16:20:50,50,EXP_FAULT_05,RUN_05,cpu_stress,1,recommendationservice,recommendation-f05-04,online-boutique,node-b,0.371,31.6004,0,113.5962,0.001287,22.0429,16.078,33.3349,40.2288,53.962,113.5096,113.45,0.1294,0.0168,132799.6846,83768.4277,cpu_stress,productcatalogservice,2026-06-09 16:25:00,2026-06-09 16:40:00,pre_fault,0.011241783,0
2026-06-09 16:20:55,55,EXP_FAULT_05,RUN_05,cpu_stress,1,recommendationservice,recommendation-f05-04,online-boutique,node-b,0.3802,31.2168,0,113.7738,0.000864,21.5516,15.2038,33.7523,41.559,54.6028,113.7128,113.6755,0.0616,0.0367,128084.5672,79143.1528,cpu_stress,productcatalogservice,2026-06-09 16:25:00,2026-06-09 16:40:00,pre_fault,0.0038646322,0
2026-06-09 16:21:00,60,EXP_FAULT_05,RUN_05,cpu_stress,1,recommendationservice,recommendation-f05-04,online-boutique,node-b,0.3929,31.2842,0,116.8486,0.001375,21.8581,15.3213,34.8646,40.7523,53.9654,116.7871,116.6879,0.1211,0.0396,137166.8762,89153.3671,cpu_stress,productcatalogservice,2026-06-09 16:25:00,2026-06-09 16:40:00,pre_fault,0.011242421,0
2026-06-09 16:21:05,65,EXP_FAULT_05,RUN_05,cpu_stress,1,recommendationservice,recommendation-f05-04,online-boutique,node-b,0.3464,30.699,0,108.642,0.000877,21.5841,16.66,32.6149,42.06,52.2533,108.5762,108.5467,0.0603,0.035,138426.2111,72249.8143,cpu_stress,productcatalogservice,2026-06-09 16:25:00,2026-06-09 16:40:00,pre_fault,0.036980834,0
2026-06-09 16:21:10,70,EXP_FAULT_05,RUN_05,cpu_stress,1,recommendationservice,recommendation-f05-04,online-boutique,node-b,0.3846,31.2103,0,108.572,0.001495,20.7276,15.3965,34.4224,40.2939,53.5758,108.4988,108.4098,0.125,0.0372,135612.8297,81724.6449,cpu_stress,productcatalogservice,2026-06-09 16:25:00,2026-06-09 16:40:00,pre_fault,0.004216266,0
2026-06-09 16:21:15,75,EXP_FAULT_05,RUN_05,cpu_stress,1,recommendationservice,recommendation-f05-04,online-boutique,node-b,0.3822,30.4048,0,112.3116,0.001208,22.6635,18.4183,33.1144,43.0596,59.3347,112.2491,112.1759,0.1165,0.0192,102608.9382,78365.6254,cpu_stress,productcatalogservice,2026-06-09 16:25:00,2026-06-09 16:40:00,pre_fault,0.118136466,0
2026-06-09 16:21:20,80,EXP_FAULT_05,RUN_05,cpu_stress,1,recommendationservice,recommendation-f05-04,online-boutique,node-b,0.3608,30.5752,0,112.3616,0.001271,21.5141,16.1711,33.0077,43.2125,56.61,112.2582,112.2188,0.1371,0.0057,132940.7624,86104.1317,cpu_stress,productcatalogservice,2026-06-09 16:25:00,2026-06-09 16:40:00,pre_fault,0.050842516,0
2026-06-09 16:21:25,85,EXP_FAULT_05,RUN_05,cpu_stress,1,recommendationservice,recommendation-f05-04,online-boutique,node-b,0.3657,30.6518,0,107.2571,0.001635,20.6635,16.3283,31.1302,42.1698,53.9091,107.1758,107.0817,0.1634,0.0119,91821.7847,91756.8226,cpu_stress,productcatalogservice,2026-06-09 16:25:00,2026-06-09 16:40:00,pre_fault,0.032946743,0
2026-06-09 16:21:30,90,EXP_FAULT_05,RUN_05,cpu_stress,1,recommendationservice,recommendation-f05-04,online-boutique,node-b,0.3573,30.9614,0,109.628,0.001579,22.3376,16.8356,36.6838,44.94,58.2669,109.5388,109.4548,0.172,0.0012,91486.9719,106823.3181,cpu_stress,productcatalogservice,2026-06-09 16:25:00,2026-06-09 16:40:00,pre_fault,0.0028469558,0
2026-06-09 16:21:35,95,EXP_FAULT_05,RUN_05,cpu_stress,1,recommendationservice,recommendation-f05-04,online-boutique,node-b,0.3872,30.1882,0,105.4244,0.001034,21.1474,16.0796,31.3318,42.0083,52.496,105.3566,105.3154,0.0754,0.0336,98387.8542,72176.0991,cpu_stress,productcatalogservice,2026-06-09 16:25:00,2026-06-09 16:40:00,pre_fault,0.12801306,0
2026-06-09 16:21:40,100,EXP_FAULT_05,RUN_05,cpu_stress,1,recommendationservice,recommendation-f05-04,online-boutique,node-b,0.3743,30.8254,0,105.6355,0.00127,21.0509,16.8521,31.5132,39.5922,58.9174,105.5372,105.5014,0.1233,0.0108,123817.2338,81032.4531,cpu_stress,productcatalogservice,2026-06-09 16:25:00,2026-06-09 16:40:00,pre_fault,0.016843414,0
2026-06-09 16:21:45,105,EXP_FAULT_05,RUN_05,cpu_stress,1,recommendationservice,recommendation-f05-04,online-boutique,node-b,0.3868,31.0429,0,104.7165,0.00079,21.364,17.3819,33.1757,37.7237,60.0749,104.6769,104.6338,0.0773,0.0054,116270.2508,102696.4797,cpu_stress,productcatalogservice,2026-06-09 16:25:00,2026-06-09 16:40:00,pre_fault,0.1586264,0
2026-06-09 16:21:50,110,EXP_FAULT_05,RUN_05,cpu_stress,1,recommendationservice,recommendation-f05-04,online-boutique,node-b,0.3915,30.839,0,109.5619,0.001535,22.3339,17.976,36.2231,40.1793,58.9758,109.4766,109.3937,0.1414,0.0268,131897.1514,111966.9927,cpu_stress,productcatalogservice,2026-06-09 16:25:00,2026-06-09 16:40:00,pre_fault,0.2071379,0
2026-06-09 16:21:55,115,EXP_FAULT_05,RUN_05,cpu_stress,1,recommendationservice,recommendation-f05-04,online-boutique,node-b,0.3897,30.5203,0,104.7521,0.0015,22.626,17.2383,37.7666,40.1235,58.8813,104.6727,104.595,0.1239,0.0332,116812.265,95132.7834,cpu_stress,productcatalogservice,2026-06-09 16:25:00,2026-06-09 16:40:00,pre_fault,0.49485546,1
2026-06-09 16:22:00,120,EXP_FAULT_05,RUN_05,cpu_stress,1,recommendationservice,recommendation-f05-04,online-boutique,node-b,0.3835,30.9278,0,107.6002,0.000762,21.1714,17.3197,34.088,38.4292,50.1716,107.5504,107.5182,0.0812,0.0009,90242.6645,95234.1658,cpu_stress,productcatalogservice,2026-06-09 16:25:00,2026-06-09 16:40:00,pre_fault,0.046569783,0
2026-06-09 16:22:05,125,EXP_FAULT_05,RUN_05,cpu_stress,1,recommendationservice,recommendation-f05-04,online-boutique,node-b,0.3898,31.001,0,105.6387,0.000783,22.3405,16.0432,33.4638,42.218,54.2,105.59,105.556,0.0574,0.0253,93939.4024,91016.5689,cpu_stress,productcatalogservice,2026-06-09 16:25:00,2026-06-09 16:40:00,pre_fault,0.3627644,0
2026-06-09 16:22:10,130,EXP_FAULT_05,RUN_05,cpu_stress,1,recommendationservice,recommendation-f05-04,online-boutique,node-b,0.3825,30.463,0,105.8804,0.001665,22.4628,16.2416,36.7208,41.2158,55.3219,105.8131,105.7041,0.1411,0.0352,123466.7305,71740.5835,cpu_stress,productcatalogservice,2026-06-09 16:25:00,2026-06-09 16:40:00,pre_fault,0.27644175,0
2026-06-09 16:22:15,135,EXP_FAULT_05,RUN_05,cpu_stress,1,recommendationservice,recommendation-f05-04,online-boutique,node-b,0.3955,31.4626,0,105.5189,0.001586,22.2485,16.721,32.3021,44.7921,62.6267,105.4102,105.3516,0.1559,0.0115,109360.0983,101460.2763,cpu_stress,productcatalogservice,2026-06-09 16:25:00,2026-06-09 16:40:00,pre_fault,0.36341172,0
2026-06-09 16:22:20,140,EXP_FAULT_05,RUN_05,cpu_stress,1,recommendationservice,recommendation-f05-04,online-boutique,node-b,0.3826,31.1288,0,109.4265,0.001617,21.1125,17.0102,31.7904,41.1195,55.8144,109.3498,109.2495,0.1413,0.0357,133332.8417,96306.2374,cpu_stress,productcatalogservice,2026-06-09 16:25:00,2026-06-09 16:40:00,pre_fault,0.0057701794,0
2026-06-09 16:22:25,145,EXP_FAULT_05,RUN_05,cpu_stress,1,recommendationservice,recommendation-f05-04,online-boutique,node-b,0.3837,30.5853,0,106.824,0.000688,21.6524,15.1784,34.5142,42.8649,53.9419,106.782,106.7505,0.0494,0.0241,105131.6209,101622.3187,cpu_stress,productcatalogservice,2026-06-09 16:25:00,2026-06-09 16:40:00,pre_fault,0.12781467,0
2026-06-09 16:22:30,150,EXP_FAULT_05,RUN_05,cpu_stress,1,recommendationservice,recommendation-f05-04,online-boutique,node-b,0.3892,31.143,0,109.6175,0.001146,22.687,18.1792,33.4928,42.7571,58.9768,109.5415,109.4919,0.0969,0.0288,93109.4402,112696.0906,cpu_stress,productcatalogservice,2026-06-09 16:25:00,2026-06-09 16:40:00,pre_fault,0.24844596,0
2026-06-09 16:22:35,155,EXP_FAULT_05,RUN_05,cpu_stress,1,recommendationservice,recommendation-f05-04,online-boutique,node-b,0.3789,31.4755,0,106.4211,0.001405,20.1414,14.7508,29.2088,36.8361,47.3635,106.3347,106.2716,0.1456,0.0039,89270.207,74356.3317,cpu_stress,productcatalogservice,2026-06-09 16:25:00,2026-06-09 16:40:00,pre_fault,0.010853147,0
2026-06-09 16:22:40,160,EXP_FAULT_05,RUN_05,cpu_stress,1,recommendationservice,recommendation-f05-04,online-boutique,node-b,0.3522,31.0151,0,105.3906,0.001313,20.4662,15.5208,33.4338,41.2556,49.8139,105.3195,105.2522,0.132,0.0064,132567.1344,83626.2658,cpu_stress,productcatalogservice,2026-06-09 16:25:00,2026-06-09 16:40:00,pre_fault,0.07442057,0
2026-06-09 16:22:45,165,EXP_FAULT_05,RUN_05,cpu_stress,1,recommendationservice,recommendation-f05-04,online-boutique,node-b,0.4083,30.793,0,108.7759,0.000887,22.8751,18.6867,35.268,43.1168,54.1072,108.7073,108.6794,0.0916,0.0048,121701.9125,84387.9912,cpu_stress,productcatalogservice,2026-06-09 16:25:00,2026-06-09 16:40:00,pre_fault,0.7698331,1
2026-06-09 16:22:50,170,EXP_FAULT_05,RUN_05,cpu_stress,1,recommendationservice,recommendation-f05-04,online-boutique,node-b,0.3673,31.4334,0,105.9726,0.001141,22.2938,16.8777,34.0915,44.4461,54.6352,105.8941,105.8517,0.1046,0.0163,127043.429,87455.2828,cpu_stress,productcatalogservice,2026-06-09 16:25:00,2026-06-09 16:40:00,pre_fault,0.08699246,0
2026-06-09 16:22:55,175,EXP_FAULT_05,RUN_05,cpu_stress,1,recommendationservice,recommendation-f05-04,online-boutique,node-b,0.3628,30.9386,0,112.0209,0.001369,25.2789,17.8052,38.5928,51.3882,61.3747,111.9256,111.8674,0.1432,0.0102,103075.3209,82282.2384,cpu_stress,productcatalogservice,2026-06-09 16:25:00,2026-06-09 16:40:00,pre_fault,0.40974212,0
2026-06-09 16:23:00,180,EXP_FAULT_05,RUN_05,cpu_stress,1,recommendationservice,recommendation-f05-04,online-boutique,node-b,0.3843,30.6055,0,107.4702,0.000892,21.6474,16.6992,36.6381,40.8322,57.1884,107.4325,107.3743,0.0675,0.0283,94487.8764,89128.2425,cpu_stress,productcatalogservice,2026-06-09 16:25:00,2026-06-09 16:40:00,pre_fault,0.104520045,0
2026-06-09 16:23:05,185,EXP_FAULT_05,RUN_05,cpu_stress,1,recommendationservice,recommendation-f05-04,online-boutique,node-b,0.3622,30.5544,0,109.4645,0.00116,20.6635,16.1894,30.2122,39.1059,53.3326,109.416,109.3375,0.1088,0.0182,118354.9836,81312.0223,cpu_stress,productcatalogservice,2026-06-09 16:25:00,2026-06-09 16:40:00,pre_fault,0.06505696,0
2026-06-09 16:23:10,190,EXP_FAULT_05,RUN_05,cpu_stress,1,recommendationservice,recommendation-f05-04,online-boutique,node-b,0.3706,31.4635,0,110.9401,0.001408,21.6792,16.2125,35.2532,43.6305,59.4521,110.8323,110.7838,0.1223,0.0339,134439.4479,97956.9197,cpu_stress,productcatalogservice,2026-06-09 16:25:00,2026-06-09 16:40:00,pre_fault,0.0043489793,0
2026-06-09 16:23:15,195,EXP_FAULT_05,RUN_05,cpu_stress,1,recommendationservice,recommendation-f05-04,online-boutique,node-b,0.3808,31.1085,0,109.7569,0.000927,21.9306,16.1579,36.5273,41.4787,51.9146,109.7106,109.6552,0.0777,0.0241,139825.2542,87810.1061,cpu_stress,productcatalogservice,2026-06-09 16:25:00,2026-06-09 16:40:00,pre_fault,0.05054357,0
2026-06-09 16:23:20,200,EXP_FAULT_05,RUN_05,cpu_stress,1,recommendationservice,recommendation-f05-04,online-boutique,node-b,0.3992,30.8944,0,112.6657,0.000498,20.371,16.5251,30.9093,37.4426,57.6741,112.6404,112.6096,0.0307,0.0254,131003.1819,82712.3281,cpu_stress,productcatalogservice,2026-06-09 16:25:00,2026-06-09 16:40:00,pre_fault,0.028519982,0
2026-06-09 16:23:25,205,EXP_FAULT_05,RUN_05,cpu_stress,1,recommendationservice,recommendation-f05-04,online-boutique,node-b,0.3869,30.7132,0,110.0104,0.001581,22.0804,17.3286,36.8458,44.2537,57.8191,109.9099,109.8364,0.1641,0.0098,99774.3046,85388.0751,cpu_stress,productcatalogservice,2026-06-09 16:25:00,2026-06-09 16:40:00,pre_fault,0.105100974,0
2026-06-09 16:23:30,210,EXP_FAULT_05,RUN_05,cpu_stress,1,recommendationservice,recommendation-f05-04,online-boutique,node-b,0.3817,31.0475,0,110.1199,0.000802,20.7927,14.9912,32.6014,38.6033,58.91,110.0881,110.0315,0.086,0.0024,102962.7319,102320.6859,cpu_stress,productcatalogservice,2026-06-09 16:25:00,2026-06-09 16:40:00,pre_fault,0.007947553,0
2026-06-09 16:23:35,215,EXP_FAULT_05,RUN_05,cpu_stress,1,recommendationservice,recommendation-f05-04,online-boutique,node-b,0.3888,30.8422,0,109.614,0.001464,22.3291,16.9581,33.5653,39.7738,62.3689,109.5285,109.4536,0.1556,0.0049,132389.4227,99227.9704,cpu_stress,productcatalogservice,2026-06-09 16:25:00,2026-06-09 16:40:00,pre_fault,0.17262422,0
2026-06-09 16:23:40,220,EXP_FAULT_05,RUN_05,cpu_stress,1,recommendationservice,recommendation-f05-04,online-boutique,node-b,0.3696,31.3551,0,109.8711,0.000494,21.7736,15.7443,35.5946,43.03,60.3299,109.844,109.8168,0.0483,0.006,103531.0107,113401.7583,cpu_stress,productcatalogservice,2026-06-09 16:25:00,2026-06-09 16:40:00,pre_fault,0.006739202,0
2026-06-09 16:23:45,225,EXP_FAULT_05,RUN_05,cpu_stress,1,recommendationservice,recommendation-f05-04,online-boutique,node-b,0.372,30.6246,0,107.0736,0.001402,23.1597,17.0564,38.5095,47.109,64.8205,107.0192,106.9235,0.1436,0.0065,108770.2359,87329.4914,cpu_stress,productcatalogservice,2026-06-09 16:25:00,2026-06-09 16:40:00,pre_fault,0.23380856,0
2026-06-09 16:23:50,230,EXP_FAULT_05,RUN_05,cpu_stress,1,recommendationservice,recommendation-f05-04,online-boutique,node-b,0.3633,31.5518,0,107.07,0.001065,20.9158,16.9107,34.9714,41.3013,58.6718,107.0267,106.956,0.0987,0.0153,127772.536,100853.4442,cpu_stress,productcatalogservice,2026-06-09 16:25:00,2026-06-09 16:40:00,pre_fault,0.02397329,0
2026-06-09 16:23:55,235,EXP_FAULT_05,RUN_05,cpu_stress,1,recommendationservice,recommendation-f05-04,online-boutique,node-b,0.4158,30.5432,0,103.934,0.00053,21.6056,15.9601,32.2593,40.3404,54.58,103.8995,103.879,0.028,0.0271,85627.8053,79238.2344,cpu_stress,productcatalogservice,2026-06-09 16:25:00,2026-06-09 16:40:00,pre_fault,0.8250753,1
2026-06-09 16:24:00,240,EXP_FAULT_05,RUN_05,cpu_stress,1,recommendationservice,recommendation-f05-04,online-boutique,node-b,0.3827,31.295,0,106.327,0.000537,23.0761,18.1706,36.1388,47.1197,55.4509,106.3018,106.2699,0.0552,0.0019,132376.4809,89669.072,cpu_stress,productcatalogservice,2026-06-09 16:25:00,2026-06-09 16:40:00,pre_fault,0.4203288,0
2026-06-09 16:24:05,245,EXP_FAULT_05,RUN_05,cpu_stress,1,recommendationservice,recommendation-f05-04,online-boutique,node-b,0.3717,31.4352,0,104.6172,0.001763,21.3051,15.8305,33.024,38.6667,54.855,104.4823,104.4328,0.1488,0.0356,94219.3163,77564.6731,cpu_stress,productcatalogservice,2026-06-09 16:25:00,2026-06-09 16:40:00,pre_fault,0.02717514,0
2026-06-09 16:24:10,250,EXP_FAULT_05,RUN_05,cpu_stress,1,recommendationservice,recommendation-f05-04,online-boutique,node-b,0.3594,30.8748,0,104.0654,0.000711,20.123,15.9474,30.9098,40.7735,49.1127,104.0266,103.9915,0.0457,0.0283,110550.3337,80127.8135,cpu_stress,productcatalogservice,2026-06-09 16:25:00,2026-06-09 16:40:00,pre_fault,0.020611983,0
2026-06-09 16:24:15,255,EXP_FAULT_05,RUN_05,cpu_stress,1,recommendationservice,recommendation-f05-04,online-boutique,node-b,0.3933,31.022,0,104.6853,0.001751,22.3632,17.4378,35.0557,44.0911,56.2897,104.6074,104.5019,0.1571,0.0262,89682.6015,83042.2389,cpu_stress,productcatalogservice,2026-06-09 16:25:00,2026-06-09 16:40:00,pre_fault,0.4271284,0
2026-06-09 16:24:20,260,EXP_FAULT_05,RUN_05,cpu_stress,1,recommendationservice,recommendation-f05-04,online-boutique,node-b,0.3705,30.8466,0,101.7358,0.000684,21.178,16.6348,33.734,39.4584,57.8867,101.6905,101.6661,0.0594,0.0102,97757.9114,84269.6358,cpu_stress,productcatalogservice,2026-06-09 16:25:00,2026-06-09 16:40:00,pre_fault,0.09714884,0
2026-06-09 16:24:25,265,EXP_FAULT_05,RUN_05,cpu_stress,1,recommendationservice,recommendation-f05-04,online-boutique,node-b,0.3465,31.1945,0,103.808,0.000611,20.3497,15.2447,34.3546,38.3073,50.3728,103.7655,103.7446,0.0433,0.0201,132131.907,76562.1246,cpu_stress,productcatalogservice,2026-06-09 16:25:00,2026-06-09 16:40:00,pre_fault,0.05120617,0
2026-06-09 16:24:30,270,EXP_FAULT_05,RUN_05,cpu_stress,1,recommendationservice,recommendation-f05-04,online-boutique,node-b,0.3658,30.6195,0,99.3524,0.001291,21.3324,15.5782,35.2813,38.8924,59.374,99.2637,99.2242,0.111,0.0172,124310.3321,66230.714,cpu_stress,productcatalogservice,2026-06-09 16:25:00,2026-06-09 16:40:00,pre_fault,0.1302261,0
2026-06-09 16:24:35,275,EXP_FAULT_05,RUN_05,cpu_stress,1,recommendationservice,recommendation-f05-04,online-boutique,node-b,0.3864,31.2231,0,104.0474,0.001183,23.1296,17.476,38.025,41.6787,64.1333,103.9702,103.9244,0.0916,0.0314,89507.3311,82334.7613,cpu_stress,productcatalogservice,2026-06-09 16:25:00,2026-06-09 16:40:00,pre_fault,0.58929396,1
2026-06-09 16:24:40,280,EXP_FAULT_05,RUN_05,cpu_stress,1,recommendationservice,recommendation-f05-04,online-boutique,node-b,0.3253,30.7862,0,99.5587,0.001447,23.1731,18.8768,36.9423,42.6222,55.703,99.5029,99.4146,0.1121,0.032,98389.984,85457.1084,cpu_stress,productcatalogservice,2026-06-09 16:25:00,2026-06-09 16:40:00,pre_fault,0.080348715,0
2026-06-09 16:24:45,285,EXP_FAULT_05,RUN_05,cpu_stress,1,recommendationservice,recommendation-f05-04,online-boutique,node-b,0.3885,30.655,0,99.3388,0.000752,21.653,16.652,31.5806,39.4302,52.4733,99.2929,99.2641,0.0513,0.0234,114027.816,77891.7017,cpu_stress,productcatalogservice,2026-06-09 16:25:00,2026-06-09 16:40:00,pre_fault,0.5070975,1
2026-06-09 16:24:50,290,EXP_FAULT_05,RUN_05,cpu_stress,1,recommendationservice,recommendation-f05-04,online-boutique,node-b,0.3642,30.7794,0,101.2828,0.001336,20.8934,15.9649,32.2477,39.4293,49.3249,101.2094,101.1475,0.1296,0.0057,88041.2286,98914.9099,cpu_stress,productcatalogservice,2026-06-09 16:25:00,2026-06-09 16:40:00,pre_fault,0.03160553,0
2026-06-09 16:24:55,295,EXP_FAULT_05,RUN_05,cpu_stress,1,recommendationservice,recommendation-f05-04,online-boutique,node-b,0.3734,31.3958,0,101.0291,0.000522,20.5583,14.9837,31.7989,39.6347,49.0344,100.9899,100.9764,0.0273,0.0254,97324.3739,98521.6805,cpu_stress,productcatalogservice,2026-06-09 16:25:00,2026-06-09 16:40:00,pre_fault,0.0658851,0
2026-06-09 16:25:00,300,EXP_FAULT_05,RUN_05,cpu_stress,1,recommendationservice,recommendation-f05-04,online-boutique,node-b,0.4649,31.5856,0,100.2729,0.000819,44.5859,23.5991,89.3537,144.7425,278.4506,88.9821,100.1908,0.0794,0.0028,94812.5358,105624.2259,cpu_stress,productcatalogservice,2026-06-09 16:25:00,2026-06-09 16:40:00,during_fault,54.973114,1
2026-06-09 16:25:05,305,EXP_FAULT_05,RUN_05,cpu_stress,1,recommendationservice,recommendation-f05-04,online-boutique,node-b,0.4571,30.6108,0,100.7125,0.001104,46.4282,22.8144,88.5219,144.8188,276.9374,89.3999,100.6013,0.0952,0.016,105966.2266,85552.4556,cpu_stress,productcatalogservice,2026-06-09 16:25:00,2026-06-09 16:40:00,during_fault,59.104942,1
2026-06-09 16:25:10,310,EXP_FAULT_05,RUN_05,cpu_stress,1,recommendationservice,recommendation-f05-04,online-boutique,node-b,0.4308,31.3498,0,98.523,0.001881,48.9219,25.6443,98.1371,166.9034,285.2275,87.4951,98.3378,0.1601,0.0252,114081.6862,80817.8552,cpu_stress,productcatalogservice,2026-06-09 16:25:00,2026-06-09 16:40:00,during_fault,62.125385,1
2026-06-09 16:25:15,315,EXP_FAULT_05,RUN_05,cpu_stress,1,recommendationservice,recommendation-f05-04,online-boutique,node-b,0.4561,31.78,0,101.4172,0.001648,50.0106,25.0582,101.9546,167.73,283.9722,90.2111,101.25,0.1358,0.0313,101647.5763,69131.9251,cpu_stress,productcatalogservice,2026-06-09 16:25:00,2026-06-09 16:40:00,during_fault,72.63076,1
2026-06-09 16:25:20,320,EXP_FAULT_05,RUN_05,cpu_stress,1,recommendationservice,recommendation-f05-04,online-boutique,node-b,0.4261,31.3366,0,100.488,0.002357,43.915,24.0749,83.1593,139.9217,262.8234,89.4813,100.2511,0.2208,0.0161,93872.1619,101357.8489,cpu_stress,productcatalogservice,2026-06-09 16:25:00,2026-06-09 16:40:00,during_fault,41.637257,1
2026-06-09 16:25:25,325,EXP_FAULT_05,RUN_05,cpu_stress,1,recommendationservice,recommendation-f05-04,online-boutique,node-b,0.4414,31.3806,0,99.1539,0.001018,48.3163,24.3935,101.6789,145.0841,265.3957,88.5119,99.053,0.0779,0.023,112120.9298,93575.132,cpu_stress,productcatalogservice,2026-06-09 16:25:00,2026-06-09 16:40:00,during_fault,64.08278,1
2026-06-09 16:25:30,330,EXP_FAULT_05,RUN_05,cpu_stress,1,recommendationservice,recommendation-f05-04,online-boutique,node-b,0.4602,31.6565,0,98.8422,0.00166,47.4397,25.3126,95.3353,152.6657,248.7916,88.4479,98.678,0.1518,0.0123,106150.1956,107004.5891,cpu_stress,productcatalogservice,2026-06-09 16:25:00,2026-06-09 16:40:00,during_fault,63.850597,1
2026-06-09 16:25:35,335,EXP_FAULT_05,RUN_05,cpu_stress,1,recommendationservice,recommendation-f05-04,online-boutique,node-b,0.4618,31.0451,0,101.2684,0.001181,47.1334,25.1239,98.5643,138.2569,287.7615,90.8606,101.1488,0.1129,0.0067,117122.571,82887.3768,cpu_stress,productcatalogservice,2026-06-09 16:25:00,2026-06-09 16:40:00,during_fault,62.641235,1
2026-06-09 16:25:40,340,EXP_FAULT_05,RUN_05,cpu_stress,1,recommendationservice,recommendation-f05-04,online-boutique,node-b,0.4468,31.4473,0,101.4949,0.001086,42.7142,23.5887,81.1717,126.4024,238.9013,91.3498,101.3847,0.0881,0.0221,120520.4427,106593.4738,cpu_stress,productcatalogservice,2026-06-09 16:25:00,2026-06-09 16:40:00,during_fault,42.778282,1
2026-06-09 16:25:45,345,EXP_FAULT_05,RUN_05,cpu_stress,1,recommendationservice,recommendation-f05-04,online-boutique,node-b,0.4568,30.8655,0,101.8427,0.00181,43.8468,22.035,90.7814,126.4764,239.8782,91.91,101.6584,0.1676,0.0167,128714.1001,68481.4891,cpu_stress,productcatalogservice,2026-06-09 16:25:00,2026-06-09 16:40:00,during_fault,47.779766,1
2026-06-09 16:25:50,350,EXP_FAULT_05,RUN_05,cpu_stress,1,recommendationservice,recommendation-f05-04,online-boutique,node-b,0.4388,31.3873,0,103.4493,0.001489,43.2541,23.1176,88.1683,136.4937,222.9571,93.7002,103.2952,0.1448,0.0093,87923.101,77003.0117,cpu_stress,productcatalogservice,2026-06-09 16:25:00,2026-06-09 16:40:00,during_fault,41.497936,1
2026-06-09 16:25:55,355,EXP_FAULT_05,RUN_05,cpu_stress,1,recommendationservice,recommendation-f05-04,online-boutique,node-b,0.421,30.8328,0,105.5886,0.000952,42.1232,21.6672,78.945,124.465,238.7717,95.9768,105.4881,0.0719,0.0286,117191.6095,95595.301,cpu_stress,productcatalogservice,2026-06-09 16:25:00,2026-06-09 16:40:00,during_fault,34.4286,1
2026-06-09 16:26:00,360,EXP_FAULT_05,RUN_05,cpu_stress,1,recommendationservice,recommendation-f05-04,online-boutique,node-b,0.4449,30.6824,0,100.824,0.001969,40.1007,23.6097,75.341,118.3047,192.389,91.9188,100.6255,0.1643,0.0342,108913.7919,81550.9089,cpu_stress,productcatalogservice,2026-06-09 16:25:00,2026-06-09 16:40:00,during_fault,33.86031,1
2026-06-09 16:26:05,365,EXP_FAULT_05,RUN_05,cpu_stress,1,recommendationservice,recommendation-f05-04,online-boutique,node-b,0.4436,31.339,0,103.1297,0.000911,40.4209,20.9346,72.2431,123.7171,195.3792,94.4218,103.0357,0.0622,0.0317,103257.8517,98684.924,cpu_stress,productcatalogservice,2026-06-09 16:25:00,2026-06-09 16:40:00,during_fault,34.479458,1
2026-06-09 16:26:10,370,EXP_FAULT_05,RUN_05,cpu_stress,1,recommendationservice,recommendation-f05-04,online-boutique,node-b,0.4417,30.701,0,104.5946,0.001567,40.6252,24.8304,79.1644,110.2791,203.4899,96.0789,104.4306,0.1445,0.0194,87136.1008,95898.517,cpu_stress,productcatalogservice,2026-06-09 16:25:00,2026-06-09 16:40:00,during_fault,33.665203,1
2026-06-09 16:26:15,375,EXP_FAULT_05,RUN_05,cpu_stress,1,recommendationservice,recommendation-f05-04,online-boutique,node-b,0.4278,31.1789,0,104.2713,0.001523,40.4038,23.7766,72.9785,111.9024,185.6722,96.1219,104.1124,0.1282,0.0306,125097.5305,105205.4646,cpu_stress,productcatalogservice,2026-06-09 16:25:00,2026-06-09 16:40:00,during_fault,30.506336,1
2026-06-09 16:26:20,380,EXP_FAULT_05,RUN_05,cpu_stress,1,recommendationservice,recommendation-f05-04,online-boutique,node-b,0.431,31.4157,0,100.6472,0.000715,38.5756,23.3541,69.779,113.6612,177.9918,93.1224,100.5751,0.0666,0.0054,105183.2961,93620.619,cpu_stress,productcatalogservice,2026-06-09 16:25:00,2026-06-09 16:40:00,during_fault,28.2081,1
2026-06-09 16:26:25,385,EXP_FAULT_05,RUN_05,cpu_stress,1,recommendationservice,recommendation-f05-04,online-boutique,node-b,0.417,31.6248,0,107.177,0.001739,38.1618,22.8208,67.845,107.8263,177.0859,99.4138,106.9906,0.186,0.0003,128712.7,86024.4457,cpu_stress,productcatalogservice,2026-06-09 16:25:00,2026-06-09 16:40:00,during_fault,21.738325,1
2026-06-09 16:26:30,390,EXP_FAULT_05,RUN_05,cpu_stress,1,recommendationservice,recommendation-f05-04,online-boutique,node-b,0.4414,31.4935,0,106.1836,0.001347,35.9027,21.9044,64.2823,95.6173,172.5789,98.8093,106.0406,0.137,0.0059,129860.1307,87132.1282,cpu_stress,productcatalogservice,2026-06-09 16:25:00,2026-06-09 16:40:00,during_fault,20.61753,1
2026-06-09 16:26:35,395,EXP_FAULT_05,RUN_05,cpu_stress,1,recommendationservice,recommendation-f05-04,online-boutique,node-b,0.4323,30.3852,0,105.8714,0.001721,38.8841,23.7669,74.5705,102.926,177.6159,98.7757,105.6893,0.1696,0.0126,94023.4275,97422.2078,cpu_stress,productcatalogservice,2026-06-09 16:25:00,2026-06-09 16:40:00,during_fault,26.963379,1
2026-06-09 16:26:40,400,EXP_FAULT_05,RUN_05,cpu_stress,1,recommendationservice,recommendation-f05-04,online-boutique,node-b,0.41,31.3905,0,104.7185,0.001504,35.5497,22.5865,60.7072,101.9456,149.9107,97.973,104.5611,0.1423,0.0151,133416.4157,85274.0705,cpu_stress,productcatalogservice,2026-06-09 16:25:00,2026-06-09 16:40:00,during_fault,16.125887,1
2026-06-09 16:26:45,405,EXP_FAULT_05,RUN_05,cpu_stress,1,recommendationservice,recommendation-f05-04,online-boutique,node-b,0.4151,31.2812,0,105.6941,0.001886,36.4273,20.4734,65.3317,90.9605,165.2703,99.0508,105.4947,0.1877,0.0116,113813.913,104543.3843,cpu_stress,productcatalogservice,2026-06-09 16:25:00,2026-06-09 16:40:00,during_fault,18.235794,1
2026-06-09 16:26:50,410,EXP_FAULT_05,RUN_05,cpu_stress,1,recommendationservice,recommendation-f05-04,online-boutique,node-b,0.441,31.2843,0,103.521,0.001662,33.6292,18.8403,58.818,89.2863,147.8715,97.2255,103.3489,0.1401,0.032,134234.8142,81521.9377,cpu_stress,productcatalogservice,2026-06-09 16:25:00,2026-06-09 16:40:00,during_fault,16.29885,1
2026-06-09 16:26:55,415,EXP_FAULT_05,RUN_05,cpu_stress,1,recommendationservice,recommendation-f05-04,online-boutique,node-b,0.4046,30.2904,0,103.4185,0.001962,33.7561,19.4072,59.897,93.8483,146.0048,97.2334,103.2155,0.197,0.006,133480.8328,79160.1252,cpu_stress,productcatalogservice,2026-06-09 16:25:00,2026-06-09 16:40:00,during_fault,12.936178,1
2026-06-09 16:27:00,420,EXP_FAULT_05,RUN_05,cpu_stress,1,recommendationservice,recommendation-f05-04,online-boutique,node-b,0.4258,31.41,0,104.1804,0.000824,34.8506,19.5962,65.2344,90.97,152.2836,98.1138,104.0945,0.0679,0.018,99049.7874,104306.06,cpu_stress,productcatalogservice,2026-06-09 16:25:00,2026-06-09 16:40:00,during_fault,17.2432,1
2026-06-09 16:27:05,425,EXP_FAULT_05,RUN_05,cpu_stress,1,recommendationservice,recommendation-f05-04,online-boutique,node-b,0.4305,30.6986,0,101.1207,0.000545,31.2307,18.4324,58.5454,87.9226,137.2497,95.3137,101.0656,0.0526,0.0025,110010.0186,97167.9543,cpu_stress,productcatalogservice,2026-06-09 16:25:00,2026-06-09 16:40:00,during_fault,11.93572,1
2026-06-09 16:27:10,430,EXP_FAULT_05,RUN_05,cpu_stress,1,recommendationservice,recommendation-f05-04,online-boutique,node-b,0.427,31.2618,0,103.2655,0.00064,33.5865,20.3079,65.9462,82.1542,140.0431,97.3492,103.1994,0.0436,0.0225,101770.4594,83241.6698,cpu_stress,productcatalogservice,2026-06-09 16:25:00,2026-06-09 16:40:00,during_fault,15.270029,1
2026-06-09 16:27:15,435,EXP_FAULT_05,RUN_05,cpu_stress,1,recommendationservice,recommendation-f05-04,online-boutique,node-b,0.3897,30.5099,0,97.3896,0.001678,33.5919,22.0316,57.4691,94.7461,147.2571,91.7662,97.2263,0.1356,0.0278,90861.7549,83839.5927,cpu_stress,productcatalogservice,2026-06-09 16:25:00,2026-06-09 16:40:00,during_fault,12.582152,1
2026-06-09 16:27:20,440,EXP_FAULT_05,RUN_05,cpu_stress,1,recommendationservice,recommendation-f05-04,online-boutique,node-b,0.4268,30.641,0,102.6555,0.001375,33.4764,21.1357,60.7551,88.1215,161.7839,96.652,102.5143,0.111,0.0301,115354.254,108334.9247,cpu_stress,productcatalogservice,2026-06-09 16:25:00,2026-06-09 16:40:00,during_fault,15.073993,1
2026-06-09 16:27:25,445,EXP_FAULT_05,RUN_05,cpu_stress,1,recommendationservice,recommendation-f05-04,online-boutique,node-b,0.4032,31.4929,0,102.9523,0.001958,35.2169,22.9661,68.0604,86.9158,154.555,96.7815,102.7508,0.1903,0.0113,116851.1941,94128.0169,cpu_stress,productcatalogservice,2026-06-09 16:25:00,2026-06-09 16:40:00,during_fault,14.945371,1
2026-06-09 16:27:30,450,EXP_FAULT_05,RUN_05,cpu_stress,1,recommendationservice,recommendation-f05-04,online-boutique,node-b,0.4377,30.7926,0,100.3862,0.000857,34.3421,19.8599,66.6043,92.5026,148.3836,94.3022,100.3001,0.0569,0.0292,101090.3765,103876.9902,cpu_stress,productcatalogservice,2026-06-09 16:25:00,2026-06-09 16:40:00,during_fault,18.920858,1
2026-06-09 16:27:35,455,EXP_FAULT_05,RUN_05,cpu_stress,1,recommendationservice,recommendation-f05-04,online-boutique,node-b,0.4065,30.9658,0,100.7507,0.0019,35.057,20.6287,68.0181,97.9516,146.0143,94.3967,100.5593,0.164,0.0275,113701.2451,90147.2728,cpu_stress,productcatalogservice,2026-06-09 16:25:00,2026-06-09 16:40:00,during_fault,15.964676,1
2026-06-09 16:27:40,460,EXP_FAULT_05,RUN_05,cpu_stress,1,recommendationservice,recommendation-f05-04,online-boutique,node-b,0.4302,30.9869,0,99.1955,0.001973,35.6626,20.3333,69.9459,103.3006,169.82,92.7799,98.9998,0.1785,0.0172,108314.5496,80765.0437,cpu_stress,productcatalogservice,2026-06-09 16:25:00,2026-06-09 16:40:00,during_fault,20.66134,1
2026-06-09 16:27:45,465,EXP_FAULT_05,RUN_05,cpu_stress,1,recommendationservice,recommendation-f05-04,online-boutique,node-b,0.4344,32.2835,0,101.4402,0.001165,35.6956,20.6938,64.2854,105.6532,158.8923,94.6894,101.322,0.0952,0.023,125761.3138,90705.0013,cpu_stress,productcatalogservice,2026-06-09 16:25:00,2026-06-09 16:40:00,during_fault,20.926228,1
2026-06-09 16:27:50,470,EXP_FAULT_05,RUN_05,cpu_stress,1,recommendationservice,recommendation-f05-04,online-boutique,node-b,0.4403,31.0827,0,100.9192,0.00113,36.4506,21.267,65.7569,104.4855,183.0661,93.9202,100.8052,0.1021,0.0119,106112.6701,94453.1288,cpu_stress,productcatalogservice,2026-06-09 16:25:00,2026-06-09 16:40:00,during_fault,23.721378,1
2026-06-09 16:27:55,475,EXP_FAULT_05,RUN_05,cpu_stress,1,recommendationservice,recommendation-f05-04,online-boutique,node-b,0.4133,30.8694,0,98.8478,0.001677,36.8781,23.1735,65.489,103.1207,185.6397,91.6835,98.682,0.1354,0.0304,129078.2103,95519.3122,cpu_stress,productcatalogservice,2026-06-09 16:25:00,2026-06-09 16:40:00,during_fault,21.420858,1
2026-06-09 16:28:00,480,EXP_FAULT_05,RUN_05,cpu_stress,1,recommendationservice,recommendation-f05-04,online-boutique,node-b,0.4564,30.7347,0,102.2731,0.001685,40.2098,22.5761,71.2749,109.462,214.989,94.5775,102.1009,0.1429,0.0294,108188.9243,99559.0991,cpu_stress,productcatalogservice,2026-06-09 16:25:00,2026-06-09 16:40:00,during_fault,35.667843,1
2026-06-09 16:28:05,485,EXP_FAULT_05,RUN_05,cpu_stress,1,recommendationservice,recommendation-f05-04,online-boutique,node-b,0.4376,31.068,0,101.0261,0.000875,35.4501,19.3091,67.0588,109.3767,177.3827,93.1612,100.9377,0.0734,0.015,86740.1244,90879.6762,cpu_stress,productcatalogservice,2026-06-09 16:25:00,2026-06-09 16:40:00,during_fault,21.10707,1
2026-06-09 16:28:10,490,EXP_FAULT_05,RUN_05,cpu_stress,1,recommendationservice,recommendation-f05-04,online-boutique,node-b,0.4034,31.2203,0,102.5341,0.001821,39.8821,23.3509,82.4678,120.6203,190.3456,94.161,102.3474,0.1697,0.017,102193.1286,109364.1026,cpu_stress,productcatalogservice,2026-06-09 16:25:00,2026-06-09 16:40:00,during_fault,25.5672,1
2026-06-09 16:28:15,495,EXP_FAULT_05,RUN_05,cpu_stress,1,recommendationservice,recommendation-f05-04,online-boutique,node-b,0.4628,30.8414,0,103.9526,0.001638,39.2592,20.9474,74.1879,110.1059,183.9967,95.1459,103.7823,0.1519,0.0184,92819.439,81532.1055,cpu_stress,productcatalogservice,2026-06-09 16:25:00,2026-06-09 16:40:00,during_fault,33.23371,1
2026-06-09 16:28:20,500,EXP_FAULT_05,RUN_05,cpu_stress,1,recommendationservice,recommendation-f05-04,online-boutique,node-b,0.4429,31.119,0,104.0424,0.001275,38.1025,21.302,71.5528,110.0544,185.2503,94.8997,103.9098,0.1116,0.021,94503.8272,101312.8733,cpu_stress,productcatalogservice,2026-06-09 16:25:00,2026-06-09 16:40:00,during_fault,27.1133,1
2026-06-09 16:28:25,505,EXP_FAULT_05,RUN_05,cpu_stress,1,recommendationservice,recommendation-f05-04,online-boutique,node-b,0.4548,30.8823,0,103.0119,0.001896,43.2844,23.7006,88.8873,135.3135,222.0263,93.5843,102.8166,0.1642,0.0311,105137.8752,105724.3968,cpu_stress,productcatalogservice,2026-06-09 16:25:00,2026-06-09 16:40:00,during_fault,44.78376,1
2026-06-09 16:28:30,510,EXP_FAULT_05,RUN_05,cpu_stress,1,recommendationservice,recommendation-f05-04,online-boutique,node-b,0.4547,30.8909,0,105.6591,0.001762,43.5536,22.5988,91.9644,138.1087,235.9936,95.6691,105.4729,0.161,0.0252,126728.8089,75469.0082,cpu_stress,productcatalogservice,2026-06-09 16:25:00,2026-06-09 16:40:00,during_fault,44.694016,1
2026-06-09 16:28:35,515,EXP_FAULT_05,RUN_05,cpu_stress,1,recommendationservice,recommendation-f05-04,online-boutique,node-b,0.4238,31.5089,0,104.4417,0.001573,42.4405,22.9347,89.6993,120.0788,217.9311,94.2352,104.2774,0.1481,0.0162,125230.8939,107426.631,cpu_stress,productcatalogservice,2026-06-09 16:25:00,2026-06-09 16:40:00,during_fault,35.44609,1
2026-06-09 16:28:40,520,EXP_FAULT_05,RUN_05,cpu_stress,1,recommendationservice,recommendation-f05-04,online-boutique,node-b,0.4662,30.863,0,107.4949,0.001978,46.0785,25.2527,88.9628,132.9388,272.71,96.6793,107.2823,0.1753,0.0373,98357.1877,88671.5219,cpu_stress,productcatalogservice,2026-06-09 16:25:00,2026-06-09 16:40:00,during_fault,55.19087,1
2026-06-09 16:28:45,525,EXP_FAULT_05,RUN_05,cpu_stress,1,recommendationservice,recommendation-f05-04,online-boutique,node-b,0.4681,31.1627,0,107.4484,0.001319,45.6204,23.3192,86.0879,147.8414,254.349,96.4061,107.3067,0.1232,0.0186,117184.2687,77152.0636,cpu_stress,productcatalogservice,2026-06-09 16:25:00,2026-06-09 16:40:00,during_fault,55.133636,1
2026-06-09 16:28:50,530,EXP_FAULT_05,RUN_05,cpu_stress,1,recommendationservice,recommendation-f05-04,online-boutique,node-b,0.4796,31.2152,0,108.7158,0.001367,45.2128,23.6267,97.3335,144.8395,269.8959,97.2714,108.5672,0.1349,0.0137,95508.3722,96055.2217,cpu_stress,productcatalogservice,2026-06-09 16:25:00,2026-06-09 16:40:00,during_fault,55.49917,1
2026-06-09 16:28:55,535,EXP_FAULT_05,RUN_05,cpu_stress,1,recommendationservice,recommendation-f05-04,online-boutique,node-b,0.4608,30.6148,0,110.0317,0.001868,44.6666,24.4782,87.0315,151.2195,264.1634,98.1966,109.8261,0.1846,0.021,137760.5324,108402.8099,cpu_stress,productcatalogservice,2026-06-09 16:25:00,2026-06-09 16:40:00,during_fault,47.791126,1
2026-06-09 16:29:00,540,EXP_FAULT_05,RUN_05,cpu_stress,1,recommendationservice,recommendation-f05-04,online-boutique,node-b,0.4578,31.2726,0,108.5195,0.001596,52.9594,28.2784,103.7069,177.2772,331.5722,96.6731,108.3463,0.1538,0.0193,130531.9065,81970.2965,cpu_stress,productcatalogservice,2026-06-09 16:25:00,2026-06-09 16:40:00,during_fault,82.80101,1
2026-06-09 16:29:05,545,EXP_FAULT_05,RUN_05,cpu_stress,1,recommendationservice,recommendation-f05-04,online-boutique,node-b,0.4742,31.1425,0,111.3819,0.001767,46.8837,22.7466,96.4605,145.9393,266.968,99.0544,111.1851,0.1949,0.0018,137946.6558,84074.4172,cpu_stress,productcatalogservice,2026-06-09 16:25:00,2026-06-09 16:40:00,during_fault,58.900135,1
2026-06-09 16:29:10,550,EXP_FAULT_05,RUN_05,cpu_stress,1,recommendationservice,recommendation-f05-04,online-boutique,node-b,0.4823,31.1902,0,111.4242,0.000872,49.8879,25.3632,97.0501,165.1913,266.3826,99.0,111.327,0.0731,0.0241,108566.7568,81623.2421,cpu_stress,productcatalogservice,2026-06-09 16:25:00,2026-06-09 16:40:00,during_fault,76.59596,1
2026-06-09 16:29:15,555,EXP_FAULT_05,RUN_05,cpu_stress,1,recommendationservice,recommendation-f05-04,online-boutique,node-b,0.472,30.6941,0,114.6783,0.001775,49.6871,27.2636,93.9438,148.7438,303.9535,101.7541,114.4747,0.1977,0.0059,117972.721,95863.2989,cpu_stress,productcatalogservice,2026-06-09 16:25:00,2026-06-09 16:40:00,during_fault,68.34236,1
2026-06-09 16:29:20,560,EXP_FAULT_05,RUN_05,cpu_stress,1,recommendationservice,recommendation-f05-04,online-boutique,node-b,0.4687,31.1633,0,110.4547,0.001718,44.2636,23.4219,90.9921,132.0337,252.8708,97.9545,110.2649,0.1518,0.038,106796.3948,78866.6688,cpu_stress,productcatalogservice,2026-06-09 16:25:00,2026-06-09 16:40:00,during_fault,48.111954,1
2026-06-09 16:29:25,565,EXP_FAULT_05,RUN_05,cpu_stress,1,recommendationservice,recommendation-f05-04,online-boutique,node-b,0.4701,30.6577,0,112.9136,0.001195,48.0843,23.8459,97.0821,154.1199,289.5497,100.1884,112.7787,0.1178,0.0171,128342.5892,88134.3908,cpu_stress,productcatalogservice,2026-06-09 16:25:00,2026-06-09 16:40:00,during_fault,63.04024,1
2026-06-09 16:29:30,570,EXP_FAULT_05,RUN_05,cpu_stress,1,recommendationservice,recommendation-f05-04,online-boutique,node-b,0.4715,31.5618,0,113.835,0.001291,51.5172,26.7517,99.9057,156.7906,294.2019,101.0435,113.688,0.1132,0.0338,133265.5075,77657.5954,cpu_stress,productcatalogservice,2026-06-09 16:25:00,2026-06-09 16:40:00,during_fault,78.91956,1
2026-06-09 16:29:35,575,EXP_FAULT_05,RUN_05,cpu_stress,1,recommendationservice,recommendation-f05-04,online-boutique,node-b,0.4862,30.7981,0,116.8287,0.001733,47.405,25.7773,102.8642,150.9781,257.6183,103.7319,116.6263,0.1734,0.029,151306.2455,93166.2292,cpu_stress,productcatalogservice,2026-06-09 16:25:00,2026-06-09 16:40:00,during_fault,61.305885,1
2026-06-09 16:29:40,580,EXP_FAULT_05,RUN_05,cpu_stress,1,recommendationservice,recommendation-f05-04,online-boutique,node-b,0.4888,30.8739,0,115.7073,0.001011,49.305,25.6313,101.4745,160.7314,275.4349,102.916,115.5902,0.0976,0.0194,148162.5493,81109.3161,cpu_stress,productcatalogservice,2026-06-09 16:25:00,2026-06-09 16:40:00,during_fault,72.553604,1
2026-06-09 16:29:45,585,EXP_FAULT_05,RUN_05,cpu_stress,1,recommendationservice,recommendation-f05-04,online-boutique,node-b,0.4768,30.445,0,114.243,0.001328,47.5758,23.479,99.5046,145.9529,253.7406,101.7657,114.0913,0.1424,0.0093,126961.4876,94859.758,cpu_stress,productcatalogservice,2026-06-09 16:25:00,2026-06-09 16:40:00,during_fault,61.532185,1
2026-06-09 16:29:50,590,EXP_FAULT_05,RUN_05,cpu_stress,1,recommendationservice,recommendation-f05-04,online-boutique,node-b,0.4482,31.4912,0,115.9841,0.001301,49.0309,25.0801,104.0398,165.5793,261.6677,103.5393,115.8332,0.1344,0.0165,108661.0247,86890.7978,cpu_stress,productcatalogservice,2026-06-09 16:25:00,2026-06-09 16:40:00,during_fault,60.663246,1
2026-06-09 16:29:55,595,EXP_FAULT_05,RUN_05,cpu_stress,1,recommendationservice,recommendation-f05-04,online-boutique,node-b,0.4777,30.8796,0,117.704,0.001408,46.1411,26.1561,85.1655,143.5049,277.7269,105.3105,117.5383,0.1426,0.0231,141239.129,98095.0073,cpu_stress,productcatalogservice,2026-06-09 16:25:00,2026-06-09 16:40:00,during_fault,54.579674,1
2026-06-09 16:30:00,600,EXP_FAULT_05,RUN_05,cpu_stress,1,recommendationservice,recommendation-f05-04,online-boutique,node-b,0.4524,31.6246,0,114.3216,0.001452,45.0045,25.5549,85.4894,134.4694,270.7806,102.56,114.1556,0.1454,0.0205,148695.1555,91667.1968,cpu_stress,productcatalogservice,2026-06-09 16:25:00,2026-06-09 16:40:00,during_fault,46.39918,1
2026-06-09 16:30:05,605,EXP_FAULT_05,RUN_05,cpu_stress,1,recommendationservice,recommendation-f05-04,online-boutique,node-b,0.4327,31.4426,0,115.5491,0.0011,45.8874,23.2732,90.5688,148.7113,265.8261,103.9883,115.4219,0.0968,0.0303,110075.3439,80931.7096,cpu_stress,productcatalogservice,2026-06-09 16:25:00,2026-06-09 16:40:00,during_fault,45.710358,1
2026-06-09 16:30:10,610,EXP_FAULT_05,RUN_05,cpu_stress,1,recommendationservice,recommendation-f05-04,online-boutique,node-b,0.4846,30.8994,0,111.9973,0.000974,42.9712,24.8348,81.1227,138.681,225.3299,101.1262,111.8882,0.0932,0.016,136089.8409,105082.4719,cpu_stress,productcatalogservice,2026-06-09 16:25:00,2026-06-09 16:40:00,during_fault,47.32122,1
2026-06-09 16:30:15,615,EXP_FAULT_05,RUN_05,cpu_stress,1,recommendationservice,recommendation-f05-04,online-boutique,node-b,0.4437,31.4539,0,119.1357,0.001596,43.3867,25.2882,85.5188,130.0556,217.0009,107.8829,118.9456,0.1766,0.0136,114372.8758,93960.2499,cpu_stress,productcatalogservice,2026-06-09 16:25:00,2026-06-09 16:40:00,during_fault,37.136833,1
2026-06-09 16:30:20,620,EXP_FAULT_05,RUN_05,cpu_stress,1,recommendationservice,recommendation-f05-04,online-boutique,node-b,0.4356,31.158,0,115.969,0.001822,43.2047,24.8885,83.676,127.1559,237.8611,105.3927,115.7577,0.1883,0.023,100335.1289,93525.8027,cpu_stress,productcatalogservice,2026-06-09 16:25:00,2026-06-09 16:40:00,during_fault,35.701683,1
2026-06-09 16:30:25,625,EXP_FAULT_05,RUN_05,cpu_stress,1,recommendationservice,recommendation-f05-04,online-boutique,node-b,0.4278,31.5886,0,115.363,0.001743,45.1304,23.4673,86.0239,137.3458,218.5964,105.1934,115.162,0.1989,0.0022,144154.2761,103341.4339,cpu_stress,productcatalogservice,2026-06-09 16:25:00,2026-06-09 16:40:00,during_fault,40.5847,1
2026-06-09 16:30:30,630,EXP_FAULT_05,RUN_05,cpu_stress,1,recommendationservice,recommendation-f05-04,online-boutique,node-b,0.4143,30.7035,0,114.3667,0.001889,44.2037,26.6492,90.2123,121.0738,212.6542,104.6235,114.1506,0.1797,0.0363,133319.4887,102617.8134,cpu_stress,productcatalogservice,2026-06-09 16:25:00,2026-06-09 16:40:00,during_fault,35.42024,1
2026-06-09 16:30:35,635,EXP_FAULT_05,RUN_05,cpu_stress,1,recommendationservice,recommendation-f05-04,online-boutique,node-b,0.434,31.0049,0,112.4634,0.001129,37.125,21.4751,71.4313,114.7391,182.2544,103.2945,112.3365,0.1029,0.024,136254.133,113554.6314,cpu_stress,productcatalogservice,2026-06-09 16:25:00,2026-06-09 16:40:00,during_fault,20.79894,1
2026-06-09 16:30:40,640,EXP_FAULT_05,RUN_05,cpu_stress,1,recommendationservice,recommendation-f05-04,online-boutique,node-b,0.4508,32.0724,0,116.0142,0.001256,40.0405,23.175,79.6117,118.581,190.5469,106.9199,115.8685,0.1158,0.0299,142523.8129,106571.3161,cpu_stress,productcatalogservice,2026-06-09 16:25:00,2026-06-09 16:40:00,during_fault,30.456207,1
2026-06-09 16:30:45,645,EXP_FAULT_05,RUN_05,cpu_stress,1,recommendationservice,recommendation-f05-04,online-boutique,node-b,0.463,30.7659,0,115.818,0.001734,41.4069,23.332,79.0286,118.7732,190.0045,107.098,115.6172,0.181,0.0198,149518.1337,91613.7306,cpu_stress,productcatalogservice,2026-06-09 16:25:00,2026-06-09 16:40:00,during_fault,35.204853,1
2026-06-09 16:30:50,650,EXP_FAULT_05,RUN_05,cpu_stress,1,recommendationservice,recommendation-f05-04,online-boutique,node-b,0.4858,30.7465,0,113.1617,0.001311,38.095,23.7216,75.2446,113.1894,170.5498,105.0279,113.0134,0.128,0.0204,142678.5921,117992.6573,cpu_stress,productcatalogservice,2026-06-09 16:25:00,2026-06-09 16:40:00,during_fault,30.79089,1
2026-06-09 16:30:55,655,EXP_FAULT_05,RUN_05,cpu_stress,1,recommendationservice,recommendation-f05-04,online-boutique,node-b,0.4393,31.2237,0,114.8741,0.001842,36.4112,20.6773,65.0288,97.0161,169.0954,106.9143,114.6626,0.191,0.0205,125606.7632,117102.7611,cpu_stress,productcatalogservice,2026-06-09 16:25:00,2026-06-09 16:40:00,during_fault,18.558353,1
2026-06-09 16:31:00,660,EXP_FAULT_05,RUN_05,cpu_stress,1,recommendationservice,recommendation-f05-04,online-boutique,node-b,0.4432,30.619,0,113.5468,0.000592,35.0124,20.7732,64.6881,93.6347,156.1774,106.0124,113.4797,0.0637,0.0035,105479.4171,112586.021,cpu_stress,productcatalogservice,2026-06-09 16:25:00,2026-06-09 16:40:00,during_fault,17.295425,1
2026-06-09 16:31:05,665,EXP_FAULT_05,RUN_05,cpu_stress,1,recommendationservice,recommendation-f05-04,online-boutique,node-b,0.4298,30.9604,0,110.3397,0.001047,36.9189,23.1493,63.4622,95.5582,171.6506,103.2562,110.2243,0.1131,0.0024,139402.4366,72990.4378,cpu_stress,productcatalogservice,2026-06-09 16:25:00,2026-06-09 16:40:00,during_fault,20.489206,1
2026-06-09 16:31:10,670,EXP_FAULT_05,RUN_05,cpu_stress,1,recommendationservice,recommendation-f05-04,online-boutique,node-b,0.4493,31.2344,0,117.9337,0.001156,37.2701,21.2115,69.7901,103.8511,169.4324,110.5789,117.7974,0.0999,0.0364,106778.7294,85868.4867,cpu_stress,productcatalogservice,2026-06-09 16:25:00,2026-06-09 16:40:00,during_fault,21.657442,1
2026-06-09 16:31:15,675,EXP_FAULT_05,RUN_05,cpu_stress,1,recommendationservice,recommendation-f05-04,online-boutique,node-b,0.4163,31.0106,0,114.3232,0.000854,35.1253,21.5312,64.6557,94.9027,155.0973,107.4211,114.2255,0.0891,0.0086,131003.3016,75955.1782,cpu_stress,productcatalogservice,2026-06-09 16:25:00,2026-06-09 16:40:00,during_fault,14.029032,1
2026-06-09 16:31:20,680,EXP_FAULT_05,RUN_05,cpu_stress,1,recommendationservice,recommendation-f05-04,online-boutique,node-b,0.4152,31.4845,0,112.0114,0.001009,36.1875,22.7114,64.7071,103.4618,174.7882,105.3828,111.8984,0.0742,0.0388,94114.1977,90144.9579,cpu_stress,productcatalogservice,2026-06-09 16:25:00,2026-06-09 16:40:00,during_fault,16.41534,1
2026-06-09 16:31:25,685,EXP_FAULT_05,RUN_05,cpu_stress,1,recommendationservice,recommendation-f05-04,online-boutique,node-b,0.4269,31.4299,0,115.4229,0.001399,34.8207,20.9857,59.0523,95.2748,140.5208,108.6614,115.2614,0.1217,0.0398,117982.3659,89179.01,cpu_stress,productcatalogservice,2026-06-09 16:25:00,2026-06-09 16:40:00,during_fault,13.983981,1
2026-06-09 16:31:30,690,EXP_FAULT_05,RUN_05,cpu_stress,1,recommendationservice,recommendation-f05-04,online-boutique,node-b,0.4368,31.3007,0,117.137,0.001355,33.6322,20.4667,62.6515,84.7891,135.7236,110.3698,116.9783,0.1498,0.0089,101312.9542,93941.515,cpu_stress,productcatalogservice,2026-06-09 16:25:00,2026-06-09 16:40:00,during_fault,12.414844,1
2026-06-09 16:31:35,695,EXP_FAULT_05,RUN_05,cpu_stress,1,recommendationservice,recommendation-f05-04,online-boutique,node-b,0.4271,31.6674,0,117.5694,0.001256,34.8477,21.6298,68.6319,99.2191,145.1388,110.7954,117.4217,0.1408,0.0069,99418.8201,104379.9738,cpu_stress,productcatalogservice,2026-06-09 16:25:00,2026-06-09 16:40:00,during_fault,13.696548,1
2026-06-09 16:31:40,700,EXP_FAULT_05,RUN_05,cpu_stress,1,recommendationservice,recommendation-f05-04,online-boutique,node-b,0.4348,31.7341,0,115.2952,0.000569,34.9667,20.0436,68.6312,90.6777,140.8038,108.6762,115.2296,0.0484,0.0172,101062.6188,83841.3035,cpu_stress,productcatalogservice,2026-06-09 16:25:00,2026-06-09 16:40:00,during_fault,16.569092,1
2026-06-09 16:31:45,705,EXP_FAULT_05,RUN_05,cpu_stress,1,recommendationservice,recommendation-f05-04,online-boutique,node-b,0.4124,31.1528,0,118.4179,0.001933,34.0876,20.5154,63.1596,94.7148,143.2907,111.4385,118.189,0.1893,0.0396,112159.86,111504.3239,cpu_stress,productcatalogservice,2026-06-09 16:25:00,2026-06-09 16:40:00,during_fault,10.338644,1
2026-06-09 16:31:50,710,EXP_FAULT_05,RUN_05,cpu_stress,1,recommendationservice,recommendation-f05-04,online-boutique,node-b,0.426,31.0618,0,116.4546,0.001933,36.2225,22.1044,64.385,94.7647,163.6938,109.4894,116.2294,0.2099,0.0153,98239.7403,111515.9654,cpu_stress,productcatalogservice,2026-06-09 16:25:00,2026-06-09 16:40:00,during_fault,16.123478,1
2026-06-09 16:31:55,715,EXP_FAULT_05,RUN_05,cpu_stress,1,recommendationservice,recommendation-f05-04,online-boutique,node-b,0.4308,31.3432,0,115.7802,0.000792,36.6519,21.1297,70.3729,95.7462,149.1175,108.7861,115.6885,0.0611,0.0305,133887.3952,113418.715,cpu_stress,productcatalogservice,2026-06-09 16:25:00,2026-06-09 16:40:00,during_fault,18.838047,1
2026-06-09 16:32:00,720,EXP_FAULT_05,RUN_05,cpu_stress,1,recommendationservice,recommendation-f05-04,online-boutique,node-b,0.4448,31.2359,0,120.6382,0.002136,37.2678,23.7041,70.5576,97.0099,173.2802,113.0887,120.3805,0.2283,0.0294,134188.3494,120672.6913,cpu_stress,productcatalogservice,2026-06-09 16:25:00,2026-06-09 16:40:00,during_fault,19.378698,1
2026-06-09 16:32:05,725,EXP_FAULT_05,RUN_05,cpu_stress,1,recommendationservice,recommendation-f05-04,online-boutique,node-b,0.4325,30.7708,0,121.2522,0.00157,35.5878,20.3555,62.4898,98.4793,154.4053,113.4463,121.0618,0.1599,0.0305,151315.5412,124203.0793,cpu_stress,productcatalogservice,2026-06-09 16:25:00,2026-06-09 16:40:00,during_fault,14.6095,1
2026-06-09 16:32:10,730,EXP_FAULT_05,RUN_05,cpu_stress,1,recommendationservice,recommendation-f05-04,online-boutique,node-b,0.4819,31.4131,0,122.2229,0.001659,36.8443,22.1785,71.3183,108.6472,185.256,114.0429,122.0201,0.1985,0.0043,105610.8511,87217.7631,cpu_stress,productcatalogservice,2026-06-09 16:25:00,2026-06-09 16:40:00,during_fault,23.853949,1
2026-06-09 16:32:15,735,EXP_FAULT_05,RUN_05,cpu_stress,1,recommendationservice,recommendation-f05-04,online-boutique,node-b,0.4583,30.9314,0,122.1305,0.002065,38.0186,22.943,68.8772,102.2658,167.5192,113.6644,121.8783,0.2327,0.0195,161399.6974,119151.5989,cpu_stress,productcatalogservice,2026-06-09 16:25:00,2026-06-09 16:40:00,during_fault,22.572224,1
2026-06-09 16:32:20,740,EXP_FAULT_05,RUN_05,cpu_stress,1,recommendationservice,recommendation-f05-04,online-boutique,node-b,0.435,31.1905,0,120.5473,0.001394,41.3809,23.7709,78.9023,110.589,207.738,111.8289,120.3792,0.1645,0.0036,146717.7606,104472.9209,cpu_stress,productcatalogservice,2026-06-09 16:25:00,2026-06-09 16:40:00,during_fault,29.27985,1
2026-06-09 16:32:25,745,EXP_FAULT_05,RUN_05,cpu_stress,1,recommendationservice,recommendation-f05-04,online-boutique,node-b,0.4341,31.8669,0,123.6744,0.001132,36.4058,19.692,71.1141,97.0053,164.1837,114.3834,123.5344,0.1324,0.0075,115978.5017,124420.0617,cpu_stress,productcatalogservice,2026-06-09 16:25:00,2026-06-09 16:40:00,during_fault,16.767143,1
2026-06-09 16:32:30,750,EXP_FAULT_05,RUN_05,cpu_stress,1,recommendationservice,recommendation-f05-04,online-boutique,node-b,0.4242,31.5819,0,124.2129,0.001538,39.3803,21.4299,75.9398,104.881,188.2751,114.501,124.0219,0.1623,0.0287,144860.2736,125239.9708,cpu_stress,productcatalogservice,2026-06-09 16:25:00,2026-06-09 16:40:00,during_fault,21.15374,1
2026-06-09 16:32:35,755,EXP_FAULT_05,RUN_05,cpu_stress,1,recommendationservice,recommendation-f05-04,online-boutique,node-b,0.4491,31.6525,0,123.3458,0.001007,42.1389,25.772,83.689,120.2736,216.109,113.3319,123.2216,0.1122,0.012,124471.6263,122517.9116,cpu_stress,productcatalogservice,2026-06-09 16:25:00,2026-06-09 16:40:00,during_fault,34.57862,1
2026-06-09 16:32:40,760,EXP_FAULT_05,RUN_05,cpu_stress,1,recommendationservice,recommendation-f05-04,online-boutique,node-b,0.493,31.5069,0,125.5843,0.000842,42.2178,22.9175,82.0691,133.2294,198.0162,114.98,125.4786,0.0899,0.0159,149819.7178,118936.7395,cpu_stress,productcatalogservice,2026-06-09 16:25:00,2026-06-09 16:40:00,during_fault,43.02801,1
2026-06-09 16:32:45,765,EXP_FAULT_05,RUN_05,cpu_stress,1,recommendationservice,recommendation-f05-04,online-boutique,node-b,0.4572,31.05,0,122.8042,0.001248,42.3406,23.8744,86.492,134.8122,214.0105,112.0041,122.6509,0.1145,0.0388,142229.7759,128076.8531,cpu_stress,productcatalogservice,2026-06-09 16:25:00,2026-06-09 16:40:00,during_fault,35.486946,1
2026-06-09 16:32:50,770,EXP_FAULT_05,RUN_05,cpu_stress,1,recommendationservice,recommendation-f05-04,online-boutique,node-b,0.4601,31.4619,0,120.4209,0.001983,46.9083,26.6944,87.7823,147.4228,244.2594,109.4439,120.1821,0.2209,0.0179,131544.0282,93767.8392,cpu_stress,productcatalogservice,2026-06-09 16:25:00,2026-06-09 16:40:00,during_fault,52.085533,1
2026-06-09 16:32:55,775,EXP_FAULT_05,RUN_05,cpu_stress,1,recommendationservice,recommendation-f05-04,online-boutique,node-b,0.4782,31.337,0,119.3367,0.00106,42.8932,21.8853,83.4234,136.1735,243.762,108.0823,119.2102,0.1119,0.0146,106910.9426,99015.1258,cpu_stress,productcatalogservice,2026-06-09 16:25:00,2026-06-09 16:40:00,during_fault,43.21779,1
2026-06-09 16:33:00,780,EXP_FAULT_05,RUN_05,cpu_stress,1,recommendationservice,recommendation-f05-04,online-boutique,node-b,0.4721,30.4321,0,121.8488,0.002053,45.9949,25.3565,84.1583,149.7822,233.1382,109.9561,121.5987,0.2148,0.0353,151730.0743,87388.577,cpu_stress,productcatalogservice,2026-06-09 16:25:00,2026-06-09 16:40:00,during_fault,49.626633,1
2026-06-09 16:33:05,785,EXP_FAULT_05,RUN_05,cpu_stress,1,recommendationservice,recommendation-f05-04,online-boutique,node-b,0.4458,32.4054,0,121.0987,0.00156,45.3854,23.4507,85.7051,138.7554,240.5866,108.954,120.9097,0.1774,0.0115,114895.9401,102541.5128,cpu_stress,productcatalogservice,2026-06-09 16:25:00,2026-06-09 16:40:00,during_fault,45.518707,1
2026-06-09 16:33:10,790,EXP_FAULT_05,RUN_05,cpu_stress,1,recommendationservice,recommendation-f05-04,online-boutique,node-b,0.4717,31.2054,0,121.4703,0.000925,47.9705,26.0298,96.4966,140.3543,263.8408,108.9892,121.358,0.1076,0.0048,108845.3624,122081.8693,cpu_stress,productcatalogservice,2026-06-09 16:25:00,2026-06-09 16:40:00,during_fault,60.998383,1
2026-06-09 16:33:15,795,EXP_FAULT_05,RUN_05,cpu_stress,1,recommendationservice,recommendation-f05-04,online-boutique,node-b,0.4754,31.706,0,117.8947,0.001778,49.3443,25.2647,103.8588,159.8224,288.3693,105.4682,117.6851,0.1755,0.0341,101221.4464,112205.2406,cpu_stress,productcatalogservice,2026-06-09 16:25:00,2026-06-09 16:40:00,during_fault,67.541084,1
2026-06-09 16:33:20,800,EXP_FAULT_05,RUN_05,cpu_stress,1,recommendationservice,recommendation-f05-04,online-boutique,node-b,0.476,31.2428,0,116.3755,0.000529,50.3057,25.6698,102.9476,158.2667,279.1189,103.9146,116.314,0.0527,0.0089,153042.3163,87777.6878,cpu_stress,productcatalogservice,2026-06-09 16:25:00,2026-06-09 16:40:00,during_fault,77.02376,1
2026-06-09 16:33:25,805,EXP_FAULT_05,RUN_05,cpu_stress,1,recommendationservice,recommendation-f05-04,online-boutique,node-b,0.4642,30.779,0,120.254,0.001386,47.3537,25.0996,96.7443,154.5896,280.9529,107.0978,120.0873,0.1356,0.0311,130477.7213,86725.1442,cpu_stress,productcatalogservice,2026-06-09 16:25:00,2026-06-09 16:40:00,during_fault,55.2046,1
2026-06-09 16:33:30,810,EXP_FAULT_05,RUN_05,cpu_stress,1,recommendationservice,recommendation-f05-04,online-boutique,node-b,0.4824,31.2254,0,115.1162,0.001825,52.3982,28.0961,108.4513,166.8015,325.2521,102.3546,114.9061,0.2048,0.0053,138726.448,117819.6208,cpu_stress,productcatalogservice,2026-06-09 16:25:00,2026-06-09 16:40:00,during_fault,83.754715,1
2026-06-09 16:33:35,815,EXP_FAULT_05,RUN_05,cpu_stress,1,recommendationservice,recommendation-f05-04,online-boutique,node-b,0.4625,31.357,0,114.9096,0.002443,53.7169,26.3212,116.3966,185.0548,316.8014,102.0226,114.6289,0.2433,0.0375,111332.9268,116329.2323,cpu_stress,productcatalogservice,2026-06-09 16:25:00,2026-06-09 16:40:00,during_fault,83.41004,1
2026-06-09 16:33:40,820,EXP_FAULT_05,RUN_05,cpu_stress,1,recommendationservice,recommendation-f05-04,online-boutique,node-b,0.4529,30.1763,0,114.773,0.000887,51.5633,28.0235,100.0224,158.1769,303.0841,101.8752,114.6712,0.065,0.0368,143658.8178,112738.6727,cpu_stress,productcatalogservice,2026-06-09 16:25:00,2026-06-09 16:40:00,during_fault,73.04621,1
2026-06-09 16:33:45,825,EXP_FAULT_05,RUN_05,cpu_stress,1,recommendationservice,recommendation-f05-04,online-boutique,node-b,0.4669,30.9263,0,110.4871,0.001746,49.007,26.2224,93.0837,167.6815,267.0581,98.0186,110.2941,0.1832,0.0097,108527.1474,102418.4488,cpu_stress,productcatalogservice,2026-06-09 16:25:00,2026-06-09 16:40:00,during_fault,66.35519,1
2026-06-09 16:33:50,830,EXP_FAULT_05,RUN_05,cpu_stress,1,recommendationservice,recommendation-f05-04,online-boutique,node-b,0.4804,32.0133,0,109.5127,0.001896,51.1565,28.3439,106.4052,159.5132,318.6854,97.1121,109.305,0.2031,0.0046,105763.2217,103061.6011,cpu_stress,productcatalogservice,2026-06-09 16:25:00,2026-06-09 16:40:00,during_fault,81.0096,1
2026-06-09 16:33:55,835,EXP_FAULT_05,RUN_05,cpu_stress,1,recommendationservice,recommendation-f05-04,online-boutique,node-b,0.4883,31.4401,0,112.2754,0.002409,47.9122,25.0635,93.7234,155.9098,284.9267,99.5749,112.0049,0.2556,0.0148,135766.6295,83223.5172,cpu_stress,productcatalogservice,2026-06-09 16:25:00,2026-06-09 16:40:00,during_fault,65.43833,1
2026-06-09 16:34:00,840,EXP_FAULT_05,RUN_05,cpu_stress,1,recommendationservice,recommendation-f05-04,online-boutique,node-b,0.4821,31.1625,0,110.79,0.00118,48.5523,27.3703,96.7467,153.3201,309.9062,98.429,110.6593,0.096,0.0347,115732.3829,100734.1308,cpu_stress,productcatalogservice,2026-06-09 16:25:00,2026-06-09 16:40:00,during_fault,69.49215,1
2026-06-09 16:34:05,845,EXP_FAULT_05,RUN_05,cpu_stress,1,recommendationservice,recommendation-f05-04,online-boutique,node-b,0.4698,31.2297,0,106.3254,0.002072,47.6617,25.9329,101.103,142.5256,268.442,94.556,106.105,0.2,0.0203,96648.9139,74704.3756,cpu_stress,productcatalogservice,2026-06-09 16:25:00,2026-06-09 16:40:00,during_fault,62.899475,1
2026-06-09 16:34:10,850,EXP_FAULT_05,RUN_05,cpu_stress,1,recommendationservice,recommendation-f05-04,online-boutique,node-b,0.4745,30.9789,0,107.7129,0.001783,47.2659,23.9246,101.2322,160.5623,248.7848,95.9504,107.5208,0.1916,0.0004,104760.7654,101590.6285,cpu_stress,productcatalogservice,2026-06-09 16:25:00,2026-06-09 16:40:00,during_fault,62.109215,1
2026-06-09 16:34:15,855,EXP_FAULT_05,RUN_05,cpu_stress,1,recommendationservice,recommendation-f05-04,online-boutique,node-b,0.4747,30.4946,0,109.05,0.00189,51.0146,24.9435,97.2107,163.5543,272.4252,97.3082,108.8439,0.2033,0.0028,111050.5766,94518.243,cpu_stress,productcatalogservice,2026-06-09 16:25:00,2026-06-09 16:40:00,during_fault,77.492455,1
2026-06-09 16:34:20,860,EXP_FAULT_05,RUN_05,cpu_stress,1,recommendationservice,recommendation-f05-04,online-boutique,node-b,0.4637,31.5197,0,107.0967,0.001196,45.1263,25.0777,86.5274,151.1575,273.5499,95.8303,106.9686,0.1087,0.0194,98449.5835,79198.9388,cpu_stress,productcatalogservice,2026-06-09 16:25:00,2026-06-09 16:40:00,during_fault,52.838604,1
2026-06-09 16:34:25,865,EXP_FAULT_05,RUN_05,cpu_stress,1,recommendationservice,recommendation-f05-04,online-boutique,node-b,0.4676,31.0654,0,106.5504,0.001675,47.6155,23.8845,99.6556,141.3656,269.0759,95.5833,106.3719,0.1637,0.0147,136652.0825,109480.6128,cpu_stress,productcatalogservice,2026-06-09 16:25:00,2026-06-09 16:40:00,during_fault,62.754078,1
2026-06-09 16:34:30,870,EXP_FAULT_05,RUN_05,cpu_stress,1,recommendationservice,recommendation-f05-04,online-boutique,node-b,0.4359,31.601,0,108.1605,0.001362,42.1423,23.4748,81.3546,123.4417,247.5539,97.317,108.0132,0.1442,0.0031,127252.3359,97517.808,cpu_stress,productcatalogservice,2026-06-09 16:25:00,2026-06-09 16:40:00,during_fault,35.77247,1
2026-06-09 16:34:35,875,EXP_FAULT_05,RUN_05,cpu_stress,1,recommendationservice,recommendation-f05-04,online-boutique,node-b,0.4666,31.0966,0,106.8408,0.00142,43.1396,24.2753,90.4068,139.7635,221.0054,96.4395,106.6891,0.1439,0.0078,109780.2448,101841.4184,cpu_stress,productcatalogservice,2026-06-09 16:25:00,2026-06-09 16:40:00,during_fault,45.610497,1
2026-06-09 16:34:40,880,EXP_FAULT_05,RUN_05,cpu_stress,1,recommendationservice,recommendation-f05-04,online-boutique,node-b,0.4331,31.3319,0,108.4123,0.00161,46.8783,24.5773,84.8446,136.5715,275.026,98.1902,108.2378,0.1497,0.0248,129512.793,80994.5853,cpu_stress,productcatalogservice,2026-06-09 16:25:00,2026-06-09 16:40:00,during_fault,50.68798,1
2026-06-09 16:34:45,885,EXP_FAULT_05,RUN_05,cpu_stress,1,recommendationservice,recommendation-f05-04,online-boutique,node-b,0.4258,30.9353,0,105.1597,0.001015,42.2401,25.1396,76.1178,127.6693,226.1916,95.5806,105.0529,0.0805,0.0263,118739.6908,94021.7245,cpu_stress,productcatalogservice,2026-06-09 16:25:00,2026-06-09 16:40:00,during_fault,35.69928,1
2026-06-09 16:34:50,890,EXP_FAULT_05,RUN_05,cpu_stress,1,recommendationservice,recommendation-f05-04,online-boutique,node-b,0.4528,31.5848,0,105.4712,0.001537,40.5942,23.5307,84.1755,120.4918,205.7654,96.1649,105.309,0.1257,0.0364,121528.8883,75792.132,cpu_stress,productcatalogservice,2026-06-09 16:25:00,2026-06-09 16:40:00,during_fault,35.16024,1
2026-06-09 16:34:55,895,EXP_FAULT_05,RUN_05,cpu_stress,1,recommendationservice,recommendation-f05-04,online-boutique,node-b,0.4383,30.747,0,108.032,0.001503,36.2029,18.903,68.7302,114.22,170.832,98.8495,107.8696,0.1314,0.031,129369.2718,84900.485,cpu_stress,productcatalogservice,2026-06-09 16:25:00,2026-06-09 16:40:00,during_fault,20.405304,1
2026-06-09 16:35:00,900,EXP_FAULT_05,RUN_05,cpu_stress,1,recommendationservice,recommendation-f05-04,online-boutique,node-b,0.4587,31.9374,0,109.3485,0.00101,38.7548,20.9211,72.9168,116.0617,214.0733,100.4622,109.238,0.1069,0.0035,94859.0709,95029.5231,cpu_stress,productcatalogservice,2026-06-09 16:25:00,2026-06-09 16:40:00,during_fault,30.402775,1
2026-06-09 16:35:05,905,EXP_FAULT_05,RUN_05,cpu_stress,1,recommendationservice,recommendation-f05-04,online-boutique,node-b,0.4522,31.4834,0,106.9887,0.000985,36.0741,20.7662,73.6528,108.9734,174.0592,98.6501,106.8833,0.0978,0.0076,138462.6285,103677.663,cpu_stress,productcatalogservice,2026-06-09 16:25:00,2026-06-09 16:40:00,during_fault,22.565313,1
2026-06-09 16:35:10,910,EXP_FAULT_05,RUN_05,cpu_stress,1,recommendationservice,recommendation-f05-04,online-boutique,node-b,0.4195,31.0725,0,109.7087,0.001414,35.643,19.5841,65.7919,103.0969,166.4954,101.4776,109.5536,0.1485,0.0066,143772.0568,95342.2278,cpu_stress,productcatalogservice,2026-06-09 16:25:00,2026-06-09 16:40:00,during_fault,16.37595,1
2026-06-09 16:35:15,915,EXP_FAULT_05,RUN_05,cpu_stress,1,recommendationservice,recommendation-f05-04,online-boutique,node-b,0.4452,30.7605,0,110.5296,0.001561,37.3751,23.0301,65.98,112.4959,183.4202,102.565,110.3571,0.1442,0.0282,124618.559,95653.1051,cpu_stress,productcatalogservice,2026-06-09 16:25:00,2026-06-09 16:40:00,during_fault,23.22705,1
2026-06-09 16:35:20,920,EXP_FAULT_05,RUN_05,cpu_stress,1,recommendationservice,recommendation-f05-04,online-boutique,node-b,0.4462,31.4999,0,110.2406,0.000936,37.107,21.5237,71.1721,101.1617,182.4559,102.6281,110.1375,0.068,0.0352,113405.0808,74576.1619,cpu_stress,productcatalogservice,2026-06-09 16:25:00,2026-06-09 16:40:00,during_fault,23.381449,1
2026-06-09 16:35:25,925,EXP_FAULT_05,RUN_05,cpu_stress,1,recommendationservice,recommendation-f05-04,online-boutique,node-b,0.4242,31.5378,0,107.9547,0.001652,38.1909,21.5463,68.69,110.2746,182.0319,100.7484,107.7763,0.163,0.0154,104549.3537,114768.5545,cpu_stress,productcatalogservice,2026-06-09 16:25:00,2026-06-09 16:40:00,during_fault,22.720806,1
2026-06-09 16:35:30,930,EXP_FAULT_05,RUN_05,cpu_stress,1,recommendationservice,recommendation-f05-04,online-boutique,node-b,0.4275,31.5019,0,108.6139,0.001939,37.279,23.0476,72.0175,98.8132,174.4033,101.5834,108.4033,0.1811,0.0295,94649.7296,108263.5924,cpu_stress,productcatalogservice,2026-06-09 16:25:00,2026-06-09 16:40:00,during_fault,20.800901,1
2026-06-09 16:35:35,935,EXP_FAULT_05,RUN_05,cpu_stress,1,recommendationservice,recommendation-f05-04,online-boutique,node-b,0.4403,31.2078,0,107.1922,0.000825,35.0131,22.6101,60.1891,97.5675,158.116,100.5317,107.1038,0.0736,0.0148,132436.8769,102334.9186,cpu_stress,productcatalogservice,2026-06-09 16:25:00,2026-06-09 16:40:00,during_fault,18.552252,1
2026-06-09 16:35:40,940,EXP_FAULT_05,RUN_05,cpu_stress,1,recommendationservice,recommendation-f05-04,online-boutique,node-b,0.3974,32.0845,0,109.9686,0.001597,36.7394,21.4406,64.4786,99.4873,177.1826,103.2665,109.793,0.1521,0.0234,96208.1269,75822.8737,cpu_stress,productcatalogservice,2026-06-09 16:25:00,2026-06-09 16:40:00,during_fault,15.41114,1
2026-06-09 16:35:45,945,EXP_FAULT_05,RUN_05,cpu_stress,1,recommendationservice,recommendation-f05-04,online-boutique,node-b,0.4182,31.6267,0,105.5338,0.001027,33.0782,19.9028,61.0986,86.0234,147.7249,99.2654,105.4254,0.0827,0.0257,135551.2612,82273.182,cpu_stress,productcatalogservice,2026-06-09 16:25:00,2026-06-09 16:40:00,during_fault,12.412145,1
2026-06-09 16:35:50,950,EXP_FAULT_05,RUN_05,cpu_stress,1,recommendationservice,recommendation-f05-04,online-boutique,node-b,0.4062,31.5088,0,106.7286,0.002083,35.5411,22.4611,65.3766,90.1399,147.0544,100.4414,106.5062,0.1889,0.0334,127368.1004,94396.9127,cpu_stress,productcatalogservice,2026-06-09 16:25:00,2026-06-09 16:40:00,during_fault,14.849081,1
2026-06-09 16:35:55,955,EXP_FAULT_05,RUN_05,cpu_stress,1,recommendationservice,recommendation-f05-04,online-boutique,node-b,0.4478,31.89,0,102.8929,0.001025,32.6117,18.9826,58.6578,91.1546,147.0973,96.9578,102.7874,0.1049,0.0006,122866.8181,92342.7976,cpu_stress,productcatalogservice,2026-06-09 16:25:00,2026-06-09 16:40:00,during_fault,15.509232,1
2026-06-09 16:36:00,960,EXP_FAULT_05,RUN_05,cpu_stress,1,recommendationservice,recommendation-f05-04,online-boutique,node-b,0.4294,31.485,0,111.2665,0.00076,32.7857,18.5243,63.2944,86.5964,131.2294,104.8732,111.1819,0.0618,0.0228,118824.2068,103239.2076,cpu_stress,productcatalogservice,2026-06-09 16:25:00,2026-06-09 16:40:00,during_fault,11.937714,1
2026-06-09 16:36:05,965,EXP_FAULT_05,RUN_05,cpu_stress,1,recommendationservice,recommendation-f05-04,online-boutique,node-b,0.4226,31.0953,0,108.8145,0.001371,33.3092,21.7739,62.1707,90.0225,149.1837,102.4938,108.6654,0.124,0.0251,102472.0973,95560.6913,cpu_stress,productcatalogservice,2026-06-09 16:25:00,2026-06-09 16:40:00,during_fault,12.507145,1
2026-06-09 16:36:10,970,EXP_FAULT_05,RUN_05,cpu_stress,1,recommendationservice,recommendation-f05-04,online-boutique,node-b,0.4181,31.4678,0,103.6085,0.001735,30.5496,20.0053,55.6793,86.0546,146.1396,97.5148,103.4287,0.1627,0.017,113804.692,101976.8118,cpu_stress,productcatalogservice,2026-06-09 16:25:00,2026-06-09 16:40:00,during_fault,8.635462,1
2026-06-09 16:36:15,975,EXP_FAULT_05,RUN_05,cpu_stress,1,recommendationservice,recommendation-f05-04,online-boutique,node-b,0.4206,30.9483,0,104.606,0.001158,33.2794,21.6358,58.2323,87.1556,138.1164,98.4028,104.4848,0.1089,0.0123,113835.2887,97168.2548,cpu_stress,productcatalogservice,2026-06-09 16:25:00,2026-06-09 16:40:00,during_fault,13.483327,1
2026-06-09 16:36:20,980,EXP_FAULT_05,RUN_05,cpu_stress,1,recommendationservice,recommendation-f05-04,online-boutique,node-b,0.4459,31.5188,0,104.1667,0.000719,36.4578,22.3125,72.2689,92.2942,169.1915,97.8636,104.0918,0.0438,0.0311,110681.762,103604.4206,cpu_stress,productcatalogservice,2026-06-09 16:25:00,2026-06-09 16:40:00,during_fault,23.909588,1
2026-06-09 16:36:25,985,EXP_FAULT_05,RUN_05,cpu_stress,1,recommendationservice,recommendation-f05-04,online-boutique,node-b,0.4328,30.5426,0,101.6954,0.001922,32.8976,19.6762,57.8901,93.9918,136.0215,95.3333,101.4999,0.1822,0.0133,129005.7888,106037.6389,cpu_stress,productcatalogservice,2026-06-09 16:25:00,2026-06-09 16:40:00,during_fault,14.658201,1
2026-06-09 16:36:30,990,EXP_FAULT_05,RUN_05,cpu_stress,1,recommendationservice,recommendation-f05-04,online-boutique,node-b,0.4057,31.0739,0,103.9625,0.001132,34.5287,20.4135,69.1019,92.8767,154.4016,97.2947,103.8449,0.0875,0.0302,102870.6669,109697.4562,cpu_stress,productcatalogservice,2026-06-09 16:25:00,2026-06-09 16:40:00,during_fault,14.150307,1
2026-06-09 16:36:35,995,EXP_FAULT_05,RUN_05,cpu_stress,1,recommendationservice,recommendation-f05-04,online-boutique,node-b,0.4096,31.8303,0,101.3897,0.001739,36.212,21.498,64.9948,92.3983,167.4621,94.6233,101.2134,0.1573,0.019,107826.2397,78920.7749,cpu_stress,productcatalogservice,2026-06-09 16:25:00,2026-06-09 16:40:00,during_fault,18.116322,1
2026-06-09 16:36:40,1000,EXP_FAULT_05,RUN_05,cpu_stress,1,recommendationservice,recommendation-f05-04,online-boutique,node-b,0.4444,31.8427,0,97.9962,0.001765,32.7426,18.5051,57.9596,95.8906,151.9474,91.2012,97.8233,0.1686,0.0043,87129.1608,91605.3875,cpu_stress,productcatalogservice,2026-06-09 16:25:00,2026-06-09 16:40:00,during_fault,16.393335,1
2026-06-09 16:36:45,1005,EXP_FAULT_05,RUN_05,cpu_stress,1,recommendationservice,recommendation-f05-04,online-boutique,node-b,0.4629,31.5051,0,99.9253,0.000798,35.6752,20.6192,67.225,97.8087,166.3857,92.7461,99.8455,0.069,0.0107,89991.7107,103384.9728,cpu_stress,productcatalogservice,2026-06-09 16:25:00,2026-06-09 16:40:00,during_fault,25.57532,1
2026-06-09 16:36:50,1010,EXP_FAULT_05,RUN_05,cpu_stress,1,recommendationservice,recommendation-f05-04,online-boutique,node-b,0.4559,31.7758,0,98.4204,0.000804,38.9604,24.259,70.914,107.847,176.1656,91.056,98.3413,0.0471,0.0321,108126.1942,82926.7192,cpu_stress,productcatalogservice,2026-06-09 16:25:00,2026-06-09 16:40:00,during_fault,34.525684,1
2026-06-09 16:36:55,1015,EXP_FAULT_05,RUN_05,cpu_stress,1,recommendationservice,recommendation-f05-04,online-boutique,node-b,0.4305,30.6117,0,97.1868,0.001452,36.517,20.3107,64.9763,97.799,185.4818,89.5739,97.0457,0.1129,0.0282,113478.8876,99137.6903,cpu_stress,productcatalogservice,2026-06-09 16:25:00,2026-06-09 16:40:00,during_fault,23.840929,1
2026-06-09 16:37:00,1020,EXP_FAULT_05,RUN_05,cpu_stress,1,recommendationservice,recommendation-f05-04,online-boutique,node-b,0.4472,31.3964,0,100.5262,0.000804,39.8305,21.1138,75.419,114.516,203.1519,92.3729,100.4454,0.0802,0.0006,128811.3372,68145.1997,cpu_stress,productcatalogservice,2026-06-09 16:25:00,2026-06-09 16:40:00,during_fault,34.530807,1
2026-06-09 16:37:05,1025,EXP_FAULT_05,RUN_05,cpu_stress,1,recommendationservice,recommendation-f05-04,online-boutique,node-b,0.4367,31.0461,0,95.7913,0.002053,43.7084,26.2622,86.2378,134.9217,208.1075,87.6234,95.5947,0.1658,0.0308,83968.9609,78455.9912,cpu_stress,productcatalogservice,2026-06-09 16:25:00,2026-06-09 16:40:00,during_fault,45.64016,1
2026-06-09 16:37:10,1030,EXP_FAULT_05,RUN_05,cpu_stress,1,recommendationservice,recommendation-f05-04,online-boutique,node-b,0.4384,31.4546,0,98.7133,0.001279,39.0823,22.7136,77.8769,119.2665,196.6862,90.0284,98.587,0.1136,0.0127,119405.4561,98545.8049,cpu_stress,productcatalogservice,2026-06-09 16:25:00,2026-06-09 16:40:00,during_fault,30.853765,1
2026-06-09 16:37:15,1035,EXP_FAULT_05,RUN_05,cpu_stress,1,recommendationservice,recommendation-f05-04,online-boutique,node-b,0.4345,31.224,0,93.8833,0.001455,45.1054,24.5588,93.2138,138.1261,255.9294,85.3395,93.7467,0.1058,0.0308,88392.1214,98899.6305,cpu_stress,productcatalogservice,2026-06-09 16:25:00,2026-06-09 16:40:00,during_fault,51.200794,1
2026-06-09 16:37:20,1040,EXP_FAULT_05,RUN_05,cpu_stress,1,recommendationservice,recommendation-f05-04,online-boutique,node-b,0.4464,31.5889,0,99.7481,0.001707,47.7801,24.8604,96.322,137.4234,273.4058,90.2959,99.5779,0.1428,0.0274,95863.6019,106126.9926,cpu_stress,productcatalogservice,2026-06-09 16:25:00,2026-06-09 16:40:00,during_fault,61.117737,1
2026-06-09 16:37:25,1045,EXP_FAULT_05,RUN_05,cpu_stress,1,recommendationservice,recommendation-f05-04,online-boutique,node-b,0.4423,30.8892,0,97.4496,0.00175,42.8726,23.25,85.8131,140.4441,250.8485,87.9468,97.2791,0.1511,0.0195,108835.5578,90331.3407,cpu_stress,productcatalogservice,2026-06-09 16:25:00,2026-06-09 16:40:00,during_fault,43.601204,1
2026-06-09 16:37:30,1050,EXP_FAULT_05,RUN_05,cpu_stress,1,recommendationservice,recommendation-f05-04,online-boutique,node-b,0.4618,31.1779,0,97.653,0.001065,42.2786,22.7286,89.9989,138.8276,217.2712,87.8967,97.549,0.0855,0.0186,110789.5323,99845.0993,cpu_stress,productcatalogservice,2026-06-09 16:25:00,2026-06-09 16:40:00,during_fault,46.145008,1
2026-06-09 16:37:35,1055,EXP_FAULT_05,RUN_05,cpu_stress,1,recommendationservice,recommendation-f05-04,online-boutique,node-b,0.4391,31.4418,0,96.7197,0.001213,45.6668,22.6623,91.8737,142.2505,232.1973,86.7977,96.6024,0.0984,0.019,126029.3768,80255.1684,cpu_stress,productcatalogservice,2026-06-09 16:25:00,2026-06-09 16:40:00,during_fault,53.52223,1
2026-06-09 16:37:40,1060,EXP_FAULT_05,RUN_05,cpu_stress,1,recommendationservice,recommendation-f05-04,online-boutique,node-b,0.4422,30.5254,0,97.5531,0.00176,45.6664,25.7315,91.6133,146.355,261.5435,87.2692,97.3815,0.1553,0.0164,99763.2231,70165.5064,cpu_stress,productcatalogservice,2026-06-09 16:25:00,2026-06-09 16:40:00,during_fault,53.51293,1
2026-06-09 16:37:45,1065,EXP_FAULT_05,RUN_05,cpu_stress,1,recommendationservice,recommendation-f05-04,online-boutique,node-b,0.4409,31.5635,0,100.661,0.001982,46.9481,25.6962,89.814,159.9472,266.7223,89.8023,100.4614,0.1886,0.011,120513.7049,92349.5542,cpu_stress,productcatalogservice,2026-06-09 16:25:00,2026-06-09 16:40:00,during_fault,55.719677,1
2026-06-09 16:37:50,1070,EXP_FAULT_05,RUN_05,cpu_stress,1,recommendationservice,recommendation-f05-04,online-boutique,node-b,0.4479,30.7459,0,100.6208,0.002042,45.3042,22.2101,97.3787,142.4014,262.8546,89.5871,100.4153,0.1797,0.0258,94943.6274,106758.6673,cpu_stress,productcatalogservice,2026-06-09 16:25:00,2026-06-09 16:40:00,during_fault,51.620495,1
2026-06-09 16:37:55,1075,EXP_FAULT_05,RUN_05,cpu_stress,1,recommendationservice,recommendation-f05-04,online-boutique,node-b,0.437,31.1256,0,100.1978,0.002093,48.1086,24.5428,100.9871,154.1085,283.5471,89.0416,99.988,0.1763,0.0335,91083.0401,99422.1507,cpu_stress,productcatalogservice,2026-06-09 16:25:00,2026-06-09 16:40:00,during_fault,59.51095,1
2026-06-09 16:38:00,1080,EXP_FAULT_05,RUN_05,cpu_stress,1,recommendationservice,recommendation-f05-04,online-boutique,node-b,0.4457,31.1069,0,102.4393,0.00191,46.6598,25.0596,93.1026,146.9559,257.8469,90.9744,102.2437,0.1598,0.0358,121473.2208,101389.7906,cpu_stress,productcatalogservice,2026-06-09 16:25:00,2026-06-09 16:40:00,during_fault,55.173523,1
2026-06-09 16:38:05,1085,EXP_FAULT_05,RUN_05,cpu_stress,1,recommendationservice,recommendation-f05-04,online-boutique,node-b,0.4613,31.5131,0,100.3088,0.001945,46.0403,22.9533,91.0428,144.0684,251.0209,88.9897,100.1138,0.1908,0.0043,93755.2548,90905.3019,cpu_stress,productcatalogservice,2026-06-09 16:25:00,2026-06-09 16:40:00,during_fault,57.521606,1
2026-06-09 16:38:10,1090,EXP_FAULT_05,RUN_05,cpu_stress,1,recommendationservice,recommendation-f05-04,online-boutique,node-b,0.4595,31.4807,0,101.0265,0.002471,47.559,24.6799,102.5894,146.413,295.8335,89.5512,100.7769,0.2225,0.0271,87955.5668,103012.8347,cpu_stress,productcatalogservice,2026-06-09 16:25:00,2026-06-09 16:40:00,during_fault,62.11605,1
2026-06-09 16:38:15,1095,EXP_FAULT_05,RUN_05,cpu_stress,1,recommendationservice,recommendation-f05-04,online-boutique,node-b,0.4699,31.3852,0,101.5581,0.00194,48.9985,24.7046,106.5547,156.1156,299.7111,90.0767,101.3611,0.1899,0.0071,125123.1457,72979.4331,cpu_stress,productcatalogservice,2026-06-09 16:25:00,2026-06-09 16:40:00,during_fault,71.34709,1
2026-06-09 16:38:20,1100,EXP_FAULT_05,RUN_05,cpu_stress,1,recommendationservice,recommendation-f05-04,online-boutique,node-b,0.4303,30.8639,0,101.6915,0.00206,47.8586,26.9316,94.2191,155.1835,302.8072,90.2295,101.4821,0.2019,0.0075,128424.8917,92346.8168,cpu_stress,productcatalogservice,2026-06-09 16:25:00,2026-06-09 16:40:00,during_fault,56.40133,1
2026-06-09 16:38:25,1105,EXP_FAULT_05,RUN_05,cpu_stress,1,recommendationservice,recommendation-f05-04,online-boutique,node-b,0.4616,31.6463,0,106.7544,0.001239,52.32,26.9244,100.5023,165.3981,305.0125,94.8432,106.6221,0.118,0.0143,93058.7794,104452.977,cpu_stress,productcatalogservice,2026-06-09 16:25:00,2026-06-09 16:40:00,during_fault,83.69059,1
2026-06-09 16:38:30,1110,EXP_FAULT_05,RUN_05,cpu_stress,1,recommendationservice,recommendation-f05-04,online-boutique,node-b,0.4826,30.7576,0,106.8632,0.001494,47.3461,23.3146,93.1362,143.4841,281.252,95.034,106.7036,0.1228,0.0369,102651.9924,107653.8828,cpu_stress,productcatalogservice,2026-06-09 16:25:00,2026-06-09 16:40:00,during_fault,65.23857,1
2026-06-09 16:38:35,1115,EXP_FAULT_05,RUN_05,cpu_stress,1,recommendationservice,recommendation-f05-04,online-boutique,node-b,0.4772,30.4564,0,101.2448,0.001674,49.452,27.5238,106.6763,150.2618,275.0159,90.172,101.0754,0.1347,0.0347,97574.8223,90383.5287,cpu_stress,productcatalogservice,2026-06-09 16:25:00,2026-06-09 16:40:00,during_fault,75.58882,1
2026-06-09 16:38:40,1120,EXP_FAULT_05,RUN_05,cpu_stress,1,recommendationservice,recommendation-f05-04,online-boutique,node-b,0.4745,30.9668,0,105.5182,0.001617,48.1896,24.198,101.1707,163.1232,255.0181,94.1787,105.3475,0.1434,0.0273,92272.6296,112618.5035,cpu_stress,productcatalogservice,2026-06-09 16:25:00,2026-06-09 16:40:00,during_fault,67.405785,1
2026-06-09 16:38:45,1125,EXP_FAULT_05,RUN_05,cpu_stress,1,recommendationservice,recommendation-f05-04,online-boutique,node-b,0.5011,31.6616,0,106.8998,0.001146,45.2621,24.3392,83.256,139.4727,272.4463,95.6695,106.7773,0.0967,0.0259,110523.2516,81524.1967,cpu_stress,productcatalogservice,2026-06-09 16:25:00,2026-06-09 16:40:00,during_fault,62.59812,1
2026-06-09 16:38:50,1130,EXP_FAULT_05,RUN_05,cpu_stress,1,recommendationservice,recommendation-f05-04,online-boutique,node-b,0.4604,31.2131,0,110.5789,0.002259,44.4375,24.4661,91.3732,148.7736,233.6432,99.1369,110.3291,0.2141,0.0357,96652.7631,103380.6725,cpu_stress,productcatalogservice,2026-06-09 16:25:00,2026-06-09 16:40:00,during_fault,46.194622,1
2026-06-09 16:38:55,1135,EXP_FAULT_05,RUN_05,cpu_stress,1,recommendationservice,recommendation-f05-04,online-boutique,node-b,0.4842,31.5681,0,105.9673,0.002221,45.3633,24.5684,88.2434,144.9064,235.6001,95.2873,105.732,0.2189,0.0164,114293.6116,94741.3615,cpu_stress,productcatalogservice,2026-06-09 16:25:00,2026-06-09 16:40:00,during_fault,57.125145,1
2026-06-09 16:39:00,1140,EXP_FAULT_05,RUN_05,cpu_stress,1,recommendationservice,recommendation-f05-04,online-boutique,node-b,0.4751,32.4945,0,105.5647,0.001877,46.087,23.3394,84.3649,142.8966,232.804,95.253,105.3666,0.1831,0.015,136741.3496,90813.7551,cpu_stress,productcatalogservice,2026-06-09 16:25:00,2026-06-09 16:40:00,during_fault,60.067627,1
2026-06-09 16:39:05,1145,EXP_FAULT_05,RUN_05,cpu_stress,1,recommendationservice,recommendation-f05-04,online-boutique,node-b,0.4614,31.0906,0,106.08,0.001102,43.7064,24.0396,89.4581,124.4183,231.7865,96.0881,105.9632,0.0847,0.0321,129445.3208,103189.7771,cpu_stress,productcatalogservice,2026-06-09 16:25:00,2026-06-09 16:40:00,during_fault,47.42745,1
2026-06-09 16:39:10,1150,EXP_FAULT_05,RUN_05,cpu_stress,1,recommendationservice,recommendation-f05-04,online-boutique,node-b,0.4595,31.6796,0,108.8834,0.001848,45.6311,26.5508,88.4695,143.2886,254.3555,98.9594,108.6822,0.1945,0.0067,136638.8069,106378.3419,cpu_stress,productcatalogservice,2026-06-09 16:25:00,2026-06-09 16:40:00,during_fault,51.913155,1
2026-06-09 16:39:15,1155,EXP_FAULT_05,RUN_05,cpu_stress,1,recommendationservice,recommendation-f05-04,online-boutique,node-b,0.4405,31.5553,0,104.5962,0.000891,39.6742,20.8579,75.8422,122.1991,191.1197,95.4143,104.503,0.0613,0.0319,108147.1269,83878.3339,cpu_stress,productcatalogservice,2026-06-09 16:25:00,2026-06-09 16:40:00,during_fault,31.36408,1
2026-06-09 16:39:20,1160,EXP_FAULT_05,RUN_05,cpu_stress,1,recommendationservice,recommendation-f05-04,online-boutique,node-b,0.4281,31.4561,0,103.229,0.002166,37.5079,22.316,69.438,108.0303,186.1087,94.4484,103.0054,0.1939,0.0297,134213.0079,84861.1705,cpu_stress,productcatalogservice,2026-06-09 16:25:00,2026-06-09 16:40:00,during_fault,23.085018,1
2026-06-09 16:39:25,1165,EXP_FAULT_05,RUN_05,cpu_stress,1,recommendationservice,recommendation-f05-04,online-boutique,node-b,0.4242,31.7709,0,105.7344,0.001021,38.8751,22.0308,76.6782,111.7962,190.5203,97.1352,105.6265,0.1069,0.001,92455.8229,89856.0009,cpu_stress,productcatalogservice,2026-06-09 16:25:00,2026-06-09 16:40:00,during_fault,25.929728,1
2026-06-09 16:39:30,1170,EXP_FAULT_05,RUN_05,cpu_stress,1,recommendationservice,recommendation-f05-04,online-boutique,node-b,0.4221,31.3045,0,107.6244,0.001721,38.6076,23.2902,73.2351,116.5545,207.0439,99.1925,107.4392,0.1768,0.0085,95187.5585,87366.773,cpu_stress,productcatalogservice,2026-06-09 16:25:00,2026-06-09 16:40:00,during_fault,23.586584,1
2026-06-09 16:39:35,1175,EXP_FAULT_05,RUN_05,cpu_stress,1,recommendationservice,recommendation-f05-04,online-boutique,node-b,0.4329,31.3824,0,103.2568,0.000988,37.0382,19.8267,75.1347,96.8643,195.02,95.5207,103.1548,0.091,0.011,115374.9044,86137.0861,cpu_stress,productcatalogservice,2026-06-09 16:25:00,2026-06-09 16:40:00,during_fault,23.293865,1
2026-06-09 16:39:40,1180,EXP_FAULT_05,RUN_05,cpu_stress,1,recommendationservice,recommendation-f05-04,online-boutique,node-b,0.4528,31.0542,0,107.0923,0.001476,37.0214,20.8792,70.3841,99.1739,172.1159,99.3878,106.9342,0.1336,0.0245,101028.5427,99904.568,cpu_stress,productcatalogservice,2026-06-09 16:25:00,2026-06-09 16:40:00,during_fault,24.517262,1
2026-06-09 16:39:45,1185,EXP_FAULT_05,RUN_05,cpu_stress,1,recommendationservice,recommendation-f05-04,online-boutique,node-b,0.4094,31.5491,0,103.4082,0.000834,34.812,19.8371,67.566,99.6157,161.2068,96.2503,103.322,0.0501,0.0361,89489.7122,79144.3639,cpu_stress,productcatalogservice,2026-06-09 16:25:00,2026-06-09 16:40:00,during_fault,15.343122,1
2026-06-09 16:39:50,1190,EXP_FAULT_05,RUN_05,cpu_stress,1,recommendationservice,recommendation-f05-04,online-boutique,node-b,0.4355,31.9083,0,102.5903,0.001479,37.9835,22.0501,71.3529,106.1325,179.9155,95.7578,102.4386,0.1188,0.0329,110861.294,89881.9057,cpu_stress,productcatalogservice,2026-06-09 16:25:00,2026-06-09 16:40:00,during_fault,25.796803,1
2026-06-09 16:39:55,1195,EXP_FAULT_05,RUN_05,cpu_stress,1,recommendationservice,recommendation-f05-04,online-boutique,node-b,0.3987,30.9692,0,102.8335,0.001569,33.8467,19.9515,59.164,91.7204,149.0129,96.2078,102.6722,0.1411,0.0203,111242.2092,78402.3047,cpu_stress,productcatalogservice,2026-06-09 16:25:00,2026-06-09 16:40:00,during_fault,12.368553,1
2026-06-09 16:40:00,1200,EXP_FAULT_05,RUN_05,cpu_stress,1,recommendationservice,recommendation-f05-04,online-boutique,node-b,0.4331,31.7595,0,103.1338,0.001349,35.1412,22.2595,68.8975,93.8782,144.861,96.6363,102.9947,0.137,0.0021,87672.5102,85683.7876,cpu_stress,productcatalogservice,2026-06-09 16:25:00,2026-06-09 16:40:00,post_fault,18.734522,1
2026-06-09 16:40:05,1205,EXP_FAULT_05,RUN_05,cpu_stress,1,recommendationservice,recommendation-f05-04,online-boutique,node-b,0.4536,31.6316,0,99.9859,0.001025,37.6976,22.2478,73.3083,93.6246,184.722,93.7536,99.8835,0.0893,0.0131,108940.8961,70884.2092,cpu_stress,productcatalogservice,2026-06-09 16:25:00,2026-06-09 16:40:00,post_fault,29.42571,1
2026-06-09 16:40:10,1210,EXP_FAULT_05,RUN_05,cpu_stress,1,recommendationservice,recommendation-f05-04,online-boutique,node-b,0.3987,31.0717,0,101.5818,0.001044,36.1563,22.3801,64.8732,104.5567,168.5214,95.3552,101.4757,0.0996,0.0064,92148.1647,104513.2903,cpu_stress,productcatalogservice,2026-06-09 16:25:00,2026-06-09 16:40:00,post_fault,17.114143,1
2026-06-09 16:40:15,1215,EXP_FAULT_05,RUN_05,cpu_stress,1,recommendationservice,recommendation-f05-04,online-boutique,node-b,0.4263,32.2138,0,106.1624,0.002014,38.7215,22.5731,71.2457,98.5869,178.1788,99.6882,105.9486,0.193,0.0208,103567.3918,103617.4592,cpu_stress,productcatalogservice,2026-06-09 16:25:00,2026-06-09 16:40:00,post_fault,24.75079,1
2026-06-09 16:40:20,1220,EXP_FAULT_05,RUN_05,cpu_stress,1,recommendationservice,recommendation-f05-04,online-boutique,node-b,0.4378,31.8225,0,101.2952,0.000918,33.0254,20.657,63.196,93.2609,155.8367,95.2545,101.2022,0.0747,0.0184,123913.7271,99875.9518,cpu_stress,productcatalogservice,2026-06-09 16:25:00,2026-06-09 16:40:00,post_fault,15.748854,1
2026-06-09 16:40:25,1225,EXP_FAULT_05,RUN_05,cpu_stress,1,recommendationservice,recommendation-f05-04,online-boutique,node-b,0.427,31.0448,0,101.6219,0.000865,35.5421,20.2742,65.6857,93.0241,161.7395,95.6375,101.534,0.0658,0.0222,107243.291,89648.0883,cpu_stress,productcatalogservice,2026-06-09 16:25:00,2026-06-09 16:40:00,post_fault,19.742865,1
2026-06-09 16:40:30,1230,EXP_FAULT_05,RUN_05,cpu_stress,1,recommendationservice,recommendation-f05-04,online-boutique,node-b,0.443,31.1533,0,101.0278,0.000827,34.4742,21.8667,63.5294,91.3411,144.9443,95.1677,100.9443,0.0667,0.0168,119315.9789,100927.7979,cpu_stress,productcatalogservice,2026-06-09 16:25:00,2026-06-09 16:40:00,post_fault,19.559793,1
2026-06-09 16:40:35,1235,EXP_FAULT_05,RUN_05,cpu_stress,1,recommendationservice,recommendation-f05-04,online-boutique,node-b,0.4279,31.0035,0,105.4482,0.001535,34.0944,19.539,62.7413,94.9485,138.8358,99.3412,105.2864,0.1361,0.0258,114648.8196,107370.5649,cpu_stress,productcatalogservice,2026-06-09 16:25:00,2026-06-09 16:40:00,post_fault,15.3726225,1
2026-06-09 16:40:40,1240,EXP_FAULT_05,RUN_05,cpu_stress,1,recommendationservice,recommendation-f05-04,online-boutique,node-b,0.4046,30.9789,0,105.7053,0.000795,33.5868,20.7705,62.7151,85.2533,140.6431,99.7371,105.6213,0.0823,0.0017,111938.4586,77501.5549,cpu_stress,productcatalogservice,2026-06-09 16:25:00,2026-06-09 16:40:00,post_fault,12.070437,1
2026-06-09 16:40:45,1245,EXP_FAULT_05,RUN_05,cpu_stress,1,recommendationservice,recommendation-f05-04,online-boutique,node-b,0.3883,31.8785,0,109.0371,0.001977,36.7703,22.0896,67.1207,100.4578,154.7081,102.8637,108.8215,0.1775,0.038,94273.2419,79770.1114,cpu_stress,productcatalogservice,2026-06-09 16:25:00,2026-06-09 16:40:00,post_fault,14.429141,1
2026-06-09 16:40:50,1250,EXP_FAULT_05,RUN_05,cpu_stress,1,recommendationservice,recommendation-f05-04,online-boutique,node-b,0.4182,31.2479,0,105.8218,0.001435,33.4848,21.9123,57.3474,86.9348,136.2467,99.9673,105.67,0.1303,0.0215,88286.0621,109012.4227,cpu_stress,productcatalogservice,2026-06-09 16:25:00,2026-06-09 16:40:00,post_fault,13.08547,1
2026-06-09 16:40:55,1255,EXP_FAULT_05,RUN_05,cpu_stress,1,recommendationservice,recommendation-f05-04,online-boutique,node-b,0.3954,31.1312,0,107.4046,0.001233,37.93,22.6217,70.9274,92.3649,155.8949,101.5643,107.2722,0.095,0.0374,118337.006,103586.0001,cpu_stress,productcatalogservice,2026-06-09 16:25:00,2026-06-09 16:40:00,post_fault,18.614422,1
2026-06-09 16:41:00,1260,EXP_FAULT_05,RUN_05,cpu_stress,1,recommendationservice,recommendation-f05-04,online-boutique,node-b,0.4078,31.2511,0,106.4697,0.000866,31.8817,21.0976,60.1358,79.5809,136.6143,100.7712,106.3775,0.0663,0.0258,102813.515,78229.593,cpu_stress,productcatalogservice,2026-06-09 16:25:00,2026-06-09 16:40:00,post_fault,9.3697,1
2026-06-09 16:41:05,1265,EXP_FAULT_05,RUN_05,cpu_stress,1,recommendationservice,recommendation-f05-04,online-boutique,node-b,0.4264,31.2675,0,111.7063,0.000946,30.0833,17.5546,55.3806,80.3471,132.7823,105.8046,111.6006,0.103,0.0027,119465.1093,76251.4258,cpu_stress,productcatalogservice,2026-06-09 16:25:00,2026-06-09 16:40:00,post_fault,7.259694,1
2026-06-09 16:41:10,1270,EXP_FAULT_05,RUN_05,cpu_stress,1,recommendationservice,recommendation-f05-04,online-boutique,node-b,0.415,31.2732,0,112.0577,0.000873,33.5628,21.5688,57.6445,80.3214,142.9908,106.2248,111.9598,0.0873,0.0106,137856.2216,77442.4564,cpu_stress,productcatalogservice,2026-06-09 16:25:00,2026-06-09 16:40:00,post_fault,11.538263,1
2026-06-09 16:41:15,1275,EXP_FAULT_05,RUN_05,cpu_stress,1,recommendationservice,recommendation-f05-04,online-boutique,node-b,0.405,30.9141,0,110.3964,0.001279,34.2107,20.4573,63.4207,93.6861,135.958,104.689,110.2551,0.1366,0.0046,112241.9661,106543.8326,cpu_stress,productcatalogservice,2026-06-09 16:25:00,2026-06-09 16:40:00,post_fault,11.96625,1
2026-06-09 16:41:20,1280,EXP_FAULT_05,RUN_05,cpu_stress,1,recommendationservice,recommendation-f05-04,online-boutique,node-b,0.3918,31.0241,0,110.1396,0.001303,34.0871,21.4318,60.0113,80.9636,145.9461,104.539,109.9961,0.1203,0.0231,131424.8318,103690.9258,cpu_stress,productcatalogservice,2026-06-09 16:25:00,2026-06-09 16:40:00,post_fault,10.355313,1
2026-06-09 16:41:25,1285,EXP_FAULT_05,RUN_05,cpu_stress,1,recommendationservice,recommendation-f05-04,online-boutique,node-b,0.4318,30.6807,0,114.4149,0.000536,31.2462,18.9757,58.9667,85.9931,118.8711,108.7119,114.3536,0.0445,0.0169,142546.4244,111865.996,cpu_stress,productcatalogservice,2026-06-09 16:25:00,2026-06-09 16:40:00,post_fault,9.004671,1
2026-06-09 16:41:30,1290,EXP_FAULT_05,RUN_05,cpu_stress,1,recommendationservice,recommendation-f05-04,online-boutique,node-b,0.4417,31.7622,0,112.2059,0.001146,35.6303,21.5149,61.2441,89.5769,150.3567,106.6343,112.0772,0.1274,0.0012,125561.7397,97960.9974,cpu_stress,productcatalogservice,2026-06-09 16:25:00,2026-06-09 16:40:00,post_fault,18.544514,1
2026-06-09 16:41:35,1295,EXP_FAULT_05,RUN_05,cpu_stress,1,recommendationservice,recommendation-f05-04,online-boutique,node-b,0.4082,31.1843,0,112.8678,0.002133,34.1435,20.1017,58.5183,86.4901,147.6426,107.3426,112.6271,0.212,0.0287,126772.1384,112008.774,cpu_stress,productcatalogservice,2026-06-09 16:25:00,2026-06-09 16:40:00,post_fault,11.246272,1
2026-06-09 16:41:40,1300,EXP_FAULT_05,RUN_05,cpu_stress,1,recommendationservice,recommendation-f05-04,online-boutique,node-b,0.4219,31.7716,0,114.9375,0.001853,35.0301,20.8715,58.4399,92.1369,147.2186,109.3915,114.7245,0.1966,0.0165,141110.3866,114645.6527,cpu_stress,productcatalogservice,2026-06-09 16:25:00,2026-06-09 16:40:00,post_fault,13.717253,1
2026-06-09 16:41:45,1305,EXP_FAULT_05,RUN_05,cpu_stress,1,recommendationservice,recommendation-f05-04,online-boutique,node-b,0.4121,31.2574,0,116.3519,0.001008,32.9017,21.9782,63.2737,83.5631,143.1915,110.8273,116.2346,0.095,0.0223,149205.5814,96079.4974,cpu_stress,productcatalogservice,2026-06-09 16:25:00,2026-06-09 16:40:00,post_fault,9.205938,1
2026-06-09 16:41:50,1310,EXP_FAULT_05,RUN_05,cpu_stress,1,recommendationservice,recommendation-f05-04,online-boutique,node-b,0.4258,31.5181,0,112.8078,0.000552,33.2868,19.7165,57.921,85.0315,141.3117,107.5473,112.7456,0.0473,0.0149,136439.379,90424.4483,cpu_stress,productcatalogservice,2026-06-09 16:25:00,2026-06-09 16:40:00,post_fault,12.467941,1
2026-06-09 16:41:55,1315,EXP_FAULT_05,RUN_05,cpu_stress,1,recommendationservice,recommendation-f05-04,online-boutique,node-b,0.413,31.1545,0,114.9699,0.002018,31.9434,19.3855,55.6609,75.8639,132.8505,109.6419,114.738,0.1924,0.0395,130751.1175,77562.4781,cpu_stress,productcatalogservice,2026-06-09 16:25:00,2026-06-09 16:40:00,post_fault,7.8344994,1
2026-06-09 16:42:00,1320,EXP_FAULT_05,RUN_05,cpu_stress,1,recommendationservice,recommendation-f05-04,online-boutique,node-b,0.4045,31.3535,0,114.4692,0.000911,29.8885,19.8107,49.964,74.7157,116.784,109.2414,114.3649,0.0687,0.0356,125496.7176,119969.1814,cpu_stress,productcatalogservice,2026-06-09 16:25:00,2026-06-09 16:40:00,post_fault,4.995649,1
2026-06-09 16:42:05,1325,EXP_FAULT_05,RUN_05,cpu_stress,1,recommendationservice,recommendation-f05-04,online-boutique,node-b,0.4277,31.1625,0,114.542,0.000856,33.0593,22.2561,60.5978,88.0431,138.4538,109.3985,114.4439,0.0834,0.0147,119789.8861,88009.0648,cpu_stress,productcatalogservice,2026-06-09 16:25:00,2026-06-09 16:40:00,post_fault,11.392822,1
2026-06-09 16:42:10,1330,EXP_FAULT_05,RUN_05,cpu_stress,1,recommendationservice,recommendation-f05-04,online-boutique,node-b,0.4166,31.5034,0,114.6962,0.001663,30.5156,19.2197,57.0027,71.7368,111.535,109.5951,114.5055,0.1619,0.0289,98628.7713,89379.1166,cpu_stress,productcatalogservice,2026-06-09 16:25:00,2026-06-09 16:40:00,post_fault,6.281676,1
2026-06-09 16:42:15,1335,EXP_FAULT_05,RUN_05,cpu_stress,1,recommendationservice,recommendation-f05-04,online-boutique,node-b,0.3873,31.1687,0,115.0925,0.001501,30.1882,20.6915,49.8938,79.5062,121.994,110.0471,114.9197,0.1466,0.0262,103568.6328,113791.1993,cpu_stress,productcatalogservice,2026-06-09 16:25:00,2026-06-09 16:40:00,post_fault,4.0291576,1
2026-06-09 16:42:20,1340,EXP_FAULT_05,RUN_05,cpu_stress,1,recommendationservice,recommendation-f05-04,online-boutique,node-b,0.4498,31.2146,0,117.4798,0.000779,28.1174,17.0802,51.4531,67.6442,112.7921,112.4206,117.3883,0.061,0.0305,109761.8934,79804.0756,cpu_stress,productcatalogservice,2026-06-09 16:25:00,2026-06-09 16:40:00,post_fault,5.560053,1
2026-06-09 16:42:25,1345,EXP_FAULT_05,RUN_05,cpu_stress,1,recommendationservice,recommendation-f05-04,online-boutique,node-b,0.439,31.3005,0,116.3463,0.001263,31.5777,19.2853,58.1136,76.8329,115.5495,111.3552,116.1994,0.1396,0.0072,130543.3373,108603.2326,cpu_stress,productcatalogservice,2026-06-09 16:25:00,2026-06-09 16:40:00,post_fault,9.390325,1
2026-06-09 16:42:30,1350,EXP_FAULT_05,RUN_05,cpu_stress,1,recommendationservice,recommendation-f05-04,online-boutique,node-b,0.4147,31.0748,0,115.3571,0.000724,30.5077,18.4776,55.2158,73.0665,120.6807,110.536,115.2736,0.0719,0.0116,140555.4231,94163.9781,cpu_stress,productcatalogservice,2026-06-09 16:25:00,2026-06-09 16:40:00,post_fault,6.41561,1
2026-06-09 16:42:35,1355,EXP_FAULT_05,RUN_05,cpu_stress,1,recommendationservice,recommendation-f05-04,online-boutique,node-b,0.4146,31.9229,0,114.8205,0.001999,28.4205,19.0684,48.9355,64.6411,105.6972,109.9781,114.591,0.1983,0.0312,139187.9689,105270.7891,cpu_stress,productcatalogservice,2026-06-09 16:25:00,2026-06-09 16:40:00,post_fault,3.799437,1
2026-06-09 16:42:40,1360,EXP_FAULT_05,RUN_05,cpu_stress,1,recommendationservice,recommendation-f05-04,online-boutique,node-b,0.4011,32.037,0,113.6873,0.000536,31.0582,19.459,51.9941,73.2149,119.2809,109.0634,113.6264,0.0473,0.0137,121297.9493,90264.3843,cpu_stress,productcatalogservice,2026-06-09 16:25:00,2026-06-09 16:40:00,post_fault,6.66148,1
2026-06-09 16:42:45,1365,EXP_FAULT_05,RUN_05,cpu_stress,1,recommendationservice,recommendation-f05-04,online-boutique,node-b,0.4151,31.2434,0,116.1282,0.001471,29.9453,19.0242,49.0287,74.8169,114.6516,111.3928,115.9574,0.1523,0.0185,122239.131,106737.2066,cpu_stress,productcatalogservice,2026-06-09 16:25:00,2026-06-09 16:40:00,post_fault,5.3549776,1
2026-06-09 16:42:50,1370,EXP_FAULT_05,RUN_05,cpu_stress,1,recommendationservice,recommendation-f05-04,online-boutique,node-b,0.4374,31.348,0,111.1865,0.00166,29.8074,18.8119,51.8041,74.1093,120.9331,106.7474,111.002,0.15,0.0346,110526.0068,102785.8453,cpu_stress,productcatalogservice,2026-06-09 16:25:00,2026-06-09 16:40:00,post_fault,7.6144724,1
2026-06-09 16:42:55,1375,EXP_FAULT_05,RUN_05,cpu_stress,1,recommendationservice,recommendation-f05-04,online-boutique,node-b,0.4179,31.6105,0,115.8541,0.001271,27.6814,17.1341,48.7023,71.8975,102.6528,111.2666,115.7068,0.1374,0.0098,100157.132,101812.8463,cpu_stress,productcatalogservice,2026-06-09 16:25:00,2026-06-09 16:40:00,post_fault,3.2214808,1
2026-06-09 16:43:00,1380,EXP_FAULT_05,RUN_05,cpu_stress,1,recommendationservice,recommendation-f05-04,online-boutique,node-b,0.406,31.0358,0,109.6391,0.001613,30.6221,20.5478,55.6901,73.6282,123.003,105.3472,109.4623,0.1733,0.0036,95264.1019,85715.2015,cpu_stress,productcatalogservice,2026-06-09 16:25:00,2026-06-09 16:40:00,post_fault,6.73685,1
2026-06-09 16:43:05,1385,EXP_FAULT_05,RUN_05,cpu_stress,1,recommendationservice,recommendation-f05-04,online-boutique,node-b,0.4235,31.6976,0,108.5595,0.00076,29.0747,19.0772,51.4933,70.4431,111.2307,104.4184,108.477,0.0663,0.0163,135286.7474,77299.5808,cpu_stress,productcatalogservice,2026-06-09 16:25:00,2026-06-09 16:40:00,post_fault,6.369841,1
2026-06-09 16:43:10,1390,EXP_FAULT_05,RUN_05,cpu_stress,1,recommendationservice,recommendation-f05-04,online-boutique,node-b,0.4299,31.3426,0,111.0205,0.000797,29.2814,18.842,53.7043,71.2384,102.3226,106.8373,110.9319,0.0838,0.0047,107839.1511,73102.7634,cpu_stress,productcatalogservice,2026-06-09 16:25:00,2026-06-09 16:40:00,post_fault,6.6204805,1
2026-06-09 16:43:15,1395,EXP_FAULT_05,RUN_05,cpu_stress,1,recommendationservice,recommendation-f05-04,online-boutique,node-b,0.4397,31.2827,0,113.4041,0.001359,31.0433,21.309,52.3572,72.8485,119.403,109.1558,113.2501,0.1454,0.0087,128852.9025,77161.7855,cpu_stress,productcatalogservice,2026-06-09 16:25:00,2026-06-09 16:40:00,post_fault,9.224917,1
2026-06-09 16:43:20,1400,EXP_FAULT_05,RUN_05,cpu_stress,1,recommendationservice,recommendation-f05-04,online-boutique,node-b,0.4094,31.156,0,107.9434,0.001036,27.562,19.0367,51.6453,66.0448,113.1647,104.0007,107.8316,0.0977,0.0141,98887.5745,84200.8818,cpu_stress,productcatalogservice,2026-06-09 16:25:00,2026-06-09 16:40:00,post_fault,3.893603,1
2026-06-09 16:43:25,1405,EXP_FAULT_05,RUN_05,cpu_stress,1,recommendationservice,recommendation-f05-04,online-boutique,node-b,0.4115,31.5884,0,109.4488,0.001249,27.5653,19.1251,45.4357,66.1504,111.4231,105.47,109.3121,0.1022,0.0345,117963.5265,78658.6759,cpu_stress,productcatalogservice,2026-06-09 16:25:00,2026-06-09 16:40:00,post_fault,3.680942,1
2026-06-09 16:43:30,1410,EXP_FAULT_05,RUN_05,cpu_stress,1,recommendationservice,recommendation-f05-04,online-boutique,node-b,0.4265,32.1399,0,113.0777,0.001278,30.0912,18.802,55.7981,65.9702,122.3567,109.0083,112.9332,0.1295,0.015,136170.0285,104879.417,cpu_stress,productcatalogservice,2026-06-09 16:25:00,2026-06-09 16:40:00,post_fault,6.852041,1
2026-06-09 16:43:35,1415,EXP_FAULT_05,RUN_05,cpu_stress,1,recommendationservice,recommendation-f05-04,online-boutique,node-b,0.4114,30.9571,0,107.596,0.001151,28.8141,17.7137,46.345,72.5645,101.7654,103.7828,107.4722,0.1157,0.0082,107786.1977,92381.8822,cpu_stress,productcatalogservice,2026-06-09 16:25:00,2026-06-09 16:40:00,post_fault,5.424261,1
2026-06-09 16:43:40,1420,EXP_FAULT_05,RUN_05,cpu_stress,1,recommendationservice,recommendation-f05-04,online-boutique,node-b,0.4085,30.9634,0,107.8998,0.001447,27.2379,17.5484,43.8281,68.9916,95.449,104.0985,107.7436,0.1289,0.0273,95537.1755,91898.4575,cpu_stress,productcatalogservice,2026-06-09 16:25:00,2026-06-09 16:40:00,post_fault,3.5293643,1
2026-06-09 16:43:45,1425,EXP_FAULT_05,RUN_05,cpu_stress,1,recommendationservice,recommendation-f05-04,online-boutique,node-b,0.4412,31.5896,0,116.7933,0.000695,30.0869,18.7871,53.2367,70.0886,107.0104,112.8053,116.7121,0.0559,0.0253,130776.5953,106867.0662,cpu_stress,productcatalogservice,2026-06-09 16:25:00,2026-06-09 16:40:00,post_fault,7.6019287,1
2026-06-09 16:43:50,1430,EXP_FAULT_05,RUN_05,cpu_stress,1,recommendationservice,recommendation-f05-04,online-boutique,node-b,0.4314,31.5681,0,114.6915,0.00147,29.0457,19.1081,52.0486,69.2049,104.1163,110.7681,114.5229,0.1508,0.0178,132212.0626,102250.6559,cpu_stress,productcatalogservice,2026-06-09 16:25:00,2026-06-09 16:40:00,post_fault,5.5574126,1
2026-06-09 16:43:55,1435,EXP_FAULT_05,RUN_05,cpu_stress,1,recommendationservice,recommendation-f05-04,online-boutique,node-b,0.4122,31.2891,0,112.508,0.000659,27.6851,17.0568,44.5981,63.6653,104.9931,108.77,112.4339,0.0446,0.0295,135370.5563,83584.4068,cpu_stress,productcatalogservice,2026-06-09 16:25:00,2026-06-09 16:40:00,post_fault,3.569696,1
2026-06-09 16:44:00,1440,EXP_FAULT_05,RUN_05,cpu_stress,1,recommendationservice,recommendation-f05-04,online-boutique,node-b,0.4135,31.2089,0,111.4611,0.001303,27.2474,18.0421,44.7317,68.2826,94.5091,107.7985,111.3158,0.1101,0.0351,97808.3775,112272.0527,cpu_stress,productcatalogservice,2026-06-09 16:25:00,2026-06-09 16:40:00,post_fault,3.2672203,1
2026-06-09 16:44:05,1445,EXP_FAULT_05,RUN_05,cpu_stress,1,recommendationservice,recommendation-f05-04,online-boutique,node-b,0.4251,31.3362,0,115.7168,0.000854,28.1009,19.6212,48.9622,61.7091,101.1594,111.9715,115.6179,0.0939,0.005,140153.7354,120941.752,cpu_stress,productcatalogservice,2026-06-09 16:25:00,2026-06-09 16:40:00,post_fault,4.163311,1
2026-06-09 16:44:10,1450,EXP_FAULT_05,RUN_05,cpu_stress,1,recommendationservice,recommendation-f05-04,online-boutique,node-b,0.3863,31.5945,0,115.851,0.00092,27.714,17.974,48.3808,67.0695,103.0729,112.1368,115.7444,0.0939,0.0127,117333.8416,104563.0986,cpu_stress,productcatalogservice,2026-06-09 16:25:00,2026-06-09 16:40:00,post_fault,1.8328905,1
2026-06-09 16:44:15,1455,EXP_FAULT_05,RUN_05,cpu_stress,1,recommendationservice,recommendation-f05-04,online-boutique,node-b,0.3881,31.6812,0,115.6821,0.000515,31.0401,21.7865,55.7002,74.374,120.9325,112.0565,115.6225,0.0533,0.0064,125049.7007,110508.7784,cpu_stress,productcatalogservice,2026-06-09 16:25:00,2026-06-09 16:40:00,post_fault,5.246042,1
2026-06-09 16:44:20,1460,EXP_FAULT_05,RUN_05,cpu_stress,1,recommendationservice,recommendation-f05-04,online-boutique,node-b,0.4154,31.6385,0,115.5435,0.001005,28.4544,19.2257,49.7275,61.8645,112.0833,111.9594,115.4275,0.1119,0.0042,104792.6756,89277.255,cpu_stress,productcatalogservice,2026-06-09 16:25:00,2026-06-09 16:40:00,post_fault,3.921749,1
2026-06-09 16:44:25,1465,EXP_FAULT_05,RUN_05,cpu_stress,1,recommendationservice,recommendation-f05-04,online-boutique,node-b,0.4042,30.853,0,116.4802,0.00167,27.9619,18.8386,46.0996,68.5096,108.3612,112.8389,116.2856,0.1594,0.0351,112987.9901,96115.6204,cpu_stress,productcatalogservice,2026-06-09 16:25:00,2026-06-09 16:40:00,post_fault,2.8077688,1
2026-06-09 16:44:30,1470,EXP_FAULT_05,RUN_05,cpu_stress,1,recommendationservice,recommendation-f05-04,online-boutique,node-b,0.3992,31.5389,0,120.8723,0.001393,28.0102,18.5608,48.1815,69.1801,105.3544,117.1781,120.7039,0.1392,0.0292,99776.8325,83826.287,cpu_stress,productcatalogservice,2026-06-09 16:25:00,2026-06-09 16:40:00,post_fault,2.0517688,1
2026-06-09 16:44:35,1475,EXP_FAULT_05,RUN_05,cpu_stress,1,recommendationservice,recommendation-f05-04,online-boutique,node-b,0.3968,31.6541,0,117.7186,0.001494,26.8893,17.9407,44.5997,62.0081,99.786,114.1808,117.5427,0.1443,0.0316,116087.1202,120883.4629,cpu_stress,productcatalogservice,2026-06-09 16:25:00,2026-06-09 16:40:00,post_fault,1.4996873,1
2026-06-09 16:44:40,1480,EXP_FAULT_05,RUN_05,cpu_stress,1,recommendationservice,recommendation-f05-04,online-boutique,node-b,0.4118,31.5013,0,122.1103,0.001668,31.0373,21.6193,52.4527,75.8652,115.7352,118.4284,121.9066,0.1793,0.0244,153881.1878,100599.9388,cpu_stress,productcatalogservice,2026-06-09 16:25:00,2026-06-09 16:40:00,post_fault,5.3432097,1
2026-06-09 16:44:45,1485,EXP_FAULT_05,RUN_05,cpu_stress,1,recommendationservice,recommendation-f05-04,online-boutique,node-b,0.4151,31.991,0,120.4649,0.001848,29.1413,21.1652,50.9664,68.8545,106.5244,116.8817,120.2423,0.1879,0.0348,108150.6247,78866.7473,cpu_stress,productcatalogservice,2026-06-09 16:25:00,2026-06-09 16:40:00,post_fault,3.79569,1
2026-06-09 16:44:50,1490,EXP_FAULT_05,RUN_05,cpu_stress,1,recommendationservice,recommendation-f05-04,online-boutique,node-b,0.3971,32.1074,0,120.6235,0.000686,27.2554,17.9018,49.221,67.0384,103.9619,117.1793,120.5407,0.0765,0.0063,147740.059,92696.8492,cpu_stress,productcatalogservice,2026-06-09 16:25:00,2026-06-09 16:40:00,post_fault,1.6351306,1
2026-06-09 16:44:55,1495,EXP_FAULT_05,RUN_05,cpu_stress,1,recommendationservice,recommendation-f05-04,online-boutique,node-b,0.394,31.7428,0,120.9353,0.001072,27.9502,17.8746,46.1601,65.0433,100.7294,117.4972,120.8057,0.1127,0.0169,125114.3317,86226.9926,cpu_stress,productcatalogservice,2026-06-09 16:25:00,2026-06-09 16:40:00,post_fault,1.7853899,1
2026-06-09 16:45:00,1500,EXP_FAULT_05,RUN_05,cpu_stress,1,recommendationservice,recommendation-f05-04,online-boutique,node-b,0.3981,31.9991,0,117.3616,0.001678,27.8501,19.8923,47.5634,67.1709,103.5051,114.0394,117.1646,0.1876,0.0093,115262.5513,98167.2319,cpu_stress,productcatalogservice,2026-06-09 16:25:00,2026-06-09 16:40:00,post_fault,2.2065485,1
2026-06-09 16:45:05,1505,EXP_FAULT_05,RUN_05,cpu_stress,1,recommendationservice,recommendation-f05-04,online-boutique,node-b,0.3986,30.96,0,119.5579,0.001861,27.5584,17.5385,47.16,57.9657,98.4065,116.2201,119.3354,0.1895,0.033,132666.5784,121388.8517,cpu_stress,productcatalogservice,2026-06-09 16:25:00,2026-06-09 16:40:00,post_fault,1.8724835,1
2026-06-09 16:45:10,1510,EXP_FAULT_05,RUN_05,cpu_stress,1,recommendationservice,recommendation-f05-04,online-boutique,node-b,0.3877,32.2973,0,117.8748,0.001572,27.0754,17.7283,48.452,63.7415,98.3242,114.6261,117.6894,0.1822,0.0031,118177.355,122191.7795,cpu_stress,productcatalogservice,2026-06-09 16:25:00,2026-06-09 16:40:00,post_fault,1.3163996,1
2026-06-09 16:45:15,1515,EXP_FAULT_05,RUN_05,cpu_stress,1,recommendationservice,recommendation-f05-04,online-boutique,node-b,0.4156,31.8564,0,115.168,0.000814,28.8466,21.0981,47.9537,68.2554,95.8288,112.0983,115.0743,0.0877,0.006,123237.8599,109704.0145,cpu_stress,productcatalogservice,2026-06-09 16:25:00,2026-06-09 16:40:00,post_fault,4.513942,1
2026-06-09 16:45:20,1520,EXP_FAULT_05,RUN_05,cpu_stress,1,recommendationservice,recommendation-f05-04,online-boutique,node-b,0.4124,31.4496,0,117.1073,0.001503,27.4857,17.9472,43.4536,64.518,103.6466,113.9936,116.9314,0.1548,0.0212,146540.6303,109772.6531,cpu_stress,productcatalogservice,2026-06-09 16:25:00,2026-06-09 16:40:00,post_fault,2.6188178,1
2026-06-09 16:45:25,1525,EXP_FAULT_05,RUN_05,cpu_stress,1,recommendationservice,recommendation-f05-04,online-boutique,node-b,0.4009,31.1839,0,118.3474,0.001123,28.7828,18.7618,45.4445,68.2903,99.2392,115.2354,118.2146,0.1068,0.0261,127937.0251,93531.4021,cpu_stress,productcatalogservice,2026-06-09 16:25:00,2026-06-09 16:40:00,post_fault,3.1494756,1
2026-06-09 16:45:30,1530,EXP_FAULT_05,RUN_05,cpu_stress,1,recommendationservice,recommendation-f05-04,online-boutique,node-b,0.4074,30.6563,0,114.7396,0.000912,26.1353,18.3332,46.9999,55.0402,87.8785,111.8016,114.635,0.0927,0.012,111607.7535,89622.202,cpu_stress,productcatalogservice,2026-06-09 16:25:00,2026-06-09 16:40:00,post_fault,1.942448,1
2026-06-09 16:45:35,1535,EXP_FAULT_05,RUN_05,cpu_stress,1,recommendationservice,recommendation-f05-04,online-boutique,node-b,0.4226,31.3983,0,114.849,0.000742,28.4852,20.5891,49.6309,63.8913,103.003,111.9571,114.7638,0.0685,0.0166,146157.4845,107451.8264,cpu_stress,productcatalogservice,2026-06-09 16:25:00,2026-06-09 16:40:00,post_fault,4.5575156,1
2026-06-09 16:45:40,1540,EXP_FAULT_05,RUN_05,cpu_stress,1,recommendationservice,recommendation-f05-04,online-boutique,node-b,0.4014,32.3727,0,113.5647,0.001489,25.7712,18.0782,41.6262,59.2516,89.2333,110.6812,113.3955,0.1633,0.0059,113789.1576,88777.7796,cpu_stress,productcatalogservice,2026-06-09 16:25:00,2026-06-09 16:40:00,post_fault,1.4493062,1
2026-06-09 16:45:45,1545,EXP_FAULT_05,RUN_05,cpu_stress,1,recommendationservice,recommendation-f05-04,online-boutique,node-b,0.4014,32.0883,0,119.2743,0.001868,26.3329,17.9943,43.4687,55.2074,92.005,116.2386,119.0515,0.1976,0.0252,147101.0124,88381.694,cpu_stress,productcatalogservice,2026-06-09 16:25:00,2026-06-09 16:40:00,post_fault,1.2648861,1
2026-06-09 16:45:50,1550,EXP_FAULT_05,RUN_05,cpu_stress,1,recommendationservice,recommendation-f05-04,online-boutique,node-b,0.3824,31.2707,0,111.7648,0.001817,28.6119,18.4935,45.715,63.5517,90.4885,108.9748,111.5618,0.1811,0.0219,108579.8713,76291.8341,cpu_stress,productcatalogservice,2026-06-09 16:25:00,2026-06-09 16:40:00,post_fault,2.7481418,1
2026-06-09 16:45:55,1555,EXP_FAULT_05,RUN_05,cpu_stress,1,recommendationservice,recommendation-f05-04,online-boutique,node-b,0.4265,31.9105,0,115.0029,0.00073,25.9468,16.6454,41.2028,60.8107,79.6008,112.2433,114.919,0.0667,0.0173,96297.2733,84883.504,cpu_stress,productcatalogservice,2026-06-09 16:25:00,2026-06-09 16:40:00,post_fault,2.3878157,1
2026-06-09 16:46:00,1560,EXP_FAULT_05,RUN_05,cpu_stress,1,recommendationservice,recommendation-f05-04,online-boutique,node-b,0.3971,31.2062,0,113.2507,0.000367,26.781,19.5118,48.604,63.8076,90.5917,110.6011,113.2091,0.0411,0.0005,109253.3501,106926.6964,cpu_stress,productcatalogservice,2026-06-09 16:25:00,2026-06-09 16:40:00,post_fault,2.0648704,1
2026-06-09 16:46:05,1565,EXP_FAULT_05,RUN_05,cpu_stress,1,recommendationservice,recommendation-f05-04,online-boutique,node-b,0.4045,30.8969,0,109.68,0.00179,26.9855,19.6394,42.6576,64.0022,85.9851,107.0596,109.4836,0.1763,0.02,138343.8421,81544.1813,cpu_stress,productcatalogservice,2026-06-09 16:25:00,2026-06-09 16:40:00,post_fault,2.8278422,1
2026-06-09 16:46:10,1570,EXP_FAULT_05,RUN_05,cpu_stress,1,recommendationservice,recommendation-f05-04,online-boutique,node-b,0.382,31.5688,0,115.4425,0.001005,28.4146,18.6651,46.3761,59.2067,99.6256,112.7687,115.3265,0.1083,0.0076,144893.6758,112726.9176,cpu_stress,productcatalogservice,2026-06-09 16:25:00,2026-06-09 16:40:00,post_fault,2.1569676,1
2026-06-09 16:46:15,1575,EXP_FAULT_05,RUN_05,cpu_stress,1,recommendationservice,recommendation-f05-04,online-boutique,node-b,0.3926,31.7827,0,112.0195,0.00129,27.5135,17.7893,46.3556,62.5626,94.0242,109.4228,111.875,0.1229,0.0216,108465.6581,87619.9084,cpu_stress,productcatalogservice,2026-06-09 16:25:00,2026-06-09 16:40:00,post_fault,2.3121643,1
2026-06-09 16:46:20,1580,EXP_FAULT_05,RUN_05,cpu_stress,1,recommendationservice,recommendation-f05-04,online-boutique,node-b,0.4015,31.4124,0,110.0072,0.001378,26.1248,17.0304,46.5928,61.9944,88.843,107.51,109.8555,0.1253,0.0263,113393.973,114017.7944,cpu_stress,productcatalogservice,2026-06-09 16:25:00,2026-06-09 16:40:00,post_fault,1.9931157,1
2026-06-09 16:46:25,1585,EXP_FAULT_05,RUN_05,cpu_stress,1,recommendationservice,recommendation-f05-04,online-boutique,node-b,0.3916,32.3183,0,109.1449,0.00143,25.2213,17.6932,42.0968,51.4622,90.5276,106.7007,108.9888,0.1283,0.0277,139385.4653,74367.8557,cpu_stress,productcatalogservice,2026-06-09 16:25:00,2026-06-09 16:40:00,post_fault,1.174617,1
2026-06-09 16:46:30,1590,EXP_FAULT_05,RUN_05,cpu_stress,1,recommendationservice,recommendation-f05-04,online-boutique,node-b,0.3875,31.724,0,109.1394,0.000907,26.2407,19.0177,43.7816,56.2409,82.4606,106.7586,109.0404,0.0753,0.0238,110222.2849,83818.2282,cpu_stress,productcatalogservice,2026-06-09 16:25:00,2026-06-09 16:40:00,post_fault,1.6253669,1
2026-06-09 16:46:35,1595,EXP_FAULT_05,RUN_05,cpu_stress,1,recommendationservice,recommendation-f05-04,online-boutique,node-b,0.3745,32.2408,0,108.7138,0.001544,26.9143,20.0587,47.4504,61.5894,88.5263,106.3291,108.546,0.1366,0.0313,93584.8342,71445.4537,cpu_stress,productcatalogservice,2026-06-09 16:25:00,2026-06-09 16:40:00,post_fault,1.5849184,1
2026-06-09 16:46:40,1600,EXP_FAULT_05,RUN_05,cpu_stress,1,recommendationservice,recommendation-f05-04,online-boutique,node-b,0.4008,31.2735,0,109.6277,0.000406,26.5004,17.5094,43.3613,61.1762,87.0819,107.3298,109.5833,0.044,0.0005,105434.1851,85976.0218,cpu_stress,productcatalogservice,2026-06-09 16:25:00,2026-06-09 16:40:00,post_fault,2.4071896,1
2026-06-09 16:46:45,1605,EXP_FAULT_05,RUN_05,cpu_stress,1,recommendationservice,recommendation-f05-04,online-boutique,node-b,0.3827,31.3017,0,110.2756,0.001605,25.5954,17.1261,42.5201,54.451,90.4249,107.9474,110.0986,0.161,0.016,108173.4353,107103.961,cpu_stress,productcatalogservice,2026-06-09 16:25:00,2026-06-09 16:40:00,post_fault,1.0301237,1
2026-06-09 16:46:50,1610,EXP_FAULT_05,RUN_05,cpu_stress,1,recommendationservice,recommendation-f05-04,online-boutique,node-b,0.3995,30.8801,0,110.6424,0.000734,27.0836,20.2932,45.1325,62.5713,86.4504,108.3576,110.5611,0.0597,0.0215,116116.3443,97737.1499,cpu_stress,productcatalogservice,2026-06-09 16:25:00,2026-06-09 16:40:00,post_fault,2.7648613,1
2026-06-09 16:46:55,1615,EXP_FAULT_05,RUN_05,cpu_stress,1,recommendationservice,recommendation-f05-04,online-boutique,node-b,0.4039,31.6481,0,113.2755,0.000684,26.8664,19.2797,48.3686,60.3662,82.9212,110.9572,113.198,0.067,0.0105,124343.5678,93299.2168,cpu_stress,productcatalogservice,2026-06-09 16:25:00,2026-06-09 16:40:00,post_fault,2.3524282,1
2026-06-09 16:47:00,1620,EXP_FAULT_05,RUN_05,cpu_stress,1,recommendationservice,recommendation-f05-04,online-boutique,node-b,0.3909,31.4073,0,107.826,0.001378,24.7802,17.8814,40.2218,50.9778,85.6128,105.6291,107.6775,0.121,0.0276,134621.3062,74030.8951,cpu_stress,productcatalogservice,2026-06-09 16:25:00,2026-06-09 16:40:00,post_fault,1.0771341,1
2026-06-09 16:47:05,1625,EXP_FAULT_05,RUN_05,cpu_stress,1,recommendationservice,recommendation-f05-04,online-boutique,node-b,0.392,31.3049,0,112.3302,0.001243,28.0882,20.1479,44.4842,60.1141,83.5017,110.0637,112.1906,0.1262,0.0135,115058.4058,101499.3478,cpu_stress,productcatalogservice,2026-06-09 16:25:00,2026-06-09 16:40:00,post_fault,2.7821097,1
2026-06-09 16:47:10,1630,EXP_FAULT_05,RUN_05,cpu_stress,1,recommendationservice,recommendation-f05-04,online-boutique,node-b,0.4227,31.3615,0,111.2736,0.00087,26.5036,17.8874,43.8372,53.3861,88.3226,109.0853,111.1768,0.0849,0.0118,106793.4222,111773.1886,cpu_stress,productcatalogservice,2026-06-09 16:25:00,2026-06-09 16:40:00,post_fault,3.1518638,1
2026-06-09 16:47:15,1635,EXP_FAULT_05,RUN_05,cpu_stress,1,recommendationservice,recommendation-f05-04,online-boutique,node-b,0.3664,31.0686,0,111.5466,0.001226,27.4981,18.754,44.299,59.3563,91.856,109.343,111.4098,0.1131,0.0236,112386.8159,94570.6222,cpu_stress,productcatalogservice,2026-06-09 16:25:00,2026-06-09 16:40:00,post_fault,1.4755548,1
2026-06-09 16:47:20,1640,EXP_FAULT_05,RUN_05,cpu_stress,1,recommendationservice,recommendation-f05-04,online-boutique,node-b,0.4032,31.1273,0,112.934,0.001699,25.2311,18.1812,40.9616,52.7857,77.0247,110.7583,112.7422,0.1545,0.0373,111411.6386,108337.4517,cpu_stress,productcatalogservice,2026-06-09 16:25:00,2026-06-09 16:40:00,post_fault,1.2701266,1
2026-06-09 16:47:25,1645,EXP_FAULT_05,RUN_05,cpu_stress,1,recommendationservice,recommendation-f05-04,online-boutique,node-b,0.3782,31.6282,0,110.9543,0.001632,27.2964,19.4896,48.4616,56.2103,86.8432,108.8418,110.7732,0.1515,0.0296,127142.6947,73583.3366,cpu_stress,productcatalogservice,2026-06-09 16:25:00,2026-06-09 16:40:00,post_fault,1.684918,1
2026-06-09 16:47:30,1650,EXP_FAULT_05,RUN_05,cpu_stress,1,recommendationservice,recommendation-f05-04,online-boutique,node-b,0.3856,31.7457,0,115.6053,0.001332,25.4198,17.3735,39.5636,51.8789,88.6392,113.4262,115.4513,0.1367,0.0173,122040.0858,114143.1281,cpu_stress,productcatalogservice,2026-06-09 16:25:00,2026-06-09 16:40:00,post_fault,0.6241101,1
2026-06-09 16:47:35,1655,EXP_FAULT_05,RUN_05,cpu_stress,1,recommendationservice,recommendation-f05-04,online-boutique,node-b,0.387,30.962,0,111.6812,0.00109,24.167,17.0575,40.5984,51.5512,83.1695,109.6007,111.5594,0.0839,0.0378,113662.6635,91786.1651,cpu_stress,productcatalogservice,2026-06-09 16:25:00,2026-06-09 16:40:00,post_fault,0.5516777,1
2026-06-09 16:47:40,1660,EXP_FAULT_05,RUN_05,cpu_stress,1,recommendationservice,recommendation-f05-04,online-boutique,node-b,0.4088,31.4341,0,112.5911,0.000663,23.8277,15.9667,37.014,48.8716,69.9304,110.5678,112.5164,0.0493,0.0253,130275.2214,94135.4389,cpu_stress,productcatalogservice,2026-06-09 16:25:00,2026-06-09 16:40:00,post_fault,0.84463996,1
2026-06-09 16:47:45,1665,EXP_FAULT_05,RUN_05,cpu_stress,1,recommendationservice,recommendation-f05-04,online-boutique,node-b,0.4238,30.6723,0,112.4945,0.00057,22.2925,16.7432,36.4988,50.5126,66.6074,110.5024,112.4304,0.0527,0.0114,111884.8143,76210.7394,cpu_stress,productcatalogservice,2026-06-09 16:25:00,2026-06-09 16:40:00,post_fault,0.69995415,1
2026-06-09 16:47:50,1670,EXP_FAULT_05,RUN_05,cpu_stress,1,recommendationservice,recommendation-f05-04,online-boutique,node-b,0.3982,31.2614,0,116.3276,0.001581,26.6302,19.3675,41.9534,53.8812,84.8179,114.2111,116.1437,0.1803,0.0036,98384.3673,112444.2624,cpu_stress,productcatalogservice,2026-06-09 16:25:00,2026-06-09 16:40:00,post_fault,1.558125,1
2026-06-09 16:47:55,1675,EXP_FAULT_05,RUN_05,cpu_stress,1,recommendationservice,recommendation-f05-04,online-boutique,node-b,0.4028,31.8576,0,114.1724,0.000996,24.1327,16.4439,43.0371,51.7524,74.4407,112.1762,114.0587,0.0857,0.028,114706.1131,108687.1368,cpu_stress,productcatalogservice,2026-06-09 16:25:00,2026-06-09 16:40:00,post_fault,0.6558935,1
2026-06-09 16:48:00,1680,EXP_FAULT_05,RUN_05,cpu_stress,1,recommendationservice,recommendation-f05-04,online-boutique,node-b,0.4104,31.7108,0,108.6901,0.001413,24.9218,18.7805,39.1375,54.7189,82.8873,106.7668,108.5365,0.1298,0.0238,103433.3297,102867.9315,cpu_stress,productcatalogservice,2026-06-09 16:25:00,2026-06-09 16:40:00,post_fault,1.6728567,1
2026-06-09 16:48:05,1685,EXP_FAULT_05,RUN_05,cpu_stress,1,recommendationservice,recommendation-f05-04,online-boutique,node-b,0.404,31.3429,0,114.2612,0.00171,24.6095,18.6634,42.142,49.2655,72.9869,112.2728,114.0658,0.1721,0.0233,114799.3915,109095.0913,cpu_stress,productcatalogservice,2026-06-09 16:25:00,2026-06-09 16:40:00,post_fault,0.86321896,1
2026-06-09 16:48:10,1690,EXP_FAULT_05,RUN_05,cpu_stress,1,recommendationservice,recommendation-f05-04,online-boutique,node-b,0.3891,30.7833,0,114.405,0.001991,24.5399,17.6668,40.5865,54.4141,78.7815,112.3886,114.1772,0.1944,0.0333,118518.8781,119352.2725,cpu_stress,productcatalogservice,2026-06-09 16:25:00,2026-06-09 16:40:00,post_fault,0.5255334,1
2026-06-09 16:48:15,1695,EXP_FAULT_05,RUN_05,cpu_stress,1,recommendationservice,recommendation-f05-04,online-boutique,node-b,0.4055,31.4659,0,111.9179,0.000668,25.2864,18.9886,40.689,53.0324,80.3097,110.09,111.8432,0.0413,0.0335,123917.9507,75453.9542,cpu_stress,productcatalogservice,2026-06-09 16:25:00,2026-06-09 16:40:00,post_fault,1.5185469,1
2026-06-09 16:48:20,1700,EXP_FAULT_05,RUN_05,cpu_stress,1,recommendationservice,recommendation-f05-04,online-boutique,node-b,0.3684,31.9242,0,112.1247,0.001621,24.5029,17.2141,38.2713,51.8649,78.9672,110.2307,111.943,0.1784,0.0034,100186.0395,75400.8171,cpu_stress,productcatalogservice,2026-06-09 16:25:00,2026-06-09 16:40:00,post_fault,0.23979095,0
2026-06-09 16:48:25,1705,EXP_FAULT_05,RUN_05,cpu_stress,1,recommendationservice,recommendation-f05-04,online-boutique,node-b,0.389,31.7838,0,109.2265,0.001707,26.4203,20.1794,40.2106,58.3979,85.3818,107.4207,109.04,0.159,0.0274,92923.3799,98879.7813,cpu_stress,productcatalogservice,2026-06-09 16:25:00,2026-06-09 16:40:00,post_fault,1.702392,1
2026-06-09 16:48:30,1710,EXP_FAULT_05,RUN_05,cpu_stress,1,recommendationservice,recommendation-f05-04,online-boutique,node-b,0.385,30.4623,0,109.0186,0.001361,25.0862,18.2411,42.4536,50.0448,78.2468,107.2778,108.8702,0.1179,0.0305,98434.5919,83151.6009,cpu_stress,productcatalogservice,2026-06-09 16:25:00,2026-06-09 16:40:00,post_fault,1.0876435,1
2026-06-09 16:48:35,1715,EXP_FAULT_05,RUN_05,cpu_stress,1,recommendationservice,recommendation-f05-04,online-boutique,node-b,0.4012,31.3255,0,107.0588,0.001938,24.6448,18.8717,41.4262,53.9671,76.9114,105.3466,106.8512,0.1705,0.037,101462.4719,109513.0138,cpu_stress,productcatalogservice,2026-06-09 16:25:00,2026-06-09 16:40:00,post_fault,1.3598818,1
2026-06-09 16:48:40,1720,EXP_FAULT_05,RUN_05,cpu_stress,1,recommendationservice,recommendation-f05-04,online-boutique,node-b,0.3871,31.2764,0,105.3379,0.000924,24.9269,17.434,38.3357,51.4961,76.2071,103.7085,105.2406,0.0965,0.0008,114915.811,88482.9693,cpu_stress,productcatalogservice,2026-06-09 16:25:00,2026-06-09 16:40:00,post_fault,1.2962137,1
2026-06-09 16:48:45,1725,EXP_FAULT_05,RUN_05,cpu_stress,1,recommendationservice,recommendation-f05-04,online-boutique,node-b,0.4141,31.477,0,105.1522,0.001471,26.044,19.5274,39.5119,58.0518,80.0326,103.5431,104.9975,0.119,0.0357,101500.7631,93838.5908,cpu_stress,productcatalogservice,2026-06-09 16:25:00,2026-06-09 16:40:00,post_fault,3.0498414,1
2026-06-09 16:48:50,1730,EXP_FAULT_05,RUN_05,cpu_stress,1,recommendationservice,recommendation-f05-04,online-boutique,node-b,0.3888,31.3049,0,103.4212,0.00163,24.3514,18.3656,41.5035,55.0124,73.7451,101.8233,103.2527,0.1466,0.022,130962.1272,92744.0673,cpu_stress,productcatalogservice,2026-06-09 16:25:00,2026-06-09 16:40:00,post_fault,1.1653578,1
2026-06-09 16:48:55,1735,EXP_FAULT_05,RUN_05,cpu_stress,1,recommendationservice,recommendation-f05-04,online-boutique,node-b,0.3715,32.1133,0,105.4265,0.000989,24.0435,17.1782,38.4968,47.2711,67.1365,103.877,105.3223,0.0795,0.0248,92646.202,75406.1661,cpu_stress,productcatalogservice,2026-06-09 16:25:00,2026-06-09 16:40:00,post_fault,0.5352264,1
2026-06-09 16:49:00,1740,EXP_FAULT_05,RUN_05,cpu_stress,1,recommendationservice,recommendation-f05-04,online-boutique,node-b,0.3751,31.2477,0,101.8561,0.000735,25.0867,18.558,38.1944,52.3761,73.866,100.3766,101.7811,0.066,0.0089,121416.8444,77236.2352,cpu_stress,productcatalogservice,2026-06-09 16:25:00,2026-06-09 16:40:00,post_fault,1.3649585,1
2026-06-09 16:49:05,1745,EXP_FAULT_05,RUN_05,cpu_stress,1,recommendationservice,recommendation-f05-04,online-boutique,node-b,0.3655,30.9685,0,102.438,0.000621,23.5887,16.2917,41.021,53.2091,71.0854,100.973,102.3743,0.0433,0.0203,120699.4377,88666.367,cpu_stress,productcatalogservice,2026-06-09 16:25:00,2026-06-09 16:40:00,post_fault,0.53891814,1
2026-06-09 16:49:10,1750,EXP_FAULT_05,RUN_05,cpu_stress,1,recommendationservice,recommendation-f05-04,online-boutique,node-b,0.3982,31.1804,0,103.8059,0.001399,22.2661,15.3006,34.9904,43.3794,65.5268,102.3031,103.6606,0.1373,0.008,111020.3421,74605.9626,cpu_stress,productcatalogservice,2026-06-09 16:25:00,2026-06-09 16:40:00,post_fault,0.5450533,1
2026-06-09 16:49:15,1755,EXP_FAULT_05,RUN_05,cpu_stress,1,recommendationservice,recommendation-f05-04,online-boutique,node-b,0.3966,31.4247,0,100.4763,0.001667,24.3361,17.3234,37.9628,47.4176,81.1947,99.0267,100.3087,0.1505,0.0171,84379.771,90494.5533,cpu_stress,productcatalogservice,2026-06-09 16:25:00,2026-06-09 16:40:00,post_fault,1.6554314,1
2026-06-09 16:49:20,1760,EXP_FAULT_05,RUN_05,cpu_stress,1,recommendationservice,recommendation-f05-04,online-boutique,node-b,0.3793,31.9018,0,95.5667,0.001017,24.5977,18.8129,42.5319,52.1735,75.0119,94.211,95.4695,0.0963,0.0009,118222.9752,94440.6994,cpu_stress,productcatalogservice,2026-06-09 16:25:00,2026-06-09 16:40:00,post_fault,1.8423254,1
2026-06-09 16:49:25,1765,EXP_FAULT_05,RUN_05,cpu_stress,1,recommendationservice,recommendation-f05-04,online-boutique,node-b,0.3757,31.2241,0,102.0898,0.000656,25.9988,19.1273,39.7845,50.2696,73.2202,100.6398,102.0228,0.0337,0.0333,93459.9438,94933.9,cpu_stress,productcatalogservice,2026-06-09 16:25:00,2026-06-09 16:40:00,post_fault,1.865947,1
2026-06-09 16:49:30,1770,EXP_FAULT_05,RUN_05,cpu_stress,1,recommendationservice,recommendation-f05-04,online-boutique,node-b,0.3936,31.8974,0,96.0836,0.00179,22.5706,16.0937,39.7895,46.5499,64.6877,94.632,95.9116,0.1478,0.0242,115607.9787,72470.0973,cpu_stress,productcatalogservice,2026-06-09 16:25:00,2026-06-09 16:40:00,post_fault,1.0334487,1
2026-06-09 16:49:35,1775,EXP_FAULT_05,RUN_05,cpu_stress,1,recommendationservice,recommendation-f05-04,online-boutique,node-b,0.377,31.6847,0,101.0529,0.000835,24.4553,18.8259,41.7391,53.5181,67.9187,99.6259,100.9686,0.0576,0.0267,105427.3819,85716.2108,cpu_stress,productcatalogservice,2026-06-09 16:25:00,2026-06-09 16:40:00,post_fault,1.148038,1
2026-06-09 16:49:40,1780,EXP_FAULT_05,RUN_05,cpu_stress,1,recommendationservice,recommendation-f05-04,online-boutique,node-b,0.3922,32.0131,0,98.7902,0.001385,22.4172,15.6096,34.485,50.221,70.8216,97.3755,98.6535,0.1183,0.0185,99572.591,97414.0431,cpu_stress,productcatalogservice,2026-06-09 16:25:00,2026-06-09 16:40:00,post_fault,0.7644407,1
2026-06-09 16:49:45,1785,EXP_FAULT_05,RUN_05,cpu_stress,1,recommendationservice,recommendation-f05-04,online-boutique,node-b,0.3923,31.8801,0,100.3326,0.001561,25.4235,16.8281,42.3806,56.0084,78.7399,98.8503,100.1759,0.1476,0.009,89434.132,71980.8125,cpu_stress,productcatalogservice,2026-06-09 16:25:00,2026-06-09 16:40:00,post_fault,2.1404607,1
2026-06-09 16:49:50,1790,EXP_FAULT_05,RUN_05,cpu_stress,1,recommendationservice,recommendation-f05-04,online-boutique,node-b,0.3927,32.0874,0,97.4325,0.000678,25.5089,16.8132,38.8697,56.6933,85.0691,96.0584,97.3664,0.0578,0.0083,110208.9104,101726.0225,cpu_stress,productcatalogservice,2026-06-09 16:25:00,2026-06-09 16:40:00,post_fault,2.794309,1
2026-06-09 16:49:55,1795,EXP_FAULT_05,RUN_05,cpu_stress,1,recommendationservice,recommendation-f05-04,online-boutique,node-b,0.392,31.7914,0,97.098,0.001811,22.1739,16.4918,38.0925,48.3326,72.2854,95.6784,96.9221,0.1459,0.0299,122736.757,68405.0505,cpu_stress,productcatalogservice,2026-06-09 16:25:00,2026-06-09 16:40:00,post_fault,0.7471832,1
