timestamp,relative_time_sec,experiment_id,run_id,scenario,label,service,pod,namespace,node,cpu_usage,memory_usage_mb,restart_count,request_rate,error_rate,avg_latency_ms,p50_latency_ms,p90_latency_ms,p95_latency_ms,p99_latency_ms,throughput,http_2xx_rate,http_4xx_rate,http_5xx_rate,network_receive_bytes,network_transmit_bytes,fault_type,fault_service,fault_start_time,fault_end_time,fault_phase,anomaly_score,prediction
2026-06-09 14:00:00,0,EXP_FAULT_01,RUN_01,pod_kill,1,checkoutservice,checkout-f01-01,online-boutique,node-b,0.4463,36.5915,0,151.5213,0.000555,48.8106,35.7619,80.6326,87.329,134.4828,151.4847,151.4372,0.068,0.0161,140052.9608,146965.3538,pod_kill,coupon-service,2026-06-09 14:05:00,2026-06-09 14:20:00,pre_fault,0.33462986,0
2026-06-09 14:00:05,5,EXP_FAULT_01,RUN_01,pod_kill,1,checkoutservice,checkout-f01-01,online-boutique,node-b,0.4505,35.8716,0,146.2452,0.001503,46.5436,33.7648,73.6202,83.613,115.198,146.0972,146.0254,0.2157,0.004,145115.5437,141909.6384,pod_kill,coupon-service,2026-06-09 14:05:00,2026-06-09 14:20:00,pre_fault,0.44694328,0
2026-06-09 14:00:10,10,EXP_FAULT_01,RUN_01,pod_kill,1,checkoutservice,checkout-f01-01,online-boutique,node-b,0.4621,35.9661,0,148.0745,0.001525,49.7347,39.0031,83.3962,99.8469,140.1715,147.9315,147.8487,0.1981,0.0276,148246.1115,111206.2425,pod_kill,coupon-service,2026-06-09 14:05:00,2026-06-09 14:20:00,pre_fault,0.076453164,0
2026-06-09 14:00:15,15,EXP_FAULT_01,RUN_01,pod_kill,1,checkoutservice,checkout-f01-01,online-boutique,node-b,0.4538,36.1361,0,143.0232,0.000529,51.9552,41.0784,77.2658,99.3949,129.3311,142.9723,142.9475,0.0655,0.0102,126058.167,117638.3104,pod_kill,coupon-service,2026-06-09 14:05:00,2026-06-09 14:20:00,pre_fault,0.10433845,0
2026-06-09 14:00:20,20,EXP_FAULT_01,RUN_01,pod_kill,1,checkoutservice,checkout-f01-01,online-boutique,node-b,0.4773,35.6924,0,154.1111,0.000704,51.1848,37.3933,78.949,101.3623,139.325,154.0684,154.0026,0.0814,0.0272,141456.2632,159846.9925,pod_kill,coupon-service,2026-06-09 14:05:00,2026-06-09 14:20:00,pre_fault,0.11547694,0
2026-06-09 14:00:25,25,EXP_FAULT_01,RUN_01,pod_kill,1,checkoutservice,checkout-f01-01,online-boutique,node-b,0.4714,36.2788,0,153.1818,0.001019,44.6465,33.9825,66.8736,87.2343,117.875,153.0735,153.0257,0.1544,0.0017,149175.2471,139911.546,pod_kill,coupon-service,2026-06-09 14:05:00,2026-06-09 14:20:00,pre_fault,1.6368396,1
2026-06-09 14:00:30,30,EXP_FAULT_01,RUN_01,pod_kill,1,checkoutservice,checkout-f01-01,online-boutique,node-b,0.4285,35.8919,0,151.9551,0.000524,46.7165,37.2324,76.4562,83.8526,120.3037,151.9197,151.8755,0.0617,0.0179,133759.2727,139928.7988,pod_kill,coupon-service,2026-06-09 14:05:00,2026-06-09 14:20:00,pre_fault,1.0962058,1
2026-06-09 14:00:35,35,EXP_FAULT_01,RUN_01,pod_kill,1,checkoutservice,checkout-f01-01,online-boutique,node-b,0.4622,36.359,0,152.3892,0.001485,47.7315,33.6518,77.5942,89.5781,119.8064,152.2589,152.163,0.2097,0.0165,130610.2845,135479.4935,pod_kill,coupon-service,2026-06-09 14:05:00,2026-06-09 14:20:00,pre_fault,0.5164732,0
2026-06-09 14:00:40,40,EXP_FAULT_01,RUN_01,pod_kill,1,checkoutservice,checkout-f01-01,online-boutique,node-b,0.4829,36.2412,0,158.3759,0.001518,46.6418,33.5116,70.1738,89.187,121.832,158.2307,158.1355,0.2169,0.0235,187373.981,139593.691,pod_kill,coupon-service,2026-06-09 14:05:00,2026-06-09 14:20:00,pre_fault,1.4940631,1
2026-06-09 14:00:45,45,EXP_FAULT_01,RUN_01,pod_kill,1,checkoutservice,checkout-f01-01,online-boutique,node-b,0.4416,35.0977,0,152.3813,0.001299,50.1837,37.4389,79.0854,102.1084,131.1792,152.2365,152.1835,0.1572,0.0406,130718.264,114947.5143,pod_kill,coupon-service,2026-06-09 14:05:00,2026-06-09 14:20:00,pre_fault,0.53222024,0
2026-06-09 14:00:50,50,EXP_FAULT_01,RUN_01,pod_kill,1,checkoutservice,checkout-f01-01,online-boutique,node-b,0.4638,35.719,0,157.4588,0.000622,46.7369,38.0014,69.1727,89.8754,128.9865,157.4123,157.3608,0.0736,0.0243,136613.4771,142938.7124,pod_kill,coupon-service,2026-06-09 14:05:00,2026-06-09 14:20:00,pre_fault,0.9139284,1
2026-06-09 14:00:55,55,EXP_FAULT_01,RUN_01,pod_kill,1,checkoutservice,checkout-f01-01,online-boutique,node-b,0.4598,35.6995,0,158.9138,0.000687,47.5627,35.5094,77.3693,90.5943,126.1344,158.8665,158.8045,0.062,0.0472,202311.5563,154143.1836,pod_kill,coupon-service,2026-06-09 14:05:00,2026-06-09 14:20:00,pre_fault,0.7934716,0
2026-06-09 14:01:00,60,EXP_FAULT_01,RUN_01,pod_kill,1,checkoutservice,checkout-f01-01,online-boutique,node-b,0.448,35.5123,0,148.0725,0.000842,47.8912,38.3496,77.7971,96.0939,119.4202,148.0147,147.9479,0.1063,0.0184,180776.8439,118888.2551,pod_kill,coupon-service,2026-06-09 14:05:00,2026-06-09 14:20:00,pre_fault,0.3643669,0
2026-06-09 14:01:05,65,EXP_FAULT_01,RUN_01,pod_kill,1,checkoutservice,checkout-f01-01,online-boutique,node-b,0.4369,36.0746,0,151.1495,0.001318,50.302,39.9018,85.4381,90.3072,133.6511,151.0541,150.9502,0.1594,0.0399,146087.6552,137268.0509,pod_kill,coupon-service,2026-06-09 14:05:00,2026-06-09 14:20:00,pre_fault,0.4215917,0
2026-06-09 14:01:10,70,EXP_FAULT_01,RUN_01,pod_kill,1,checkoutservice,checkout-f01-01,online-boutique,node-b,0.4359,35.65,0,153.6329,0.000978,47.2759,37.97,70.4235,96.7922,130.7418,153.5253,153.4827,0.1421,0.0081,168249.3337,131781.3684,pod_kill,coupon-service,2026-06-09 14:05:00,2026-06-09 14:20:00,pre_fault,0.97145635,1
2026-06-09 14:01:15,75,EXP_FAULT_01,RUN_01,pod_kill,1,checkoutservice,checkout-f01-01,online-boutique,node-b,0.4496,36.5686,0,155.1592,0.001035,45.9354,34.6773,70.4263,89.0436,130.8794,155.0951,154.9986,0.1552,0.0054,144484.5231,133232.4722,pod_kill,coupon-service,2026-06-09 14:05:00,2026-06-09 14:20:00,pre_fault,1.0861367,1
2026-06-09 14:01:20,80,EXP_FAULT_01,RUN_01,pod_kill,1,checkoutservice,checkout-f01-01,online-boutique,node-b,0.4527,35.6537,0,151.3241,0.000876,50.157,40.2673,83.8008,90.2146,127.5531,151.2738,151.1915,0.0911,0.0415,147952.4864,136408.121,pod_kill,coupon-service,2026-06-09 14:05:00,2026-06-09 14:20:00,pre_fault,0.16648607,0
2026-06-09 14:01:25,85,EXP_FAULT_01,RUN_01,pod_kill,1,checkoutservice,checkout-f01-01,online-boutique,node-b,0.4442,35.2669,0,150.6069,0.00138,51.2419,36.7492,75.9535,101.2077,126.4282,150.4984,150.399,0.1555,0.0523,165867.4712,111235.0239,pod_kill,coupon-service,2026-06-09 14:05:00,2026-06-09 14:20:00,pre_fault,0.29925072,0
2026-06-09 14:01:30,90,EXP_FAULT_01,RUN_01,pod_kill,1,checkoutservice,checkout-f01-01,online-boutique,node-b,0.4428,36.4819,0,146.3883,0.001274,50.7097,39.3493,76.4429,102.6621,130.562,146.2635,146.2018,0.1758,0.0107,176434.8529,143927.5803,pod_kill,coupon-service,2026-06-09 14:05:00,2026-06-09 14:20:00,pre_fault,0.12783532,0
2026-06-09 14:01:35,95,EXP_FAULT_01,RUN_01,pod_kill,1,checkoutservice,checkout-f01-01,online-boutique,node-b,0.4447,36.4376,0,152.1493,0.000726,45.5111,35.739,76.995,80.1475,120.2137,152.093,152.0388,0.0754,0.0351,163137.8747,150480.549,pod_kill,coupon-service,2026-06-09 14:05:00,2026-06-09 14:20:00,pre_fault,1.0463765,1
2026-06-09 14:01:40,100,EXP_FAULT_01,RUN_01,pod_kill,1,checkoutservice,checkout-f01-01,online-boutique,node-b,0.4633,35.6354,0,146.9821,0.001194,55.2017,42.2943,92.1214,107.6592,136.267,146.8692,146.8066,0.1739,0.0016,171796.7977,140255.4831,pod_kill,coupon-service,2026-06-09 14:05:00,2026-06-09 14:20:00,pre_fault,0.38955915,0
2026-06-09 14:01:45,105,EXP_FAULT_01,RUN_01,pod_kill,1,checkoutservice,checkout-f01-01,online-boutique,node-b,0.4301,36.1103,0,147.9085,0.001047,46.9485,36.2727,74.012,86.6325,126.5182,147.8321,147.7536,0.1166,0.0382,121872.7795,106309.5721,pod_kill,coupon-service,2026-06-09 14:05:00,2026-06-09 14:20:00,pre_fault,0.72069514,0
2026-06-09 14:01:50,110,EXP_FAULT_01,RUN_01,pod_kill,1,checkoutservice,checkout-f01-01,online-boutique,node-b,0.4363,35.61,0,146.555,0.001513,44.8976,31.4606,72.5576,87.2526,124.5343,146.4695,146.3332,0.2141,0.0077,150527.5211,119257.3831,pod_kill,coupon-service,2026-06-09 14:05:00,2026-06-09 14:20:00,pre_fault,0.8401576,0
2026-06-09 14:01:55,115,EXP_FAULT_01,RUN_01,pod_kill,1,checkoutservice,checkout-f01-01,online-boutique,node-b,0.4837,35.8015,0,146.1376,0.000491,47.9984,38.2153,72.9887,97.2278,118.5658,146.0877,146.0659,0.0425,0.0292,161347.0143,115182.82,pod_kill,coupon-service,2026-06-09 14:05:00,2026-06-09 14:20:00,pre_fault,0.5759961,0
2026-06-09 14:02:00,120,EXP_FAULT_01,RUN_01,pod_kill,1,checkoutservice,checkout-f01-01,online-boutique,node-b,0.4433,35.7919,0,145.1287,0.001417,50.146,38.999,77.1925,100.1875,135.1304,144.9841,144.923,0.1601,0.0456,146088.3984,102217.0096,pod_kill,coupon-service,2026-06-09 14:05:00,2026-06-09 14:20:00,pre_fault,0.14650439,0
2026-06-09 14:02:05,125,EXP_FAULT_01,RUN_01,pod_kill,1,checkoutservice,checkout-f01-01,online-boutique,node-b,0.4749,35.916,0,144.9209,0.001455,47.4308,37.7982,79.1133,85.5779,123.7563,144.8292,144.71,0.185,0.0259,178603.8227,140847.6038,pod_kill,coupon-service,2026-06-09 14:05:00,2026-06-09 14:20:00,pre_fault,0.56659365,0
2026-06-09 14:02:10,130,EXP_FAULT_01,RUN_01,pod_kill,1,checkoutservice,checkout-f01-01,online-boutique,node-b,0.4506,36.1202,0,145.3544,0.000658,53.8012,38.7084,85.7351,95.532,131.953,145.2893,145.2588,0.0781,0.0175,153035.0332,104142.1228,pod_kill,coupon-service,2026-06-09 14:05:00,2026-06-09 14:20:00,pre_fault,0.3582601,0
2026-06-09 14:02:15,135,EXP_FAULT_01,RUN_01,pod_kill,1,checkoutservice,checkout-f01-01,online-boutique,node-b,0.4566,36.2712,0,145.8899,0.001372,47.7074,37.219,78.4663,95.4391,135.1095,145.802,145.6898,0.1517,0.0484,142472.5348,133618.223,pod_kill,coupon-service,2026-06-09 14:05:00,2026-06-09 14:20:00,pre_fault,0.26816624,0
2026-06-09 14:02:20,140,EXP_FAULT_01,RUN_01,pod_kill,1,checkoutservice,checkout-f01-01,online-boutique,node-b,0.4301,36.2633,0,146.8485,0.001143,48.8462,35.2035,70.9965,94.179,125.5848,146.7614,146.6806,0.1495,0.0183,138844.7201,127397.0733,pod_kill,coupon-service,2026-06-09 14:05:00,2026-06-09 14:20:00,pre_fault,0.50480086,0
2026-06-09 14:02:25,145,EXP_FAULT_01,RUN_01,pod_kill,1,checkoutservice,checkout-f01-01,online-boutique,node-b,0.4774,36.5634,0,143.5595,0.001514,48.7897,35.0349,73.35,87.8846,137.0249,143.403,143.3421,0.1972,0.0202,147301.8452,133909.2972,pod_kill,coupon-service,2026-06-09 14:05:00,2026-06-09 14:20:00,pre_fault,0.50878155,0
2026-06-09 14:02:30,150,EXP_FAULT_01,RUN_01,pod_kill,1,checkoutservice,checkout-f01-01,online-boutique,node-b,0.4573,35.8903,0,147.4465,0.00102,50.288,38.4983,82.689,93.3624,134.4091,147.3643,147.2961,0.139,0.0115,187629.3344,113624.3315,pod_kill,coupon-service,2026-06-09 14:05:00,2026-06-09 14:20:00,pre_fault,0.03218984,0
2026-06-09 14:02:35,155,EXP_FAULT_01,RUN_01,pod_kill,1,checkoutservice,checkout-f01-01,online-boutique,node-b,0.4627,36.7694,0,141.3193,0.001393,49.9007,35.8226,80.3193,90.7467,140.621,141.2048,141.1225,0.1547,0.0422,121143.9947,121109.3715,pod_kill,coupon-service,2026-06-09 14:05:00,2026-06-09 14:20:00,pre_fault,0.09016596,0
2026-06-09 14:02:40,160,EXP_FAULT_01,RUN_01,pod_kill,1,checkoutservice,checkout-f01-01,online-boutique,node-b,0.4326,35.5788,0,144.2891,0.000798,47.7501,38.3171,72.7439,89.6471,120.224,144.2444,144.174,0.1006,0.0145,141906.6066,124815.1697,pod_kill,coupon-service,2026-06-09 14:05:00,2026-06-09 14:20:00,pre_fault,0.42821568,0
2026-06-09 14:02:45,165,EXP_FAULT_01,RUN_01,pod_kill,1,checkoutservice,checkout-f01-01,online-boutique,node-b,0.4375,36.6206,0,148.4515,0.001092,48.7358,35.3202,81.4759,95.3231,131.1158,148.3527,148.2894,0.1178,0.0443,179671.2775,125586.0789,pod_kill,coupon-service,2026-06-09 14:05:00,2026-06-09 14:20:00,pre_fault,0.33930597,0
2026-06-09 14:02:50,170,EXP_FAULT_01,RUN_01,pod_kill,1,checkoutservice,checkout-f01-01,online-boutique,node-b,0.4658,36.1715,0,148.8358,0.001623,49.5666,39.2227,79.4238,88.5113,135.3412,148.6694,148.5942,0.2153,0.0263,151386.0833,101284.9553,pod_kill,coupon-service,2026-06-09 14:05:00,2026-06-09 14:20:00,pre_fault,0.14855571,0
2026-06-09 14:02:55,175,EXP_FAULT_01,RUN_01,pod_kill,1,checkoutservice,checkout-f01-01,online-boutique,node-b,0.4398,36.0396,0,145.0461,0.001656,51.2979,36.7448,83.2685,98.9711,132.0721,144.9387,144.8059,0.2128,0.0274,123082.9258,126253.2235,pod_kill,coupon-service,2026-06-09 14:05:00,2026-06-09 14:20:00,pre_fault,0.22970939,0
2026-06-09 14:03:00,180,EXP_FAULT_01,RUN_01,pod_kill,1,checkoutservice,checkout-f01-01,online-boutique,node-b,0.4288,36.0097,0,148.6443,0.000345,47.7794,34.721,78.1585,94.9615,125.1456,148.6096,148.593,0.0379,0.0134,177027.873,130369.0853,pod_kill,coupon-service,2026-06-09 14:05:00,2026-06-09 14:20:00,pre_fault,0.86269933,0
2026-06-09 14:03:05,185,EXP_FAULT_01,RUN_01,pod_kill,1,checkoutservice,checkout-f01-01,online-boutique,node-b,0.4461,36.51,0,145.0982,0.001318,46.1847,37.4574,67.6298,89.9978,130.6103,144.9911,144.9069,0.1906,0.0007,131680.9334,96197.3946,pod_kill,coupon-service,2026-06-09 14:05:00,2026-06-09 14:20:00,pre_fault,0.48412085,0
2026-06-09 14:03:10,190,EXP_FAULT_01,RUN_01,pod_kill,1,checkoutservice,checkout-f01-01,online-boutique,node-b,0.4331,36.1186,0,144.5704,0.000786,51.3546,38.3565,78.0795,103.1035,142.3886,144.4858,144.4568,0.0932,0.0204,160375.2036,135975.0306,pod_kill,coupon-service,2026-06-09 14:05:00,2026-06-09 14:20:00,pre_fault,0.46593505,0
2026-06-09 14:03:15,195,EXP_FAULT_01,RUN_01,pod_kill,1,checkoutservice,checkout-f01-01,online-boutique,node-b,0.4362,35.613,0,151.2266,0.000697,53.2345,40.998,84.4457,105.7915,126.3563,151.1625,151.1212,0.1048,0.0006,186435.1674,123896.2983,pod_kill,coupon-service,2026-06-09 14:05:00,2026-06-09 14:20:00,pre_fault,0.7453824,0
2026-06-09 14:03:20,200,EXP_FAULT_01,RUN_01,pod_kill,1,checkoutservice,checkout-f01-01,online-boutique,node-b,0.4729,35.8087,0,146.4857,0.000616,47.696,34.3662,79.6246,83.7689,112.2436,146.4233,146.3955,0.0577,0.0326,169104.0328,146598.6941,pod_kill,coupon-service,2026-06-09 14:05:00,2026-06-09 14:20:00,pre_fault,0.36250633,0
2026-06-09 14:03:25,205,EXP_FAULT_01,RUN_01,pod_kill,1,checkoutservice,checkout-f01-01,online-boutique,node-b,0.4701,35.8607,0,150.5648,0.001542,51.0293,38.3403,86.609,104.0593,135.3607,150.4003,150.3326,0.1802,0.0521,140853.9298,126282.1563,pod_kill,coupon-service,2026-06-09 14:05:00,2026-06-09 14:20:00,pre_fault,0.056524776,0
2026-06-09 14:03:30,210,EXP_FAULT_01,RUN_01,pod_kill,1,checkoutservice,checkout-f01-01,online-boutique,node-b,0.4367,35.4459,0,152.878,0.000564,44.2183,34.5822,70.5676,81.1456,122.2076,152.8419,152.7918,0.0558,0.0305,158209.6828,154007.2322,pod_kill,coupon-service,2026-06-09 14:05:00,2026-06-09 14:20:00,pre_fault,1.4670649,1
2026-06-09 14:03:35,215,EXP_FAULT_01,RUN_01,pod_kill,1,checkoutservice,checkout-f01-01,online-boutique,node-b,0.4638,36.4696,0,149.3527,0.001554,48.6077,39.5487,72.6971,90.2003,120.6482,149.224,149.1207,0.1893,0.0428,174634.57,112185.0886,pod_kill,coupon-service,2026-06-09 14:05:00,2026-06-09 14:20:00,pre_fault,0.27997962,0
2026-06-09 14:03:40,220,EXP_FAULT_01,RUN_01,pod_kill,1,checkoutservice,checkout-f01-01,online-boutique,node-b,0.4826,35.6723,0,151.5413,0.001194,53.298,43.4265,79.1358,96.3804,146.8049,151.4644,151.3603,0.167,0.0139,175450.8291,133967.8536,pod_kill,coupon-service,2026-06-09 14:05:00,2026-06-09 14:20:00,pre_fault,0.20073684,0
2026-06-09 14:03:45,225,EXP_FAULT_01,RUN_01,pod_kill,1,checkoutservice,checkout-f01-01,online-boutique,node-b,0.477,36.5044,0,148.5341,0.001336,48.2113,36.9436,77.6898,84.5631,118.8765,148.4124,148.3356,0.1657,0.0328,184544.3146,114280.3859,pod_kill,coupon-service,2026-06-09 14:05:00,2026-06-09 14:20:00,pre_fault,0.6108085,0
2026-06-09 14:03:50,230,EXP_FAULT_01,RUN_01,pod_kill,1,checkoutservice,checkout-f01-01,online-boutique,node-b,0.4384,35.432,0,149.7112,0.00105,49.3072,35.9398,79.5737,95.7884,125.9869,149.6525,149.5541,0.1059,0.0513,148697.6888,141628.3162,pod_kill,coupon-service,2026-06-09 14:05:00,2026-06-09 14:20:00,pre_fault,0.5119616,0
2026-06-09 14:03:55,235,EXP_FAULT_01,RUN_01,pod_kill,1,checkoutservice,checkout-f01-01,online-boutique,node-b,0.4375,35.844,0,147.7897,0.000388,50.1602,38.6256,85.1111,88.1106,135.0397,147.7691,147.7324,0.0565,0.0008,147929.3909,110290.0545,pod_kill,coupon-service,2026-06-09 14:05:00,2026-06-09 14:20:00,pre_fault,0.46573338,0
2026-06-09 14:04:00,240,EXP_FAULT_01,RUN_01,pod_kill,1,checkoutservice,checkout-f01-01,online-boutique,node-b,0.4623,35.9528,0,146.8337,0.00188,48.9668,38.8874,76.2176,89.9697,124.7988,146.7005,146.5577,0.2343,0.0417,173222.457,126364.489,pod_kill,coupon-service,2026-06-09 14:05:00,2026-06-09 14:20:00,pre_fault,0.15205666,0
2026-06-09 14:04:05,245,EXP_FAULT_01,RUN_01,pod_kill,1,checkoutservice,checkout-f01-01,online-boutique,node-b,0.4487,36.241,0,148.6767,0.001016,49.8859,40.7324,76.0808,89.9013,124.1608,148.6226,148.5257,0.1046,0.0464,164102.5311,98401.0578,pod_kill,coupon-service,2026-06-09 14:05:00,2026-06-09 14:20:00,pre_fault,0.12391208,0
2026-06-09 14:04:10,250,EXP_FAULT_01,RUN_01,pod_kill,1,checkoutservice,checkout-f01-01,online-boutique,node-b,0.4626,36.226,0,144.1311,0.000949,46.6661,36.0915,72.8638,88.6455,114.9971,144.0473,143.9943,0.1295,0.0072,122218.2687,134861.0291,pod_kill,coupon-service,2026-06-09 14:05:00,2026-06-09 14:20:00,pre_fault,0.45243305,0
2026-06-09 14:04:15,255,EXP_FAULT_01,RUN_01,pod_kill,1,checkoutservice,checkout-f01-01,online-boutique,node-b,0.4328,36.2424,0,145.8824,0.000653,49.0638,35.9289,72.3058,92.2309,135.0037,145.8223,145.7872,0.0564,0.0388,141645.159,140420.2037,pod_kill,coupon-service,2026-06-09 14:05:00,2026-06-09 14:20:00,pre_fault,0.42622572,0
2026-06-09 14:04:20,260,EXP_FAULT_01,RUN_01,pod_kill,1,checkoutservice,checkout-f01-01,online-boutique,node-b,0.4195,36.3172,0,137.1114,0.001396,45.3778,33.6631,68.8466,90.4502,127.3786,137.0035,136.9201,0.1482,0.0431,173205.1669,122621.1046,pod_kill,coupon-service,2026-06-09 14:05:00,2026-06-09 14:20:00,pre_fault,0.5126845,0
2026-06-09 14:04:25,265,EXP_FAULT_01,RUN_01,pod_kill,1,checkoutservice,checkout-f01-01,online-boutique,node-b,0.4461,36.0571,0,145.7959,0.001502,46.5865,34.0476,77.8795,91.3288,131.4858,145.7174,145.577,0.1717,0.0472,159428.5386,101900.8996,pod_kill,coupon-service,2026-06-09 14:05:00,2026-06-09 14:20:00,pre_fault,0.45321974,0
2026-06-09 14:04:30,270,EXP_FAULT_01,RUN_01,pod_kill,1,checkoutservice,checkout-f01-01,online-boutique,node-b,0.4103,35.6327,0,142.3504,0.001648,51.0479,41.0769,81.6067,104.6182,124.8002,142.2221,142.1158,0.1928,0.0418,152208.5714,142156.9517,pod_kill,coupon-service,2026-06-09 14:05:00,2026-06-09 14:20:00,pre_fault,1.219754,1
2026-06-09 14:04:35,275,EXP_FAULT_01,RUN_01,pod_kill,1,checkoutservice,checkout-f01-01,online-boutique,node-b,0.4123,35.7151,0,137.7349,0.000468,49.7307,36.4846,79.9398,89.488,120.6492,137.6988,137.6704,0.0419,0.0226,155860.8215,114670.1339,pod_kill,coupon-service,2026-06-09 14:05:00,2026-06-09 14:20:00,pre_fault,1.0578635,1
2026-06-09 14:04:40,280,EXP_FAULT_01,RUN_01,pod_kill,1,checkoutservice,checkout-f01-01,online-boutique,node-b,0.4174,35.987,0,140.7303,0.000331,50.5617,39.9682,81.6796,93.8674,125.8166,140.7044,140.6836,0.0409,0.0057,166090.2481,127081.7434,pod_kill,coupon-service,2026-06-09 14:05:00,2026-06-09 14:20:00,pre_fault,1.035153,1
2026-06-09 14:04:45,285,EXP_FAULT_01,RUN_01,pod_kill,1,checkoutservice,checkout-f01-01,online-boutique,node-b,0.4723,35.3316,0,136.9965,0.001852,49.5473,40.2151,72.3463,99.8819,130.4325,136.8921,136.7427,0.2156,0.0382,151126.9308,131400.7487,pod_kill,coupon-service,2026-06-09 14:05:00,2026-06-09 14:20:00,pre_fault,0.24407986,0
2026-06-09 14:04:50,290,EXP_FAULT_01,RUN_01,pod_kill,1,checkoutservice,checkout-f01-01,online-boutique,node-b,0.4342,35.7332,0,133.424,0.000798,47.2076,37.9991,75.7521,83.2951,120.4015,133.3794,133.3175,0.0807,0.0258,113129.3966,132059.1946,pod_kill,coupon-service,2026-06-09 14:05:00,2026-06-09 14:20:00,pre_fault,0.06369683,0
2026-06-09 14:04:55,295,EXP_FAULT_01,RUN_01,pod_kill,1,checkoutservice,checkout-f01-01,online-boutique,node-b,0.4333,36.2873,0,134.1427,0.001144,47.9847,38.0013,75.7,91.4999,113.0826,134.0807,133.9892,0.1307,0.0228,140525.5563,108133.5492,pod_kill,coupon-service,2026-06-09 14:05:00,2026-06-09 14:20:00,pre_fault,0.071166016,0
2026-06-09 14:05:00,300,EXP_FAULT_01,RUN_01,pod_kill,1,checkoutservice,checkout-f01-01,online-boutique,node-b,0.4395,36.4067,0,108.5195,0.046496,119.4309,68.8654,242.4621,412.8173,750.3543,99.6858,103.4737,0.182,4.8637,152985.6985,87967.7427,pod_kill,coupon-service,2026-06-09 14:05:00,2026-06-09 14:20:00,during_fault,146.75813,1
2026-06-09 14:05:05,305,EXP_FAULT_01,RUN_01,pod_kill,1,checkoutservice,checkout-f01-01,online-boutique,node-b,0.4369,36.9693,0,108.3895,0.046123,107.9051,55.9115,219.1536,370.8794,665.6557,99.6169,103.3902,0.1572,4.8421,119860.3824,104258.3413,pod_kill,coupon-service,2026-06-09 14:05:00,2026-06-09 14:20:00,during_fault,115.61672,1
2026-06-09 14:05:10,310,EXP_FAULT_01,RUN_01,pod_kill,1,checkoutservice,checkout-f01-01,online-boutique,node-b,0.4369,36.6296,0,112.4313,0.045272,111.4685,64.8384,214.2095,384.5984,724.8086,103.4355,107.3413,0.1048,4.9852,119694.2947,114632.4821,pod_kill,coupon-service,2026-06-09 14:05:00,2026-06-09 14:20:00,during_fault,119.99928,1
2026-06-09 14:05:15,315,EXP_FAULT_01,RUN_01,pod_kill,1,checkoutservice,checkout-f01-01,online-boutique,node-b,0.4223,37.2613,0,112.1179,0.044965,105.4648,57.7927,230.2394,326.2212,626.0086,103.2471,107.0765,0.0902,4.9512,147647.4067,111581.8874,pod_kill,coupon-service,2026-06-09 14:05:00,2026-06-09 14:20:00,during_fault,105.24886,1
2026-06-09 14:05:20,320,EXP_FAULT_01,RUN_01,pod_kill,1,checkoutservice,checkout-f01-01,online-boutique,node-b,0.4693,36.1533,0,110.0831,0.045287,115.4609,63.1859,246.9248,353.7223,747.7216,101.4501,105.0979,0.1324,4.8529,141101.9699,130980.5653,pod_kill,coupon-service,2026-06-09 14:05:00,2026-06-09 14:20:00,during_fault,132.61795,1
2026-06-09 14:05:25,325,EXP_FAULT_01,RUN_01,pod_kill,1,checkoutservice,checkout-f01-01,online-boutique,node-b,0.4563,36.5948,0,110.8924,0.044799,112.5648,66.4304,229.9249,350.6268,720.4923,102.3843,105.9245,0.1485,4.8194,137646.3835,91934.6172,pod_kill,coupon-service,2026-06-09 14:05:00,2026-06-09 14:20:00,during_fault,123.30198,1
2026-06-09 14:05:30,330,EXP_FAULT_01,RUN_01,pod_kill,1,checkoutservice,checkout-f01-01,online-boutique,node-b,0.4404,36.2745,0,116.3759,0.044957,105.6289,55.4206,222.441,312.3369,617.6304,107.586,111.144,0.2342,4.9978,121219.1405,144390.5829,pod_kill,coupon-service,2026-06-09 14:05:00,2026-06-09 14:20:00,during_fault,103.03361,1
2026-06-09 14:05:35,335,EXP_FAULT_01,RUN_01,pod_kill,1,checkoutservice,checkout-f01-01,online-boutique,node-b,0.4395,35.6625,0,115.5448,0.044273,115.302,64.7679,231.034,379.8599,628.1116,107.0248,110.4293,0.2343,4.8811,112981.9957,133685.1592,pod_kill,coupon-service,2026-06-09 14:05:00,2026-06-09 14:20:00,during_fault,126.68025,1
2026-06-09 14:05:40,340,EXP_FAULT_01,RUN_01,pod_kill,1,checkoutservice,checkout-f01-01,online-boutique,node-b,0.4484,35.5329,0,111.8555,0.042318,107.252,56.464,206.0679,355.2439,617.8983,103.8966,107.122,0.0853,4.6483,135160.5471,115000.326,pod_kill,coupon-service,2026-06-09 14:05:00,2026-06-09 14:20:00,during_fault,106.28823,1
2026-06-09 14:05:45,345,EXP_FAULT_01,RUN_01,pod_kill,1,checkoutservice,checkout-f01-01,online-boutique,node-b,0.4457,35.9201,0,111.8418,0.042352,115.5547,67.0035,246.2138,366.9965,614.4463,104.104,107.1051,0.1548,4.582,130155.3546,133294.461,pod_kill,coupon-service,2026-06-09 14:05:00,2026-06-09 14:20:00,during_fault,127.502014,1
2026-06-09 14:05:50,350,EXP_FAULT_01,RUN_01,pod_kill,1,checkoutservice,checkout-f01-01,online-boutique,node-b,0.4339,36.435,0,109.8771,0.041679,103.6301,60.5168,212.2275,316.9801,567.6127,102.4956,105.2976,0.1538,4.4258,127575.2861,135277.7534,pod_kill,coupon-service,2026-06-09 14:05:00,2026-06-09 14:20:00,during_fault,98.12428,1
2026-06-09 14:05:55,355,EXP_FAULT_01,RUN_01,pod_kill,1,checkoutservice,checkout-f01-01,online-boutique,node-b,0.446,36.3062,0,116.9992,0.040324,107.181,56.5443,204.0447,345.6718,634.4887,109.465,112.2813,0.0847,4.6331,178525.9881,94056.6546,pod_kill,coupon-service,2026-06-09 14:05:00,2026-06-09 14:20:00,during_fault,99.427505,1
2026-06-09 14:06:00,360,EXP_FAULT_01,RUN_01,pod_kill,1,checkoutservice,checkout-f01-01,online-boutique,node-b,0.4598,35.7515,0,116.9561,0.040014,93.5415,55.1061,177.817,275.7131,515.0042,109.6793,112.2763,0.1327,4.5471,125086.7119,94715.0616,pod_kill,coupon-service,2026-06-09 14:05:00,2026-06-09 14:20:00,during_fault,72.66146,1
2026-06-09 14:06:05,365,EXP_FAULT_01,RUN_01,pod_kill,1,checkoutservice,checkout-f01-01,online-boutique,node-b,0.4547,36.122,0,120.5714,0.038681,102.9191,63.8665,212.0957,302.6121,546.0111,113.3851,115.9076,0.098,4.5659,165537.1445,122997.9826,pod_kill,coupon-service,2026-06-09 14:05:00,2026-06-09 14:20:00,during_fault,85.4415,1
2026-06-09 14:06:10,370,EXP_FAULT_01,RUN_01,pod_kill,1,checkoutservice,checkout-f01-01,online-boutique,node-b,0.4513,37.1591,0,114.3703,0.037697,93.8268,58.7597,174.6729,282.2942,464.093,107.849,110.0589,0.0686,4.2429,130734.8994,98246.9424,pod_kill,coupon-service,2026-06-09 14:05:00,2026-06-09 14:20:00,during_fault,70.20326,1
2026-06-09 14:06:15,375,EXP_FAULT_01,RUN_01,pod_kill,1,checkoutservice,checkout-f01-01,online-boutique,node-b,0.4392,35.7388,0,119.4616,0.037072,99.7017,57.1876,193.2077,295.0396,504.1211,112.9311,115.0329,0.1038,4.3249,113950.5931,144376.7367,pod_kill,coupon-service,2026-06-09 14:05:00,2026-06-09 14:20:00,during_fault,77.655,1
2026-06-09 14:06:20,380,EXP_FAULT_01,RUN_01,pod_kill,1,checkoutservice,checkout-f01-01,online-boutique,node-b,0.4599,36.5433,0,125.4748,0.037146,87.5294,53.0046,167.5276,257.9044,419.156,118.8496,120.8139,0.1846,4.4763,165085.1408,133882.3358,pod_kill,coupon-service,2026-06-09 14:05:00,2026-06-09 14:20:00,during_fault,54.197327,1
2026-06-09 14:06:25,385,EXP_FAULT_01,RUN_01,pod_kill,1,checkoutservice,checkout-f01-01,online-boutique,node-b,0.4419,36.3235,0,121.9634,0.037078,96.9773,55.946,173.964,274.9762,444.0682,115.7405,117.4412,0.2619,4.2603,146983.4698,105997.0437,pod_kill,coupon-service,2026-06-09 14:05:00,2026-06-09 14:20:00,during_fault,70.606346,1
2026-06-09 14:06:30,390,EXP_FAULT_01,RUN_01,pod_kill,1,checkoutservice,checkout-f01-01,online-boutique,node-b,0.4388,35.3297,0,121.8621,0.035446,82.949,52.6536,147.64,248.6261,408.3854,115.9662,117.5426,0.1429,4.1766,177160.1622,123654.9288,pod_kill,coupon-service,2026-06-09 14:05:00,2026-06-09 14:20:00,during_fault,47.29243,1
2026-06-09 14:06:35,395,EXP_FAULT_01,RUN_01,pod_kill,1,checkoutservice,checkout-f01-01,online-boutique,node-b,0.477,35.9967,0,124.5915,0.034387,90.6701,51.1073,184.5263,258.5447,422.1273,118.8086,120.3072,0.0717,4.2127,153501.7655,102918.0148,pod_kill,coupon-service,2026-06-09 14:05:00,2026-06-09 14:20:00,during_fault,55.982075,1
2026-06-09 14:06:40,400,EXP_FAULT_01,RUN_01,pod_kill,1,checkoutservice,checkout-f01-01,online-boutique,node-b,0.4288,36.5074,0,122.364,0.033904,86.9049,49.7351,168.778,227.036,397.0042,116.8878,118.2154,0.115,4.0337,151276.2905,126661.1721,pod_kill,coupon-service,2026-06-09 14:05:00,2026-06-09 14:20:00,during_fault,49.85358,1
2026-06-09 14:06:45,405,EXP_FAULT_01,RUN_01,pod_kill,1,checkoutservice,checkout-f01-01,online-boutique,node-b,0.4384,36.3396,0,125.3092,0.033682,84.4567,54.6181,156.3619,217.3904,395.1811,119.8533,121.0886,0.1431,4.0775,116489.3602,92449.0539,pod_kill,coupon-service,2026-06-09 14:05:00,2026-06-09 14:20:00,during_fault,45.0104,1
2026-06-09 14:06:50,410,EXP_FAULT_01,RUN_01,pod_kill,1,checkoutservice,checkout-f01-01,online-boutique,node-b,0.463,35.595,0,126.938,0.032828,79.6777,48.8426,143.3896,202.7874,365.1849,121.6077,122.7709,0.0839,4.0832,158948.883,136639.9299,pod_kill,coupon-service,2026-06-09 14:05:00,2026-06-09 14:20:00,during_fault,38.993855,1
2026-06-09 14:06:55,415,EXP_FAULT_01,RUN_01,pod_kill,1,checkoutservice,checkout-f01-01,online-boutique,node-b,0.4594,36.4885,0,127.2845,0.033118,87.4591,51.1183,172.5318,221.7084,421.9535,121.9983,123.0691,0.1569,4.0585,125454.1367,131101.1398,pod_kill,coupon-service,2026-06-09 14:05:00,2026-06-09 14:20:00,during_fault,47.60277,1
2026-06-09 14:07:00,420,EXP_FAULT_01,RUN_01,pod_kill,1,checkoutservice,checkout-f01-01,online-boutique,node-b,0.4454,37.0923,0,123.2755,0.033186,79.6911,48.7052,141.194,226.6419,362.5962,118.2274,119.1845,0.1685,3.9225,157263.8106,123196.9223,pod_kill,coupon-service,2026-06-09 14:05:00,2026-06-09 14:20:00,during_fault,39.839283,1
2026-06-09 14:07:05,425,EXP_FAULT_01,RUN_01,pod_kill,1,checkoutservice,checkout-f01-01,online-boutique,node-b,0.4693,36.6373,0,127.3484,0.033155,75.6759,49.662,132.8341,201.4343,335.1665,122.1686,123.1262,0.1908,4.0314,179007.0634,119360.2869,pod_kill,coupon-service,2026-06-09 14:05:00,2026-06-09 14:20:00,during_fault,36.02697,1
2026-06-09 14:07:10,430,EXP_FAULT_01,RUN_01,pod_kill,1,checkoutservice,checkout-f01-01,online-boutique,node-b,0.428,35.8123,0,128.3249,0.03258,83.1205,54.8433,148.7352,217.998,376.8276,123.186,124.1441,0.1217,4.0591,168499.0259,138682.6495,pod_kill,coupon-service,2026-06-09 14:05:00,2026-06-09 14:20:00,during_fault,40.729366,1
2026-06-09 14:07:15,435,EXP_FAULT_01,RUN_01,pod_kill,1,checkoutservice,checkout-f01-01,online-boutique,node-b,0.454,36.3025,0,122.8735,0.032124,74.3654,44.7016,131.1112,205.2028,329.9345,117.9545,118.9263,0.0709,3.8762,152961.5727,100234.4784,pod_kill,coupon-service,2026-06-09 14:05:00,2026-06-09 14:20:00,during_fault,34.737156,1
2026-06-09 14:07:20,440,EXP_FAULT_01,RUN_01,pod_kill,1,checkoutservice,checkout-f01-01,online-boutique,node-b,0.4404,36.6037,0,122.8225,0.032238,85.62,53.4871,170.5965,226.9966,382.6248,117.8566,118.8629,0.0913,3.8683,131242.9931,108322.9965,pod_kill,coupon-service,2026-06-09 14:05:00,2026-06-09 14:20:00,during_fault,45.839504,1
2026-06-09 14:07:25,445,EXP_FAULT_01,RUN_01,pod_kill,1,checkoutservice,checkout-f01-01,online-boutique,node-b,0.4189,36.0352,0,124.7066,0.033334,81.1151,50.7198,160.808,201.3981,348.8436,119.5353,120.5496,0.1915,3.9655,137693.4522,139465.8058,pod_kill,coupon-service,2026-06-09 14:05:00,2026-06-09 14:20:00,during_fault,40.47044,1
2026-06-09 14:07:30,450,EXP_FAULT_01,RUN_01,pod_kill,1,checkoutservice,checkout-f01-01,online-boutique,node-b,0.4484,36.3297,0,121.3498,0.034348,79.4725,46.07,143.5999,215.2355,335.0312,116.1701,117.1816,0.2466,3.9215,143050.9908,93121.1942,pod_kill,coupon-service,2026-06-09 14:05:00,2026-06-09 14:20:00,during_fault,42.74232,1
2026-06-09 14:07:35,455,EXP_FAULT_01,RUN_01,pod_kill,1,checkoutservice,checkout-f01-01,online-boutique,node-b,0.4332,35.6876,0,120.3206,0.033671,76.8397,43.9651,149.9077,198.1845,321.9691,115.0654,116.2693,0.1106,3.9407,159333.9035,128938.1057,pod_kill,coupon-service,2026-06-09 14:05:00,2026-06-09 14:20:00,during_fault,38.510517,1
2026-06-09 14:07:40,460,EXP_FAULT_01,RUN_01,pod_kill,1,checkoutservice,checkout-f01-01,online-boutique,node-b,0.4234,36.3163,0,117.614,0.033792,90.3771,58.3158,177.0006,241.0575,422.884,112.3569,113.6396,0.0918,3.8827,111674.7737,103554.9715,pod_kill,coupon-service,2026-06-09 14:05:00,2026-06-09 14:20:00,during_fault,57.602257,1
2026-06-09 14:07:45,465,EXP_FAULT_01,RUN_01,pod_kill,1,checkoutservice,checkout-f01-01,online-boutique,node-b,0.4502,36.1675,0,116.8876,0.035402,77.5666,49.4475,138.247,229.4755,338.9882,111.4177,112.7495,0.2089,3.9292,146825.7076,99832.9565,pod_kill,coupon-service,2026-06-09 14:05:00,2026-06-09 14:20:00,during_fault,44.799587,1
2026-06-09 14:07:50,470,EXP_FAULT_01,RUN_01,pod_kill,1,checkoutservice,checkout-f01-01,online-boutique,node-b,0.4263,36.644,0,115.4815,0.036084,86.2726,55.8764,167.083,252.549,406.5293,109.8702,111.3145,0.2245,3.9424,151144.1288,112922.5659,pod_kill,coupon-service,2026-06-09 14:05:00,2026-06-09 14:20:00,during_fault,55.422066,1
2026-06-09 14:07:55,475,EXP_FAULT_01,RUN_01,pod_kill,1,checkoutservice,checkout-f01-01,online-boutique,node-b,0.4621,36.1399,0,116.3936,0.037183,92.1313,59.0321,174.8747,261.4687,432.6847,110.455,112.0658,0.2501,4.0778,161462.9857,114353.6555,pod_kill,coupon-service,2026-06-09 14:05:00,2026-06-09 14:20:00,during_fault,66.22778,1
2026-06-09 14:08:00,480,EXP_FAULT_01,RUN_01,pod_kill,1,checkoutservice,checkout-f01-01,online-boutique,node-b,0.4522,37.4109,0,117.0054,0.037111,92.8761,54.9192,183.6838,270.5356,480.9701,110.818,112.6633,0.1726,4.1696,112839.9685,115356.6295,pod_kill,coupon-service,2026-06-09 14:05:00,2026-06-09 14:20:00,during_fault,66.133224,1
2026-06-09 14:08:05,485,EXP_FAULT_01,RUN_01,pod_kill,1,checkoutservice,checkout-f01-01,online-boutique,node-b,0.4502,36.37,0,111.7742,0.038109,94.9341,58.4574,191.3504,258.0606,465.7499,105.595,107.5145,0.2016,4.0581,161204.9545,106778.3616,pod_kill,coupon-service,2026-06-09 14:05:00,2026-06-09 14:20:00,during_fault,74.61888,1
2026-06-09 14:08:10,490,EXP_FAULT_01,RUN_01,pod_kill,1,checkoutservice,checkout-f01-01,online-boutique,node-b,0.4726,37.1587,0,112.6248,0.039263,92.2678,51.9129,192.7205,253.4276,445.1686,106.1374,108.2028,0.2516,4.1704,164841.4345,118288.8943,pod_kill,coupon-service,2026-06-09 14:05:00,2026-06-09 14:20:00,during_fault,72.21092,1
2026-06-09 14:08:15,495,EXP_FAULT_01,RUN_01,pod_kill,1,checkoutservice,checkout-f01-01,online-boutique,node-b,0.4558,35.9634,0,108.9508,0.039467,99.0515,54.0251,182.8194,296.8154,513.8775,102.4381,104.6508,0.1832,4.1168,122943.6145,129390.9127,pod_kill,coupon-service,2026-06-09 14:05:00,2026-06-09 14:20:00,during_fault,86.43541,1
2026-06-09 14:08:20,500,EXP_FAULT_01,RUN_01,pod_kill,1,checkoutservice,checkout-f01-01,online-boutique,node-b,0.4391,35.3997,0,109.2574,0.039891,104.3523,57.7014,220.9206,317.9654,514.0437,102.483,104.8989,0.1068,4.2517,139519.3001,126344.7043,pod_kill,coupon-service,2026-06-09 14:05:00,2026-06-09 14:20:00,during_fault,98.09816,1
2026-06-09 14:08:25,505,EXP_FAULT_01,RUN_01,pod_kill,1,checkoutservice,checkout-f01-01,online-boutique,node-b,0.4734,36.1706,0,110.9623,0.040735,109.2017,66.6907,218.1378,343.2491,637.7405,103.7843,106.4422,0.1436,4.3764,138120.8423,86049.2027,pod_kill,coupon-service,2026-06-09 14:05:00,2026-06-09 14:20:00,during_fault,109.39187,1
2026-06-09 14:08:30,510,EXP_FAULT_01,RUN_01,pod_kill,1,checkoutservice,checkout-f01-01,online-boutique,node-b,0.429,36.2179,0,109.1663,0.041392,108.7063,62.8376,216.3489,333.9257,623.316,101.8759,104.6477,0.1175,4.4011,139076.6435,96230.8413,pod_kill,coupon-service,2026-06-09 14:05:00,2026-06-09 14:20:00,during_fault,110.318436,1
2026-06-09 14:08:35,515,EXP_FAULT_01,RUN_01,pod_kill,1,checkoutservice,checkout-f01-01,online-boutique,node-b,0.4578,36.1982,0,108.6658,0.042058,99.7329,51.6932,194.1495,289.2868,543.7841,101.1552,104.0956,0.1166,4.4536,158460.9387,110159.0404,pod_kill,coupon-service,2026-06-09 14:05:00,2026-06-09 14:20:00,during_fault,92.08044,1
2026-06-09 14:08:40,520,EXP_FAULT_01,RUN_01,pod_kill,1,checkoutservice,checkout-f01-01,online-boutique,node-b,0.4351,36.6659,0,109.9363,0.043123,101.1732,53.1247,193.7697,327.6483,523.8384,102.0926,105.1955,0.1377,4.6031,136117.3402,111051.9123,pod_kill,coupon-service,2026-06-09 14:05:00,2026-06-09 14:20:00,during_fault,95.02916,1
2026-06-09 14:08:45,525,EXP_FAULT_01,RUN_01,pod_kill,1,checkoutservice,checkout-f01-01,online-boutique,node-b,0.449,36.3731,0,108.9674,0.044032,106.561,59.169,209.0344,307.9639,633.0773,100.9705,104.1694,0.1741,4.6239,132392.71,97651.8562,pod_kill,coupon-service,2026-06-09 14:05:00,2026-06-09 14:20:00,during_fault,109.08656,1
2026-06-09 14:08:50,530,EXP_FAULT_01,RUN_01,pod_kill,1,checkoutservice,checkout-f01-01,online-boutique,node-b,0.4643,36.7249,0,110.4403,0.044782,112.9671,65.5545,217.6161,334.384,643.7833,102.1115,105.4945,0.221,4.7248,111904.4186,99026.7311,pod_kill,coupon-service,2026-06-09 14:05:00,2026-06-09 14:20:00,during_fault,124.734985,1
2026-06-09 14:08:55,535,EXP_FAULT_01,RUN_01,pod_kill,1,checkoutservice,checkout-f01-01,online-boutique,node-b,0.4087,36.3431,0,109.6852,0.045508,120.6011,71.5307,255.5785,392.1995,741.8649,101.2043,104.6936,0.2058,4.7858,143518.3265,116483.7329,pod_kill,coupon-service,2026-06-09 14:05:00,2026-06-09 14:20:00,during_fault,149.31985,1
2026-06-09 14:09:00,540,EXP_FAULT_01,RUN_01,pod_kill,1,checkoutservice,checkout-f01-01,online-boutique,node-b,0.4439,35.7405,0,113.6109,0.045322,113.6463,64.5721,223.5502,368.5656,697.7511,104.7272,108.4618,0.187,4.9621,168398.9461,103406.0637,pod_kill,coupon-service,2026-06-09 14:05:00,2026-06-09 14:20:00,during_fault,125.1166,1
2026-06-09 14:09:05,545,EXP_FAULT_01,RUN_01,pod_kill,1,checkoutservice,checkout-f01-01,online-boutique,node-b,0.4259,36.5743,0,109.1694,0.046127,116.5267,66.1703,239.8926,390.8658,664.5025,100.4911,104.1338,0.2118,4.8238,139099.7591,135441.1466,pod_kill,coupon-service,2026-06-09 14:05:00,2026-06-09 14:20:00,during_fault,137.55852,1
2026-06-09 14:09:10,550,EXP_FAULT_01,RUN_01,pod_kill,1,checkoutservice,checkout-f01-01,online-boutique,node-b,0.4595,36.5264,0,114.5026,0.04683,118.1332,64.9729,233.9237,354.0852,650.5007,105.3044,109.1405,0.2616,5.1005,179745.8827,134368.5759,pod_kill,coupon-service,2026-06-09 14:05:00,2026-06-09 14:20:00,during_fault,138.41138,1
2026-06-09 14:09:15,555,EXP_FAULT_01,RUN_01,pod_kill,1,checkoutservice,checkout-f01-01,online-boutique,node-b,0.4383,36.3806,0,110.2432,0.045122,127.3421,69.1513,259.9662,393.2916,758.2276,101.3766,105.2688,0.0659,4.9085,133294.0426,113791.4094,pod_kill,coupon-service,2026-06-09 14:05:00,2026-06-09 14:20:00,during_fault,168.84311,1
2026-06-09 14:09:20,560,EXP_FAULT_01,RUN_01,pod_kill,1,checkoutservice,checkout-f01-01,online-boutique,node-b,0.4414,36.3724,0,111.3313,0.046125,121.6915,61.1238,261.5616,402.4403,672.996,102.3212,106.1961,0.1434,4.9918,159328.169,96786.733,pod_kill,coupon-service,2026-06-09 14:05:00,2026-06-09 14:20:00,during_fault,150.69887,1
2026-06-09 14:09:25,565,EXP_FAULT_01,RUN_01,pod_kill,1,checkoutservice,checkout-f01-01,online-boutique,node-b,0.4284,36.3691,0,114.3298,0.046631,121.8114,65.1241,269.5786,373.2128,699.0674,105.0337,108.9985,0.1977,5.1336,120907.7379,137982.3958,pod_kill,coupon-service,2026-06-09 14:05:00,2026-06-09 14:20:00,during_fault,149.70322,1
2026-06-09 14:09:30,570,EXP_FAULT_01,RUN_01,pod_kill,1,checkoutservice,checkout-f01-01,online-boutique,node-b,0.4295,36.2406,0,112.7395,0.046977,119.8571,60.653,266.6137,375.1468,765.3256,103.5874,107.4433,0.2584,5.0378,161994.963,114871.8761,pod_kill,coupon-service,2026-06-09 14:05:00,2026-06-09 14:20:00,during_fault,145.56644,1
2026-06-09 14:09:35,575,EXP_FAULT_01,RUN_01,pod_kill,1,checkoutservice,checkout-f01-01,online-boutique,node-b,0.413,36.5378,0,116.1959,0.046485,114.066,61.2273,226.71,345.5424,718.9317,106.831,110.7945,0.2331,5.1683,147841.4445,112300.911,pod_kill,coupon-service,2026-06-09 14:05:00,2026-06-09 14:20:00,during_fault,126.278915,1
2026-06-09 14:09:40,580,EXP_FAULT_01,RUN_01,pod_kill,1,checkoutservice,checkout-f01-01,online-boutique,node-b,0.44,35.8844,0,116.6701,0.045294,119.6778,66.8376,265.2411,411.6154,644.4101,107.4211,111.3857,0.1456,5.1388,144155.2123,137733.0566,pod_kill,coupon-service,2026-06-09 14:05:00,2026-06-09 14:20:00,during_fault,139.4613,1
2026-06-09 14:09:45,585,EXP_FAULT_01,RUN_01,pod_kill,1,checkoutservice,checkout-f01-01,online-boutique,node-b,0.4663,36.8199,0,117.5002,0.046103,117.6726,68.4277,225.2653,367.251,758.0525,108.2445,112.0831,0.2401,5.1771,180744.5328,137749.4574,pod_kill,coupon-service,2026-06-09 14:05:00,2026-06-09 14:20:00,during_fault,133.59822,1
2026-06-09 14:09:50,590,EXP_FAULT_01,RUN_01,pod_kill,1,checkoutservice,checkout-f01-01,online-boutique,node-b,0.4449,35.8499,0,114.5757,0.045381,116.3268,67.7916,238.832,369.0429,650.0747,105.7137,109.3761,0.2129,4.9867,174869.5726,136952.5688,pod_kill,coupon-service,2026-06-09 14:05:00,2026-06-09 14:20:00,during_fault,131.58116,1
2026-06-09 14:09:55,595,EXP_FAULT_01,RUN_01,pod_kill,1,checkoutservice,checkout-f01-01,online-boutique,node-b,0.4214,35.9622,0,116.4186,0.043626,115.2228,67.3517,228.8476,372.415,694.8614,107.6972,111.3397,0.1004,4.9785,157871.1296,116179.5049,pod_kill,coupon-service,2026-06-09 14:05:00,2026-06-09 14:20:00,during_fault,125.46029,1
2026-06-09 14:10:00,600,EXP_FAULT_01,RUN_01,pod_kill,1,checkoutservice,checkout-f01-01,online-boutique,node-b,0.4458,35.3484,0,118.0542,0.044735,104.0867,57.1915,221.0927,338.0907,628.5318,109.3733,112.773,0.2842,4.997,144660.3902,147082.3415,pod_kill,coupon-service,2026-06-09 14:05:00,2026-06-09 14:20:00,during_fault,98.75444,1
2026-06-09 14:10:05,605,EXP_FAULT_01,RUN_01,pod_kill,1,checkoutservice,checkout-f01-01,online-boutique,node-b,0.4798,36.5991,0,116.4892,0.042523,106.9832,58.9417,218.4235,309.8606,553.435,108.2051,111.5358,0.1092,4.8443,125230.0336,145546.05,pod_kill,coupon-service,2026-06-09 14:05:00,2026-06-09 14:20:00,during_fault,102.876144,1
2026-06-09 14:10:10,610,EXP_FAULT_01,RUN_01,pod_kill,1,checkoutservice,checkout-f01-01,online-boutique,node-b,0.4679,36.1213,0,117.7541,0.042387,112.9462,60.1833,217.9587,368.5449,643.2955,109.5937,112.7629,0.1834,4.8078,182240.1109,99519.0699,pod_kill,coupon-service,2026-06-09 14:05:00,2026-06-09 14:20:00,during_fault,115.873245,1
2026-06-09 14:10:15,615,EXP_FAULT_01,RUN_01,pod_kill,1,checkoutservice,checkout-f01-01,online-boutique,node-b,0.4676,35.1964,0,117.1993,0.042395,104.0564,63.047,213.0646,326.8223,521.3878,109.3172,112.2307,0.2513,4.7173,125931.1311,114873.9164,pod_kill,coupon-service,2026-06-09 14:05:00,2026-06-09 14:20:00,during_fault,96.00099,1
2026-06-09 14:10:20,620,EXP_FAULT_01,RUN_01,pod_kill,1,checkoutservice,checkout-f01-01,online-boutique,node-b,0.4313,36.5302,0,119.5372,0.040931,94.4813,55.8965,196.1594,282.7181,533.8641,111.8119,114.6444,0.1537,4.7391,162564.9135,134451.2304,pod_kill,coupon-service,2026-06-09 14:05:00,2026-06-09 14:20:00,during_fault,72.94098,1
2026-06-09 14:10:25,625,EXP_FAULT_01,RUN_01,pod_kill,1,checkoutservice,checkout-f01-01,online-boutique,node-b,0.4357,36.554,0,122.0076,0.039923,96.4148,53.6635,205.3817,270.4335,506.0755,114.4308,117.1367,0.1274,4.7435,137735.5562,131799.3871,pod_kill,coupon-service,2026-06-09 14:05:00,2026-06-09 14:20:00,during_fault,73.26387,1
2026-06-09 14:10:30,630,EXP_FAULT_01,RUN_01,pod_kill,1,checkoutservice,checkout-f01-01,online-boutique,node-b,0.4399,36.0462,0,120.4478,0.039025,94.0291,52.1035,193.8331,266.1913,523.046,113.2657,115.7473,0.1361,4.5644,158366.6369,110554.2269,pod_kill,coupon-service,2026-06-09 14:05:00,2026-06-09 14:20:00,during_fault,69.09071,1
2026-06-09 14:10:35,635,EXP_FAULT_01,RUN_01,pod_kill,1,checkoutservice,checkout-f01-01,online-boutique,node-b,0.421,35.6601,0,119.4895,0.039122,88.391,52.432,179.55,277.1839,477.4567,112.5901,114.8148,0.2207,4.4539,163912.2542,116077.4204,pod_kill,coupon-service,2026-06-09 14:05:00,2026-06-09 14:20:00,during_fault,60.598427,1
2026-06-09 14:10:40,640,EXP_FAULT_01,RUN_01,pod_kill,1,checkoutservice,checkout-f01-01,online-boutique,node-b,0.4224,36.0684,0,121.4094,0.037369,94.7186,55.9118,191.848,290.246,456.6769,114.7533,116.8724,0.1067,4.4303,121347.1821,91319.1558,pod_kill,coupon-service,2026-06-09 14:05:00,2026-06-09 14:20:00,during_fault,67.462036,1
2026-06-09 14:10:45,645,EXP_FAULT_01,RUN_01,pod_kill,1,checkoutservice,checkout-f01-01,online-boutique,node-b,0.431,35.5952,0,123.1495,0.036799,90.5552,56.8183,169.1732,243.5841,433.1274,116.6289,118.6178,0.1266,4.4052,180234.0274,129042.2696,pod_kill,coupon-service,2026-06-09 14:05:00,2026-06-09 14:20:00,during_fault,59.0419,1
2026-06-09 14:10:50,650,EXP_FAULT_01,RUN_01,pod_kill,1,checkoutservice,checkout-f01-01,online-boutique,node-b,0.4222,35.8925,0,120.1636,0.035781,86.7563,55.6776,154.4003,235.8273,413.1958,114.1086,115.864,0.0825,4.217,148040.4328,128060.7222,pod_kill,coupon-service,2026-06-09 14:05:00,2026-06-09 14:20:00,during_fault,53.354828,1
2026-06-09 14:10:55,655,EXP_FAULT_01,RUN_01,pod_kill,1,checkoutservice,checkout-f01-01,online-boutique,node-b,0.4642,36.1797,0,117.5957,0.035317,87.7521,56.9308,167.9044,246.1926,391.9681,111.8826,113.4425,0.1325,4.0207,164001.6282,124979.4427,pod_kill,coupon-service,2026-06-09 14:05:00,2026-06-09 14:20:00,during_fault,56.42272,1
2026-06-09 14:11:00,660,EXP_FAULT_01,RUN_01,pod_kill,1,checkoutservice,checkout-f01-01,online-boutique,node-b,0.4281,36.1171,0,122.0681,0.035477,85.9039,49.2042,170.4383,241.6784,438.7548,116.3577,117.7374,0.2018,4.1288,173463.1382,131492.181,pod_kill,coupon-service,2026-06-09 14:05:00,2026-06-09 14:20:00,during_fault,50.90274,1
2026-06-09 14:11:05,665,EXP_FAULT_01,RUN_01,pod_kill,1,checkoutservice,checkout-f01-01,online-boutique,node-b,0.4282,35.6126,0,119.3856,0.033815,87.1343,51.2737,155.2966,223.5574,388.2218,114.0367,115.3486,0.0696,3.9674,135531.8677,123998.1119,pod_kill,coupon-service,2026-06-09 14:05:00,2026-06-09 14:20:00,during_fault,51.94032,1
2026-06-09 14:11:10,670,EXP_FAULT_01,RUN_01,pod_kill,1,checkoutservice,checkout-f01-01,online-boutique,node-b,0.4571,36.6512,0,121.8265,0.033505,83.0942,50.4918,158.8637,233.9878,388.2696,116.5504,117.7447,0.1142,3.9676,171654.7526,99799.434,pod_kill,coupon-service,2026-06-09 14:05:00,2026-06-09 14:20:00,during_fault,45.24778,1
2026-06-09 14:11:15,675,EXP_FAULT_01,RUN_01,pod_kill,1,checkoutservice,checkout-f01-01,online-boutique,node-b,0.4296,36.6898,0,118.9607,0.03341,80.4664,52.1023,162.4709,216.0504,385.0122,113.8982,114.9862,0.1613,3.8132,152419.0926,123823.3221,pod_kill,coupon-service,2026-06-09 14:05:00,2026-06-09 14:20:00,during_fault,42.753212,1
2026-06-09 14:11:20,680,EXP_FAULT_01,RUN_01,pod_kill,1,checkoutservice,checkout-f01-01,online-boutique,node-b,0.4342,36.5414,0,119.9536,0.034075,88.0074,51.0435,151.6313,247.4898,373.1865,114.9728,115.8662,0.2431,3.8444,159248.3693,133049.4973,pod_kill,coupon-service,2026-06-09 14:05:00,2026-06-09 14:20:00,during_fault,52.88973,1
2026-06-09 14:11:25,685,EXP_FAULT_01,RUN_01,pod_kill,1,checkoutservice,checkout-f01-01,online-boutique,node-b,0.4163,35.7533,0,123.5854,0.03308,76.7012,47.8848,153.8328,196.9486,326.19,118.5256,119.4972,0.163,3.9252,118479.2733,137374.1303,pod_kill,coupon-service,2026-06-09 14:05:00,2026-06-09 14:20:00,during_fault,35.42462,1
2026-06-09 14:11:30,690,EXP_FAULT_01,RUN_01,pod_kill,1,checkoutservice,checkout-f01-01,online-boutique,node-b,0.4371,36.3682,0,121.1886,0.032517,84.0446,55.9942,157.5976,213.0905,345.0863,116.3278,117.248,0.136,3.8046,155719.7951,108854.0594,pod_kill,coupon-service,2026-06-09 14:05:00,2026-06-09 14:20:00,during_fault,44.968674,1
2026-06-09 14:11:35,695,EXP_FAULT_01,RUN_01,pod_kill,1,checkoutservice,checkout-f01-01,online-boutique,node-b,0.4372,36.5657,0,120.0619,0.033105,79.4149,50.3129,156.7723,197.2035,336.8996,115.2287,116.0873,0.1987,3.7759,146239.0804,119637.0215,pod_kill,coupon-service,2026-06-09 14:05:00,2026-06-09 14:20:00,during_fault,40.940132,1
2026-06-09 14:11:40,700,EXP_FAULT_01,RUN_01,pod_kill,1,checkoutservice,checkout-f01-01,online-boutique,node-b,0.4272,36.4776,0,123.0864,0.032216,79.543,47.9513,137.6941,218.0027,364.6932,118.1708,119.1211,0.08,3.8853,130797.0331,107462.3806,pod_kill,coupon-service,2026-06-09 14:05:00,2026-06-09 14:20:00,during_fault,38.317894,1
2026-06-09 14:11:45,705,EXP_FAULT_01,RUN_01,pod_kill,1,checkoutservice,checkout-f01-01,online-boutique,node-b,0.4325,37.1612,0,125.67,0.032245,78.3293,46.1642,141.4913,203.0998,347.596,120.6064,121.6178,0.0878,3.9645,142428.7483,134856.7801,pod_kill,coupon-service,2026-06-09 14:05:00,2026-06-09 14:20:00,during_fault,35.755264,1
2026-06-09 14:11:50,710,EXP_FAULT_01,RUN_01,pod_kill,1,checkoutservice,checkout-f01-01,online-boutique,node-b,0.4528,35.93,0,124.22,0.032984,79.0096,46.1365,149.387,205.5605,336.808,119.0743,120.1228,0.1392,3.9581,153458.1029,122270.9859,pod_kill,coupon-service,2026-06-09 14:05:00,2026-06-09 14:20:00,during_fault,39.273197,1
2026-06-09 14:11:55,715,EXP_FAULT_01,RUN_01,pod_kill,1,checkoutservice,checkout-f01-01,online-boutique,node-b,0.4112,36.2145,0,126.8613,0.033145,85.5206,53.44,149.3927,248.3654,366.9125,121.5137,122.6565,0.1091,4.0957,147877.3861,136588.2868,pod_kill,coupon-service,2026-06-09 14:05:00,2026-06-09 14:20:00,during_fault,45.19168,1
2026-06-09 14:12:00,720,EXP_FAULT_01,RUN_01,pod_kill,1,checkoutservice,checkout-f01-01,online-boutique,node-b,0.4404,36.1674,0,121.9583,0.03386,82.7214,48.7416,161.6561,239.9635,361.8677,116.6434,117.8289,0.1639,3.9655,161819.4207,135817.7453,pod_kill,coupon-service,2026-06-09 14:05:00,2026-06-09 14:20:00,during_fault,44.93465,1
2026-06-09 14:12:05,725,EXP_FAULT_01,RUN_01,pod_kill,1,checkoutservice,checkout-f01-01,online-boutique,node-b,0.4125,37.0453,0,119.2632,0.033778,82.358,51.7402,146.3127,216.6758,369.9163,113.9299,115.2348,0.081,3.9475,126281.7299,120880.8237,pod_kill,coupon-service,2026-06-09 14:05:00,2026-06-09 14:20:00,during_fault,44.97489,1
2026-06-09 14:12:10,730,EXP_FAULT_01,RUN_01,pod_kill,1,checkoutservice,checkout-f01-01,online-boutique,node-b,0.4843,35.5315,0,127.0249,0.035856,82.9377,53.8405,167.8005,226.6916,387.6194,121.0158,122.4703,0.2695,4.2851,168669.5051,141432.3312,pod_kill,coupon-service,2026-06-09 14:05:00,2026-06-09 14:20:00,during_fault,48.027565,1
2026-06-09 14:12:15,735,EXP_FAULT_01,RUN_01,pod_kill,1,checkoutservice,checkout-f01-01,online-boutique,node-b,0.4743,35.8236,0,127.4961,0.036332,88.3314,53.0895,174.2673,264.9504,459.3277,121.2808,122.8639,0.2602,4.372,180869.3734,143232.5084,pod_kill,coupon-service,2026-06-09 14:05:00,2026-06-09 14:20:00,during_fault,53.847046,1
2026-06-09 14:12:20,740,EXP_FAULT_01,RUN_01,pod_kill,1,checkoutservice,checkout-f01-01,online-boutique,node-b,0.4493,36.2447,0,132.4588,0.036325,95.0278,57.0058,171.4126,288.9802,470.5593,125.7497,127.6473,0.1716,4.64,147429.2903,137016.5793,pod_kill,coupon-service,2026-06-09 14:05:00,2026-06-09 14:20:00,during_fault,60.28188,1
2026-06-09 14:12:25,745,EXP_FAULT_01,RUN_01,pod_kill,1,checkoutservice,checkout-f01-01,online-boutique,node-b,0.4493,36.958,0,127.6581,0.036758,92.5261,56.7056,177.0642,284.0387,465.0239,120.9305,122.9656,0.1667,4.5258,152386.9392,96773.4807,pod_kill,coupon-service,2026-06-09 14:05:00,2026-06-09 14:20:00,during_fault,59.10382,1
2026-06-09 14:12:30,750,EXP_FAULT_01,RUN_01,pod_kill,1,checkoutservice,checkout-f01-01,online-boutique,node-b,0.4479,36.0632,0,135.1223,0.038257,95.0958,58.9599,180.9507,256.1461,444.7778,127.6751,129.9529,0.2781,4.8913,160441.3226,138501.8928,pod_kill,coupon-service,2026-06-09 14:05:00,2026-06-09 14:20:00,during_fault,61.3745,1
2026-06-09 14:12:35,755,EXP_FAULT_01,RUN_01,pod_kill,1,checkoutservice,checkout-f01-01,online-boutique,node-b,0.4483,36.2065,0,128.097,0.039344,98.5044,61.3703,202.9081,291.5633,523.4526,120.7372,123.0571,0.2824,4.7574,152610.3416,108705.6388,pod_kill,coupon-service,2026-06-09 14:05:00,2026-06-09 14:20:00,during_fault,72.76498,1
2026-06-09 14:12:40,760,EXP_FAULT_01,RUN_01,pod_kill,1,checkoutservice,checkout-f01-01,online-boutique,node-b,0.4537,36.0453,0,128.2259,0.038521,102.8614,57.3246,193.1298,322.1027,563.2839,120.6065,123.2865,0.0754,4.864,127823.5502,112279.3794,pod_kill,coupon-service,2026-06-09 14:05:00,2026-06-09 14:20:00,during_fault,80.284325,1
2026-06-09 14:12:45,765,EXP_FAULT_01,RUN_01,pod_kill,1,checkoutservice,checkout-f01-01,online-boutique,node-b,0.4728,36.6231,0,133.4276,0.040001,100.4393,55.3482,205.1495,295.508,537.8147,125.1462,128.0904,0.1713,5.1659,173777.6132,148354.0739,pod_kill,coupon-service,2026-06-09 14:05:00,2026-06-09 14:20:00,during_fault,74.25612,1
2026-06-09 14:12:50,770,EXP_FAULT_01,RUN_01,pod_kill,1,checkoutservice,checkout-f01-01,online-boutique,node-b,0.4413,37.0428,0,125.5411,0.040553,97.2074,56.3874,185.7338,309.3895,518.82,117.4568,120.45,0.1523,4.9387,180593.911,111302.3084,pod_kill,coupon-service,2026-06-09 14:05:00,2026-06-09 14:20:00,during_fault,73.24175,1
2026-06-09 14:12:55,775,EXP_FAULT_01,RUN_01,pod_kill,1,checkoutservice,checkout-f01-01,online-boutique,node-b,0.4552,36.2641,0,129.0776,0.04149,113.2157,61.7255,230.7108,366.7668,672.4997,120.4432,123.7221,0.1434,5.212,176136.4772,128529.1832,pod_kill,coupon-service,2026-06-09 14:05:00,2026-06-09 14:20:00,during_fault,107.294846,1
2026-06-09 14:13:00,780,EXP_FAULT_01,RUN_01,pod_kill,1,checkoutservice,checkout-f01-01,online-boutique,node-b,0.4523,36.0271,0,121.7185,0.042197,101.4727,59.3767,217.0731,322.1545,521.4077,113.3172,116.5822,0.1663,4.9699,156623.1807,109055.5543,pod_kill,coupon-service,2026-06-09 14:05:00,2026-06-09 14:20:00,during_fault,86.66576,1
2026-06-09 14:13:05,785,EXP_FAULT_01,RUN_01,pod_kill,1,checkoutservice,checkout-f01-01,online-boutique,node-b,0.4345,36.0207,0,126.9439,0.042472,115.7652,65.8737,231.8449,355.3914,607.1361,117.9241,121.5523,0.1222,5.2694,162286.7267,108670.3709,pod_kill,coupon-service,2026-06-09 14:05:00,2026-06-09 14:20:00,during_fault,117.379295,1
2026-06-09 14:13:10,790,EXP_FAULT_01,RUN_01,pod_kill,1,checkoutservice,checkout-f01-01,online-boutique,node-b,0.4465,36.9279,0,128.7141,0.043639,102.8861,60.952,219.8792,335.9461,595.9144,119.2317,123.0971,0.1685,5.4485,186179.0596,146433.233,pod_kill,coupon-service,2026-06-09 14:05:00,2026-06-09 14:20:00,during_fault,86.511826,1
2026-06-09 14:13:15,795,EXP_FAULT_01,RUN_01,pod_kill,1,checkoutservice,checkout-f01-01,online-boutique,node-b,0.447,36.5499,0,129.6133,0.045161,119.983,63.8153,256.8626,399.4171,753.5667,119.8274,123.7598,0.271,5.5825,186396.3871,162929.0555,pod_kill,coupon-service,2026-06-09 14:05:00,2026-06-09 14:20:00,during_fault,129.73251,1
2026-06-09 14:13:20,800,EXP_FAULT_01,RUN_01,pod_kill,1,checkoutservice,checkout-f01-01,online-boutique,node-b,0.4434,36.2403,0,127.4566,0.045448,119.5303,63.068,227.3755,384.1433,729.8818,117.6121,121.6639,0.2435,5.5492,131950.708,139053.2667,pod_kill,coupon-service,2026-06-09 14:05:00,2026-06-09 14:20:00,during_fault,130.60178,1
2026-06-09 14:13:25,805,EXP_FAULT_01,RUN_01,pod_kill,1,checkoutservice,checkout-f01-01,online-boutique,node-b,0.4577,35.4873,0,127.0544,0.046038,118.4853,67.0663,250.042,378.2608,698.2343,117.0822,121.2051,0.264,5.5853,135217.0365,113836.627,pod_kill,coupon-service,2026-06-09 14:05:00,2026-06-09 14:20:00,during_fault,128.65137,1
2026-06-09 14:13:30,810,EXP_FAULT_01,RUN_01,pod_kill,1,checkoutservice,checkout-f01-01,online-boutique,node-b,0.4628,36.6222,0,126.2304,0.045847,130.0401,68.6328,275.9202,411.2636,840.6919,116.2158,120.4431,0.2206,5.5667,154359.1694,157645.8954,pod_kill,coupon-service,2026-06-09 14:05:00,2026-06-09 14:20:00,during_fault,164.40848,1
2026-06-09 14:13:35,815,EXP_FAULT_01,RUN_01,pod_kill,1,checkoutservice,checkout-f01-01,online-boutique,node-b,0.4641,37.0905,0,128.2157,0.045839,129.3201,65.6415,278.1817,391.2875,805.7157,117.932,122.3385,0.1921,5.6852,183652.3117,153002.3433,pod_kill,coupon-service,2026-06-09 14:05:00,2026-06-09 14:20:00,during_fault,160.2235,1
2026-06-09 14:13:40,820,EXP_FAULT_01,RUN_01,pod_kill,1,checkoutservice,checkout-f01-01,online-boutique,node-b,0.4344,36.4948,0,121.3174,0.04658,121.9755,64.4753,251.9431,363.8979,706.7163,111.5101,115.6665,0.2471,5.4038,183032.7194,128640.9856,pod_kill,coupon-service,2026-06-09 14:05:00,2026-06-09 14:20:00,during_fault,144.22632,1
2026-06-09 14:13:45,825,EXP_FAULT_01,RUN_01,pod_kill,1,checkoutservice,checkout-f01-01,online-boutique,node-b,0.4481,35.9218,0,124.565,0.046051,120.9338,68.084,246.298,389.2413,714.9317,114.4684,118.8287,0.1418,5.5945,183269.6086,117049.6229,pod_kill,coupon-service,2026-06-09 14:05:00,2026-06-09 14:20:00,during_fault,137.63173,1
2026-06-09 14:13:50,830,EXP_FAULT_01,RUN_01,pod_kill,1,checkoutservice,checkout-f01-01,online-boutique,node-b,0.4871,36.8174,0,123.4473,0.045729,128.0294,74.6039,278.4872,423.0913,831.8889,113.4767,117.8022,0.134,5.5111,161774.1695,118905.8748,pod_kill,coupon-service,2026-06-09 14:05:00,2026-06-09 14:20:00,during_fault,159.50932,1
2026-06-09 14:13:55,835,EXP_FAULT_01,RUN_01,pod_kill,1,checkoutservice,checkout-f01-01,online-boutique,node-b,0.4809,36.7179,0,127.4051,0.046045,113.7057,65.2478,223.6804,372.5131,714.7013,117.1247,121.5387,0.186,5.6804,189682.7683,108458.8433,pod_kill,coupon-service,2026-06-09 14:05:00,2026-06-09 14:20:00,during_fault,115.759155,1
2026-06-09 14:14:00,840,EXP_FAULT_01,RUN_01,pod_kill,1,checkoutservice,checkout-f01-01,online-boutique,node-b,0.4535,36.0513,0,124.5246,0.04602,121.0399,62.9816,246.4995,390.7063,721.0033,114.5214,118.794,0.1795,5.5511,168027.2941,105813.9344,pod_kill,coupon-service,2026-06-09 14:05:00,2026-06-09 14:20:00,during_fault,137.7664,1
2026-06-09 14:14:05,845,EXP_FAULT_01,RUN_01,pod_kill,1,checkoutservice,checkout-f01-01,online-boutique,node-b,0.4505,36.5618,0,122.6064,0.045886,120.5584,67.8893,255.0354,360.3444,729.8823,112.8848,116.9804,0.2195,5.4064,131991.3801,151996.9843,pod_kill,coupon-service,2026-06-09 14:05:00,2026-06-09 14:20:00,during_fault,137.60664,1
2026-06-09 14:14:10,850,EXP_FAULT_01,RUN_01,pod_kill,1,checkoutservice,checkout-f01-01,online-boutique,node-b,0.4472,36.5578,0,122.8726,0.046073,120.6616,67.9063,259.7217,361.3539,775.2914,113.1868,117.2115,0.2601,5.4009,152871.2932,141606.5954,pod_kill,coupon-service,2026-06-09 14:05:00,2026-06-09 14:20:00,during_fault,138.00883,1
2026-06-09 14:14:15,855,EXP_FAULT_01,RUN_01,pod_kill,1,checkoutservice,checkout-f01-01,online-boutique,node-b,0.4172,36.0209,0,124.8966,0.044317,121.6078,65.5495,258.7537,369.0764,727.3606,115.3265,119.3615,0.091,5.444,140260.0643,125688.8724,pod_kill,coupon-service,2026-06-09 14:05:00,2026-06-09 14:20:00,during_fault,138.9012,1
2026-06-09 14:14:20,860,EXP_FAULT_01,RUN_01,pod_kill,1,checkoutservice,checkout-f01-01,online-boutique,node-b,0.4086,35.949,0,125.6794,0.044527,109.4795,59.2038,216.1245,365.8436,678.9314,116.2436,120.0833,0.1911,5.405,133591.9841,113538.1012,pod_kill,coupon-service,2026-06-09 14:05:00,2026-06-09 14:20:00,during_fault,105.57124,1
2026-06-09 14:14:25,865,EXP_FAULT_01,RUN_01,pod_kill,1,checkoutservice,checkout-f01-01,online-boutique,node-b,0.4578,37.2682,0,123.862,0.044336,107.4456,58.875,219.5782,355.3165,626.2523,114.755,118.3705,0.2548,5.2367,134032.1962,139872.5938,pod_kill,coupon-service,2026-06-09 14:05:00,2026-06-09 14:20:00,during_fault,100.49072,1
2026-06-09 14:14:30,870,EXP_FAULT_01,RUN_01,pod_kill,1,checkoutservice,checkout-f01-01,online-boutique,node-b,0.4563,35.9965,0,127.7403,0.043351,110.3414,63.5569,238.1361,343.3278,680.0198,118.58,122.2027,0.227,5.3107,184602.2319,157435.4122,pod_kill,coupon-service,2026-06-09 14:05:00,2026-06-09 14:20:00,during_fault,103.44307,1
2026-06-09 14:14:35,875,EXP_FAULT_01,RUN_01,pod_kill,1,checkoutservice,checkout-f01-01,online-boutique,node-b,0.4301,36.5073,0,130.1951,0.042889,118.2647,61.7981,249.0064,385.8482,605.1844,121.154,124.6111,0.2402,5.3438,180342.4196,106771.9486,pod_kill,coupon-service,2026-06-09 14:05:00,2026-06-09 14:20:00,during_fault,122.62063,1
2026-06-09 14:14:40,880,EXP_FAULT_01,RUN_01,pod_kill,1,checkoutservice,checkout-f01-01,online-boutique,node-b,0.4685,36.719,0,129.329,0.04206,110.1244,63.6241,223.8738,321.7079,581.4911,120.6711,123.8894,0.2253,5.2143,138916.788,159910.5108,pod_kill,coupon-service,2026-06-09 14:05:00,2026-06-09 14:20:00,during_fault,99.97704,1
2026-06-09 14:14:45,885,EXP_FAULT_01,RUN_01,pod_kill,1,checkoutservice,checkout-f01-01,online-boutique,node-b,0.4373,36.1242,0,123.026,0.040924,97.588,57.5391,206.1925,280.4507,544.6434,115.0726,117.9912,0.1511,4.8837,146015.1539,100503.614,pod_kill,coupon-service,2026-06-09 14:05:00,2026-06-09 14:20:00,during_fault,76.41118,1
2026-06-09 14:14:50,890,EXP_FAULT_01,RUN_01,pod_kill,1,checkoutservice,checkout-f01-01,online-boutique,node-b,0.465,37.0904,0,129.2729,0.039602,99.6299,53.3933,184.4835,311.4848,489.9869,121.2478,124.1534,0.0953,5.0241,186052.9948,100288.3605,pod_kill,coupon-service,2026-06-09 14:05:00,2026-06-09 14:20:00,during_fault,74.44318,1
2026-06-09 14:14:55,895,EXP_FAULT_01,RUN_01,pod_kill,1,checkoutservice,checkout-f01-01,online-boutique,node-b,0.4414,36.3308,0,130.887,0.039042,107.5835,64.3896,220.8171,340.9507,546.0122,123.0852,125.7768,0.1479,4.9623,182404.0015,104350.9195,pod_kill,coupon-service,2026-06-09 14:05:00,2026-06-09 14:20:00,during_fault,89.79938,1
2026-06-09 14:15:00,900,EXP_FAULT_01,RUN_01,pod_kill,1,checkoutservice,checkout-f01-01,online-boutique,node-b,0.4246,36.5657,0,132.0159,0.038722,94.7788,55.4675,172.0506,290.4187,525.2155,124.4126,126.904,0.1892,4.9227,187559.258,123202.607,pod_kill,coupon-service,2026-06-09 14:05:00,2026-06-09 14:20:00,during_fault,63.047462,1
2026-06-09 14:15:05,905,EXP_FAULT_01,RUN_01,pod_kill,1,checkoutservice,checkout-f01-01,online-boutique,node-b,0.4822,36.6491,0,130.6794,0.038238,96.5016,61.2036,187.9822,259.723,524.9499,123.4245,125.6825,0.2626,4.7343,126115.8426,144854.1439,pod_kill,coupon-service,2026-06-09 14:05:00,2026-06-09 14:20:00,during_fault,66.93422,1
2026-06-09 14:15:10,910,EXP_FAULT_01,RUN_01,pod_kill,1,checkoutservice,checkout-f01-01,online-boutique,node-b,0.4325,36.1944,0,134.4083,0.037211,91.2662,55.8755,185.8914,264.6094,455.9226,127.2786,129.4068,0.2217,4.7798,188342.6701,109255.3705,pod_kill,coupon-service,2026-06-09 14:05:00,2026-06-09 14:20:00,during_fault,54.338745,1
2026-06-09 14:15:15,915,EXP_FAULT_01,RUN_01,pod_kill,1,checkoutservice,checkout-f01-01,online-boutique,node-b,0.4485,35.7132,0,135.6793,0.035616,96.8568,61.4301,173.5621,281.6081,483.1453,128.8403,130.8469,0.1165,4.7159,192554.2378,144663.6062,pod_kill,coupon-service,2026-06-09 14:05:00,2026-06-09 14:20:00,during_fault,61.11571,1
2026-06-09 14:15:20,920,EXP_FAULT_01,RUN_01,pod_kill,1,checkoutservice,checkout-f01-01,online-boutique,node-b,0.4693,36.3555,0,136.6628,0.03501,84.5554,52.9694,161.8188,221.4678,374.5824,130.0749,131.8782,0.0918,4.6928,159145.2846,118897.624,pod_kill,coupon-service,2026-06-09 14:05:00,2026-06-09 14:20:00,during_fault,42.320045,1
2026-06-09 14:15:25,925,EXP_FAULT_01,RUN_01,pod_kill,1,checkoutservice,checkout-f01-01,online-boutique,node-b,0.454,36.5208,0,135.6897,0.035568,89.5094,54.8633,172.6843,243.7608,404.9429,129.3301,130.8635,0.2427,4.5835,185308.9682,114047.5042,pod_kill,coupon-service,2026-06-09 14:05:00,2026-06-09 14:20:00,during_fault,49.094784,1
2026-06-09 14:15:30,930,EXP_FAULT_01,RUN_01,pod_kill,1,checkoutservice,checkout-f01-01,online-boutique,node-b,0.4671,36.0513,0,139.3708,0.03419,88.2743,53.837,173.2904,244.0706,433.6652,133.1256,134.6056,0.1497,4.6155,162727.3284,121015.6101,pod_kill,coupon-service,2026-06-09 14:05:00,2026-06-09 14:20:00,during_fault,44.371613,1
2026-06-09 14:15:35,935,EXP_FAULT_01,RUN_01,pod_kill,1,checkoutservice,checkout-f01-01,online-boutique,node-b,0.4488,35.5265,0,143.5409,0.03411,82.8899,47.1715,153.7586,234.9957,355.01,137.2674,138.6447,0.2307,4.6656,196955.6942,132025.3267,pod_kill,coupon-service,2026-06-09 14:05:00,2026-06-09 14:20:00,during_fault,35.911255,1
2026-06-09 14:15:40,940,EXP_FAULT_01,RUN_01,pod_kill,1,checkoutservice,checkout-f01-01,online-boutique,node-b,0.473,36.5891,0,140.7804,0.033986,85.8514,53.9654,168.34,238.7008,364.2695,134.7537,135.9958,0.261,4.5236,172563.3175,113200.89,pod_kill,coupon-service,2026-06-09 14:05:00,2026-06-09 14:20:00,during_fault,40.535408,1
2026-06-09 14:15:45,945,EXP_FAULT_01,RUN_01,pod_kill,1,checkoutservice,checkout-f01-01,online-boutique,node-b,0.4568,36.3022,0,141.0973,0.033929,87.0578,50.0714,171.2184,232.7531,379.1186,135.214,136.3101,0.2882,4.499,146933.8663,123344.1642,pod_kill,coupon-service,2026-06-09 14:05:00,2026-06-09 14:20:00,during_fault,41.36889,1
2026-06-09 14:15:50,950,EXP_FAULT_01,RUN_01,pod_kill,1,checkoutservice,checkout-f01-01,online-boutique,node-b,0.457,37.0476,0,143.9309,0.032609,85.85,50.9141,149.942,242.0055,405.3791,138.0891,139.2374,0.1239,4.5696,179227.6655,144567.1272,pod_kill,coupon-service,2026-06-09 14:05:00,2026-06-09 14:20:00,during_fault,36.91842,1
2026-06-09 14:15:55,955,EXP_FAULT_01,RUN_01,pod_kill,1,checkoutservice,checkout-f01-01,online-boutique,node-b,0.4513,36.7048,0,145.6227,0.03274,82.6973,52.359,163.9098,204.5786,394.3486,139.7902,140.855,0.1649,4.6028,192110.1478,136555.4848,pod_kill,coupon-service,2026-06-09 14:05:00,2026-06-09 14:20:00,during_fault,32.78298,1
2026-06-09 14:16:00,960,EXP_FAULT_01,RUN_01,pod_kill,1,checkoutservice,checkout-f01-01,online-boutique,node-b,0.4766,35.7008,0,141.6274,0.032739,78.4707,50.7751,138.9431,217.0368,364.5121,135.9527,136.9907,0.1574,4.4793,163901.9236,130691.5835,pod_kill,coupon-service,2026-06-09 14:05:00,2026-06-09 14:20:00,during_fault,31.962833,1
2026-06-09 14:16:05,965,EXP_FAULT_01,RUN_01,pod_kill,1,checkoutservice,checkout-f01-01,online-boutique,node-b,0.4521,36.0337,0,141.9794,0.032579,81.2993,51.4193,156.3538,221.904,377.7377,136.2984,137.3538,0.1303,4.4953,196776.2532,152795.2082,pod_kill,coupon-service,2026-06-09 14:05:00,2026-06-09 14:20:00,during_fault,32.955536,1
2026-06-09 14:16:10,970,EXP_FAULT_01,RUN_01,pod_kill,1,checkoutservice,checkout-f01-01,online-boutique,node-b,0.4466,35.6863,0,139.5337,0.032398,84.8521,53.2036,148.0563,218.8925,355.0211,133.8851,135.0131,0.1106,4.4101,188287.8021,117459.1929,pod_kill,coupon-service,2026-06-09 14:05:00,2026-06-09 14:20:00,during_fault,37.70622,1
2026-06-09 14:16:15,975,EXP_FAULT_01,RUN_01,pod_kill,1,checkoutservice,checkout-f01-01,online-boutique,node-b,0.4695,35.5231,0,143.9848,0.032505,81.6532,52.1858,149.6997,202.4857,392.3761,138.0505,139.3045,0.0698,4.6104,181991.3307,110544.2417,pod_kill,coupon-service,2026-06-09 14:05:00,2026-06-09 14:20:00,during_fault,33.052513,1
2026-06-09 14:16:20,980,EXP_FAULT_01,RUN_01,pod_kill,1,checkoutservice,checkout-f01-01,online-boutique,node-b,0.4715,35.2679,0,139.0399,0.033698,86.8064,52.9548,155.558,222.8435,373.9794,133.1191,134.3546,0.2052,4.4802,179710.5751,141046.9279,pod_kill,coupon-service,2026-06-09 14:05:00,2026-06-09 14:20:00,during_fault,42.472206,1
2026-06-09 14:16:25,985,EXP_FAULT_01,RUN_01,pod_kill,1,checkoutservice,checkout-f01-01,online-boutique,node-b,0.4374,36.7485,0,139.3958,0.03419,87.1791,51.5429,171.0315,239.3503,441.1634,133.2932,134.6299,0.2279,4.538,155793.8841,153192.8743,pod_kill,coupon-service,2026-06-09 14:05:00,2026-06-09 14:20:00,during_fault,42.282433,1
2026-06-09 14:16:30,990,EXP_FAULT_01,RUN_01,pod_kill,1,checkoutservice,checkout-f01-01,online-boutique,node-b,0.441,36.5161,0,138.5039,0.033978,93.8791,54.2193,165.0815,269.7539,445.8848,132.3122,133.7978,0.1288,4.5773,152186.5908,155739.2387,pod_kill,coupon-service,2026-06-09 14:05:00,2026-06-09 14:20:00,during_fault,52.620506,1
2026-06-09 14:16:35,995,EXP_FAULT_01,RUN_01,pod_kill,1,checkoutservice,checkout-f01-01,online-boutique,node-b,0.4697,36.5428,0,137.6015,0.035617,87.9484,51.0745,172.6312,238.1482,410.5027,131.145,132.7005,0.2751,4.6258,185687.5659,110168.3891,pod_kill,coupon-service,2026-06-09 14:05:00,2026-06-09 14:20:00,during_fault,46.588493,1
2026-06-09 14:16:40,1000,EXP_FAULT_01,RUN_01,pod_kill,1,checkoutservice,checkout-f01-01,online-boutique,node-b,0.4463,35.5403,0,130.2811,0.036113,83.6294,47.641,160.1875,221.2466,384.3623,123.9479,125.5762,0.2443,4.4605,151290.1585,136203.3768,pod_kill,coupon-service,2026-06-09 14:05:00,2026-06-09 14:20:00,during_fault,45.52652,1
2026-06-09 14:16:45,1005,EXP_FAULT_01,RUN_01,pod_kill,1,checkoutservice,checkout-f01-01,online-boutique,node-b,0.4724,35.9466,0,135.2786,0.035784,97.6453,60.5775,182.3162,287.4152,455.1925,128.4703,130.4379,0.1383,4.7024,166846.7138,108693.0282,pod_kill,coupon-service,2026-06-09 14:05:00,2026-06-09 14:20:00,during_fault,62.989563,1
2026-06-09 14:16:50,1010,EXP_FAULT_01,RUN_01,pod_kill,1,checkoutservice,checkout-f01-01,online-boutique,node-b,0.4104,37.4653,0,128.4375,0.036605,97.1445,56.5902,174.6145,289.6614,492.731,121.71,123.7361,0.1474,4.554,146865.7761,104368.9934,pod_kill,coupon-service,2026-06-09 14:05:00,2026-06-09 14:20:00,during_fault,66.88109,1
2026-06-09 14:16:55,1015,EXP_FAULT_01,RUN_01,pod_kill,1,checkoutservice,checkout-f01-01,online-boutique,node-b,0.4649,36.4993,0,127.6298,0.038221,95.3117,52.7399,192.3147,275.4623,487.613,120.6093,122.7517,0.2332,4.6449,125026.3644,125298.4873,pod_kill,coupon-service,2026-06-09 14:05:00,2026-06-09 14:20:00,during_fault,66.12788,1
2026-06-09 14:17:00,1020,EXP_FAULT_01,RUN_01,pod_kill,1,checkoutservice,checkout-f01-01,online-boutique,node-b,0.4489,36.8707,0,126.0545,0.03843,93.4089,52.3891,181.8995,265.3836,496.2998,118.8413,121.2103,0.1735,4.6707,178547.6738,113619.5959,pod_kill,coupon-service,2026-06-09 14:05:00,2026-06-09 14:20:00,during_fault,63.702282,1
2026-06-09 14:17:05,1025,EXP_FAULT_01,RUN_01,pod_kill,1,checkoutservice,checkout-f01-01,online-boutique,node-b,0.4419,36.2849,0,122.6784,0.039206,91.5986,51.8958,181.3086,259.6055,447.3617,115.3325,117.8687,0.1453,4.6644,159849.1842,134913.2734,pod_kill,coupon-service,2026-06-09 14:05:00,2026-06-09 14:20:00,during_fault,64.118904,1
2026-06-09 14:17:10,1030,EXP_FAULT_01,RUN_01,pod_kill,1,checkoutservice,checkout-f01-01,online-boutique,node-b,0.4659,36.2032,0,124.8536,0.040762,106.1692,62.9317,212.1534,309.6544,567.6237,117.0738,119.7643,0.2764,4.8129,127849.6945,136883.1277,pod_kill,coupon-service,2026-06-09 14:05:00,2026-06-09 14:20:00,during_fault,92.418106,1
2026-06-09 14:17:15,1035,EXP_FAULT_01,RUN_01,pod_kill,1,checkoutservice,checkout-f01-01,online-boutique,node-b,0.4323,36.3513,0,120.1699,0.040986,105.4317,62.8427,218.7215,314.7949,586.953,112.3762,115.2446,0.1699,4.7555,127313.8148,114977.3779,pod_kill,coupon-service,2026-06-09 14:05:00,2026-06-09 14:20:00,during_fault,94.22677,1
2026-06-09 14:17:20,1040,EXP_FAULT_01,RUN_01,pod_kill,1,checkoutservice,checkout-f01-01,online-boutique,node-b,0.4251,36.5488,0,118.4323,0.041098,105.977,61.5536,214.6474,333.5718,579.1023,110.5403,113.565,0.0994,4.768,151234.5044,136375.3364,pod_kill,coupon-service,2026-06-09 14:05:00,2026-06-09 14:20:00,during_fault,96.85521,1
2026-06-09 14:17:25,1045,EXP_FAULT_01,RUN_01,pod_kill,1,checkoutservice,checkout-f01-01,online-boutique,node-b,0.4726,35.5308,0,120.6767,0.042841,109.8695,58.6457,229.8278,341.5959,595.6478,112.3121,115.5068,0.1982,4.9718,174624.7118,120387.898,pod_kill,coupon-service,2026-06-09 14:05:00,2026-06-09 14:20:00,during_fault,107.00844,1
2026-06-09 14:17:30,1050,EXP_FAULT_01,RUN_01,pod_kill,1,checkoutservice,checkout-f01-01,online-boutique,node-b,0.4416,36.4183,0,117.4241,0.043731,111.5269,60.348,216.2733,323.5769,643.05,109.026,112.2891,0.2154,4.9197,150682.9791,121340.2204,pod_kill,coupon-service,2026-06-09 14:05:00,2026-06-09 14:20:00,during_fault,114.24685,1
2026-06-09 14:17:35,1055,EXP_FAULT_01,RUN_01,pod_kill,1,checkoutservice,checkout-f01-01,online-boutique,node-b,0.4324,36.9442,0,116.6708,0.044207,106.5177,55.1282,205.4861,350.2008,621.718,108.0748,111.5131,0.2053,4.9524,157736.7126,106815.3691,pod_kill,coupon-service,2026-06-09 14:05:00,2026-06-09 14:20:00,during_fault,103.301,1
2026-06-09 14:17:40,1060,EXP_FAULT_01,RUN_01,pod_kill,1,checkoutservice,checkout-f01-01,online-boutique,node-b,0.455,36.1411,0,118.2972,0.0438,115.5499,62.654,235.7564,340.6058,714.648,109.4072,113.1158,0.089,5.0924,177656.1614,104308.6317,pod_kill,coupon-service,2026-06-09 14:05:00,2026-06-09 14:20:00,during_fault,124.19881,1
2026-06-09 14:17:45,1065,EXP_FAULT_01,RUN_01,pod_kill,1,checkoutservice,checkout-f01-01,online-boutique,node-b,0.4629,36.9062,0,116.8537,0.044867,112.297,59.901,219.0595,346.6684,698.1107,107.8707,111.6109,0.1784,5.0644,164336.3811,94871.5738,pod_kill,coupon-service,2026-06-09 14:05:00,2026-06-09 14:20:00,during_fault,118.10303,1
2026-06-09 14:17:50,1070,EXP_FAULT_01,RUN_01,pod_kill,1,checkoutservice,checkout-f01-01,online-boutique,node-b,0.4279,36.5101,0,117.545,0.045662,116.7711,59.5732,234.0552,366.4102,730.0282,108.3534,112.1776,0.2084,5.159,159968.0491,133325.1341,pod_kill,coupon-service,2026-06-09 14:05:00,2026-06-09 14:20:00,during_fault,131.01802,1
2026-06-09 14:17:55,1075,EXP_FAULT_01,RUN_01,pod_kill,1,checkoutservice,checkout-f01-01,online-boutique,node-b,0.4356,36.6594,0,111.7411,0.046658,116.4049,66.8884,238.0098,377.8754,693.9145,102.8189,106.5275,0.251,4.9626,141884.3664,117758.3127,pod_kill,coupon-service,2026-06-09 14:05:00,2026-06-09 14:20:00,during_fault,135.67334,1
2026-06-09 14:18:00,1080,EXP_FAULT_01,RUN_01,pod_kill,1,checkoutservice,checkout-f01-01,online-boutique,node-b,0.4533,35.5974,0,115.9968,0.045928,117.6983,62.8423,243.3152,401.9207,650.2927,106.7035,110.6693,0.15,5.1775,126359.7908,128275.9239,pod_kill,coupon-service,2026-06-09 14:05:00,2026-06-09 14:20:00,during_fault,135.03647,1
2026-06-09 14:18:05,1085,EXP_FAULT_01,RUN_01,pod_kill,1,checkoutservice,checkout-f01-01,online-boutique,node-b,0.4393,36.0218,0,113.5549,0.047109,120.1954,64.6485,250.2799,358.1875,736.3231,104.3473,108.2055,0.2755,5.074,168262.3349,102127.1026,pod_kill,coupon-service,2026-06-09 14:05:00,2026-06-09 14:20:00,during_fault,145.90256,1
2026-06-09 14:18:10,1090,EXP_FAULT_01,RUN_01,pod_kill,1,checkoutservice,checkout-f01-01,online-boutique,node-b,0.4235,36.6983,0,113.197,0.047116,118.9566,66.0351,240.6103,355.9118,734.7542,104.0135,107.8637,0.2757,5.0576,146815.6952,109210.1532,pod_kill,coupon-service,2026-06-09 14:05:00,2026-06-09 14:20:00,during_fault,142.73354,1
2026-06-09 14:18:15,1095,EXP_FAULT_01,RUN_01,pod_kill,1,checkoutservice,checkout-f01-01,online-boutique,node-b,0.4452,36.666,0,115.789,0.046712,126.4907,66.9813,246.3141,379.9001,819.644,106.3406,110.3803,0.2115,5.1972,138345.7275,148449.9192,pod_kill,coupon-service,2026-06-09 14:05:00,2026-06-09 14:20:00,during_fault,162.77628,1
2026-06-09 14:18:20,1100,EXP_FAULT_01,RUN_01,pod_kill,1,checkoutservice,checkout-f01-01,online-boutique,node-b,0.4633,36.1707,0,111.4723,0.045484,123.4048,64.4892,241.1967,416.5013,758.9635,102.4867,106.4022,0.1061,4.9641,170006.3886,89389.9309,pod_kill,coupon-service,2026-06-09 14:05:00,2026-06-09 14:20:00,during_fault,154.73264,1
2026-06-09 14:18:25,1105,EXP_FAULT_01,RUN_01,pod_kill,1,checkoutservice,checkout-f01-01,online-boutique,node-b,0.4298,36.235,0,114.8301,0.046013,115.3859,59.2337,220.1209,375.1659,679.7774,105.6004,109.5463,0.1713,5.1124,174891.6108,146875.163,pod_kill,coupon-service,2026-06-09 14:05:00,2026-06-09 14:20:00,during_fault,129.82756,1
2026-06-09 14:18:30,1110,EXP_FAULT_01,RUN_01,pod_kill,1,checkoutservice,checkout-f01-01,online-boutique,node-b,0.4217,36.393,0,115.8693,0.045579,121.5528,62.7914,241.1189,412.4386,687.7436,106.675,110.5881,0.1761,5.105,179521.38,115575.489,pod_kill,coupon-service,2026-06-09 14:05:00,2026-06-09 14:20:00,during_fault,146.6743,1
2026-06-09 14:18:35,1115,EXP_FAULT_01,RUN_01,pod_kill,1,checkoutservice,checkout-f01-01,online-boutique,node-b,0.4291,36.3211,0,117.4946,0.0458,108.3355,61.7597,227.6675,324.9591,693.4186,108.2713,112.1133,0.2213,5.16,180499.3442,134909.9951,pod_kill,coupon-service,2026-06-09 14:05:00,2026-06-09 14:20:00,during_fault,109.65187,1
2026-06-09 14:18:40,1120,EXP_FAULT_01,RUN_01,pod_kill,1,checkoutservice,checkout-f01-01,online-boutique,node-b,0.4503,36.3563,0,119.0265,0.045099,113.1782,59.2061,242.8539,353.721,620.5519,109.8808,113.6585,0.217,5.151,128520.8085,135209.969,pod_kill,coupon-service,2026-06-09 14:05:00,2026-06-09 14:20:00,during_fault,119.12579,1
2026-06-09 14:18:45,1125,EXP_FAULT_01,RUN_01,pod_kill,1,checkoutservice,checkout-f01-01,online-boutique,node-b,0.4585,36.5562,0,117.1777,0.045431,120.2759,63.5395,241.3876,358.9849,735.0001,108.3113,111.8541,0.2728,5.0507,137411.9636,147352.1191,pod_kill,coupon-service,2026-06-09 14:05:00,2026-06-09 14:20:00,during_fault,140.41043,1
2026-06-09 14:18:50,1130,EXP_FAULT_01,RUN_01,pod_kill,1,checkoutservice,checkout-f01-01,online-boutique,node-b,0.4296,37.331,0,114.581,0.044024,109.0416,56.4402,229.9633,354.7225,642.5045,106.1553,109.5366,0.1835,4.8608,125218.3581,113209.3221,pod_kill,coupon-service,2026-06-09 14:05:00,2026-06-09 14:20:00,during_fault,110.329445,1
2026-06-09 14:18:55,1135,EXP_FAULT_01,RUN_01,pod_kill,1,checkoutservice,checkout-f01-01,online-boutique,node-b,0.4425,35.4425,0,114.7974,0.043419,110.0761,61.789,205.5598,324.9027,676.2009,106.5971,109.813,0.2053,4.7791,113713.6968,141445.3243,pod_kill,coupon-service,2026-06-09 14:05:00,2026-06-09 14:20:00,during_fault,112.552574,1
2026-06-09 14:19:00,1140,EXP_FAULT_01,RUN_01,pod_kill,1,checkoutservice,checkout-f01-01,online-boutique,node-b,0.4411,37.1476,0,116.7812,0.043154,102.446,53.7121,222.6735,310.7724,529.879,108.6312,111.7416,0.243,4.7966,154720.2844,91508.8109,pod_kill,coupon-service,2026-06-09 14:05:00,2026-06-09 14:20:00,during_fault,92.762985,1
2026-06-09 14:19:05,1145,EXP_FAULT_01,RUN_01,pod_kill,1,checkoutservice,checkout-f01-01,online-boutique,node-b,0.4458,36.2238,0,118.5572,0.042118,107.7667,64.4981,204.0898,316.7185,632.5542,110.5978,113.5638,0.2047,4.7887,139268.6512,91887.9045,pod_kill,coupon-service,2026-06-09 14:05:00,2026-06-09 14:20:00,during_fault,102.11373,1
2026-06-09 14:19:10,1150,EXP_FAULT_01,RUN_01,pod_kill,1,checkoutservice,checkout-f01-01,online-boutique,node-b,0.471,36.3769,0,117.2108,0.040179,106.1075,60.8684,223.4298,299.7544,625.6974,109.6777,112.5014,0.097,4.6124,158326.4094,103972.5649,pod_kill,coupon-service,2026-06-09 14:05:00,2026-06-09 14:20:00,during_fault,96.79425,1
2026-06-09 14:19:15,1155,EXP_FAULT_01,RUN_01,pod_kill,1,checkoutservice,checkout-f01-01,online-boutique,node-b,0.4584,36.4426,0,117.7079,0.040191,98.7943,56.9645,194.9834,282.0719,538.0814,110.3782,112.9771,0.1783,4.5524,144065.6386,122524.106,pod_kill,coupon-service,2026-06-09 14:05:00,2026-06-09 14:20:00,during_fault,81.10875,1
2026-06-09 14:19:20,1160,EXP_FAULT_01,RUN_01,pod_kill,1,checkoutservice,checkout-f01-01,online-boutique,node-b,0.4424,36.1542,0,118.4687,0.038857,99.1908,54.8171,182.2376,300.8157,552.7927,111.4035,113.8654,0.107,4.4963,125494.0195,105289.1202,pod_kill,coupon-service,2026-06-09 14:05:00,2026-06-09 14:20:00,during_fault,79.35179,1
2026-06-09 14:19:25,1165,EXP_FAULT_01,RUN_01,pod_kill,1,checkoutservice,checkout-f01-01,online-boutique,node-b,0.4302,35.9969,0,116.1782,0.03795,96.6043,59.2914,197.8642,269.6076,515.142,109.5454,111.7693,0.1078,4.3012,132630.2533,101902.8639,pod_kill,coupon-service,2026-06-09 14:05:00,2026-06-09 14:20:00,during_fault,74.69871,1
2026-06-09 14:19:30,1170,EXP_FAULT_01,RUN_01,pod_kill,1,checkoutservice,checkout-f01-01,online-boutique,node-b,0.4549,35.7663,0,119.3303,0.036774,103.3883,65.2162,197.5889,309.1532,498.4392,112.806,114.942,0.0658,4.3225,138958.1676,94332.1866,pod_kill,coupon-service,2026-06-09 14:05:00,2026-06-09 14:20:00,during_fault,85.07024,1
2026-06-09 14:19:35,1175,EXP_FAULT_01,RUN_01,pod_kill,1,checkoutservice,checkout-f01-01,online-boutique,node-b,0.4054,35.8936,0,117.2002,0.03619,94.7481,54.0589,192.1517,284.6736,459.4492,111.0453,112.9587,0.0795,4.1619,119212.0203,100031.2122,pod_kill,coupon-service,2026-06-09 14:05:00,2026-06-09 14:20:00,during_fault,69.0068,1
2026-06-09 14:19:40,1180,EXP_FAULT_01,RUN_01,pod_kill,1,checkoutservice,checkout-f01-01,online-boutique,node-b,0.4492,36.136,0,118.9356,0.035217,88.0487,54.1813,173.4842,229.5789,448.3316,112.9612,114.747,0.0498,4.1388,130829.8059,100189.5622,pod_kill,coupon-service,2026-06-09 14:05:00,2026-06-09 14:20:00,during_fault,55.43691,1
2026-06-09 14:19:45,1185,EXP_FAULT_01,RUN_01,pod_kill,1,checkoutservice,checkout-f01-01,online-boutique,node-b,0.4177,36.4338,0,116.8386,0.03585,89.3711,57.312,180.5326,249.6165,459.1206,111.1664,112.6499,0.1737,4.015,139911.1093,86714.2686,pod_kill,coupon-service,2026-06-09 14:05:00,2026-06-09 14:20:00,during_fault,58.987873,1
2026-06-09 14:19:50,1190,EXP_FAULT_01,RUN_01,pod_kill,1,checkoutservice,checkout-f01-01,online-boutique,node-b,0.4361,36.895,0,115.9727,0.03536,81.622,46.3226,159.1646,217.1128,383.1808,110.5664,111.8719,0.2046,3.8962,110448.966,114353.4579,pod_kill,coupon-service,2026-06-09 14:05:00,2026-06-09 14:20:00,during_fault,48.43132,1
2026-06-09 14:19:55,1195,EXP_FAULT_01,RUN_01,pod_kill,1,checkoutservice,checkout-f01-01,online-boutique,node-b,0.4226,37.0885,0,112.9642,0.034544,78.566,49.0714,139.2331,199.8326,357.241,107.8663,109.0619,0.1585,3.7438,127149.3402,88159.1145,pod_kill,coupon-service,2026-06-09 14:05:00,2026-06-09 14:20:00,during_fault,44.850685,1
2026-06-09 14:20:00,1200,EXP_FAULT_01,RUN_01,pod_kill,1,checkoutservice,checkout-f01-01,online-boutique,node-b,0.4477,37.3723,0,118.2842,0.033864,81.503,51.2396,159.2097,208.4248,354.2514,113.0507,114.2786,0.1196,3.886,138557.4751,135445.7833,pod_kill,coupon-service,2026-06-09 14:05:00,2026-06-09 14:20:00,post_fault,45.075848,1
2026-06-09 14:20:05,1205,EXP_FAULT_01,RUN_01,pod_kill,1,checkoutservice,checkout-f01-01,online-boutique,node-b,0.4275,37.0917,0,117.2678,0.032995,81.1156,46.1665,159.7677,206.5244,373.4898,112.2111,113.3986,0.0654,3.8039,136203.0093,86950.5875,pod_kill,coupon-service,2026-06-09 14:05:00,2026-06-09 14:20:00,post_fault,43.474037,1
2026-06-09 14:20:10,1210,EXP_FAULT_01,RUN_01,pod_kill,1,checkoutservice,checkout-f01-01,online-boutique,node-b,0.4379,36.1874,0,114.8555,0.033965,84.7844,51.9443,167.8779,212.963,389.0234,109.912,110.9544,0.1985,3.7026,155952.4287,87472.0744,pod_kill,coupon-service,2026-06-09 14:05:00,2026-06-09 14:20:00,post_fault,51.149284,1
2026-06-09 14:20:15,1215,EXP_FAULT_01,RUN_01,pod_kill,1,checkoutservice,checkout-f01-01,online-boutique,node-b,0.4332,36.2402,0,113.7147,0.033443,79.5988,45.507,145.7769,224.4641,390.1058,108.8954,109.9117,0.1345,3.6684,108124.671,96622.2758,pod_kill,coupon-service,2026-06-09 14:05:00,2026-06-09 14:20:00,post_fault,44.3682,1
2026-06-09 14:20:20,1220,EXP_FAULT_01,RUN_01,pod_kill,1,checkoutservice,checkout-f01-01,online-boutique,node-b,0.4425,36.9163,0,114.6038,0.032861,80.2311,52.803,158.6225,212.0985,350.035,109.8381,110.8378,0.1073,3.6588,111130.1945,119034.1057,pod_kill,coupon-service,2026-06-09 14:05:00,2026-06-09 14:20:00,post_fault,44.06123,1
2026-06-09 14:20:25,1225,EXP_FAULT_01,RUN_01,pod_kill,1,checkoutservice,checkout-f01-01,online-boutique,node-b,0.4125,35.9796,0,115.484,0.033527,76.803,46.2505,152.7107,202.2731,347.2683,110.6637,111.6121,0.1953,3.6766,137390.0146,87292.4024,pod_kill,coupon-service,2026-06-09 14:05:00,2026-06-09 14:20:00,post_fault,39.44627,1
2026-06-09 14:20:30,1230,EXP_FAULT_01,RUN_01,pod_kill,1,checkoutservice,checkout-f01-01,online-boutique,node-b,0.4225,36.8543,0,115.6833,0.032788,81.2145,50.6293,160.5503,203.4929,344.5747,110.9677,111.8903,0.1165,3.6765,132769.8583,129248.474,pod_kill,coupon-service,2026-06-09 14:05:00,2026-06-09 14:20:00,post_fault,44.125885,1
2026-06-09 14:20:35,1235,EXP_FAULT_01,RUN_01,pod_kill,1,checkoutservice,checkout-f01-01,online-boutique,node-b,0.4479,36.5724,0,114.272,0.032859,72.8966,42.8548,127.2424,204.8455,298.3534,109.6889,110.5172,0.1685,3.5863,142507.8511,85819.435,pod_kill,coupon-service,2026-06-09 14:05:00,2026-06-09 14:20:00,post_fault,37.91754,1
2026-06-09 14:20:40,1240,EXP_FAULT_01,RUN_01,pod_kill,1,checkoutservice,checkout-f01-01,online-boutique,node-b,0.4138,36.9671,0,115.5147,0.032497,74.4646,45.4667,146.0735,187.3079,359.8184,110.9524,111.7608,0.1571,3.5967,144574.4384,104730.4435,pod_kill,coupon-service,2026-06-09 14:05:00,2026-06-09 14:20:00,post_fault,36.272915,1
2026-06-09 14:20:45,1245,EXP_FAULT_01,RUN_01,pod_kill,1,checkoutservice,checkout-f01-01,online-boutique,node-b,0.4367,36.7484,0,111.227,0.031582,85.6521,54.4747,147.4275,232.8512,369.3221,106.936,107.7141,0.0637,3.4491,105970.0423,106127.3193,pod_kill,coupon-service,2026-06-09 14:05:00,2026-06-09 14:20:00,post_fault,50.789024,1
2026-06-09 14:20:50,1250,EXP_FAULT_01,RUN_01,pod_kill,1,checkoutservice,checkout-f01-01,online-boutique,node-b,0.4359,37.2634,0,110.2245,0.031814,76.6474,47.3688,147.8358,206.5308,344.4203,106.0212,106.7178,0.0878,3.4189,98855.5067,86056.0279,pod_kill,coupon-service,2026-06-09 14:05:00,2026-06-09 14:20:00,post_fault,40.618347,1
2026-06-09 14:20:55,1255,EXP_FAULT_01,RUN_01,pod_kill,1,checkoutservice,checkout-f01-01,online-boutique,node-b,0.4221,36.8092,0,112.972,0.031499,71.1168,46.6191,141.0229,184.947,310.0069,108.717,109.4135,0.0791,3.4794,111150.4773,109140.7239,pod_kill,coupon-service,2026-06-09 14:05:00,2026-06-09 14:20:00,post_fault,33.50217,1
2026-06-09 14:21:00,1260,EXP_FAULT_01,RUN_01,pod_kill,1,checkoutservice,checkout-f01-01,online-boutique,node-b,0.4511,36.4403,0,115.1823,0.031095,75.0627,43.4395,135.2093,202.536,350.7913,110.9015,111.6007,0.0592,3.5223,146093.5647,101590.1658,pod_kill,coupon-service,2026-06-09 14:05:00,2026-06-09 14:20:00,post_fault,36.932034,1
2026-06-09 14:21:05,1265,EXP_FAULT_01,RUN_01,pod_kill,1,checkoutservice,checkout-f01-01,online-boutique,node-b,0.4291,35.5525,0,117.6116,0.031232,76.1955,48.0384,135.8583,189.4193,326.4181,113.3002,113.9384,0.0924,3.5808,115829.7412,134000.5748,pod_kill,coupon-service,2026-06-09 14:05:00,2026-06-09 14:20:00,post_fault,35.520794,1
2026-06-09 14:21:10,1270,EXP_FAULT_01,RUN_01,pod_kill,1,checkoutservice,checkout-f01-01,online-boutique,node-b,0.4471,36.8264,0,121.1975,0.032055,74.6252,50.24,147.3001,194.4974,300.4464,116.7666,117.3125,0.2106,3.6743,121960.9587,92513.0097,pod_kill,coupon-service,2026-06-09 14:05:00,2026-06-09 14:20:00,post_fault,34.96058,1
2026-06-09 14:21:15,1275,EXP_FAULT_01,RUN_01,pod_kill,1,checkoutservice,checkout-f01-01,online-boutique,node-b,0.4126,36.7324,0,113.9435,0.030974,70.0364,46.3651,127.1813,173.1456,326.4214,109.8863,110.4143,0.1205,3.4088,114725.7944,116544.193,pod_kill,coupon-service,2026-06-09 14:05:00,2026-06-09 14:20:00,post_fault,31.110859,1
2026-06-09 14:21:20,1280,EXP_FAULT_01,RUN_01,pod_kill,1,checkoutservice,checkout-f01-01,online-boutique,node-b,0.4647,35.598,0,118.2467,0.031636,75.3364,50.8819,128.7692,185.6802,341.1961,114.031,114.5059,0.2257,3.5151,109630.5893,112642.1933,pod_kill,coupon-service,2026-06-09 14:05:00,2026-06-09 14:20:00,post_fault,37.43046,1
2026-06-09 14:21:25,1285,EXP_FAULT_01,RUN_01,pod_kill,1,checkoutservice,checkout-f01-01,online-boutique,node-b,0.4406,36.1768,0,122.5737,0.031779,83.2634,55.8391,163.5541,219.4346,325.126,118.2548,118.6785,0.2286,3.6666,110128.9888,127494.6096,pod_kill,coupon-service,2026-06-09 14:05:00,2026-06-09 14:20:00,post_fault,42.533768,1
2026-06-09 14:21:30,1290,EXP_FAULT_01,RUN_01,pod_kill,1,checkoutservice,checkout-f01-01,online-boutique,node-b,0.4363,37.0466,0,121.6342,0.029964,72.9984,47.1901,136.9431,200.9925,333.3693,117.5006,117.9895,0.0496,3.5951,153355.2993,91216.8699,pod_kill,coupon-service,2026-06-09 14:05:00,2026-06-09 14:20:00,post_fault,30.067352,1
2026-06-09 14:21:35,1295,EXP_FAULT_01,RUN_01,pod_kill,1,checkoutservice,checkout-f01-01,online-boutique,node-b,0.4229,36.3347,0,123.6496,0.030626,71.7493,46.6117,138.1031,195.7982,274.3045,119.4417,119.8627,0.127,3.6598,128546.0789,131547.2601,pod_kill,coupon-service,2026-06-09 14:05:00,2026-06-09 14:20:00,post_fault,28.340729,1
2026-06-09 14:21:40,1300,EXP_FAULT_01,RUN_01,pod_kill,1,checkoutservice,checkout-f01-01,online-boutique,node-b,0.4465,35.9241,0,126.2147,0.031076,74.9823,45.77,137.5839,201.7162,300.8766,121.984,122.2924,0.2154,3.7069,152393.7347,99111.6961,pod_kill,coupon-service,2026-06-09 14:05:00,2026-06-09 14:20:00,post_fault,31.782263,1
2026-06-09 14:21:45,1305,EXP_FAULT_01,RUN_01,pod_kill,1,checkoutservice,checkout-f01-01,online-boutique,node-b,0.4166,35.9745,0,124.8621,0.030381,75.8623,50.0441,127.885,190.1758,334.5613,120.7493,121.0686,0.1662,3.6273,151934.4363,101735.7569,pod_kill,coupon-service,2026-06-09 14:05:00,2026-06-09 14:20:00,post_fault,30.987164,1
2026-06-09 14:21:50,1310,EXP_FAULT_01,RUN_01,pod_kill,1,checkoutservice,checkout-f01-01,online-boutique,node-b,0.426,36.0846,0,121.1263,0.029333,69.5541,41.0601,119.4762,168.521,316.18,117.2225,117.5733,0.0563,3.4967,164069.085,104356.0283,pod_kill,coupon-service,2026-06-09 14:05:00,2026-06-09 14:20:00,post_fault,26.133923,1
2026-06-09 14:21:55,1315,EXP_FAULT_01,RUN_01,pod_kill,1,checkoutservice,checkout-f01-01,online-boutique,node-b,0.4344,36.5249,0,126.3038,0.029202,70.0661,44.4275,123.4046,183.8295,312.5798,122.3048,122.6155,0.0544,3.6339,164795.9475,109434.9302,pod_kill,coupon-service,2026-06-09 14:05:00,2026-06-09 14:20:00,post_fault,25.103079,1
2026-06-09 14:22:00,1320,EXP_FAULT_01,RUN_01,pod_kill,1,checkoutservice,checkout-f01-01,online-boutique,node-b,0.451,36.6203,0,129.9097,0.029922,76.3839,46.7344,135.8322,191.9743,298.1166,125.7991,126.0226,0.1456,3.7415,135622.3818,131523.1533,pod_kill,coupon-service,2026-06-09 14:05:00,2026-06-09 14:20:00,post_fault,29.97279,1
2026-06-09 14:22:05,1325,EXP_FAULT_01,RUN_01,pod_kill,1,checkoutservice,checkout-f01-01,online-boutique,node-b,0.4754,36.5186,0,127.9081,0.029101,70.6993,46.3758,117.5506,165.0848,290.5449,123.9502,124.1859,0.0624,3.6598,118298.1551,94137.6337,pod_kill,coupon-service,2026-06-09 14:05:00,2026-06-09 14:20:00,post_fault,27.27655,1
2026-06-09 14:22:10,1330,EXP_FAULT_01,RUN_01,pod_kill,1,checkoutservice,checkout-f01-01,online-boutique,node-b,0.4519,37.6381,0,126.1477,0.028813,66.1743,42.8486,117.7707,165.2942,274.6424,122.3047,122.513,0.0632,3.5715,161228.2511,108207.7542,pod_kill,coupon-service,2026-06-09 14:05:00,2026-06-09 14:20:00,post_fault,23.731985,1
2026-06-09 14:22:15,1335,EXP_FAULT_01,RUN_01,pod_kill,1,checkoutservice,checkout-f01-01,online-boutique,node-b,0.4456,36.6468,0,126.4805,0.029242,75.286,49.6473,143.3348,190.9992,286.8915,122.6264,122.782,0.1049,3.5936,139095.5784,117089.8304,pod_kill,coupon-service,2026-06-09 14:05:00,2026-06-09 14:20:00,post_fault,29.416042,1
2026-06-09 14:22:20,1340,EXP_FAULT_01,RUN_01,pod_kill,1,checkoutservice,checkout-f01-01,online-boutique,node-b,0.4502,36.5669,0,129.9394,0.02932,71.6298,49.5841,133.8576,186.7948,288.6941,126.0294,126.1296,0.1619,3.6479,152893.1771,122616.1034,pod_kill,coupon-service,2026-06-09 14:05:00,2026-06-09 14:20:00,post_fault,25.803585,1
2026-06-09 14:22:25,1345,EXP_FAULT_01,RUN_01,pod_kill,1,checkoutservice,checkout-f01-01,online-boutique,node-b,0.4347,36.044,0,126.6026,0.028887,72.7418,48.7576,138.4033,182.2354,277.7766,122.8896,122.9454,0.1155,3.5416,157471.4814,114533.0468,pod_kill,coupon-service,2026-06-09 14:05:00,2026-06-09 14:20:00,post_fault,26.474152,1
2026-06-09 14:22:30,1350,EXP_FAULT_01,RUN_01,pod_kill,1,checkoutservice,checkout-f01-01,online-boutique,node-b,0.4494,36.3426,0,128.2191,0.029486,72.5197,46.2263,123.7627,176.0458,287.7536,124.4726,124.4384,0.1953,3.5854,148824.9811,123233.4734,pod_kill,coupon-service,2026-06-09 14:05:00,2026-06-09 14:20:00,post_fault,27.289425,1
2026-06-09 14:22:35,1355,EXP_FAULT_01,RUN_01,pod_kill,1,checkoutservice,checkout-f01-01,online-boutique,node-b,0.4584,36.1855,0,131.8318,0.029148,72.2849,49.1633,135.4408,172.9518,268.1453,128.0383,127.9892,0.2002,3.6424,122361.7733,124824.3235,pod_kill,coupon-service,2026-06-09 14:05:00,2026-06-09 14:20:00,post_fault,25.772953,1
2026-06-09 14:22:40,1360,EXP_FAULT_01,RUN_01,pod_kill,1,checkoutservice,checkout-f01-01,online-boutique,node-b,0.4337,36.1794,0,124.2435,0.028941,67.0871,42.3045,118.6265,163.518,281.9533,120.6835,120.6478,0.1569,3.4388,124109.2361,108115.623,pod_kill,coupon-service,2026-06-09 14:05:00,2026-06-09 14:20:00,post_fault,23.543694,1
2026-06-09 14:22:45,1365,EXP_FAULT_01,RUN_01,pod_kill,1,checkoutservice,checkout-f01-01,online-boutique,node-b,0.4511,36.831,0,130.6125,0.028366,65.6844,41.0197,108.4262,168.9287,251.4425,126.9926,126.9075,0.1092,3.5958,114746.2235,97212.3226,pod_kill,coupon-service,2026-06-09 14:05:00,2026-06-09 14:20:00,post_fault,21.590845,1
2026-06-09 14:22:50,1370,EXP_FAULT_01,RUN_01,pod_kill,1,checkoutservice,checkout-f01-01,online-boutique,node-b,0.4656,36.9055,0,128.5399,0.028372,67.6866,42.7238,127.0248,162.4798,249.527,124.9865,124.8929,0.155,3.4919,116563.1889,100182.6694,pod_kill,coupon-service,2026-06-09 14:05:00,2026-06-09 14:20:00,post_fault,23.880724,1
2026-06-09 14:22:55,1375,EXP_FAULT_01,RUN_01,pod_kill,1,checkoutservice,checkout-f01-01,online-boutique,node-b,0.4057,36.2002,0,127.8249,0.027713,76.5898,52.7419,126.5007,174.0342,315.2498,124.3514,124.2825,0.0689,3.4735,131220.5079,117766.297,pod_kill,coupon-service,2026-06-09 14:05:00,2026-06-09 14:20:00,post_fault,28.026892,1
2026-06-09 14:23:00,1380,EXP_FAULT_01,RUN_01,pod_kill,1,checkoutservice,checkout-f01-01,online-boutique,node-b,0.4444,36.9963,0,130.1657,0.028175,67.952,46.2487,114.8933,155.4728,249.4492,126.6361,126.4983,0.1378,3.5296,153629.1628,120053.5167,pod_kill,coupon-service,2026-06-09 14:05:00,2026-06-09 14:20:00,post_fault,21.919918,1
2026-06-09 14:23:05,1385,EXP_FAULT_01,RUN_01,pod_kill,1,checkoutservice,checkout-f01-01,online-boutique,node-b,0.4553,35.0743,0,127.7351,0.028573,69.3655,43.3163,130.7333,176.5167,284.5694,124.2834,124.0853,0.1981,3.4517,156656.0333,122671.1062,pod_kill,coupon-service,2026-06-09 14:05:00,2026-06-09 14:20:00,post_fault,24.22761,1
2026-06-09 14:23:10,1390,EXP_FAULT_01,RUN_01,pod_kill,1,checkoutservice,checkout-f01-01,online-boutique,node-b,0.4351,36.3304,0,124.5628,0.028418,62.2778,43.073,113.9113,140.5902,241.4458,121.2229,121.023,0.1999,3.3399,146714.0191,105391.4566,pod_kill,coupon-service,2026-06-09 14:05:00,2026-06-09 14:20:00,post_fault,21.244432,1
2026-06-09 14:23:15,1395,EXP_FAULT_01,RUN_01,pod_kill,1,checkoutservice,checkout-f01-01,online-boutique,node-b,0.4246,37.0016,0,131.9082,0.027268,66.0967,42.2336,122.3668,157.4092,243.6674,128.3785,128.3113,0.0672,3.5297,164840.8732,136718.0194,pod_kill,coupon-service,2026-06-09 14:05:00,2026-06-09 14:20:00,post_fault,18.521788,1
2026-06-09 14:23:20,1400,EXP_FAULT_01,RUN_01,pod_kill,1,checkoutservice,checkout-f01-01,online-boutique,node-b,0.4396,36.5839,0,128.5806,0.027241,71.404,43.5743,120.1646,165.7706,269.4497,125.1476,125.078,0.0696,3.433,137695.8174,131345.8727,pod_kill,coupon-service,2026-06-09 14:05:00,2026-06-09 14:20:00,post_fault,23.194096,1
2026-06-09 14:23:25,1405,EXP_FAULT_01,RUN_01,pod_kill,1,checkoutservice,checkout-f01-01,online-boutique,node-b,0.4396,36.4329,0,125.6807,0.027984,69.2905,47.7893,126.1749,156.2332,269.6106,122.3455,122.1637,0.1819,3.3351,156242.0116,100733.4673,pod_kill,coupon-service,2026-06-09 14:05:00,2026-06-09 14:20:00,post_fault,23.595547,1
2026-06-09 14:23:30,1410,EXP_FAULT_01,RUN_01,pod_kill,1,checkoutservice,checkout-f01-01,online-boutique,node-b,0.4488,36.3538,0,130.7456,0.02694,68.6979,46.3256,114.1974,153.107,238.5172,127.2886,127.2233,0.0653,3.457,174072.4395,96212.8088,pod_kill,coupon-service,2026-06-09 14:05:00,2026-06-09 14:20:00,post_fault,20.889553,1
2026-06-09 14:23:35,1415,EXP_FAULT_01,RUN_01,pod_kill,1,checkoutservice,checkout-f01-01,online-boutique,node-b,0.4533,36.7138,0,126.9685,0.027666,66.3669,40.7204,121.5519,148.147,233.3033,123.6384,123.4557,0.1827,3.3301,153291.7065,103573.8809,pod_kill,coupon-service,2026-06-09 14:05:00,2026-06-09 14:20:00,post_fault,22.250177,1
2026-06-09 14:23:40,1420,EXP_FAULT_01,RUN_01,pod_kill,1,checkoutservice,checkout-f01-01,online-boutique,node-b,0.4456,36.1187,0,126.2167,0.027199,68.798,45.2425,114.9385,166.3339,256.881,122.942,122.7837,0.1583,3.2747,146089.4264,101388.9718,pod_kill,coupon-service,2026-06-09 14:05:00,2026-06-09 14:20:00,post_fault,22.427689,1
2026-06-09 14:23:45,1425,EXP_FAULT_01,RUN_01,pod_kill,1,checkoutservice,checkout-f01-01,online-boutique,node-b,0.4392,37.3759,0,129.6916,0.027827,66.0957,40.732,107.4948,158.2985,225.459,126.3146,126.0828,0.2319,3.377,117640.6554,137555.1992,pod_kill,coupon-service,2026-06-09 14:05:00,2026-06-09 14:20:00,post_fault,20.560781,1
2026-06-09 14:23:50,1430,EXP_FAULT_01,RUN_01,pod_kill,1,checkoutservice,checkout-f01-01,online-boutique,node-b,0.4429,36.0914,0,130.8028,0.027247,69.8443,45.5947,116.2528,156.77,268.9889,127.4135,127.2389,0.1746,3.3893,165652.1907,138034.1894,pod_kill,coupon-service,2026-06-09 14:05:00,2026-06-09 14:20:00,post_fault,21.489347,1
2026-06-09 14:23:55,1435,EXP_FAULT_01,RUN_01,pod_kill,1,checkoutservice,checkout-f01-01,online-boutique,node-b,0.4696,35.9487,0,128.2379,0.026791,63.1491,40.3621,106.0607,145.2896,234.0865,124.948,124.8023,0.1457,3.2899,115801.6216,140898.3397,pod_kill,coupon-service,2026-06-09 14:05:00,2026-06-09 14:20:00,post_fault,20.753235,1
2026-06-09 14:24:00,1440,EXP_FAULT_01,RUN_01,pod_kill,1,checkoutservice,checkout-f01-01,online-boutique,node-b,0.4288,37.003,0,128.7133,0.026474,65.0467,40.1508,118.5401,148.7048,254.7142,125.3886,125.3058,0.0828,3.3248,163759.8994,123914.4815,pod_kill,coupon-service,2026-06-09 14:05:00,2026-06-09 14:20:00,post_fault,18.288698,1
2026-06-09 14:24:05,1445,EXP_FAULT_01,RUN_01,pod_kill,1,checkoutservice,checkout-f01-01,online-boutique,node-b,0.4503,35.8051,0,130.9228,0.02598,70.0484,50.4547,112.7064,167.6918,274.5037,127.5962,127.5214,0.0748,3.3266,167898.2513,119663.8435,pod_kill,coupon-service,2026-06-09 14:05:00,2026-06-09 14:20:00,post_fault,20.509747,1
2026-06-09 14:24:10,1450,EXP_FAULT_01,RUN_01,pod_kill,1,checkoutservice,checkout-f01-01,online-boutique,node-b,0.4413,37.6753,0,129.5108,0.026033,59.1461,39.3914,96.0436,142.6886,233.7962,126.187,126.1392,0.0478,3.3238,127674.9303,105679.2342,pod_kill,coupon-service,2026-06-09 14:05:00,2026-06-09 14:20:00,post_fault,17.29916,1
2026-06-09 14:24:15,1455,EXP_FAULT_01,RUN_01,pod_kill,1,checkoutservice,checkout-f01-01,online-boutique,node-b,0.4357,36.7548,0,132.198,0.026735,64.3955,43.1492,117.975,142.9205,230.7139,128.8494,128.6637,0.1858,3.3485,158239.0532,136523.0689,pod_kill,coupon-service,2026-06-09 14:05:00,2026-06-09 14:20:00,post_fault,17.52193,1
2026-06-09 14:24:20,1460,EXP_FAULT_01,RUN_01,pod_kill,1,checkoutservice,checkout-f01-01,online-boutique,node-b,0.4624,36.6026,0,130.0746,0.026753,63.0462,43.694,103.0657,149.6324,221.3096,126.7841,126.5947,0.1895,3.2904,174082.589,141010.6429,pod_kill,coupon-service,2026-06-09 14:05:00,2026-06-09 14:20:00,post_fault,19.692375,1
2026-06-09 14:24:25,1465,EXP_FAULT_01,RUN_01,pod_kill,1,checkoutservice,checkout-f01-01,online-boutique,node-b,0.4385,36.4416,0,132.5,0.026513,64.6847,46.4398,110.0985,160.3648,248.2645,129.1412,128.9871,0.1541,3.3588,171367.6527,97953.715,pod_kill,coupon-service,2026-06-09 14:05:00,2026-06-09 14:20:00,post_fault,17.302387,1
2026-06-09 14:24:30,1470,EXP_FAULT_01,RUN_01,pod_kill,1,checkoutservice,checkout-f01-01,online-boutique,node-b,0.4481,36.1588,0,139.4465,0.026799,67.9618,47.4583,117.9765,152.7016,241.9317,135.9497,135.7094,0.2402,3.4968,156755.1801,152533.5951,pod_kill,coupon-service,2026-06-09 14:05:00,2026-06-09 14:20:00,post_fault,17.607433,1
2026-06-09 14:24:35,1475,EXP_FAULT_01,RUN_01,pod_kill,1,checkoutservice,checkout-f01-01,online-boutique,node-b,0.4339,36.3166,0,135.8845,0.025745,63.3889,44.6745,114.1888,137.6252,214.4839,132.4769,132.3862,0.0907,3.4077,175224.8711,140799.7122,pod_kill,coupon-service,2026-06-09 14:05:00,2026-06-09 14:20:00,post_fault,14.75971,1
2026-06-09 14:24:40,1480,EXP_FAULT_01,RUN_01,pod_kill,1,checkoutservice,checkout-f01-01,online-boutique,node-b,0.451,36.7817,0,134.4544,0.025883,68.2567,44.0893,122.9871,158.7555,232.5883,131.1105,130.9743,0.1362,3.3439,152806.7688,124042.3381,pod_kill,coupon-service,2026-06-09 14:05:00,2026-06-09 14:20:00,post_fault,18.187902,1
2026-06-09 14:24:45,1485,EXP_FAULT_01,RUN_01,pod_kill,1,checkoutservice,checkout-f01-01,online-boutique,node-b,0.4962,35.8941,0,136.9204,0.026331,63.3511,44.3519,114.1795,156.7436,209.6802,133.5336,133.3151,0.2185,3.3868,161296.6492,118963.6991,pod_kill,coupon-service,2026-06-09 14:05:00,2026-06-09 14:20:00,post_fault,20.151165,1
2026-06-09 14:24:50,1490,EXP_FAULT_01,RUN_01,pod_kill,1,checkoutservice,checkout-f01-01,online-boutique,node-b,0.445,36.6393,0,144.0782,0.025297,62.7467,41.621,111.7333,137.0154,205.8024,140.5209,140.4334,0.0875,3.5574,183613.0874,103149.2156,pod_kill,coupon-service,2026-06-09 14:05:00,2026-06-09 14:20:00,post_fault,12.909271,1
2026-06-09 14:24:55,1495,EXP_FAULT_01,RUN_01,pod_kill,1,checkoutservice,checkout-f01-01,online-boutique,node-b,0.4483,37.194,0,141.3893,0.025603,61.9277,40.5025,105.552,132.8535,211.5335,137.9049,137.7693,0.1356,3.4844,122298.4667,150303.2966,pod_kill,coupon-service,2026-06-09 14:05:00,2026-06-09 14:20:00,post_fault,13.86138,1
2026-06-09 14:25:00,1500,EXP_FAULT_01,RUN_01,pod_kill,1,checkoutservice,checkout-f01-01,online-boutique,node-b,0.4733,36.6874,0,145.0726,0.025186,62.846,42.9356,108.6226,142.2628,205.8184,141.5385,141.4188,0.1197,3.534,186667.7164,141465.4576,pod_kill,coupon-service,2026-06-09 14:05:00,2026-06-09 14:20:00,post_fault,14.0756,1
2026-06-09 14:25:05,1505,EXP_FAULT_01,RUN_01,pod_kill,1,checkoutservice,checkout-f01-01,online-boutique,node-b,0.4436,37.026,0,144.9374,0.025642,65.6201,46.6961,120.1709,158.4537,217.1928,141.3769,141.221,0.1559,3.5605,163284.2106,137795.7792,pod_kill,coupon-service,2026-06-09 14:05:00,2026-06-09 14:20:00,post_fault,13.573006,1
2026-06-09 14:25:10,1510,EXP_FAULT_01,RUN_01,pod_kill,1,checkoutservice,checkout-f01-01,online-boutique,node-b,0.4553,37.6226,0,143.872,0.025614,62.8491,42.0709,105.7996,144.1601,238.3728,140.3603,140.187,0.1733,3.5117,181045.0257,129412.6174,pod_kill,coupon-service,2026-06-09 14:05:00,2026-06-09 14:20:00,post_fault,13.543196,1
2026-06-09 14:25:15,1515,EXP_FAULT_01,RUN_01,pod_kill,1,checkoutservice,checkout-f01-01,online-boutique,node-b,0.4435,36.5745,0,141.0717,0.024936,59.7248,41.2686,99.1587,142.2726,199.0746,137.6418,137.5538,0.088,3.4299,142844.5653,148652.0446,pod_kill,coupon-service,2026-06-09 14:05:00,2026-06-09 14:20:00,post_fault,12.541487,1
2026-06-09 14:25:20,1520,EXP_FAULT_01,RUN_01,pod_kill,1,checkoutservice,checkout-f01-01,online-boutique,node-b,0.4638,36.0053,0,145.6643,0.025181,63.3445,45.5305,102.6396,136.1948,213.4629,142.1323,141.9963,0.136,3.532,179988.2562,139605.7426,pod_kill,coupon-service,2026-06-09 14:05:00,2026-06-09 14:20:00,post_fault,13.5622225,1
2026-06-09 14:25:25,1525,EXP_FAULT_01,RUN_01,pod_kill,1,checkoutservice,checkout-f01-01,online-boutique,node-b,0.4318,36.2731,0,145.8051,0.02508,62.9547,40.7698,110.0642,133.3257,229.6026,142.2689,142.1483,0.1207,3.5362,160998.488,152108.977,pod_kill,coupon-service,2026-06-09 14:05:00,2026-06-09 14:20:00,post_fault,11.544684,1
2026-06-09 14:25:30,1530,EXP_FAULT_01,RUN_01,pod_kill,1,checkoutservice,checkout-f01-01,online-boutique,node-b,0.4594,37.3095,0,145.219,0.025875,64.1451,44.684,112.9093,144.9694,235.7959,141.7033,141.4615,0.2418,3.5157,177801.9251,141359.5189,pod_kill,coupon-service,2026-06-09 14:05:00,2026-06-09 14:20:00,post_fault,13.987589,1
2026-06-09 14:25:35,1535,EXP_FAULT_01,RUN_01,pod_kill,1,checkoutservice,checkout-f01-01,online-boutique,node-b,0.4514,36.5777,0,145.0995,0.025161,56.8132,40.3848,98.2875,131.0774,185.3419,141.6264,141.4486,0.1778,3.4731,180038.2066,99119.9718,pod_kill,coupon-service,2026-06-09 14:05:00,2026-06-09 14:20:00,post_fault,12.576868,1
2026-06-09 14:25:40,1540,EXP_FAULT_01,RUN_01,pod_kill,1,checkoutservice,checkout-f01-01,online-boutique,node-b,0.4425,35.9529,0,143.2389,0.024782,60.8728,40.4332,100.4648,142.8476,229.3394,139.7971,139.6892,0.1079,3.4419,124147.6398,99254.0256,pod_kill,coupon-service,2026-06-09 14:05:00,2026-06-09 14:20:00,post_fault,11.75354,1
2026-06-09 14:25:45,1545,EXP_FAULT_01,RUN_01,pod_kill,1,checkoutservice,checkout-f01-01,online-boutique,node-b,0.4471,36.1258,0,144.3506,0.025214,65.4631,43.1927,116.3136,144.9759,242.9235,140.922,140.7109,0.2111,3.4286,163775.5148,112364.3898,pod_kill,coupon-service,2026-06-09 14:05:00,2026-06-09 14:20:00,post_fault,13.512947,1
2026-06-09 14:25:50,1550,EXP_FAULT_01,RUN_01,pod_kill,1,checkoutservice,checkout-f01-01,online-boutique,node-b,0.4463,37.4463,0,141.3708,0.024624,61.5785,41.9299,103.5678,136.5432,194.6942,137.9942,137.8897,0.1044,3.3767,154818.2377,119037.616,pod_kill,coupon-service,2026-06-09 14:05:00,2026-06-09 14:20:00,post_fault,12.51116,1
2026-06-09 14:25:55,1555,EXP_FAULT_01,RUN_01,pod_kill,1,checkoutservice,checkout-f01-01,online-boutique,node-b,0.4277,36.7558,0,145.3886,0.025213,64.3569,43.6422,107.7121,139.4883,213.6063,141.9683,141.723,0.2453,3.4203,186682.2268,155864.0383,pod_kill,coupon-service,2026-06-09 14:05:00,2026-06-09 14:20:00,post_fault,12.2412195,1
2026-06-09 14:26:00,1560,EXP_FAULT_01,RUN_01,pod_kill,1,checkoutservice,checkout-f01-01,online-boutique,node-b,0.4345,36.0046,0,144.5674,0.02491,60.6185,42.2149,110.6558,131.5086,223.465,141.1722,140.9662,0.206,3.3952,139647.13,108520.9814,pod_kill,coupon-service,2026-06-09 14:05:00,2026-06-09 14:20:00,post_fault,11.121379,1
2026-06-09 14:26:05,1565,EXP_FAULT_01,RUN_01,pod_kill,1,checkoutservice,checkout-f01-01,online-boutique,node-b,0.428,36.2081,0,144.6141,0.024169,68.7414,44.1448,111.9488,155.5658,243.739,141.2209,141.1189,0.1019,3.3933,156525.6879,101553.3383,pod_kill,coupon-service,2026-06-09 14:05:00,2026-06-09 14:20:00,post_fault,13.530025,1
2026-06-09 14:26:10,1570,EXP_FAULT_01,RUN_01,pod_kill,1,checkoutservice,checkout-f01-01,online-boutique,node-b,0.4438,35.8779,0,139.2815,0.024047,58.2863,38.5491,91.6523,127.5315,214.3681,135.997,135.9322,0.0649,3.2845,142088.3658,95384.8199,pod_kill,coupon-service,2026-06-09 14:05:00,2026-06-09 14:20:00,post_fault,11.615801,1
2026-06-09 14:26:15,1575,EXP_FAULT_01,RUN_01,pod_kill,1,checkoutservice,checkout-f01-01,online-boutique,node-b,0.472,36.5003,0,137.4804,0.023734,60.6556,42.2575,99.6419,139.0418,200.5245,134.2831,134.2174,0.0657,3.1973,157597.624,95953.5737,pod_kill,coupon-service,2026-06-09 14:05:00,2026-06-09 14:20:00,post_fault,14.16714,1
2026-06-09 14:26:20,1580,EXP_FAULT_01,RUN_01,pod_kill,1,checkoutservice,checkout-f01-01,online-boutique,node-b,0.4663,35.9445,0,141.4754,0.024579,63.2329,46.7683,105.8265,140.8573,232.3059,138.1706,137.9982,0.1725,3.3048,184099.4861,143506.6033,pod_kill,coupon-service,2026-06-09 14:05:00,2026-06-09 14:20:00,post_fault,14.067726,1
2026-06-09 14:26:25,1585,EXP_FAULT_01,RUN_01,pod_kill,1,checkoutservice,checkout-f01-01,online-boutique,node-b,0.4506,36.2094,0,138.3546,0.0239,58.7985,37.7982,97.0215,128.5671,205.134,135.1548,135.0479,0.1069,3.1998,134076.9177,128984.6409,pod_kill,coupon-service,2026-06-09 14:05:00,2026-06-09 14:20:00,post_fault,12.261659,1
2026-06-09 14:26:30,1590,EXP_FAULT_01,RUN_01,pod_kill,1,checkoutservice,checkout-f01-01,online-boutique,node-b,0.4389,36.0828,0,141.0157,0.024441,60.3824,45.1334,95.7141,142.0303,183.5839,137.7761,137.5692,0.2069,3.2397,151737.9623,105898.2079,pod_kill,coupon-service,2026-06-09 14:05:00,2026-06-09 14:20:00,post_fault,11.622974,1
2026-06-09 14:26:35,1595,EXP_FAULT_01,RUN_01,pod_kill,1,checkoutservice,checkout-f01-01,online-boutique,node-b,0.4323,37.0576,0,135.68,0.024029,58.8952,43.4047,104.4175,122.4518,182.5057,132.5541,132.4198,0.1343,3.1259,126257.5019,114639.9012,pod_kill,coupon-service,2026-06-09 14:05:00,2026-06-09 14:20:00,post_fault,12.399025,1
2026-06-09 14:26:40,1600,EXP_FAULT_01,RUN_01,pod_kill,1,checkoutservice,checkout-f01-01,online-boutique,node-b,0.4595,36.1952,0,136.0415,0.024025,64.1372,44.9347,114.3656,143.4459,226.7403,132.893,132.773,0.12,3.1485,175004.979,141417.5773,pod_kill,coupon-service,2026-06-09 14:05:00,2026-06-09 14:20:00,post_fault,14.691783,1
2026-06-09 14:26:45,1605,EXP_FAULT_01,RUN_01,pod_kill,1,checkoutservice,checkout-f01-01,online-boutique,node-b,0.4449,36.5408,0,139.9193,0.023605,58.3247,42.9213,91.076,126.246,182.1932,136.7309,136.6164,0.1145,3.1883,135240.9663,104239.2643,pod_kill,coupon-service,2026-06-09 14:05:00,2026-06-09 14:20:00,post_fault,11.357977,1
2026-06-09 14:26:50,1610,EXP_FAULT_01,RUN_01,pod_kill,1,checkoutservice,checkout-f01-01,online-boutique,node-b,0.4499,36.9104,0,138.012,0.024358,60.1198,42.1214,107.717,141.1244,213.4103,134.8344,134.6503,0.1841,3.1776,167180.0823,140631.4507,pod_kill,coupon-service,2026-06-09 14:05:00,2026-06-09 14:20:00,post_fault,13.219127,1
2026-06-09 14:26:55,1615,EXP_FAULT_01,RUN_01,pod_kill,1,checkoutservice,checkout-f01-01,online-boutique,node-b,0.4558,36.5123,0,138.9589,0.024035,62.8546,42.1416,105.0963,134.4246,204.266,135.794,135.619,0.175,3.1649,136151.336,113883.0127,pod_kill,coupon-service,2026-06-09 14:05:00,2026-06-09 14:20:00,post_fault,13.379474,1
2026-06-09 14:27:00,1620,EXP_FAULT_01,RUN_01,pod_kill,1,checkoutservice,checkout-f01-01,online-boutique,node-b,0.4583,36.1415,0,135.9902,0.024104,57.9341,38.3567,90.3996,132.8964,175.4588,132.8788,132.7123,0.1666,3.1113,162436.4329,108100.6609,pod_kill,coupon-service,2026-06-09 14:05:00,2026-06-09 14:20:00,post_fault,13.584656,1
2026-06-09 14:27:05,1625,EXP_FAULT_01,RUN_01,pod_kill,1,checkoutservice,checkout-f01-01,online-boutique,node-b,0.4529,36.8256,0,142.9141,0.024124,56.2232,38.5158,101.0858,122.6618,175.4616,139.6925,139.4664,0.2261,3.2216,122712.8249,136188.3664,pod_kill,coupon-service,2026-06-09 14:05:00,2026-06-09 14:20:00,post_fault,12.14261,1
2026-06-09 14:27:10,1630,EXP_FAULT_01,RUN_01,pod_kill,1,checkoutservice,checkout-f01-01,online-boutique,node-b,0.4542,36.2194,0,140.5653,0.024057,60.8983,43.9351,99.5362,129.7174,205.1376,137.4101,137.1837,0.2265,3.1551,137470.6217,133975.6055,pod_kill,coupon-service,2026-06-09 14:05:00,2026-06-09 14:20:00,post_fault,12.4648,1
2026-06-09 14:27:15,1635,EXP_FAULT_01,RUN_01,pod_kill,1,checkoutservice,checkout-f01-01,online-boutique,node-b,0.4425,36.9762,0,135.2282,0.022836,61.2152,40.4211,108.7533,126.5656,213.3758,132.2022,132.1401,0.062,3.026,150737.9593,125876.9874,pod_kill,coupon-service,2026-06-09 14:05:00,2026-06-09 14:20:00,post_fault,11.992983,1
2026-06-09 14:27:20,1640,EXP_FAULT_01,RUN_01,pod_kill,1,checkoutservice,checkout-f01-01,online-boutique,node-b,0.4246,36.6395,0,136.5688,0.023954,55.3127,39.6407,91.8489,120.9268,193.7067,133.4916,133.2974,0.1942,3.0771,135552.3719,102262.7749,pod_kill,coupon-service,2026-06-09 14:05:00,2026-06-09 14:20:00,post_fault,11.644087,1
2026-06-09 14:27:25,1645,EXP_FAULT_01,RUN_01,pod_kill,1,checkoutservice,checkout-f01-01,online-boutique,node-b,0.4123,36.7347,0,140.27,0.024001,58.5702,38.7753,90.6146,136.5472,202.8084,137.1213,136.9034,0.2179,3.1487,124741.4149,146365.284,pod_kill,coupon-service,2026-06-09 14:05:00,2026-06-09 14:20:00,post_fault,10.464692,1
2026-06-09 14:27:30,1650,EXP_FAULT_01,RUN_01,pod_kill,1,checkoutservice,checkout-f01-01,online-boutique,node-b,0.4646,36.6225,0,139.3433,0.023585,58.0676,41.6138,94.8354,127.4494,204.5933,136.2493,136.057,0.1923,3.0941,158034.1261,140006.0647,pod_kill,coupon-service,2026-06-09 14:05:00,2026-06-09 14:20:00,post_fault,13.004524,1
2026-06-09 14:27:35,1655,EXP_FAULT_01,RUN_01,pod_kill,1,checkoutservice,checkout-f01-01,online-boutique,node-b,0.4508,36.7696,0,143.7802,0.023316,58.7049,39.6658,92.5442,134.4415,179.9663,140.5848,140.4278,0.157,3.1954,144660.7635,100009.6442,pod_kill,coupon-service,2026-06-09 14:05:00,2026-06-09 14:20:00,post_fault,10.758479,1
2026-06-09 14:27:40,1660,EXP_FAULT_01,RUN_01,pod_kill,1,checkoutservice,checkout-f01-01,online-boutique,node-b,0.4488,36.5941,0,139.5269,0.023496,58.9635,43.1073,100.2013,126.3676,198.4858,136.4336,136.2486,0.185,3.0933,128274.9037,97188.0615,pod_kill,coupon-service,2026-06-09 14:05:00,2026-06-09 14:20:00,post_fault,11.610921,1
2026-06-09 14:27:45,1665,EXP_FAULT_01,RUN_01,pod_kill,1,checkoutservice,checkout-f01-01,online-boutique,node-b,0.4384,36.4226,0,145.0047,0.023154,57.5398,42.4627,97.327,116.3,172.8942,141.7683,141.6473,0.121,3.2364,175157.5259,101373.6972,pod_kill,coupon-service,2026-06-09 14:05:00,2026-06-09 14:20:00,post_fault,9.449824,1
2026-06-09 14:27:50,1670,EXP_FAULT_01,RUN_01,pod_kill,1,checkoutservice,checkout-f01-01,online-boutique,node-b,0.472,37.2308,0,143.5463,0.023008,59.9623,45.5315,101.8045,128.902,175.8265,140.3739,140.2436,0.1303,3.1723,173679.9689,148606.79,pod_kill,coupon-service,2026-06-09 14:05:00,2026-06-09 14:20:00,post_fault,11.602186,1
2026-06-09 14:27:55,1675,EXP_FAULT_01,RUN_01,pod_kill,1,checkoutservice,checkout-f01-01,online-boutique,node-b,0.4644,36.7013,0,151.5779,0.022681,54.0583,36.877,87.1779,114.0502,169.7997,148.2443,148.1399,0.1044,3.3336,154004.4298,150562.003,pod_kill,coupon-service,2026-06-09 14:05:00,2026-06-09 14:20:00,post_fault,10.311588,1
2026-06-09 14:28:00,1680,EXP_FAULT_01,RUN_01,pod_kill,1,checkoutservice,checkout-f01-01,online-boutique,node-b,0.4756,36.5355,0,148.9282,0.023259,60.5589,40.5798,108.9864,124.8359,179.5502,145.644,145.4643,0.1797,3.2842,133061.2663,127252.6499,pod_kill,coupon-service,2026-06-09 14:05:00,2026-06-09 14:20:00,post_fault,11.049181,1
2026-06-09 14:28:05,1685,EXP_FAULT_01,RUN_01,pod_kill,1,checkoutservice,checkout-f01-01,online-boutique,node-b,0.4103,35.9166,0,144.9888,0.023309,58.6039,40.9919,103.5459,128.926,185.6527,141.8049,141.6092,0.1957,3.1839,131966.8438,122881.6424,pod_kill,coupon-service,2026-06-09 14:05:00,2026-06-09 14:20:00,post_fault,8.512991,1
2026-06-09 14:28:10,1690,EXP_FAULT_01,RUN_01,pod_kill,1,checkoutservice,checkout-f01-01,online-boutique,node-b,0.4767,36.7691,0,146.0885,0.022349,57.5546,39.5846,99.8854,116.1832,180.9028,142.9012,142.8235,0.0778,3.1872,141306.5731,101838.0092,pod_kill,coupon-service,2026-06-09 14:05:00,2026-06-09 14:20:00,post_fault,10.962779,1
2026-06-09 14:28:15,1695,EXP_FAULT_01,RUN_01,pod_kill,1,checkoutservice,checkout-f01-01,online-boutique,node-b,0.459,36.4888,0,153.0843,0.022958,57.8886,43.9771,99.3463,129.6782,200.6213,149.7578,149.5698,0.1881,3.3265,152312.2965,143812.4273,pod_kill,coupon-service,2026-06-09 14:05:00,2026-06-09 14:20:00,post_fault,9.164824,1
2026-06-09 14:28:20,1700,EXP_FAULT_01,RUN_01,pod_kill,1,checkoutservice,checkout-f01-01,online-boutique,node-b,0.4394,37.0297,0,149.1802,0.022713,63.1843,46.815,112.5418,133.9051,184.3208,145.9217,145.7919,0.1298,3.2585,174501.8493,109583.6762,pod_kill,coupon-service,2026-06-09 14:05:00,2026-06-09 14:20:00,post_fault,9.012098,1
2026-06-09 14:28:25,1705,EXP_FAULT_01,RUN_01,pod_kill,1,checkoutservice,checkout-f01-01,online-boutique,node-b,0.4875,36.8821,0,147.5175,0.022974,55.1346,40.1076,94.2609,117.5893,181.2939,144.2932,144.1284,0.1648,3.2242,181725.4576,108075.2933,pod_kill,coupon-service,2026-06-09 14:05:00,2026-06-09 14:20:00,post_fault,12.945722,1
2026-06-09 14:28:30,1710,EXP_FAULT_01,RUN_01,pod_kill,1,checkoutservice,checkout-f01-01,online-boutique,node-b,0.4504,36.2643,0,148.5587,0.022502,57.1403,40.7682,93.5373,124.8986,186.2594,145.3364,145.2158,0.1206,3.2223,127399.7529,112738.6322,pod_kill,coupon-service,2026-06-09 14:05:00,2026-06-09 14:20:00,post_fault,8.847463,1
2026-06-09 14:28:35,1715,EXP_FAULT_01,RUN_01,pod_kill,1,checkoutservice,checkout-f01-01,online-boutique,node-b,0.4509,36.1526,0,152.0562,0.023383,59.3866,39.4192,93.2408,123.3446,177.2753,148.738,148.5006,0.2373,3.3183,195401.5065,162131.7427,pod_kill,coupon-service,2026-06-09 14:05:00,2026-06-09 14:20:00,post_fault,9.089961,1
2026-06-09 14:28:40,1720,EXP_FAULT_01,RUN_01,pod_kill,1,checkoutservice,checkout-f01-01,online-boutique,node-b,0.4374,36.4242,0,148.079,0.023005,53.8053,39.9728,88.4581,113.5917,152.204,144.882,144.6724,0.2096,3.197,131045.0603,100695.0145,pod_kill,coupon-service,2026-06-09 14:05:00,2026-06-09 14:20:00,post_fault,9.273069,1
2026-06-09 14:28:45,1725,EXP_FAULT_01,RUN_01,pod_kill,1,checkoutservice,checkout-f01-01,online-boutique,node-b,0.4862,36.8514,0,150.7512,0.022537,60.1704,44.1963,105.1978,118.8841,200.4716,147.4931,147.3536,0.1395,3.258,155337.6321,156775.1119,pod_kill,coupon-service,2026-06-09 14:05:00,2026-06-09 14:20:00,post_fault,10.565645,1
2026-06-09 14:28:50,1730,EXP_FAULT_01,RUN_01,pod_kill,1,checkoutservice,checkout-f01-01,online-boutique,node-b,0.4384,37.0114,0,143.8174,0.02216,54.1782,36.3281,85.4888,118.3702,155.8943,140.7429,140.6305,0.1125,3.0745,157839.7413,107769.427,pod_kill,coupon-service,2026-06-09 14:05:00,2026-06-09 14:20:00,post_fault,9.36424,1
2026-06-09 14:28:55,1735,EXP_FAULT_01,RUN_01,pod_kill,1,checkoutservice,checkout-f01-01,online-boutique,node-b,0.4288,36.4331,0,142.73,0.021893,54.1688,39.3909,82.7084,114.8824,153.6502,139.6683,139.6052,0.0631,3.0617,167291.3187,143810.2595,pod_kill,coupon-service,2026-06-09 14:05:00,2026-06-09 14:20:00,post_fault,8.53253,1
2026-06-09 14:29:00,1740,EXP_FAULT_01,RUN_01,pod_kill,1,checkoutservice,checkout-f01-01,online-boutique,node-b,0.469,36.7092,0,144.0581,0.022006,54.0634,37.3218,83.4477,112.6452,177.7912,140.9511,140.8879,0.0632,3.107,171097.0663,97308.6379,pod_kill,coupon-service,2026-06-09 14:05:00,2026-06-09 14:20:00,post_fault,11.20441,1
2026-06-09 14:29:05,1745,EXP_FAULT_01,RUN_01,pod_kill,1,checkoutservice,checkout-f01-01,online-boutique,node-b,0.4412,36.6569,0,141.2605,0.022921,54.8273,38.6987,84.9736,122.4265,185.3798,138.2489,138.0226,0.2262,3.0116,179956.9875,105572.5055,pod_kill,coupon-service,2026-06-09 14:05:00,2026-06-09 14:20:00,post_fault,10.507239,1
2026-06-09 14:29:10,1750,EXP_FAULT_01,RUN_01,pod_kill,1,checkoutservice,checkout-f01-01,online-boutique,node-b,0.4614,37.372,0,141.4192,0.022114,59.9513,41.0744,103.1819,117.876,169.3554,138.4111,138.2919,0.1192,3.0081,145156.3762,147572.9974,pod_kill,coupon-service,2026-06-09 14:05:00,2026-06-09 14:20:00,post_fault,10.412226,1
2026-06-09 14:29:15,1755,EXP_FAULT_01,RUN_01,pod_kill,1,checkoutservice,checkout-f01-01,online-boutique,node-b,0.4273,36.723,0,139.9715,0.022505,56.4821,43.3241,87.5767,117.6117,158.7675,136.9953,136.8214,0.1739,2.9762,175131.4922,136446.9033,pod_kill,coupon-service,2026-06-09 14:05:00,2026-06-09 14:20:00,post_fault,9.468855,1
2026-06-09 14:29:20,1760,EXP_FAULT_01,RUN_01,pod_kill,1,checkoutservice,checkout-f01-01,online-boutique,node-b,0.4394,37.0189,0,138.5069,0.022879,58.7387,44.1028,93.4283,129.9135,186.7305,135.5519,135.338,0.2139,2.955,171616.769,93810.2481,pod_kill,coupon-service,2026-06-09 14:05:00,2026-06-09 14:20:00,post_fault,10.833316,1
2026-06-09 14:29:25,1765,EXP_FAULT_01,RUN_01,pod_kill,1,checkoutservice,checkout-f01-01,online-boutique,node-b,0.4503,36.4571,0,138.3889,0.022226,57.5257,44.3477,95.9421,126.578,193.1419,135.4219,135.3132,0.1087,2.967,119008.9389,146989.2116,pod_kill,coupon-service,2026-06-09 14:05:00,2026-06-09 14:20:00,post_fault,10.49066,1
2026-06-09 14:29:30,1770,EXP_FAULT_01,RUN_01,pod_kill,1,checkoutservice,checkout-f01-01,online-boutique,node-b,0.4384,36.5945,0,135.2856,0.02218,53.6953,37.26,90.8131,114.7603,170.5285,132.3842,132.285,0.0992,2.9014,172353.7995,97401.907,pod_kill,coupon-service,2026-06-09 14:05:00,2026-06-09 14:20:00,post_fault,10.872086,1
2026-06-09 14:29:35,1775,EXP_FAULT_01,RUN_01,pod_kill,1,checkoutservice,checkout-f01-01,online-boutique,node-b,0.4579,36.8184,0,137.4341,0.021911,57.4496,38.5138,96.8594,115.3949,164.4411,134.4783,134.4228,0.0555,2.9558,135440.6702,126809.1522,pod_kill,coupon-service,2026-06-09 14:05:00,2026-06-09 14:20:00,post_fault,11.043516,1
2026-06-09 14:29:40,1780,EXP_FAULT_01,RUN_01,pod_kill,1,checkoutservice,checkout-f01-01,online-boutique,node-b,0.426,36.0661,0,135.6066,0.022724,58.2348,39.8727,102.4496,115.6831,187.8657,132.7168,132.5251,0.1917,2.8898,155440.8214,116024.7816,pod_kill,coupon-service,2026-06-09 14:05:00,2026-06-09 14:20:00,post_fault,10.264247,1
2026-06-09 14:29:45,1785,EXP_FAULT_01,RUN_01,pod_kill,1,checkoutservice,checkout-f01-01,online-boutique,node-b,0.4485,36.4456,0,137.1926,0.022784,58.2359,42.2617,90.2292,129.0751,178.8611,134.2721,134.0667,0.2053,2.9205,117258.4779,133818.4725,pod_kill,coupon-service,2026-06-09 14:05:00,2026-06-09 14:20:00,post_fault,11.237779,1
2026-06-09 14:29:50,1790,EXP_FAULT_01,RUN_01,pod_kill,1,checkoutservice,checkout-f01-01,online-boutique,node-b,0.4328,36.8552,0,137.5319,0.021688,52.0568,34.4468,87.2393,116.2705,167.205,134.6095,134.5491,0.0604,2.9223,169824.7729,128527.3,pod_kill,coupon-service,2026-06-09 14:05:00,2026-06-09 14:20:00,post_fault,10.108704,1
2026-06-09 14:29:55,1795,EXP_FAULT_01,RUN_01,pod_kill,1,checkoutservice,checkout-f01-01,online-boutique,node-b,0.4708,37.0495,0,136.2076,0.022235,54.2471,41.8163,85.2991,114.1681,159.9108,133.3172,133.179,0.1381,2.8905,140849.9764,106173.6309,pod_kill,coupon-service,2026-06-09 14:05:00,2026-06-09 14:20:00,post_fault,13.237612,1
2026-06-09 14:35:00,0,EXP_FAULT_02,RUN_02,cpu_stress,1,checkoutservice,checkout-f02-01,online-boutique,node-b,0.4278,36.0964,0,128.8294,0.001134,49.2592,39.2708,75.1467,92.8896,131.0533,128.7245,128.6833,0.1113,0.0347,111270.6342,121532.1835,cpu_stress,inventory-service,2026-06-09 14:40:00,2026-06-09 14:55:00,pre_fault,0.14784905,0
2026-06-09 14:35:05,5,EXP_FAULT_02,RUN_02,cpu_stress,1,checkoutservice,checkout-f02-01,online-boutique,node-b,0.4551,36.0712,0,132.091,0.000958,47.6951,38.3491,81.0529,85.4083,128.3167,132.0007,131.9645,0.1178,0.0086,130519.1367,87568.6254,cpu_stress,inventory-service,2026-06-09 14:40:00,2026-06-09 14:55:00,pre_fault,0.110103965,0
2026-06-09 14:35:10,10,EXP_FAULT_02,RUN_02,cpu_stress,1,checkoutservice,checkout-f02-01,online-boutique,node-b,0.4527,36.2616,0,133.7577,0.001288,45.8877,33.5531,72.9706,82.8539,129.709,133.6348,133.5855,0.1583,0.0139,115414.7921,94074.3584,cpu_stress,inventory-service,2026-06-09 14:40:00,2026-06-09 14:55:00,pre_fault,0.30654734,0
2026-06-09 14:35:15,15,EXP_FAULT_02,RUN_02,cpu_stress,1,checkoutservice,checkout-f02-01,online-boutique,node-b,0.4523,36.319,0,128.0198,0.000955,47.0148,35.5088,75.4957,83.0757,129.0737,127.9346,127.8976,0.0912,0.0311,118428.9599,91319.9922,cpu_stress,inventory-service,2026-06-09 14:40:00,2026-06-09 14:55:00,pre_fault,0.18089272,0
2026-06-09 14:35:20,20,EXP_FAULT_02,RUN_02,cpu_stress,1,checkoutservice,checkout-f02-01,online-boutique,node-b,0.4476,36.4765,0,136.3473,0.001294,48.7102,37.2053,81.4035,86.5944,124.8701,136.2392,136.1708,0.1465,0.03,146703.0942,101640.9578,cpu_stress,inventory-service,2026-06-09 14:40:00,2026-06-09 14:55:00,pre_fault,0.004236481,0
2026-06-09 14:35:25,25,EXP_FAULT_02,RUN_02,cpu_stress,1,checkoutservice,checkout-f02-01,online-boutique,node-b,0.4666,36.141,0,135.1247,0.00066,47.9635,33.9658,72.9488,92.0886,124.7184,135.0911,135.0356,0.0576,0.0316,151890.8882,129700.8842,cpu_stress,inventory-service,2026-06-09 14:40:00,2026-06-09 14:55:00,pre_fault,0.2128727,0
2026-06-09 14:35:30,30,EXP_FAULT_02,RUN_02,cpu_stress,1,checkoutservice,checkout-f02-01,online-boutique,node-b,0.4459,36.2754,0,133.3245,0.001166,44.8396,35.0593,72.3407,80.4543,107.8461,133.2476,133.169,0.1116,0.0439,118612.6194,138219.2976,cpu_stress,inventory-service,2026-06-09 14:40:00,2026-06-09 14:55:00,pre_fault,0.43857807,0
2026-06-09 14:35:35,35,EXP_FAULT_02,RUN_02,cpu_stress,1,checkoutservice,checkout-f02-01,online-boutique,node-b,0.4148,37.0294,0,136.9988,0.000382,49.7202,39.9514,77.0139,87.3081,116.9201,136.9788,136.9465,0.042,0.0104,138573.4519,115447.5078,cpu_stress,inventory-service,2026-06-09 14:40:00,2026-06-09 14:55:00,pre_fault,0.43530154,0
2026-06-09 14:35:40,40,EXP_FAULT_02,RUN_02,cpu_stress,1,checkoutservice,checkout-f02-01,online-boutique,node-b,0.4688,35.6566,0,134.6404,0.001116,46.4898,34.3014,70.7915,93.2708,126.3121,134.5572,134.4903,0.106,0.0442,162613.0082,89507.5048,cpu_stress,inventory-service,2026-06-09 14:40:00,2026-06-09 14:55:00,pre_fault,0.45399362,0
2026-06-09 14:35:45,45,EXP_FAULT_02,RUN_02,cpu_stress,1,checkoutservice,checkout-f02-01,online-boutique,node-b,0.4551,36.1097,0,135.7757,0.001859,48.8372,39.4508,81.46,97.0167,129.3369,135.6315,135.5233,0.2093,0.0431,150360.9088,102930.7215,cpu_stress,inventory-service,2026-06-09 14:40:00,2026-06-09 14:55:00,pre_fault,0.037430335,0
2026-06-09 14:35:50,50,EXP_FAULT_02,RUN_02,cpu_stress,1,checkoutservice,checkout-f02-01,online-boutique,node-b,0.4455,36.3329,0,134.0646,0.001297,49.154,35.0562,79.4629,86.984,119.4349,133.9725,133.8907,0.1418,0.032,133119.9415,104146.3566,cpu_stress,inventory-service,2026-06-09 14:40:00,2026-06-09 14:55:00,pre_fault,0.010408082,0
2026-06-09 14:35:55,55,EXP_FAULT_02,RUN_02,cpu_stress,1,checkoutservice,checkout-f02-01,online-boutique,node-b,0.4047,35.4367,0,134.7718,0.001465,50.0256,35.0502,79.4027,99.2171,129.4675,134.6555,134.5743,0.1779,0.0195,162879.0664,130101.9044,cpu_stress,inventory-service,2026-06-09 14:40:00,2026-06-09 14:55:00,pre_fault,0.924277,1
2026-06-09 14:36:00,60,EXP_FAULT_02,RUN_02,cpu_stress,1,checkoutservice,checkout-f02-01,online-boutique,node-b,0.4549,36.8251,0,137.2954,0.00161,50.2795,36.5738,77.5885,92.3557,132.567,137.1365,137.0744,0.1811,0.04,132420.9984,90243.7383,cpu_stress,inventory-service,2026-06-09 14:40:00,2026-06-09 14:55:00,pre_fault,0.04804305,0
2026-06-09 14:36:05,65,EXP_FAULT_02,RUN_02,cpu_stress,1,checkoutservice,checkout-f02-01,online-boutique,node-b,0.4331,35.9551,0,133.0158,0.001039,48.0017,35.559,81.2075,90.5959,113.5559,132.9399,132.8775,0.1222,0.016,151801.8444,111385.5601,cpu_stress,inventory-service,2026-06-09 14:40:00,2026-06-09 14:55:00,pre_fault,0.05484407,0
2026-06-09 14:36:10,70,EXP_FAULT_02,RUN_02,cpu_stress,1,checkoutservice,checkout-f02-01,online-boutique,node-b,0.4317,35.9912,0,132.5758,0.000583,51.8698,40.9179,79.3333,92.7585,131.1467,132.5242,132.4986,0.042,0.0353,159405.0534,107708.6133,cpu_stress,inventory-service,2026-06-09 14:40:00,2026-06-09 14:55:00,pre_fault,0.5996887,0
2026-06-09 14:36:15,75,EXP_FAULT_02,RUN_02,cpu_stress,1,checkoutservice,checkout-f02-01,online-boutique,node-b,0.446,35.8973,0,132.5126,0.000685,50.0107,40.249,80.5912,92.0746,141.5634,132.4517,132.4217,0.0624,0.0284,121024.3116,99567.459,cpu_stress,inventory-service,2026-06-09 14:40:00,2026-06-09 14:55:00,pre_fault,0.084886864,0
2026-06-09 14:36:20,80,EXP_FAULT_02,RUN_02,cpu_stress,1,checkoutservice,checkout-f02-01,online-boutique,node-b,0.4515,36.4758,0,130.3227,0.000849,45.5096,36.087,67.359,92.181,111.137,130.249,130.2121,0.08,0.0306,122036.2254,124815.4592,cpu_stress,inventory-service,2026-06-09 14:40:00,2026-06-09 14:55:00,pre_fault,0.30782342,0
2026-06-09 14:36:25,85,EXP_FAULT_02,RUN_02,cpu_stress,1,checkoutservice,checkout-f02-01,online-boutique,node-b,0.4422,36.5787,0,128.2535,0.000417,45.5059,33.8257,72.1407,90.741,128.2294,128.2312,128.2001,0.0397,0.0138,107901.7961,84109.3794,cpu_stress,inventory-service,2026-06-09 14:40:00,2026-06-09 14:55:00,pre_fault,0.022712043,0
2026-06-09 14:36:30,90,EXP_FAULT_02,RUN_02,cpu_stress,1,checkoutservice,checkout-f02-01,online-boutique,node-b,0.4702,35.6025,0,132.0789,0.001171,46.7484,37.5574,73.8855,95.233,116.5984,132.0021,131.9243,0.1199,0.0347,129287.3907,108037.7959,cpu_stress,inventory-service,2026-06-09 14:40:00,2026-06-09 14:55:00,pre_fault,0.48252875,0
2026-06-09 14:36:35,95,EXP_FAULT_02,RUN_02,cpu_stress,1,checkoutservice,checkout-f02-01,online-boutique,node-b,0.4459,36.2199,0,137.2066,0.001559,45.6173,36.689,76.2727,89.868,115.4947,137.0529,136.9927,0.1975,0.0164,156495.7534,133814.7643,cpu_stress,inventory-service,2026-06-09 14:40:00,2026-06-09 14:55:00,pre_fault,0.3529263,0
2026-06-09 14:36:40,100,EXP_FAULT_02,RUN_02,cpu_stress,1,checkoutservice,checkout-f02-01,online-boutique,node-b,0.4509,36.3568,0,134.2364,0.001631,47.127,36.465,68.9505,85.9255,131.143,134.1533,134.0176,0.1769,0.042,126728.7307,129223.5028,cpu_stress,inventory-service,2026-06-09 14:40:00,2026-06-09 14:55:00,pre_fault,0.10553007,0
2026-06-09 14:36:45,105,EXP_FAULT_02,RUN_02,cpu_stress,1,checkoutservice,checkout-f02-01,online-boutique,node-b,0.4545,35.4981,0,128.7032,0.000567,47.9342,35.3947,75.2774,97.9945,113.2801,128.6662,128.6303,0.0359,0.037,145220.9623,99744.2156,cpu_stress,inventory-service,2026-06-09 14:40:00,2026-06-09 14:55:00,pre_fault,0.09139781,0
2026-06-09 14:36:50,110,EXP_FAULT_02,RUN_02,cpu_stress,1,checkoutservice,checkout-f02-01,online-boutique,node-b,0.4203,36.1054,0,128.0508,0.001124,50.8909,38.3707,74.7788,90.6354,131.8054,127.9958,127.9069,0.1264,0.0175,117608.8651,99946.364,cpu_stress,inventory-service,2026-06-09 14:40:00,2026-06-09 14:55:00,pre_fault,0.57262135,0
2026-06-09 14:36:55,115,EXP_FAULT_02,RUN_02,cpu_stress,1,checkoutservice,checkout-f02-01,online-boutique,node-b,0.4288,35.9202,0,126.7372,0.001364,48.7472,34.6056,77.2837,97.9092,133.9067,126.6701,126.5643,0.1489,0.024,138136.0256,92756.9271,cpu_stress,inventory-service,2026-06-09 14:40:00,2026-06-09 14:55:00,pre_fault,0.07710568,0
2026-06-09 14:37:00,120,EXP_FAULT_02,RUN_02,cpu_stress,1,checkoutservice,checkout-f02-01,online-boutique,node-b,0.4246,35.7838,0,126.7152,0.001454,46.3494,36.4197,67.7042,91.3662,125.0417,126.6488,126.531,0.1478,0.0364,118179.248,98686.0767,cpu_stress,inventory-service,2026-06-09 14:40:00,2026-06-09 14:55:00,pre_fault,0.02455492,0
2026-06-09 14:37:05,125,EXP_FAULT_02,RUN_02,cpu_stress,1,checkoutservice,checkout-f02-01,online-boutique,node-b,0.4541,36.2166,0,128.9755,0.001207,47.8249,35.3531,75.8643,91.3943,128.9483,128.8981,128.8198,0.1365,0.0192,115815.0611,116010.0725,cpu_stress,inventory-service,2026-06-09 14:40:00,2026-06-09 14:55:00,pre_fault,0.12054982,0
2026-06-09 14:37:10,130,EXP_FAULT_02,RUN_02,cpu_stress,1,checkoutservice,checkout-f02-01,online-boutique,node-b,0.4607,36.1602,0,127.7605,0.001577,49.3372,34.7185,81.9377,94.1037,132.1402,127.6739,127.559,0.1814,0.02,117435.1879,89673.56,cpu_stress,inventory-service,2026-06-09 14:40:00,2026-06-09 14:55:00,pre_fault,0.24282531,0
2026-06-09 14:37:15,135,EXP_FAULT_02,RUN_02,cpu_stress,1,checkoutservice,checkout-f02-01,online-boutique,node-b,0.4243,36.0755,0,119.5398,0.001107,42.9769,33.5754,62.9662,79.468,122.034,119.4444,119.4074,0.1038,0.0285,104941.2226,112740.6117,cpu_stress,inventory-service,2026-06-09 14:40:00,2026-06-09 14:55:00,pre_fault,0.33926487,0
2026-06-09 14:37:20,140,EXP_FAULT_02,RUN_02,cpu_stress,1,checkoutservice,checkout-f02-01,online-boutique,node-b,0.4027,37.0464,0,125.6458,0.001547,48.0454,35.1258,73.8529,86.4813,131.5606,125.5712,125.4514,0.1778,0.0166,122970.8714,118728.2361,cpu_stress,inventory-service,2026-06-09 14:40:00,2026-06-09 14:55:00,pre_fault,0.3420445,0
2026-06-09 14:37:25,145,EXP_FAULT_02,RUN_02,cpu_stress,1,checkoutservice,checkout-f02-01,online-boutique,node-b,0.4223,35.2608,0,124.5992,0.001602,50.6261,35.4575,76.5785,103.5038,137.3535,124.5047,124.3997,0.197,0.0025,121071.8619,96156.6161,cpu_stress,inventory-service,2026-06-09 14:40:00,2026-06-09 14:55:00,pre_fault,0.52850854,0
2026-06-09 14:37:30,150,EXP_FAULT_02,RUN_02,cpu_stress,1,checkoutservice,checkout-f02-01,online-boutique,node-b,0.428,35.4567,0,125.1537,0.001646,47.8822,34.3449,79.1125,89.5111,125.6154,125.0362,124.9477,0.184,0.022,123690.5567,117560.9827,cpu_stress,inventory-service,2026-06-09 14:40:00,2026-06-09 14:55:00,pre_fault,0.047006387,0
2026-06-09 14:37:35,155,EXP_FAULT_02,RUN_02,cpu_stress,1,checkoutservice,checkout-f02-01,online-boutique,node-b,0.4556,36.5601,0,131.5157,0.001319,44.112,35.3442,66.847,80.6913,109.068,131.3865,131.3422,0.1548,0.0186,110463.3504,124371.2681,cpu_stress,inventory-service,2026-06-09 14:40:00,2026-06-09 14:55:00,pre_fault,0.8308363,0
2026-06-09 14:37:40,160,EXP_FAULT_02,RUN_02,cpu_stress,1,checkoutservice,checkout-f02-01,online-boutique,node-b,0.4304,35.7905,0,128.6061,0.00083,48.1656,34.0118,75.0048,95.367,118.6526,128.5305,128.4994,0.0805,0.0262,142491.3988,132887.5047,cpu_stress,inventory-service,2026-06-09 14:40:00,2026-06-09 14:55:00,pre_fault,0.05289824,0
2026-06-09 14:37:45,165,EXP_FAULT_02,RUN_02,cpu_stress,1,checkoutservice,checkout-f02-01,online-boutique,node-b,0.4512,36.3629,0,126.7109,0.001019,46.2024,35.3116,73.6231,93.8622,121.5637,126.6225,126.5817,0.0904,0.0387,157638.9274,106428.4522,cpu_stress,inventory-service,2026-06-09 14:40:00,2026-06-09 14:55:00,pre_fault,0.2582115,0
2026-06-09 14:37:50,170,EXP_FAULT_02,RUN_02,cpu_stress,1,checkoutservice,checkout-f02-01,online-boutique,node-b,0.4324,36.2827,0,127.5469,0.001411,48.9912,36.667,75.875,91.8859,133.9095,127.4409,127.3669,0.1366,0.0433,131555.596,118639.4726,cpu_stress,inventory-service,2026-06-09 14:40:00,2026-06-09 14:55:00,pre_fault,0.06313566,0
2026-06-09 14:37:55,175,EXP_FAULT_02,RUN_02,cpu_stress,1,checkoutservice,checkout-f02-01,online-boutique,node-b,0.4344,36.4327,0,127.5126,0.001673,46.6757,35.0026,79.1306,84.4,131.2653,127.3575,127.2993,0.1824,0.0309,162128.1476,87094.0573,cpu_stress,inventory-service,2026-06-09 14:40:00,2026-06-09 14:55:00,pre_fault,0.038824387,0
2026-06-09 14:38:00,180,EXP_FAULT_02,RUN_02,cpu_stress,1,checkoutservice,checkout-f02-01,online-boutique,node-b,0.4107,36.086,0,132.1562,0.000825,47.6058,38.9165,71.4708,86.185,131.8305,132.0767,132.0473,0.0977,0.0113,147516.8906,125542.7279,cpu_stress,inventory-service,2026-06-09 14:40:00,2026-06-09 14:55:00,pre_fault,0.43728572,0
2026-06-09 14:38:05,185,EXP_FAULT_02,RUN_02,cpu_stress,1,checkoutservice,checkout-f02-01,online-boutique,node-b,0.4282,36.9189,0,130.1584,0.000722,48.6796,37.8334,77.3151,93.3714,129.9976,130.1083,130.0644,0.0778,0.0161,154735.5027,123540.432,cpu_stress,inventory-service,2026-06-09 14:40:00,2026-06-09 14:55:00,pre_fault,0.06050154,0
2026-06-09 14:38:10,190,EXP_FAULT_02,RUN_02,cpu_stress,1,checkoutservice,checkout-f02-01,online-boutique,node-b,0.4747,35.9654,0,132.0705,0.001249,44.6616,32.7548,69.0798,89.5956,112.8477,131.9899,131.9056,0.1427,0.0222,125338.5838,96150.8569,cpu_stress,inventory-service,2026-06-09 14:40:00,2026-06-09 14:55:00,pre_fault,1.15898,1
2026-06-09 14:38:15,195,EXP_FAULT_02,RUN_02,cpu_stress,1,checkoutservice,checkout-f02-01,online-boutique,node-b,0.4245,36.3746,0,129.8678,0.000948,48.4237,34.3124,77.803,95.4903,130.6817,129.8009,129.7446,0.1048,0.0184,110470.6711,115847.8481,cpu_stress,inventory-service,2026-06-09 14:40:00,2026-06-09 14:55:00,pre_fault,0.129156,0
2026-06-09 14:38:20,200,EXP_FAULT_02,RUN_02,cpu_stress,1,checkoutservice,checkout-f02-01,online-boutique,node-b,0.4353,35.6951,0,132.6539,0.000501,46.4123,34.5208,68.2292,82.3517,115.74,132.6143,132.5875,0.0382,0.0283,137618.1755,120241.6182,cpu_stress,inventory-service,2026-06-09 14:40:00,2026-06-09 14:55:00,pre_fault,0.093264624,0
2026-06-09 14:38:25,205,EXP_FAULT_02,RUN_02,cpu_stress,1,checkoutservice,checkout-f02-01,online-boutique,node-b,0.4709,36.7466,0,131.1448,0.00036,48.3884,34.879,77.9204,94.8197,127.4476,131.121,131.0975,0.0361,0.0111,125192.3442,104630.1086,cpu_stress,inventory-service,2026-06-09 14:40:00,2026-06-09 14:55:00,pre_fault,0.6496159,0
2026-06-09 14:38:30,210,EXP_FAULT_02,RUN_02,cpu_stress,1,checkoutservice,checkout-f02-01,online-boutique,node-b,0.4253,36.354,0,132.2933,0.001278,46.8138,38.3007,78.7943,88.0414,126.3298,132.2027,132.1243,0.161,0.0081,118199.2476,91568.4928,cpu_stress,inventory-service,2026-06-09 14:40:00,2026-06-09 14:55:00,pre_fault,0.13131534,0
2026-06-09 14:38:35,215,EXP_FAULT_02,RUN_02,cpu_stress,1,checkoutservice,checkout-f02-01,online-boutique,node-b,0.4429,36.2521,0,130.9603,0.00115,48.3172,38.0781,79.7332,91.1373,125.6203,130.8689,130.8097,0.1231,0.0275,166496.5569,103284.3409,cpu_stress,inventory-service,2026-06-09 14:40:00,2026-06-09 14:55:00,pre_fault,0.0054269843,0
2026-06-09 14:38:40,220,EXP_FAULT_02,RUN_02,cpu_stress,1,checkoutservice,checkout-f02-01,online-boutique,node-b,0.4615,35.7682,0,130.4799,0.001329,48.285,37.2864,76.6346,85.3892,132.9678,130.3857,130.3065,0.1734,0.0,140379.3422,106063.5979,cpu_stress,inventory-service,2026-06-09 14:40:00,2026-06-09 14:55:00,pre_fault,0.17461821,0
2026-06-09 14:38:45,225,EXP_FAULT_02,RUN_02,cpu_stress,1,checkoutservice,checkout-f02-01,online-boutique,node-b,0.4537,36.1076,0,131.6896,0.000735,50.1998,41.058,75.2,99.4932,119.4382,131.6192,131.5928,0.0634,0.0334,132894.0339,121659.7118,cpu_stress,inventory-service,2026-06-09 14:40:00,2026-06-09 14:55:00,pre_fault,0.11752244,0
2026-06-09 14:38:50,230,EXP_FAULT_02,RUN_02,cpu_stress,1,checkoutservice,checkout-f02-01,online-boutique,node-b,0.4293,36.0974,0,133.7441,0.001291,51.7228,38.5423,85.059,103.7672,121.9677,133.6511,133.5715,0.1521,0.0205,136386.4423,120803.3111,cpu_stress,inventory-service,2026-06-09 14:40:00,2026-06-09 14:55:00,pre_fault,0.6045421,0
2026-06-09 14:38:55,235,EXP_FAULT_02,RUN_02,cpu_stress,1,checkoutservice,checkout-f02-01,online-boutique,node-b,0.4319,36.0895,0,129.2156,0.001442,50.2397,40.5284,74.8659,87.9338,118.3311,129.0989,129.0293,0.1676,0.0187,122747.2965,131387.7491,cpu_stress,inventory-service,2026-06-09 14:40:00,2026-06-09 14:55:00,pre_fault,0.2217031,0
2026-06-09 14:39:00,240,EXP_FAULT_02,RUN_02,cpu_stress,1,checkoutservice,checkout-f02-01,online-boutique,node-b,0.4364,35.5296,0,126.568,0.000699,45.2144,35.3731,73.7316,79.2968,126.0198,126.5066,126.4795,0.0732,0.0153,116389.0191,116867.0533,cpu_stress,inventory-service,2026-06-09 14:40:00,2026-06-09 14:55:00,pre_fault,0.027517114,0
2026-06-09 14:39:05,245,EXP_FAULT_02,RUN_02,cpu_stress,1,checkoutservice,checkout-f02-01,online-boutique,node-b,0.4406,36.8861,0,128.1563,0.000472,47.5101,37.7266,72.2804,88.4034,127.8406,128.1316,128.0958,0.0553,0.0052,132300.9723,132115.3001,cpu_stress,inventory-service,2026-06-09 14:40:00,2026-06-09 14:55:00,pre_fault,0.003993207,0
2026-06-09 14:39:10,250,EXP_FAULT_02,RUN_02,cpu_stress,1,checkoutservice,checkout-f02-01,online-boutique,node-b,0.402,35.665,0,124.9131,0.00129,45.3129,35.3544,76.3125,86.4844,120.41,124.8407,124.752,0.1394,0.0217,112657.2249,123072.9217,cpu_stress,inventory-service,2026-06-09 14:40:00,2026-06-09 14:55:00,pre_fault,0.20152226,0
2026-06-09 14:39:15,255,EXP_FAULT_02,RUN_02,cpu_stress,1,checkoutservice,checkout-f02-01,online-boutique,node-b,0.4581,35.4104,0,127.1281,0.000678,43.1944,32.7938,67.7045,76.413,121.1562,127.0783,127.0419,0.0771,0.0091,141195.6519,103571.8391,cpu_stress,inventory-service,2026-06-09 14:40:00,2026-06-09 14:55:00,pre_fault,0.44938526,0
2026-06-09 14:39:20,260,EXP_FAULT_02,RUN_02,cpu_stress,1,checkoutservice,checkout-f02-01,online-boutique,node-b,0.4375,36.1703,0,128.586,0.000978,48.1107,38.0467,73.4422,91.3895,136.96,128.5081,128.4603,0.1185,0.0073,146030.5585,108999.7575,cpu_stress,inventory-service,2026-06-09 14:40:00,2026-06-09 14:55:00,pre_fault,0.007342869,0
2026-06-09 14:39:25,265,EXP_FAULT_02,RUN_02,cpu_stress,1,checkoutservice,checkout-f02-01,online-boutique,node-b,0.4501,36.1371,0,126.6119,0.000402,44.1185,34.2391,73.1389,78.7059,114.1793,126.5819,126.561,0.039,0.0119,116165.4252,86617.352,cpu_stress,inventory-service,2026-06-09 14:40:00,2026-06-09 14:55:00,pre_fault,0.07810311,0
2026-06-09 14:39:30,270,EXP_FAULT_02,RUN_02,cpu_stress,1,checkoutservice,checkout-f02-01,online-boutique,node-b,0.4559,35.4722,0,122.4239,0.000699,43.5705,32.0323,68.4187,76.4304,117.6043,122.3848,122.3384,0.0553,0.0303,121453.391,93686.2684,cpu_stress,inventory-service,2026-06-09 14:40:00,2026-06-09 14:55:00,pre_fault,0.39103964,0
2026-06-09 14:39:35,275,EXP_FAULT_02,RUN_02,cpu_stress,1,checkoutservice,checkout-f02-01,online-boutique,node-b,0.4195,36.3529,0,122.216,0.001805,45.9609,33.7158,74.9866,89.9016,115.9916,122.1082,121.9955,0.1816,0.0389,113588.1112,88950.3311,cpu_stress,inventory-service,2026-06-09 14:40:00,2026-06-09 14:55:00,pre_fault,0.022316324,0
2026-06-09 14:39:40,280,EXP_FAULT_02,RUN_02,cpu_stress,1,checkoutservice,checkout-f02-01,online-boutique,node-b,0.4447,35.9848,0,121.8832,0.001188,50.1649,37.8901,84.6377,102.1563,131.9981,121.7976,121.7383,0.1095,0.0354,102130.0686,123714.2149,cpu_stress,inventory-service,2026-06-09 14:40:00,2026-06-09 14:55:00,pre_fault,0.34884372,0
2026-06-09 14:39:45,285,EXP_FAULT_02,RUN_02,cpu_stress,1,checkoutservice,checkout-f02-01,online-boutique,node-b,0.434,35.502,0,118.8026,0.001053,43.3109,34.9024,65.8096,79.2648,122.0095,118.7183,118.6774,0.0929,0.0323,151313.0538,88587.4867,cpu_stress,inventory-service,2026-06-09 14:40:00,2026-06-09 14:55:00,pre_fault,0.39677843,0
2026-06-09 14:39:50,290,EXP_FAULT_02,RUN_02,cpu_stress,1,checkoutservice,checkout-f02-01,online-boutique,node-b,0.4471,37.001,0,120.0133,0.000431,46.4712,32.7324,70.6622,90.1433,110.9163,119.9878,119.9615,0.0405,0.0112,137862.8568,111908.8317,cpu_stress,inventory-service,2026-06-09 14:40:00,2026-06-09 14:55:00,pre_fault,0.15776695,0
2026-06-09 14:39:55,295,EXP_FAULT_02,RUN_02,cpu_stress,1,checkoutservice,checkout-f02-01,online-boutique,node-b,0.4349,36.6843,0,118.3218,0.000858,46.2282,32.899,68.0253,81.348,110.5297,118.2839,118.2202,0.1005,0.0011,134101.7506,92804.6391,cpu_stress,inventory-service,2026-06-09 14:40:00,2026-06-09 14:55:00,pre_fault,0.07823874,0
2026-06-09 14:40:00,300,EXP_FAULT_02,RUN_02,cpu_stress,1,checkoutservice,checkout-f02-01,online-boutique,node-b,0.5469,36.7959,0,118.0445,0.000729,105.5453,53.3559,199.7429,341.4662,601.5291,104.7502,117.9584,0.0848,0.0013,155448.1628,116312.9113,cpu_stress,inventory-service,2026-06-09 14:40:00,2026-06-09 14:55:00,during_fault,83.39798,1
2026-06-09 14:40:05,305,EXP_FAULT_02,RUN_02,cpu_stress,1,checkoutservice,checkout-f02-01,online-boutique,node-b,0.5242,36.2395,0,121.2856,0.001005,106.3895,54.5703,205.1411,361.3103,675.9084,107.6657,121.1638,0.1159,0.0059,107541.8829,124897.8635,cpu_stress,inventory-service,2026-06-09 14:40:00,2026-06-09 14:55:00,during_fault,83.62156,1
2026-06-09 14:40:10,310,EXP_FAULT_02,RUN_02,cpu_stress,1,checkoutservice,checkout-f02-01,online-boutique,node-b,0.5362,36.2802,0,117.5271,0.00191,97.4825,49.8167,188.9508,335.4527,532.6283,104.3354,117.3026,0.1905,0.034,104378.81,114206.9229,cpu_stress,inventory-service,2026-06-09 14:40:00,2026-06-09 14:55:00,during_fault,60.6174,1
2026-06-09 14:40:15,315,EXP_FAULT_02,RUN_02,cpu_stress,1,checkoutservice,checkout-f02-01,online-boutique,node-b,0.5496,35.2008,0,113.9212,0.001881,97.9131,50.8532,190.8515,323.766,613.9925,101.2764,113.7069,0.205,0.0094,124377.6008,88845.677,cpu_stress,inventory-service,2026-06-09 14:40:00,2026-06-09 14:55:00,during_fault,63.4936,1
2026-06-09 14:40:20,320,EXP_FAULT_02,RUN_02,cpu_stress,1,checkoutservice,checkout-f02-01,online-boutique,node-b,0.5103,36.4146,0,115.8398,0.001961,94.7728,51.6022,178.1722,305.9361,524.9085,103.1792,115.6127,0.1869,0.0403,102952.5478,98168.8039,cpu_stress,inventory-service,2026-06-09 14:40:00,2026-06-09 14:55:00,during_fault,55.07554,1
2026-06-09 14:40:25,325,EXP_FAULT_02,RUN_02,cpu_stress,1,checkoutservice,checkout-f02-01,online-boutique,node-b,0.5383,35.6814,0,118.6958,0.000877,108.8998,61.5799,202.3137,324.6482,618.2639,105.9819,118.5917,0.0697,0.0344,143983.7592,92717.2611,cpu_stress,inventory-service,2026-06-09 14:40:00,2026-06-09 14:55:00,during_fault,92.27391,1
2026-06-09 14:40:30,330,EXP_FAULT_02,RUN_02,cpu_stress,1,checkoutservice,checkout-f02-01,online-boutique,node-b,0.5358,36.3585,0,114.5884,0.000904,95.8768,54.3848,198.1238,304.9689,544.0938,102.5524,114.4848,0.0848,0.0188,107477.3794,119496.0786,cpu_stress,inventory-service,2026-06-09 14:40:00,2026-06-09 14:55:00,during_fault,59.747948,1
2026-06-09 14:40:35,335,EXP_FAULT_02,RUN_02,cpu_stress,1,checkoutservice,checkout-f02-01,online-boutique,node-b,0.5211,35.8174,0,115.2571,0.001812,102.8197,55.1188,206.9271,317.0011,576.8839,103.4084,115.0482,0.1925,0.0164,96803.955,94442.5161,cpu_stress,inventory-service,2026-06-09 14:40:00,2026-06-09 14:55:00,during_fault,75.142624,1
2026-06-09 14:40:40,340,EXP_FAULT_02,RUN_02,cpu_stress,1,checkoutservice,checkout-f02-01,online-boutique,node-b,0.543,35.7848,0,114.0505,0.00145,97.3275,53.713,184.0483,304.4574,501.6579,102.6449,113.8851,0.147,0.0184,142827.4522,78774.8498,cpu_stress,inventory-service,2026-06-09 14:40:00,2026-06-09 14:55:00,during_fault,62.517925,1
2026-06-09 14:40:45,345,EXP_FAULT_02,RUN_02,cpu_stress,1,checkoutservice,checkout-f02-01,online-boutique,node-b,0.492,36.5413,0,114.7305,0.002217,91.1132,48.623,188.8635,281.2199,535.6541,103.4877,114.4761,0.2245,0.0299,101431.1561,89324.3312,cpu_stress,inventory-service,2026-06-09 14:40:00,2026-06-09 14:55:00,during_fault,47.61036,1
2026-06-09 14:40:50,350,EXP_FAULT_02,RUN_02,cpu_stress,1,checkoutservice,checkout-f02-01,online-boutique,node-b,0.5351,36.2965,0,119.4529,0.002045,100.1559,52.7378,207.7425,280.7885,553.827,108.1656,119.2086,0.2091,0.0351,138452.1857,109188.1231,cpu_stress,inventory-service,2026-06-09 14:40:00,2026-06-09 14:55:00,during_fault,65.980545,1
2026-06-09 14:40:55,355,EXP_FAULT_02,RUN_02,cpu_stress,1,checkoutservice,checkout-f02-01,online-boutique,node-b,0.4957,36.1483,0,120.4833,0.00092,92.2711,52.2908,173.4074,268.4457,530.3896,109.5121,120.3725,0.094,0.0168,108985.8088,96802.9979,cpu_stress,inventory-service,2026-06-09 14:40:00,2026-06-09 14:55:00,during_fault,49.26362,1
2026-06-09 14:41:00,360,EXP_FAULT_02,RUN_02,cpu_stress,1,checkoutservice,checkout-f02-01,online-boutique,node-b,0.5092,36.5815,0,115.4159,0.001831,85.5168,46.4744,174.4914,237.4713,410.9287,105.2548,115.2046,0.1772,0.0341,117621.4695,78231.0612,cpu_stress,inventory-service,2026-06-09 14:40:00,2026-06-09 14:55:00,during_fault,36.49993,1
2026-06-09 14:41:05,365,EXP_FAULT_02,RUN_02,cpu_stress,1,checkoutservice,checkout-f02-01,online-boutique,node-b,0.4764,35.686,0,123.4844,0.000915,86.656,50.5943,154.707,268.2954,411.7354,113.0669,123.3715,0.096,0.017,108823.2007,110582.8214,cpu_stress,inventory-service,2026-06-09 14:40:00,2026-06-09 14:55:00,during_fault,37.29937,1
2026-06-09 14:41:10,370,EXP_FAULT_02,RUN_02,cpu_stress,1,checkoutservice,checkout-f02-01,online-boutique,node-b,0.4878,35.4213,0,122.9727,0.001131,91.2873,54.6857,187.8547,278.1195,452.7222,112.9512,122.8336,0.1121,0.0271,145655.1163,114006.5205,cpu_stress,inventory-service,2026-06-09 14:40:00,2026-06-09 14:55:00,during_fault,46.12595,1
2026-06-09 14:41:15,375,EXP_FAULT_02,RUN_02,cpu_stress,1,checkoutservice,checkout-f02-01,online-boutique,node-b,0.5032,35.7538,0,120.0626,0.001075,85.8091,47.7249,158.0894,240.9964,432.898,110.6906,119.9335,0.1233,0.0057,148167.1116,121330.5605,cpu_stress,inventory-service,2026-06-09 14:40:00,2026-06-09 14:55:00,during_fault,35.97763,1
2026-06-09 14:41:20,380,EXP_FAULT_02,RUN_02,cpu_stress,1,checkoutservice,checkout-f02-01,online-boutique,node-b,0.4939,36.5303,0,121.5656,0.001783,77.2023,42.5879,138.966,210.918,387.6607,112.3858,121.3488,0.1979,0.0189,116929.1229,93046.4683,cpu_stress,inventory-service,2026-06-09 14:40:00,2026-06-09 14:55:00,during_fault,21.18478,1
2026-06-09 14:41:25,385,EXP_FAULT_02,RUN_02,cpu_stress,1,checkoutservice,checkout-f02-01,online-boutique,node-b,0.5138,36.4205,0,122.5334,0.000765,80.1741,44.5943,161.0927,230.1185,386.9872,113.7333,122.4396,0.0929,0.0009,119710.0261,98500.3377,cpu_stress,inventory-service,2026-06-09 14:40:00,2026-06-09 14:55:00,during_fault,26.252813,1
2026-06-09 14:41:30,390,EXP_FAULT_02,RUN_02,cpu_stress,1,checkoutservice,checkout-f02-01,online-boutique,node-b,0.5238,35.162,0,122.8501,0.001904,84.1023,52.707,167.9879,246.0386,360.6043,114.3377,122.6161,0.2199,0.0141,108446.7137,129265.3367,cpu_stress,inventory-service,2026-06-09 14:40:00,2026-06-09 14:55:00,during_fault,31.712229,1
2026-06-09 14:41:35,395,EXP_FAULT_02,RUN_02,cpu_stress,1,checkoutservice,checkout-f02-01,online-boutique,node-b,0.4997,36.3107,0,120.0156,0.000858,77.0705,47.4221,140.0217,215.6988,347.06,112.0219,119.9127,0.0712,0.0318,131177.4984,123400.994,cpu_stress,inventory-service,2026-06-09 14:40:00,2026-06-09 14:55:00,during_fault,22.047003,1
2026-06-09 14:41:40,400,EXP_FAULT_02,RUN_02,cpu_stress,1,checkoutservice,checkout-f02-01,online-boutique,node-b,0.4838,35.5645,0,119.4638,0.001823,76.7655,47.8736,145.4731,210.3603,361.3378,111.7442,119.246,0.1968,0.021,120017.419,125977.6819,cpu_stress,inventory-service,2026-06-09 14:40:00,2026-06-09 14:55:00,during_fault,21.341436,1
2026-06-09 14:41:45,405,EXP_FAULT_02,RUN_02,cpu_stress,1,checkoutservice,checkout-f02-01,online-boutique,node-b,0.522,36.9454,0,120.5685,0.001156,81.0295,48.3152,147.7432,207.4262,384.9403,113.0434,120.4291,0.1141,0.0253,112443.4671,101227.2353,cpu_stress,inventory-service,2026-06-09 14:40:00,2026-06-09 14:55:00,during_fault,28.148163,1
2026-06-09 14:41:50,410,EXP_FAULT_02,RUN_02,cpu_stress,1,checkoutservice,checkout-f02-01,online-boutique,node-b,0.4796,37.0274,0,119.8412,0.001793,82.2177,45.8135,139.3723,231.8692,401.7652,112.5467,119.6264,0.1741,0.0407,149784.0618,86679.8098,cpu_stress,inventory-service,2026-06-09 14:40:00,2026-06-09 14:55:00,during_fault,29.621292,1
2026-06-09 14:41:55,415,EXP_FAULT_02,RUN_02,cpu_stress,1,checkoutservice,checkout-f02-01,online-boutique,node-b,0.5079,36.4901,0,120.1665,0.0018,69.7734,43.6875,129.8168,173.0475,282.369,112.9746,119.9502,0.1753,0.041,150431.1757,103819.4138,cpu_stress,inventory-service,2026-06-09 14:40:00,2026-06-09 14:55:00,during_fault,13.1080065,1
2026-06-09 14:42:00,420,EXP_FAULT_02,RUN_02,cpu_stress,1,checkoutservice,checkout-f02-01,online-boutique,node-b,0.4932,36.4522,0,118.9821,0.001088,73.2258,42.1647,136.673,200.5476,353.5984,112.0295,118.8526,0.0917,0.0377,119466.9663,94676.0596,cpu_stress,inventory-service,2026-06-09 14:40:00,2026-06-09 14:55:00,during_fault,17.008049,1
2026-06-09 14:42:05,425,EXP_FAULT_02,RUN_02,cpu_stress,1,checkoutservice,checkout-f02-01,online-boutique,node-b,0.4953,36.6206,0,118.6792,0.001184,70.4187,44.4206,121.3379,175.9443,331.271,111.8476,118.5387,0.1316,0.0089,100386.2634,116234.1537,cpu_stress,inventory-service,2026-06-09 14:40:00,2026-06-09 14:55:00,during_fault,13.884661,1
2026-06-09 14:42:10,430,EXP_FAULT_02,RUN_02,cpu_stress,1,checkoutservice,checkout-f02-01,online-boutique,node-b,0.5112,36.4408,0,116.2667,0.00066,75.2116,47.5815,137.3408,195.2267,315.4205,109.6041,116.1899,0.0733,0.0035,101720.6147,109542.5035,cpu_stress,inventory-service,2026-06-09 14:40:00,2026-06-09 14:55:00,during_fault,21.00546,1
2026-06-09 14:42:15,435,EXP_FAULT_02,RUN_02,cpu_stress,1,checkoutservice,checkout-f02-01,online-boutique,node-b,0.4808,35.9793,0,118.0098,0.001471,74.5678,43.8802,136.2194,194.9258,310.183,111.1894,117.8363,0.1458,0.0277,104019.4905,92458.0755,cpu_stress,inventory-service,2026-06-09 14:40:00,2026-06-09 14:55:00,during_fault,18.708073,1
2026-06-09 14:42:20,440,EXP_FAULT_02,RUN_02,cpu_stress,1,checkoutservice,checkout-f02-01,online-boutique,node-b,0.4818,35.6145,0,117.0767,0.001996,74.2727,46.1678,137.6607,204.0296,308.6425,110.2112,116.843,0.202,0.0317,119442.4847,82592.2062,cpu_stress,inventory-service,2026-06-09 14:40:00,2026-06-09 14:55:00,during_fault,18.554434,1
2026-06-09 14:42:25,445,EXP_FAULT_02,RUN_02,cpu_stress,1,checkoutservice,checkout-f02-01,online-boutique,node-b,0.4702,35.1315,0,115.2496,0.001702,78.5068,49.7797,155.0361,211.283,315.3942,108.3592,115.0534,0.1803,0.0159,124812.3848,119176.8385,cpu_stress,inventory-service,2026-06-09 14:40:00,2026-06-09 14:55:00,during_fault,25.561005,1
2026-06-09 14:42:30,450,EXP_FAULT_02,RUN_02,cpu_stress,1,checkoutservice,checkout-f02-01,online-boutique,node-b,0.4927,36.4998,0,115.0025,0.000625,73.951,45.2102,132.8422,200.6821,361.2967,108.0573,114.9306,0.0562,0.0157,105483.9453,83322.4014,cpu_stress,inventory-service,2026-06-09 14:40:00,2026-06-09 14:55:00,during_fault,19.283867,1
2026-06-09 14:42:35,455,EXP_FAULT_02,RUN_02,cpu_stress,1,checkoutservice,checkout-f02-01,online-boutique,node-b,0.5009,36.524,0,114.3351,0.001487,74.2133,43.3597,141.9523,195.3029,313.1344,107.2214,114.1651,0.1658,0.0042,142119.3454,111025.9187,cpu_stress,inventory-service,2026-06-09 14:40:00,2026-06-09 14:55:00,during_fault,19.442673,1
2026-06-09 14:42:40,460,EXP_FAULT_02,RUN_02,cpu_stress,1,checkoutservice,checkout-f02-01,online-boutique,node-b,0.4788,36.2113,0,114.8196,0.000748,82.085,50.1897,142.1365,237.3837,390.1143,107.4655,114.7337,0.0768,0.0091,102693.4096,96590.7279,cpu_stress,inventory-service,2026-06-09 14:40:00,2026-06-09 14:55:00,during_fault,31.706074,1
2026-06-09 14:42:45,465,EXP_FAULT_02,RUN_02,cpu_stress,1,checkoutservice,checkout-f02-01,online-boutique,node-b,0.4896,35.9964,0,115.0775,0.001356,80.8789,48.7372,139.9375,218.6343,397.6958,107.4168,114.9215,0.1229,0.0332,139818.95,112074.1293,cpu_stress,inventory-service,2026-06-09 14:40:00,2026-06-09 14:55:00,during_fault,28.7841,1
2026-06-09 14:42:50,470,EXP_FAULT_02,RUN_02,cpu_stress,1,checkoutservice,checkout-f02-01,online-boutique,node-b,0.4876,35.7115,0,111.6986,0.001675,75.2988,45.0506,140.8102,215.3638,338.7603,103.9473,111.5115,0.1865,0.0006,103089.0104,115924.1499,cpu_stress,inventory-service,2026-06-09 14:40:00,2026-06-09 14:55:00,during_fault,21.427614,1
2026-06-09 14:42:55,475,EXP_FAULT_02,RUN_02,cpu_stress,1,checkoutservice,checkout-f02-01,online-boutique,node-b,0.4875,36.6762,0,113.6713,0.000737,84.8309,48.3788,152.586,236.6631,395.3371,105.5091,113.5875,0.0521,0.0317,145214.754,83361.3235,cpu_stress,inventory-service,2026-06-09 14:40:00,2026-06-09 14:55:00,during_fault,36.92197,1
2026-06-09 14:43:00,480,EXP_FAULT_02,RUN_02,cpu_stress,1,checkoutservice,checkout-f02-01,online-boutique,node-b,0.4904,35.7704,0,114.7626,0.001813,75.5182,44.471,149.2829,226.2392,398.3242,106.1296,114.5546,0.2011,0.0069,143753.0485,92474.8517,cpu_stress,inventory-service,2026-06-09 14:40:00,2026-06-09 14:55:00,during_fault,20.805496,1
2026-06-09 14:43:05,485,EXP_FAULT_02,RUN_02,cpu_stress,1,checkoutservice,checkout-f02-01,online-boutique,node-b,0.504,36.8965,0,112.2152,0.001415,83.0367,49.6211,156.929,251.6482,408.1212,103.4479,112.0563,0.1272,0.0317,99314.5421,100881.0018,cpu_stress,inventory-service,2026-06-09 14:40:00,2026-06-09 14:55:00,during_fault,33.600037,1
2026-06-09 14:43:10,490,EXP_FAULT_02,RUN_02,cpu_stress,1,checkoutservice,checkout-f02-01,online-boutique,node-b,0.4838,36.2339,0,113.2155,0.002227,81.7806,48.9981,151.4275,252.5925,436.3347,103.96,112.9633,0.23,0.0222,112025.0513,79971.4431,cpu_stress,inventory-service,2026-06-09 14:40:00,2026-06-09 14:55:00,during_fault,30.597275,1
2026-06-09 14:43:15,495,EXP_FAULT_02,RUN_02,cpu_stress,1,checkoutservice,checkout-f02-01,online-boutique,node-b,0.5285,36.3775,0,107.0572,0.00189,83.4494,50.5643,159.6315,250.8775,454.856,97.9918,106.8548,0.1681,0.0343,109422.493,97276.5742,cpu_stress,inventory-service,2026-06-09 14:40:00,2026-06-09 14:55:00,during_fault,36.37829,1
2026-06-09 14:43:20,500,EXP_FAULT_02,RUN_02,cpu_stress,1,checkoutservice,checkout-f02-01,online-boutique,node-b,0.49,36.7475,0,107.3111,0.001987,90.7292,52.1877,168.4783,254.7106,495.0703,97.8493,107.098,0.1772,0.036,109180.4631,106743.3041,cpu_stress,inventory-service,2026-06-09 14:40:00,2026-06-09 14:55:00,during_fault,50.02053,1
2026-06-09 14:43:25,505,EXP_FAULT_02,RUN_02,cpu_stress,1,checkoutservice,checkout-f02-01,online-boutique,node-b,0.5697,37.1924,0,111.263,0.001959,93.9252,55.3568,192.7554,279.728,543.0137,101.0774,111.045,0.2053,0.0127,114368.257,96838.2034,cpu_stress,inventory-service,2026-06-09 14:40:00,2026-06-09 14:55:00,during_fault,57.51991,1
2026-06-09 14:43:30,510,EXP_FAULT_02,RUN_02,cpu_stress,1,checkoutservice,checkout-f02-01,online-boutique,node-b,0.5162,37.2952,0,110.4814,0.001697,93.6613,51.6588,186.6079,262.955,465.4836,100.0566,110.2939,0.1681,0.0194,128695.3786,84325.3999,cpu_stress,inventory-service,2026-06-09 14:40:00,2026-06-09 14:55:00,during_fault,55.486095,1
2026-06-09 14:43:35,515,EXP_FAULT_02,RUN_02,cpu_stress,1,checkoutservice,checkout-f02-01,online-boutique,node-b,0.5228,36.641,0,113.0842,0.001295,104.4403,55.7772,201.2623,331.4948,576.8928,102.0947,112.9378,0.1302,0.0162,149621.3715,113788.3536,cpu_stress,inventory-service,2026-06-09 14:40:00,2026-06-09 14:55:00,during_fault,81.55859,1
2026-06-09 14:43:40,520,EXP_FAULT_02,RUN_02,cpu_stress,1,checkoutservice,checkout-f02-01,online-boutique,node-b,0.5286,35.6724,0,111.0439,0.000973,103.2786,58.9272,210.5372,340.9801,572.0189,99.9518,110.9359,0.0955,0.0125,138477.179,95638.8601,cpu_stress,inventory-service,2026-06-09 14:40:00,2026-06-09 14:55:00,during_fault,79.92731,1
2026-06-09 14:43:45,525,EXP_FAULT_02,RUN_02,cpu_stress,1,checkoutservice,checkout-f02-01,online-boutique,node-b,0.5435,35.814,0,113.0684,0.00141,104.0769,54.7295,216.5123,344.1053,600.6312,101.4398,112.909,0.1312,0.0282,105957.3033,97075.2614,cpu_stress,inventory-service,2026-06-09 14:40:00,2026-06-09 14:55:00,during_fault,80.286125,1
2026-06-09 14:43:50,530,EXP_FAULT_02,RUN_02,cpu_stress,1,checkoutservice,checkout-f02-01,online-boutique,node-b,0.5101,35.6995,0,112.7429,0.002265,108.9793,57.2327,222.4602,358.04,606.6129,100.8746,112.4875,0.2408,0.0146,100721.9263,80195.6652,cpu_stress,inventory-service,2026-06-09 14:40:00,2026-06-09 14:55:00,during_fault,93.49123,1
2026-06-09 14:43:55,535,EXP_FAULT_02,RUN_02,cpu_stress,1,checkoutservice,checkout-f02-01,online-boutique,node-b,0.5316,36.0502,0,112.1256,0.00192,97.5942,55.2351,209.8369,287.0023,569.6649,100.0502,111.9104,0.1846,0.0307,143993.8007,83125.3463,cpu_stress,inventory-service,2026-06-09 14:40:00,2026-06-09 14:55:00,during_fault,63.221752,1
2026-06-09 14:44:00,540,EXP_FAULT_02,RUN_02,cpu_stress,1,checkoutservice,checkout-f02-01,online-boutique,node-b,0.5624,36.5923,0,112.8441,0.001318,94.8138,48.2574,199.0497,297.6638,583.1394,100.5428,112.6954,0.1129,0.0358,98943.0361,92273.0356,cpu_stress,inventory-service,2026-06-09 14:40:00,2026-06-09 14:55:00,during_fault,58.546314,1
2026-06-09 14:44:05,545,EXP_FAULT_02,RUN_02,cpu_stress,1,checkoutservice,checkout-f02-01,online-boutique,node-b,0.5384,36.2105,0,112.9793,0.001561,95.4479,50.3134,178.605,321.3926,595.3308,100.4546,112.8029,0.1736,0.0027,151856.1542,82369.8322,cpu_stress,inventory-service,2026-06-09 14:40:00,2026-06-09 14:55:00,during_fault,58.428364,1
2026-06-09 14:44:10,550,EXP_FAULT_02,RUN_02,cpu_stress,1,checkoutservice,checkout-f02-01,online-boutique,node-b,0.5526,36.2226,0,115.6384,0.001091,93.9795,46.0038,196.9368,322.1825,514.56,102.7212,115.5122,0.1236,0.0026,125151.2743,119342.2182,cpu_stress,inventory-service,2026-06-09 14:40:00,2026-06-09 14:55:00,during_fault,55.21688,1
2026-06-09 14:44:15,555,EXP_FAULT_02,RUN_02,cpu_stress,1,checkoutservice,checkout-f02-01,online-boutique,node-b,0.5464,35.8581,0,115.441,0.001652,97.629,51.3197,204.4369,300.7523,611.7074,102.4099,115.2502,0.1521,0.0386,114696.81,82063.9682,cpu_stress,inventory-service,2026-06-09 14:40:00,2026-06-09 14:55:00,during_fault,62.371044,1
2026-06-09 14:44:20,560,EXP_FAULT_02,RUN_02,cpu_stress,1,checkoutservice,checkout-f02-01,online-boutique,node-b,0.538,36.3452,0,119.0808,0.001794,111.3248,59.1323,212.9097,354.4454,639.8288,105.5962,118.8671,0.1922,0.0215,112577.026,89103.9604,cpu_stress,inventory-service,2026-06-09 14:40:00,2026-06-09 14:55:00,during_fault,97.28411,1
2026-06-09 14:44:25,565,EXP_FAULT_02,RUN_02,cpu_stress,1,checkoutservice,checkout-f02-01,online-boutique,node-b,0.5298,36.4939,0,119.6098,0.001899,107.2733,53.7369,211.931,345.7989,661.731,106.0835,119.3827,0.1988,0.0283,121708.9816,117180.2772,cpu_stress,inventory-service,2026-06-09 14:40:00,2026-06-09 14:55:00,during_fault,85.07281,1
2026-06-09 14:44:30,570,EXP_FAULT_02,RUN_02,cpu_stress,1,checkoutservice,checkout-f02-01,online-boutique,node-b,0.5348,36.9852,0,117.053,0.001144,107.4748,55.8119,219.9768,367.9693,608.486,103.9248,116.9191,0.1189,0.015,129714.1319,107992.8462,cpu_stress,inventory-service,2026-06-09 14:40:00,2026-06-09 14:55:00,during_fault,88.3572,1
2026-06-09 14:44:35,575,EXP_FAULT_02,RUN_02,cpu_stress,1,checkoutservice,checkout-f02-01,online-boutique,node-b,0.5628,36.6965,0,120.129,0.001487,112.0223,60.7941,234.4387,378.8878,706.0239,106.7276,119.9504,0.1449,0.0337,131397.6838,126724.0084,cpu_stress,inventory-service,2026-06-09 14:40:00,2026-06-09 14:55:00,during_fault,99.57983,1
2026-06-09 14:44:40,580,EXP_FAULT_02,RUN_02,cpu_stress,1,checkoutservice,checkout-f02-01,online-boutique,node-b,0.5357,36.231,0,120.3792,0.001173,98.0838,52.0436,205.9951,296.0724,615.2676,107.0704,120.238,0.1371,0.0041,119472.8298,107985.7065,cpu_stress,inventory-service,2026-06-09 14:40:00,2026-06-09 14:55:00,during_fault,61.894276,1
2026-06-09 14:44:45,585,EXP_FAULT_02,RUN_02,cpu_stress,1,checkoutservice,checkout-f02-01,online-boutique,node-b,0.5437,35.9535,0,119.1186,0.001475,98.4308,55.1103,191.8798,298.6479,558.825,106.109,118.9429,0.1705,0.0052,117516.3437,123341.8472,cpu_stress,inventory-service,2026-06-09 14:40:00,2026-06-09 14:55:00,during_fault,62.837505,1
2026-06-09 14:44:50,590,EXP_FAULT_02,RUN_02,cpu_stress,1,checkoutservice,checkout-f02-01,online-boutique,node-b,0.5238,36.6573,0,122.0005,0.001214,100.2083,54.3174,213.5396,305.4693,520.9971,108.9038,121.8524,0.121,0.0272,154162.0527,116696.3066,cpu_stress,inventory-service,2026-06-09 14:40:00,2026-06-09 14:55:00,during_fault,66.26591,1
2026-06-09 14:44:55,595,EXP_FAULT_02,RUN_02,cpu_stress,1,checkoutservice,checkout-f02-01,online-boutique,node-b,0.5103,35.6491,0,115.7686,0.001884,98.2718,53.972,199.2448,303.3301,580.892,103.5218,115.5505,0.191,0.027,137440.5075,117883.6933,cpu_stress,inventory-service,2026-06-09 14:40:00,2026-06-09 14:55:00,during_fault,63.27346,1
2026-06-09 14:45:00,600,EXP_FAULT_02,RUN_02,cpu_stress,1,checkoutservice,checkout-f02-01,online-boutique,node-b,0.557,36.1032,0,117.5997,0.001532,102.2916,59.0643,211.4521,324.1429,562.2278,105.5103,117.4195,0.1442,0.036,150160.0168,107182.8309,cpu_stress,inventory-service,2026-06-09 14:40:00,2026-06-09 14:55:00,during_fault,73.40169,1
2026-06-09 14:45:05,605,EXP_FAULT_02,RUN_02,cpu_stress,1,checkoutservice,checkout-f02-01,online-boutique,node-b,0.5369,36.1772,0,122.6105,0.001711,102.4457,52.6865,199.8983,311.3217,580.3334,110.3357,122.4008,0.1829,0.0268,143577.4657,114808.8386,cpu_stress,inventory-service,2026-06-09 14:40:00,2026-06-09 14:55:00,during_fault,70.72036,1
2026-06-09 14:45:10,610,EXP_FAULT_02,RUN_02,cpu_stress,1,checkoutservice,checkout-f02-01,online-boutique,node-b,0.5684,36.5557,0,120.3922,0.000603,98.3171,51.1523,183.8847,290.112,545.1286,108.7044,120.3196,0.0686,0.0039,106978.5673,107232.596,cpu_stress,inventory-service,2026-06-09 14:40:00,2026-06-09 14:55:00,during_fault,64.75148,1
2026-06-09 14:45:15,615,EXP_FAULT_02,RUN_02,cpu_stress,1,checkoutservice,checkout-f02-01,online-boutique,node-b,0.5369,36.3027,0,118.613,0.000933,97.7782,50.2312,186.3725,296.7927,556.8372,107.4296,118.5024,0.1025,0.0081,140945.8492,83167.8218,cpu_stress,inventory-service,2026-06-09 14:40:00,2026-06-09 14:55:00,during_fault,62.424355,1
2026-06-09 14:45:20,620,EXP_FAULT_02,RUN_02,cpu_stress,1,checkoutservice,checkout-f02-01,online-boutique,node-b,0.526,35.9363,0,123.837,0.001735,92.709,52.6268,169.9503,270.2129,467.2685,112.5231,123.6222,0.2136,0.0013,114717.4465,89387.0698,cpu_stress,inventory-service,2026-06-09 14:40:00,2026-06-09 14:55:00,during_fault,47.3718,1
2026-06-09 14:45:25,625,EXP_FAULT_02,RUN_02,cpu_stress,1,checkoutservice,checkout-f02-01,online-boutique,node-b,0.5105,36.4457,0,118.4128,0.000683,91.0843,47.7879,177.0486,284.7201,463.6217,108.0292,118.3319,0.0578,0.0231,111551.2358,110455.8224,cpu_stress,inventory-service,2026-06-09 14:40:00,2026-06-09 14:55:00,during_fault,47.65167,1
2026-06-09 14:45:30,630,EXP_FAULT_02,RUN_02,cpu_stress,1,checkoutservice,checkout-f02-01,online-boutique,node-b,0.4901,36.3702,0,118.6321,0.002126,89.7044,49.5583,161.843,248.7274,504.914,108.5645,118.38,0.2137,0.0385,129328.4237,95027.5218,cpu_stress,inventory-service,2026-06-09 14:40:00,2026-06-09 14:55:00,during_fault,43.278572,1
2026-06-09 14:45:35,635,EXP_FAULT_02,RUN_02,cpu_stress,1,checkoutservice,checkout-f02-01,online-boutique,node-b,0.523,36.6416,0,120.5535,0.000902,83.7091,48.9273,160.1476,234.0726,390.2202,110.7799,120.4448,0.1053,0.0034,121012.8509,109364.6433,cpu_stress,inventory-service,2026-06-09 14:40:00,2026-06-09 14:55:00,during_fault,32.661674,1
2026-06-09 14:45:40,640,EXP_FAULT_02,RUN_02,cpu_stress,1,checkoutservice,checkout-f02-01,online-boutique,node-b,0.4915,35.8267,0,113.1028,0.000959,89.7161,50.3574,180.9222,243.6724,442.7068,104.2893,112.9943,0.0968,0.0117,108407.2933,112319.2213,cpu_stress,inventory-service,2026-06-09 14:40:00,2026-06-09 14:55:00,during_fault,46.522533,1
2026-06-09 14:45:45,645,EXP_FAULT_02,RUN_02,cpu_stress,1,checkoutservice,checkout-f02-01,online-boutique,node-b,0.4766,36.1947,0,113.8578,0.000851,83.6971,49.193,155.9246,249.243,390.8949,105.3393,113.7609,0.094,0.0029,131916.1823,110048.7945,cpu_stress,inventory-service,2026-06-09 14:40:00,2026-06-09 14:55:00,during_fault,34.8363,1
2026-06-09 14:45:50,650,EXP_FAULT_02,RUN_02,cpu_stress,1,checkoutservice,checkout-f02-01,online-boutique,node-b,0.5075,36.5688,0,118.7825,0.00133,85.2193,47.1015,159.9842,228.1391,386.8188,110.2242,118.6245,0.1198,0.0382,108837.8213,92329.2302,cpu_stress,inventory-service,2026-06-09 14:40:00,2026-06-09 14:55:00,during_fault,35.16814,1
2026-06-09 14:45:55,655,EXP_FAULT_02,RUN_02,cpu_stress,1,checkoutservice,checkout-f02-01,online-boutique,node-b,0.5061,36.5497,0,116.6379,0.001903,80.6979,48.7632,162.0932,210.923,413.3011,108.5413,116.416,0.1836,0.0383,128729.4286,121733.8998,cpu_stress,inventory-service,2026-06-09 14:40:00,2026-06-09 14:55:00,during_fault,27.855022,1
2026-06-09 14:46:00,660,EXP_FAULT_02,RUN_02,cpu_stress,1,checkoutservice,checkout-f02-01,online-boutique,node-b,0.4877,35.4002,0,114.0636,0.001105,82.5914,46.3584,157.0796,236.0996,403.9132,106.4663,113.9375,0.089,0.037,144942.8008,109881.402,cpu_stress,inventory-service,2026-06-09 14:40:00,2026-06-09 14:55:00,during_fault,32.359802,1
2026-06-09 14:46:05,665,EXP_FAULT_02,RUN_02,cpu_stress,1,checkoutservice,checkout-f02-01,online-boutique,node-b,0.464,36.4447,0,116.3259,0.001135,79.5368,48.3935,144.8408,233.0184,367.0911,108.8504,116.1938,0.1196,0.0125,106447.8518,117473.8453,cpu_stress,inventory-service,2026-06-09 14:40:00,2026-06-09 14:55:00,during_fault,27.01229,1
2026-06-09 14:46:10,670,EXP_FAULT_02,RUN_02,cpu_stress,1,checkoutservice,checkout-f02-01,online-boutique,node-b,0.4746,35.349,0,116.3496,0.001975,75.2613,45.9564,149.718,208.3622,362.3833,109.0685,116.1198,0.2063,0.0235,126506.8391,83854.5245,cpu_stress,inventory-service,2026-06-09 14:40:00,2026-06-09 14:55:00,during_fault,20.284525,1
2026-06-09 14:46:15,675,EXP_FAULT_02,RUN_02,cpu_stress,1,checkoutservice,checkout-f02-01,online-boutique,node-b,0.4895,36.1651,0,116.639,0.000944,72.1775,43.961,140.4078,203.7769,341.5464,109.5737,116.5288,0.0881,0.022,115591.251,101032.7645,cpu_stress,inventory-service,2026-06-09 14:40:00,2026-06-09 14:55:00,during_fault,16.295166,1
2026-06-09 14:46:20,680,EXP_FAULT_02,RUN_02,cpu_stress,1,checkoutservice,checkout-f02-01,online-boutique,node-b,0.4764,35.8145,0,122.896,0.000633,69.831,40.0764,134.7924,193.3443,280.8856,115.628,122.8182,0.054,0.0238,106287.782,116524.4028,cpu_stress,inventory-service,2026-06-09 14:40:00,2026-06-09 14:55:00,during_fault,12.462604,1
2026-06-09 14:46:25,685,EXP_FAULT_02,RUN_02,cpu_stress,1,checkoutservice,checkout-f02-01,online-boutique,node-b,0.4785,35.7575,0,113.5037,0.001868,72.8993,43.0656,127.4642,203.2633,344.7887,106.8711,113.2917,0.1755,0.0365,96033.6383,91474.962,cpu_stress,inventory-service,2026-06-09 14:40:00,2026-06-09 14:55:00,during_fault,17.696245,1
2026-06-09 14:46:30,690,EXP_FAULT_02,RUN_02,cpu_stress,1,checkoutservice,checkout-f02-01,online-boutique,node-b,0.4609,35.8011,0,119.839,0.001606,74.3408,46.8559,138.6989,192.0655,324.982,112.9055,119.6465,0.1795,0.013,140930.1793,113192.165,cpu_stress,inventory-service,2026-06-09 14:40:00,2026-06-09 14:55:00,during_fault,18.386837,1
2026-06-09 14:46:35,695,EXP_FAULT_02,RUN_02,cpu_stress,1,checkoutservice,checkout-f02-01,online-boutique,node-b,0.4807,36.6666,0,116.81,0.001546,68.8351,40.1259,134.7826,181.4447,327.985,110.0544,116.6294,0.1553,0.0254,146490.435,117432.3234,cpu_stress,inventory-service,2026-06-09 14:40:00,2026-06-09 14:55:00,during_fault,12.330568,1
2026-06-09 14:46:40,700,EXP_FAULT_02,RUN_02,cpu_stress,1,checkoutservice,checkout-f02-01,online-boutique,node-b,0.4929,36.2984,0,116.3764,0.000521,79.516,46.5199,156.7911,215.142,360.8713,109.6948,116.3157,0.0605,0.0002,97465.8398,116781.9655,cpu_stress,inventory-service,2026-06-09 14:40:00,2026-06-09 14:55:00,during_fault,27.12554,1
2026-06-09 14:46:45,705,EXP_FAULT_02,RUN_02,cpu_stress,1,checkoutservice,checkout-f02-01,online-boutique,node-b,0.4866,36.7555,0,119.1429,0.001429,75.5131,44.2336,142.5784,206.0279,341.4601,112.1646,118.9727,0.1327,0.0376,148460.8173,113786.1801,cpu_stress,inventory-service,2026-06-09 14:40:00,2026-06-09 14:55:00,during_fault,19.752758,1
2026-06-09 14:46:50,710,EXP_FAULT_02,RUN_02,cpu_stress,1,checkoutservice,checkout-f02-01,online-boutique,node-b,0.4654,37.0305,0,120.6418,0.001744,77.6503,44.6383,152.7221,194.0444,340.8369,113.4337,120.4314,0.1808,0.0296,106750.1086,98347.7787,cpu_stress,inventory-service,2026-06-09 14:40:00,2026-06-09 14:55:00,during_fault,22.58784,1
2026-06-09 14:46:55,715,EXP_FAULT_02,RUN_02,cpu_stress,1,checkoutservice,checkout-f02-01,online-boutique,node-b,0.4761,36.2497,0,118.2607,0.00126,78.1035,43.8982,133.1141,212.374,355.0892,111.094,118.1117,0.1206,0.0285,121552.5761,114139.2756,cpu_stress,inventory-service,2026-06-09 14:40:00,2026-06-09 14:55:00,during_fault,23.781696,1
2026-06-09 14:47:00,720,EXP_FAULT_02,RUN_02,cpu_stress,1,checkoutservice,checkout-f02-01,online-boutique,node-b,0.4875,35.777,0,117.3349,0.000936,77.1891,46.775,138.2937,194.8993,365.7206,110.0255,117.2251,0.0908,0.019,128596.8989,104633.3567,cpu_stress,inventory-service,2026-06-09 14:40:00,2026-06-09 14:55:00,during_fault,22.826958,1
2026-06-09 14:47:05,725,EXP_FAULT_02,RUN_02,cpu_stress,1,checkoutservice,checkout-f02-01,online-boutique,node-b,0.455,36.7211,0,119.6876,0.001623,81.1645,48.7896,151.2077,213.4461,352.8658,111.9683,119.4934,0.1534,0.0408,137524.2497,96487.5357,cpu_stress,inventory-service,2026-06-09 14:40:00,2026-06-09 14:55:00,during_fault,28.859705,1
2026-06-09 14:47:10,730,EXP_FAULT_02,RUN_02,cpu_stress,1,checkoutservice,checkout-f02-01,online-boutique,node-b,0.5059,35.9108,0,130.5976,0.001179,84.9135,46.8415,147.9403,251.0717,390.8835,121.9036,130.4437,0.1538,0.0002,136690.9959,131150.2176,cpu_stress,inventory-service,2026-06-09 14:40:00,2026-06-09 14:55:00,during_fault,30.873663,1
2026-06-09 14:47:15,735,EXP_FAULT_02,RUN_02,cpu_stress,1,checkoutservice,checkout-f02-01,online-boutique,node-b,0.4628,35.8166,0,124.3017,0.000948,81.6197,48.2543,160.7779,210.1758,390.6001,115.7075,124.1839,0.0885,0.0293,135218.5188,124771.1558,cpu_stress,inventory-service,2026-06-09 14:40:00,2026-06-09 14:55:00,during_fault,28.536377,1
2026-06-09 14:47:20,740,EXP_FAULT_02,RUN_02,cpu_stress,1,checkoutservice,checkout-f02-01,online-boutique,node-b,0.4995,35.5228,0,125.7578,0.001695,78.3632,42.6127,147.2118,232.9519,359.3998,116.6879,125.5447,0.1826,0.0305,152115.0868,98345.5276,cpu_stress,inventory-service,2026-06-09 14:40:00,2026-06-09 14:55:00,during_fault,21.783133,1
2026-06-09 14:47:25,745,EXP_FAULT_02,RUN_02,cpu_stress,1,checkoutservice,checkout-f02-01,online-boutique,node-b,0.5325,35.8842,0,127.3531,0.001296,82.3186,43.9564,162.6598,251.2109,421.7279,117.7932,127.188,0.1621,0.003,156100.9394,87876.663,cpu_stress,inventory-service,2026-06-09 14:40:00,2026-06-09 14:55:00,during_fault,27.918848,1
2026-06-09 14:47:30,750,EXP_FAULT_02,RUN_02,cpu_stress,1,checkoutservice,checkout-f02-01,online-boutique,node-b,0.5091,35.9396,0,126.2239,0.001777,89.5292,50.5179,174.7867,244.0406,477.0314,116.2905,125.9996,0.1897,0.0346,114578.1971,125661.5782,cpu_stress,inventory-service,2026-06-09 14:40:00,2026-06-09 14:55:00,during_fault,40.03018,1
2026-06-09 14:47:35,755,EXP_FAULT_02,RUN_02,cpu_stress,1,checkoutservice,checkout-f02-01,online-boutique,node-b,0.517,36.4354,0,127.0321,0.001923,92.7901,50.6213,177.473,272.7562,443.6888,116.6641,126.7878,0.2351,0.0092,160230.8145,112694.9938,cpu_stress,inventory-service,2026-06-09 14:40:00,2026-06-09 14:55:00,during_fault,46.178486,1
2026-06-09 14:47:40,760,EXP_FAULT_02,RUN_02,cpu_stress,1,checkoutservice,checkout-f02-01,online-boutique,node-b,0.5299,36.7009,0,125.7212,0.000977,89.2691,49.5167,170.1118,273.273,434.4844,115.1129,125.5983,0.1189,0.004,144216.312,95797.3081,cpu_stress,inventory-service,2026-06-09 14:40:00,2026-06-09 14:55:00,during_fault,40.971905,1
2026-06-09 14:47:45,765,EXP_FAULT_02,RUN_02,cpu_stress,1,checkoutservice,checkout-f02-01,online-boutique,node-b,0.5103,36.2339,0,133.1993,0.000501,99.9453,59.1881,205.442,294.1591,546.6268,121.5377,133.1326,0.0664,0.0003,127168.5043,105026.2473,cpu_stress,inventory-service,2026-06-09 14:40:00,2026-06-09 14:55:00,during_fault,62.754963,1
2026-06-09 14:47:50,770,EXP_FAULT_02,RUN_02,cpu_stress,1,checkoutservice,checkout-f02-01,online-boutique,node-b,0.537,36.4484,0,129.3604,0.001473,88.7195,52.6426,177.5067,279.5239,501.974,117.5244,129.1699,0.1899,0.0006,148484.2954,106230.1983,cpu_stress,inventory-service,2026-06-09 14:40:00,2026-06-09 14:55:00,during_fault,38.064095,1
2026-06-09 14:47:55,775,EXP_FAULT_02,RUN_02,cpu_stress,1,checkoutservice,checkout-f02-01,online-boutique,node-b,0.5053,34.9828,0,131.363,0.001149,97.1353,50.321,179.8442,291.8633,515.1728,118.9932,131.2121,0.1341,0.0168,145854.7405,113382.3623,cpu_stress,inventory-service,2026-06-09 14:40:00,2026-06-09 14:55:00,during_fault,55.51101,1
2026-06-09 14:48:00,780,EXP_FAULT_02,RUN_02,cpu_stress,1,checkoutservice,checkout-f02-01,online-boutique,node-b,0.5164,36.7941,0,130.2763,0.001657,94.4595,54.2847,173.8333,300.4763,470.5021,117.5827,130.0605,0.2061,0.0097,131883.5522,120052.035,cpu_stress,inventory-service,2026-06-09 14:40:00,2026-06-09 14:55:00,during_fault,48.833538,1
2026-06-09 14:48:05,785,EXP_FAULT_02,RUN_02,cpu_stress,1,checkoutservice,checkout-f02-01,online-boutique,node-b,0.556,37.1992,0,131.971,0.001412,98.6807,54.7067,208.3886,299.4875,510.2064,118.7212,131.7846,0.1602,0.0262,114065.8153,89686.2798,cpu_stress,inventory-service,2026-06-09 14:40:00,2026-06-09 14:55:00,during_fault,58.314796,1
2026-06-09 14:48:10,790,EXP_FAULT_02,RUN_02,cpu_stress,1,checkoutservice,checkout-f02-01,online-boutique,node-b,0.5579,36.6389,0,130.3165,0.001737,92.2101,50.3669,173.2792,268.5265,566.9293,116.9043,130.0901,0.2088,0.0176,159039.434,127267.7111,cpu_stress,inventory-service,2026-06-09 14:40:00,2026-06-09 14:55:00,during_fault,44.787518,1
2026-06-09 14:48:15,795,EXP_FAULT_02,RUN_02,cpu_stress,1,checkoutservice,checkout-f02-01,online-boutique,node-b,0.5379,35.367,0,133.0729,0.000935,103.1286,56.9974,217.3752,320.9204,608.6068,119.1209,132.9484,0.1229,0.0015,176576.4191,111501.9139,cpu_stress,inventory-service,2026-06-09 14:40:00,2026-06-09 14:55:00,during_fault,69.24272,1
2026-06-09 14:48:20,800,EXP_FAULT_02,RUN_02,cpu_stress,1,checkoutservice,checkout-f02-01,online-boutique,node-b,0.5277,36.1083,0,130.1014,0.001759,104.7173,58.8374,202.0297,308.104,610.4369,116.1352,129.8726,0.1957,0.0331,154728.4824,105318.9687,cpu_stress,inventory-service,2026-06-09 14:40:00,2026-06-09 14:55:00,during_fault,73.14264,1
2026-06-09 14:48:25,805,EXP_FAULT_02,RUN_02,cpu_stress,1,checkoutservice,checkout-f02-01,online-boutique,node-b,0.5875,35.6739,0,131.7684,0.001858,106.049,54.2257,209.8817,344.2837,668.4581,117.3891,131.5235,0.22,0.0249,118515.1182,115955.8035,cpu_stress,inventory-service,2026-06-09 14:40:00,2026-06-09 14:55:00,during_fault,76.43435,1
2026-06-09 14:48:30,810,EXP_FAULT_02,RUN_02,cpu_stress,1,checkoutservice,checkout-f02-01,online-boutique,node-b,0.5726,36.4074,0,131.2512,0.001068,105.3608,54.7065,213.7357,336.9253,631.0961,116.7539,131.111,0.137,0.0031,124931.274,120049.1945,cpu_stress,inventory-service,2026-06-09 14:40:00,2026-06-09 14:55:00,during_fault,76.13609,1
2026-06-09 14:48:35,815,EXP_FAULT_02,RUN_02,cpu_stress,1,checkoutservice,checkout-f02-01,online-boutique,node-b,0.5702,36.4877,0,129.2328,0.001894,113.3138,57.3418,226.0008,361.9498,605.481,114.7871,128.988,0.2153,0.0294,150633.6676,97857.5956,cpu_stress,inventory-service,2026-06-09 14:40:00,2026-06-09 14:55:00,during_fault,97.53566,1
2026-06-09 14:48:40,820,EXP_FAULT_02,RUN_02,cpu_stress,1,checkoutservice,checkout-f02-01,online-boutique,node-b,0.5509,36.261,0,130.6382,0.001505,111.6474,53.9162,225.5461,358.3445,635.3355,115.9459,130.4416,0.17,0.0265,145834.9106,121133.629,cpu_stress,inventory-service,2026-06-09 14:40:00,2026-06-09 14:55:00,during_fault,92.60249,1
2026-06-09 14:48:45,825,EXP_FAULT_02,RUN_02,cpu_stress,1,checkoutservice,checkout-f02-01,online-boutique,node-b,0.5433,35.8527,0,129.8921,0.001954,113.7237,61.5625,230.2642,382.8359,713.1231,115.2331,129.6384,0.2318,0.022,149334.3753,111732.7255,cpu_stress,inventory-service,2026-06-09 14:40:00,2026-06-09 14:55:00,during_fault,98.27675,1
2026-06-09 14:48:50,830,EXP_FAULT_02,RUN_02,cpu_stress,1,checkoutservice,checkout-f02-01,online-boutique,node-b,0.5391,36.4055,0,131.7358,0.001684,109.5652,61.6833,218.5726,366.3138,601.3509,116.8613,131.5139,0.1917,0.0301,117394.7492,121187.51,cpu_stress,inventory-service,2026-06-09 14:40:00,2026-06-09 14:55:00,during_fault,85.6584,1
2026-06-09 14:48:55,835,EXP_FAULT_02,RUN_02,cpu_stress,1,checkoutservice,checkout-f02-01,online-boutique,node-b,0.5404,36.4568,0,128.3866,0.001441,108.9519,60.1582,224.9164,374.8751,692.8543,113.9407,128.2016,0.1688,0.0162,119960.8761,91589.7435,cpu_stress,inventory-service,2026-06-09 14:40:00,2026-06-09 14:55:00,during_fault,86.11422,1
2026-06-09 14:49:00,840,EXP_FAULT_02,RUN_02,cpu_stress,1,checkoutservice,checkout-f02-01,online-boutique,node-b,0.5561,35.8531,0,129.056,0.001042,117.8379,62.598,221.0251,371.3841,712.4788,114.6632,128.9215,0.1249,0.0095,147099.3773,126415.7476,cpu_stress,inventory-service,2026-06-09 14:40:00,2026-06-09 14:55:00,during_fault,114.002975,1
2026-06-09 14:49:05,845,EXP_FAULT_02,RUN_02,cpu_stress,1,checkoutservice,checkout-f02-01,online-boutique,node-b,0.5277,36.6962,0,129.7061,0.001325,101.501,53.2082,194.0699,345.4387,627.4921,115.3688,129.5343,0.1409,0.0309,137295.7949,129126.5616,cpu_stress,inventory-service,2026-06-09 14:40:00,2026-06-09 14:55:00,during_fault,65.81878,1
2026-06-09 14:49:10,850,EXP_FAULT_02,RUN_02,cpu_stress,1,checkoutservice,checkout-f02-01,online-boutique,node-b,0.5525,35.848,0,129.3623,0.001645,107.5572,53.9945,217.0015,320.348,605.1661,115.2316,129.1495,0.1694,0.0434,124993.0367,97589.7863,cpu_stress,inventory-service,2026-06-09 14:40:00,2026-06-09 14:55:00,during_fault,81.16731,1
2026-06-09 14:49:15,855,EXP_FAULT_02,RUN_02,cpu_stress,1,checkoutservice,checkout-f02-01,online-boutique,node-b,0.5404,36.3768,0,125.1024,0.001865,98.4994,54.9519,206.2723,317.7375,609.1882,111.6793,124.8691,0.2284,0.0049,120542.0622,104230.448,cpu_stress,inventory-service,2026-06-09 14:40:00,2026-06-09 14:55:00,during_fault,59.68795,1
2026-06-09 14:49:20,860,EXP_FAULT_02,RUN_02,cpu_stress,1,checkoutservice,checkout-f02-01,online-boutique,node-b,0.5519,36.4246,0,129.5756,0.000944,100.8428,55.4723,190.8145,294.7426,550.67,115.9544,129.4532,0.0955,0.0268,167245.7999,135054.7818,cpu_stress,inventory-service,2026-06-09 14:40:00,2026-06-09 14:55:00,during_fault,65.19049,1
2026-06-09 14:49:25,865,EXP_FAULT_02,RUN_02,cpu_stress,1,checkoutservice,checkout-f02-01,online-boutique,node-b,0.5209,35.9514,0,129.9403,0.001787,108.1301,54.9948,216.8405,323.4459,644.5945,116.5394,129.7081,0.2314,0.0008,174031.5503,122933.4536,cpu_stress,inventory-service,2026-06-09 14:40:00,2026-06-09 14:55:00,during_fault,82.7427,1
2026-06-09 14:49:30,870,EXP_FAULT_02,RUN_02,cpu_stress,1,checkoutservice,checkout-f02-01,online-boutique,node-b,0.5321,36.5357,0,125.0928,0.001692,97.8071,49.7915,206.2042,298.0407,579.8434,112.5621,124.8811,0.1684,0.0433,134761.0651,114296.3726,cpu_stress,inventory-service,2026-06-09 14:40:00,2026-06-09 14:55:00,during_fault,58.294323,1
2026-06-09 14:49:35,875,EXP_FAULT_02,RUN_02,cpu_stress,1,checkoutservice,checkout-f02-01,online-boutique,node-b,0.5418,35.5804,0,129.1301,0.001825,99.4712,53.8351,198.3273,306.133,586.5869,116.537,128.8945,0.2022,0.0334,155729.148,88475.8974,cpu_stress,inventory-service,2026-06-09 14:40:00,2026-06-09 14:55:00,during_fault,60.109516,1
2026-06-09 14:49:40,880,EXP_FAULT_02,RUN_02,cpu_stress,1,checkoutservice,checkout-f02-01,online-boutique,node-b,0.5311,36.4617,0,126.9014,0.001257,93.3664,53.6101,169.0262,290.7102,489.6598,114.9271,126.7419,0.1315,0.028,137277.8442,126676.5287,cpu_stress,inventory-service,2026-06-09 14:40:00,2026-06-09 14:55:00,during_fault,48.347492,1
2026-06-09 14:49:45,885,EXP_FAULT_02,RUN_02,cpu_stress,1,checkoutservice,checkout-f02-01,online-boutique,node-b,0.5265,36.9661,0,128.9215,0.001836,99.4574,53.8181,204.447,290.9138,572.4252,117.1116,128.6849,0.2058,0.0309,133787.2616,113576.5482,cpu_stress,inventory-service,2026-06-09 14:40:00,2026-06-09 14:55:00,during_fault,60.48739,1
2026-06-09 14:49:50,890,EXP_FAULT_02,RUN_02,cpu_stress,1,checkoutservice,checkout-f02-01,online-boutique,node-b,0.5068,36.2151,0,128.6782,0.001268,95.2088,56.5639,193.0739,292.5098,532.9841,117.373,128.5151,0.1393,0.0238,166872.4041,97573.0101,cpu_stress,inventory-service,2026-06-09 14:40:00,2026-06-09 14:55:00,during_fault,51.79888,1
2026-06-09 14:49:55,895,EXP_FAULT_02,RUN_02,cpu_stress,1,checkoutservice,checkout-f02-01,online-boutique,node-b,0.5168,35.6543,0,126.7434,0.000764,86.9353,48.9188,172.4855,262.6876,478.822,116.0435,126.6465,0.0668,0.0301,137632.1526,112238.2629,cpu_stress,inventory-service,2026-06-09 14:40:00,2026-06-09 14:55:00,during_fault,36.336678,1
2026-06-09 14:50:00,900,EXP_FAULT_02,RUN_02,cpu_stress,1,checkoutservice,checkout-f02-01,online-boutique,node-b,0.4908,35.943,0,128.7193,0.001589,84.8424,45.3066,154.4011,264.181,460.6475,118.1953,128.5148,0.1597,0.0448,130915.4812,95048.6558,cpu_stress,inventory-service,2026-06-09 14:40:00,2026-06-09 14:55:00,during_fault,31.093945,1
2026-06-09 14:50:05,905,EXP_FAULT_02,RUN_02,cpu_stress,1,checkoutservice,checkout-f02-01,online-boutique,node-b,0.5091,36.4114,0,131.3592,0.000726,83.3528,46.1404,168.9643,254.237,448.1173,121.1254,131.2638,0.0819,0.0136,145087.6831,124407.4018,cpu_stress,inventory-service,2026-06-09 14:40:00,2026-06-09 14:55:00,during_fault,28.682154,1
2026-06-09 14:50:10,910,EXP_FAULT_02,RUN_02,cpu_stress,1,checkoutservice,checkout-f02-01,online-boutique,node-b,0.4971,36.9997,0,131.7526,0.001242,88.2314,47.5594,165.2909,245.2647,439.3779,121.871,131.589,0.1299,0.0336,153322.3466,102709.175,cpu_stress,inventory-service,2026-06-09 14:40:00,2026-06-09 14:55:00,during_fault,36.56798,1
2026-06-09 14:50:15,915,EXP_FAULT_02,RUN_02,cpu_stress,1,checkoutservice,checkout-f02-01,online-boutique,node-b,0.5393,36.4153,0,131.3288,0.000826,81.56,50.6222,162.6302,229.2801,370.7444,121.8963,131.2204,0.0951,0.0134,122416.3248,137206.4976,cpu_stress,inventory-service,2026-06-09 14:40:00,2026-06-09 14:55:00,during_fault,26.499823,1
2026-06-09 14:50:20,920,EXP_FAULT_02,RUN_02,cpu_stress,1,checkoutservice,checkout-f02-01,online-boutique,node-b,0.5051,36.6641,0,132.7238,0.001356,84.911,51.5702,171.382,242.3202,390.7323,123.5546,132.5439,0.1682,0.0117,170580.9396,120052.9818,cpu_stress,inventory-service,2026-06-09 14:40:00,2026-06-09 14:55:00,during_fault,30.043446,1
2026-06-09 14:50:25,925,EXP_FAULT_02,RUN_02,cpu_stress,1,checkoutservice,checkout-f02-01,online-boutique,node-b,0.5174,36.9076,0,131.5308,0.001866,77.7942,43.4825,154.2204,199.3415,365.1358,122.7517,131.2853,0.2314,0.014,141270.2829,88773.9077,cpu_stress,inventory-service,2026-06-09 14:40:00,2026-06-09 14:55:00,during_fault,19.690477,1
2026-06-09 14:50:30,930,EXP_FAULT_02,RUN_02,cpu_stress,1,checkoutservice,checkout-f02-01,online-boutique,node-b,0.521,36.4513,0,132.6339,0.00082,78.2759,44.8632,133.9236,225.512,390.0498,124.1259,132.5251,0.0795,0.0293,129574.5484,112195.8208,cpu_stress,inventory-service,2026-06-09 14:40:00,2026-06-09 14:55:00,during_fault,20.824677,1
2026-06-09 14:50:35,935,EXP_FAULT_02,RUN_02,cpu_stress,1,checkoutservice,checkout-f02-01,online-boutique,node-b,0.4848,37.1872,0,132.1027,0.001208,77.5236,47.0485,152.9371,217.9214,366.1153,123.8776,131.943,0.1442,0.0154,128321.0219,87741.578,cpu_stress,inventory-service,2026-06-09 14:40:00,2026-06-09 14:55:00,during_fault,19.416372,1
2026-06-09 14:50:40,940,EXP_FAULT_02,RUN_02,cpu_stress,1,checkoutservice,checkout-f02-01,online-boutique,node-b,0.4779,36.7746,0,133.9629,0.001619,81.6173,48.6869,146.8577,228.9163,383.8833,125.7641,133.7461,0.2064,0.0105,129167.3547,127308.5256,cpu_stress,inventory-service,2026-06-09 14:40:00,2026-06-09 14:55:00,during_fault,24.717241,1
2026-06-09 14:50:45,945,EXP_FAULT_02,RUN_02,cpu_stress,1,checkoutservice,checkout-f02-01,online-boutique,node-b,0.5006,36.4968,0,138.8883,0.001223,75.607,49.0875,132.0571,204.4643,322.4387,130.6527,138.7184,0.1253,0.0445,125957.9241,122465.4379,cpu_stress,inventory-service,2026-06-09 14:40:00,2026-06-09 14:55:00,during_fault,15.184323,1
2026-06-09 14:50:50,950,EXP_FAULT_02,RUN_02,cpu_stress,1,checkoutservice,checkout-f02-01,online-boutique,node-b,0.4834,36.2941,0,138.8172,0.001424,76.2394,47.0786,130.309,206.7712,352.0638,130.7324,138.6196,0.17,0.0276,148067.3275,108527.3397,cpu_stress,inventory-service,2026-06-09 14:40:00,2026-06-09 14:55:00,during_fault,15.9410095,1
2026-06-09 14:50:55,955,EXP_FAULT_02,RUN_02,cpu_stress,1,checkoutservice,checkout-f02-01,online-boutique,node-b,0.4756,36.9445,0,135.3912,0.001766,71.5701,41.6353,137.5,188.9938,285.6037,127.5012,135.1522,0.2049,0.0342,148041.3585,122198.5933,cpu_stress,inventory-service,2026-06-09 14:40:00,2026-06-09 14:55:00,during_fault,11.377218,1
2026-06-09 14:51:00,960,EXP_FAULT_02,RUN_02,cpu_stress,1,checkoutservice,checkout-f02-01,online-boutique,node-b,0.5039,36.3733,0,135.3108,0.001885,72.5697,43.7135,131.9854,187.9336,339.8723,127.454,135.0556,0.2281,0.027,137813.4411,101600.4435,cpu_stress,inventory-service,2026-06-09 14:40:00,2026-06-09 14:55:00,during_fault,12.284506,1
2026-06-09 14:51:05,965,EXP_FAULT_02,RUN_02,cpu_stress,1,checkoutservice,checkout-f02-01,online-boutique,node-b,0.4953,35.5062,0,136.3072,0.000693,73.9933,44.4543,126.679,180.7021,353.9097,128.473,136.2128,0.0798,0.0146,141773.694,143709.8996,cpu_stress,inventory-service,2026-06-09 14:40:00,2026-06-09 14:55:00,during_fault,14.404386,1
2026-06-09 14:51:10,970,EXP_FAULT_02,RUN_02,cpu_stress,1,checkoutservice,checkout-f02-01,online-boutique,node-b,0.5013,35.9608,0,137.431,0.000957,76.1217,45.3244,131.907,203.8309,304.1407,129.4267,137.2995,0.1245,0.007,160528.6178,136881.4841,cpu_stress,inventory-service,2026-06-09 14:40:00,2026-06-09 14:55:00,during_fault,16.371588,1
2026-06-09 14:51:15,975,EXP_FAULT_02,RUN_02,cpu_stress,1,checkoutservice,checkout-f02-01,online-boutique,node-b,0.5113,35.4949,0,132.8205,0.00109,76.7384,43.0325,134.8625,219.6128,322.7895,124.9575,132.6758,0.1174,0.0273,157227.9946,107815.6981,cpu_stress,inventory-service,2026-06-09 14:40:00,2026-06-09 14:55:00,during_fault,18.27552,1
2026-06-09 14:51:20,980,EXP_FAULT_02,RUN_02,cpu_stress,1,checkoutservice,checkout-f02-01,online-boutique,node-b,0.5019,36.825,0,130.9033,0.001592,76.0792,45.1937,129.3136,210.81,327.161,122.9324,130.695,0.1768,0.0316,131939.7067,92517.7384,cpu_stress,inventory-service,2026-06-09 14:40:00,2026-06-09 14:55:00,during_fault,17.50236,1
2026-06-09 14:51:25,985,EXP_FAULT_02,RUN_02,cpu_stress,1,checkoutservice,checkout-f02-01,online-boutique,node-b,0.5203,36.4196,0,129.6677,0.00171,75.7266,48.593,143.1082,191.509,374.3951,121.526,129.446,0.178,0.0437,161109.5035,120832.5285,cpu_stress,inventory-service,2026-06-09 14:40:00,2026-06-09 14:55:00,during_fault,17.603497,1
2026-06-09 14:51:30,990,EXP_FAULT_02,RUN_02,cpu_stress,1,checkoutservice,checkout-f02-01,online-boutique,node-b,0.4998,36.5077,0,132.1917,0.001304,81.3515,48.9603,145.9422,220.9251,395.8885,123.6861,132.0193,0.1419,0.0305,135352.818,137574.1973,cpu_stress,inventory-service,2026-06-09 14:40:00,2026-06-09 14:55:00,during_fault,24.556908,1
2026-06-09 14:51:35,995,EXP_FAULT_02,RUN_02,cpu_stress,1,checkoutservice,checkout-f02-01,online-boutique,node-b,0.4994,37.2423,0,129.7236,0.001353,76.832,45.7899,144.8135,217.3602,371.1568,121.0658,129.548,0.1492,0.0264,131541.6073,135969.1655,cpu_stress,inventory-service,2026-06-09 14:40:00,2026-06-09 14:55:00,during_fault,18.999111,1
2026-06-09 14:51:40,1000,EXP_FAULT_02,RUN_02,cpu_stress,1,checkoutservice,checkout-f02-01,online-boutique,node-b,0.5123,35.8573,0,129.6259,0.001004,81.3765,51.0293,162.6627,237.7035,396.98,120.6648,129.4957,0.1073,0.0228,109664.987,86993.8883,cpu_stress,inventory-service,2026-06-09 14:40:00,2026-06-09 14:55:00,during_fault,25.658667,1
2026-06-09 14:51:45,1005,EXP_FAULT_02,RUN_02,cpu_stress,1,checkoutservice,checkout-f02-01,online-boutique,node-b,0.4958,36.4334,0,127.9755,0.001975,80.7764,46.8925,148.9919,241.2953,358.4753,118.6864,127.7227,0.2247,0.0282,135070.8598,122113.8449,cpu_stress,inventory-service,2026-06-09 14:40:00,2026-06-09 14:55:00,during_fault,24.427032,1
2026-06-09 14:51:50,1010,EXP_FAULT_02,RUN_02,cpu_stress,1,checkoutservice,checkout-f02-01,online-boutique,node-b,0.508,36.5222,0,129.5824,0.001752,89.5037,54.7901,167.6765,268.0092,464.5346,119.8582,129.3553,0.2077,0.0194,127262.5074,104072.7662,cpu_stress,inventory-service,2026-06-09 14:40:00,2026-06-09 14:55:00,during_fault,38.9327,1
2026-06-09 14:51:55,1015,EXP_FAULT_02,RUN_02,cpu_stress,1,checkoutservice,checkout-f02-01,online-boutique,node-b,0.5001,36.3229,0,125.713,0.000944,91.0548,48.6237,163.6738,243.7124,414.5246,115.9071,125.5943,0.0782,0.0405,134368.2978,103256.6074,cpu_stress,inventory-service,2026-06-09 14:40:00,2026-06-09 14:55:00,during_fault,44.586998,1
2026-06-09 14:52:00,1020,EXP_FAULT_02,RUN_02,cpu_stress,1,checkoutservice,checkout-f02-01,online-boutique,node-b,0.5256,35.5308,0,126.5729,0.001976,82.6158,46.8644,165.0518,253.9948,445.9163,116.2466,126.3229,0.2119,0.0382,139504.7844,97961.7086,cpu_stress,inventory-service,2026-06-09 14:40:00,2026-06-09 14:55:00,during_fault,27.953205,1
2026-06-09 14:52:05,1025,EXP_FAULT_02,RUN_02,cpu_stress,1,checkoutservice,checkout-f02-01,online-boutique,node-b,0.5104,36.7208,0,123.2061,0.000795,84.6214,51.1952,151.1491,229.4935,445.7727,112.8101,123.1082,0.0761,0.0218,160289.8719,115901.6457,cpu_stress,inventory-service,2026-06-09 14:40:00,2026-06-09 14:55:00,during_fault,33.256603,1
2026-06-09 14:52:10,1030,EXP_FAULT_02,RUN_02,cpu_stress,1,checkoutservice,checkout-f02-01,online-boutique,node-b,0.5621,36.4142,0,123.6253,0.001324,93.3293,51.5378,188.0391,298.44,514.2637,112.7754,123.4615,0.1405,0.0232,115922.8367,120168.3166,cpu_stress,inventory-service,2026-06-09 14:40:00,2026-06-09 14:55:00,during_fault,50.529408,1
2026-06-09 14:52:15,1035,EXP_FAULT_02,RUN_02,cpu_stress,1,checkoutservice,checkout-f02-01,online-boutique,node-b,0.5185,37.0505,0,124.1089,0.001346,85.0724,48.2389,169.5159,265.5274,410.5596,112.7994,123.9419,0.1348,0.0322,115513.3279,112874.1311,cpu_stress,inventory-service,2026-06-09 14:40:00,2026-06-09 14:55:00,during_fault,33.36195,1
2026-06-09 14:52:20,1040,EXP_FAULT_02,RUN_02,cpu_stress,1,checkoutservice,checkout-f02-01,online-boutique,node-b,0.5244,37.1869,0,123.2007,0.001567,94.5985,55.6119,180.5514,294.7249,559.8836,111.5817,123.0077,0.1746,0.0184,128336.0344,111555.4953,cpu_stress,inventory-service,2026-06-09 14:40:00,2026-06-09 14:55:00,during_fault,52.258636,1
2026-06-09 14:52:25,1045,EXP_FAULT_02,RUN_02,cpu_stress,1,checkoutservice,checkout-f02-01,online-boutique,node-b,0.5243,36.3272,0,120.9876,0.00075,91.5362,46.1221,191.1103,301.6075,521.2025,109.2313,120.8969,0.0695,0.0212,118811.1387,130867.257,cpu_stress,inventory-service,2026-06-09 14:40:00,2026-06-09 14:55:00,during_fault,47.577415,1
2026-06-09 14:52:30,1050,EXP_FAULT_02,RUN_02,cpu_stress,1,checkoutservice,checkout-f02-01,online-boutique,node-b,0.475,36.6307,0,118.6038,0.002126,104.4548,56.1994,211.4107,320.3289,622.7035,106.664,118.3516,0.2258,0.0264,123718.1423,83051.8253,cpu_stress,inventory-service,2026-06-09 14:40:00,2026-06-09 14:55:00,during_fault,79.9135,1
2026-06-09 14:52:35,1055,EXP_FAULT_02,RUN_02,cpu_stress,1,checkoutservice,checkout-f02-01,online-boutique,node-b,0.5417,35.9341,0,115.9764,0.001803,99.2683,53.3924,194.8997,309.23,562.522,104.048,115.7673,0.1936,0.0155,115940.7808,83860.6092,cpu_stress,inventory-service,2026-06-09 14:40:00,2026-06-09 14:55:00,during_fault,65.74224,1
2026-06-09 14:52:40,1060,EXP_FAULT_02,RUN_02,cpu_stress,1,checkoutservice,checkout-f02-01,online-boutique,node-b,0.5357,36.7658,0,119.1831,0.001378,103.2109,56.5031,214.0222,347.7159,535.5118,106.6318,119.0189,0.1472,0.017,120805.5434,95930.1867,cpu_stress,inventory-service,2026-06-09 14:40:00,2026-06-09 14:55:00,during_fault,75.00504,1
2026-06-09 14:52:45,1065,EXP_FAULT_02,RUN_02,cpu_stress,1,checkoutservice,checkout-f02-01,online-boutique,node-b,0.533,35.9107,0,114.8487,0.002404,102.3879,55.1473,197.0477,345.4713,613.2447,102.4897,114.5726,0.2365,0.0395,121374.0121,114210.7196,cpu_stress,inventory-service,2026-06-09 14:40:00,2026-06-09 14:55:00,during_fault,73.275665,1
2026-06-09 14:52:50,1070,EXP_FAULT_02,RUN_02,cpu_stress,1,checkoutservice,checkout-f02-01,online-boutique,node-b,0.5559,36.4212,0,117.4857,0.000943,101.6879,53.2996,194.9529,324.0806,640.3487,104.6906,117.375,0.0966,0.0141,115793.5811,113198.1208,cpu_stress,inventory-service,2026-06-09 14:40:00,2026-06-09 14:55:00,during_fault,73.09748,1
2026-06-09 14:52:55,1075,EXP_FAULT_02,RUN_02,cpu_stress,1,checkoutservice,checkout-f02-01,online-boutique,node-b,0.5497,36.669,0,121.63,0.001291,104.0285,52.1738,206.9114,315.9063,660.5634,108.2022,121.473,0.133,0.024,127610.0263,96145.807,cpu_stress,inventory-service,2026-06-09 14:40:00,2026-06-09 14:55:00,during_fault,76.287186,1
2026-06-09 14:53:00,1080,EXP_FAULT_02,RUN_02,cpu_stress,1,checkoutservice,checkout-f02-01,online-boutique,node-b,0.5154,36.7484,0,120.6621,0.001145,112.7981,60.4205,220.8388,380.545,688.9083,107.2111,120.524,0.1371,0.0011,109003.5427,84622.2133,cpu_stress,inventory-service,2026-06-09 14:40:00,2026-06-09 14:55:00,during_fault,103.07353,1
2026-06-09 14:53:05,1085,EXP_FAULT_02,RUN_02,cpu_stress,1,checkoutservice,checkout-f02-01,online-boutique,node-b,0.5397,35.8785,0,119.3225,0.001739,111.9462,62.6839,231.5408,355.695,703.732,105.8885,119.1149,0.1866,0.0209,117495.636,106234.6155,cpu_stress,inventory-service,2026-06-09 14:40:00,2026-06-09 14:55:00,during_fault,99.138,1
2026-06-09 14:53:10,1090,EXP_FAULT_02,RUN_02,cpu_stress,1,checkoutservice,checkout-f02-01,online-boutique,node-b,0.5678,36.7222,0,119.1989,0.000928,104.5968,58.1035,197.0141,336.5392,602.7931,105.7483,119.0883,0.1059,0.0047,108174.0363,111507.0596,cpu_stress,inventory-service,2026-06-09 14:40:00,2026-06-09 14:55:00,during_fault,80.35821,1
2026-06-09 14:53:15,1095,EXP_FAULT_02,RUN_02,cpu_stress,1,checkoutservice,checkout-f02-01,online-boutique,node-b,0.55,36.3664,0,116.8975,0.001346,94.9598,52.5499,183.3028,318.0213,516.5571,103.7224,116.7401,0.1455,0.0119,103656.62,91251.8975,cpu_stress,inventory-service,2026-06-09 14:40:00,2026-06-09 14:55:00,during_fault,56.319862,1
2026-06-09 14:53:20,1100,EXP_FAULT_02,RUN_02,cpu_stress,1,checkoutservice,checkout-f02-01,online-boutique,node-b,0.5551,36.3871,0,120.7838,0.001342,106.1164,56.9822,219.5998,333.3184,572.1076,107.1787,120.6217,0.1406,0.0214,148254.3808,91622.0453,cpu_stress,inventory-service,2026-06-09 14:40:00,2026-06-09 14:55:00,during_fault,82.32509,1
2026-06-09 14:53:25,1105,EXP_FAULT_02,RUN_02,cpu_stress,1,checkoutservice,checkout-f02-01,online-boutique,node-b,0.5167,37.1199,0,119.9671,0.001341,104.5146,58.6877,225.9644,348.2966,579.4449,106.5824,119.8062,0.1202,0.0407,131312.9929,121073.7047,cpu_stress,inventory-service,2026-06-09 14:40:00,2026-06-09 14:55:00,during_fault,78.52492,1
2026-06-09 14:53:30,1110,EXP_FAULT_02,RUN_02,cpu_stress,1,checkoutservice,checkout-f02-01,online-boutique,node-b,0.5371,37.0811,0,121.5231,0.002032,100.7509,50.6716,207.0168,336.2283,530.6829,108.0709,121.2762,0.2387,0.0082,120442.0506,98022.2018,cpu_stress,inventory-service,2026-06-09 14:40:00,2026-06-09 14:55:00,during_fault,66.86302,1
2026-06-09 14:53:35,1115,EXP_FAULT_02,RUN_02,cpu_stress,1,checkoutservice,checkout-f02-01,online-boutique,node-b,0.4988,36.6174,0,114.9295,0.001718,107.6515,53.9468,210.156,362.9022,594.0241,102.3661,114.732,0.1901,0.0074,133932.6331,102273.7082,cpu_stress,inventory-service,2026-06-09 14:40:00,2026-06-09 14:55:00,during_fault,89.96813,1
2026-06-09 14:53:40,1120,EXP_FAULT_02,RUN_02,cpu_stress,1,checkoutservice,checkout-f02-01,online-boutique,node-b,0.5322,36.0088,0,120.3434,0.002282,104.2697,53.9001,200.3776,351.2441,642.5253,107.3864,120.0688,0.2575,0.0171,129139.5672,86443.1914,cpu_stress,inventory-service,2026-06-09 14:40:00,2026-06-09 14:55:00,during_fault,75.68481,1
2026-06-09 14:53:45,1125,EXP_FAULT_02,RUN_02,cpu_stress,1,checkoutservice,checkout-f02-01,online-boutique,node-b,0.5398,37.0113,0,120.1756,0.001569,111.3704,59.8343,222.9444,331.1992,691.0575,107.5281,119.987,0.1851,0.0034,152615.9494,114083.1816,cpu_stress,inventory-service,2026-06-09 14:40:00,2026-06-09 14:55:00,during_fault,97.398735,1
2026-06-09 14:53:50,1130,EXP_FAULT_02,RUN_02,cpu_stress,1,checkoutservice,checkout-f02-01,online-boutique,node-b,0.5449,36.4962,0,121.1339,0.0019,97.2741,55.2214,186.6265,293.9935,555.2777,108.6572,120.9038,0.2111,0.019,115505.9186,84609.2526,cpu_stress,inventory-service,2026-06-09 14:40:00,2026-06-09 14:55:00,during_fault,58.758667,1
2026-06-09 14:53:55,1135,EXP_FAULT_02,RUN_02,cpu_stress,1,checkoutservice,checkout-f02-01,online-boutique,node-b,0.5319,36.6627,0,121.7516,0.001209,100.3525,50.0784,204.1531,331.4605,576.0747,109.5443,121.6044,0.1254,0.0218,148295.7818,96966.8342,cpu_stress,inventory-service,2026-06-09 14:40:00,2026-06-09 14:55:00,during_fault,66.73706,1
2026-06-09 14:54:00,1140,EXP_FAULT_02,RUN_02,cpu_stress,1,checkoutservice,checkout-f02-01,online-boutique,node-b,0.5222,36.5873,0,121.6558,0.001881,97.0938,51.8497,184.2437,315.7756,580.1241,109.7852,121.427,0.1949,0.034,131953.8314,97661.429,cpu_stress,inventory-service,2026-06-09 14:40:00,2026-06-09 14:55:00,during_fault,57.953106,1
2026-06-09 14:54:05,1145,EXP_FAULT_02,RUN_02,cpu_stress,1,checkoutservice,checkout-f02-01,online-boutique,node-b,0.5414,37.2837,0,120.4133,0.001664,95.1984,54.1289,176.5059,305.1283,465.555,109.0593,120.2129,0.1888,0.0116,125428.012,123312.1747,cpu_stress,inventory-service,2026-06-09 14:40:00,2026-06-09 14:55:00,during_fault,55.014057,1
2026-06-09 14:54:10,1150,EXP_FAULT_02,RUN_02,cpu_stress,1,checkoutservice,checkout-f02-01,online-boutique,node-b,0.5001,35.6279,0,117.3074,0.001542,86.4056,49.2892,177.5702,264.947,459.5885,106.6104,117.1265,0.1631,0.0178,100395.3566,95031.1098,cpu_stress,inventory-service,2026-06-09 14:40:00,2026-06-09 14:55:00,during_fault,37.5409,1
2026-06-09 14:54:15,1155,EXP_FAULT_02,RUN_02,cpu_stress,1,checkoutservice,checkout-f02-01,online-boutique,node-b,0.5405,36.222,0,121.9062,0.000982,83.819,43.5858,164.5196,253.2546,457.3085,111.2233,121.7865,0.1114,0.0083,111273.1859,117527.6117,cpu_stress,inventory-service,2026-06-09 14:40:00,2026-06-09 14:55:00,during_fault,32.882618,1
2026-06-09 14:54:20,1160,EXP_FAULT_02,RUN_02,cpu_stress,1,checkoutservice,checkout-f02-01,online-boutique,node-b,0.5103,35.777,0,119.3547,0.001937,84.5451,44.0646,174.6613,267.3026,466.8927,109.2363,119.1236,0.2073,0.0238,152821.853,99467.1855,cpu_stress,inventory-service,2026-06-09 14:40:00,2026-06-09 14:55:00,during_fault,33.20206,1
2026-06-09 14:54:25,1165,EXP_FAULT_02,RUN_02,cpu_stress,1,checkoutservice,checkout-f02-01,online-boutique,node-b,0.5096,36.2326,0,113.3777,0.00099,90.2307,47.5171,163.9409,259.6335,454.8167,104.1774,113.2655,0.1013,0.0109,109177.4659,86737.546,cpu_stress,inventory-service,2026-06-09 14:40:00,2026-06-09 14:55:00,during_fault,47.281456,1
2026-06-09 14:54:30,1170,EXP_FAULT_02,RUN_02,cpu_stress,1,checkoutservice,checkout-f02-01,online-boutique,node-b,0.5219,35.7066,0,119.0362,0.001519,88.2108,47.5857,169.1887,250.6963,464.1104,109.7238,118.8554,0.1714,0.0094,127660.7087,110587.782,cpu_stress,inventory-service,2026-06-09 14:40:00,2026-06-09 14:55:00,during_fault,40.39259,1
2026-06-09 14:54:35,1175,EXP_FAULT_02,RUN_02,cpu_stress,1,checkoutservice,checkout-f02-01,online-boutique,node-b,0.488,36.3243,0,112.6838,0.002055,79.721,49.1451,152.4277,227.9316,378.6347,104.2077,112.4522,0.1946,0.037,105121.5329,113195.5415,cpu_stress,inventory-service,2026-06-09 14:40:00,2026-06-09 14:55:00,during_fault,27.44244,1
2026-06-09 14:54:40,1180,EXP_FAULT_02,RUN_02,cpu_stress,1,checkoutservice,checkout-f02-01,online-boutique,node-b,0.5252,36.8689,0,115.132,0.000776,78.7198,49.2832,149.5752,235.3764,411.1687,106.855,115.0427,0.0644,0.0249,109125.0429,107186.7034,cpu_stress,inventory-service,2026-06-09 14:40:00,2026-06-09 14:55:00,during_fault,26.819805,1
2026-06-09 14:54:45,1185,EXP_FAULT_02,RUN_02,cpu_stress,1,checkoutservice,checkout-f02-01,online-boutique,node-b,0.5074,36.0983,0,116.2329,0.00097,78.142,47.1605,144.7603,223.7048,340.2474,108.2037,116.1202,0.0725,0.0401,110660.7373,104973.3577,cpu_stress,inventory-service,2026-06-09 14:40:00,2026-06-09 14:55:00,during_fault,24.658834,1
2026-06-09 14:54:50,1190,EXP_FAULT_02,RUN_02,cpu_stress,1,checkoutservice,checkout-f02-01,online-boutique,node-b,0.4736,37.1668,0,113.6785,0.001836,76.458,47.8672,140.9959,214.7532,363.4101,106.0871,113.4697,0.1716,0.0372,120633.9705,118904.5987,cpu_stress,inventory-service,2026-06-09 14:40:00,2026-06-09 14:55:00,during_fault,22.522367,1
2026-06-09 14:54:55,1195,EXP_FAULT_02,RUN_02,cpu_stress,1,checkoutservice,checkout-f02-01,online-boutique,node-b,0.4847,36.6879,0,110.2423,0.000866,72.0836,43.422,130.0019,199.7973,301.9044,103.1662,110.1467,0.0586,0.0369,124349.6665,75659.6506,cpu_stress,inventory-service,2026-06-09 14:40:00,2026-06-09 14:55:00,during_fault,17.860294,1
2026-06-09 14:55:00,1200,EXP_FAULT_02,RUN_02,cpu_stress,1,checkoutservice,checkout-f02-01,online-boutique,node-b,0.4876,36.8547,0,108.6235,0.00085,76.5446,47.0239,146.0364,197.353,354.0575,101.7846,108.5311,0.0878,0.0046,94178.4704,101042.1585,cpu_stress,inventory-service,2026-06-09 14:40:00,2026-06-09 14:55:00,post_fault,24.511225,1
2026-06-09 14:55:05,1205,EXP_FAULT_02,RUN_02,cpu_stress,1,checkoutservice,checkout-f02-01,online-boutique,node-b,0.4904,36.1625,0,110.8752,0.00124,77.5264,46.5878,140.9108,199.6642,372.3044,103.979,110.7376,0.1127,0.0248,116947.8352,80553.3704,cpu_stress,inventory-service,2026-06-09 14:40:00,2026-06-09 14:55:00,post_fault,24.89391,1
2026-06-09 14:55:10,1210,EXP_FAULT_02,RUN_02,cpu_stress,1,checkoutservice,checkout-f02-01,online-boutique,node-b,0.48,37.0405,0,109.9144,0.001953,68.1396,40.3155,120.0887,170.9558,308.6476,103.1428,109.6997,0.2068,0.0079,129184.8134,107619.9376,cpu_stress,inventory-service,2026-06-09 14:40:00,2026-06-09 14:55:00,post_fault,13.160138,1
2026-06-09 14:55:15,1215,EXP_FAULT_02,RUN_02,cpu_stress,1,checkoutservice,checkout-f02-01,online-boutique,node-b,0.4847,36.7282,0,112.4003,0.000717,69.1871,43.8435,119.3404,198.8261,324.107,105.6042,112.3197,0.072,0.0086,100398.7255,79647.7711,cpu_stress,inventory-service,2026-06-09 14:40:00,2026-06-09 14:55:00,post_fault,14.020038,1
2026-06-09 14:55:20,1220,EXP_FAULT_02,RUN_02,cpu_stress,1,checkoutservice,checkout-f02-01,online-boutique,node-b,0.4637,36.7978,0,109.448,0.000594,71.2529,44.9707,135.9899,177.7697,289.6471,102.9321,109.383,0.0427,0.0222,120097.0514,112354.1923,cpu_stress,inventory-service,2026-06-09 14:40:00,2026-06-09 14:55:00,post_fault,16.974314,1
2026-06-09 14:55:25,1225,EXP_FAULT_02,RUN_02,cpu_stress,1,checkoutservice,checkout-f02-01,online-boutique,node-b,0.492,35.6407,0,108.8546,0.00149,66.2086,40.0955,125.0133,178.6891,274.5638,102.4259,108.6924,0.1528,0.0094,139632.6219,111730.4364,cpu_stress,inventory-service,2026-06-09 14:40:00,2026-06-09 14:55:00,post_fault,11.779929,1
2026-06-09 14:55:30,1230,EXP_FAULT_02,RUN_02,cpu_stress,1,checkoutservice,checkout-f02-01,online-boutique,node-b,0.4671,36.5506,0,108.2737,0.001515,75.2166,44.2333,127.51,202.0766,344.9872,101.9238,108.1096,0.135,0.0291,127317.4324,76069.1961,cpu_stress,inventory-service,2026-06-09 14:40:00,2026-06-09 14:55:00,post_fault,22.337444,1
2026-06-09 14:55:35,1235,EXP_FAULT_02,RUN_02,cpu_stress,1,checkoutservice,checkout-f02-01,online-boutique,node-b,0.499,36.7557,0,114.3384,0.001412,74.7919,42.4439,134.259,206.8801,299.6328,107.7335,114.1771,0.1469,0.0145,139447.0549,90148.8272,cpu_stress,inventory-service,2026-06-09 14:40:00,2026-06-09 14:55:00,post_fault,20.232815,1
2026-06-09 14:55:40,1240,EXP_FAULT_02,RUN_02,cpu_stress,1,checkoutservice,checkout-f02-01,online-boutique,node-b,0.5024,36.826,0,112.0809,0.001115,69.6651,44.7633,134.949,173.8645,298.43,105.7133,111.9559,0.0869,0.0381,116378.8073,84599.4749,cpu_stress,inventory-service,2026-06-09 14:40:00,2026-06-09 14:55:00,post_fault,14.961652,1
2026-06-09 14:55:45,1245,EXP_FAULT_02,RUN_02,cpu_stress,1,checkoutservice,checkout-f02-01,online-boutique,node-b,0.4684,37.0797,0,107.2096,0.001161,71.4294,43.1932,134.2121,194.0449,334.1344,101.2211,107.0851,0.124,0.0005,90540.0115,99150.4934,cpu_stress,inventory-service,2026-06-09 14:40:00,2026-06-09 14:55:00,post_fault,17.668598,1
2026-06-09 14:55:50,1250,EXP_FAULT_02,RUN_02,cpu_stress,1,checkoutservice,checkout-f02-01,online-boutique,node-b,0.4747,36.403,0,108.8889,0.00143,74.624,44.4234,144.2559,180.4324,327.6432,102.8569,108.7332,0.1519,0.0038,133623.7573,76573.4809,cpu_stress,inventory-service,2026-06-09 14:40:00,2026-06-09 14:55:00,post_fault,21.267145,1
2026-06-09 14:55:55,1255,EXP_FAULT_02,RUN_02,cpu_stress,1,checkoutservice,checkout-f02-01,online-boutique,node-b,0.4959,36.4637,0,108.4858,0.001126,71.1073,43.0396,131.1266,186.9261,324.6606,102.5852,108.3637,0.0986,0.0236,112727.2517,109632.2365,cpu_stress,inventory-service,2026-06-09 14:40:00,2026-06-09 14:55:00,post_fault,17.19431,1
2026-06-09 14:56:00,1260,EXP_FAULT_02,RUN_02,cpu_stress,1,checkoutservice,checkout-f02-01,online-boutique,node-b,0.4512,37.3613,0,111.3139,0.001301,61.5841,35.4612,117.4375,152.5086,258.3669,105.3096,111.1691,0.1226,0.0222,121783.1342,77949.8,cpu_stress,inventory-service,2026-06-09 14:40:00,2026-06-09 14:55:00,post_fault,6.8325143,1
2026-06-09 14:56:05,1265,EXP_FAULT_02,RUN_02,cpu_stress,1,checkoutservice,checkout-f02-01,online-boutique,node-b,0.4744,36.4972,0,112.4482,0.001862,74.3423,42.4726,131.1101,202.8038,323.6397,106.4197,112.2389,0.1722,0.0371,136497.3987,99089.6025,cpu_stress,inventory-service,2026-06-09 14:40:00,2026-06-09 14:55:00,post_fault,19.819952,1
2026-06-09 14:56:10,1270,EXP_FAULT_02,RUN_02,cpu_stress,1,checkoutservice,checkout-f02-01,online-boutique,node-b,0.4714,36.5201,0,113.0037,0.000785,71.7886,42.9326,127.3153,195.0666,321.4633,107.1066,112.915,0.0667,0.022,144322.1387,92518.4943,cpu_stress,inventory-service,2026-06-09 14:40:00,2026-06-09 14:55:00,post_fault,16.786484,1
2026-06-09 14:56:15,1275,EXP_FAULT_02,RUN_02,cpu_stress,1,checkoutservice,checkout-f02-01,online-boutique,node-b,0.4619,36.525,0,107.2222,0.00141,71.4017,45.326,134.5076,190.7958,322.4132,101.6616,107.071,0.1207,0.0305,132650.4612,107484.5456,cpu_stress,inventory-service,2026-06-09 14:40:00,2026-06-09 14:55:00,post_fault,17.549664,1
2026-06-09 14:56:20,1280,EXP_FAULT_02,RUN_02,cpu_stress,1,checkoutservice,checkout-f02-01,online-boutique,node-b,0.4762,36.6678,0,110.3468,0.001291,72.0675,43.1109,120.4953,172.8175,302.7333,104.7337,110.2043,0.1407,0.0018,117029.6417,85449.978,cpu_stress,inventory-service,2026-06-09 14:40:00,2026-06-09 14:55:00,post_fault,17.55521,1
2026-06-09 14:56:25,1285,EXP_FAULT_02,RUN_02,cpu_stress,1,checkoutservice,checkout-f02-01,online-boutique,node-b,0.4541,36.5676,0,114.2152,0.001598,66.6026,43.7799,124.5158,160.8267,286.6869,108.4693,114.0328,0.1485,0.034,124005.2572,99327.0824,cpu_stress,inventory-service,2026-06-09 14:40:00,2026-06-09 14:55:00,post_fault,10.67362,1
2026-06-09 14:56:30,1290,EXP_FAULT_02,RUN_02,cpu_stress,1,checkoutservice,checkout-f02-01,online-boutique,node-b,0.4525,36.4595,0,115.6147,0.002039,66.335,44.2737,119.983,172.6731,269.6732,109.8607,115.379,0.2121,0.0236,117533.4429,109551.4334,cpu_stress,inventory-service,2026-06-09 14:40:00,2026-06-09 14:55:00,post_fault,10.126341,1
2026-06-09 14:56:35,1295,EXP_FAULT_02,RUN_02,cpu_stress,1,checkoutservice,checkout-f02-01,online-boutique,node-b,0.4808,36.1651,0,116.2235,0.000748,73.3996,45.143,135.1953,196.6029,287.3011,110.5718,116.1365,0.0513,0.0357,102120.5351,108551.9359,cpu_stress,inventory-service,2026-06-09 14:40:00,2026-06-09 14:55:00,post_fault,18.030668,1
2026-06-09 14:56:40,1300,EXP_FAULT_02,RUN_02,cpu_stress,1,checkoutservice,checkout-f02-01,online-boutique,node-b,0.4771,35.7302,0,114.3349,0.001553,73.8956,43.3971,139.7094,198.4559,274.8524,108.8166,114.1573,0.1605,0.0171,123041.3193,96244.8477,cpu_stress,inventory-service,2026-06-09 14:40:00,2026-06-09 14:55:00,post_fault,18.891777,1
2026-06-09 14:56:45,1305,EXP_FAULT_02,RUN_02,cpu_stress,1,checkoutservice,checkout-f02-01,online-boutique,node-b,0.473,36.8856,0,118.1042,0.001558,67.7257,39.347,112.9094,163.7451,260.536,112.488,117.9202,0.1524,0.0316,121392.1036,110390.9888,cpu_stress,inventory-service,2026-06-09 14:40:00,2026-06-09 14:55:00,post_fault,10.926165,1
2026-06-09 14:56:50,1310,EXP_FAULT_02,RUN_02,cpu_stress,1,checkoutservice,checkout-f02-01,online-boutique,node-b,0.488,36.7309,0,119.6545,0.001517,69.1316,40.2864,127.663,182.786,281.186,114.0233,119.473,0.1676,0.0139,127294.3696,109179.6577,cpu_stress,inventory-service,2026-06-09 14:40:00,2026-06-09 14:55:00,post_fault,12.118805,1
2026-06-09 14:56:55,1315,EXP_FAULT_02,RUN_02,cpu_stress,1,checkoutservice,checkout-f02-01,online-boutique,node-b,0.4949,36.7752,0,119.4298,0.000695,69.6849,45.4309,128.3595,186.0301,293.4188,113.9203,119.3468,0.0528,0.0303,129201.5421,79748.3661,cpu_stress,inventory-service,2026-06-09 14:40:00,2026-06-09 14:55:00,post_fault,13.242651,1
2026-06-09 14:57:00,1320,EXP_FAULT_02,RUN_02,cpu_stress,1,checkoutservice,checkout-f02-01,online-boutique,node-b,0.4544,36.7509,0,120.7651,0.000986,66.9036,42.3837,118.2322,167.249,283.2216,115.2624,120.646,0.0979,0.0212,105784.8922,125333.167,cpu_stress,inventory-service,2026-06-09 14:40:00,2026-06-09 14:55:00,post_fault,9.92391,1
2026-06-09 14:57:05,1325,EXP_FAULT_02,RUN_02,cpu_stress,1,checkoutservice,checkout-f02-01,online-boutique,node-b,0.4784,36.2641,0,117.5889,0.001528,66.8464,40.2855,111.077,172.5418,257.3378,112.2761,117.4092,0.1552,0.0245,129075.6428,102221.9401,cpu_stress,inventory-service,2026-06-09 14:40:00,2026-06-09 14:55:00,post_fault,10.160555,1
2026-06-09 14:57:10,1330,EXP_FAULT_02,RUN_02,cpu_stress,1,checkoutservice,checkout-f02-01,online-boutique,node-b,0.4701,36.9367,0,116.06,0.001392,65.243,42.1033,120.6131,158.342,269.0405,110.9178,115.8984,0.1369,0.0246,113019.2318,109234.2113,cpu_stress,inventory-service,2026-06-09 14:40:00,2026-06-09 14:55:00,post_fault,9.029004,1
2026-06-09 14:57:15,1335,EXP_FAULT_02,RUN_02,cpu_stress,1,checkoutservice,checkout-f02-01,online-boutique,node-b,0.4855,36.8977,0,118.5298,0.000831,65.558,42.1225,121.1532,155.9156,279.7476,113.3529,118.4312,0.0583,0.0402,146347.0835,122706.2757,cpu_stress,inventory-service,2026-06-09 14:40:00,2026-06-09 14:55:00,post_fault,9.199803,1
2026-06-09 14:57:20,1340,EXP_FAULT_02,RUN_02,cpu_stress,1,checkoutservice,checkout-f02-01,online-boutique,node-b,0.4496,36.1521,0,123.6807,0.001045,64.5002,43.8734,111.236,155.7496,237.7596,118.3619,123.5515,0.1043,0.0249,122722.9704,93853.7408,cpu_stress,inventory-service,2026-06-09 14:40:00,2026-06-09 14:55:00,post_fault,7.372232,1
2026-06-09 14:57:25,1345,EXP_FAULT_02,RUN_02,cpu_stress,1,checkoutservice,checkout-f02-01,online-boutique,node-b,0.4491,36.5731,0,118.1116,0.001762,67.6868,42.3427,120.5243,157.9562,268.5564,113.0205,117.9036,0.196,0.0121,140483.1513,120052.4791,cpu_stress,inventory-service,2026-06-09 14:40:00,2026-06-09 14:55:00,post_fault,11.142363,1
2026-06-09 14:57:30,1350,EXP_FAULT_02,RUN_02,cpu_stress,1,checkoutservice,checkout-f02-01,online-boutique,node-b,0.4726,36.2946,0,119.6746,0.000923,64.577,40.6082,121.4253,152.9096,241.4749,114.6636,119.5642,0.0914,0.0191,112145.6229,98540.9038,cpu_stress,inventory-service,2026-06-09 14:40:00,2026-06-09 14:55:00,post_fault,7.840703,1
2026-06-09 14:57:35,1355,EXP_FAULT_02,RUN_02,cpu_stress,1,checkoutservice,checkout-f02-01,online-boutique,node-b,0.4577,36.3748,0,120.7773,0.001206,66.585,45.3259,111.6831,151.8678,284.7273,115.7424,120.6317,0.1397,0.006,148680.9376,117554.3453,cpu_stress,inventory-service,2026-06-09 14:40:00,2026-06-09 14:55:00,post_fault,9.473566,1
2026-06-09 14:57:40,1360,EXP_FAULT_02,RUN_02,cpu_stress,1,checkoutservice,checkout-f02-01,online-boutique,node-b,0.4497,36.5283,0,117.2142,0.001467,64.8584,44.0348,119.2367,167.2294,266.6373,112.3802,117.0422,0.1681,0.0039,130254.9281,110880.0962,cpu_stress,inventory-service,2026-06-09 14:40:00,2026-06-09 14:55:00,post_fault,8.59375,1
2026-06-09 14:57:45,1365,EXP_FAULT_02,RUN_02,cpu_stress,1,checkoutservice,checkout-f02-01,online-boutique,node-b,0.4822,35.8608,0,118.1057,0.000935,68.8392,44.2658,121.1516,175.2777,258.7078,113.3479,117.9952,0.0824,0.028,100691.7155,121847.5619,cpu_stress,inventory-service,2026-06-09 14:40:00,2026-06-09 14:55:00,post_fault,12.2647,1
2026-06-09 14:57:50,1370,EXP_FAULT_02,RUN_02,cpu_stress,1,checkoutservice,checkout-f02-01,online-boutique,node-b,0.4758,36.455,0,120.0633,0.001725,60.467,38.2923,108.0585,144.8797,213.613,115.2575,119.8562,0.1958,0.0113,152282.0582,82248.6818,cpu_stress,inventory-service,2026-06-09 14:40:00,2026-06-09 14:55:00,post_fault,4.802962,1
2026-06-09 14:57:55,1375,EXP_FAULT_02,RUN_02,cpu_stress,1,checkoutservice,checkout-f02-01,online-boutique,node-b,0.4838,36.6329,0,122.1219,0.001489,65.7465,39.4896,106.8549,166.74,240.6999,117.2645,121.94,0.1522,0.0297,154693.8813,82707.3817,cpu_stress,inventory-service,2026-06-09 14:40:00,2026-06-09 14:55:00,post_fault,8.441183,1
2026-06-09 14:58:00,1380,EXP_FAULT_02,RUN_02,cpu_stress,1,checkoutservice,checkout-f02-01,online-boutique,node-b,0.4554,36.9532,0,120.959,0.001623,68.3866,43.2628,112.7062,165.277,238.3433,116.2166,120.7628,0.1577,0.0385,144142.1227,79345.1056,cpu_stress,inventory-service,2026-06-09 14:40:00,2026-06-09 14:55:00,post_fault,11.209113,1
2026-06-09 14:58:05,1385,EXP_FAULT_02,RUN_02,cpu_stress,1,checkoutservice,checkout-f02-01,online-boutique,node-b,0.462,37.2639,0,120.2415,0.000844,68.654,46.2543,114.7565,169.0602,273.8561,115.6654,120.14,0.0999,0.0016,114696.8611,86546.9269,cpu_stress,inventory-service,2026-06-09 14:40:00,2026-06-09 14:55:00,post_fault,11.3243685,1
2026-06-09 14:58:10,1390,EXP_FAULT_02,RUN_02,cpu_stress,1,checkoutservice,checkout-f02-01,online-boutique,node-b,0.4832,35.663,0,117.985,0.001285,65.7225,42.1865,106.9168,154.155,261.598,113.5408,117.8334,0.1246,0.027,109170.8038,101199.6266,cpu_stress,inventory-service,2026-06-09 14:40:00,2026-06-09 14:55:00,post_fault,9.28616,1
2026-06-09 14:58:15,1395,EXP_FAULT_02,RUN_02,cpu_stress,1,checkoutservice,checkout-f02-01,online-boutique,node-b,0.476,36.8523,0,119.463,0.000685,63.845,40.3321,107.9692,143.621,260.2762,115.0522,119.3811,0.0803,0.0016,147616.6153,115110.36,cpu_stress,inventory-service,2026-06-09 14:40:00,2026-06-09 14:55:00,post_fault,7.334958,1
2026-06-09 14:58:20,1400,EXP_FAULT_02,RUN_02,cpu_stress,1,checkoutservice,checkout-f02-01,online-boutique,node-b,0.4795,35.9276,0,119.9421,0.001601,63.6235,40.1323,112.1327,156.3801,233.1068,115.5245,119.75,0.1541,0.038,124224.8364,94223.7217,cpu_stress,inventory-service,2026-06-09 14:40:00,2026-06-09 14:55:00,post_fault,7.036422,1
2026-06-09 14:58:25,1405,EXP_FAULT_02,RUN_02,cpu_stress,1,checkoutservice,checkout-f02-01,online-boutique,node-b,0.4704,36.7672,0,117.7019,0.001444,60.549,39.6054,104.2682,140.1667,207.3297,113.4232,117.532,0.1403,0.0296,152118.6065,106063.9779,cpu_stress,inventory-service,2026-06-09 14:40:00,2026-06-09 14:55:00,post_fault,5.1660056,1
2026-06-09 14:58:30,1410,EXP_FAULT_02,RUN_02,cpu_stress,1,checkoutservice,checkout-f02-01,online-boutique,node-b,0.4664,36.3889,0,117.852,0.000754,62.8756,38.7154,111.2324,138.6417,247.7145,113.6581,117.7631,0.06,0.0289,134713.4297,92058.1112,cpu_stress,inventory-service,2026-06-09 14:40:00,2026-06-09 14:55:00,post_fault,6.789528,1
2026-06-09 14:58:35,1415,EXP_FAULT_02,RUN_02,cpu_stress,1,checkoutservice,checkout-f02-01,online-boutique,node-b,0.4683,36.4026,0,120.1255,0.000962,65.0856,43.6469,119.1626,164.229,254.2175,115.9112,120.01,0.0888,0.0268,154093.4609,125597.1765,cpu_stress,inventory-service,2026-06-09 14:40:00,2026-06-09 14:55:00,post_fault,8.176785,1
2026-06-09 14:58:40,1420,EXP_FAULT_02,RUN_02,cpu_stress,1,checkoutservice,checkout-f02-01,online-boutique,node-b,0.4499,37.0919,0,120.2064,0.001363,63.3361,43.8435,108.3614,138.8601,238.2473,116.0074,120.0425,0.1293,0.0345,145557.8434,116309.0863,cpu_stress,inventory-service,2026-06-09 14:40:00,2026-06-09 14:55:00,post_fault,6.871128,1
2026-06-09 14:58:45,1425,EXP_FAULT_02,RUN_02,cpu_stress,1,checkoutservice,checkout-f02-01,online-boutique,node-b,0.4437,37.0015,0,117.8611,0.00111,59.8727,39.9998,101.3123,150.0921,222.6642,113.8275,117.7302,0.0965,0.0343,139583.1429,117039.1836,cpu_stress,inventory-service,2026-06-09 14:40:00,2026-06-09 14:55:00,post_fault,4.741811,1
2026-06-09 14:58:50,1430,EXP_FAULT_02,RUN_02,cpu_stress,1,checkoutservice,checkout-f02-01,online-boutique,node-b,0.4612,36.3302,0,119.2593,0.000831,62.7804,43.5815,101.447,147.0892,246.3831,115.2244,119.1602,0.0614,0.0376,117096.8474,86565.153,cpu_stress,inventory-service,2026-06-09 14:40:00,2026-06-09 14:55:00,post_fault,6.488604,1
2026-06-09 14:58:55,1435,EXP_FAULT_02,RUN_02,cpu_stress,1,checkoutservice,checkout-f02-01,online-boutique,node-b,0.4804,35.7118,0,121.9763,0.001848,63.2613,39.3048,103.1235,140.9092,210.8638,117.8836,121.7508,0.1967,0.0288,111703.44,93735.0945,cpu_stress,inventory-service,2026-06-09 14:40:00,2026-06-09 14:55:00,post_fault,6.453597,1
2026-06-09 14:59:00,1440,EXP_FAULT_02,RUN_02,cpu_stress,1,checkoutservice,checkout-f02-01,online-boutique,node-b,0.4586,36.4942,0,119.9843,0.000592,66.7077,44.4772,107.6954,163.5749,226.1034,116.0697,119.9132,0.0651,0.0059,112499.2867,106700.6349,cpu_stress,inventory-service,2026-06-09 14:40:00,2026-06-09 14:55:00,post_fault,9.896051,1
2026-06-09 14:59:05,1445,EXP_FAULT_02,RUN_02,cpu_stress,1,checkoutservice,checkout-f02-01,online-boutique,node-b,0.4772,36.6394,0,121.632,0.001673,65.2726,45.5933,105.8232,151.0197,254.7971,117.6189,121.4285,0.198,0.0054,144200.8829,111469.1983,cpu_stress,inventory-service,2026-06-09 14:40:00,2026-06-09 14:55:00,post_fault,8.031325,1
2026-06-09 14:59:10,1450,EXP_FAULT_02,RUN_02,cpu_stress,1,checkoutservice,checkout-f02-01,online-boutique,node-b,0.4647,36.3134,0,124.0028,0.001731,56.6853,35.1675,95.3689,123.0064,202.173,119.9882,123.7881,0.1828,0.0319,124104.312,111886.5617,cpu_stress,inventory-service,2026-06-09 14:40:00,2026-06-09 14:55:00,post_fault,2.2270126,1
2026-06-09 14:59:15,1455,EXP_FAULT_02,RUN_02,cpu_stress,1,checkoutservice,checkout-f02-01,online-boutique,node-b,0.4838,36.9075,0,121.8337,0.001486,60.7204,42.8002,108.0209,137.2058,232.6144,117.9381,121.6527,0.1747,0.0063,117794.8733,104949.2313,cpu_stress,inventory-service,2026-06-09 14:40:00,2026-06-09 14:55:00,post_fault,4.9960732,1
2026-06-09 14:59:20,1460,EXP_FAULT_02,RUN_02,cpu_stress,1,checkoutservice,checkout-f02-01,online-boutique,node-b,0.4567,37.4061,0,122.5159,0.001537,54.3607,33.9098,99.4127,117.4516,183.4403,118.6729,122.3276,0.1814,0.0069,141007.5405,96836.6593,cpu_stress,inventory-service,2026-06-09 14:40:00,2026-06-09 14:55:00,post_fault,1.5539386,1
2026-06-09 14:59:25,1465,EXP_FAULT_02,RUN_02,cpu_stress,1,checkoutservice,checkout-f02-01,online-boutique,node-b,0.4789,37.1297,0,126.8362,0.000767,63.356,45.0853,102.2022,150.5947,248.1261,122.9404,126.7389,0.0579,0.0394,135976.1265,98307.3414,cpu_stress,inventory-service,2026-06-09 14:40:00,2026-06-09 14:55:00,post_fault,5.778375,1
2026-06-09 14:59:30,1470,EXP_FAULT_02,RUN_02,cpu_stress,1,checkoutservice,checkout-f02-01,online-boutique,node-b,0.4794,36.4268,0,125.6286,0.001263,63.2816,39.8791,103.1247,150.5934,233.3318,121.8146,125.4699,0.1502,0.0084,136682.1504,121574.6303,cpu_stress,inventory-service,2026-06-09 14:40:00,2026-06-09 14:55:00,post_fault,5.90346,1
2026-06-09 14:59:35,1475,EXP_FAULT_02,RUN_02,cpu_stress,1,checkoutservice,checkout-f02-01,online-boutique,node-b,0.4219,36.734,0,125.6152,0.001037,62.5196,41.1924,108.2059,143.9616,222.0914,121.8729,125.4849,0.1088,0.0215,160231.654,111584.2359,cpu_stress,inventory-service,2026-06-09 14:40:00,2026-06-09 14:55:00,post_fault,6.6180825,1
2026-06-09 14:59:40,1480,EXP_FAULT_02,RUN_02,cpu_stress,1,checkoutservice,checkout-f02-01,online-boutique,node-b,0.464,36.5837,0,131.5221,0.001868,62.6788,43.8542,100.7539,135.0966,231.4324,127.5306,131.2764,0.2055,0.0402,141586.4734,103029.8571,cpu_stress,inventory-service,2026-06-09 14:40:00,2026-06-09 14:55:00,post_fault,4.611045,1
2026-06-09 14:59:45,1485,EXP_FAULT_02,RUN_02,cpu_stress,1,checkoutservice,checkout-f02-01,online-boutique,node-b,0.4655,35.8441,0,130.0163,0.001009,66.4387,45.6808,120.76,158.1368,214.1403,126.236,129.8852,0.1067,0.0244,123712.3421,114902.1594,cpu_stress,inventory-service,2026-06-09 14:40:00,2026-06-09 14:55:00,post_fault,7.84382,1
2026-06-09 14:59:50,1490,EXP_FAULT_02,RUN_02,cpu_stress,1,checkoutservice,checkout-f02-01,online-boutique,node-b,0.5053,36.2694,0,130.3665,0.000938,57.8805,41.7652,102.645,138.6233,202.6337,126.6446,130.2443,0.1221,0.0002,133517.1226,113337.7699,cpu_stress,inventory-service,2026-06-09 14:40:00,2026-06-09 14:55:00,post_fault,3.3369908,1
2026-06-09 14:59:55,1495,EXP_FAULT_02,RUN_02,cpu_stress,1,checkoutservice,checkout-f02-01,online-boutique,node-b,0.4434,37.4514,0,130.8616,0.001348,62.2088,41.4689,98.2704,139.0044,236.0005,127.1007,130.6851,0.1761,0.0004,148658.5997,117882.6891,cpu_stress,inventory-service,2026-06-09 14:40:00,2026-06-09 14:55:00,post_fault,4.844569,1
2026-06-09 15:00:00,1500,EXP_FAULT_02,RUN_02,cpu_stress,1,checkoutservice,checkout-f02-01,online-boutique,node-b,0.4969,36.8199,0,131.4384,0.00112,57.1109,39.7844,92.6981,122.0703,182.3878,127.7468,131.2912,0.1392,0.008,126330.686,92017.4011,cpu_stress,inventory-service,2026-06-09 14:40:00,2026-06-09 14:55:00,post_fault,2.6486228,1
2026-06-09 15:00:05,1505,EXP_FAULT_02,RUN_02,cpu_stress,1,checkoutservice,checkout-f02-01,online-boutique,node-b,0.4568,36.4333,0,135.7619,0.000818,58.8826,37.4023,92.9726,140.4597,206.7124,132.0168,135.6508,0.0864,0.0247,136066.3018,136477.0734,cpu_stress,inventory-service,2026-06-09 14:40:00,2026-06-09 14:55:00,post_fault,2.2446282,1
2026-06-09 15:00:10,1510,EXP_FAULT_02,RUN_02,cpu_stress,1,checkoutservice,checkout-f02-01,online-boutique,node-b,0.4469,37.0442,0,132.5142,0.000787,62.8694,40.647,101.018,148.2225,210.7535,128.9299,132.4099,0.0961,0.0082,128499.4214,110889.2007,cpu_stress,inventory-service,2026-06-09 14:40:00,2026-06-09 14:55:00,post_fault,4.6437387,1
2026-06-09 15:00:15,1515,EXP_FAULT_02,RUN_02,cpu_stress,1,checkoutservice,checkout-f02-01,online-boutique,node-b,0.4668,36.8111,0,130.53,0.001308,62.838,45.8467,103.3564,145.2644,198.2322,126.9761,130.3592,0.1327,0.0381,163909.1077,136083.6239,cpu_stress,inventory-service,2026-06-09 14:40:00,2026-06-09 14:55:00,post_fault,4.8791513,1
2026-06-09 15:00:20,1520,EXP_FAULT_02,RUN_02,cpu_stress,1,checkoutservice,checkout-f02-01,online-boutique,node-b,0.4812,37.0644,0,129.5518,0.001197,56.4546,39.0689,91.7319,131.9868,205.3211,126.1119,129.3967,0.1189,0.0362,152847.1934,128875.8321,cpu_stress,inventory-service,2026-06-09 14:40:00,2026-06-09 14:55:00,post_fault,2.0885558,1
2026-06-09 15:00:25,1525,EXP_FAULT_02,RUN_02,cpu_stress,1,checkoutservice,checkout-f02-01,online-boutique,node-b,0.4626,36.5756,0,132.0877,0.000937,57.5342,37.1583,95.3918,126.885,179.1768,128.6167,131.9639,0.1135,0.0103,135203.4933,137142.7414,cpu_stress,inventory-service,2026-06-09 14:40:00,2026-06-09 14:55:00,post_fault,1.8938023,1
2026-06-09 15:00:30,1530,EXP_FAULT_02,RUN_02,cpu_stress,1,checkoutservice,checkout-f02-01,online-boutique,node-b,0.4604,37.5876,0,130.4999,0.000991,59.2952,43.006,99.5526,141.4883,196.4981,127.1367,130.3707,0.0983,0.0309,133357.042,127376.3304,cpu_stress,inventory-service,2026-06-09 14:40:00,2026-06-09 14:55:00,post_fault,2.6926396,1
2026-06-09 15:00:35,1535,EXP_FAULT_02,RUN_02,cpu_stress,1,checkoutservice,checkout-f02-01,online-boutique,node-b,0.4732,36.3251,0,132.1351,0.001189,60.3176,42.278,101.0669,143.2328,197.3335,128.7714,131.9779,0.155,0.0022,154965.3073,124335.9112,cpu_stress,inventory-service,2026-06-09 14:40:00,2026-06-09 14:55:00,post_fault,3.1788116,1
2026-06-09 15:00:40,1540,EXP_FAULT_02,RUN_02,cpu_stress,1,checkoutservice,checkout-f02-01,online-boutique,node-b,0.5005,36.9386,0,125.8746,0.000824,57.1521,41.8634,93.8738,129.1908,194.8146,122.7194,125.7709,0.0637,0.0401,150749.5359,94017.0071,cpu_stress,inventory-service,2026-06-09 14:40:00,2026-06-09 14:55:00,post_fault,3.5358377,1
2026-06-09 15:00:45,1545,EXP_FAULT_02,RUN_02,cpu_stress,1,checkoutservice,checkout-f02-01,online-boutique,node-b,0.4455,36.5322,0,133.7298,0.000781,56.2152,37.1177,99.5638,133.3753,195.3222,130.4316,133.6254,0.0738,0.0306,115383.9587,109680.863,cpu_stress,inventory-service,2026-06-09 14:40:00,2026-06-09 14:55:00,post_fault,1.3706659,1
2026-06-09 15:00:50,1550,EXP_FAULT_02,RUN_02,cpu_stress,1,checkoutservice,checkout-f02-01,online-boutique,node-b,0.4544,35.7658,0,128.3071,0.001374,54.7701,36.749,97.7244,118.5818,199.9037,125.1706,128.1308,0.151,0.0254,137179.7069,111090.2109,cpu_stress,inventory-service,2026-06-09 14:40:00,2026-06-09 14:55:00,post_fault,1.1916405,1
2026-06-09 15:00:55,1555,EXP_FAULT_02,RUN_02,cpu_stress,1,checkoutservice,checkout-f02-01,online-boutique,node-b,0.4542,36.4218,0,130.8408,0.001308,54.5558,37.0183,96.6938,118.8642,173.9025,127.6461,130.6697,0.1311,0.0401,114245.5847,122348.2665,cpu_stress,inventory-service,2026-06-09 14:40:00,2026-06-09 14:55:00,post_fault,0.9307421,1
2026-06-09 15:01:00,1560,EXP_FAULT_02,RUN_02,cpu_stress,1,checkoutservice,checkout-f02-01,online-boutique,node-b,0.4661,36.2971,0,128.1469,0.001258,59.0493,39.4566,106.908,121.8131,188.6397,125.0737,127.9857,0.1478,0.0134,119246.717,115874.2504,cpu_stress,inventory-service,2026-06-09 14:40:00,2026-06-09 14:55:00,post_fault,2.9212346,1
2026-06-09 15:01:05,1565,EXP_FAULT_02,RUN_02,cpu_stress,1,checkoutservice,checkout-f02-01,online-boutique,node-b,0.4759,36.7815,0,129.6126,0.001606,61.9163,42.7625,110.272,132.8864,197.0271,126.5241,129.4045,0.1852,0.023,148456.9363,89465.8072,cpu_stress,inventory-service,2026-06-09 14:40:00,2026-06-09 14:55:00,post_fault,4.4265037,1
2026-06-09 15:01:10,1570,EXP_FAULT_02,RUN_02,cpu_stress,1,checkoutservice,checkout-f02-01,online-boutique,node-b,0.4651,36.3581,0,125.4224,0.001665,64.8987,47.994,109.9587,145.6644,216.7667,122.4511,125.2136,0.1841,0.0247,143454.0142,107590.7149,cpu_stress,inventory-service,2026-06-09 14:40:00,2026-06-09 14:55:00,post_fault,7.060811,1
2026-06-09 15:01:15,1575,EXP_FAULT_02,RUN_02,cpu_stress,1,checkoutservice,checkout-f02-01,online-boutique,node-b,0.4381,36.656,0,125.444,0.001037,57.4678,42.5653,103.496,122.0237,176.4529,122.5706,125.3139,0.1005,0.0296,139739.6635,117010.5608,cpu_stress,inventory-service,2026-06-09 14:40:00,2026-06-09 14:55:00,post_fault,2.6861515,1
2026-06-09 15:01:20,1580,EXP_FAULT_02,RUN_02,cpu_stress,1,checkoutservice,checkout-f02-01,online-boutique,node-b,0.4842,36.4829,0,128.1893,0.00105,57.2385,37.715,93.9833,133.0249,186.3744,125.2745,128.0547,0.0951,0.0395,141491.2447,103945.0325,cpu_stress,inventory-service,2026-06-09 14:40:00,2026-06-09 14:55:00,post_fault,2.4751086,1
2026-06-09 15:01:25,1585,EXP_FAULT_02,RUN_02,cpu_stress,1,checkoutservice,checkout-f02-01,online-boutique,node-b,0.4574,36.0645,0,129.2568,0.00081,54.5292,39.8077,94.8509,124.0039,164.4898,126.4036,129.1522,0.0825,0.0222,156032.3745,122147.0057,cpu_stress,inventory-service,2026-06-09 14:40:00,2026-06-09 14:55:00,post_fault,1.0591024,1
2026-06-09 15:01:30,1590,EXP_FAULT_02,RUN_02,cpu_stress,1,checkoutservice,checkout-f02-01,online-boutique,node-b,0.4588,37.7158,0,124.9592,0.001195,53.6078,39.8341,96.0262,117.3866,179.6385,122.2083,124.8099,0.1381,0.0112,148816.967,118591.974,cpu_stress,inventory-service,2026-06-09 14:40:00,2026-06-09 14:55:00,post_fault,1.1813552,1
2026-06-09 15:01:35,1595,EXP_FAULT_02,RUN_02,cpu_stress,1,checkoutservice,checkout-f02-01,online-boutique,node-b,0.4491,37.19,0,127.3639,0.000884,53.9383,38.5226,87.2054,112.3004,173.9046,124.5926,127.2512,0.0879,0.0247,105861.4434,120751.3993,cpu_stress,inventory-service,2026-06-09 14:40:00,2026-06-09 14:55:00,post_fault,0.8934126,0
2026-06-09 15:01:40,1600,EXP_FAULT_02,RUN_02,cpu_stress,1,checkoutservice,checkout-f02-01,online-boutique,node-b,0.4446,36.1021,0,126.6452,0.001483,57.8669,37.5494,93.5053,120.1895,174.5026,123.8887,126.4574,0.1631,0.0247,155128.7657,104790.8752,cpu_stress,inventory-service,2026-06-09 14:40:00,2026-06-09 14:55:00,post_fault,2.6374917,1
2026-06-09 15:01:45,1605,EXP_FAULT_02,RUN_02,cpu_stress,1,checkoutservice,checkout-f02-01,online-boutique,node-b,0.46,35.5294,0,127.8153,0.001246,57.5222,42.6616,101.492,129.1903,173.29,125.1281,127.656,0.1587,0.0006,147775.5044,125821.5176,cpu_stress,inventory-service,2026-06-09 14:40:00,2026-06-09 14:55:00,post_fault,2.3312204,1
2026-06-09 15:01:50,1610,EXP_FAULT_02,RUN_02,cpu_stress,1,checkoutservice,checkout-f02-01,online-boutique,node-b,0.4227,36.5482,0,125.364,0.00121,55.875,35.8662,98.92,123.7632,199.9266,122.7472,125.2123,0.1338,0.018,108922.8078,119165.2824,cpu_stress,inventory-service,2026-06-09 14:40:00,2026-06-09 14:55:00,post_fault,2.4427228,1
2026-06-09 15:01:55,1615,EXP_FAULT_02,RUN_02,cpu_stress,1,checkoutservice,checkout-f02-01,online-boutique,node-b,0.4556,36.2056,0,122.7833,0.001264,58.8133,37.9153,104.1221,130.3726,186.2792,120.2754,122.6282,0.1539,0.0012,142221.853,124734.2273,cpu_stress,inventory-service,2026-06-09 14:40:00,2026-06-09 14:55:00,post_fault,3.374398,1
2026-06-09 15:02:00,1620,EXP_FAULT_02,RUN_02,cpu_stress,1,checkoutservice,checkout-f02-01,online-boutique,node-b,0.4447,37.1616,0,121.3513,0.001334,52.8989,34.7179,86.989,121.9125,170.8286,118.8586,121.1893,0.1567,0.0052,115153.0346,92850.4358,cpu_stress,inventory-service,2026-06-09 14:40:00,2026-06-09 14:55:00,post_fault,1.0317595,1
2026-06-09 15:02:05,1625,EXP_FAULT_02,RUN_02,cpu_stress,1,checkoutservice,checkout-f02-01,online-boutique,node-b,0.4557,36.0482,0,125.2634,0.000605,51.9745,36.9601,91.7763,112.4938,161.1191,122.8009,125.1876,0.0543,0.0216,110290.85,118850.1745,cpu_stress,inventory-service,2026-06-09 14:40:00,2026-06-09 14:55:00,post_fault,0.6393334,0
2026-06-09 15:02:10,1630,EXP_FAULT_02,RUN_02,cpu_stress,1,checkoutservice,checkout-f02-01,online-boutique,node-b,0.482,36.2413,0,126.2921,0.000822,53.6321,35.663,95.4584,122.0297,184.1912,123.8113,126.1883,0.0873,0.0165,157923.0521,117933.0379,cpu_stress,inventory-service,2026-06-09 14:40:00,2026-06-09 14:55:00,post_fault,1.4930913,1
2026-06-09 15:02:15,1635,EXP_FAULT_02,RUN_02,cpu_stress,1,checkoutservice,checkout-f02-01,online-boutique,node-b,0.4738,36.6829,0,129.2275,0.001562,56.7077,37.7969,101.8553,122.7959,192.297,126.648,129.0256,0.186,0.0158,122313.3386,97914.3576,cpu_stress,inventory-service,2026-06-09 14:40:00,2026-06-09 14:55:00,post_fault,1.9401318,1
2026-06-09 15:02:20,1640,EXP_FAULT_02,RUN_02,cpu_stress,1,checkoutservice,checkout-f02-01,online-boutique,node-b,0.4342,36.5211,0,126.8939,0.000816,61.4728,46.1757,104.4645,123.1394,204.2012,124.4714,126.7904,0.0948,0.0087,157562.4469,88094.3677,cpu_stress,inventory-service,2026-06-09 14:40:00,2026-06-09 14:55:00,post_fault,5.0971246,1
2026-06-09 15:02:25,1645,EXP_FAULT_02,RUN_02,cpu_stress,1,checkoutservice,checkout-f02-01,online-boutique,node-b,0.459,36.2002,0,129.6112,0.000687,57.8777,43.6682,94.1364,116.2634,180.2199,127.1775,129.5222,0.0699,0.0191,112837.5558,131894.5819,cpu_stress,inventory-service,2026-06-09 14:40:00,2026-06-09 14:55:00,post_fault,2.3093479,1
2026-06-09 15:02:30,1650,EXP_FAULT_02,RUN_02,cpu_stress,1,checkoutservice,checkout-f02-01,online-boutique,node-b,0.4505,36.7632,0,130.9661,0.001818,55.366,39.0806,95.6999,123.3929,181.3476,128.4758,130.7281,0.2086,0.0294,154729.8378,119895.1964,cpu_stress,inventory-service,2026-06-09 14:40:00,2026-06-09 14:55:00,post_fault,1.1985921,1
2026-06-09 15:02:35,1655,EXP_FAULT_02,RUN_02,cpu_stress,1,checkoutservice,checkout-f02-01,online-boutique,node-b,0.4717,36.8238,0,128.3553,0.001084,54.1045,35.7619,89.7517,109.4921,161.4112,125.978,128.2163,0.105,0.0341,128183.8355,123722.0268,cpu_stress,inventory-service,2026-06-09 14:40:00,2026-06-09 14:55:00,post_fault,1.2103522,1
2026-06-09 15:02:40,1660,EXP_FAULT_02,RUN_02,cpu_stress,1,checkoutservice,checkout-f02-01,online-boutique,node-b,0.4594,37.0973,0,131.3548,0.001596,54.1848,35.518,85.7765,112.0001,167.1193,128.917,131.1451,0.1838,0.0259,123870.2178,91364.212,cpu_stress,inventory-service,2026-06-09 14:40:00,2026-06-09 14:55:00,post_fault,0.87304246,0
2026-06-09 15:02:45,1665,EXP_FAULT_02,RUN_02,cpu_stress,1,checkoutservice,checkout-f02-01,online-boutique,node-b,0.4542,37.0796,0,130.1824,0.001262,58.9288,39.2431,94.8508,122.2173,201.405,127.8342,130.0181,0.1441,0.0202,161792.6686,114695.4032,cpu_stress,inventory-service,2026-06-09 14:40:00,2026-06-09 14:55:00,post_fault,2.7539663,1
2026-06-09 15:02:50,1670,EXP_FAULT_02,RUN_02,cpu_stress,1,checkoutservice,checkout-f02-01,online-boutique,node-b,0.4499,37.3766,0,131.7173,0.001118,57.9383,37.6303,103.6768,122.8163,188.2178,129.3694,131.57,0.1195,0.0278,147573.5949,123825.9827,cpu_stress,inventory-service,2026-06-09 14:40:00,2026-06-09 14:55:00,post_fault,2.0849085,1
2026-06-09 15:02:55,1675,EXP_FAULT_02,RUN_02,cpu_stress,1,checkoutservice,checkout-f02-01,online-boutique,node-b,0.4468,36.5802,0,131.3867,0.000847,58.3063,39.2612,101.5028,131.6563,168.8191,129.1025,131.2754,0.0674,0.0439,163818.9993,116897.2152,cpu_stress,inventory-service,2026-06-09 14:40:00,2026-06-09 14:55:00,post_fault,2.4299057,1
2026-06-09 15:03:00,1680,EXP_FAULT_02,RUN_02,cpu_stress,1,checkoutservice,checkout-f02-01,online-boutique,node-b,0.4313,36.7561,0,131.5953,0.001466,54.8055,38.5438,93.6638,111.5386,164.7859,129.2623,131.4024,0.1581,0.0349,115630.0594,87290.1208,cpu_stress,inventory-service,2026-06-09 14:40:00,2026-06-09 14:55:00,post_fault,1.3339598,1
2026-06-09 15:03:05,1685,EXP_FAULT_02,RUN_02,cpu_stress,1,checkoutservice,checkout-f02-01,online-boutique,node-b,0.4624,36.1918,0,133.3496,0.000849,59.9117,44.5333,103.3309,129.5004,204.6289,131.0839,133.2364,0.0748,0.0384,130848.8372,104264.0521,cpu_stress,inventory-service,2026-06-09 14:40:00,2026-06-09 14:55:00,post_fault,2.9109569,1
2026-06-09 15:03:10,1690,EXP_FAULT_02,RUN_02,cpu_stress,1,checkoutservice,checkout-f02-01,online-boutique,node-b,0.4687,36.5058,0,135.325,0.001466,56.1419,40.4431,88.8483,121.7409,176.2843,133.0406,135.1267,0.1689,0.0294,168494.9612,131246.766,cpu_stress,inventory-service,2026-06-09 14:40:00,2026-06-09 14:55:00,post_fault,1.1661289,1
2026-06-09 15:03:15,1695,EXP_FAULT_02,RUN_02,cpu_stress,1,checkoutservice,checkout-f02-01,online-boutique,node-b,0.4575,36.6476,0,131.4245,0.001025,53.0226,38.3517,92.5845,118.5499,150.5827,129.2439,131.2897,0.127,0.0077,110924.4525,98594.4919,cpu_stress,inventory-service,2026-06-09 14:40:00,2026-06-09 14:55:00,post_fault,0.5510143,0
2026-06-09 15:03:20,1700,EXP_FAULT_02,RUN_02,cpu_stress,1,checkoutservice,checkout-f02-01,online-boutique,node-b,0.464,36.1506,0,134.3927,0.001233,58.1798,39.5398,102.9059,118.0819,170.5506,132.2059,134.227,0.1238,0.0419,164327.0345,129281.2374,cpu_stress,inventory-service,2026-06-09 14:40:00,2026-06-09 14:55:00,post_fault,1.9483181,1
2026-06-09 15:03:25,1705,EXP_FAULT_02,RUN_02,cpu_stress,1,checkoutservice,checkout-f02-01,online-boutique,node-b,0.4716,36.1257,0,134.117,0.001366,53.561,39.9783,94.4756,116.8419,164.1859,131.9198,133.9338,0.1582,0.025,111999.7483,129312.7948,cpu_stress,inventory-service,2026-06-09 14:40:00,2026-06-09 14:55:00,post_fault,0.6502042,0
2026-06-09 15:03:30,1710,EXP_FAULT_02,RUN_02,cpu_stress,1,checkoutservice,checkout-f02-01,online-boutique,node-b,0.4588,36.0434,0,134.8347,0.001504,54.9331,39.2035,96.2082,117.7578,165.288,132.6437,134.6319,0.1768,0.0261,124177.7929,122422.8075,cpu_stress,inventory-service,2026-06-09 14:40:00,2026-06-09 14:55:00,post_fault,0.8103442,0
2026-06-09 15:03:35,1715,EXP_FAULT_02,RUN_02,cpu_stress,1,checkoutservice,checkout-f02-01,online-boutique,node-b,0.4902,36.5785,0,130.7073,0.00146,57.9093,42.5437,99.8099,128.4495,194.0819,128.6016,130.5165,0.1543,0.0365,140195.5139,110962.7311,cpu_stress,inventory-service,2026-06-09 14:40:00,2026-06-09 14:55:00,post_fault,2.661038,1
2026-06-09 15:03:40,1720,EXP_FAULT_02,RUN_02,cpu_stress,1,checkoutservice,checkout-f02-01,online-boutique,node-b,0.4666,36.2313,0,132.426,0.00118,53.733,39.616,88.6739,105.9987,166.8806,130.3609,132.2697,0.1469,0.0094,113804.7286,117033.6358,cpu_stress,inventory-service,2026-06-09 14:40:00,2026-06-09 14:55:00,post_fault,0.70157874,0
2026-06-09 15:03:45,1725,EXP_FAULT_02,RUN_02,cpu_stress,1,checkoutservice,checkout-f02-01,online-boutique,node-b,0.4267,36.4108,0,128.6696,0.00134,52.0079,34.399,88.7671,117.8636,162.8339,126.6977,128.4972,0.1504,0.0219,129074.4819,119065.0283,cpu_stress,inventory-service,2026-06-09 14:40:00,2026-06-09 14:55:00,post_fault,0.72529334,0
2026-06-09 15:03:50,1730,EXP_FAULT_02,RUN_02,cpu_stress,1,checkoutservice,checkout-f02-01,online-boutique,node-b,0.4148,36.5754,0,126.4679,0.000918,55.8728,37.673,86.6638,118.2069,156.2277,124.5684,126.3519,0.0948,0.0213,149641.7226,119634.2061,cpu_stress,inventory-service,2026-06-09 14:40:00,2026-06-09 14:55:00,post_fault,2.6980846,1
2026-06-09 15:03:55,1735,EXP_FAULT_02,RUN_02,cpu_stress,1,checkoutservice,checkout-f02-01,online-boutique,node-b,0.4222,36.3696,0,129.3282,0.000543,53.2376,39.7691,89.2893,119.2024,174.4323,127.4411,129.258,0.045,0.0252,141991.9711,105493.2642,cpu_stress,inventory-service,2026-06-09 14:40:00,2026-06-09 14:55:00,post_fault,1.2156883,1
2026-06-09 15:04:00,1740,EXP_FAULT_02,RUN_02,cpu_stress,1,checkoutservice,checkout-f02-01,online-boutique,node-b,0.4487,36.0385,0,132.2762,0.000915,58.6597,42.9191,94.5612,125.8667,181.4155,130.3466,132.1552,0.118,0.003,137636.581,86392.0163,cpu_stress,inventory-service,2026-06-09 14:40:00,2026-06-09 14:55:00,post_fault,2.589778,1
2026-06-09 15:04:05,1745,EXP_FAULT_02,RUN_02,cpu_stress,1,checkoutservice,checkout-f02-01,online-boutique,node-b,0.4538,36.0638,0,131.9746,0.001284,54.1834,39.7032,84.8864,106.0172,178.0436,130.0356,131.8051,0.1447,0.0248,117741.9437,89300.0653,cpu_stress,inventory-service,2026-06-09 14:40:00,2026-06-09 14:55:00,post_fault,0.78187007,0
2026-06-09 15:04:10,1750,EXP_FAULT_02,RUN_02,cpu_stress,1,checkoutservice,checkout-f02-01,online-boutique,node-b,0.4801,35.9974,0,122.4702,0.001334,51.5552,36.4671,90.1278,99.5575,170.2242,120.6913,122.3068,0.1503,0.0131,102276.3638,83285.0857,cpu_stress,inventory-service,2026-06-09 14:40:00,2026-06-09 14:55:00,post_fault,1.2862527,1
2026-06-09 15:04:15,1755,EXP_FAULT_02,RUN_02,cpu_stress,1,checkoutservice,checkout-f02-01,online-boutique,node-b,0.4338,36.8328,0,128.0284,0.00065,51.2572,35.839,81.4588,107.8493,153.7959,126.2219,127.9452,0.0511,0.0321,148302.873,84911.4136,cpu_stress,inventory-service,2026-06-09 14:40:00,2026-06-09 14:55:00,post_fault,0.28632587,0
2026-06-09 15:04:20,1760,EXP_FAULT_02,RUN_02,cpu_stress,1,checkoutservice,checkout-f02-01,online-boutique,node-b,0.452,36.462,0,127.5385,0.001316,52.8686,40.6784,84.0172,112.115,174.7823,125.6937,127.3707,0.1565,0.0113,145855.5055,127256.5725,cpu_stress,inventory-service,2026-06-09 14:40:00,2026-06-09 14:55:00,post_fault,0.6669897,0
2026-06-09 15:04:25,1765,EXP_FAULT_02,RUN_02,cpu_stress,1,checkoutservice,checkout-f02-01,online-boutique,node-b,0.4747,36.5243,0,127.8694,0.001935,54.4041,38.2429,82.3554,105.354,156.2553,126.0,127.622,0.2058,0.0416,130293.9626,93803.2394,cpu_stress,inventory-service,2026-06-09 14:40:00,2026-06-09 14:55:00,post_fault,1.3652132,1
2026-06-09 15:04:30,1770,EXP_FAULT_02,RUN_02,cpu_stress,1,checkoutservice,checkout-f02-01,online-boutique,node-b,0.4193,36.6037,0,120.6902,0.001637,51.6557,35.4971,87.3807,106.576,162.1279,118.906,120.4926,0.1556,0.042,142828.3707,93427.4138,cpu_stress,inventory-service,2026-06-09 14:40:00,2026-06-09 14:55:00,post_fault,0.82251596,0
2026-06-09 15:04:35,1775,EXP_FAULT_02,RUN_02,cpu_stress,1,checkoutservice,checkout-f02-01,online-boutique,node-b,0.4361,35.7989,0,122.6738,0.000677,55.1842,40.4117,91.9713,114.3534,163.5352,120.937,122.5907,0.0782,0.0048,146194.9573,126040.4583,cpu_stress,inventory-service,2026-06-09 14:40:00,2026-06-09 14:55:00,post_fault,2.031453,1
2026-06-09 15:04:40,1780,EXP_FAULT_02,RUN_02,cpu_stress,1,checkoutservice,checkout-f02-01,online-boutique,node-b,0.4246,35.9472,0,119.6508,0.001358,52.2047,39.9948,87.9646,115.8354,169.8775,117.9024,119.4882,0.1264,0.0362,102542.7891,103757.9888,cpu_stress,inventory-service,2026-06-09 14:40:00,2026-06-09 14:55:00,post_fault,1.0142475,1
2026-06-09 15:04:45,1785,EXP_FAULT_02,RUN_02,cpu_stress,1,checkoutservice,checkout-f02-01,online-boutique,node-b,0.4414,35.7577,0,122.7196,0.000987,51.3661,35.881,81.9101,101.4894,158.0733,120.9801,122.5984,0.1062,0.015,116928.414,127676.1391,cpu_stress,inventory-service,2026-06-09 14:40:00,2026-06-09 14:55:00,post_fault,0.5762112,0
2026-06-09 15:04:50,1790,EXP_FAULT_02,RUN_02,cpu_stress,1,checkoutservice,checkout-f02-01,online-boutique,node-b,0.459,36.5008,0,119.4485,0.001201,58.0046,42.5987,93.4477,121.6265,170.9783,117.727,119.305,0.1078,0.0356,108132.1299,104312.5699,cpu_stress,inventory-service,2026-06-09 14:40:00,2026-06-09 14:55:00,post_fault,3.320308,1
2026-06-09 15:04:55,1795,EXP_FAULT_02,RUN_02,cpu_stress,1,checkoutservice,checkout-f02-01,online-boutique,node-b,0.4437,37.0816,0,121.2437,0.000773,54.8503,37.3895,93.1234,119.5043,154.3238,119.5031,121.15,0.089,0.0047,118693.7828,118868.3417,cpu_stress,inventory-service,2026-06-09 14:40:00,2026-06-09 14:55:00,post_fault,1.5596374,1
2026-06-09 15:10:00,0,EXP_FAULT_03,RUN_03,memory_stress,1,checkoutservice,checkout-f03-01,online-boutique,node-b,0.4589,35.1494,0,126.9977,0.001732,47.2357,33.1312,80.2324,93.2225,132.1365,126.8656,126.7777,0.1907,0.0293,130555.13,92135.969,memory_stress,checkoutservice,2026-06-09 15:15:00,2026-06-09 15:30:00,pre_fault,0.34362212,0
2026-06-09 15:10:05,5,EXP_FAULT_03,RUN_03,memory_stress,1,checkoutservice,checkout-f03-01,online-boutique,node-b,0.4515,36.0232,0,129.6585,0.001795,48.375,34.4229,75.9714,97.8875,130.8932,129.5764,129.4258,0.1924,0.0403,118557.3085,130072.5843,memory_stress,checkoutservice,2026-06-09 15:15:00,2026-06-09 15:30:00,pre_fault,0.077456705,0
2026-06-09 15:10:10,10,EXP_FAULT_03,RUN_03,memory_stress,1,checkoutservice,checkout-f03-01,online-boutique,node-b,0.4544,35.1681,0,136.2246,0.000569,50.6948,35.492,74.0969,91.0543,120.9617,136.1813,136.1471,0.0631,0.0143,123581.4264,90036.4696,memory_stress,checkoutservice,2026-06-09 15:15:00,2026-06-09 15:30:00,pre_fault,0.16685817,0
2026-06-09 15:10:15,15,EXP_FAULT_03,RUN_03,memory_stress,1,checkoutservice,checkout-f03-01,online-boutique,node-b,0.4234,35.8739,0,131.6123,0.000723,49.855,37.9066,75.069,91.3012,123.8864,131.5756,131.5172,0.0802,0.0149,157092.1717,100059.1033,memory_stress,checkoutservice,2026-06-09 15:15:00,2026-06-09 15:30:00,pre_fault,0.39711684,0
2026-06-09 15:10:20,20,EXP_FAULT_03,RUN_03,memory_stress,1,checkoutservice,checkout-f03-01,online-boutique,node-b,0.4488,36.2809,0,133.3084,0.001603,49.7557,35.1016,74.3172,90.1912,124.7361,133.2099,133.0948,0.2045,0.0091,158151.3917,103089.5826,memory_stress,checkoutservice,2026-06-09 15:15:00,2026-06-09 15:30:00,pre_fault,0.035414383,0
2026-06-09 15:10:25,25,EXP_FAULT_03,RUN_03,memory_stress,1,checkoutservice,checkout-f03-01,online-boutique,node-b,0.4569,36.6432,0,138.818,0.001227,49.3058,39.672,83.7494,97.2478,130.7951,138.7553,138.6477,0.1232,0.0471,159829.3108,105990.6264,memory_stress,checkoutservice,2026-06-09 15:15:00,2026-06-09 15:30:00,pre_fault,0.041444976,0
2026-06-09 15:10:30,30,EXP_FAULT_03,RUN_03,memory_stress,1,checkoutservice,checkout-f03-01,online-boutique,node-b,0.4472,35.7369,0,129.0089,0.001363,49.1935,37.1378,73.7143,92.0639,134.5483,128.8802,128.833,0.1723,0.0035,146957.8499,108261.4426,memory_stress,checkoutservice,2026-06-09 15:15:00,2026-06-09 15:30:00,pre_fault,0.07243904,0
2026-06-09 15:10:35,35,EXP_FAULT_03,RUN_03,memory_stress,1,checkoutservice,checkout-f03-01,online-boutique,node-b,0.4473,36.1258,0,136.8352,0.001052,53.5711,38.0035,87.2221,96.4937,141.4994,136.7316,136.6912,0.1336,0.0104,122166.4406,98537.126,memory_stress,checkoutservice,2026-06-09 15:15:00,2026-06-09 15:30:00,pre_fault,0.5073185,0
2026-06-09 15:10:40,40,EXP_FAULT_03,RUN_03,memory_stress,1,checkoutservice,checkout-f03-01,online-boutique,node-b,0.4384,35.6195,0,134.246,0.00061,48.5432,34.6913,74.807,95.1116,129.1083,134.204,134.1642,0.0642,0.0176,159177.4379,114852.9022,memory_stress,checkoutservice,2026-06-09 15:15:00,2026-06-09 15:30:00,pre_fault,0.09047042,0
2026-06-09 15:10:45,45,EXP_FAULT_03,RUN_03,memory_stress,1,checkoutservice,checkout-f03-01,online-boutique,node-b,0.4464,36.1939,0,134.1285,0.001169,50.9129,40.7397,80.4692,100.4255,137.3001,134.0705,133.9717,0.1397,0.0171,139281.5682,93709.7503,memory_stress,checkoutservice,2026-06-09 15:15:00,2026-06-09 15:30:00,pre_fault,0.12880519,0
2026-06-09 15:10:50,50,EXP_FAULT_03,RUN_03,memory_stress,1,checkoutservice,checkout-f03-01,online-boutique,node-b,0.4589,35.4992,0,135.7458,0.000979,47.5642,36.025,73.9155,83.605,135.3249,135.6523,135.6128,0.0859,0.047,170369.248,114703.4784,memory_stress,checkoutservice,2026-06-09 15:15:00,2026-06-09 15:30:00,pre_fault,0.09780057,0
2026-06-09 15:10:55,55,EXP_FAULT_03,RUN_03,memory_stress,1,checkoutservice,checkout-f03-01,online-boutique,node-b,0.4558,35.9653,0,131.6418,0.001764,47.2466,37.0053,76.746,92.8728,131.1601,131.5113,131.4096,0.1963,0.0359,136026.553,132458.3154,memory_stress,checkoutservice,2026-06-09 15:15:00,2026-06-09 15:30:00,pre_fault,0.16465084,0
2026-06-09 15:11:00,60,EXP_FAULT_03,RUN_03,memory_stress,1,checkoutservice,checkout-f03-01,online-boutique,node-b,0.4418,36.0233,0,136.5226,0.0011,49.1082,34.6072,82.9208,89.3753,139.5953,136.4415,136.3724,0.1339,0.0163,139431.3252,125270.8715,memory_stress,checkoutservice,2026-06-09 15:15:00,2026-06-09 15:30:00,pre_fault,0.039192192,0
2026-06-09 15:11:05,65,EXP_FAULT_03,RUN_03,memory_stress,1,checkoutservice,checkout-f03-01,online-boutique,node-b,0.4611,35.9608,0,133.9705,0.000688,49.7012,40.3998,83.261,93.259,127.3927,133.9244,133.8783,0.0722,0.02,137858.218,133948.3815,memory_stress,checkoutservice,2026-06-09 15:15:00,2026-06-09 15:30:00,pre_fault,0.09149589,0
2026-06-09 15:11:10,70,EXP_FAULT_03,RUN_03,memory_stress,1,checkoutservice,checkout-f03-01,online-boutique,node-b,0.4129,35.8726,0,133.1054,0.001248,45.3207,34.6828,76.3678,83.3871,127.0778,133.0349,132.9393,0.128,0.0381,122867.297,90430.5319,memory_stress,checkoutservice,2026-06-09 15:15:00,2026-06-09 15:30:00,pre_fault,0.3784977,0
2026-06-09 15:11:15,75,EXP_FAULT_03,RUN_03,memory_stress,1,checkoutservice,checkout-f03-01,online-boutique,node-b,0.4508,36.5242,0,132.2931,0.000835,49.6661,36.6347,75.3121,92.5986,139.1512,132.2444,132.1826,0.0911,0.0194,163814.8262,101021.2397,memory_stress,checkoutservice,2026-06-09 15:15:00,2026-06-09 15:30:00,pre_fault,0.055611532,0
2026-06-09 15:11:20,80,EXP_FAULT_03,RUN_03,memory_stress,1,checkoutservice,checkout-f03-01,online-boutique,node-b,0.4379,35.37,0,133.775,0.000837,48.4502,37.3013,75.2722,89.4869,118.3417,133.7259,133.663,0.0656,0.0464,123159.761,106841.1683,memory_stress,checkoutservice,2026-06-09 15:15:00,2026-06-09 15:30:00,pre_fault,0.03981202,0
2026-06-09 15:11:25,85,EXP_FAULT_03,RUN_03,memory_stress,1,checkoutservice,checkout-f03-01,online-boutique,node-b,0.4447,36.2426,0,132.8199,0.000826,51.1902,38.6828,80.1985,102.1284,134.1206,132.7668,132.7103,0.0902,0.0195,148765.7637,86962.4425,memory_stress,checkoutservice,2026-06-09 15:15:00,2026-06-09 15:30:00,pre_fault,0.22282167,0
2026-06-09 15:11:30,90,EXP_FAULT_03,RUN_03,memory_stress,1,checkoutservice,checkout-f03-01,online-boutique,node-b,0.436,36.3584,0,129.5379,0.001379,49.4972,35.5727,78.0572,86.9669,122.1668,129.4043,129.3593,0.1512,0.0274,125484.3233,86339.3554,memory_stress,checkoutservice,2026-06-09 15:15:00,2026-06-09 15:30:00,pre_fault,0.08453418,0
2026-06-09 15:11:35,95,EXP_FAULT_03,RUN_03,memory_stress,1,checkoutservice,checkout-f03-01,online-boutique,node-b,0.4338,36.413,0,129.5224,0.001206,48.1518,38.1174,80.0208,97.9489,136.275,129.4591,129.3663,0.1475,0.0087,143516.7997,120543.9157,memory_stress,checkoutservice,2026-06-09 15:15:00,2026-06-09 15:30:00,pre_fault,0.015394473,0
2026-06-09 15:11:40,100,EXP_FAULT_03,RUN_03,memory_stress,1,checkoutservice,checkout-f03-01,online-boutique,node-b,0.4229,35.5501,0,131.4674,0.001675,51.4323,36.0666,83.5695,99.1953,140.0781,131.3554,131.2473,0.2044,0.0158,120107.7385,91160.0132,memory_stress,checkoutservice,2026-06-09 15:15:00,2026-06-09 15:30:00,pre_fault,0.63566077,0
2026-06-09 15:11:45,105,EXP_FAULT_03,RUN_03,memory_stress,1,checkoutservice,checkout-f03-01,online-boutique,node-b,0.4503,36.3773,0,125.4298,0.001061,47.129,34.8541,72.6068,91.4179,126.5157,125.3385,125.2967,0.097,0.0362,118590.9744,98513.9141,memory_stress,checkoutservice,2026-06-09 15:15:00,2026-06-09 15:30:00,pre_fault,0.17786404,0
2026-06-09 15:11:50,110,EXP_FAULT_03,RUN_03,memory_stress,1,checkoutservice,checkout-f03-01,online-boutique,node-b,0.4461,36.3348,0,125.074,0.001658,44.4734,31.1334,66.8988,88.2755,106.8801,124.9693,124.8667,0.1728,0.0345,159797.806,105920.5005,memory_stress,checkoutservice,2026-06-09 15:15:00,2026-06-09 15:30:00,pre_fault,0.52319413,0
2026-06-09 15:11:55,115,EXP_FAULT_03,RUN_03,memory_stress,1,checkoutservice,checkout-f03-01,online-boutique,node-b,0.4561,36.3894,0,129.9297,0.001558,48.268,38.9023,78.0194,88.6359,137.0622,129.8205,129.7272,0.1743,0.0281,119905.8367,84474.8939,memory_stress,checkoutservice,2026-06-09 15:15:00,2026-06-09 15:30:00,pre_fault,0.117432594,0
2026-06-09 15:12:00,120,EXP_FAULT_03,RUN_03,memory_stress,1,checkoutservice,checkout-f03-01,online-boutique,node-b,0.456,35.7655,0,124.2014,0.000484,44.747,32.7735,67.4941,80.546,109.3458,124.1783,124.1412,0.0547,0.0055,128277.5243,108967.8877,memory_stress,checkoutservice,2026-06-09 15:15:00,2026-06-09 15:30:00,pre_fault,0.14415891,0
2026-06-09 15:12:05,125,EXP_FAULT_03,RUN_03,memory_stress,1,checkoutservice,checkout-f03-01,online-boutique,node-b,0.4644,35.9516,0,124.6058,0.001678,47.9623,35.6452,78.5934,92.2913,121.949,124.4885,124.3967,0.1903,0.0188,127285.6661,81919.1684,memory_stress,checkoutservice,2026-06-09 15:15:00,2026-06-09 15:30:00,pre_fault,0.4685669,0
2026-06-09 15:12:10,130,EXP_FAULT_03,RUN_03,memory_stress,1,checkoutservice,checkout-f03-01,online-boutique,node-b,0.4324,35.247,0,122.4526,0.000995,50.0687,40.0166,74.2021,97.9849,126.9536,122.3681,122.3308,0.0963,0.0255,130417.525,99488.0865,memory_stress,checkoutservice,2026-06-09 15:15:00,2026-06-09 15:30:00,pre_fault,0.3747871,0
2026-06-09 15:12:15,135,EXP_FAULT_03,RUN_03,memory_stress,1,checkoutservice,checkout-f03-01,online-boutique,node-b,0.456,35.8921,0,123.1886,0.001136,49.1174,37.6896,74.5091,93.4485,118.1842,123.1248,123.0486,0.1086,0.0314,141080.1066,116402.0797,memory_stress,checkoutservice,2026-06-09 15:15:00,2026-06-09 15:30:00,pre_fault,0.31068325,0
2026-06-09 15:12:20,140,EXP_FAULT_03,RUN_03,memory_stress,1,checkoutservice,checkout-f03-01,online-boutique,node-b,0.4307,36.1286,0,128.1448,0.000889,47.5368,38.1298,80.2354,86.5913,135.4732,128.0653,128.0309,0.1083,0.0056,141425.1135,108862.1597,memory_stress,checkoutservice,2026-06-09 15:15:00,2026-06-09 15:30:00,pre_fault,0.025493175,0
2026-06-09 15:12:25,145,EXP_FAULT_03,RUN_03,memory_stress,1,checkoutservice,checkout-f03-01,online-boutique,node-b,0.4318,36.1628,0,125.4136,0.00066,47.5608,36.3839,74.4985,89.131,118.5767,125.3727,125.3309,0.08,0.0027,139718.4937,113046.6441,memory_stress,checkoutservice,2026-06-09 15:15:00,2026-06-09 15:30:00,pre_fault,0.04682104,0
2026-06-09 15:12:30,150,EXP_FAULT_03,RUN_03,memory_stress,1,checkoutservice,checkout-f03-01,online-boutique,node-b,0.4545,36.329,0,124.814,0.001277,45.4077,35.7877,68.599,83.7398,127.747,124.6956,124.6546,0.1223,0.0371,121737.8375,83603.006,memory_stress,checkoutservice,2026-06-09 15:15:00,2026-06-09 15:30:00,pre_fault,0.48417535,0
2026-06-09 15:12:35,155,EXP_FAULT_03,RUN_03,memory_stress,1,checkoutservice,checkout-f03-01,online-boutique,node-b,0.431,35.9821,0,128.0554,0.000711,43.4048,31.3005,69.8085,84.2435,115.8713,128.0026,127.9644,0.0889,0.0021,113650.477,100027.5047,memory_stress,checkoutservice,2026-06-09 15:15:00,2026-06-09 15:30:00,pre_fault,0.23548809,0
2026-06-09 15:12:40,160,EXP_FAULT_03,RUN_03,memory_stress,1,checkoutservice,checkout-f03-01,online-boutique,node-b,0.4212,36.382,0,123.9059,0.001555,44.7505,33.7727,67.7713,84.7582,110.9563,123.8092,123.7132,0.1505,0.0422,137721.6853,111440.4008,memory_stress,checkoutservice,2026-06-09 15:15:00,2026-06-09 15:30:00,pre_fault,0.15087827,0
2026-06-09 15:12:45,165,EXP_FAULT_03,RUN_03,memory_stress,1,checkoutservice,checkout-f03-01,online-boutique,node-b,0.4303,36.0585,0,131.0165,0.001651,48.7167,38.2524,77.5187,85.9459,133.764,130.909,130.8002,0.1898,0.0265,109296.0581,102787.6689,memory_stress,checkoutservice,2026-06-09 15:15:00,2026-06-09 15:30:00,pre_fault,0.057930745,0
2026-06-09 15:12:50,170,EXP_FAULT_03,RUN_03,memory_stress,1,checkoutservice,checkout-f03-01,online-boutique,node-b,0.4315,36.2941,0,122.6505,0.001609,47.7958,38.479,76.3389,84.8367,117.6693,122.5369,122.4532,0.179,0.0183,135938.0079,112962.0049,memory_stress,checkoutservice,2026-06-09 15:15:00,2026-06-09 15:30:00,pre_fault,0.03067981,0
2026-06-09 15:12:55,175,EXP_FAULT_03,RUN_03,memory_stress,1,checkoutservice,checkout-f03-01,online-boutique,node-b,0.4293,35.7248,0,128.8995,0.00083,46.0967,34.5596,71.6009,83.2478,127.5721,128.8254,128.7925,0.0795,0.0275,149451.5671,126278.7858,memory_stress,checkoutservice,2026-06-09 15:15:00,2026-06-09 15:30:00,pre_fault,0.050629355,0
2026-06-09 15:13:00,180,EXP_FAULT_03,RUN_03,memory_stress,1,checkoutservice,checkout-f03-01,online-boutique,node-b,0.4611,37.2981,0,126.6799,0.000651,51.2991,38.2873,83.5994,102.0955,136.4539,126.6392,126.5975,0.0651,0.0173,137168.4564,84971.7506,memory_stress,checkoutservice,2026-06-09 15:15:00,2026-06-09 15:30:00,pre_fault,0.6600822,0
2026-06-09 15:13:05,185,EXP_FAULT_03,RUN_03,memory_stress,1,checkoutservice,checkout-f03-01,online-boutique,node-b,0.4235,36.381,0,129.1198,0.001203,48.2605,35.9678,72.5809,88.5449,130.9963,129.0469,128.9644,0.1363,0.0191,122470.8542,131455.2684,memory_stress,checkoutservice,2026-06-09 15:15:00,2026-06-09 15:30:00,pre_fault,0.10148306,0
2026-06-09 15:13:10,190,EXP_FAULT_03,RUN_03,memory_stress,1,checkoutservice,checkout-f03-01,online-boutique,node-b,0.4188,35.8392,0,132.3596,0.001055,45.99,37.4898,67.2743,89.4256,109.342,132.2692,132.22,0.1333,0.0063,120669.4502,132994.232,memory_stress,checkoutservice,2026-06-09 15:15:00,2026-06-09 15:30:00,pre_fault,0.22820635,0
2026-06-09 15:13:15,195,EXP_FAULT_03,RUN_03,memory_stress,1,checkoutservice,checkout-f03-01,online-boutique,node-b,0.4304,35.7235,0,130.8083,0.000891,47.7497,34.8818,80.1158,88.2732,114.6931,130.7268,130.6917,0.0736,0.043,130846.978,86505.1369,memory_stress,checkoutservice,2026-06-09 15:15:00,2026-06-09 15:30:00,pre_fault,0.047075704,0
2026-06-09 15:13:20,200,EXP_FAULT_03,RUN_03,memory_stress,1,checkoutservice,checkout-f03-01,online-boutique,node-b,0.4159,36.2368,0,131.2502,0.00077,46.5935,34.6406,72.518,84.7207,113.5659,131.1806,131.1491,0.0863,0.0147,136458.394,96643.5411,memory_stress,checkoutservice,2026-06-09 15:15:00,2026-06-09 15:30:00,pre_fault,0.27529907,0
2026-06-09 15:13:25,205,EXP_FAULT_03,RUN_03,memory_stress,1,checkoutservice,checkout-f03-01,online-boutique,node-b,0.4289,35.3985,0,130.8748,0.000452,47.6007,37.224,70.7888,95.3774,125.6369,130.8471,130.8158,0.0365,0.0225,165463.1139,124174.8656,memory_stress,checkoutservice,2026-06-09 15:15:00,2026-06-09 15:30:00,pre_fault,0.20112264,0
2026-06-09 15:13:30,210,EXP_FAULT_03,RUN_03,memory_stress,1,checkoutservice,checkout-f03-01,online-boutique,node-b,0.4511,36.7478,0,134.2802,0.00149,48.5834,34.891,75.4873,92.3303,132.6797,134.1787,134.0802,0.1785,0.0215,166133.659,106725.0498,memory_stress,checkoutservice,2026-06-09 15:15:00,2026-06-09 15:30:00,pre_fault,0.032146163,0
2026-06-09 15:13:35,215,EXP_FAULT_03,RUN_03,memory_stress,1,checkoutservice,checkout-f03-01,online-boutique,node-b,0.4583,35.9558,0,129.2457,0.001687,49.2642,37.3395,77.7466,86.7711,134.113,129.091,129.0277,0.204,0.0139,144108.2656,90157.3079,memory_stress,checkoutservice,2026-06-09 15:15:00,2026-06-09 15:30:00,pre_fault,0.16910687,0
2026-06-09 15:13:40,220,EXP_FAULT_03,RUN_03,memory_stress,1,checkoutservice,checkout-f03-01,online-boutique,node-b,0.4298,35.6481,0,130.3084,0.000513,48.5745,37.9538,82.5264,86.5755,122.4031,130.2844,130.2415,0.0589,0.008,115817.7776,130360.2537,memory_stress,checkoutservice,2026-06-09 15:15:00,2026-06-09 15:30:00,pre_fault,0.2232486,0
2026-06-09 15:13:45,225,EXP_FAULT_03,RUN_03,memory_stress,1,checkoutservice,checkout-f03-01,online-boutique,node-b,0.4167,36.0853,0,130.854,0.001183,49.0149,35.7212,78.7443,87.0088,125.3051,130.7774,130.6993,0.1128,0.0419,107834.7516,92046.0238,memory_stress,checkoutservice,2026-06-09 15:15:00,2026-06-09 15:30:00,pre_fault,0.32051116,0
2026-06-09 15:13:50,230,EXP_FAULT_03,RUN_03,memory_stress,1,checkoutservice,checkout-f03-01,online-boutique,node-b,0.4488,36.6274,0,127.7893,0.001238,51.4877,36.417,86.9589,91.8167,142.6926,127.694,127.6312,0.1473,0.0109,120401.9036,113218.5571,memory_stress,checkoutservice,2026-06-09 15:15:00,2026-06-09 15:30:00,pre_fault,0.3747785,0
2026-06-09 15:13:55,235,EXP_FAULT_03,RUN_03,memory_stress,1,checkoutservice,checkout-f03-01,online-boutique,node-b,0.4478,36.3211,0,129.7973,0.001899,44.6342,32.3646,71.5822,84.6427,125.8079,129.6414,129.5509,0.2019,0.0446,107901.647,102328.8187,memory_stress,checkoutservice,2026-06-09 15:15:00,2026-06-09 15:30:00,pre_fault,0.521873,0
2026-06-09 15:14:00,240,EXP_FAULT_03,RUN_03,memory_stress,1,checkoutservice,checkout-f03-01,online-boutique,node-b,0.4236,36.2107,0,129.8223,0.001169,48.4186,37.1613,73.3337,93.1312,127.9422,129.7342,129.6706,0.1436,0.0081,145326.1715,115763.8923,memory_stress,checkoutservice,2026-06-09 15:15:00,2026-06-09 15:30:00,pre_fault,0.122541204,0
2026-06-09 15:14:05,245,EXP_FAULT_03,RUN_03,memory_stress,1,checkoutservice,checkout-f03-01,online-boutique,node-b,0.4331,36.3069,0,127.1025,0.001336,49.8423,38.0864,73.1006,88.8726,124.1416,127.0391,126.9327,0.1619,0.0079,125939.4907,92699.9647,memory_stress,checkoutservice,2026-06-09 15:15:00,2026-06-09 15:30:00,pre_fault,0.16035138,0
2026-06-09 15:14:10,250,EXP_FAULT_03,RUN_03,memory_stress,1,checkoutservice,checkout-f03-01,online-boutique,node-b,0.4165,35.9681,0,132.1173,0.000795,48.4837,35.2734,80.0242,92.7747,126.7285,132.0476,132.0122,0.102,0.0031,117858.5007,119162.5341,memory_stress,checkoutservice,2026-06-09 15:15:00,2026-06-09 15:30:00,pre_fault,0.37003484,0
2026-06-09 15:14:15,255,EXP_FAULT_03,RUN_03,memory_stress,1,checkoutservice,checkout-f03-01,online-boutique,node-b,0.4272,36.942,0,127.1167,0.001745,47.0864,35.7067,71.3657,87.3696,119.5489,126.9997,126.8949,0.1934,0.0284,133662.8704,87364.2586,memory_stress,checkoutservice,2026-06-09 15:15:00,2026-06-09 15:30:00,pre_fault,0.013981052,0
2026-06-09 15:14:20,260,EXP_FAULT_03,RUN_03,memory_stress,1,checkoutservice,checkout-f03-01,online-boutique,node-b,0.4336,36.6562,0,121.7754,0.001767,46.7074,34.5615,67.8384,89.7932,130.9804,121.6202,121.5603,0.1898,0.0254,140797.9418,115281.6133,memory_stress,checkoutservice,2026-06-09 15:15:00,2026-06-09 15:30:00,pre_fault,0.06608645,0
2026-06-09 15:14:25,265,EXP_FAULT_03,RUN_03,memory_stress,1,checkoutservice,checkout-f03-01,online-boutique,node-b,0.4375,35.7607,0,126.6712,0.001601,49.3871,36.3681,81.9568,88.5544,135.2743,126.5274,126.4684,0.1656,0.0372,127735.2648,88120.936,memory_stress,checkoutservice,2026-06-09 15:15:00,2026-06-09 15:30:00,pre_fault,0.11710034,0
2026-06-09 15:14:30,270,EXP_FAULT_03,RUN_03,memory_stress,1,checkoutservice,checkout-f03-01,online-boutique,node-b,0.4257,35.9588,0,120.845,0.001432,51.1198,41.9108,76.9783,97.7053,139.0931,120.727,120.672,0.1314,0.0416,144352.7288,121054.5308,memory_stress,checkoutservice,2026-06-09 15:15:00,2026-06-09 15:30:00,pre_fault,0.6219756,0
2026-06-09 15:14:35,275,EXP_FAULT_03,RUN_03,memory_stress,1,checkoutservice,checkout-f03-01,online-boutique,node-b,0.418,35.7321,0,118.472,0.001086,47.0048,37.8926,79.7852,89.8007,120.6216,118.405,118.3433,0.1039,0.0248,108732.8066,95229.6939,memory_stress,checkoutservice,2026-06-09 15:15:00,2026-06-09 15:30:00,pre_fault,0.05174024,0
2026-06-09 15:14:40,280,EXP_FAULT_03,RUN_03,memory_stress,1,checkoutservice,checkout-f03-01,online-boutique,node-b,0.4628,35.8209,0,119.8291,0.001449,49.0407,36.3196,75.7969,97.8716,135.8681,119.7568,119.6554,0.1436,0.03,132440.9457,111846.1726,memory_stress,checkoutservice,2026-06-09 15:15:00,2026-06-09 15:30:00,pre_fault,0.6500191,0
2026-06-09 15:14:45,285,EXP_FAULT_03,RUN_03,memory_stress,1,checkoutservice,checkout-f03-01,online-boutique,node-b,0.4373,36.3442,0,123.3651,0.001475,48.0626,34.7349,73.0778,94.4989,126.7151,123.2941,123.1831,0.14,0.042,125140.7778,104786.4084,memory_stress,checkoutservice,2026-06-09 15:15:00,2026-06-09 15:30:00,pre_fault,0.049894236,0
2026-06-09 15:14:50,290,EXP_FAULT_03,RUN_03,memory_stress,1,checkoutservice,checkout-f03-01,online-boutique,node-b,0.4538,35.7997,0,118.8163,0.001231,47.2577,34.0052,78.8715,85.7312,131.3964,118.7266,118.6701,0.134,0.0123,130790.1863,115940.014,memory_stress,checkoutservice,2026-06-09 15:15:00,2026-06-09 15:30:00,pre_fault,0.45464653,0
2026-06-09 15:14:55,295,EXP_FAULT_03,RUN_03,memory_stress,1,checkoutservice,checkout-f03-01,online-boutique,node-b,0.4696,36.3481,0,120.2356,0.001725,48.8999,37.5477,76.6672,89.8567,134.4072,120.1085,120.0282,0.1669,0.0406,128709.5112,111658.2755,memory_stress,checkoutservice,2026-06-09 15:15:00,2026-06-09 15:30:00,pre_fault,0.84641635,0
2026-06-09 15:15:00,300,EXP_FAULT_03,RUN_03,memory_stress,1,checkoutservice,checkout-f03-01,online-boutique,node-b,0.4371,77.1927,0,117.577,0.002589,154.5183,45.4703,367.3976,580.3612,1185.5445,99.9133,117.2726,0.2877,0.0168,105958.9242,125693.3425,memory_stress,checkoutservice,2026-06-09 15:15:00,2026-06-09 15:30:00,during_fault,305.23816,1
2026-06-09 15:15:05,305,EXP_FAULT_03,RUN_03,memory_stress,1,checkoutservice,checkout-f03-01,online-boutique,node-b,0.4435,76.5064,0,112.7796,0.00215,146.0533,45.9694,307.5457,586.9892,1012.4076,95.8689,112.5372,0.2142,0.0283,115543.1528,113365.1398,memory_stress,checkoutservice,2026-06-09 15:15:00,2026-06-09 15:30:00,during_fault,280.00104,1
2026-06-09 15:15:10,310,EXP_FAULT_03,RUN_03,memory_stress,1,checkoutservice,checkout-f03-01,online-boutique,node-b,0.4699,76.5402,0,116.4787,0.001405,147.3285,46.1654,321.0852,537.0438,1104.6563,99.2244,116.3151,0.1564,0.0073,154753.1698,116623.7569,memory_stress,checkoutservice,2026-06-09 15:15:00,2026-06-09 15:30:00,during_fault,293.84772,1
2026-06-09 15:15:15,315,EXP_FAULT_03,RUN_03,memory_stress,1,checkoutservice,checkout-f03-01,online-boutique,node-b,0.4202,76.0956,0,118.9384,0.002218,136.7887,43.3197,281.0623,521.3788,914.794,101.4686,118.6746,0.2541,0.0097,120367.606,105080.7563,memory_stress,checkoutservice,2026-06-09 15:15:00,2026-06-09 15:30:00,during_fault,237.47346,1
2026-06-09 15:15:20,320,EXP_FAULT_03,RUN_03,memory_stress,1,checkoutservice,checkout-f03-01,online-boutique,node-b,0.4189,75.8974,0,121.4487,0.001361,144.9377,42.5793,301.8411,570.2046,1026.2208,103.8672,121.2834,0.1362,0.029,146443.734,95254.697,memory_stress,checkoutservice,2026-06-09 15:15:00,2026-06-09 15:30:00,during_fault,260.08066,1
2026-06-09 15:15:25,325,EXP_FAULT_03,RUN_03,memory_stress,1,checkoutservice,checkout-f03-01,online-boutique,node-b,0.4264,75.1837,0,114.8378,0.002162,143.1043,44.5325,302.5229,544.6353,1049.5859,98.4751,114.5895,0.2246,0.0237,121345.69,94329.5312,memory_stress,checkoutservice,2026-06-09 15:15:00,2026-06-09 15:30:00,during_fault,255.40714,1
2026-06-09 15:15:30,330,EXP_FAULT_03,RUN_03,memory_stress,1,checkoutservice,checkout-f03-01,online-boutique,node-b,0.4269,73.6991,0,114.4727,0.003348,126.687,42.407,276.4673,448.0461,866.4757,98.469,114.0895,0.358,0.0252,106430.3168,113673.2335,memory_stress,checkoutservice,2026-06-09 15:15:00,2026-06-09 15:30:00,during_fault,198.97075,1
2026-06-09 15:15:35,335,EXP_FAULT_03,RUN_03,memory_stress,1,checkoutservice,checkout-f03-01,online-boutique,node-b,0.415,74.6716,0,111.8961,0.001953,126.0037,37.843,258.8917,447.9009,890.5764,96.6132,111.6776,0.1857,0.0328,133330.8107,123902.202,memory_stress,checkoutservice,2026-06-09 15:15:00,2026-06-09 15:30:00,during_fault,205.68999,1
2026-06-09 15:15:40,340,EXP_FAULT_03,RUN_03,memory_stress,1,checkoutservice,checkout-f03-01,online-boutique,node-b,0.4327,73.3192,0,113.1357,0.002528,124.0068,41.7891,253.8087,456.4591,884.3937,98.0758,112.8496,0.2797,0.0064,126599.4098,112383.2692,memory_stress,checkoutservice,2026-06-09 15:15:00,2026-06-09 15:30:00,during_fault,196.05374,1
2026-06-09 15:15:45,345,EXP_FAULT_03,RUN_03,memory_stress,1,checkoutservice,checkout-f03-01,online-boutique,node-b,0.3997,72.9928,0,115.9922,0.001498,115.1547,39.4701,261.541,434.1625,766.491,100.9799,115.8184,0.1617,0.0121,132835.289,108179.4417,memory_stress,checkoutservice,2026-06-09 15:15:00,2026-06-09 15:30:00,during_fault,167.92624,1
2026-06-09 15:15:50,350,EXP_FAULT_03,RUN_03,memory_stress,1,checkoutservice,checkout-f03-01,online-boutique,node-b,0.4305,72.579,0,116.9748,0.001665,114.7394,40.9423,246.6795,425.9124,768.6044,102.2942,116.7801,0.1662,0.0286,126512.141,98354.9167,memory_stress,checkoutservice,2026-06-09 15:15:00,2026-06-09 15:30:00,during_fault,173.81107,1
2026-06-09 15:15:55,355,EXP_FAULT_03,RUN_03,memory_stress,1,checkoutservice,checkout-f03-01,online-boutique,node-b,0.4501,70.7265,0,119.6534,0.002101,129.788,45.4333,267.0258,436.4808,770.8872,105.1106,119.4019,0.2463,0.0051,146203.378,101461.0888,memory_stress,checkoutservice,2026-06-09 15:15:00,2026-06-09 15:30:00,during_fault,197.95601,1
2026-06-09 15:16:00,360,EXP_FAULT_03,RUN_03,memory_stress,1,checkoutservice,checkout-f03-01,online-boutique,node-b,0.4245,68.2219,0,117.9382,0.002123,124.0983,45.2644,244.1806,451.4075,834.6226,104.093,117.6877,0.216,0.0344,129954.561,113375.9524,memory_stress,checkoutservice,2026-06-09 15:15:00,2026-06-09 15:30:00,during_fault,164.5874,1
2026-06-09 15:16:05,365,EXP_FAULT_03,RUN_03,memory_stress,1,checkoutservice,checkout-f03-01,online-boutique,node-b,0.4123,66.8136,0,120.3523,0.002405,123.5985,44.9216,278.4075,387.4564,756.4834,106.8051,120.0629,0.2859,0.0035,158708.8221,130645.6498,memory_stress,checkoutservice,2026-06-09 15:15:00,2026-06-09 15:30:00,during_fault,152.24881,1
2026-06-09 15:16:10,370,EXP_FAULT_03,RUN_03,memory_stress,1,checkoutservice,checkout-f03-01,online-boutique,node-b,0.4195,66.3547,0,120.1589,0.001689,118.4336,42.6651,239.2769,421.337,793.2244,107.1361,119.956,0.1789,0.024,111352.4444,91927.0067,memory_stress,checkoutservice,2026-06-09 15:15:00,2026-06-09 15:30:00,during_fault,141.36443,1
2026-06-09 15:16:15,375,EXP_FAULT_03,RUN_03,memory_stress,1,checkoutservice,checkout-f03-01,online-boutique,node-b,0.4298,64.5877,0,120.9016,0.002569,114.3795,46.667,255.8132,384.0692,691.6755,108.2799,120.591,0.2695,0.0411,160865.6212,93610.8626,memory_stress,checkoutservice,2026-06-09 15:15:00,2026-06-09 15:30:00,during_fault,125.46826,1
2026-06-09 15:16:20,380,EXP_FAULT_03,RUN_03,memory_stress,1,checkoutservice,checkout-f03-01,online-boutique,node-b,0.4077,63.1678,0,119.9928,0.002754,103.7465,42.5955,198.4226,336.1181,614.9612,107.9568,119.6624,0.3281,0.0024,118715.4362,109067.5838,memory_stress,checkoutservice,2026-06-09 15:15:00,2026-06-09 15:30:00,during_fault,94.4641,1
2026-06-09 15:16:25,385,EXP_FAULT_03,RUN_03,memory_stress,1,checkoutservice,checkout-f03-01,online-boutique,node-b,0.4144,63.0195,0,119.6457,0.00181,102.7077,38.8405,221.2155,307.7668,596.3847,108.1509,119.4291,0.2084,0.0082,135736.9218,109669.9483,memory_stress,checkoutservice,2026-06-09 15:15:00,2026-06-09 15:30:00,during_fault,95.85991,1
2026-06-09 15:16:30,390,EXP_FAULT_03,RUN_03,memory_stress,1,checkoutservice,checkout-f03-01,online-boutique,node-b,0.4394,61.2204,0,119.7989,0.00219,98.1983,41.5006,185.6,307.6205,580.8169,108.6997,119.5365,0.2287,0.0337,149458.8626,87147.9764,memory_stress,checkoutservice,2026-06-09 15:15:00,2026-06-09 15:30:00,during_fault,86.3517,1
2026-06-09 15:16:35,395,EXP_FAULT_03,RUN_03,memory_stress,1,checkoutservice,checkout-f03-01,online-boutique,node-b,0.4199,60.5783,0,118.6721,0.002057,106.0923,43.5285,212.9056,349.7069,600.7464,108.1479,118.4281,0.2205,0.0236,144674.7514,112859.9988,memory_stress,checkoutservice,2026-06-09 15:15:00,2026-06-09 15:30:00,during_fault,93.721436,1
2026-06-09 15:16:40,400,EXP_FAULT_03,RUN_03,memory_stress,1,checkoutservice,checkout-f03-01,online-boutique,node-b,0.4254,59.1534,0,116.642,0.002126,94.7876,39.4643,193.0439,282.6532,525.3978,106.6232,116.394,0.2184,0.0296,135986.7352,103903.175,memory_stress,checkoutservice,2026-06-09 15:15:00,2026-06-09 15:30:00,during_fault,71.858604,1
2026-06-09 15:16:45,405,EXP_FAULT_03,RUN_03,memory_stress,1,checkoutservice,checkout-f03-01,online-boutique,node-b,0.4537,58.2748,0,118.301,0.002286,92.6663,36.8772,173.5371,305.8699,538.0926,108.4736,118.0305,0.2313,0.0392,135985.997,111396.583,memory_stress,checkoutservice,2026-06-09 15:15:00,2026-06-09 15:30:00,during_fault,70.79503,1
2026-06-09 15:16:50,410,EXP_FAULT_03,RUN_03,memory_stress,1,checkoutservice,checkout-f03-01,online-boutique,node-b,0.4211,59.8799,0,117.6704,0.001694,90.5142,36.043,180.2855,290.0215,534.9979,108.1687,117.471,0.1779,0.0215,131197.6904,113997.0627,memory_stress,checkoutservice,2026-06-09 15:15:00,2026-06-09 15:30:00,during_fault,68.95943,1
2026-06-09 15:16:55,415,EXP_FAULT_03,RUN_03,memory_stress,1,checkoutservice,checkout-f03-01,online-boutique,node-b,0.4475,58.5772,0,120.3378,0.001669,87.9649,40.9782,170.7022,262.3421,461.3916,110.8473,120.137,0.1889,0.0119,109726.7722,82287.7564,memory_stress,checkoutservice,2026-06-09 15:15:00,2026-06-09 15:30:00,during_fault,65.96431,1
2026-06-09 15:17:00,420,EXP_FAULT_03,RUN_03,memory_stress,1,checkoutservice,checkout-f03-01,online-boutique,node-b,0.4346,58.8251,0,121.7971,0.001863,88.3141,39.9897,164.4912,271.9597,447.0113,112.3337,121.5703,0.1995,0.0274,116308.5829,115151.2933,memory_stress,checkoutservice,2026-06-09 15:15:00,2026-06-09 15:30:00,during_fault,63.462852,1
2026-06-09 15:17:05,425,EXP_FAULT_03,RUN_03,memory_stress,1,checkoutservice,checkout-f03-01,online-boutique,node-b,0.4278,58.0943,0,119.8267,0.002263,96.7608,39.807,179.1503,291.046,550.9323,110.5894,119.5554,0.258,0.0132,137161.2515,122729.7394,memory_stress,checkoutservice,2026-06-09 15:15:00,2026-06-09 15:30:00,during_fault,70.28668,1
2026-06-09 15:17:10,430,EXP_FAULT_03,RUN_03,memory_stress,1,checkoutservice,checkout-f03-01,online-boutique,node-b,0.4242,57.9477,0,116.2606,0.002272,90.4156,38.0595,173.7879,271.4675,447.3447,107.2985,115.9964,0.2341,0.0301,120055.908,87552.3203,memory_stress,checkoutservice,2026-06-09 15:15:00,2026-06-09 15:30:00,during_fault,61.45614,1
2026-06-09 15:17:15,435,EXP_FAULT_03,RUN_03,memory_stress,1,checkoutservice,checkout-f03-01,online-boutique,node-b,0.4406,56.9407,0,120.3094,0.001572,91.2216,42.5986,184.7271,266.2738,458.9412,111.0738,120.1203,0.1615,0.0276,107171.6377,114015.0441,memory_stress,checkoutservice,2026-06-09 15:15:00,2026-06-09 15:30:00,during_fault,62.177258,1
2026-06-09 15:17:20,440,EXP_FAULT_03,RUN_03,memory_stress,1,checkoutservice,checkout-f03-01,online-boutique,node-b,0.4246,57.6724,0,116.8958,0.002016,90.9995,41.1973,169.8973,286.4487,530.7549,107.8021,116.6601,0.2053,0.0304,138005.4353,117425.732,memory_stress,checkoutservice,2026-06-09 15:15:00,2026-06-09 15:30:00,during_fault,61.61378,1
2026-06-09 15:17:25,445,EXP_FAULT_03,RUN_03,memory_stress,1,checkoutservice,checkout-f03-01,online-boutique,node-b,0.4501,56.6424,0,115.9748,0.001646,94.1902,40.5855,172.8538,307.7083,521.5787,106.7705,115.7839,0.1908,0.0001,133286.6191,112489.3452,memory_stress,checkoutservice,2026-06-09 15:15:00,2026-06-09 15:30:00,during_fault,68.5237,1
2026-06-09 15:17:30,450,EXP_FAULT_03,RUN_03,memory_stress,1,checkoutservice,checkout-f03-01,online-boutique,node-b,0.4209,57.1329,0,117.3921,0.001027,94.0919,43.3428,179.1225,274.5824,527.6864,107.94,117.2716,0.1063,0.0143,148264.1426,125873.4956,memory_stress,checkoutservice,2026-06-09 15:15:00,2026-06-09 15:30:00,during_fault,64.92626,1
2026-06-09 15:17:35,455,EXP_FAULT_03,RUN_03,memory_stress,1,checkoutservice,checkout-f03-01,online-boutique,node-b,0.4455,58.8262,0,112.4444,0.001756,94.458,39.0443,187.1972,279.3706,503.4225,103.1218,112.247,0.1594,0.038,114336.6814,121277.1202,memory_stress,checkoutservice,2026-06-09 15:15:00,2026-06-09 15:30:00,during_fault,76.87398,1
2026-06-09 15:17:40,460,EXP_FAULT_03,RUN_03,memory_stress,1,checkoutservice,checkout-f03-01,online-boutique,node-b,0.455,58.8053,0,115.9082,0.00225,92.6513,38.4887,190.9759,288.2989,521.7921,105.994,115.6474,0.2357,0.025,122446.0303,98034.8033,memory_stress,checkoutservice,2026-06-09 15:15:00,2026-06-09 15:30:00,during_fault,74.08025,1
2026-06-09 15:17:45,465,EXP_FAULT_03,RUN_03,memory_stress,1,checkoutservice,checkout-f03-01,online-boutique,node-b,0.4075,60.2731,0,111.9949,0.001958,98.6214,41.0576,209.3898,292.664,563.5289,102.0669,111.7757,0.2123,0.007,126072.5376,95614.8062,memory_stress,checkoutservice,2026-06-09 15:15:00,2026-06-09 15:30:00,during_fault,80.08891,1
2026-06-09 15:17:50,470,EXP_FAULT_03,RUN_03,memory_stress,1,checkoutservice,checkout-f03-01,online-boutique,node-b,0.429,61.2166,0,109.552,0.00215,104.4525,44.3315,221.2721,342.7971,562.326,99.4291,109.3164,0.2115,0.024,145313.4739,79249.9323,memory_stress,checkoutservice,2026-06-09 15:15:00,2026-06-09 15:30:00,during_fault,98.73718,1
2026-06-09 15:17:55,475,EXP_FAULT_03,RUN_03,memory_stress,1,checkoutservice,checkout-f03-01,online-boutique,node-b,0.4032,61.7772,0,111.7924,0.002035,106.5187,45.5022,229.9674,354.0845,594.2918,101.0507,111.5648,0.2225,0.0051,119517.6729,124833.9832,memory_stress,checkoutservice,2026-06-09 15:15:00,2026-06-09 15:30:00,during_fault,98.34806,1
2026-06-09 15:18:00,480,EXP_FAULT_03,RUN_03,memory_stress,1,checkoutservice,checkout-f03-01,online-boutique,node-b,0.4397,62.3663,0,111.5117,0.002481,105.1988,38.9392,217.0745,338.3087,632.5286,100.3544,111.2351,0.2696,0.0071,140102.1088,105287.3553,memory_stress,checkoutservice,2026-06-09 15:15:00,2026-06-09 15:30:00,during_fault,105.49076,1
2026-06-09 15:18:05,485,EXP_FAULT_03,RUN_03,memory_stress,1,checkoutservice,checkout-f03-01,online-boutique,node-b,0.4274,64.102,1,110.6383,0.002352,117.4072,41.1234,227.619,418.6491,776.018,99.0773,110.3781,0.2269,0.0333,130953.6406,87686.167,memory_stress,checkoutservice,2026-06-09 15:15:00,2026-06-09 15:30:00,during_fault,135.60075,1
2026-06-09 15:18:10,490,EXP_FAULT_03,RUN_03,memory_stress,1,checkoutservice,checkout-f03-01,online-boutique,node-b,0.4288,65.1541,0,107.7376,0.00226,110.5532,39.5857,214.5903,391.9835,729.91,96.0698,107.4941,0.2104,0.0331,100285.6276,94594.9682,memory_stress,checkoutservice,2026-06-09 15:15:00,2026-06-09 15:30:00,during_fault,127.10411,1
2026-06-09 15:18:15,495,EXP_FAULT_03,RUN_03,memory_stress,1,checkoutservice,checkout-f03-01,online-boutique,node-b,0.4262,67.4758,0,106.6501,0.001522,107.7842,42.2097,209.6034,356.2503,618.5293,94.6763,106.4878,0.1565,0.0059,118704.6774,86291.9061,memory_stress,checkoutservice,2026-06-09 15:15:00,2026-06-09 15:30:00,during_fault,135.69415,1
2026-06-09 15:18:20,500,EXP_FAULT_03,RUN_03,memory_stress,1,checkoutservice,checkout-f03-01,online-boutique,node-b,0.4123,69.009,0,111.6927,0.002681,114.9864,41.5535,258.7564,390.001,770.1618,98.5946,111.3933,0.2639,0.0355,133346.7407,116581.5299,memory_stress,checkoutservice,2026-06-09 15:15:00,2026-06-09 15:30:00,during_fault,146.72336,1
2026-06-09 15:18:25,505,EXP_FAULT_03,RUN_03,memory_stress,1,checkoutservice,checkout-f03-01,online-boutique,node-b,0.433,67.5105,0,107.0157,0.002052,113.928,41.9589,247.8763,418.9536,761.7562,94.0433,106.796,0.1871,0.0325,134846.5246,93682.4328,memory_stress,checkoutservice,2026-06-09 15:15:00,2026-06-09 15:30:00,during_fault,147.24953,1
2026-06-09 15:18:30,510,EXP_FAULT_03,RUN_03,memory_stress,1,checkoutservice,checkout-f03-01,online-boutique,node-b,0.4356,70.7681,0,112.7505,0.001256,113.1311,36.3524,250.637,372.468,747.0223,98.628,112.609,0.1168,0.0248,137496.1074,90302.5588,memory_stress,checkoutservice,2026-06-09 15:15:00,2026-06-09 15:30:00,during_fault,165.11934,1
2026-06-09 15:18:35,515,EXP_FAULT_03,RUN_03,memory_stress,1,checkoutservice,checkout-f03-01,online-boutique,node-b,0.4377,71.0399,0,111.0711,0.001864,131.0891,47.1948,302.5516,480.0501,847.6733,96.7221,110.8641,0.1986,0.0084,140910.7485,112973.1053,memory_stress,checkoutservice,2026-06-09 15:15:00,2026-06-09 15:30:00,during_fault,205.23096,1
2026-06-09 15:18:40,520,EXP_FAULT_03,RUN_03,memory_stress,1,checkoutservice,checkout-f03-01,online-boutique,node-b,0.4313,72.6202,0,107.1429,0.002209,132.6442,45.6326,277.0191,477.2002,934.9368,92.8613,106.9062,0.2089,0.0277,116239.5623,97209.073,memory_stress,checkoutservice,2026-06-09 15:15:00,2026-06-09 15:30:00,during_fault,217.60709,1
2026-06-09 15:18:45,525,EXP_FAULT_03,RUN_03,memory_stress,1,checkoutservice,checkout-f03-01,online-boutique,node-b,0.4351,75.5416,0,112.0591,0.001377,131.3072,40.3809,285.0618,459.0655,828.33,96.7823,111.9047,0.131,0.0233,143094.938,118383.6125,memory_stress,checkoutservice,2026-06-09 15:15:00,2026-06-09 15:30:00,during_fault,233.1176,1
2026-06-09 15:18:50,530,EXP_FAULT_03,RUN_03,memory_stress,1,checkoutservice,checkout-f03-01,online-boutique,node-b,0.4083,75.985,0,111.4305,0.002933,137.7959,42.1364,316.8169,543.1342,969.4705,95.8518,111.1036,0.3161,0.0108,123681.011,107907.795,memory_stress,checkoutservice,2026-06-09 15:15:00,2026-06-09 15:30:00,during_fault,238.45386,1
2026-06-09 15:18:55,535,EXP_FAULT_03,RUN_03,memory_stress,1,checkoutservice,checkout-f03-01,online-boutique,node-b,0.4371,75.6026,0,108.497,0.00283,138.0323,40.9533,285.2977,527.6242,982.4768,92.9591,108.1899,0.275,0.0321,139283.1259,106592.6049,memory_stress,checkoutservice,2026-06-09 15:15:00,2026-06-09 15:30:00,during_fault,249.18921,1
2026-06-09 15:19:00,540,EXP_FAULT_03,RUN_03,memory_stress,1,checkoutservice,checkout-f03-01,online-boutique,node-b,0.4269,76.6202,0,108.5563,0.001889,139.9668,40.8556,333.4937,519.9642,1012.3888,92.7846,108.3513,0.1708,0.0343,121356.1782,81620.5875,memory_stress,checkoutservice,2026-06-09 15:15:00,2026-06-09 15:30:00,during_fault,260.30518,1
2026-06-09 15:19:05,545,EXP_FAULT_03,RUN_03,memory_stress,1,checkoutservice,checkout-f03-01,online-boutique,node-b,0.4485,77.3367,0,111.4541,0.003129,128.0484,39.2036,271.2794,510.541,872.9759,95.0707,111.1054,0.3247,0.024,130185.2394,85285.3062,memory_stress,checkoutservice,2026-06-09 15:15:00,2026-06-09 15:30:00,during_fault,236.33809,1
2026-06-09 15:19:10,550,EXP_FAULT_03,RUN_03,memory_stress,1,checkoutservice,checkout-f03-01,online-boutique,node-b,0.4305,79.6381,0,112.495,0.001095,145.049,41.7048,317.1132,520.7505,1012.3322,95.8123,112.3718,0.1149,0.0083,127043.0357,97019.6862,memory_stress,checkoutservice,2026-06-09 15:15:00,2026-06-09 15:30:00,during_fault,296.8896,1
2026-06-09 15:19:15,555,EXP_FAULT_03,RUN_03,memory_stress,1,checkoutservice,checkout-f03-01,online-boutique,node-b,0.4193,77.8304,0,114.8814,0.002359,135.9909,43.1482,297.4589,509.5747,913.7019,97.7085,114.6104,0.2366,0.0344,143685.1346,100823.8796,memory_stress,checkoutservice,2026-06-09 15:15:00,2026-06-09 15:30:00,during_fault,248.46541,1
2026-06-09 15:19:20,560,EXP_FAULT_03,RUN_03,memory_stress,1,checkoutservice,checkout-f03-01,online-boutique,node-b,0.4249,78.878,0,112.4472,0.002517,151.0378,49.0313,353.0698,549.1659,1003.2313,95.5917,112.1642,0.2597,0.0233,130230.797,123562.0676,memory_stress,checkoutservice,2026-06-09 15:15:00,2026-06-09 15:30:00,during_fault,303.11826,1
2026-06-09 15:19:25,565,EXP_FAULT_03,RUN_03,memory_stress,1,checkoutservice,checkout-f03-01,online-boutique,node-b,0.4154,79.0542,0,116.9923,0.003197,150.7708,43.7173,321.1106,596.2904,1173.1809,99.4349,116.6183,0.3573,0.0167,141911.9917,128578.9645,memory_stress,checkoutservice,2026-06-09 15:15:00,2026-06-09 15:30:00,during_fault,294.4381,1
2026-06-09 15:19:30,570,EXP_FAULT_03,RUN_03,memory_stress,1,checkoutservice,checkout-f03-01,online-boutique,node-b,0.4085,77.5593,0,116.688,0.002146,139.3152,40.7345,289.2876,505.3427,1082.1147,99.2349,116.4376,0.2418,0.0086,109285.2143,83601.0487,memory_stress,checkoutservice,2026-06-09 15:15:00,2026-06-09 15:30:00,during_fault,251.19775,1
2026-06-09 15:19:35,575,EXP_FAULT_03,RUN_03,memory_stress,1,checkoutservice,checkout-f03-01,online-boutique,node-b,0.4332,76.4139,0,119.1113,0.002689,139.799,45.0355,323.4922,526.218,956.944,101.4212,118.7909,0.3052,0.0151,147396.3705,121076.9062,memory_stress,checkoutservice,2026-06-09 15:15:00,2026-06-09 15:30:00,during_fault,250.68555,1
2026-06-09 15:19:40,580,EXP_FAULT_03,RUN_03,memory_stress,1,checkoutservice,checkout-f03-01,online-boutique,node-b,0.4163,76.3978,0,113.6777,0.002446,145.3451,45.8138,341.3806,581.09,1021.5539,96.9662,113.3996,0.2433,0.0347,165664.8766,100033.5835,memory_stress,checkoutservice,2026-06-09 15:15:00,2026-06-09 15:30:00,during_fault,266.01074,1
2026-06-09 15:19:45,585,EXP_FAULT_03,RUN_03,memory_stress,1,checkoutservice,checkout-f03-01,online-boutique,node-b,0.4356,74.3757,0,120.7624,0.002578,138.4074,41.0924,293.2626,522.063,924.016,103.281,120.4511,0.2983,0.013,121409.1357,106405.2293,memory_stress,checkoutservice,2026-06-09 15:15:00,2026-06-09 15:30:00,during_fault,234.6762,1
2026-06-09 15:19:50,590,EXP_FAULT_03,RUN_03,memory_stress,1,checkoutservice,checkout-f03-01,online-boutique,node-b,0.4409,74.3054,0,114.6219,0.001744,138.586,44.0692,300.0795,521.3653,958.6178,98.2986,114.422,0.1713,0.0286,144879.6485,112601.5033,memory_stress,checkoutservice,2026-06-09 15:15:00,2026-06-09 15:30:00,during_fault,243.28809,1
2026-06-09 15:19:55,595,EXP_FAULT_03,RUN_03,memory_stress,1,checkoutservice,checkout-f03-01,online-boutique,node-b,0.4349,75.967,0,115.4546,0.001792,136.4997,45.6489,297.6099,528.2126,1039.3992,99.3079,115.2476,0.1899,0.017,124931.1847,100429.4673,memory_stress,checkoutservice,2026-06-09 15:15:00,2026-06-09 15:30:00,during_fault,245.01553,1
2026-06-09 15:20:00,600,EXP_FAULT_03,RUN_03,memory_stress,1,checkoutservice,checkout-f03-01,online-boutique,node-b,0.4358,75.0954,0,119.7964,0.00216,127.2418,39.7372,292.4573,473.5485,935.089,103.4506,119.5376,0.2413,0.0175,159898.3919,103775.3621,memory_stress,checkoutservice,2026-06-09 15:15:00,2026-06-09 15:30:00,during_fault,212.95512,1
2026-06-09 15:20:05,605,EXP_FAULT_03,RUN_03,memory_stress,1,checkoutservice,checkout-f03-01,online-boutique,node-b,0.4302,72.1432,0,117.2221,0.001515,125.7054,44.3752,264.6523,417.7451,790.6812,101.6278,117.0445,0.1605,0.0171,117042.2635,87014.8744,memory_stress,checkoutservice,2026-06-09 15:15:00,2026-06-09 15:30:00,during_fault,192.97942,1
2026-06-09 15:20:10,610,EXP_FAULT_03,RUN_03,memory_stress,1,checkoutservice,checkout-f03-01,online-boutique,node-b,0.3821,71.7339,0,118.4385,0.001047,121.0813,43.6797,267.2473,399.6697,822.402,103.1394,118.3145,0.0985,0.0255,111979.1957,122072.1417,memory_stress,checkoutservice,2026-06-09 15:15:00,2026-06-09 15:30:00,during_fault,166.53397,1
2026-06-09 15:20:15,615,EXP_FAULT_03,RUN_03,memory_stress,1,checkoutservice,checkout-f03-01,online-boutique,node-b,0.4223,70.6283,0,117.7894,0.002383,132.7322,45.063,306.4257,503.367,956.2784,102.9878,117.5087,0.2613,0.0195,147799.8731,92652.3392,memory_stress,checkoutservice,2026-06-09 15:15:00,2026-06-09 15:30:00,during_fault,197.39369,1
2026-06-09 15:20:20,620,EXP_FAULT_03,RUN_03,memory_stress,1,checkoutservice,checkout-f03-01,online-boutique,node-b,0.44,69.8168,0,123.6581,0.002017,118.4502,39.3681,257.0678,417.7228,734.1913,108.6609,123.4087,0.2408,0.0086,141856.9701,102531.1358,memory_stress,checkoutservice,2026-06-09 15:15:00,2026-06-09 15:30:00,during_fault,161.87303,1
2026-06-09 15:20:25,625,EXP_FAULT_03,RUN_03,memory_stress,1,checkoutservice,checkout-f03-01,online-boutique,node-b,0.4148,69.3401,0,120.0894,0.00199,120.5873,43.9194,269.2738,435.6054,718.4035,106.016,119.8504,0.2373,0.0017,136743.854,97813.9907,memory_stress,checkoutservice,2026-06-09 15:15:00,2026-06-09 15:30:00,during_fault,158.309,1
2026-06-09 15:20:30,630,EXP_FAULT_03,RUN_03,memory_stress,1,checkoutservice,checkout-f03-01,online-boutique,node-b,0.4324,66.6192,0,118.738,0.001542,114.6535,40.2818,249.5549,392.2729,761.6505,105.3557,118.5549,0.1562,0.0269,144335.5931,118594.6322,memory_stress,checkoutservice,2026-06-09 15:15:00,2026-06-09 15:30:00,during_fault,139.26987,1
2026-06-09 15:20:35,635,EXP_FAULT_03,RUN_03,memory_stress,1,checkoutservice,checkout-f03-01,online-boutique,node-b,0.4166,64.6293,0,117.4427,0.002065,109.6236,43.4056,223.4451,387.8125,702.8548,104.7011,117.2003,0.2186,0.0239,125603.7944,81733.1041,memory_stress,checkoutservice,2026-06-09 15:15:00,2026-06-09 15:30:00,during_fault,115.604065,1
2026-06-09 15:20:40,640,EXP_FAULT_03,RUN_03,memory_stress,1,checkoutservice,checkout-f03-01,online-boutique,node-b,0.4284,63.2946,0,117.4131,0.001507,112.3192,41.2715,250.721,399.1637,747.7413,105.2279,117.2361,0.1397,0.0373,156272.5764,88106.5235,memory_stress,checkoutservice,2026-06-09 15:15:00,2026-06-09 15:30:00,during_fault,119.38719,1
2026-06-09 15:20:45,645,EXP_FAULT_03,RUN_03,memory_stress,1,checkoutservice,checkout-f03-01,online-boutique,node-b,0.4239,63.9925,0,118.5354,0.001722,108.1744,45.0735,239.7587,364.431,681.8762,106.656,118.3313,0.1942,0.0099,136286.7009,92165.1142,memory_stress,checkoutservice,2026-06-09 15:15:00,2026-06-09 15:30:00,during_fault,112.24618,1
2026-06-09 15:20:50,650,EXP_FAULT_03,RUN_03,memory_stress,1,checkoutservice,checkout-f03-01,online-boutique,node-b,0.4534,62.9123,0,113.6875,0.001762,102.3358,43.0155,217.535,348.2173,601.9722,102.7621,113.4872,0.1912,0.0091,149719.6562,90264.5162,memory_stress,checkoutservice,2026-06-09 15:15:00,2026-06-09 15:30:00,during_fault,107.33441,1
2026-06-09 15:20:55,655,EXP_FAULT_03,RUN_03,memory_stress,1,checkoutservice,checkout-f03-01,online-boutique,node-b,0.4096,61.027,0,113.9335,0.002696,102.6416,41.1623,207.9394,301.2632,623.3286,103.3752,113.6264,0.2902,0.0169,139050.3162,106323.0276,memory_stress,checkoutservice,2026-06-09 15:15:00,2026-06-09 15:30:00,during_fault,87.8892,1
2026-06-09 15:21:00,660,EXP_FAULT_03,RUN_03,memory_stress,1,checkoutservice,checkout-f03-01,online-boutique,node-b,0.4462,59.2511,0,114.934,0.00256,106.2006,45.4278,220.2176,344.1307,642.1167,104.7067,114.6398,0.2653,0.0289,153632.7555,110011.9094,memory_stress,checkoutservice,2026-06-09 15:15:00,2026-06-09 15:30:00,during_fault,96.022736,1
2026-06-09 15:21:05,665,EXP_FAULT_03,RUN_03,memory_stress,1,checkoutservice,checkout-f03-01,online-boutique,node-b,0.4463,58.2183,0,113.8327,0.00108,91.5064,37.8034,191.0298,271.3039,480.8328,104.0885,113.7097,0.0884,0.0346,101188.9902,119527.4408,memory_stress,checkoutservice,2026-06-09 15:15:00,2026-06-09 15:30:00,during_fault,71.95002,1
2026-06-09 15:21:10,670,EXP_FAULT_03,RUN_03,memory_stress,1,checkoutservice,checkout-f03-01,online-boutique,node-b,0.4251,58.6285,0,112.4271,0.002033,96.972,39.6015,201.2255,277.298,548.8025,103.0709,112.1985,0.2011,0.0274,100807.1301,82363.1723,memory_stress,checkoutservice,2026-06-09 15:15:00,2026-06-09 15:30:00,during_fault,75.04335,1
2026-06-09 15:21:15,675,EXP_FAULT_03,RUN_03,memory_stress,1,checkoutservice,checkout-f03-01,online-boutique,node-b,0.4323,57.7156,0,113.7947,0.002311,96.9515,42.5236,202.9011,280.9287,571.7206,104.5641,113.5318,0.26,0.003,105976.7983,84511.6773,memory_stress,checkoutservice,2026-06-09 15:15:00,2026-06-09 15:30:00,during_fault,72.52913,1
2026-06-09 15:21:20,680,EXP_FAULT_03,RUN_03,memory_stress,1,checkoutservice,checkout-f03-01,online-boutique,node-b,0.4336,57.8015,0,113.4854,0.002312,91.8108,37.8829,190.0438,271.1951,450.1761,104.5138,113.223,0.2516,0.0108,121555.0629,123114.2716,memory_stress,checkoutservice,2026-06-09 15:15:00,2026-06-09 15:30:00,during_fault,65.52159,1
2026-06-09 15:21:25,685,EXP_FAULT_03,RUN_03,memory_stress,1,checkoutservice,checkout-f03-01,online-boutique,node-b,0.4198,58.17,0,113.0568,0.001804,86.9146,39.0547,173.1715,268.545,453.9362,104.2664,112.8529,0.1727,0.0313,141619.4386,86709.6707,memory_stress,checkoutservice,2026-06-09 15:15:00,2026-06-09 15:30:00,during_fault,59.384052,1
2026-06-09 15:21:30,690,EXP_FAULT_03,RUN_03,memory_stress,1,checkoutservice,checkout-f03-01,online-boutique,node-b,0.4258,57.2408,0,113.0444,0.000809,102.6341,46.1944,194.2313,310.6421,552.455,104.3744,112.953,0.0646,0.0268,111501.6988,116612.9308,memory_stress,checkoutservice,2026-06-09 15:15:00,2026-06-09 15:30:00,during_fault,82.02767,1
2026-06-09 15:21:35,695,EXP_FAULT_03,RUN_03,memory_stress,1,checkoutservice,checkout-f03-01,online-boutique,node-b,0.4357,57.3876,0,114.0634,0.001448,93.399,42.1642,174.2236,287.4388,527.5533,105.3278,113.8982,0.1543,0.0109,111491.0437,90488.3709,memory_stress,checkoutservice,2026-06-09 15:15:00,2026-06-09 15:30:00,during_fault,68.09975,1
2026-06-09 15:21:40,700,EXP_FAULT_03,RUN_03,memory_stress,1,checkoutservice,checkout-f03-01,online-boutique,node-b,0.4642,56.9884,0,117.2096,0.001612,97.5386,40.0624,195.9622,310.3729,559.7781,108.1888,117.0206,0.1805,0.0084,147206.5664,86048.824,memory_stress,checkoutservice,2026-06-09 15:15:00,2026-06-09 15:30:00,during_fault,77.226,1
2026-06-09 15:21:45,705,EXP_FAULT_03,RUN_03,memory_stress,1,checkoutservice,checkout-f03-01,online-boutique,node-b,0.4218,57.4516,0,118.4813,0.001528,92.7113,41.7802,197.2231,272.8388,467.361,109.2498,118.3002,0.1425,0.0385,141198.8263,104713.3932,memory_stress,checkoutservice,2026-06-09 15:15:00,2026-06-09 15:30:00,during_fault,62.95511,1
2026-06-09 15:21:50,710,EXP_FAULT_03,RUN_03,memory_stress,1,checkoutservice,checkout-f03-01,online-boutique,node-b,0.4084,56.8817,0,116.5311,0.001503,83.6574,35.9827,156.3791,250.7414,442.5239,107.3201,116.3559,0.1745,0.0006,104560.9216,89464.7458,memory_stress,checkoutservice,2026-06-09 15:15:00,2026-06-09 15:30:00,during_fault,49.137913,1
2026-06-09 15:21:55,715,EXP_FAULT_03,RUN_03,memory_stress,1,checkoutservice,checkout-f03-01,online-boutique,node-b,0.408,58.6512,0,116.5233,0.000935,91.1479,41.5561,180.6504,260.51,480.4186,107.1485,116.4143,0.082,0.027,121059.5541,84422.5392,memory_stress,checkoutservice,2026-06-09 15:15:00,2026-06-09 15:30:00,during_fault,64.5215,1
2026-06-09 15:22:00,720,EXP_FAULT_03,RUN_03,memory_stress,1,checkoutservice,checkout-f03-01,online-boutique,node-b,0.449,59.0305,0,118.6398,0.00227,102.7524,46.4364,194.1308,318.2793,517.7461,108.7757,118.3705,0.2283,0.041,105182.2878,115088.3922,memory_stress,checkoutservice,2026-06-09 15:15:00,2026-06-09 15:30:00,during_fault,88.00928,1
2026-06-09 15:22:05,725,EXP_FAULT_03,RUN_03,memory_stress,1,checkoutservice,checkout-f03-01,online-boutique,node-b,0.437,60.1114,0,124.2021,0.001895,91.8291,37.991,193.6925,304.376,544.7197,113.5767,123.9667,0.2041,0.0313,123245.8009,115582.408,memory_stress,checkoutservice,2026-06-09 15:15:00,2026-06-09 15:30:00,during_fault,72.12492,1
2026-06-09 15:22:10,730,EXP_FAULT_03,RUN_03,memory_stress,1,checkoutservice,checkout-f03-01,online-boutique,node-b,0.4406,60.9054,0,117.8597,0.002615,95.6868,40.1092,178.1377,285.5647,555.0573,107.392,117.5515,0.2802,0.028,104962.1826,89374.3661,memory_stress,checkoutservice,2026-06-09 15:15:00,2026-06-09 15:30:00,during_fault,81.56886,1
2026-06-09 15:22:15,735,EXP_FAULT_03,RUN_03,memory_stress,1,checkoutservice,checkout-f03-01,online-boutique,node-b,0.454,61.5917,0,120.0824,0.001038,104.4754,42.3979,209.5876,330.7909,631.2013,109.0377,119.9578,0.1243,0.0003,122920.0272,120287.9223,memory_stress,checkoutservice,2026-06-09 15:15:00,2026-06-09 15:30:00,during_fault,103.90956,1
2026-06-09 15:22:20,740,EXP_FAULT_03,RUN_03,memory_stress,1,checkoutservice,checkout-f03-01,online-boutique,node-b,0.4228,61.9605,0,122.7315,0.00189,103.2284,41.2461,195.8966,341.0189,621.4627,110.9822,122.4995,0.2204,0.0116,110334.5461,95545.825,memory_stress,checkoutservice,2026-06-09 15:15:00,2026-06-09 15:30:00,during_fault,92.801834,1
2026-06-09 15:22:25,745,EXP_FAULT_03,RUN_03,memory_stress,1,checkoutservice,checkout-f03-01,online-boutique,node-b,0.4701,63.6082,0,123.9457,0.002456,109.6606,44.3874,217.5977,379.4597,686.2487,111.5613,123.6412,0.2772,0.0273,169842.6775,125241.4171,memory_stress,checkoutservice,2026-06-09 15:15:00,2026-06-09 15:30:00,during_fault,120.86665,1
2026-06-09 15:22:30,750,EXP_FAULT_03,RUN_03,memory_stress,1,checkoutservice,checkout-f03-01,online-boutique,node-b,0.4358,65.3152,0,115.4125,0.001537,105.9766,42.2142,233.7626,361.0591,707.0139,103.4523,115.2351,0.1661,0.0113,114133.6319,101350.3182,memory_stress,checkoutservice,2026-06-09 15:15:00,2026-06-09 15:30:00,during_fault,119.83832,1
2026-06-09 15:22:35,755,EXP_FAULT_03,RUN_03,memory_stress,1,checkoutservice,checkout-f03-01,online-boutique,node-b,0.4327,66.4015,0,126.9488,0.002889,118.7452,41.102,257.6209,398.0166,794.2576,113.2102,126.582,0.347,0.0198,142683.1278,102894.1735,memory_stress,checkoutservice,2026-06-09 15:15:00,2026-06-09 15:30:00,during_fault,139.53976,1
2026-06-09 15:22:40,760,EXP_FAULT_03,RUN_03,memory_stress,1,checkoutservice,checkout-f03-01,online-boutique,node-b,0.43,66.8523,0,126.732,0.002198,115.9321,39.0593,251.9637,422.8209,742.7053,112.4048,126.4535,0.2403,0.0382,122872.7017,132824.0533,memory_stress,checkoutservice,2026-06-09 15:15:00,2026-06-09 15:30:00,during_fault,136.47163,1
2026-06-09 15:22:45,765,EXP_FAULT_03,RUN_03,memory_stress,1,checkoutservice,checkout-f03-01,online-boutique,node-b,0.4349,68.4792,0,124.1038,0.001319,118.8335,41.0185,267.5878,398.1278,721.3602,109.5842,123.9401,0.1475,0.0162,126443.887,90916.5779,memory_stress,checkoutservice,2026-06-09 15:15:00,2026-06-09 15:30:00,during_fault,155.74385,1
2026-06-09 15:22:50,770,EXP_FAULT_03,RUN_03,memory_stress,1,checkoutservice,checkout-f03-01,online-boutique,node-b,0.4419,70.1603,0,126.2243,0.001716,122.5233,42.9367,267.6253,428.0791,876.9174,110.9553,126.0077,0.1894,0.0272,137829.0331,128149.6404,memory_stress,checkoutservice,2026-06-09 15:15:00,2026-06-09 15:30:00,during_fault,172.37305,1
2026-06-09 15:22:55,775,EXP_FAULT_03,RUN_03,memory_stress,1,checkoutservice,checkout-f03-01,online-boutique,node-b,0.4271,70.7274,0,127.8118,0.002262,127.6755,42.0813,293.4668,449.1298,842.9622,111.7221,127.5226,0.2489,0.0402,173873.4483,133638.2518,memory_stress,checkoutservice,2026-06-09 15:15:00,2026-06-09 15:30:00,during_fault,180.21524,1
2026-06-09 15:23:00,780,EXP_FAULT_03,RUN_03,memory_stress,1,checkoutservice,checkout-f03-01,online-boutique,node-b,0.4149,73.1705,0,129.8121,0.002028,132.647,46.5512,300.9618,482.1541,895.6404,113.0471,129.5487,0.2512,0.0121,158753.7027,120639.6507,memory_stress,checkoutservice,2026-06-09 15:15:00,2026-06-09 15:30:00,during_fault,201.42119,1
2026-06-09 15:23:05,785,EXP_FAULT_03,RUN_03,memory_stress,1,checkoutservice,checkout-f03-01,online-boutique,node-b,0.4467,72.8431,0,127.6237,0.002718,135.0039,45.8484,292.893,461.5818,895.1159,110.6441,127.2767,0.3222,0.0247,180005.2104,108863.6211,memory_stress,checkoutservice,2026-06-09 15:15:00,2026-06-09 15:30:00,during_fault,215.30644,1
2026-06-09 15:23:10,790,EXP_FAULT_03,RUN_03,memory_stress,1,checkoutservice,checkout-f03-01,online-boutique,node-b,0.4271,74.3867,0,129.7484,0.002353,122.1291,39.6173,273.2837,472.3687,908.6971,112.0441,129.4431,0.3035,0.0018,119942.1722,118714.4537,memory_stress,checkoutservice,2026-06-09 15:15:00,2026-06-09 15:30:00,during_fault,187.996,1
2026-06-09 15:23:15,795,EXP_FAULT_03,RUN_03,memory_stress,1,checkoutservice,checkout-f03-01,online-boutique,node-b,0.4407,74.83,0,126.7855,0.002353,125.7945,37.8521,270.1353,449.0734,858.5561,109.019,126.4871,0.2734,0.025,115295.1153,98014.8339,memory_stress,checkoutservice,2026-06-09 15:15:00,2026-06-09 15:30:00,during_fault,204.8333,1
2026-06-09 15:23:20,800,EXP_FAULT_03,RUN_03,memory_stress,1,checkoutservice,checkout-f03-01,online-boutique,node-b,0.4406,76.2806,0,131.5554,0.002137,134.1727,45.4811,299.9528,510.2387,900.6741,112.8094,131.2742,0.2515,0.0296,139248.5367,121553.1594,memory_stress,checkoutservice,2026-06-09 15:15:00,2026-06-09 15:30:00,during_fault,231.27486,1
2026-06-09 15:23:25,805,EXP_FAULT_03,RUN_03,memory_stress,1,checkoutservice,checkout-f03-01,online-boutique,node-b,0.4254,77.6514,0,133.1967,0.002566,147.3815,49.554,335.1986,536.8842,1069.4975,113.8554,132.8549,0.3161,0.0257,158587.7407,114903.4912,memory_stress,checkoutservice,2026-06-09 15:15:00,2026-06-09 15:30:00,during_fault,268.32047,1
2026-06-09 15:23:30,810,EXP_FAULT_03,RUN_03,memory_stress,1,checkoutservice,checkout-f03-01,online-boutique,node-b,0.4331,78.1512,0,131.4791,0.001942,144.1355,43.8624,332.2541,575.3751,1022.9303,112.1471,131.2238,0.2342,0.0211,122204.7893,142351.3954,memory_stress,checkoutservice,2026-06-09 15:15:00,2026-06-09 15:30:00,during_fault,267.85855,1
2026-06-09 15:23:35,815,EXP_FAULT_03,RUN_03,memory_stress,1,checkoutservice,checkout-f03-01,online-boutique,node-b,0.4316,78.9632,0,129.0362,0.001511,149.2688,42.931,330.3632,569.328,1038.3513,109.9019,128.8413,0.1757,0.0192,180667.9424,110764.644,memory_stress,checkoutservice,2026-06-09 15:15:00,2026-06-09 15:30:00,during_fault,291.0838,1
2026-06-09 15:23:40,820,EXP_FAULT_03,RUN_03,memory_stress,1,checkoutservice,checkout-f03-01,online-boutique,node-b,0.4436,78.8611,0,130.2231,0.002115,152.2683,46.5588,323.5239,608.6464,1067.1399,110.7882,129.9477,0.2465,0.0289,134597.105,114267.6834,memory_stress,checkoutservice,2026-06-09 15:15:00,2026-06-09 15:30:00,during_fault,301.40793,1
2026-06-09 15:23:45,825,EXP_FAULT_03,RUN_03,memory_stress,1,checkoutservice,checkout-f03-01,online-boutique,node-b,0.4373,78.9735,0,128.293,0.001707,129.8963,38.2996,272.9579,512.2771,1030.1846,109.0718,128.074,0.2159,0.0031,155388.7642,137225.9144,memory_stress,checkoutservice,2026-06-09 15:15:00,2026-06-09 15:30:00,during_fault,243.85019,1
2026-06-09 15:23:50,830,EXP_FAULT_03,RUN_03,memory_stress,1,checkoutservice,checkout-f03-01,online-boutique,node-b,0.4402,78.6287,0,129.266,0.001123,131.9736,40.6681,276.9858,515.7461,986.0417,109.9131,129.1209,0.1152,0.0299,152657.0152,107217.113,memory_stress,checkoutservice,2026-06-09 15:15:00,2026-06-09 15:30:00,during_fault,249.03467,1
2026-06-09 15:23:55,835,EXP_FAULT_03,RUN_03,memory_stress,1,checkoutservice,checkout-f03-01,online-boutique,node-b,0.4255,77.5934,0,130.2945,0.002002,147.9437,43.1449,340.3462,554.3578,996.6189,110.8101,130.0336,0.2358,0.0251,156646.8916,122504.2998,memory_stress,checkoutservice,2026-06-09 15:15:00,2026-06-09 15:30:00,during_fault,273.49283,1
2026-06-09 15:24:00,840,EXP_FAULT_03,RUN_03,memory_stress,1,checkoutservice,checkout-f03-01,online-boutique,node-b,0.4121,78.8812,0,125.7201,0.002274,129.74,40.1866,304.9335,515.5499,939.3624,107.0413,125.4342,0.2664,0.0195,137750.5251,94830.0872,memory_stress,checkoutservice,2026-06-09 15:15:00,2026-06-09 15:30:00,during_fault,231.7106,1
2026-06-09 15:24:05,845,EXP_FAULT_03,RUN_03,memory_stress,1,checkoutservice,checkout-f03-01,online-boutique,node-b,0.4434,78.2632,0,125.3362,0.002421,147.4181,49.0916,304.4387,552.7716,1120.3131,106.9536,125.0327,0.2872,0.0163,132619.3293,114309.5273,memory_stress,checkoutservice,2026-06-09 15:15:00,2026-06-09 15:30:00,during_fault,284.93033,1
2026-06-09 15:24:10,850,EXP_FAULT_03,RUN_03,memory_stress,1,checkoutservice,checkout-f03-01,online-boutique,node-b,0.4377,75.9751,0,124.3701,0.002496,137.5573,39.9811,305.933,496.1897,899.8428,106.3342,124.0596,0.3064,0.004,169631.3258,104114.1234,memory_stress,checkoutservice,2026-06-09 15:15:00,2026-06-09 15:30:00,during_fault,240.36243,1
2026-06-09 15:24:15,855,EXP_FAULT_03,RUN_03,memory_stress,1,checkoutservice,checkout-f03-01,online-boutique,node-b,0.4255,74.8134,0,123.2313,0.002867,143.541,42.1824,294.7702,510.5032,1061.4909,105.6602,122.878,0.3311,0.0222,165430.8872,118407.6637,memory_stress,checkoutservice,2026-06-09 15:15:00,2026-06-09 15:30:00,during_fault,246.69589,1
2026-06-09 15:24:20,860,EXP_FAULT_03,RUN_03,memory_stress,1,checkoutservice,checkout-f03-01,online-boutique,node-b,0.45,73.8266,0,124.7741,0.002477,131.4973,44.2155,272.9189,461.0427,974.5207,107.3464,124.465,0.3083,0.0008,141661.2682,139924.9587,memory_stress,checkoutservice,2026-06-09 15:15:00,2026-06-09 15:30:00,during_fault,215.60323,1
2026-06-09 15:24:25,865,EXP_FAULT_03,RUN_03,memory_stress,1,checkoutservice,checkout-f03-01,online-boutique,node-b,0.4399,73.0589,0,127.0187,0.002556,134.4025,41.2067,287.3505,486.5074,971.2721,109.6923,126.694,0.3219,0.0027,159708.7609,91006.0305,memory_stress,checkoutservice,2026-06-09 15:15:00,2026-06-09 15:30:00,during_fault,213.5123,1
2026-06-09 15:24:30,870,EXP_FAULT_03,RUN_03,memory_stress,1,checkoutservice,checkout-f03-01,online-boutique,node-b,0.4316,74.1583,0,125.881,0.001894,136.1385,47.0363,301.3391,474.4729,883.8111,109.1558,125.6425,0.237,0.0015,120159.357,105010.232,memory_stress,checkoutservice,2026-06-09 15:15:00,2026-06-09 15:30:00,during_fault,224.37549,1
2026-06-09 15:24:35,875,EXP_FAULT_03,RUN_03,memory_stress,1,checkoutservice,checkout-f03-01,online-boutique,node-b,0.4327,71.6695,0,125.9467,0.001465,128.8769,46.1359,276.2311,462.1957,795.3561,109.6711,125.7621,0.1426,0.042,113289.8676,103468.8423,memory_stress,checkoutservice,2026-06-09 15:15:00,2026-06-09 15:30:00,during_fault,193.31493,1
2026-06-09 15:24:40,880,EXP_FAULT_03,RUN_03,memory_stress,1,checkoutservice,checkout-f03-01,online-boutique,node-b,0.4305,70.3937,0,125.3316,0.002008,129.2965,42.9598,298.3366,458.512,809.5686,109.6387,125.0799,0.2266,0.0251,134661.802,133589.6378,memory_stress,checkoutservice,2026-06-09 15:15:00,2026-06-09 15:30:00,during_fault,185.65678,1
2026-06-09 15:24:45,885,EXP_FAULT_03,RUN_03,memory_stress,1,checkoutservice,checkout-f03-01,online-boutique,node-b,0.4316,70.421,0,126.7021,0.001931,119.3163,44.2965,252.7177,405.8981,801.0596,111.3557,126.4574,0.2219,0.0228,171806.7914,106256.0217,memory_stress,checkoutservice,2026-06-09 15:15:00,2026-06-09 15:30:00,during_fault,163.03032,1
2026-06-09 15:24:50,890,EXP_FAULT_03,RUN_03,memory_stress,1,checkoutservice,checkout-f03-01,online-boutique,node-b,0.4469,68.1455,0,126.6203,0.001275,123.5515,42.1244,271.3374,398.9866,761.3374,111.8322,126.4589,0.1532,0.0082,139139.0919,110444.8332,memory_stress,checkoutservice,2026-06-09 15:15:00,2026-06-09 15:30:00,during_fault,166.4254,1
2026-06-09 15:24:55,895,EXP_FAULT_03,RUN_03,memory_stress,1,checkoutservice,checkout-f03-01,online-boutique,node-b,0.4382,65.9995,0,128.5001,0.002494,119.7006,44.7724,248.2479,416.7414,799.7497,114.0243,128.1796,0.2794,0.0411,146618.263,129056.2478,memory_stress,checkoutservice,2026-06-09 15:15:00,2026-06-09 15:30:00,during_fault,141.3147,1
2026-06-09 15:25:00,900,EXP_FAULT_03,RUN_03,memory_stress,1,checkoutservice,checkout-f03-01,online-boutique,node-b,0.4458,66.2917,0,127.5009,0.00225,114.7679,39.6131,227.4403,406.4896,746.6768,113.6952,127.2139,0.2667,0.0203,128615.1175,121926.2182,memory_stress,checkoutservice,2026-06-09 15:15:00,2026-06-09 15:30:00,during_fault,135.22101,1
2026-06-09 15:25:05,905,EXP_FAULT_03,RUN_03,memory_stress,1,checkoutservice,checkout-f03-01,online-boutique,node-b,0.4174,64.6692,0,126.1283,0.001409,102.3982,37.0634,223.148,335.6611,670.6213,113.044,125.9506,0.1697,0.0081,129739.1737,106174.9532,memory_stress,checkoutservice,2026-06-09 15:15:00,2026-06-09 15:30:00,during_fault,102.050026,1
2026-06-09 15:25:10,910,EXP_FAULT_03,RUN_03,memory_stress,1,checkoutservice,checkout-f03-01,online-boutique,node-b,0.426,62.8451,0,131.4489,0.000898,102.3723,40.9153,219.7225,333.2799,601.4514,118.3428,131.3308,0.1118,0.0063,131903.9644,140460.7822,memory_stress,checkoutservice,2026-06-09 15:15:00,2026-06-09 15:30:00,during_fault,94.94957,1
2026-06-09 15:25:15,915,EXP_FAULT_03,RUN_03,memory_stress,1,checkoutservice,checkout-f03-01,online-boutique,node-b,0.4157,63.2838,0,130.0745,0.00217,109.0037,43.5665,213.9891,369.8124,660.2102,117.5946,129.7923,0.2665,0.0158,172929.342,114682.8207,memory_stress,checkoutservice,2026-06-09 15:15:00,2026-06-09 15:30:00,during_fault,102.82992,1
2026-06-09 15:25:20,920,EXP_FAULT_03,RUN_03,memory_stress,1,checkoutservice,checkout-f03-01,online-boutique,node-b,0.4398,60.4002,0,130.6441,0.002113,101.7481,44.2015,208.2297,348.5431,552.7773,118.5845,130.368,0.2533,0.0227,129062.825,140402.7679,memory_stress,checkoutservice,2026-06-09 15:15:00,2026-06-09 15:30:00,during_fault,84.41998,1
2026-06-09 15:25:25,925,EXP_FAULT_03,RUN_03,memory_stress,1,checkoutservice,checkout-f03-01,online-boutique,node-b,0.4265,59.8726,0,135.4128,0.002872,88.678,36.0185,165.7231,298.8104,481.7986,123.3176,135.0239,0.345,0.0439,125739.1174,141448.8504,memory_stress,checkoutservice,2026-06-09 15:15:00,2026-06-09 15:30:00,during_fault,59.50338,1
2026-06-09 15:25:30,930,EXP_FAULT_03,RUN_03,memory_stress,1,checkoutservice,checkout-f03-01,online-boutique,node-b,0.4132,59.6248,0,129.8144,0.002843,101.0993,40.325,208.2938,305.9797,509.8259,118.6659,129.4453,0.3313,0.0378,157895.8593,113198.6599,memory_stress,checkoutservice,2026-06-09 15:15:00,2026-06-09 15:30:00,during_fault,74.88487,1
2026-06-09 15:25:35,935,EXP_FAULT_03,RUN_03,memory_stress,1,checkoutservice,checkout-f03-01,online-boutique,node-b,0.4385,59.5302,0,136.3449,0.002228,103.2323,42.8345,209.0656,309.7912,570.4667,125.0166,136.0411,0.2619,0.0418,182055.1254,119914.2179,memory_stress,checkoutservice,2026-06-09 15:15:00,2026-06-09 15:30:00,during_fault,81.09113,1
2026-06-09 15:25:40,940,EXP_FAULT_03,RUN_03,memory_stress,1,checkoutservice,checkout-f03-01,online-boutique,node-b,0.4468,58.8215,0,136.5986,0.001264,101.9471,46.7496,201.8441,314.9069,582.4298,125.609,136.4258,0.1703,0.0024,151505.8916,113212.3861,memory_stress,checkoutservice,2026-06-09 15:15:00,2026-06-09 15:30:00,during_fault,79.73126,1
2026-06-09 15:25:45,945,EXP_FAULT_03,RUN_03,memory_stress,1,checkoutservice,checkout-f03-01,online-boutique,node-b,0.4286,56.8902,0,132.3497,0.001657,93.3575,38.3737,198.375,275.5322,548.3464,121.8951,132.1304,0.1949,0.0245,139152.1385,100359.3893,memory_stress,checkoutservice,2026-06-09 15:15:00,2026-06-09 15:30:00,during_fault,58.337273,1
2026-06-09 15:25:50,950,EXP_FAULT_03,RUN_03,memory_stress,1,checkoutservice,checkout-f03-01,online-boutique,node-b,0.4666,58.6328,0,136.8446,0.001972,90.9036,40.4002,190.4348,254.972,509.5148,126.1538,136.5747,0.2324,0.0375,174807.6052,138218.2596,memory_stress,checkoutservice,2026-06-09 15:15:00,2026-06-09 15:30:00,during_fault,67.18126,1
2026-06-09 15:25:55,955,EXP_FAULT_03,RUN_03,memory_stress,1,checkoutservice,checkout-f03-01,online-boutique,node-b,0.4137,58.3397,0,132.3628,0.001642,86.2485,40.9019,171.503,238.8247,494.6185,122.1955,132.1454,0.1922,0.0251,120158.2295,93002.4216,memory_stress,checkoutservice,2026-06-09 15:15:00,2026-06-09 15:30:00,during_fault,52.84091,1
2026-06-09 15:26:00,960,EXP_FAULT_03,RUN_03,memory_stress,1,checkoutservice,checkout-f03-01,online-boutique,node-b,0.4246,58.0632,0,136.1616,0.002074,89.8203,36.7115,181.3789,257.3832,518.3082,125.6516,135.8792,0.2366,0.0459,125766.144,108498.7602,memory_stress,checkoutservice,2026-06-09 15:15:00,2026-06-09 15:30:00,during_fault,55.28296,1
2026-06-09 15:26:05,965,EXP_FAULT_03,RUN_03,memory_stress,1,checkoutservice,checkout-f03-01,online-boutique,node-b,0.4642,57.8945,0,137.8676,0.001862,102.8293,47.0348,211.6196,305.5873,516.2764,127.2808,137.6109,0.2173,0.0394,142777.9857,122506.4895,memory_stress,checkoutservice,2026-06-09 15:15:00,2026-06-09 15:30:00,during_fault,80.00429,1
2026-06-09 15:26:10,970,EXP_FAULT_03,RUN_03,memory_stress,1,checkoutservice,checkout-f03-01,online-boutique,node-b,0.4593,58.7448,1,132.6787,0.001427,92.4024,39.4983,189.3925,287.0033,472.7257,122.3823,132.4893,0.1643,0.025,170494.5447,137117.6892,memory_stress,checkoutservice,2026-06-09 15:15:00,2026-06-09 15:30:00,during_fault,70.44198,1
2026-06-09 15:26:15,975,EXP_FAULT_03,RUN_03,memory_stress,1,checkoutservice,checkout-f03-01,online-boutique,node-b,0.4376,58.3221,0,136.5518,0.002329,89.9834,37.7226,165.9522,292.3186,441.0217,125.7582,136.2338,0.2906,0.0274,187917.3093,146457.7806,memory_stress,checkoutservice,2026-06-09 15:15:00,2026-06-09 15:30:00,during_fault,58.1352,1
2026-06-09 15:26:20,980,EXP_FAULT_03,RUN_03,memory_stress,1,checkoutservice,checkout-f03-01,online-boutique,node-b,0.4387,58.1015,0,130.6116,0.001289,94.3343,41.6797,184.0366,289.3879,524.8092,120.0785,130.4432,0.1477,0.0207,133073.7277,104801.4149,memory_stress,checkoutservice,2026-06-09 15:15:00,2026-06-09 15:30:00,during_fault,66.84562,1
2026-06-09 15:26:25,985,EXP_FAULT_03,RUN_03,memory_stress,1,checkoutservice,checkout-f03-01,online-boutique,node-b,0.4469,59.304,0,131.1438,0.002058,97.8654,44.2457,189.5058,286.5835,498.3917,120.1982,130.8739,0.2656,0.0042,118600.5532,118906.9495,memory_stress,checkoutservice,2026-06-09 15:15:00,2026-06-09 15:30:00,during_fault,75.903305,1
2026-06-09 15:26:30,990,EXP_FAULT_03,RUN_03,memory_stress,1,checkoutservice,checkout-f03-01,online-boutique,node-b,0.4357,60.4192,0,132.0228,0.001236,100.2798,42.4103,201.2859,301.6689,589.4244,120.7344,131.8597,0.1394,0.0238,117053.3005,95905.5875,memory_stress,checkoutservice,2026-06-09 15:15:00,2026-06-09 15:30:00,during_fault,82.71666,1
2026-06-09 15:26:35,995,EXP_FAULT_03,RUN_03,memory_stress,1,checkoutservice,checkout-f03-01,online-boutique,node-b,0.4388,60.8501,0,126.8351,0.000888,94.0795,37.2027,187.5482,308.5157,579.8424,115.6063,126.7224,0.0949,0.0178,140453.6284,122022.721,memory_stress,checkoutservice,2026-06-09 15:15:00,2026-06-09 15:30:00,during_fault,80.27797,1
2026-06-09 15:26:40,1000,EXP_FAULT_03,RUN_03,memory_stress,1,checkoutservice,checkout-f03-01,online-boutique,node-b,0.4523,61.4124,0,131.7847,0.002135,100.8908,37.7151,201.8069,336.2871,596.5624,119.6153,131.5033,0.2485,0.0329,176051.1985,96652.8203,memory_stress,checkoutservice,2026-06-09 15:15:00,2026-06-09 15:30:00,during_fault,89.39514,1
2026-06-09 15:26:45,1005,EXP_FAULT_03,RUN_03,memory_stress,1,checkoutservice,checkout-f03-01,online-boutique,node-b,0.4391,62.83,0,125.2991,0.002063,110.4172,40.8154,213.3947,346.398,609.9107,113.2771,125.0407,0.2297,0.0287,113003.5907,114654.7951,memory_stress,checkoutservice,2026-06-09 15:15:00,2026-06-09 15:30:00,during_fault,111.35396,1
2026-06-09 15:26:50,1010,EXP_FAULT_03,RUN_03,memory_stress,1,checkoutservice,checkout-f03-01,online-boutique,node-b,0.4421,64.2544,0,125.5019,0.001418,104.8859,41.7661,218.9421,359.8905,636.9033,112.9833,125.3239,0.1722,0.0058,124218.5988,93359.6707,memory_stress,checkoutservice,2026-06-09 15:15:00,2026-06-09 15:30:00,during_fault,110.35055,1
2026-06-09 15:26:55,1015,EXP_FAULT_03,RUN_03,memory_stress,1,checkoutservice,checkout-f03-01,online-boutique,node-b,0.4503,65.0923,0,127.5957,0.001673,108.6718,41.3032,219.0239,354.004,635.5959,114.3566,127.3822,0.2022,0.0113,151513.0313,104086.5288,memory_stress,checkoutservice,2026-06-09 15:15:00,2026-06-09 15:30:00,during_fault,121.05693,1
2026-06-09 15:27:00,1020,EXP_FAULT_03,RUN_03,memory_stress,1,checkoutservice,checkout-f03-01,online-boutique,node-b,0.4374,64.7986,0,127.517,0.001411,115.9977,41.9993,227.9404,404.4338,694.0127,113.7259,127.3371,0.1621,0.0179,169759.7436,139880.3149,memory_stress,checkoutservice,2026-06-09 15:15:00,2026-06-09 15:30:00,during_fault,130.65933,1
2026-06-09 15:27:05,1025,EXP_FAULT_03,RUN_03,memory_stress,1,checkoutservice,checkout-f03-01,online-boutique,node-b,0.4499,68.533,0,119.4464,0.002777,115.2183,45.1419,258.1252,401.8282,696.0308,106.0014,119.1147,0.3286,0.0031,145286.2747,94324.499,memory_stress,checkoutservice,2026-06-09 15:15:00,2026-06-09 15:30:00,during_fault,151.39113,1
2026-06-09 15:27:10,1030,EXP_FAULT_03,RUN_03,memory_stress,1,checkoutservice,checkout-f03-01,online-boutique,node-b,0.4275,69.2338,0,124.6745,0.001391,123.4769,40.5789,268.7758,412.585,767.119,110.127,124.5011,0.1436,0.0299,120164.3562,135955.4794,memory_stress,checkoutservice,2026-06-09 15:15:00,2026-06-09 15:30:00,during_fault,166.94702,1
2026-06-09 15:27:15,1035,EXP_FAULT_03,RUN_03,memory_stress,1,checkoutservice,checkout-f03-01,online-boutique,node-b,0.4354,71.1389,0,120.6262,0.000858,121.6695,40.0409,260.38,432.8663,858.0565,106.0502,120.5227,0.1028,0.0007,158020.1338,130101.5575,memory_stress,checkoutservice,2026-06-09 15:15:00,2026-06-09 15:30:00,during_fault,180.40886,1
2026-06-09 15:27:20,1040,EXP_FAULT_03,RUN_03,memory_stress,1,checkoutservice,checkout-f03-01,online-boutique,node-b,0.4216,69.6242,0,125.0822,0.002759,122.8713,42.0779,270.721,410.7573,837.5646,109.3908,124.737,0.3354,0.0097,132289.7175,119249.368,memory_stress,checkoutservice,2026-06-09 15:15:00,2026-06-09 15:30:00,during_fault,162.02151,1
2026-06-09 15:27:25,1045,EXP_FAULT_03,RUN_03,memory_stress,1,checkoutservice,checkout-f03-01,online-boutique,node-b,0.4491,72.3382,0,117.9921,0.002258,128.0121,43.6045,270.9026,441.2584,820.4951,102.6905,117.7256,0.2426,0.0238,141756.0441,96475.9827,memory_stress,checkoutservice,2026-06-09 15:15:00,2026-06-09 15:30:00,during_fault,202.92143,1
2026-06-09 15:27:30,1050,EXP_FAULT_03,RUN_03,memory_stress,1,checkoutservice,checkout-f03-01,online-boutique,node-b,0.4437,73.323,0,123.0682,0.002225,127.571,38.9942,287.269,480.0468,925.5097,106.7041,122.7944,0.2321,0.0418,163459.8968,119051.7479,memory_stress,checkoutservice,2026-06-09 15:15:00,2026-06-09 15:30:00,during_fault,202.91513,1
2026-06-09 15:27:35,1055,EXP_FAULT_03,RUN_03,memory_stress,1,checkoutservice,checkout-f03-01,online-boutique,node-b,0.4456,73.1194,0,117.9529,0.002079,125.5673,39.6841,275.8896,450.3306,920.6229,101.8066,117.7077,0.21,0.0352,165361.5326,129661.7719,memory_stress,checkoutservice,2026-06-09 15:15:00,2026-06-09 15:30:00,during_fault,201.47299,1
2026-06-09 15:27:40,1060,EXP_FAULT_03,RUN_03,memory_stress,1,checkoutservice,checkout-f03-01,online-boutique,node-b,0.4462,74.8052,0,116.949,0.002,133.197,42.574,282.2422,490.8866,971.9984,100.6058,116.7151,0.1994,0.0345,144926.3898,133398.0079,memory_stress,checkoutservice,2026-06-09 15:15:00,2026-06-09 15:30:00,during_fault,231.39536,1
2026-06-09 15:27:45,1065,EXP_FAULT_03,RUN_03,memory_stress,1,checkoutservice,checkout-f03-01,online-boutique,node-b,0.4232,76.8221,0,112.4123,0.003172,138.6543,42.805,308.4198,496.9763,1016.8932,96.3799,112.0557,0.3487,0.0079,123400.6225,83793.7901,memory_stress,checkoutservice,2026-06-09 15:15:00,2026-06-09 15:30:00,during_fault,249.58614,1
2026-06-09 15:27:50,1070,EXP_FAULT_03,RUN_03,memory_stress,1,checkoutservice,checkout-f03-01,online-boutique,node-b,0.4083,76.8912,0,120.0212,0.002125,144.6786,45.6269,342.9914,554.3769,1022.6741,102.6024,119.7661,0.241,0.0141,114882.5091,92657.0149,memory_stress,checkoutservice,2026-06-09 15:15:00,2026-06-09 15:30:00,during_fault,260.37726,1
2026-06-09 15:27:55,1075,EXP_FAULT_03,RUN_03,memory_stress,1,checkoutservice,checkout-f03-01,online-boutique,node-b,0.4257,77.2524,0,113.8044,0.001695,133.8252,44.1499,291.7627,484.9856,957.998,97.123,113.6115,0.191,0.0018,122018.4139,104928.2602,memory_stress,checkoutservice,2026-06-09 15:15:00,2026-06-09 15:30:00,during_fault,244.86661,1
2026-06-09 15:28:00,1080,EXP_FAULT_03,RUN_03,memory_stress,1,checkoutservice,checkout-f03-01,online-boutique,node-b,0.4429,75.2801,0,117.4236,0.00234,148.3691,43.9213,338.9936,598.5466,1129.1201,99.9412,117.1489,0.2471,0.0277,155479.1178,102887.7388,memory_stress,checkoutservice,2026-06-09 15:15:00,2026-06-09 15:30:00,during_fault,276.0392,1
2026-06-09 15:28:05,1085,EXP_FAULT_03,RUN_03,memory_stress,1,checkoutservice,checkout-f03-01,online-boutique,node-b,0.4237,77.9508,0,116.7323,0.001122,135.7942,43.2082,280.6844,515.2747,977.3956,99.3174,116.6014,0.1194,0.0115,133462.8407,128434.3044,memory_stress,checkoutservice,2026-06-09 15:15:00,2026-06-09 15:30:00,during_fault,254.30814,1
2026-06-09 15:28:10,1090,EXP_FAULT_03,RUN_03,memory_stress,1,checkoutservice,checkout-f03-01,online-boutique,node-b,0.4388,78.8661,0,115.9533,0.001963,133.8661,40.7883,276.1122,503.0349,997.2491,98.5712,115.7257,0.1933,0.0343,110665.8662,116706.7344,memory_stress,checkoutservice,2026-06-09 15:15:00,2026-06-09 15:30:00,during_fault,259.1646,1
2026-06-09 15:28:15,1095,EXP_FAULT_03,RUN_03,memory_stress,1,checkoutservice,checkout-f03-01,online-boutique,node-b,0.4288,77.629,0,113.576,0.002413,148.5359,44.6084,307.0939,560.1583,1173.3887,96.5744,113.3019,0.2412,0.0329,155321.0332,95053.8176,memory_stress,checkoutservice,2026-06-09 15:15:00,2026-06-09 15:30:00,during_fault,288.04688,1
2026-06-09 15:28:20,1100,EXP_FAULT_03,RUN_03,memory_stress,1,checkoutservice,checkout-f03-01,online-boutique,node-b,0.4396,77.5562,0,116.3416,0.003022,127.1394,36.4528,303.9261,453.5147,891.7805,98.9702,115.99,0.3478,0.0038,151530.6021,102858.5418,memory_stress,checkoutservice,2026-06-09 15:15:00,2026-06-09 15:30:00,during_fault,229.67986,1
2026-06-09 15:28:25,1105,EXP_FAULT_03,RUN_03,memory_stress,1,checkoutservice,checkout-f03-01,online-boutique,node-b,0.4539,76.7154,0,116.7025,0.0027,140.913,43.1961,300.5705,503.2547,1029.607,99.3904,116.3874,0.3142,0.0009,147426.3142,119284.0947,memory_stress,checkoutservice,2026-06-09 15:15:00,2026-06-09 15:30:00,during_fault,265.08136,1
2026-06-09 15:28:30,1110,EXP_FAULT_03,RUN_03,memory_stress,1,checkoutservice,checkout-f03-01,online-boutique,node-b,0.4159,76.8699,0,117.8348,0.002458,136.222,41.2128,288.8599,490.6013,1027.6994,100.5245,117.5452,0.256,0.0336,116998.2584,117604.8479,memory_stress,checkoutservice,2026-06-09 15:15:00,2026-06-09 15:30:00,during_fault,239.22466,1
2026-06-09 15:28:35,1115,EXP_FAULT_03,RUN_03,memory_stress,1,checkoutservice,checkout-f03-01,online-boutique,node-b,0.472,76.2526,0,116.7288,0.001776,134.9381,40.9397,278.9793,537.5563,957.4004,99.8209,116.5215,0.1804,0.0269,103587.4068,135362.5505,memory_stress,checkoutservice,2026-06-09 15:15:00,2026-06-09 15:30:00,during_fault,256.60864,1
2026-06-09 15:28:40,1120,EXP_FAULT_03,RUN_03,memory_stress,1,checkoutservice,checkout-f03-01,online-boutique,node-b,0.4132,76.7363,0,117.5655,0.002667,139.7528,43.6042,289.6946,539.6944,1034.6497,100.7821,117.2519,0.2895,0.0241,167911.8536,100304.7948,memory_stress,checkoutservice,2026-06-09 15:15:00,2026-06-09 15:30:00,during_fault,246.67957,1
2026-06-09 15:28:45,1125,EXP_FAULT_03,RUN_03,memory_stress,1,checkoutservice,checkout-f03-01,online-boutique,node-b,0.4306,75.3316,0,121.1839,0.002541,135.2536,42.8556,309.1124,524.6065,1029.1069,104.2426,120.876,0.2798,0.0281,104842.7887,96394.0843,memory_stress,checkoutservice,2026-06-09 15:15:00,2026-06-09 15:30:00,during_fault,229.75159,1
2026-06-09 15:28:50,1130,EXP_FAULT_03,RUN_03,memory_stress,1,checkoutservice,checkout-f03-01,online-boutique,node-b,0.4491,73.1703,0,116.5412,0.001761,125.4366,41.2638,274.7177,456.4071,947.7815,100.6174,116.336,0.1725,0.0327,146562.3514,110668.9454,memory_stress,checkoutservice,2026-06-09 15:15:00,2026-06-09 15:30:00,during_fault,204.84245,1
2026-06-09 15:28:55,1135,EXP_FAULT_03,RUN_03,memory_stress,1,checkoutservice,checkout-f03-01,online-boutique,node-b,0.4221,73.9215,0,113.3137,0.002854,128.6594,44.6152,266.5488,445.255,893.5494,98.1801,112.9903,0.2981,0.0253,112292.0726,101927.9911,memory_stress,checkoutservice,2026-06-09 15:15:00,2026-06-09 15:30:00,during_fault,205.73154,1
2026-06-09 15:29:00,1140,EXP_FAULT_03,RUN_03,memory_stress,1,checkoutservice,checkout-f03-01,online-boutique,node-b,0.4424,71.856,0,118.1183,0.002032,124.9747,41.3172,255.2787,458.889,796.3575,102.8337,117.8783,0.2067,0.0334,126360.6992,111857.9937,memory_stress,checkoutservice,2026-06-09 15:15:00,2026-06-09 15:30:00,during_fault,191.40326,1
2026-06-09 15:29:05,1145,EXP_FAULT_03,RUN_03,memory_stress,1,checkoutservice,checkout-f03-01,online-boutique,node-b,0.4194,72.5198,0,117.7863,0.002105,133.9785,48.6903,270.5515,493.9644,824.3967,102.9555,117.5384,0.2452,0.0027,148662.0315,110136.8674,memory_stress,checkoutservice,2026-06-09 15:15:00,2026-06-09 15:30:00,during_fault,210.14522,1
2026-06-09 15:29:10,1150,EXP_FAULT_03,RUN_03,memory_stress,1,checkoutservice,checkout-f03-01,online-boutique,node-b,0.4287,71.8677,0,119.4284,0.002746,124.1948,40.0938,262.1116,403.1871,831.5311,104.9341,119.1004,0.3128,0.0151,126468.5753,111362.6235,memory_stress,checkoutservice,2026-06-09 15:15:00,2026-06-09 15:30:00,during_fault,182.16426,1
2026-06-09 15:29:15,1155,EXP_FAULT_03,RUN_03,memory_stress,1,checkoutservice,checkout-f03-01,online-boutique,node-b,0.4261,70.101,0,116.3401,0.000969,117.0711,41.8515,265.8512,406.3986,814.8072,102.7673,116.2273,0.1018,0.0109,109324.1272,83668.3327,memory_stress,checkoutservice,2026-06-09 15:15:00,2026-06-09 15:30:00,during_fault,164.07646,1
2026-06-09 15:29:20,1160,EXP_FAULT_03,RUN_03,memory_stress,1,checkoutservice,checkout-f03-01,online-boutique,node-b,0.4381,66.885,0,115.5463,0.001961,108.7744,39.9677,224.7261,342.4578,738.3357,102.5483,115.3197,0.2109,0.0157,121689.6468,127474.0272,memory_stress,checkoutservice,2026-06-09 15:15:00,2026-06-09 15:30:00,during_fault,131.84114,1
2026-06-09 15:29:25,1165,EXP_FAULT_03,RUN_03,memory_stress,1,checkoutservice,checkout-f03-01,online-boutique,node-b,0.4414,65.7774,0,117.2997,0.002034,116.8053,46.334,240.7035,382.5717,757.2176,104.5752,117.0611,0.2329,0.0057,106083.6044,120328.5422,memory_stress,checkoutservice,2026-06-09 15:15:00,2026-06-09 15:30:00,during_fault,141.72252,1
2026-06-09 15:29:30,1170,EXP_FAULT_03,RUN_03,memory_stress,1,checkoutservice,checkout-f03-01,online-boutique,node-b,0.401,65.2519,0,114.9646,0.001918,104.5511,42.3832,226.0253,338.222,687.4208,103.0066,114.7441,0.2004,0.0201,131618.7193,116227.4877,memory_stress,checkoutservice,2026-06-09 15:15:00,2026-06-09 15:30:00,during_fault,107.16184,1
2026-06-09 15:29:35,1175,EXP_FAULT_03,RUN_03,memory_stress,1,checkoutservice,checkout-f03-01,online-boutique,node-b,0.4168,63.7284,0,110.684,0.001898,111.3059,42.1004,212.5063,357.6745,717.4567,99.6489,110.474,0.1769,0.0331,145711.3288,97777.6119,memory_stress,checkoutservice,2026-06-09 15:15:00,2026-06-09 15:30:00,during_fault,118.87514,1
2026-06-09 15:29:40,1180,EXP_FAULT_03,RUN_03,memory_stress,1,checkoutservice,checkout-f03-01,online-boutique,node-b,0.424,62.043,0,114.3124,0.001735,102.8905,42.2671,204.9454,353.0394,590.1356,103.3318,114.1141,0.1945,0.0039,142703.1642,94498.0685,memory_stress,checkoutservice,2026-06-09 15:15:00,2026-06-09 15:30:00,during_fault,96.77629,1
2026-06-09 15:29:45,1185,EXP_FAULT_03,RUN_03,memory_stress,1,checkoutservice,checkout-f03-01,online-boutique,node-b,0.4153,61.4417,0,115.2012,0.00167,91.4551,38.7514,182.1814,306.6593,563.2715,104.6123,115.0088,0.177,0.0154,148387.1131,125199.5624,memory_stress,checkoutservice,2026-06-09 15:15:00,2026-06-09 15:30:00,during_fault,76.27556,1
2026-06-09 15:29:50,1190,EXP_FAULT_03,RUN_03,memory_stress,1,checkoutservice,checkout-f03-01,online-boutique,node-b,0.4486,62.0917,0,112.1257,0.000751,94.2859,38.6165,184.9743,298.2441,516.796,102.211,112.0416,0.0794,0.0048,137436.7284,85139.9314,memory_stress,checkoutservice,2026-06-09 15:15:00,2026-06-09 15:30:00,during_fault,95.23187,1
2026-06-09 15:29:55,1195,EXP_FAULT_03,RUN_03,memory_stress,1,checkoutservice,checkout-f03-01,online-boutique,node-b,0.4082,60.0945,0,108.8597,0.001237,96.2832,40.0913,193.661,322.0733,532.885,99.5237,108.725,0.1292,0.0055,140944.968,82157.7811,memory_stress,checkoutservice,2026-06-09 15:15:00,2026-06-09 15:30:00,during_fault,78.728836,1
2026-06-09 15:30:00,1200,EXP_FAULT_03,RUN_03,memory_stress,1,checkoutservice,checkout-f03-01,online-boutique,node-b,0.4064,59.9859,0,107.85,0.001331,95.444,42.8343,176.2552,272.2924,523.4172,98.8171,107.7065,0.1315,0.012,110111.2491,96810.4203,memory_stress,checkoutservice,2026-06-09 15:15:00,2026-06-09 15:30:00,post_fault,76.921036,1
2026-06-09 15:30:05,1205,EXP_FAULT_03,RUN_03,memory_stress,1,checkoutservice,checkout-f03-01,online-boutique,node-b,0.4037,58.48,0,113.4951,0.001456,92.2312,38.2431,173.9356,273.0975,513.1517,104.058,113.3298,0.144,0.0212,102721.9032,81959.5814,memory_stress,checkoutservice,2026-06-09 15:15:00,2026-06-09 15:30:00,post_fault,64.2793,1
2026-06-09 15:30:10,1210,EXP_FAULT_03,RUN_03,memory_stress,1,checkoutservice,checkout-f03-01,online-boutique,node-b,0.4543,59.6553,0,109.7613,0.002633,93.8461,42.535,177.1361,283.5752,542.0979,100.7333,109.4723,0.2591,0.0299,100314.8504,76405.4277,memory_stress,checkoutservice,2026-06-09 15:15:00,2026-06-09 15:30:00,post_fault,80.425865,1
2026-06-09 15:30:15,1215,EXP_FAULT_03,RUN_03,memory_stress,1,checkoutservice,checkout-f03-01,online-boutique,node-b,0.4365,57.9848,0,108.5366,0.001759,89.864,36.2275,192.405,288.9134,509.1669,99.7801,108.3457,0.1887,0.0022,109721.624,88351.6446,memory_stress,checkoutservice,2026-06-09 15:15:00,2026-06-09 15:30:00,post_fault,67.20171,1
2026-06-09 15:30:20,1220,EXP_FAULT_03,RUN_03,memory_stress,1,checkoutservice,checkout-f03-01,online-boutique,node-b,0.4202,58.6683,0,108.1335,0.001395,92.9122,39.3774,197.0988,288.3301,510.001,99.5182,107.9826,0.1423,0.0086,94985.089,103426.6534,memory_stress,checkoutservice,2026-06-09 15:15:00,2026-06-09 15:30:00,post_fault,71.14444,1
2026-06-09 15:30:25,1225,EXP_FAULT_03,RUN_03,memory_stress,1,checkoutservice,checkout-f03-01,online-boutique,node-b,0.4477,58.8925,0,107.57,0.001877,89.6225,40.0841,175.9655,257.1731,499.5626,99.1074,107.3681,0.1976,0.0043,130815.9129,99080.9244,memory_stress,checkoutservice,2026-06-09 15:15:00,2026-06-09 15:30:00,post_fault,73.102066,1
2026-06-09 15:30:30,1230,EXP_FAULT_03,RUN_03,memory_stress,1,checkoutservice,checkout-f03-01,online-boutique,node-b,0.4234,58.6304,0,108.1631,0.001398,89.7084,41.4786,189.4068,281.7517,451.756,99.789,108.0119,0.1233,0.0279,134722.6282,98632.8052,memory_stress,checkoutservice,2026-06-09 15:15:00,2026-06-09 15:30:00,post_fault,67.63443,1
2026-06-09 15:30:35,1235,EXP_FAULT_03,RUN_03,memory_stress,1,checkoutservice,checkout-f03-01,online-boutique,node-b,0.4253,57.8134,0,102.7024,0.00231,85.6883,37.1861,169.8829,261.9479,482.0058,94.8097,102.4652,0.2332,0.004,93504.6094,107370.3049,memory_stress,checkoutservice,2026-06-09 15:15:00,2026-06-09 15:30:00,post_fault,60.16933,1
2026-06-09 15:30:40,1240,EXP_FAULT_03,RUN_03,memory_stress,1,checkoutservice,checkout-f03-01,online-boutique,node-b,0.4431,57.9281,0,108.1397,0.001895,96.1078,40.308,190.9398,268.1092,468.5539,99.9193,107.9348,0.1873,0.0176,108556.4638,107609.8406,memory_stress,checkoutservice,2026-06-09 15:15:00,2026-06-09 15:30:00,post_fault,76.96536,1
2026-06-09 15:30:45,1245,EXP_FAULT_03,RUN_03,memory_stress,1,checkoutservice,checkout-f03-01,online-boutique,node-b,0.4303,57.2433,0,106.5655,0.001496,83.8561,38.577,156.7629,259.8016,419.1918,98.6272,106.4061,0.1276,0.0318,111938.3981,79606.8419,memory_stress,checkoutservice,2026-06-09 15:15:00,2026-06-09 15:30:00,post_fault,57.95658,1
2026-06-09 15:30:50,1250,EXP_FAULT_03,RUN_03,memory_stress,1,checkoutservice,checkout-f03-01,online-boutique,node-b,0.418,56.6906,0,110.5002,0.001658,87.3204,37.5201,158.0976,270.5651,474.4964,102.3646,110.317,0.1719,0.0113,136600.3312,86415.2286,memory_stress,checkoutservice,2026-06-09 15:15:00,2026-06-09 15:30:00,post_fault,55.451984,1
2026-06-09 15:30:55,1255,EXP_FAULT_03,RUN_03,memory_stress,1,checkoutservice,checkout-f03-01,online-boutique,node-b,0.4067,56.8185,0,110.4933,0.001337,82.0302,39.5874,162.3706,255.7336,414.0184,102.4967,110.3455,0.1121,0.0357,125893.4121,97044.0956,memory_stress,checkoutservice,2026-06-09 15:15:00,2026-06-09 15:30:00,post_fault,49.45937,1
2026-06-09 15:31:00,1260,EXP_FAULT_03,RUN_03,memory_stress,1,checkoutservice,checkout-f03-01,online-boutique,node-b,0.4165,55.9481,0,106.6264,0.001964,90.7658,38.784,173.0784,282.3406,507.3948,98.9971,106.4169,0.1825,0.027,105948.0397,114965.9967,memory_stress,checkoutservice,2026-06-09 15:15:00,2026-06-09 15:30:00,post_fault,58.25227,1
2026-06-09 15:31:05,1265,EXP_FAULT_03,RUN_03,memory_stress,1,checkoutservice,checkout-f03-01,online-boutique,node-b,0.468,55.9438,0,109.0536,0.001302,73.6615,34.4347,143.8383,211.4501,396.6678,101.3813,108.9115,0.1389,0.0031,103624.4062,99348.9107,memory_stress,checkoutservice,2026-06-09 15:15:00,2026-06-09 15:30:00,post_fault,54.207153,1
2026-06-09 15:31:10,1270,EXP_FAULT_03,RUN_03,memory_stress,1,checkoutservice,checkout-f03-01,online-boutique,node-b,0.4291,54.5196,0,108.8722,0.0011,91.6172,41.8536,185.1676,258.6044,426.3341,101.316,108.7525,0.1179,0.0018,123909.7319,80770.9175,memory_stress,checkoutservice,2026-06-09 15:15:00,2026-06-09 15:30:00,post_fault,57.999977,1
2026-06-09 15:31:15,1275,EXP_FAULT_03,RUN_03,memory_stress,1,checkoutservice,checkout-f03-01,online-boutique,node-b,0.4354,54.3264,0,111.2318,0.001844,87.5202,42.8003,176.2265,235.494,463.6009,103.5912,111.0267,0.1689,0.0362,128934.6686,92095.9797,memory_stress,checkoutservice,2026-06-09 15:15:00,2026-06-09 15:30:00,post_fault,51.096992,1
2026-06-09 15:31:20,1280,EXP_FAULT_03,RUN_03,memory_stress,1,checkoutservice,checkout-f03-01,online-boutique,node-b,0.4449,56.2024,0,108.0458,0.001553,90.7752,39.8491,185.3113,242.7072,432.8102,100.7542,107.878,0.165,0.0028,140706.6962,103611.0313,memory_stress,checkoutservice,2026-06-09 15:15:00,2026-06-09 15:30:00,post_fault,64.430374,1
2026-06-09 15:31:25,1285,EXP_FAULT_03,RUN_03,memory_stress,1,checkoutservice,checkout-f03-01,online-boutique,node-b,0.4597,55.0161,0,109.0099,0.001805,82.3837,40.3644,164.5864,227.8186,377.2184,101.7039,108.8131,0.1952,0.0016,147059.8476,83391.3659,memory_stress,checkoutservice,2026-06-09 15:15:00,2026-06-09 15:30:00,post_fault,52.90322,1
2026-06-09 15:31:30,1290,EXP_FAULT_03,RUN_03,memory_stress,1,checkoutservice,checkout-f03-01,online-boutique,node-b,0.4393,53.5817,0,111.7835,0.002047,78.5622,34.6128,144.3564,232.4827,408.5414,104.3887,111.5547,0.195,0.0338,131783.9347,110083.9157,memory_stress,checkoutservice,2026-06-09 15:15:00,2026-06-09 15:30:00,post_fault,39.457695,1
2026-06-09 15:31:35,1295,EXP_FAULT_03,RUN_03,memory_stress,1,checkoutservice,checkout-f03-01,online-boutique,node-b,0.431,55.196,0,111.5837,0.001248,76.9005,33.9546,148.6907,217.2725,411.3413,104.3558,111.4444,0.1059,0.0334,124189.7027,108684.4811,memory_stress,checkoutservice,2026-06-09 15:15:00,2026-06-09 15:30:00,post_fault,44.140682,1
2026-06-09 15:31:40,1300,EXP_FAULT_03,RUN_03,memory_stress,1,checkoutservice,checkout-f03-01,online-boutique,node-b,0.4353,54.5512,0,112.0102,0.001133,82.1784,39.7958,149.3413,243.4216,421.4935,104.854,111.8833,0.0947,0.0322,122268.199,92586.1428,memory_stress,checkoutservice,2026-06-09 15:15:00,2026-06-09 15:30:00,post_fault,46.79374,1
2026-06-09 15:31:45,1305,EXP_FAULT_03,RUN_03,memory_stress,1,checkoutservice,checkout-f03-01,online-boutique,node-b,0.4292,53.5535,0,114.2474,0.000993,76.3224,39.1461,154.6637,216.1906,392.7723,107.0548,114.1339,0.1093,0.0042,150030.4742,90870.7769,memory_stress,checkoutservice,2026-06-09 15:15:00,2026-06-09 15:30:00,post_fault,37.608463,1
2026-06-09 15:31:50,1310,EXP_FAULT_03,RUN_03,memory_stress,1,checkoutservice,checkout-f03-01,online-boutique,node-b,0.4318,53.0697,0,117.2114,0.001106,78.2767,39.7178,153.317,217.0065,376.4946,109.9118,117.0818,0.1207,0.0089,143851.7802,93220.8845,memory_stress,checkoutservice,2026-06-09 15:15:00,2026-06-09 15:30:00,post_fault,36.773376,1
2026-06-09 15:31:55,1315,EXP_FAULT_03,RUN_03,memory_stress,1,checkoutservice,checkout-f03-01,online-boutique,node-b,0.4426,54.6348,0,115.3075,0.001482,78.6698,39.8134,144.0878,218.8673,411.1512,108.2099,115.1366,0.1319,0.039,120412.6237,109199.9781,memory_stress,checkoutservice,2026-06-09 15:15:00,2026-06-09 15:30:00,post_fault,43.78136,1
2026-06-09 15:32:00,1320,EXP_FAULT_03,RUN_03,memory_stress,1,checkoutservice,checkout-f03-01,online-boutique,node-b,0.4251,53.4199,0,121.2929,0.001416,81.5585,40.5528,150.5016,233.2149,413.3127,113.9107,121.1211,0.1495,0.0223,126291.3906,89751.4276,memory_stress,checkoutservice,2026-06-09 15:15:00,2026-06-09 15:30:00,post_fault,37.918354,1
2026-06-09 15:32:05,1325,EXP_FAULT_03,RUN_03,memory_stress,1,checkoutservice,checkout-f03-01,online-boutique,node-b,0.3991,52.9614,0,117.1372,0.001956,85.1066,44.5092,152.1264,246.6175,372.4548,110.1146,116.908,0.2048,0.0244,109173.1079,112005.7284,memory_stress,checkoutservice,2026-06-09 15:15:00,2026-06-09 15:30:00,post_fault,37.784904,1
2026-06-09 15:32:10,1330,EXP_FAULT_03,RUN_03,memory_stress,1,checkoutservice,checkout-f03-01,online-boutique,node-b,0.4054,52.1716,0,117.3023,0.001872,80.2599,40.2266,143.9933,220.27,409.4815,110.3332,117.0828,0.1991,0.0205,104012.2164,80947.4842,memory_stress,checkoutservice,2026-06-09 15:15:00,2026-06-09 15:30:00,post_fault,31.368795,1
2026-06-09 15:32:15,1335,EXP_FAULT_03,RUN_03,memory_stress,1,checkoutservice,checkout-f03-01,online-boutique,node-b,0.4182,51.9858,0,117.0875,0.001922,81.4125,39.9575,160.6209,226.6845,360.4303,110.2172,116.8624,0.2071,0.018,107290.9817,92016.3341,memory_stress,checkoutservice,2026-06-09 15:15:00,2026-06-09 15:30:00,post_fault,33.755863,1
2026-06-09 15:32:20,1340,EXP_FAULT_03,RUN_03,memory_stress,1,checkoutservice,checkout-f03-01,online-boutique,node-b,0.4228,53.4485,0,122.2587,0.001581,71.2901,36.7345,143.5819,195.6552,348.8704,115.2267,122.0655,0.1698,0.0234,153761.6487,118228.7103,memory_stress,checkoutservice,2026-06-09 15:15:00,2026-06-09 15:30:00,post_fault,30.251928,1
2026-06-09 15:32:25,1345,EXP_FAULT_03,RUN_03,memory_stress,1,checkoutservice,checkout-f03-01,online-boutique,node-b,0.4327,50.902,0,121.6001,0.00165,75.1631,38.023,136.5366,215.2348,334.4301,114.7048,121.3995,0.1676,0.0331,125923.5422,109876.2642,memory_stress,checkoutservice,2026-06-09 15:15:00,2026-06-09 15:30:00,post_fault,26.648218,1
2026-06-09 15:32:30,1350,EXP_FAULT_03,RUN_03,memory_stress,1,checkoutservice,checkout-f03-01,online-boutique,node-b,0.428,51.8988,0,120.4258,0.001861,77.9224,38.3097,147.3059,222.2094,388.9903,113.6269,120.2016,0.2217,0.0024,124784.1749,90512.3552,memory_stress,checkoutservice,2026-06-09 15:15:00,2026-06-09 15:30:00,post_fault,30.634912,1
2026-06-09 15:32:35,1355,EXP_FAULT_03,RUN_03,memory_stress,1,checkoutservice,checkout-f03-01,online-boutique,node-b,0.4319,52.0985,0,120.1593,0.001737,79.8046,38.6338,154.1688,233.683,355.1995,113.4762,119.9506,0.1881,0.0206,150735.7499,111436.953,memory_stress,checkoutservice,2026-06-09 15:15:00,2026-06-09 15:30:00,post_fault,33.617054,1
2026-06-09 15:32:40,1360,EXP_FAULT_03,RUN_03,memory_stress,1,checkoutservice,checkout-f03-01,online-boutique,node-b,0.4382,51.2693,0,117.811,0.002288,78.1197,40.1255,151.3454,224.1942,368.5646,111.3731,117.5414,0.2436,0.026,151592.8231,109831.4034,memory_stress,checkoutservice,2026-06-09 15:15:00,2026-06-09 15:30:00,post_fault,30.862026,1
2026-06-09 15:32:45,1365,EXP_FAULT_03,RUN_03,memory_stress,1,checkoutservice,checkout-f03-01,online-boutique,node-b,0.4207,50.5608,0,117.9445,0.00119,71.2755,37.912,131.2247,195.3369,313.3798,111.6178,117.8042,0.1322,0.0081,116107.3258,82760.5551,memory_stress,checkoutservice,2026-06-09 15:15:00,2026-06-09 15:30:00,post_fault,23.307205,1
2026-06-09 15:32:50,1370,EXP_FAULT_03,RUN_03,memory_stress,1,checkoutservice,checkout-f03-01,online-boutique,node-b,0.4355,51.569,0,118.8752,0.001006,70.3316,38.0143,133.2516,186.9962,309.2452,112.5982,118.7555,0.0956,0.024,101712.4799,115669.0362,memory_stress,checkoutservice,2026-06-09 15:15:00,2026-06-09 15:30:00,post_fault,27.989643,1
2026-06-09 15:32:55,1375,EXP_FAULT_03,RUN_03,memory_stress,1,checkoutservice,checkout-f03-01,online-boutique,node-b,0.4188,50.958,0,119.686,0.001777,77.991,42.7546,139.1311,225.2118,352.1963,113.3559,119.4732,0.2029,0.0098,159401.417,118066.8094,memory_stress,checkoutservice,2026-06-09 15:15:00,2026-06-09 15:30:00,post_fault,27.703182,1
2026-06-09 15:33:00,1380,EXP_FAULT_03,RUN_03,memory_stress,1,checkoutservice,checkout-f03-01,online-boutique,node-b,0.4172,50.5089,0,115.8289,0.001377,78.0501,38.2547,133.6449,218.6792,371.8356,109.8313,115.6694,0.154,0.0055,118678.7464,109735.4123,memory_stress,checkoutservice,2026-06-09 15:15:00,2026-06-09 15:30:00,post_fault,27.985027,1
2026-06-09 15:33:05,1385,EXP_FAULT_03,RUN_03,memory_stress,1,checkoutservice,checkout-f03-01,online-boutique,node-b,0.4265,50.6253,0,120.5233,0.00152,66.1805,31.796,126.9736,180.3232,268.2356,114.3876,120.3402,0.1538,0.0293,160930.0155,111499.8658,memory_stress,checkoutservice,2026-06-09 15:15:00,2026-06-09 15:30:00,post_fault,20.91821,1
2026-06-09 15:33:10,1390,EXP_FAULT_03,RUN_03,memory_stress,1,checkoutservice,checkout-f03-01,online-boutique,node-b,0.4439,49.9816,0,117.1654,0.001947,73.1624,34.9916,140.106,197.704,337.5025,111.2881,116.9373,0.2088,0.0193,137760.4602,113427.8823,memory_stress,checkoutservice,2026-06-09 15:15:00,2026-06-09 15:30:00,post_fault,25.131207,1
2026-06-09 15:33:15,1395,EXP_FAULT_03,RUN_03,memory_stress,1,checkoutservice,checkout-f03-01,online-boutique,node-b,0.3972,51.7628,0,116.8372,0.001079,72.5009,37.7381,123.3991,188.6763,305.6749,111.0549,116.7112,0.0867,0.0393,149539.6754,84988.4008,memory_stress,checkoutservice,2026-06-09 15:15:00,2026-06-09 15:30:00,post_fault,24.661345,1
2026-06-09 15:33:20,1400,EXP_FAULT_03,RUN_03,memory_stress,1,checkoutservice,checkout-f03-01,online-boutique,node-b,0.4577,51.009,0,115.7172,0.001287,72.1661,39.7819,131.65,181.6032,323.5671,110.0695,115.5683,0.1306,0.0183,129962.5197,87712.2215,memory_stress,checkoutservice,2026-06-09 15:15:00,2026-06-09 15:30:00,post_fault,30.796803,1
2026-06-09 15:33:25,1405,EXP_FAULT_03,RUN_03,memory_stress,1,checkoutservice,checkout-f03-01,online-boutique,node-b,0.4145,49.6692,0,114.3181,0.00204,72.5178,36.5614,143.5854,197.5011,289.3449,108.7844,114.0848,0.2096,0.0237,101100.3151,97024.2385,memory_stress,checkoutservice,2026-06-09 15:15:00,2026-06-09 15:30:00,post_fault,20.989635,1
2026-06-09 15:33:30,1410,EXP_FAULT_03,RUN_03,memory_stress,1,checkoutservice,checkout-f03-01,online-boutique,node-b,0.4373,49.2496,0,113.1266,0.000579,73.7654,40.4798,129.8849,190.2279,349.6472,107.7819,113.0611,0.0607,0.0049,103530.4065,83683.2942,memory_stress,checkoutservice,2026-06-09 15:15:00,2026-06-09 15:30:00,post_fault,26.138966,1
2026-06-09 15:33:35,1415,EXP_FAULT_03,RUN_03,memory_stress,1,checkoutservice,checkout-f03-01,online-boutique,node-b,0.41,48.9411,0,114.2326,0.001872,67.8491,36.242,122.3459,185.2547,320.0043,108.8766,114.0187,0.2096,0.0043,121407.5271,89906.8932,memory_stress,checkoutservice,2026-06-09 15:15:00,2026-06-09 15:30:00,post_fault,16.255482,1
2026-06-09 15:33:40,1420,EXP_FAULT_03,RUN_03,memory_stress,1,checkoutservice,checkout-f03-01,online-boutique,node-b,0.4175,48.9952,0,114.9681,0.00094,69.8415,38.3033,124.381,172.3013,303.3323,109.6644,114.8601,0.0837,0.0243,129122.4062,122157.1781,memory_stress,checkoutservice,2026-06-09 15:15:00,2026-06-09 15:30:00,post_fault,19.466854,1
2026-06-09 15:33:45,1425,EXP_FAULT_03,RUN_03,memory_stress,1,checkoutservice,checkout-f03-01,online-boutique,node-b,0.4151,49.1791,0,115.5632,0.001979,70.5873,35.5883,125.9809,183.6989,307.9224,110.2714,115.3345,0.1972,0.0315,99142.3442,116360.6288,memory_stress,checkoutservice,2026-06-09 15:15:00,2026-06-09 15:30:00,post_fault,18.52593,1
2026-06-09 15:33:50,1430,EXP_FAULT_03,RUN_03,memory_stress,1,checkoutservice,checkout-f03-01,online-boutique,node-b,0.4244,48.4269,0,118.614,0.001255,71.5919,40.1922,135.1452,194.3871,285.9327,113.2607,118.4651,0.1323,0.0166,119742.1674,83331.6946,memory_stress,checkoutservice,2026-06-09 15:15:00,2026-06-09 15:30:00,post_fault,18.893429,1
2026-06-09 15:33:55,1435,EXP_FAULT_03,RUN_03,memory_stress,1,checkoutservice,checkout-f03-01,online-boutique,node-b,0.4563,48.2575,0,117.5344,0.000745,71.105,36.828,136.0927,183.4961,316.2106,112.3518,117.4469,0.0868,0.0007,137275.0564,101535.3887,memory_stress,checkoutservice,2026-06-09 15:15:00,2026-06-09 15:30:00,post_fault,23.07489,1
2026-06-09 15:34:00,1440,EXP_FAULT_03,RUN_03,memory_stress,1,checkoutservice,checkout-f03-01,online-boutique,node-b,0.4092,48.7094,0,117.5309,0.002302,68.5189,34.7212,117.8048,173.7394,280.6751,112.3396,117.2603,0.2491,0.0215,104840.5662,93020.5094,memory_stress,checkoutservice,2026-06-09 15:15:00,2026-06-09 15:30:00,post_fault,15.0959425,1
2026-06-09 15:34:05,1445,EXP_FAULT_03,RUN_03,memory_stress,1,checkoutservice,checkout-f03-01,online-boutique,node-b,0.4208,47.9375,0,119.8838,0.001115,69.3616,38.0847,132.4649,169.472,299.2193,114.7012,119.7502,0.1262,0.0074,106932.6987,92229.3583,memory_stress,checkoutservice,2026-06-09 15:15:00,2026-06-09 15:30:00,post_fault,16.188873,1
2026-06-09 15:34:10,1450,EXP_FAULT_03,RUN_03,memory_stress,1,checkoutservice,checkout-f03-01,online-boutique,node-b,0.4611,47.8413,0,123.1615,0.001984,70.3026,35.4053,127.8861,185.902,306.622,117.8738,122.9172,0.2096,0.0348,132256.8012,125691.3,memory_stress,checkoutservice,2026-06-09 15:15:00,2026-06-09 15:30:00,post_fault,19.44127,1
2026-06-09 15:34:15,1455,EXP_FAULT_03,RUN_03,memory_stress,1,checkoutservice,checkout-f03-01,online-boutique,node-b,0.4147,47.3466,0,119.9493,0.001444,73.8026,37.551,128.1601,181.6891,287.6254,114.904,119.7761,0.157,0.0162,152692.6147,83144.0428,memory_stress,checkoutservice,2026-06-09 15:15:00,2026-06-09 15:30:00,post_fault,17.689814,1
2026-06-09 15:34:20,1460,EXP_FAULT_03,RUN_03,memory_stress,1,checkoutservice,checkout-f03-01,online-boutique,node-b,0.4543,47.8933,0,122.2458,0.000989,66.7551,35.4853,112.6651,175.6832,283.0419,117.1892,122.1249,0.1143,0.0067,114835.8133,100373.8864,memory_stress,checkoutservice,2026-06-09 15:15:00,2026-06-09 15:30:00,post_fault,18.431278,1
2026-06-09 15:34:25,1465,EXP_FAULT_03,RUN_03,memory_stress,1,checkoutservice,checkout-f03-01,online-boutique,node-b,0.4326,48.0227,0,122.5634,0.002053,67.1105,39.9098,130.5068,177.4932,269.9625,117.4758,122.3117,0.2351,0.0166,112825.2905,113834.3768,memory_stress,checkoutservice,2026-06-09 15:15:00,2026-06-09 15:30:00,post_fault,14.803894,1
2026-06-09 15:34:30,1470,EXP_FAULT_03,RUN_03,memory_stress,1,checkoutservice,checkout-f03-01,online-boutique,node-b,0.4259,47.8019,0,123.1211,0.001062,61.8656,36.0872,106.2432,148.4538,276.6521,118.1768,122.9904,0.1054,0.0254,117838.3263,130934.1485,memory_stress,checkoutservice,2026-06-09 15:15:00,2026-06-09 15:30:00,post_fault,13.227549,1
2026-06-09 15:34:35,1475,EXP_FAULT_03,RUN_03,memory_stress,1,checkoutservice,checkout-f03-01,online-boutique,node-b,0.4403,46.8749,0,122.1151,0.00158,68.5352,35.6569,114.5207,174.3014,282.7307,117.2459,121.9221,0.1705,0.0224,154842.4309,96623.6801,memory_stress,checkoutservice,2026-06-09 15:15:00,2026-06-09 15:30:00,post_fault,14.843035,1
2026-06-09 15:34:40,1480,EXP_FAULT_03,RUN_03,memory_stress,1,checkoutservice,checkout-f03-01,online-boutique,node-b,0.4346,46.2205,0,124.6681,0.000789,71.6526,39.6031,130.8787,166.7459,301.1798,119.8012,124.5697,0.0871,0.0113,116560.1438,87236.2356,memory_stress,checkoutservice,2026-06-09 15:15:00,2026-06-09 15:30:00,post_fault,15.528624,1
2026-06-09 15:34:45,1485,EXP_FAULT_03,RUN_03,memory_stress,1,checkoutservice,checkout-f03-01,online-boutique,node-b,0.4271,47.2819,0,125.8839,0.002148,66.9432,39.6471,124.4657,173.5198,283.2141,120.96,125.6135,0.2533,0.0172,154218.0398,134601.9362,memory_stress,checkoutservice,2026-06-09 15:15:00,2026-06-09 15:30:00,post_fault,12.344254,1
2026-06-09 15:34:50,1490,EXP_FAULT_03,RUN_03,memory_stress,1,checkoutservice,checkout-f03-01,online-boutique,node-b,0.4588,46.0581,0,130.3836,0.000983,71.4752,37.9509,119.9526,192.4113,292.0397,125.4215,130.2555,0.1176,0.0105,123868.2735,119869.7156,memory_stress,checkoutservice,2026-06-09 15:15:00,2026-06-09 15:30:00,post_fault,16.261251,1
2026-06-09 15:34:55,1495,EXP_FAULT_03,RUN_03,memory_stress,1,checkoutservice,checkout-f03-01,online-boutique,node-b,0.4377,46.542,0,131.7284,0.00096,71.4756,38.0746,124.5465,177.461,292.1654,126.7832,131.6019,0.1212,0.0052,141275.1037,99605.5621,memory_stress,checkoutservice,2026-06-09 15:15:00,2026-06-09 15:30:00,post_fault,14.788467,1
2026-06-09 15:35:00,1500,EXP_FAULT_03,RUN_03,memory_stress,1,checkoutservice,checkout-f03-01,online-boutique,node-b,0.4532,47.152,0,130.1969,0.001742,62.7481,35.4823,114.2942,166.5493,254.1916,125.2871,129.9701,0.1872,0.0396,166514.3333,126925.3618,memory_stress,checkoutservice,2026-06-09 15:15:00,2026-06-09 15:30:00,post_fault,12.973874,1
2026-06-09 15:35:05,1505,EXP_FAULT_03,RUN_03,memory_stress,1,checkoutservice,checkout-f03-01,online-boutique,node-b,0.4304,47.268,0,124.5002,0.001695,62.2544,36.8232,112.2566,147.109,237.2728,119.8863,124.2892,0.1697,0.0413,112313.8987,99045.6299,memory_stress,checkoutservice,2026-06-09 15:15:00,2026-06-09 15:30:00,post_fault,11.356758,1
2026-06-09 15:35:10,1510,EXP_FAULT_03,RUN_03,memory_stress,1,checkoutservice,checkout-f03-01,online-boutique,node-b,0.4386,46.5283,0,126.2463,0.001154,66.6675,40.7895,124.0124,157.5029,239.0154,121.69,126.1006,0.1148,0.0309,161065.3321,107511.3227,memory_stress,checkoutservice,2026-06-09 15:15:00,2026-06-09 15:30:00,post_fault,12.803411,1
2026-06-09 15:35:15,1515,EXP_FAULT_03,RUN_03,memory_stress,1,checkoutservice,checkout-f03-01,online-boutique,node-b,0.4467,46.9602,0,131.3952,0.001609,60.3308,36.508,108.1375,139.9287,229.6559,126.7077,131.1837,0.1669,0.0445,166689.3454,108214.3471,memory_stress,checkoutservice,2026-06-09 15:15:00,2026-06-09 15:30:00,post_fault,11.414526,1
2026-06-09 15:35:20,1520,EXP_FAULT_03,RUN_03,memory_stress,1,checkoutservice,checkout-f03-01,online-boutique,node-b,0.4426,46.044,0,133.9983,0.001077,66.4516,40.2085,120.3376,156.6319,251.603,129.2712,133.854,0.0977,0.0466,173442.3251,116671.0137,memory_stress,checkoutservice,2026-06-09 15:15:00,2026-06-09 15:30:00,post_fault,11.223396,1
2026-06-09 15:35:25,1525,EXP_FAULT_03,RUN_03,memory_stress,1,checkoutservice,checkout-f03-01,online-boutique,node-b,0.4185,45.7815,0,133.3764,0.001871,65.8608,37.8427,118.4796,149.7702,248.2225,128.7368,133.1269,0.2172,0.0323,116128.8957,100162.4224,memory_stress,checkoutservice,2026-06-09 15:15:00,2026-06-09 15:30:00,post_fault,8.330038,1
2026-06-09 15:35:30,1530,EXP_FAULT_03,RUN_03,memory_stress,1,checkoutservice,checkout-f03-01,online-boutique,node-b,0.4409,45.2309,0,131.0059,0.001625,66.582,39.3846,122.0282,155.9383,274.2613,126.4887,130.793,0.2117,0.0012,156198.276,134288.939,memory_stress,checkoutservice,2026-06-09 15:15:00,2026-06-09 15:30:00,post_fault,9.891699,1
2026-06-09 15:35:35,1535,EXP_FAULT_03,RUN_03,memory_stress,1,checkoutservice,checkout-f03-01,online-boutique,node-b,0.4408,45.5054,0,129.8421,0.001924,66.1361,36.6216,113.5201,155.5912,251.9869,125.3805,129.5922,0.2329,0.017,138634.3894,93909.6447,memory_stress,checkoutservice,2026-06-09 15:15:00,2026-06-09 15:30:00,post_fault,10.018,1
2026-06-09 15:35:40,1540,EXP_FAULT_03,RUN_03,memory_stress,1,checkoutservice,checkout-f03-01,online-boutique,node-b,0.4293,46.0483,0,129.1249,0.001984,64.9545,37.0448,121.5409,156.1191,248.5251,124.792,128.8687,0.2326,0.0236,151380.0331,103678.2246,memory_stress,checkoutservice,2026-06-09 15:15:00,2026-06-09 15:30:00,post_fault,9.393028,1
2026-06-09 15:35:45,1545,EXP_FAULT_03,RUN_03,memory_stress,1,checkoutservice,checkout-f03-01,online-boutique,node-b,0.4216,45.8436,0,132.1116,0.002015,65.883,38.9906,123.7054,170.7759,239.3644,127.6818,131.8453,0.2252,0.0411,124363.0633,137869.6772,memory_stress,checkoutservice,2026-06-09 15:15:00,2026-06-09 15:30:00,post_fault,8.679537,1
2026-06-09 15:35:50,1550,EXP_FAULT_03,RUN_03,memory_stress,1,checkoutservice,checkout-f03-01,online-boutique,node-b,0.4379,45.1121,0,130.1648,0.00198,61.7146,38.7552,104.376,160.8278,214.9564,125.8734,129.9071,0.2393,0.0185,125720.779,122744.4357,memory_stress,checkoutservice,2026-06-09 15:15:00,2026-06-09 15:30:00,post_fault,7.3333063,1
2026-06-09 15:35:55,1555,EXP_FAULT_03,RUN_03,memory_stress,1,checkoutservice,checkout-f03-01,online-boutique,node-b,0.4328,45.1469,0,129.7746,0.001063,60.9054,37.2695,111.2851,146.3648,230.5338,125.6353,129.6366,0.1093,0.0287,119352.917,127259.0162,memory_stress,checkoutservice,2026-06-09 15:15:00,2026-06-09 15:30:00,post_fault,7.689129,1
2026-06-09 15:36:00,1560,EXP_FAULT_03,RUN_03,memory_stress,1,checkoutservice,checkout-f03-01,online-boutique,node-b,0.4359,44.9419,0,129.6836,0.000523,64.3675,37.39,112.3079,143.5979,226.5545,125.6122,129.6157,0.0512,0.0166,123694.2833,119800.2488,memory_stress,checkoutservice,2026-06-09 15:15:00,2026-06-09 15:30:00,post_fault,9.389901,1
2026-06-09 15:36:05,1565,EXP_FAULT_03,RUN_03,memory_stress,1,checkoutservice,checkout-f03-01,online-boutique,node-b,0.4347,44.74,0,127.8627,0.000723,63.9552,37.5807,110.5152,155.9147,229.732,123.897,127.7703,0.063,0.0294,120483.4169,106704.7823,memory_stress,checkoutservice,2026-06-09 15:15:00,2026-06-09 15:30:00,post_fault,8.663193,1
2026-06-09 15:36:10,1570,EXP_FAULT_03,RUN_03,memory_stress,1,checkoutservice,checkout-f03-01,online-boutique,node-b,0.4347,44.6563,0,125.8267,0.00155,60.8492,35.8195,111.476,143.9066,223.8083,121.9461,125.6316,0.1738,0.0212,140707.3048,118975.2752,memory_stress,checkoutservice,2026-06-09 15:15:00,2026-06-09 15:30:00,post_fault,6.972148,1
2026-06-09 15:36:15,1575,EXP_FAULT_03,RUN_03,memory_stress,1,checkoutservice,checkout-f03-01,online-boutique,node-b,0.4503,44.6719,0,127.2646,0.001869,65.0472,40.3382,118.3917,161.2891,226.0235,123.3747,127.0268,0.2097,0.0281,114137.7437,130310.4542,memory_stress,checkoutservice,2026-06-09 15:15:00,2026-06-09 15:30:00,post_fault,9.5306,1
2026-06-09 15:36:20,1580,EXP_FAULT_03,RUN_03,memory_stress,1,checkoutservice,checkout-f03-01,online-boutique,node-b,0.4718,45.0754,0,126.7545,0.000748,60.8496,37.0831,108.8396,137.0658,209.6825,122.9883,126.6597,0.0697,0.025,119114.1062,113440.8773,memory_stress,checkoutservice,2026-06-09 15:15:00,2026-06-09 15:30:00,post_fault,12.301413,1
2026-06-09 15:36:25,1585,EXP_FAULT_03,RUN_03,memory_stress,1,checkoutservice,checkout-f03-01,online-boutique,node-b,0.4188,44.3748,0,124.2413,0.001939,67.0438,40.5341,125.6003,156.4492,269.6841,120.518,124.0004,0.2098,0.031,118306.1114,128070.1667,memory_stress,checkoutservice,2026-06-09 15:15:00,2026-06-09 15:30:00,post_fault,8.978627,1
2026-06-09 15:36:30,1590,EXP_FAULT_03,RUN_03,memory_stress,1,checkoutservice,checkout-f03-01,online-boutique,node-b,0.4262,44.8543,0,121.7407,0.001193,65.4441,37.9198,106.5096,148.4568,233.8045,118.2087,121.5956,0.1195,0.0257,130327.0073,80848.9261,memory_stress,checkoutservice,2026-06-09 15:15:00,2026-06-09 15:30:00,post_fault,9.355684,1
2026-06-09 15:36:35,1595,EXP_FAULT_03,RUN_03,memory_stress,1,checkoutservice,checkout-f03-01,online-boutique,node-b,0.4339,44.5578,0,127.5421,0.000813,62.7251,36.315,102.7392,136.9655,251.5139,123.8996,127.4384,0.0658,0.0378,119987.3126,113302.6653,memory_stress,checkoutservice,2026-06-09 15:15:00,2026-06-09 15:30:00,post_fault,7.8678207,1
2026-06-09 15:36:40,1600,EXP_FAULT_03,RUN_03,memory_stress,1,checkoutservice,checkout-f03-01,online-boutique,node-b,0.4205,43.719,0,122.2668,0.000692,63.5521,35.676,112.2586,143.9494,223.9641,118.8051,122.1821,0.0584,0.0262,137076.6655,95206.1462,memory_stress,checkoutservice,2026-06-09 15:15:00,2026-06-09 15:30:00,post_fault,7.100573,1
2026-06-09 15:36:45,1605,EXP_FAULT_03,RUN_03,memory_stress,1,checkoutservice,checkout-f03-01,online-boutique,node-b,0.4489,43.5197,0,125.3624,0.000987,67.6887,39.2009,122.8509,168.8421,253.3632,121.8501,125.2386,0.1212,0.0025,117241.5279,89552.8896,memory_stress,checkoutservice,2026-06-09 15:15:00,2026-06-09 15:30:00,post_fault,10.350583,1
2026-06-09 15:36:50,1610,EXP_FAULT_03,RUN_03,memory_stress,1,checkoutservice,checkout-f03-01,online-boutique,node-b,0.4571,43.5957,0,121.1704,0.001596,63.8209,41.6059,118.3065,147.7508,246.2588,117.7893,120.977,0.1533,0.0401,117609.9915,95006.9663,memory_stress,checkoutservice,2026-06-09 15:15:00,2026-06-09 15:30:00,post_fault,9.201853,1
2026-06-09 15:36:55,1615,EXP_FAULT_03,RUN_03,memory_stress,1,checkoutservice,checkout-f03-01,online-boutique,node-b,0.4418,43.6435,0,125.5782,0.000946,63.7228,36.4317,117.4279,158.0904,231.9871,122.1707,125.4594,0.0853,0.0335,107838.9944,88168.8972,memory_stress,checkoutservice,2026-06-09 15:15:00,2026-06-09 15:30:00,post_fault,7.7522554,1
2026-06-09 15:37:00,1620,EXP_FAULT_03,RUN_03,memory_stress,1,checkoutservice,checkout-f03-01,online-boutique,node-b,0.476,42.8474,0,130.4186,0.001265,61.6962,35.5675,109.0623,133.2192,232.457,126.8924,130.2536,0.1194,0.0456,124529.9438,98168.129,memory_stress,checkoutservice,2026-06-09 15:15:00,2026-06-09 15:30:00,post_fault,7.8511825,1
2026-06-09 15:37:05,1625,EXP_FAULT_03,RUN_03,memory_stress,1,checkoutservice,checkout-f03-01,online-boutique,node-b,0.4317,43.4164,0,125.5622,0.001012,64.4564,40.3005,115.4002,154.6986,211.6315,122.2445,125.4352,0.1261,0.0009,114851.7669,129061.7723,memory_stress,checkoutservice,2026-06-09 15:15:00,2026-06-09 15:30:00,post_fault,7.2010255,1
2026-06-09 15:37:10,1630,EXP_FAULT_03,RUN_03,memory_stress,1,checkoutservice,checkout-f03-01,online-boutique,node-b,0.4355,44.0378,0,125.8397,0.000843,61.7449,37.351,113.4023,148.718,236.193,122.5719,125.7336,0.071,0.035,124925.0361,91649.8075,memory_stress,checkoutservice,2026-06-09 15:15:00,2026-06-09 15:30:00,post_fault,7.1199546,1
2026-06-09 15:37:15,1635,EXP_FAULT_03,RUN_03,memory_stress,1,checkoutservice,checkout-f03-01,online-boutique,node-b,0.409,42.4531,0,123.116,0.001679,62.9789,35.9586,107.4531,156.246,227.5801,119.9332,122.9093,0.2052,0.0016,155771.0778,122639.7161,memory_stress,checkoutservice,2026-06-09 15:15:00,2026-06-09 15:30:00,post_fault,5.236696,1
2026-06-09 15:37:20,1640,EXP_FAULT_03,RUN_03,memory_stress,1,checkoutservice,checkout-f03-01,online-boutique,node-b,0.4408,43.5485,0,123.0854,0.001352,63.0009,38.5462,104.4317,145.4797,244.3947,119.9336,122.919,0.1267,0.0397,129645.9469,129760.4459,memory_stress,checkoutservice,2026-06-09 15:15:00,2026-06-09 15:30:00,post_fault,7.379117,1
2026-06-09 15:37:25,1645,EXP_FAULT_03,RUN_03,memory_stress,1,checkoutservice,checkout-f03-01,online-boutique,node-b,0.4301,43.3587,0,123.8347,0.001436,60.3056,37.0763,98.2621,134.1451,198.5737,120.6917,123.6569,0.1521,0.0257,160357.8991,118369.6607,memory_stress,checkoutservice,2026-06-09 15:15:00,2026-06-09 15:30:00,post_fault,5.249015,1
2026-06-09 15:37:30,1650,EXP_FAULT_03,RUN_03,memory_stress,1,checkoutservice,checkout-f03-01,online-boutique,node-b,0.4474,43.811,0,124.2042,0.000824,64.6111,38.4177,107.53,143.061,212.0903,121.1365,124.1018,0.0723,0.03,107677.3798,84554.6474,memory_stress,checkoutservice,2026-06-09 15:15:00,2026-06-09 15:30:00,post_fault,9.067235,1
2026-06-09 15:37:35,1655,EXP_FAULT_03,RUN_03,memory_stress,1,checkoutservice,checkout-f03-01,online-boutique,node-b,0.4343,42.805,0,126.8734,0.000928,62.0964,37.9455,109.4574,133.4596,223.0843,123.7666,126.7557,0.0736,0.0442,110021.7018,89080.621,memory_stress,checkoutservice,2026-06-09 15:15:00,2026-06-09 15:30:00,post_fault,5.5644717,1
2026-06-09 15:37:40,1660,EXP_FAULT_03,RUN_03,memory_stress,1,checkoutservice,checkout-f03-01,online-boutique,node-b,0.4273,41.9472,0,127.6447,0.001085,62.9298,39.2393,104.6229,150.3885,223.1374,124.5607,127.5063,0.106,0.0324,111559.8201,109488.1423,memory_stress,checkoutservice,2026-06-09 15:15:00,2026-06-09 15:30:00,post_fault,4.9212837,1
2026-06-09 15:37:45,1665,EXP_FAULT_03,RUN_03,memory_stress,1,checkoutservice,checkout-f03-01,online-boutique,node-b,0.451,44.436,0,134.372,0.001483,58.819,35.2563,93.2852,136.3445,200.904,131.149,134.1728,0.172,0.0272,171663.0915,140797.9028,memory_stress,checkoutservice,2026-06-09 15:15:00,2026-06-09 15:30:00,post_fault,6.7667656,1
2026-06-09 15:37:50,1670,EXP_FAULT_03,RUN_03,memory_stress,1,checkoutservice,checkout-f03-01,online-boutique,node-b,0.4655,42.7033,0,129.2963,0.00161,62.3405,38.08,107.5868,147.4867,238.7825,126.2134,129.0881,0.1803,0.0278,161630.1235,107996.4562,memory_stress,checkoutservice,2026-06-09 15:15:00,2026-06-09 15:30:00,post_fault,6.9747305,1
2026-06-09 15:37:55,1675,EXP_FAULT_03,RUN_03,memory_stress,1,checkoutservice,checkout-f03-01,online-boutique,node-b,0.4484,42.5203,0,130.1213,0.001248,61.7543,38.5159,99.2895,136.5458,222.3775,127.1213,129.9589,0.1397,0.0227,119705.6108,113829.7337,memory_stress,checkoutservice,2026-06-09 15:15:00,2026-06-09 15:30:00,post_fault,5.462911,1
2026-06-09 15:38:00,1680,EXP_FAULT_03,RUN_03,memory_stress,1,checkoutservice,checkout-f03-01,online-boutique,node-b,0.4331,43.087,0,131.8929,0.001497,60.8869,39.2323,97.2709,128.4361,231.1804,128.8065,131.6955,0.1585,0.039,136561.0992,93989.5964,memory_stress,checkoutservice,2026-06-09 15:15:00,2026-06-09 15:30:00,post_fault,4.5757194,1
2026-06-09 15:38:05,1685,EXP_FAULT_03,RUN_03,memory_stress,1,checkoutservice,checkout-f03-01,online-boutique,node-b,0.4673,42.3618,0,131.2144,0.001377,55.4599,32.6889,93.3227,128.0716,209.313,128.2507,131.0337,0.1427,0.038,153405.8703,114543.2173,memory_stress,checkoutservice,2026-06-09 15:15:00,2026-06-09 15:30:00,post_fault,5.035077,1
2026-06-09 15:38:10,1690,EXP_FAULT_03,RUN_03,memory_stress,1,checkoutservice,checkout-f03-01,online-boutique,node-b,0.4359,42.3525,0,129.1155,0.000672,55.4415,33.97,98.3475,128.2893,194.6462,126.2861,129.0287,0.0647,0.0221,140239.7361,86957.0899,memory_stress,checkoutservice,2026-06-09 15:15:00,2026-06-09 15:30:00,post_fault,3.6431584,1
2026-06-09 15:38:15,1695,EXP_FAULT_03,RUN_03,memory_stress,1,checkoutservice,checkout-f03-01,online-boutique,node-b,0.4276,41.9047,0,132.9899,0.001384,58.3186,34.5118,92.5257,135.2138,188.5137,130.0703,132.8058,0.1499,0.0342,132460.7111,130761.3798,memory_stress,checkoutservice,2026-06-09 15:15:00,2026-06-09 15:30:00,post_fault,2.5873046,1
2026-06-09 15:38:20,1700,EXP_FAULT_03,RUN_03,memory_stress,1,checkoutservice,checkout-f03-01,online-boutique,node-b,0.4417,42.2282,0,127.6527,0.000883,60.6858,40.8604,96.6716,143.7391,203.4664,124.8953,127.5399,0.0945,0.0182,117787.3403,88373.3886,memory_stress,checkoutservice,2026-06-09 15:15:00,2026-06-09 15:30:00,post_fault,4.83507,1
2026-06-09 15:38:25,1705,EXP_FAULT_03,RUN_03,memory_stress,1,checkoutservice,checkout-f03-01,online-boutique,node-b,0.4101,42.7193,0,133.1338,0.001274,56.9685,37.8308,97.6239,118.6476,196.7298,130.2754,132.9642,0.1522,0.0174,127653.6285,106521.4286,memory_stress,checkoutservice,2026-06-09 15:15:00,2026-06-09 15:30:00,post_fault,2.3627667,1
2026-06-09 15:38:30,1710,EXP_FAULT_03,RUN_03,memory_stress,1,checkoutservice,checkout-f03-01,online-boutique,node-b,0.4321,42.4516,0,133.1023,0.001229,59.8458,35.8358,108.2718,134.8913,197.8657,130.2563,132.9387,0.1441,0.0196,163101.0008,103643.6049,memory_stress,checkoutservice,2026-06-09 15:15:00,2026-06-09 15:30:00,post_fault,3.6454644,1
2026-06-09 15:38:35,1715,EXP_FAULT_03,RUN_03,memory_stress,1,checkoutservice,checkout-f03-01,online-boutique,node-b,0.4372,42.8849,0,131.5781,0.001504,58.8939,36.0921,99.9027,122.1395,217.2341,128.7796,131.3802,0.1944,0.0035,156028.2704,119197.9397,memory_stress,checkoutservice,2026-06-09 15:15:00,2026-06-09 15:30:00,post_fault,4.011945,1
2026-06-09 15:38:40,1720,EXP_FAULT_03,RUN_03,memory_stress,1,checkoutservice,checkout-f03-01,online-boutique,node-b,0.4546,41.5348,0,132.2404,0.001716,56.4067,38.9323,99.904,129.4397,196.4241,129.4976,132.0135,0.2057,0.0212,142665.4904,96505.6837,memory_stress,checkoutservice,2026-06-09 15:15:00,2026-06-09 15:30:00,post_fault,2.9736915,1
2026-06-09 15:38:45,1725,EXP_FAULT_03,RUN_03,memory_stress,1,checkoutservice,checkout-f03-01,online-boutique,node-b,0.4672,43.263,0,128.1668,0.001355,59.7428,36.2979,104.3338,130.1735,194.2267,125.5674,127.9932,0.1634,0.0102,155697.9682,120529.1541,memory_stress,checkoutservice,2026-06-09 15:15:00,2026-06-09 15:30:00,post_fault,7.2974043,1
2026-06-09 15:38:50,1730,EXP_FAULT_03,RUN_03,memory_stress,1,checkoutservice,checkout-f03-01,online-boutique,node-b,0.4281,42.571,0,128.127,0.001149,58.4858,37.8037,102.8552,131.5959,205.2109,125.578,127.9798,0.1217,0.0255,155067.2336,84801.3855,memory_stress,checkoutservice,2026-06-09 15:15:00,2026-06-09 15:30:00,post_fault,3.6071496,1
2026-06-09 15:38:55,1735,EXP_FAULT_03,RUN_03,memory_stress,1,checkoutservice,checkout-f03-01,online-boutique,node-b,0.4619,41.5433,0,127.5367,0.001408,57.7625,37.3432,102.1624,126.8465,184.9546,124.9781,127.3572,0.1531,0.0264,159464.419,126256.0557,memory_stress,checkoutservice,2026-06-09 15:15:00,2026-06-09 15:30:00,post_fault,4.283635,1
2026-06-09 15:39:00,1740,EXP_FAULT_03,RUN_03,memory_stress,1,checkoutservice,checkout-f03-01,online-boutique,node-b,0.417,42.3583,0,128.3189,0.000783,51.6708,31.1839,88.1871,118.738,166.8241,125.8448,128.2183,0.0855,0.015,135663.2349,130863.1564,memory_stress,checkoutservice,2026-06-09 15:15:00,2026-06-09 15:30:00,post_fault,2.7204576,1
2026-06-09 15:39:05,1745,EXP_FAULT_03,RUN_03,memory_stress,1,checkoutservice,checkout-f03-01,online-boutique,node-b,0.4405,41.0047,0,126.9463,0.001771,59.8957,40.821,105.6376,125.42,212.8464,124.4751,126.7214,0.2002,0.0246,117820.3267,90101.6237,memory_stress,checkoutservice,2026-06-09 15:15:00,2026-06-09 15:30:00,post_fault,3.6041465,1
2026-06-09 15:39:10,1750,EXP_FAULT_03,RUN_03,memory_stress,1,checkoutservice,checkout-f03-01,online-boutique,node-b,0.4647,42.4413,0,122.6663,0.000636,56.4675,35.026,101.8152,124.9065,173.2076,120.3633,122.5883,0.0759,0.0021,108624.1286,110754.9308,memory_stress,checkoutservice,2026-06-09 15:15:00,2026-06-09 15:30:00,post_fault,6.6687827,1
2026-06-09 15:39:15,1755,EXP_FAULT_03,RUN_03,memory_stress,1,checkoutservice,checkout-f03-01,online-boutique,node-b,0.423,42.4001,0,126.0799,0.001548,55.5421,34.4618,100.5155,113.739,175.8022,123.6645,125.8847,0.1714,0.0238,154222.5743,105590.4351,memory_stress,checkoutservice,2026-06-09 15:15:00,2026-06-09 15:30:00,post_fault,2.5066109,1
2026-06-09 15:39:20,1760,EXP_FAULT_03,RUN_03,memory_stress,1,checkoutservice,checkout-f03-01,online-boutique,node-b,0.4406,41.5359,0,123.7047,0.000947,61.0275,40.9927,97.891,144.5215,201.0642,121.369,123.5876,0.1051,0.0121,141736.0978,90363.7897,memory_stress,checkoutservice,2026-06-09 15:15:00,2026-06-09 15:30:00,post_fault,4.756089,1
2026-06-09 15:39:25,1765,EXP_FAULT_03,RUN_03,memory_stress,1,checkoutservice,checkout-f03-01,online-boutique,node-b,0.4559,41.1831,0,121.2581,0.00198,56.6159,38.2485,89.6779,116.7674,170.8574,118.916,121.018,0.221,0.0191,133835.2281,121211.9498,memory_stress,checkoutservice,2026-06-09 15:15:00,2026-06-09 15:30:00,post_fault,3.6641586,1
2026-06-09 15:39:30,1770,EXP_FAULT_03,RUN_03,memory_stress,1,checkoutservice,checkout-f03-01,online-boutique,node-b,0.4283,41.6197,0,123.4874,0.001135,55.8863,38.7656,95.2819,133.0143,169.8414,121.1304,123.3472,0.1185,0.0217,113577.9378,104718.8893,memory_stress,checkoutservice,2026-06-09 15:15:00,2026-06-09 15:30:00,post_fault,2.5750403,1
2026-06-09 15:39:35,1775,EXP_FAULT_03,RUN_03,memory_stress,1,checkoutservice,checkout-f03-01,online-boutique,node-b,0.4242,41.0487,0,121.2396,0.001882,57.4891,37.6647,94.074,129.1216,175.3545,118.888,121.0114,0.2076,0.0205,146963.2248,120695.0468,memory_stress,checkoutservice,2026-06-09 15:15:00,2026-06-09 15:30:00,post_fault,2.62339,1
2026-06-09 15:39:40,1780,EXP_FAULT_03,RUN_03,memory_stress,1,checkoutservice,checkout-f03-01,online-boutique,node-b,0.3909,42.1074,0,122.3999,0.00172,54.02,35.1275,88.879,112.4698,175.6933,120.0531,122.1894,0.2027,0.0078,155747.4218,94350.2457,memory_stress,checkoutservice,2026-06-09 15:15:00,2026-06-09 15:30:00,post_fault,1.5064429,1
2026-06-09 15:39:45,1785,EXP_FAULT_03,RUN_03,memory_stress,1,checkoutservice,checkout-f03-01,online-boutique,node-b,0.4346,41.5001,0,116.6226,0.001425,56.283,37.1811,101.6813,129.1282,199.7723,114.3802,116.4564,0.1352,0.031,119665.1303,112669.708,memory_stress,checkoutservice,2026-06-09 15:15:00,2026-06-09 15:30:00,post_fault,3.2891147,1
2026-06-09 15:39:50,1790,EXP_FAULT_03,RUN_03,memory_stress,1,checkoutservice,checkout-f03-01,online-boutique,node-b,0.4397,41.3665,0,119.5523,0.000536,58.5413,39.1177,92.3577,126.6379,178.2826,117.3182,119.4882,0.0551,0.009,148592.3436,105491.484,memory_stress,checkoutservice,2026-06-09 15:15:00,2026-06-09 15:30:00,post_fault,4.394231,1
2026-06-09 15:39:55,1795,EXP_FAULT_03,RUN_03,memory_stress,1,checkoutservice,checkout-f03-01,online-boutique,node-b,0.4273,42.1657,0,117.7113,0.001714,58.4838,35.343,101.914,126.9958,182.2122,115.4053,117.5096,0.1961,0.0056,116155.1815,82064.3426,memory_stress,checkoutservice,2026-06-09 15:15:00,2026-06-09 15:30:00,post_fault,3.961555,1
2026-06-09 15:45:00,0,EXP_FAULT_04,RUN_04,network_delay,1,checkoutservice,checkout-f04-01,online-boutique,node-b,0.4543,36.116,0,138.8629,0.001406,50.576,39.8191,81.5206,96.4002,126.4572,138.7746,138.6677,0.1891,0.0061,134191.6605,104264.4278,network_delay,frontend,2026-06-09 15:50:00,2026-06-09 16:05:00,pre_fault,0.019099122,0
2026-06-09 15:45:05,5,EXP_FAULT_04,RUN_04,network_delay,1,checkoutservice,checkout-f04-01,online-boutique,node-b,0.4459,36.2846,0,139.5701,0.001112,46.8657,38.0904,76.1305,91.3139,128.2659,139.5096,139.4149,0.1246,0.0307,120520.4663,136601.2879,network_delay,frontend,2026-06-09 15:50:00,2026-06-09 16:05:00,pre_fault,0.19115922,0
2026-06-09 15:45:10,10,EXP_FAULT_04,RUN_04,network_delay,1,checkoutservice,checkout-f04-01,online-boutique,node-b,0.4666,35.2363,0,142.2155,0.000585,50.9578,40.6968,75.6446,96.7751,125.6237,142.1831,142.1324,0.0797,0.0035,121565.4882,133421.3596,network_delay,frontend,2026-06-09 15:50:00,2026-06-09 16:05:00,pre_fault,0.037005752,0
2026-06-09 15:45:15,15,EXP_FAULT_04,RUN_04,network_delay,1,checkoutservice,checkout-f04-01,online-boutique,node-b,0.4442,36.105,0,143.1526,0.001543,48.1086,36.2595,72.6587,95.1593,121.7017,143.0557,142.9317,0.2122,0.0087,128462.5019,139112.2025,network_delay,frontend,2026-06-09 15:50:00,2026-06-09 16:05:00,pre_fault,0.16512606,0
2026-06-09 15:45:20,20,EXP_FAULT_04,RUN_04,network_delay,1,checkoutservice,checkout-f04-01,online-boutique,node-b,0.4801,35.6673,0,145.785,0.001493,51.0596,41.3021,85.0267,103.213,123.1292,145.6533,145.5674,0.1736,0.044,167117.2302,127339.8877,network_delay,frontend,2026-06-09 15:50:00,2026-06-09 16:05:00,pre_fault,0.24568565,0
2026-06-09 15:45:25,25,EXP_FAULT_04,RUN_04,network_delay,1,checkoutservice,checkout-f04-01,online-boutique,node-b,0.448,36.8023,0,141.0037,0.000857,46.5572,37.7864,72.1081,92.2284,131.9671,140.9497,140.8828,0.0829,0.0379,155991.078,114601.5952,network_delay,frontend,2026-06-09 15:50:00,2026-06-09 16:05:00,pre_fault,0.31617388,0
2026-06-09 15:45:30,30,EXP_FAULT_04,RUN_04,network_delay,1,checkoutservice,checkout-f04-01,online-boutique,node-b,0.4514,36.1692,0,142.9099,0.000927,52.0482,37.3703,79.4107,91.2503,143.8305,142.8429,142.7774,0.1234,0.0091,180065.819,103259.071,network_delay,frontend,2026-06-09 15:50:00,2026-06-09 16:05:00,pre_fault,0.111594,0
2026-06-09 15:45:35,35,EXP_FAULT_04,RUN_04,network_delay,1,checkoutservice,checkout-f04-01,online-boutique,node-b,0.4379,35.8917,0,143.1589,0.001161,49.0153,39.0313,82.2033,90.2824,138.0901,143.0443,142.9927,0.1412,0.025,148640.2221,100578.7272,network_delay,frontend,2026-06-09 15:50:00,2026-06-09 16:05:00,pre_fault,0.22113046,0
2026-06-09 15:45:40,40,EXP_FAULT_04,RUN_04,network_delay,1,checkoutservice,checkout-f04-01,online-boutique,node-b,0.4316,35.762,0,143.9966,0.001616,48.3458,34.5312,73.9355,88.2867,130.3571,143.834,143.7638,0.2186,0.0141,162546.6814,100952.4742,network_delay,frontend,2026-06-09 15:50:00,2026-06-09 16:05:00,pre_fault,0.3494842,0
2026-06-09 15:45:45,45,EXP_FAULT_04,RUN_04,network_delay,1,checkoutservice,checkout-f04-01,online-boutique,node-b,0.4323,36.2417,0,144.3918,0.000544,49.9195,40.6532,76.8691,94.8228,137.4506,144.3616,144.3132,0.0512,0.0273,173523.2009,95919.1324,network_delay,frontend,2026-06-09 15:50:00,2026-06-09 16:05:00,pre_fault,0.37602574,0
2026-06-09 15:45:50,50,EXP_FAULT_04,RUN_04,network_delay,1,checkoutservice,checkout-f04-01,online-boutique,node-b,0.4701,36.5223,0,143.164,0.000963,48.1495,37.0443,76.2658,88.3176,117.7848,143.1068,143.0261,0.1022,0.0357,159532.001,107977.7645,network_delay,frontend,2026-06-09 15:50:00,2026-06-09 16:05:00,pre_fault,0.36432934,0
2026-06-09 15:45:55,55,EXP_FAULT_04,RUN_04,network_delay,1,checkoutservice,checkout-f04-01,online-boutique,node-b,0.4551,36.3399,0,145.0803,0.00168,48.3158,38.4227,82.0936,93.2208,133.1963,144.9059,144.8365,0.2264,0.0173,138476.0285,126877.4028,network_delay,frontend,2026-06-09 15:50:00,2026-06-09 16:05:00,pre_fault,0.16063926,0
2026-06-09 15:46:00,60,EXP_FAULT_04,RUN_04,network_delay,1,checkoutservice,checkout-f04-01,online-boutique,node-b,0.468,35.8571,0,144.3557,0.001742,48.2825,39.0492,80.2739,93.9519,115.2457,144.2024,144.1042,0.2179,0.0337,139267.5841,111148.967,network_delay,frontend,2026-06-09 15:50:00,2026-06-09 16:05:00,pre_fault,0.26365668,0
2026-06-09 15:46:05,65,EXP_FAULT_04,RUN_04,network_delay,1,checkoutservice,checkout-f04-01,online-boutique,node-b,0.457,36.389,0,146.7463,0.000957,52.4405,41.4622,86.448,100.4948,129.1787,146.667,146.6058,0.0939,0.0466,129079.4229,124930.6649,network_delay,frontend,2026-06-09 15:50:00,2026-06-09 16:05:00,pre_fault,0.05064403,0
2026-06-09 15:46:10,70,EXP_FAULT_04,RUN_04,network_delay,1,checkoutservice,checkout-f04-01,online-boutique,node-b,0.4488,36.5451,0,144.0437,0.000542,42.8554,32.5024,71.8312,78.9679,104.5184,143.9884,143.9656,0.0527,0.0254,156156.4597,112947.344,network_delay,frontend,2026-06-09 15:50:00,2026-06-09 16:05:00,pre_fault,0.9830926,1
2026-06-09 15:46:15,75,EXP_FAULT_04,RUN_04,network_delay,1,checkoutservice,checkout-f04-01,online-boutique,node-b,0.4677,35.8197,0,144.1737,0.000865,49.8141,38.4436,82.0909,96.4155,137.5343,144.1118,144.049,0.1188,0.0059,178173.1615,132683.5452,network_delay,frontend,2026-06-09 15:50:00,2026-06-09 16:05:00,pre_fault,0.06786159,0
2026-06-09 15:46:20,80,EXP_FAULT_04,RUN_04,network_delay,1,checkoutservice,checkout-f04-01,online-boutique,node-b,0.4343,35.6759,0,147.7415,0.000698,48.2611,38.7047,76.1354,88.6585,132.2511,147.6775,147.6384,0.0858,0.0173,160237.5461,139263.6924,network_delay,frontend,2026-06-09 15:50:00,2026-06-09 16:05:00,pre_fault,0.52715665,0
2026-06-09 15:46:25,85,EXP_FAULT_04,RUN_04,network_delay,1,checkoutservice,checkout-f04-01,online-boutique,node-b,0.474,35.7525,0,139.3923,0.00072,50.0292,39.3098,80.2708,90.548,132.8415,139.3489,139.292,0.0596,0.0407,141156.2825,132901.3964,network_delay,frontend,2026-06-09 15:50:00,2026-06-09 16:05:00,pre_fault,0.15998141,0
2026-06-09 15:46:30,90,EXP_FAULT_04,RUN_04,network_delay,1,checkoutservice,checkout-f04-01,online-boutique,node-b,0.4446,35.3188,0,139.9659,0.001284,49.7872,35.073,78.0698,89.6791,131.4183,139.8954,139.7861,0.1793,0.0005,163664.9098,115777.1531,network_delay,frontend,2026-06-09 15:50:00,2026-06-09 16:05:00,pre_fault,0.108899035,0
2026-06-09 15:46:35,95,EXP_FAULT_04,RUN_04,network_delay,1,checkoutservice,checkout-f04-01,online-boutique,node-b,0.4345,35.8475,0,138.6346,0.001311,45.6558,35.4858,77.396,91.8069,123.0586,138.5605,138.4529,0.1499,0.0318,165420.7302,111842.208,network_delay,frontend,2026-06-09 15:50:00,2026-06-09 16:05:00,pre_fault,0.35106748,0
2026-06-09 15:46:40,100,EXP_FAULT_04,RUN_04,network_delay,1,checkoutservice,checkout-f04-01,online-boutique,node-b,0.458,36.1993,0,139.6729,0.000799,48.0233,35.6855,75.5466,86.527,130.7661,139.6309,139.5613,0.0861,0.0255,146244.2372,114394.7533,network_delay,frontend,2026-06-09 15:50:00,2026-06-09 16:05:00,pre_fault,0.10926638,0
2026-06-09 15:46:45,105,EXP_FAULT_04,RUN_04,network_delay,1,checkoutservice,checkout-f04-01,online-boutique,node-b,0.4426,36.311,0,139.6483,0.000841,47.9046,38.0084,78.6609,92.0649,134.6449,139.59,139.5309,0.1094,0.008,134599.3865,93904.1152,network_delay,frontend,2026-06-09 15:50:00,2026-06-09 16:05:00,pre_fault,0.09707784,0
2026-06-09 15:46:50,110,EXP_FAULT_04,RUN_04,network_delay,1,checkoutservice,checkout-f04-01,online-boutique,node-b,0.4582,36.3885,0,140.4183,0.001128,49.0265,37.7309,79.9679,98.5159,135.3762,140.3409,140.2599,0.1269,0.0314,171509.7124,127916.5157,network_delay,frontend,2026-06-09 15:50:00,2026-06-09 16:05:00,pre_fault,0.055487394,0
2026-06-09 15:46:55,115,EXP_FAULT_04,RUN_04,network_delay,1,checkoutservice,checkout-f04-01,online-boutique,node-b,0.467,36.1959,0,138.3132,0.001694,46.0243,36.2514,74.2126,90.7683,114.7371,138.1731,138.0789,0.1888,0.0454,169798.1175,104048.5995,network_delay,frontend,2026-06-09 15:50:00,2026-06-09 16:05:00,pre_fault,0.6128874,0
2026-06-09 15:47:00,120,EXP_FAULT_04,RUN_04,network_delay,1,checkoutservice,checkout-f04-01,online-boutique,node-b,0.4524,35.7688,0,135.036,0.000965,46.6595,37.3892,75.8779,87.132,121.2371,134.9628,134.9058,0.1299,0.0003,114419.2934,109332.9223,network_delay,frontend,2026-06-09 15:50:00,2026-06-09 16:05:00,pre_fault,0.15582064,0
2026-06-09 15:47:05,125,EXP_FAULT_04,RUN_04,network_delay,1,checkoutservice,checkout-f04-01,online-boutique,node-b,0.4293,35.82,0,134.5706,0.000495,47.549,38.8125,69.0886,91.7286,113.9262,134.5433,134.5039,0.0415,0.0252,139068.7308,87847.4987,network_delay,frontend,2026-06-09 15:50:00,2026-06-09 16:05:00,pre_fault,0.24311519,0
2026-06-09 15:47:10,130,EXP_FAULT_04,RUN_04,network_delay,1,checkoutservice,checkout-f04-01,online-boutique,node-b,0.4667,35.5364,0,137.4708,0.001701,45.2004,33.0204,72.8408,85.318,118.1149,137.3093,137.237,0.1925,0.0414,130124.9852,89486.9686,network_delay,frontend,2026-06-09 15:50:00,2026-06-09 16:05:00,pre_fault,0.7348813,0
2026-06-09 15:47:15,135,EXP_FAULT_04,RUN_04,network_delay,1,checkoutservice,checkout-f04-01,online-boutique,node-b,0.434,35.5753,0,133.5307,0.001567,44.6326,32.9813,66.8925,82.4419,124.1555,133.4318,133.3215,0.1903,0.0189,115549.9427,110517.6395,network_delay,frontend,2026-06-09 15:50:00,2026-06-09 16:05:00,pre_fault,0.35368684,0
2026-06-09 15:47:20,140,EXP_FAULT_04,RUN_04,network_delay,1,checkoutservice,checkout-f04-01,online-boutique,node-b,0.4254,36.5565,0,131.1259,0.00181,49.1542,40.0058,74.3061,91.9546,135.9212,131.0088,130.8885,0.1939,0.0434,138281.9083,99504.1083,network_delay,frontend,2026-06-09 15:50:00,2026-06-09 16:05:00,pre_fault,0.15815167,0
2026-06-09 15:47:25,145,EXP_FAULT_04,RUN_04,network_delay,1,checkoutservice,checkout-f04-01,online-boutique,node-b,0.4487,36.5228,0,137.6841,0.001154,50.1091,35.2992,76.5675,97.7435,118.3036,137.5953,137.5251,0.128,0.031,117091.0383,95321.5435,network_delay,frontend,2026-06-09 15:50:00,2026-06-09 16:05:00,pre_fault,0.016555924,0
2026-06-09 15:47:30,150,EXP_FAULT_04,RUN_04,network_delay,1,checkoutservice,checkout-f04-01,online-boutique,node-b,0.4461,35.7769,0,130.9957,0.001489,47.2194,36.7276,71.8042,94.6682,124.3262,130.903,130.8007,0.156,0.039,163942.2308,120210.6475,network_delay,frontend,2026-06-09 15:50:00,2026-06-09 16:05:00,pre_fault,0.05121153,0
2026-06-09 15:47:35,155,EXP_FAULT_04,RUN_04,network_delay,1,checkoutservice,checkout-f04-01,online-boutique,node-b,0.4411,36.0282,0,136.6596,0.000841,53.5497,41.2731,82.1394,98.9905,149.7084,136.6156,136.5446,0.0709,0.044,125711.3297,99097.3411,network_delay,frontend,2026-06-09 15:50:00,2026-06-09 16:05:00,pre_fault,0.68090093,0
2026-06-09 15:47:40,160,EXP_FAULT_04,RUN_04,network_delay,1,checkoutservice,checkout-f04-01,online-boutique,node-b,0.4726,35.6259,0,138.7392,0.000973,44.8594,33.2051,69.2658,87.8767,108.1382,138.6583,138.6042,0.131,0.004,133720.5902,91883.6039,network_delay,frontend,2026-06-09 15:50:00,2026-06-09 16:05:00,pre_fault,0.9476818,1
2026-06-09 15:47:45,165,EXP_FAULT_04,RUN_04,network_delay,1,checkoutservice,checkout-f04-01,online-boutique,node-b,0.4671,36.3367,0,141.4293,0.000682,49.3114,35.9254,73.6245,86.7338,125.1715,141.3752,141.3328,0.0842,0.0123,163884.6368,138759.1631,network_delay,frontend,2026-06-09 15:50:00,2026-06-09 16:05:00,pre_fault,0.119094014,0
2026-06-09 15:47:50,170,EXP_FAULT_04,RUN_04,network_delay,1,checkoutservice,checkout-f04-01,online-boutique,node-b,0.4466,36.9608,0,137.889,0.001319,48.632,39.738,75.516,94.0784,135.6832,137.7979,137.7072,0.1461,0.0357,128045.3043,98240.4163,network_delay,frontend,2026-06-09 15:50:00,2026-06-09 16:05:00,pre_fault,0.013313785,0
2026-06-09 15:47:55,175,EXP_FAULT_04,RUN_04,network_delay,1,checkoutservice,checkout-f04-01,online-boutique,node-b,0.45,37.411,0,133.9366,0.000673,49.1373,36.565,82.1473,99.9751,129.9819,133.8993,133.8465,0.0726,0.0175,146703.4185,106658.1981,network_delay,frontend,2026-06-09 15:50:00,2026-06-09 16:05:00,pre_fault,0.16927022,0
2026-06-09 15:48:00,180,EXP_FAULT_04,RUN_04,network_delay,1,checkoutservice,checkout-f04-01,online-boutique,node-b,0.4456,35.4437,0,139.9186,0.001172,47.5895,34.3023,77.534,84.5248,127.6762,139.8154,139.7547,0.1464,0.0176,173904.9711,122779.6466,network_delay,frontend,2026-06-09 15:50:00,2026-06-09 16:05:00,pre_fault,0.090526,0
2026-06-09 15:48:05,185,EXP_FAULT_04,RUN_04,network_delay,1,checkoutservice,checkout-f04-01,online-boutique,node-b,0.433,35.7092,0,137.7506,0.000957,46.1946,33.3747,69.8525,88.4453,116.5157,137.6676,137.6188,0.1195,0.0123,165924.3199,94619.2185,network_delay,frontend,2026-06-09 15:50:00,2026-06-09 16:05:00,pre_fault,0.2545631,0
2026-06-09 15:48:10,190,EXP_FAULT_04,RUN_04,network_delay,1,checkoutservice,checkout-f04-01,online-boutique,node-b,0.4347,36.5955,0,140.8641,0.00081,51.8743,40.2629,75.508,101.5091,126.1052,140.8204,140.7501,0.114,0.0,124988.2315,121410.1979,network_delay,frontend,2026-06-09 15:50:00,2026-06-09 16:05:00,pre_fault,0.29778418,0
2026-06-09 15:48:15,195,EXP_FAULT_04,RUN_04,network_delay,1,checkoutservice,checkout-f04-01,online-boutique,node-b,0.4592,36.2942,0,138.2171,0.000564,50.8085,40.3362,82.5161,102.8667,128.4034,138.1628,138.1392,0.0534,0.0245,161843.5295,117276.9405,network_delay,frontend,2026-06-09 15:50:00,2026-06-09 16:05:00,pre_fault,0.052344143,0
2026-06-09 15:48:20,200,EXP_FAULT_04,RUN_04,network_delay,1,checkoutservice,checkout-f04-01,online-boutique,node-b,0.458,36.4314,0,135.2579,0.001017,44.4382,32.6386,75.1609,90.3426,109.9595,135.1761,135.1203,0.1314,0.0063,146984.73,92060.7083,network_delay,frontend,2026-06-09 15:50:00,2026-06-09 16:05:00,pre_fault,0.8132836,0
2026-06-09 15:48:25,205,EXP_FAULT_04,RUN_04,network_delay,1,checkoutservice,checkout-f04-01,online-boutique,node-b,0.4272,35.8453,0,143.5201,0.001126,48.6817,34.6614,70.9274,91.139,114.6877,143.4308,143.3585,0.1495,0.0121,153641.9179,105551.0186,network_delay,frontend,2026-06-09 15:50:00,2026-06-09 16:05:00,pre_fault,0.48966423,0
2026-06-09 15:48:30,210,EXP_FAULT_04,RUN_04,network_delay,1,checkoutservice,checkout-f04-01,online-boutique,node-b,0.4226,35.9358,0,140.864,0.001746,48.59,34.5543,73.4468,96.3697,124.6917,140.7654,140.618,0.2204,0.0256,129568.9799,143128.6442,network_delay,frontend,2026-06-09 15:50:00,2026-06-09 16:05:00,pre_fault,0.40703815,0
2026-06-09 15:48:35,215,EXP_FAULT_04,RUN_04,network_delay,1,checkoutservice,checkout-f04-01,online-boutique,node-b,0.4252,36.0665,0,141.6783,0.00143,49.2589,35.0073,76.2848,90.1992,131.7048,141.5583,141.4757,0.1813,0.0212,149705.206,129947.928,network_delay,frontend,2026-06-09 15:50:00,2026-06-09 16:05:00,pre_fault,0.48149556,0
2026-06-09 15:48:40,220,EXP_FAULT_04,RUN_04,network_delay,1,checkoutservice,checkout-f04-01,online-boutique,node-b,0.4513,35.9871,0,142.0069,0.001125,50.5002,39.0188,73.4432,93.7329,140.8903,141.9116,141.8471,0.1275,0.0323,175846.9073,109097.1434,network_delay,frontend,2026-06-09 15:50:00,2026-06-09 16:05:00,pre_fault,0.023060469,0
2026-06-09 15:48:45,225,EXP_FAULT_04,RUN_04,network_delay,1,checkoutservice,checkout-f04-01,online-boutique,node-b,0.4497,36.1415,0,142.7313,0.00056,51.2149,41.8516,81.0484,97.5649,137.6173,142.695,142.6513,0.0776,0.0023,174826.2865,121076.6541,network_delay,frontend,2026-06-09 15:50:00,2026-06-09 16:05:00,pre_fault,0.08981099,0
2026-06-09 15:48:50,230,EXP_FAULT_04,RUN_04,network_delay,1,checkoutservice,checkout-f04-01,online-boutique,node-b,0.4505,35.6161,0,139.2078,0.000534,46.3281,34.3195,78.5076,94.142,108.973,139.1747,139.1334,0.0683,0.0061,166319.083,118354.5604,network_delay,frontend,2026-06-09 15:50:00,2026-06-09 16:05:00,pre_fault,0.13420436,0
2026-06-09 15:48:55,235,EXP_FAULT_04,RUN_04,network_delay,1,checkoutservice,checkout-f04-01,online-boutique,node-b,0.4433,36.6113,0,135.8985,0.000835,50.7294,38.135,81.6333,96.0323,134.439,135.842,135.785,0.0673,0.0462,173135.9204,99233.5219,network_delay,frontend,2026-06-09 15:50:00,2026-06-09 16:05:00,pre_fault,0.0821208,0
2026-06-09 15:49:00,240,EXP_FAULT_04,RUN_04,network_delay,1,checkoutservice,checkout-f04-01,online-boutique,node-b,0.4282,35.8776,0,136.7065,0.000805,48.099,38.1632,77.9002,92.455,114.5733,136.6658,136.5964,0.0738,0.0363,115873.1102,127159.8665,network_delay,frontend,2026-06-09 15:50:00,2026-06-09 16:05:00,pre_fault,0.21900043,0
2026-06-09 15:49:05,245,EXP_FAULT_04,RUN_04,network_delay,1,checkoutservice,checkout-f04-01,online-boutique,node-b,0.4383,35.5567,0,137.31,0.000898,48.4366,35.9384,72.3022,90.3319,124.3186,137.2527,137.1867,0.1013,0.022,121550.1444,112063.9966,network_delay,frontend,2026-06-09 15:50:00,2026-06-09 16:05:00,pre_fault,0.08322279,0
2026-06-09 15:49:10,250,EXP_FAULT_04,RUN_04,network_delay,1,checkoutservice,checkout-f04-01,online-boutique,node-b,0.4277,36.1061,0,137.2369,0.000584,44.1931,35.0866,66.1913,78.2466,113.7666,137.2006,137.1568,0.0451,0.035,158816.9931,109024.4767,network_delay,frontend,2026-06-09 15:50:00,2026-06-09 16:05:00,pre_fault,0.5250534,0
2026-06-09 15:49:15,255,EXP_FAULT_04,RUN_04,network_delay,1,checkoutservice,checkout-f04-01,online-boutique,node-b,0.437,35.9259,0,135.5014,0.001743,47.4335,37.6702,77.9045,92.8079,122.7265,135.3433,135.2652,0.1945,0.0417,119401.8,138113.1803,network_delay,frontend,2026-06-09 15:50:00,2026-06-09 16:05:00,pre_fault,0.059688367,0
2026-06-09 15:49:20,260,EXP_FAULT_04,RUN_04,network_delay,1,checkoutservice,checkout-f04-01,online-boutique,node-b,0.4443,35.1414,0,133.9446,0.001077,44.5574,31.2314,72.9638,90.454,116.3539,133.8736,133.8003,0.1185,0.0258,168504.793,105572.9086,network_delay,frontend,2026-06-09 15:50:00,2026-06-09 16:05:00,pre_fault,0.43321925,0
2026-06-09 15:49:25,265,EXP_FAULT_04,RUN_04,network_delay,1,checkoutservice,checkout-f04-01,online-boutique,node-b,0.4342,36.9139,0,132.0253,0.001541,50.8893,38.877,76.8141,102.2344,135.4172,131.9007,131.8219,0.1906,0.0128,141561.5566,113000.221,network_delay,frontend,2026-06-09 15:50:00,2026-06-09 16:05:00,pre_fault,0.24548273,0
2026-06-09 15:49:30,270,EXP_FAULT_04,RUN_04,network_delay,1,checkoutservice,checkout-f04-01,online-boutique,node-b,0.43,36.7458,0,134.5367,0.001266,44.5403,32.2267,66.3476,90.6721,108.6722,134.4092,134.3663,0.1268,0.0435,114176.6866,115362.6406,network_delay,frontend,2026-06-09 15:50:00,2026-06-09 16:05:00,pre_fault,0.5072367,0
2026-06-09 15:49:35,275,EXP_FAULT_04,RUN_04,network_delay,1,checkoutservice,checkout-f04-01,online-boutique,node-b,0.4274,36.564,0,125.3772,0.001194,48.7707,37.9027,80.2791,95.3024,122.128,125.2843,125.2274,0.1453,0.0044,132736.3693,116008.0585,network_delay,frontend,2026-06-09 15:50:00,2026-06-09 16:05:00,pre_fault,0.0797343,0
2026-06-09 15:49:40,280,EXP_FAULT_04,RUN_04,network_delay,1,checkoutservice,checkout-f04-01,online-boutique,node-b,0.4604,35.9017,0,129.8574,0.001482,46.8155,33.2629,68.915,87.4858,131.0464,129.745,129.665,0.1832,0.0092,156799.0954,101916.436,network_delay,frontend,2026-06-09 15:50:00,2026-06-09 16:05:00,pre_fault,0.30010146,0
2026-06-09 15:49:45,285,EXP_FAULT_04,RUN_04,network_delay,1,checkoutservice,checkout-f04-01,online-boutique,node-b,0.4272,36.1635,0,130.0775,0.0018,47.9388,34.5496,77.2846,86.486,115.5459,129.9363,129.8434,0.1894,0.0448,125457.0962,132062.8483,network_delay,frontend,2026-06-09 15:50:00,2026-06-09 16:05:00,pre_fault,0.03657377,0
2026-06-09 15:49:50,290,EXP_FAULT_04,RUN_04,network_delay,1,checkoutservice,checkout-f04-01,online-boutique,node-b,0.4394,35.4947,0,125.7572,0.000598,51.2933,41.0176,79.6119,98.4104,136.8315,125.7095,125.682,0.0653,0.0099,118805.4324,98794.6756,network_delay,frontend,2026-06-09 15:50:00,2026-06-09 16:05:00,pre_fault,0.5858439,0
2026-06-09 15:49:55,295,EXP_FAULT_04,RUN_04,network_delay,1,checkoutservice,checkout-f04-01,online-boutique,node-b,0.4468,36.1276,0,126.1885,0.000936,47.5649,33.9989,78.5839,92.8364,126.626,126.1137,126.0703,0.0942,0.0239,151596.0992,127434.0231,network_delay,frontend,2026-06-09 15:50:00,2026-06-09 16:05:00,pre_fault,0.07791996,0
2026-06-09 15:50:00,300,EXP_FAULT_04,RUN_04,network_delay,1,checkoutservice,checkout-f04-01,online-boutique,node-b,0.4224,35.9473,0,130.1798,0.006682,107.8013,61.1739,210.727,341.9895,651.701,114.5007,129.3099,0.2459,0.624,113812.6505,109624.3825,network_delay,frontend,2026-06-09 15:50:00,2026-06-09 16:05:00,during_fault,88.58398,1
2026-06-09 15:50:05,305,EXP_FAULT_04,RUN_04,network_delay,1,checkoutservice,checkout-f04-01,online-boutique,node-b,0.4535,36.3326,0,122.4901,0.006635,94.4595,54.9735,177.4225,313.4037,527.9975,107.786,121.6775,0.2225,0.5902,121707.383,120236.6867,network_delay,frontend,2026-06-09 15:50:00,2026-06-09 16:05:00,during_fault,53.39978,1
2026-06-09 15:50:10,310,EXP_FAULT_04,RUN_04,network_delay,1,checkoutservice,checkout-f04-01,online-boutique,node-b,0.4363,34.8845,0,129.4403,0.005813,104.4911,57.5689,195.0658,303.2103,609.7467,114.0805,128.6878,0.1382,0.6143,148463.4626,107542.6859,network_delay,frontend,2026-06-09 15:50:00,2026-06-09 16:05:00,during_fault,77.809845,1
2026-06-09 15:50:15,315,EXP_FAULT_04,RUN_04,network_delay,1,checkoutservice,checkout-f04-01,online-boutique,node-b,0.4066,36.1314,0,121.1832,0.006077,94.6023,49.7613,193.2746,300.9586,497.1653,106.8923,120.4467,0.1912,0.5453,126202.4174,120906.4274,network_delay,frontend,2026-06-09 15:50:00,2026-06-09 16:05:00,during_fault,59.68679,1
2026-06-09 15:50:20,320,EXP_FAULT_04,RUN_04,network_delay,1,checkoutservice,checkout-f04-01,online-boutique,node-b,0.4342,36.9007,0,123.4617,0.006404,105.0037,58.5223,220.7983,335.9954,553.6213,109.1033,122.671,0.2212,0.5695,129665.9512,113284.4102,network_delay,frontend,2026-06-09 15:50:00,2026-06-09 16:05:00,during_fault,81.61073,1
2026-06-09 15:50:25,325,EXP_FAULT_04,RUN_04,network_delay,1,checkoutservice,checkout-f04-01,online-boutique,node-b,0.4491,36.7245,0,126.8224,0.005353,105.0531,53.9415,224.2202,343.9628,573.1032,112.3609,126.1436,0.1009,0.5779,141672.5503,123529.1411,network_delay,frontend,2026-06-09 15:50:00,2026-06-09 16:05:00,during_fault,78.44967,1
2026-06-09 15:50:30,330,EXP_FAULT_04,RUN_04,network_delay,1,checkoutservice,checkout-f04-01,online-boutique,node-b,0.4408,36.8329,0,128.7516,0.004862,96.7931,53.2158,179.5733,277.2418,555.0253,114.3704,128.1256,0.0768,0.5491,111525.3546,101036.9015,network_delay,frontend,2026-06-09 15:50:00,2026-06-09 16:05:00,during_fault,57.643578,1
2026-06-09 15:50:35,335,EXP_FAULT_04,RUN_04,network_delay,1,checkoutservice,checkout-f04-01,online-boutique,node-b,0.4176,35.6601,0,123.1627,0.00549,92.8603,53.4179,188.5294,304.2351,458.8479,109.6936,122.4865,0.1362,0.5401,138639.4705,93611.9961,network_delay,frontend,2026-06-09 15:50:00,2026-06-09 16:05:00,during_fault,53.617073,1
2026-06-09 15:50:40,340,EXP_FAULT_04,RUN_04,network_delay,1,checkoutservice,checkout-f04-01,online-boutique,node-b,0.4519,36.3047,0,126.4591,0.005197,90.0297,51.8537,175.6648,275.9706,513.8407,112.9937,125.8019,0.1215,0.5357,160177.2797,85947.8512,network_delay,frontend,2026-06-09 15:50:00,2026-06-09 16:05:00,during_fault,42.65035,1
2026-06-09 15:50:45,345,EXP_FAULT_04,RUN_04,network_delay,1,checkoutservice,checkout-f04-01,online-boutique,node-b,0.4352,36.4263,0,117.9529,0.004914,85.9823,51.3889,172.4156,266.4142,481.5822,105.7676,117.3732,0.0855,0.4941,150079.865,125647.6481,network_delay,frontend,2026-06-09 15:50:00,2026-06-09 16:05:00,during_fault,38.846504,1
2026-06-09 15:50:50,350,EXP_FAULT_04,RUN_04,network_delay,1,checkoutservice,checkout-f04-01,online-boutique,node-b,0.431,35.7781,0,124.6016,0.005107,94.3289,50.7569,181.0845,280.6229,457.9642,112.1215,123.9653,0.1544,0.4819,113723.1329,114116.2208,network_delay,frontend,2026-06-09 15:50:00,2026-06-09 16:05:00,during_fault,54.741932,1
2026-06-09 15:50:55,355,EXP_FAULT_04,RUN_04,network_delay,1,checkoutservice,checkout-f04-01,online-boutique,node-b,0.4213,36.2437,0,127.8535,0.004595,93.8985,53.4793,191.6622,259.0211,472.1599,115.4881,127.2661,0.1034,0.484,109010.3149,93304.1182,network_delay,frontend,2026-06-09 15:50:00,2026-06-09 16:05:00,during_fault,53.801964,1
2026-06-09 15:51:00,360,EXP_FAULT_04,RUN_04,network_delay,1,checkoutservice,checkout-f04-01,online-boutique,node-b,0.4432,35.2434,0,129.0362,0.00414,89.4184,48.5931,164.9978,245.4642,435.8561,117.0137,128.5019,0.0767,0.4575,167550.7586,110588.6206,network_delay,frontend,2026-06-09 15:50:00,2026-06-09 16:05:00,during_fault,41.568127,1
2026-06-09 15:51:05,365,EXP_FAULT_04,RUN_04,network_delay,1,checkoutservice,checkout-f04-01,online-boutique,node-b,0.4286,36.3177,0,130.1995,0.005664,88.3227,51.9938,178.3394,240.2039,467.2851,118.3835,129.462,0.2541,0.4834,150603.6469,94369.1835,network_delay,frontend,2026-06-09 15:50:00,2026-06-09 16:05:00,during_fault,40.315636,1
2026-06-09 15:51:10,370,EXP_FAULT_04,RUN_04,network_delay,1,checkoutservice,checkout-f04-01,online-boutique,node-b,0.4594,36.5133,0,125.0571,0.005348,88.0216,49.0877,174.0416,257.1361,415.8556,114.2118,124.3883,0.2363,0.4325,159254.8215,116625.8798,network_delay,frontend,2026-06-09 15:50:00,2026-06-09 16:05:00,during_fault,38.617867,1
2026-06-09 15:51:15,375,EXP_FAULT_04,RUN_04,network_delay,1,checkoutservice,checkout-f04-01,online-boutique,node-b,0.4445,36.215,0,125.0628,0.004591,77.8839,47.6957,145.9924,235.208,403.691,114.6603,124.4886,0.1801,0.3941,151583.8602,89981.162,network_delay,frontend,2026-06-09 15:50:00,2026-06-09 16:05:00,during_fault,22.50208,1
2026-06-09 15:51:20,380,EXP_FAULT_04,RUN_04,network_delay,1,checkoutservice,checkout-f04-01,online-boutique,node-b,0.4358,36.1816,0,127.49,0.0043,83.2935,51.3781,164.5911,216.5568,396.7395,117.296,126.9418,0.1585,0.3898,135040.1122,89624.3018,network_delay,frontend,2026-06-09 15:50:00,2026-06-09 16:05:00,during_fault,31.168848,1
2026-06-09 15:51:25,385,EXP_FAULT_04,RUN_04,network_delay,1,checkoutservice,checkout-f04-01,online-boutique,node-b,0.4492,36.4058,0,128.8104,0.004649,79.86,45.6161,159.298,213.5003,375.9579,118.8879,128.2115,0.2029,0.396,137133.2425,123168.451,network_delay,frontend,2026-06-09 15:50:00,2026-06-09 16:05:00,during_fault,24.21407,1
2026-06-09 15:51:30,390,EXP_FAULT_04,RUN_04,network_delay,1,checkoutservice,checkout-f04-01,online-boutique,node-b,0.4527,35.7218,0,131.9005,0.003851,81.7476,46.0435,161.9213,219.6705,402.5199,122.1883,131.3925,0.1316,0.3764,149959.6848,106610.2818,network_delay,frontend,2026-06-09 15:50:00,2026-06-09 16:05:00,during_fault,26.169378,1
2026-06-09 15:51:35,395,EXP_FAULT_04,RUN_04,network_delay,1,checkoutservice,checkout-f04-01,online-boutique,node-b,0.4219,36.5793,0,130.1968,0.004502,77.0009,49.8388,149.2183,211.0331,359.6476,120.9467,129.6108,0.2034,0.3827,116780.6348,109452.6761,network_delay,frontend,2026-06-09 15:50:00,2026-06-09 16:05:00,during_fault,21.75153,1
2026-06-09 15:51:40,400,EXP_FAULT_04,RUN_04,network_delay,1,checkoutservice,checkout-f04-01,online-boutique,node-b,0.4508,36.4007,0,127.9641,0.003756,76.231,43.5086,130.7794,190.4544,357.7634,119.2191,127.4834,0.1183,0.3623,155544.559,106389.8364,network_delay,frontend,2026-06-09 15:50:00,2026-06-09 16:05:00,during_fault,19.123432,1
2026-06-09 15:51:45,405,EXP_FAULT_04,RUN_04,network_delay,1,checkoutservice,checkout-f04-01,online-boutique,node-b,0.414,35.9452,0,128.7406,0.003802,82.2153,50.992,156.5187,205.0358,376.0836,120.2083,128.251,0.1584,0.3312,145046.634,90555.5975,network_delay,frontend,2026-06-09 15:50:00,2026-06-09 16:05:00,during_fault,31.326488,1
2026-06-09 15:51:50,410,EXP_FAULT_04,RUN_04,network_delay,1,checkoutservice,checkout-f04-01,online-boutique,node-b,0.4716,35.9391,0,130.2123,0.003538,72.8999,42.8197,131.2658,177.6004,322.9595,121.806,129.7516,0.1467,0.314,116260.0031,108813.4264,network_delay,frontend,2026-06-09 15:50:00,2026-06-09 16:05:00,during_fault,13.697431,1
2026-06-09 15:51:55,415,EXP_FAULT_04,RUN_04,network_delay,1,checkoutservice,checkout-f04-01,online-boutique,node-b,0.4187,36.0969,0,125.5444,0.003304,77.5624,49.2597,134.0017,212.0013,337.6537,117.6451,125.1296,0.0933,0.3215,129736.6091,84092.2849,network_delay,frontend,2026-06-09 15:50:00,2026-06-09 16:05:00,during_fault,24.043371,1
2026-06-09 15:52:00,420,EXP_FAULT_04,RUN_04,network_delay,1,checkoutservice,checkout-f04-01,online-boutique,node-b,0.4282,36.3374,0,133.2451,0.004047,77.3272,48.6711,134.5216,196.1761,349.0417,124.9283,132.7059,0.2032,0.336,147857.6045,112508.052,network_delay,frontend,2026-06-09 15:50:00,2026-06-09 16:05:00,during_fault,21.088764,1
2026-06-09 15:52:05,425,EXP_FAULT_04,RUN_04,network_delay,1,checkoutservice,checkout-f04-01,online-boutique,node-b,0.4614,36.0295,0,127.7054,0.004161,70.7343,42.5706,135.7975,195.4541,316.4823,119.8072,127.174,0.2034,0.328,125978.95,96256.1873,network_delay,frontend,2026-06-09 15:50:00,2026-06-09 16:05:00,during_fault,12.145357,1
2026-06-09 15:52:10,430,EXP_FAULT_04,RUN_04,network_delay,1,checkoutservice,checkout-f04-01,online-boutique,node-b,0.4255,35.8871,0,125.0795,0.004194,66.9992,44.2343,129.4743,182.3411,306.7884,117.3807,124.5549,0.196,0.3286,118290.88,128368.0222,network_delay,frontend,2026-06-09 15:50:00,2026-06-09 16:05:00,during_fault,10.345109,1
2026-06-09 15:52:15,435,EXP_FAULT_04,RUN_04,network_delay,1,checkoutservice,checkout-f04-01,online-boutique,node-b,0.4175,36.0714,0,120.5939,0.003985,66.4211,42.8688,118.9131,172.5739,284.9867,113.1701,120.1134,0.1794,0.3011,110044.1564,93623.0517,network_delay,frontend,2026-06-09 15:50:00,2026-06-09 16:05:00,during_fault,10.8749075,1
2026-06-09 15:52:20,440,EXP_FAULT_04,RUN_04,network_delay,1,checkoutservice,checkout-f04-01,online-boutique,node-b,0.4584,35.7618,0,122.3249,0.003044,73.8881,48.827,130.3126,177.9024,305.7422,114.7545,121.9526,0.0853,0.287,157309.8994,124207.4759,network_delay,frontend,2026-06-09 15:50:00,2026-06-09 16:05:00,during_fault,16.980602,1
2026-06-09 15:52:25,445,EXP_FAULT_04,RUN_04,network_delay,1,checkoutservice,checkout-f04-01,online-boutique,node-b,0.4165,36.6227,0,124.1637,0.003966,76.6699,45.53,148.2089,212.5054,320.315,116.3191,123.6712,0.1853,0.3071,110898.8295,92203.5007,network_delay,frontend,2026-06-09 15:50:00,2026-06-09 16:05:00,during_fault,23.050724,1
2026-06-09 15:52:30,450,EXP_FAULT_04,RUN_04,network_delay,1,checkoutservice,checkout-f04-01,online-boutique,node-b,0.4347,36.5907,0,126.3612,0.003279,78.58,47.8356,136.4551,201.8051,313.0063,118.209,125.9468,0.1082,0.3062,165826.5031,119735.4161,network_delay,frontend,2026-06-09 15:50:00,2026-06-09 16:05:00,during_fault,23.918217,1
2026-06-09 15:52:35,455,EXP_FAULT_04,RUN_04,network_delay,1,checkoutservice,checkout-f04-01,online-boutique,node-b,0.4362,36.3127,0,118.6311,0.003413,73.3073,47.3061,132.5852,198.4213,313.6491,110.7614,118.2263,0.1093,0.2956,139552.1395,86733.6597,network_delay,frontend,2026-06-09 15:50:00,2026-06-09 16:05:00,during_fault,18.111845,1
2026-06-09 15:52:40,460,EXP_FAULT_04,RUN_04,network_delay,1,checkoutservice,checkout-f04-01,online-boutique,node-b,0.4289,36.2504,0,121.4116,0.004674,72.2707,42.5319,129.1668,205.5066,339.7398,113.0492,120.8441,0.2356,0.3319,117328.2997,108309.2215,network_delay,frontend,2026-06-09 15:50:00,2026-06-09 16:05:00,during_fault,16.682425,1
2026-06-09 15:52:45,465,EXP_FAULT_04,RUN_04,network_delay,1,checkoutservice,checkout-f04-01,online-boutique,node-b,0.4175,35.9112,0,120.4947,0.004143,78.1063,46.6185,154.623,211.589,326.2787,111.9222,119.9955,0.1612,0.3381,127856.4963,100211.7237,network_delay,frontend,2026-06-09 15:50:00,2026-06-09 16:05:00,during_fault,26.117321,1
2026-06-09 15:52:50,470,EXP_FAULT_04,RUN_04,network_delay,1,checkoutservice,checkout-f04-01,online-boutique,node-b,0.4331,36.5501,0,120.8656,0.003966,83.2545,52.5491,159.6857,217.0983,375.6428,111.9661,120.3862,0.1131,0.3663,149659.9676,121578.5415,network_delay,frontend,2026-06-09 15:50:00,2026-06-09 16:05:00,during_fault,33.13369,1
2026-06-09 15:52:55,475,EXP_FAULT_04,RUN_04,network_delay,1,checkoutservice,checkout-f04-01,online-boutique,node-b,0.4427,36.0674,0,123.7721,0.004684,77.8525,45.4095,136.8689,204.4611,339.4426,114.2194,123.1923,0.2228,0.357,144168.27,123908.7391,network_delay,frontend,2026-06-09 15:50:00,2026-06-09 16:05:00,during_fault,22.895803,1
2026-06-09 15:53:00,480,EXP_FAULT_04,RUN_04,network_delay,1,checkoutservice,checkout-f04-01,online-boutique,node-b,0.4212,35.8895,0,116.7953,0.004727,87.8246,51.953,163.7181,251.4511,399.0739,107.4506,116.2432,0.1907,0.3614,109141.7886,84041.5237,network_delay,frontend,2026-06-09 15:50:00,2026-06-09 16:05:00,during_fault,44.366367,1
2026-06-09 15:53:05,485,EXP_FAULT_04,RUN_04,network_delay,1,checkoutservice,checkout-f04-01,online-boutique,node-b,0.4343,36.3465,0,119.1593,0.004287,83.435,47.4549,165.3117,226.6594,402.5266,109.2303,118.6485,0.1013,0.4096,131606.6799,118827.993,network_delay,frontend,2026-06-09 15:50:00,2026-06-09 16:05:00,during_fault,33.846786,1
2026-06-09 15:53:10,490,EXP_FAULT_04,RUN_04,network_delay,1,checkoutservice,checkout-f04-01,online-boutique,node-b,0.4266,36.3917,0,118.3632,0.004729,87.7294,52.2973,166.7867,235.0054,452.8003,108.1177,117.8034,0.1387,0.4211,106494.0289,105053.9031,network_delay,frontend,2026-06-09 15:50:00,2026-06-09 16:05:00,during_fault,42.99878,1
2026-06-09 15:53:15,495,EXP_FAULT_04,RUN_04,network_delay,1,checkoutservice,checkout-f04-01,online-boutique,node-b,0.4294,36.1874,0,119.5855,0.005581,84.1718,48.0688,159.6213,234.9199,416.6141,108.7958,118.9181,0.2279,0.4396,120068.1736,85467.2524,network_delay,frontend,2026-06-09 15:50:00,2026-06-09 16:05:00,during_fault,35.50826,1
2026-06-09 15:53:20,500,EXP_FAULT_04,RUN_04,network_delay,1,checkoutservice,checkout-f04-01,online-boutique,node-b,0.4133,36.4219,0,117.0173,0.004403,86.1134,48.3954,178.7941,247.1935,408.3845,106.0812,116.502,0.0673,0.448,119689.1377,123910.3663,network_delay,frontend,2026-06-09 15:50:00,2026-06-09 16:05:00,during_fault,41.63143,1
2026-06-09 15:53:25,505,EXP_FAULT_04,RUN_04,network_delay,1,checkoutservice,checkout-f04-01,online-boutique,node-b,0.4063,36.2465,0,116.1719,0.005513,79.1847,47.7356,163.4272,237.5102,433.8906,104.8417,115.5314,0.1779,0.4626,131673.5624,112946.5781,network_delay,frontend,2026-06-09 15:50:00,2026-06-09 16:05:00,during_fault,29.923695,1
2026-06-09 15:53:30,510,EXP_FAULT_04,RUN_04,network_delay,1,checkoutservice,checkout-f04-01,online-boutique,node-b,0.4343,36.1896,0,121.5211,0.004855,87.4138,51.999,179.8179,259.6127,432.8343,109.3277,120.9312,0.1174,0.4725,131485.0014,96410.9881,network_delay,frontend,2026-06-09 15:50:00,2026-06-09 16:05:00,during_fault,40.631985,1
2026-06-09 15:53:35,515,EXP_FAULT_04,RUN_04,network_delay,1,checkoutservice,checkout-f04-01,online-boutique,node-b,0.443,35.2844,0,116.5364,0.00517,78.6081,43.8786,163.2259,233.4923,382.6517,104.4713,115.9339,0.1402,0.4623,148780.366,97837.506,network_delay,frontend,2026-06-09 15:50:00,2026-06-09 16:05:00,during_fault,25.932903,1
2026-06-09 15:53:40,520,EXP_FAULT_04,RUN_04,network_delay,1,checkoutservice,checkout-f04-01,online-boutique,node-b,0.4312,36.4078,0,119.8916,0.0047,95.3352,57.3747,201.0953,267.7686,464.3817,107.1488,119.3282,0.0658,0.4976,141743.1758,95764.2903,network_delay,frontend,2026-06-09 15:50:00,2026-06-09 16:05:00,during_fault,58.68679,1
2026-06-09 15:53:45,525,EXP_FAULT_04,RUN_04,network_delay,1,checkoutservice,checkout-f04-01,online-boutique,node-b,0.4442,35.236,0,118.6203,0.005771,96.8294,50.2045,205.7084,299.2534,546.7596,105.637,117.9357,0.158,0.5265,153115.405,124206.1523,network_delay,frontend,2026-06-09 15:50:00,2026-06-09 16:05:00,during_fault,61.40909,1
2026-06-09 15:53:50,530,EXP_FAULT_04,RUN_04,network_delay,1,checkoutservice,checkout-f04-01,online-boutique,node-b,0.4524,36.3989,0,116.5745,0.00519,97.0386,55.7718,181.2009,277.7512,476.2399,103.5574,115.9694,0.0862,0.5189,107538.6111,117647.094,network_delay,frontend,2026-06-09 15:50:00,2026-06-09 16:05:00,during_fault,61.81901,1
2026-06-09 15:53:55,535,EXP_FAULT_04,RUN_04,network_delay,1,checkoutservice,checkout-f04-01,online-boutique,node-b,0.4485,36.1663,0,119.9361,0.005362,106.7294,55.3339,215.9458,327.5618,600.3302,106.2543,119.2931,0.0927,0.5504,138673.8109,122678.2198,network_delay,frontend,2026-06-09 15:50:00,2026-06-09 16:05:00,during_fault,86.4279,1
2026-06-09 15:54:00,540,EXP_FAULT_04,RUN_04,network_delay,1,checkoutservice,checkout-f04-01,online-boutique,node-b,0.4581,35.3271,0,120.7004,0.00557,93.6816,53.4936,198.0737,269.1467,480.9381,106.6786,120.0281,0.1039,0.5683,154539.6856,105210.6078,network_delay,frontend,2026-06-09 15:50:00,2026-06-09 16:05:00,during_fault,51.950706,1
2026-06-09 15:54:05,545,EXP_FAULT_04,RUN_04,network_delay,1,checkoutservice,checkout-f04-01,online-boutique,node-b,0.425,35.737,0,125.824,0.005831,100.6959,57.2116,216.3187,332.2367,578.2356,111.016,125.0904,0.1695,0.5641,125484.4912,110392.4743,network_delay,frontend,2026-06-09 15:50:00,2026-06-09 16:05:00,during_fault,70.58284,1
2026-06-09 15:54:10,550,EXP_FAULT_04,RUN_04,network_delay,1,checkoutservice,checkout-f04-01,online-boutique,node-b,0.4232,36.948,0,120.7935,0.00592,107.5078,60.0386,213.7393,342.5315,569.6583,106.4539,120.0784,0.1508,0.5642,112827.1128,84561.7534,network_delay,frontend,2026-06-09 15:50:00,2026-06-09 16:05:00,during_fault,91.62293,1
2026-06-09 15:54:15,555,EXP_FAULT_04,RUN_04,network_delay,1,checkoutservice,checkout-f04-01,online-boutique,node-b,0.4553,36.4375,0,125.9183,0.005803,106.7997,57.4118,201.7218,359.6014,542.7311,110.845,125.1876,0.1534,0.5773,151934.2483,105516.2935,network_delay,frontend,2026-06-09 15:50:00,2026-06-09 16:05:00,during_fault,82.95677,1
2026-06-09 15:54:20,560,EXP_FAULT_04,RUN_04,network_delay,1,checkoutservice,checkout-f04-01,online-boutique,node-b,0.4188,36.6514,0,120.953,0.00658,96.5675,54.3944,194.9571,290.6488,496.6062,106.3785,120.1571,0.233,0.5629,111379.9514,87093.6669,network_delay,frontend,2026-06-09 15:50:00,2026-06-09 16:05:00,during_fault,62.651745,1
2026-06-09 15:54:25,565,EXP_FAULT_04,RUN_04,network_delay,1,checkoutservice,checkout-f04-01,online-boutique,node-b,0.4213,37.1206,0,125.0787,0.005792,114.5364,65.6021,248.7313,377.9481,602.2326,110.0697,124.3543,0.1341,0.5903,136494.1065,94817.6296,network_delay,frontend,2026-06-09 15:50:00,2026-06-09 16:05:00,during_fault,111.75474,1
2026-06-09 15:54:30,570,EXP_FAULT_04,RUN_04,network_delay,1,checkoutservice,checkout-f04-01,online-boutique,node-b,0.4439,36.2994,0,126.7599,0.006228,107.79,58.2909,214.5817,350.8917,557.9996,111.5814,125.9704,0.1721,0.6174,158641.8882,128679.7386,network_delay,frontend,2026-06-09 15:50:00,2026-06-09 16:05:00,during_fault,86.81405,1
2026-06-09 15:54:35,575,EXP_FAULT_04,RUN_04,network_delay,1,checkoutservice,checkout-f04-01,online-boutique,node-b,0.4367,35.2829,0,128.882,0.006133,102.2806,56.3175,204.7762,331.5951,576.4897,113.5489,128.0916,0.1713,0.6191,167998.6459,102715.2163,network_delay,frontend,2026-06-09 15:50:00,2026-06-09 16:05:00,during_fault,71.94588,1
2026-06-09 15:54:40,580,EXP_FAULT_04,RUN_04,network_delay,1,checkoutservice,checkout-f04-01,online-boutique,node-b,0.4405,35.794,0,127.5051,0.005605,95.9245,51.5257,193.2365,301.938,544.0703,112.497,126.7904,0.1191,0.5956,118099.6237,97947.848,network_delay,frontend,2026-06-09 15:50:00,2026-06-09 16:05:00,during_fault,56.221485,1
2026-06-09 15:54:45,585,EXP_FAULT_04,RUN_04,network_delay,1,checkoutservice,checkout-f04-01,online-boutique,node-b,0.4476,36.2758,0,128.5761,0.005688,105.3862,61.1283,208.1682,336.8894,591.5916,113.6685,127.8448,0.1334,0.5979,151825.9603,112079.7567,network_delay,frontend,2026-06-09 15:50:00,2026-06-09 16:05:00,during_fault,78.789894,1
2026-06-09 15:54:50,590,EXP_FAULT_04,RUN_04,network_delay,1,checkoutservice,checkout-f04-01,online-boutique,node-b,0.4546,36.4954,0,127.0898,0.005259,100.7939,59.4423,197.4227,320.4892,516.8451,112.5832,126.4215,0.0968,0.5715,164870.2951,117530.8195,network_delay,frontend,2026-06-09 15:50:00,2026-06-09 16:05:00,during_fault,66.53803,1
2026-06-09 15:54:55,595,EXP_FAULT_04,RUN_04,network_delay,1,checkoutservice,checkout-f04-01,online-boutique,node-b,0.4387,36.3096,0,128.6145,0.005259,91.0349,49.6982,189.4554,290.2249,480.7157,114.2241,127.9382,0.1271,0.5492,164117.653,104072.9655,network_delay,frontend,2026-06-09 15:50:00,2026-06-09 16:05:00,during_fault,45.219093,1
2026-06-09 15:55:00,600,EXP_FAULT_04,RUN_04,network_delay,1,checkoutservice,checkout-f04-01,online-boutique,node-b,0.4398,35.6553,0,126.2346,0.006085,94.472,53.805,182.9118,301.3815,512.4476,112.4177,125.4664,0.2043,0.5639,135163.2684,89403.7346,network_delay,frontend,2026-06-09 15:50:00,2026-06-09 16:05:00,during_fault,53.46161,1
2026-06-09 15:55:05,605,EXP_FAULT_04,RUN_04,network_delay,1,checkoutservice,checkout-f04-01,online-boutique,node-b,0.4654,35.8021,0,127.9542,0.005347,100.8568,60.7096,202.8331,319.5715,564.3783,114.3376,127.2701,0.1642,0.52,127327.3659,109963.1699,network_delay,frontend,2026-06-09 15:50:00,2026-06-09 16:05:00,during_fault,65.27035,1
2026-06-09 15:55:10,610,EXP_FAULT_04,RUN_04,network_delay,1,checkoutservice,checkout-f04-01,online-boutique,node-b,0.4391,35.5964,0,128.4945,0.006082,97.1662,56.3113,181.7435,278.3344,520.244,115.1269,127.713,0.2516,0.5299,111761.063,88136.073,network_delay,frontend,2026-06-09 15:50:00,2026-06-09 16:05:00,during_fault,58.958355,1
2026-06-09 15:55:15,615,EXP_FAULT_04,RUN_04,network_delay,1,checkoutservice,checkout-f04-01,online-boutique,node-b,0.4302,35.7349,0,130.1962,0.005091,93.9775,54.6338,191.5841,267.5032,476.5117,117.162,129.5334,0.1312,0.5316,153659.6826,126308.3667,network_delay,frontend,2026-06-09 15:50:00,2026-06-09 16:05:00,during_fault,52.126015,1
2026-06-09 15:55:20,620,EXP_FAULT_04,RUN_04,network_delay,1,checkoutservice,checkout-f04-01,online-boutique,node-b,0.4622,36.0665,0,130.3634,0.004996,87.0646,53.8085,176.8804,241.0226,449.5424,117.7082,129.7121,0.1391,0.5121,115395.4521,126559.9961,network_delay,frontend,2026-06-09 15:50:00,2026-06-09 16:05:00,during_fault,34.94861,1
2026-06-09 15:55:25,625,EXP_FAULT_04,RUN_04,network_delay,1,checkoutservice,checkout-f04-01,online-boutique,node-b,0.4375,36.0881,0,126.0307,0.005103,89.3431,49.2299,178.3689,255.3803,461.4043,114.2462,125.3875,0.1682,0.4749,131173.4448,127618.5433,network_delay,frontend,2026-06-09 15:50:00,2026-06-09 16:05:00,during_fault,42.74967,1
2026-06-09 15:55:30,630,EXP_FAULT_04,RUN_04,network_delay,1,checkoutservice,checkout-f04-01,online-boutique,node-b,0.445,37.5166,0,127.4964,0.004095,88.9401,50.2325,169.1161,238.5964,459.7662,116.0529,126.9744,0.081,0.441,143203.0073,121028.0251,network_delay,frontend,2026-06-09 15:50:00,2026-06-09 16:05:00,during_fault,40.71966,1
2026-06-09 15:55:35,635,EXP_FAULT_04,RUN_04,network_delay,1,checkoutservice,checkout-f04-01,online-boutique,node-b,0.439,36.0542,0,127.1113,0.004859,81.6434,44.7736,146.1845,239.17,428.0261,116.1171,126.4936,0.1615,0.4562,113610.5193,127006.6085,network_delay,frontend,2026-06-09 15:50:00,2026-06-09 16:05:00,during_fault,28.2299,1
2026-06-09 15:55:40,640,EXP_FAULT_04,RUN_04,network_delay,1,checkoutservice,checkout-f04-01,online-boutique,node-b,0.4397,36.9438,0,120.233,0.004994,78.5355,46.7796,155.6567,227.7293,398.9601,110.2235,119.6326,0.2,0.4004,126379.3376,122784.0403,network_delay,frontend,2026-06-09 15:50:00,2026-06-09 16:05:00,during_fault,24.953014,1
2026-06-09 15:55:45,645,EXP_FAULT_04,RUN_04,network_delay,1,checkoutservice,checkout-f04-01,online-boutique,node-b,0.4304,36.4087,0,124.9097,0.00365,82.4509,52.4587,152.502,214.1459,348.8819,114.9619,124.4538,0.0775,0.3784,107935.3745,110731.9481,network_delay,frontend,2026-06-09 15:50:00,2026-06-09 16:05:00,during_fault,30.901184,1
2026-06-09 15:55:50,650,EXP_FAULT_04,RUN_04,network_delay,1,checkoutservice,checkout-f04-01,online-boutique,node-b,0.3988,36.0022,0,122.0363,0.004175,77.8018,49.7055,150.3698,211.7136,328.9875,112.6498,121.5268,0.1515,0.358,119971.5723,83194.1544,network_delay,frontend,2026-06-09 15:50:00,2026-06-09 16:05:00,during_fault,27.275263,1
2026-06-09 15:55:55,655,EXP_FAULT_04,RUN_04,network_delay,1,checkoutservice,checkout-f04-01,online-boutique,node-b,0.4445,36.8556,0,122.7429,0.004984,75.2167,48.9217,139.4808,216.539,346.7291,113.6675,122.1311,0.2403,0.3714,156690.2336,88953.3524,network_delay,frontend,2026-06-09 15:50:00,2026-06-09 16:05:00,during_fault,19.297094,1
2026-06-09 15:56:00,660,EXP_FAULT_04,RUN_04,network_delay,1,checkoutservice,checkout-f04-01,online-boutique,node-b,0.436,35.6738,0,124.5225,0.004317,74.2301,42.8446,141.623,203.4196,303.6961,115.6385,123.9849,0.2055,0.3321,122145.9315,103927.9931,network_delay,frontend,2026-06-09 15:50:00,2026-06-09 16:05:00,during_fault,18.169659,1
2026-06-09 15:56:05,665,EXP_FAULT_04,RUN_04,network_delay,1,checkoutservice,checkout-f04-01,online-boutique,node-b,0.4269,36.4805,0,124.3042,0.003859,75.1294,46.1168,139.8929,199.976,340.5732,115.7782,123.8244,0.1335,0.3463,134609.9817,109282.5162,network_delay,frontend,2026-06-09 15:50:00,2026-06-09 16:05:00,during_fault,19.967937,1
2026-06-09 15:56:10,670,EXP_FAULT_04,RUN_04,network_delay,1,checkoutservice,checkout-f04-01,online-boutique,node-b,0.4523,36.513,0,121.2507,0.004291,70.953,44.5965,122.7702,188.3578,320.8653,113.1819,120.7304,0.1781,0.3422,153742.0931,91363.3702,network_delay,frontend,2026-06-09 15:50:00,2026-06-09 16:05:00,during_fault,13.95847,1
2026-06-09 15:56:15,675,EXP_FAULT_04,RUN_04,network_delay,1,checkoutservice,checkout-f04-01,online-boutique,node-b,0.4221,36.8016,0,122.3941,0.004226,71.7605,44.6393,141.7563,198.8006,326.0005,114.4399,121.8769,0.1875,0.3298,135816.0346,110797.4096,network_delay,frontend,2026-06-09 15:50:00,2026-06-09 16:05:00,during_fault,16.235691,1
2026-06-09 15:56:20,680,EXP_FAULT_04,RUN_04,network_delay,1,checkoutservice,checkout-f04-01,online-boutique,node-b,0.4645,35.2016,0,121.5002,0.004322,79.7206,53.3532,139.2131,207.3065,327.6636,113.8005,120.9751,0.2154,0.3097,120967.7414,126624.4885,network_delay,frontend,2026-06-09 15:50:00,2026-06-09 16:05:00,during_fault,25.093311,1
2026-06-09 15:56:25,685,EXP_FAULT_04,RUN_04,network_delay,1,checkoutservice,checkout-f04-01,online-boutique,node-b,0.418,35.6608,0,125.0632,0.003162,74.4551,45.3791,137.89,197.8795,319.2222,117.3183,124.6678,0.1043,0.2911,110303.4982,130960.7418,network_delay,frontend,2026-06-09 15:50:00,2026-06-09 16:05:00,during_fault,19.852156,1
2026-06-09 15:56:30,690,EXP_FAULT_04,RUN_04,network_delay,1,checkoutservice,checkout-f04-01,online-boutique,node-b,0.4391,36.2111,0,119.1307,0.00342,74.3962,44.8586,134.6976,188.232,294.7412,111.8146,118.7233,0.1041,0.3034,130965.201,87383.6174,network_delay,frontend,2026-06-09 15:50:00,2026-06-09 16:05:00,during_fault,19.292227,1
2026-06-09 15:56:35,695,EXP_FAULT_04,RUN_04,network_delay,1,checkoutservice,checkout-f04-01,online-boutique,node-b,0.4203,36.8266,0,124.7923,0.003014,72.3798,47.0005,128.3914,185.2747,307.3407,117.181,124.4162,0.0607,0.3154,159264.5957,99365.5879,network_delay,frontend,2026-06-09 15:50:00,2026-06-09 16:05:00,during_fault,16.743946,1
2026-06-09 15:56:40,700,EXP_FAULT_04,RUN_04,network_delay,1,checkoutservice,checkout-f04-01,online-boutique,node-b,0.4425,35.9385,0,126.4127,0.003087,72.187,48.5261,125.3582,182.7609,311.1235,118.6618,126.0224,0.0959,0.2943,151219.5196,120810.7108,network_delay,frontend,2026-06-09 15:50:00,2026-06-09 16:05:00,during_fault,14.812472,1
2026-06-09 15:56:45,705,EXP_FAULT_04,RUN_04,network_delay,1,checkoutservice,checkout-f04-01,online-boutique,node-b,0.4387,35.7217,0,122.9361,0.00407,65.8978,43.1928,116.0067,159.1209,280.2545,115.2377,122.4357,0.1927,0.3076,138646.004,99640.2253,network_delay,frontend,2026-06-09 15:50:00,2026-06-09 16:05:00,during_fault,8.937405,1
2026-06-09 15:56:50,710,EXP_FAULT_04,RUN_04,network_delay,1,checkoutservice,checkout-f04-01,online-boutique,node-b,0.4476,36.3691,0,126.3295,0.003516,74.4216,46.2096,140.3523,182.815,311.1274,118.3696,125.8852,0.1115,0.3327,142270.8565,93357.9453,network_delay,frontend,2026-06-09 15:50:00,2026-06-09 16:05:00,during_fault,17.276031,1
2026-06-09 15:56:55,715,EXP_FAULT_04,RUN_04,network_delay,1,checkoutservice,checkout-f04-01,online-boutique,node-b,0.4316,35.687,0,124.4887,0.004215,78.1968,45.5578,149.6599,218.5023,358.84,116.3851,123.964,0.1845,0.3403,113084.2163,104266.5975,network_delay,frontend,2026-06-09 15:50:00,2026-06-09 16:05:00,during_fault,24.111559,1
2026-06-09 15:57:00,720,EXP_FAULT_04,RUN_04,network_delay,1,checkoutservice,checkout-f04-01,online-boutique,node-b,0.4273,36.7448,0,127.1521,0.004106,71.3102,42.7179,142.205,183.2679,307.3053,118.715,126.6301,0.1913,0.3308,142515.6071,124808.8068,network_delay,frontend,2026-06-09 15:50:00,2026-06-09 16:05:00,during_fault,14.47675,1
2026-06-09 15:57:05,725,EXP_FAULT_04,RUN_04,network_delay,1,checkoutservice,checkout-f04-01,online-boutique,node-b,0.4154,36.3506,0,132.0856,0.003218,77.902,46.9621,151.1881,205.5931,374.3925,123.0787,131.6605,0.0856,0.3396,115458.3514,101183.1029,network_delay,frontend,2026-06-09 15:50:00,2026-06-09 16:05:00,during_fault,23.455715,1
2026-06-09 15:57:10,730,EXP_FAULT_04,RUN_04,network_delay,1,checkoutservice,checkout-f04-01,online-boutique,node-b,0.4493,36.2413,0,126.9735,0.004255,78.3155,51.4842,137.3099,197.5008,363.9502,117.9042,126.4333,0.1887,0.3515,107166.8264,87024.7988,network_delay,frontend,2026-06-09 15:50:00,2026-06-09 16:05:00,during_fault,22.368546,1
2026-06-09 15:57:15,735,EXP_FAULT_04,RUN_04,network_delay,1,checkoutservice,checkout-f04-01,online-boutique,node-b,0.4512,35.9844,0,137.0762,0.004348,78.3612,45.1603,142.0148,227.044,350.7953,126.9179,136.4802,0.2013,0.3946,141085.729,93660.9304,network_delay,frontend,2026-06-09 15:50:00,2026-06-09 16:05:00,during_fault,19.997583,1
2026-06-09 15:57:20,740,EXP_FAULT_04,RUN_04,network_delay,1,checkoutservice,checkout-f04-01,online-boutique,node-b,0.4545,36.9611,0,132.4495,0.004184,82.9701,48.8289,154.9968,218.1631,406.5925,122.3052,131.8953,0.1524,0.4018,116303.9923,118328.6312,network_delay,frontend,2026-06-09 15:50:00,2026-06-09 16:05:00,during_fault,27.796545,1
2026-06-09 15:57:25,745,EXP_FAULT_04,RUN_04,network_delay,1,checkoutservice,checkout-f04-01,online-boutique,node-b,0.4177,36.4485,0,128.0512,0.00432,84.4547,51.365,170.1328,237.2737,357.4009,117.8487,127.498,0.1679,0.3853,159332.589,115574.3496,network_delay,frontend,2026-06-09 15:50:00,2026-06-09 16:05:00,during_fault,34.855553,1
2026-06-09 15:57:30,750,EXP_FAULT_04,RUN_04,network_delay,1,checkoutservice,checkout-f04-01,online-boutique,node-b,0.447,36.476,0,130.5443,0.005055,88.5522,48.7219,162.2347,250.2003,444.9528,119.6101,129.8843,0.2292,0.4308,145607.4118,100461.7111,network_delay,frontend,2026-06-09 15:50:00,2026-06-09 16:05:00,during_fault,38.83117,1
2026-06-09 15:57:35,755,EXP_FAULT_04,RUN_04,network_delay,1,checkoutservice,checkout-f04-01,online-boutique,node-b,0.4795,35.7593,0,137.5525,0.005042,83.4087,48.9348,157.0891,237.0911,410.3933,125.6488,136.859,0.2052,0.4883,143513.1972,100491.0738,network_delay,frontend,2026-06-09 15:50:00,2026-06-09 16:05:00,during_fault,25.73119,1
2026-06-09 15:57:40,760,EXP_FAULT_04,RUN_04,network_delay,1,checkoutservice,checkout-f04-01,online-boutique,node-b,0.4325,36.1455,0,134.8791,0.004631,89.2615,53.0862,158.7535,246.4887,441.2264,122.7437,134.2544,0.1465,0.4782,131683.2247,92848.4851,network_delay,frontend,2026-06-09 15:50:00,2026-06-09 16:05:00,during_fault,40.41651,1
2026-06-09 15:57:45,765,EXP_FAULT_04,RUN_04,network_delay,1,checkoutservice,checkout-f04-01,online-boutique,node-b,0.4503,36.7635,0,139.8487,0.00472,95.5773,58.5329,180.0134,278.5989,516.3751,126.7923,139.1886,0.1283,0.5318,186378.3259,123517.3846,network_delay,frontend,2026-06-09 15:50:00,2026-06-09 16:05:00,during_fault,49.87496,1
2026-06-09 15:57:50,770,EXP_FAULT_04,RUN_04,network_delay,1,checkoutservice,checkout-f04-01,online-boutique,node-b,0.476,36.5655,0,139.3508,0.005183,90.8627,51.3696,164.5304,266.4202,442.1243,125.8466,138.6285,0.1996,0.5226,138213.6012,97507.8604,network_delay,frontend,2026-06-09 15:50:00,2026-06-09 16:05:00,during_fault,38.2461,1
2026-06-09 15:57:55,775,EXP_FAULT_04,RUN_04,network_delay,1,checkoutservice,checkout-f04-01,online-boutique,node-b,0.4214,35.9959,0,135.7378,0.005296,86.4787,47.0406,181.7624,271.9399,482.7248,122.1184,135.0189,0.1653,0.5535,145735.5176,93415.3257,network_delay,frontend,2026-06-09 15:50:00,2026-06-09 16:05:00,during_fault,36.16726,1
2026-06-09 15:58:00,780,EXP_FAULT_04,RUN_04,network_delay,1,checkoutservice,checkout-f04-01,online-boutique,node-b,0.4391,36.4368,0,140.0111,0.005628,99.9365,54.0256,190.3782,278.7468,476.8548,125.5153,139.2231,0.2335,0.5545,131637.2372,134367.0609,network_delay,frontend,2026-06-09 15:50:00,2026-06-09 16:05:00,during_fault,61.153698,1
2026-06-09 15:58:05,785,EXP_FAULT_04,RUN_04,network_delay,1,checkoutservice,checkout-f04-01,online-boutique,node-b,0.4564,36.3001,0,143.6927,0.005111,102.4948,54.4286,211.9287,311.7202,545.4351,128.4069,142.9583,0.1123,0.6221,129227.6122,122715.7165,network_delay,frontend,2026-06-09 15:50:00,2026-06-09 16:05:00,during_fault,63.905052,1
2026-06-09 15:58:10,790,EXP_FAULT_04,RUN_04,network_delay,1,checkoutservice,checkout-f04-01,online-boutique,node-b,0.4444,36.3784,0,142.7948,0.006175,98.5517,54.4459,209.8614,284.3063,544.9791,127.1508,141.913,0.267,0.6148,183037.7712,107868.2418,network_delay,frontend,2026-06-09 15:50:00,2026-06-09 16:05:00,during_fault,56.178734,1
2026-06-09 15:58:15,795,EXP_FAULT_04,RUN_04,network_delay,1,checkoutservice,checkout-f04-01,online-boutique,node-b,0.4494,36.3204,0,139.8403,0.005315,97.2135,49.9921,183.0028,283.202,543.1271,124.2122,139.0972,0.1313,0.6119,169625.0201,153449.7824,network_delay,frontend,2026-06-09 15:50:00,2026-06-09 16:05:00,during_fault,53.631134,1
2026-06-09 15:58:20,800,EXP_FAULT_04,RUN_04,network_delay,1,checkoutservice,checkout-f04-01,online-boutique,node-b,0.4376,36.9954,0,140.8484,0.00536,98.9336,57.3432,185.7308,287.3976,516.4256,124.7833,140.0935,0.138,0.6169,146264.6411,98106.3881,network_delay,frontend,2026-06-09 15:50:00,2026-06-09 16:05:00,during_fault,58.55271,1
2026-06-09 15:58:25,805,EXP_FAULT_04,RUN_04,network_delay,1,checkoutservice,checkout-f04-01,online-boutique,node-b,0.4344,36.6783,0,143.0917,0.006595,105.1229,60.9905,224.5395,302.7486,566.5206,126.47,142.1479,0.2975,0.6462,151986.9476,127296.2247,network_delay,frontend,2026-06-09 15:50:00,2026-06-09 16:05:00,during_fault,73.63605,1
2026-06-09 15:58:30,810,EXP_FAULT_04,RUN_04,network_delay,1,checkoutservice,checkout-f04-01,online-boutique,node-b,0.4258,36.5398,0,141.0597,0.006098,102.4694,60.0963,196.5752,314.247,615.6785,124.4708,140.1994,0.1935,0.6668,148638.6217,115653.2562,network_delay,frontend,2026-06-09 15:50:00,2026-06-09 16:05:00,during_fault,68.88426,1
2026-06-09 15:58:35,815,EXP_FAULT_04,RUN_04,network_delay,1,checkoutservice,checkout-f04-01,online-boutique,node-b,0.4193,36.4789,0,139.4167,0.006508,101.238,54.7919,202.9945,336.9981,587.102,122.764,138.5094,0.2532,0.6541,178410.7157,96751.9232,network_delay,frontend,2026-06-09 15:50:00,2026-06-09 16:05:00,during_fault,67.35723,1
2026-06-09 15:58:40,820,EXP_FAULT_04,RUN_04,network_delay,1,checkoutservice,checkout-f04-01,online-boutique,node-b,0.4559,36.0569,0,141.043,0.00531,102.2476,54.4252,211.407,328.5048,619.272,124.2061,140.2941,0.0922,0.6567,169139.3868,118675.5493,network_delay,frontend,2026-06-09 15:50:00,2026-06-09 16:05:00,during_fault,64.41177,1
2026-06-09 15:58:45,825,EXP_FAULT_04,RUN_04,network_delay,1,checkoutservice,checkout-f04-01,online-boutique,node-b,0.4814,36.7839,0,139.9681,0.005599,107.8265,58.177,227.0994,343.7995,612.9331,123.1897,139.1844,0.135,0.6488,161691.7185,122628.2994,network_delay,frontend,2026-06-09 15:50:00,2026-06-09 16:05:00,during_fault,76.51363,1
2026-06-09 15:58:50,830,EXP_FAULT_04,RUN_04,network_delay,1,checkoutservice,checkout-f04-01,online-boutique,node-b,0.4377,35.7877,0,133.9087,0.006162,92.528,54.1875,182.5114,293.339,545.8886,117.8273,133.0835,0.1693,0.6559,146636.4546,141058.2248,network_delay,frontend,2026-06-09 15:50:00,2026-06-09 16:05:00,during_fault,46.81181,1
2026-06-09 15:58:55,835,EXP_FAULT_04,RUN_04,network_delay,1,checkoutservice,checkout-f04-01,online-boutique,node-b,0.4195,35.5873,0,134.3552,0.005962,103.7953,55.19,215.336,333.2564,523.2333,118.292,133.5542,0.184,0.617,165826.3872,131330.2556,network_delay,frontend,2026-06-09 15:50:00,2026-06-09 16:05:00,during_fault,76.298836,1
2026-06-09 15:59:00,840,EXP_FAULT_04,RUN_04,network_delay,1,checkoutservice,checkout-f04-01,online-boutique,node-b,0.4391,35.7809,0,137.4245,0.006617,110.9127,56.9336,230.9385,354.4637,575.8638,121.0484,136.5151,0.2837,0.6256,118455.3451,126170.1789,network_delay,frontend,2026-06-09 15:50:00,2026-06-09 16:05:00,during_fault,91.82583,1
2026-06-09 15:59:05,845,EXP_FAULT_04,RUN_04,network_delay,1,checkoutservice,checkout-f04-01,online-boutique,node-b,0.43,36.0392,0,137.0239,0.005918,100.6884,50.9566,191.8655,302.9565,548.1881,120.8993,136.2129,0.1945,0.6164,170240.6898,119652.2418,network_delay,frontend,2026-06-09 15:50:00,2026-06-09 16:05:00,during_fault,65.44131,1
2026-06-09 15:59:10,850,EXP_FAULT_04,RUN_04,network_delay,1,checkoutservice,checkout-f04-01,online-boutique,node-b,0.4415,36.5874,0,140.1048,0.005895,93.7519,53.3162,198.2538,282.5794,527.438,123.8406,139.2789,0.1685,0.6574,153435.6445,110601.9418,network_delay,frontend,2026-06-09 15:50:00,2026-06-09 16:05:00,during_fault,46.787445,1
2026-06-09 15:59:15,855,EXP_FAULT_04,RUN_04,network_delay,1,checkoutservice,checkout-f04-01,online-boutique,node-b,0.4441,35.9911,0,138.1566,0.005786,105.2953,59.4552,222.6547,301.0263,523.2569,122.3826,137.3571,0.1995,0.5999,128829.467,101056.1593,network_delay,frontend,2026-06-09 15:50:00,2026-06-09 16:05:00,during_fault,74.941956,1
2026-06-09 15:59:20,860,EXP_FAULT_04,RUN_04,network_delay,1,checkoutservice,checkout-f04-01,online-boutique,node-b,0.4522,36.1527,0,134.681,0.006491,103.6382,55.7428,194.0224,330.5716,527.6777,119.5869,133.8068,0.2614,0.6128,129656.5199,141849.5656,network_delay,frontend,2026-06-09 15:50:00,2026-06-09 16:05:00,during_fault,70.90804,1
2026-06-09 15:59:25,865,EXP_FAULT_04,RUN_04,network_delay,1,checkoutservice,checkout-f04-01,online-boutique,node-b,0.4392,35.8466,0,134.3175,0.005407,90.7348,53.5517,173.3673,257.1925,446.5274,119.6575,133.5912,0.1595,0.5668,170666.9446,117266.3209,network_delay,frontend,2026-06-09 15:50:00,2026-06-09 16:05:00,during_fault,42.80787,1
2026-06-09 15:59:30,870,EXP_FAULT_04,RUN_04,network_delay,1,checkoutservice,checkout-f04-01,online-boutique,node-b,0.4576,36.1012,0,135.8355,0.005322,97.8673,53.5894,183.2138,291.2883,506.1217,121.3576,135.1126,0.1564,0.5666,161372.3335,135974.5589,network_delay,frontend,2026-06-09 15:50:00,2026-06-09 16:05:00,during_fault,55.73385,1
2026-06-09 15:59:35,875,EXP_FAULT_04,RUN_04,network_delay,1,checkoutservice,checkout-f04-01,online-boutique,node-b,0.4213,36.8472,0,138.5287,0.00557,93.4006,51.3796,183.8838,274.4007,489.4749,124.1628,137.7571,0.2138,0.5578,175887.7443,122159.0915,network_delay,frontend,2026-06-09 15:50:00,2026-06-09 16:05:00,during_fault,48.96683,1
2026-06-09 15:59:40,880,EXP_FAULT_04,RUN_04,network_delay,1,checkoutservice,checkout-f04-01,online-boutique,node-b,0.4591,36.7301,0,141.2804,0.005044,98.9764,55.1127,208.6639,299.7019,517.4667,127.1301,140.5678,0.1415,0.5711,123892.3179,98136.3598,network_delay,frontend,2026-06-09 15:50:00,2026-06-09 16:05:00,during_fault,56.06411,1
2026-06-09 15:59:45,885,EXP_FAULT_04,RUN_04,network_delay,1,checkoutservice,checkout-f04-01,online-boutique,node-b,0.4345,36.3823,0,133.8677,0.005317,91.2733,49.0735,186.7776,279.0577,490.0433,120.883,133.156,0.214,0.4977,132577.8041,127756.4361,network_delay,frontend,2026-06-09 15:50:00,2026-06-09 16:05:00,during_fault,44.458874,1
2026-06-09 15:59:50,890,EXP_FAULT_04,RUN_04,network_delay,1,checkoutservice,checkout-f04-01,online-boutique,node-b,0.4336,36.2135,0,138.8189,0.004784,87.261,54.0084,163.8821,236.0157,436.2474,125.8282,138.1547,0.1445,0.5197,117009.2514,93476.5334,network_delay,frontend,2026-06-09 15:50:00,2026-06-09 16:05:00,during_fault,35.352787,1
2026-06-09 15:59:55,895,EXP_FAULT_04,RUN_04,network_delay,1,checkoutservice,checkout-f04-01,online-boutique,node-b,0.4682,35.8497,0,137.5127,0.004269,88.0985,53.4474,176.5028,254.1757,390.7822,125.1381,136.9258,0.0955,0.4915,145893.8967,113835.7357,network_delay,frontend,2026-06-09 15:50:00,2026-06-09 16:05:00,during_fault,34.226925,1
2026-06-09 16:00:00,900,EXP_FAULT_04,RUN_04,network_delay,1,checkoutservice,checkout-f04-01,online-boutique,node-b,0.4545,35.8994,0,140.0237,0.00505,86.2073,51.1102,175.4353,255.5431,414.9653,127.9055,139.3166,0.2247,0.4824,180215.037,126591.5928,network_delay,frontend,2026-06-09 15:50:00,2026-06-09 16:05:00,during_fault,31.201107,1
2026-06-09 16:00:05,905,EXP_FAULT_04,RUN_04,network_delay,1,checkoutservice,checkout-f04-01,online-boutique,node-b,0.4435,36.2497,0,141.3721,0.003982,86.0361,50.3768,160.5774,245.1273,415.4147,129.6473,140.8092,0.0965,0.4664,142462.9755,121400.0215,network_delay,frontend,2026-06-09 15:50:00,2026-06-09 16:05:00,during_fault,31.51537,1
2026-06-09 16:00:10,910,EXP_FAULT_04,RUN_04,network_delay,1,checkoutservice,checkout-f04-01,online-boutique,node-b,0.4376,35.9991,0,142.385,0.003933,89.5855,52.74,174.3921,242.9755,435.2224,131.0391,141.825,0.1153,0.4447,147628.8517,103630.8822,network_delay,frontend,2026-06-09 15:50:00,2026-06-09 16:05:00,during_fault,38.396446,1
2026-06-09 16:00:15,915,EXP_FAULT_04,RUN_04,network_delay,1,checkoutservice,checkout-f04-01,online-boutique,node-b,0.443,36.7831,0,138.8858,0.004291,81.5056,51.2358,146.5508,223.9059,396.013,128.2444,138.2898,0.1725,0.4234,162214.4148,124085.6365,network_delay,frontend,2026-06-09 15:50:00,2026-06-09 16:05:00,during_fault,24.679047,1
2026-06-09 16:00:20,920,EXP_FAULT_04,RUN_04,network_delay,1,checkoutservice,checkout-f04-01,online-boutique,node-b,0.4566,36.6876,0,141.706,0.00379,80.8665,47.286,159.6052,230.1734,373.4468,131.273,141.169,0.1372,0.3998,161108.5522,139792.2457,network_delay,frontend,2026-06-09 15:50:00,2026-06-09 16:05:00,during_fault,22.094791,1
2026-06-09 16:00:25,925,EXP_FAULT_04,RUN_04,network_delay,1,checkoutservice,checkout-f04-01,online-boutique,node-b,0.4527,35.395,0,140.6688,0.003922,83.8908,50.4492,162.1159,225.8939,339.1305,130.6764,140.1171,0.1389,0.4128,140456.5192,134986.5265,network_delay,frontend,2026-06-09 15:50:00,2026-06-09 16:05:00,during_fault,27.409739,1
2026-06-09 16:00:30,930,EXP_FAULT_04,RUN_04,network_delay,1,checkoutservice,checkout-f04-01,online-boutique,node-b,0.4538,36.5323,0,144.1501,0.003421,84.299,49.495,167.2609,212.1172,360.8337,134.3062,143.657,0.0936,0.3995,160268.3133,152569.4648,network_delay,frontend,2026-06-09 15:50:00,2026-06-09 16:05:00,during_fault,26.994328,1
2026-06-09 16:00:35,935,EXP_FAULT_04,RUN_04,network_delay,1,checkoutservice,checkout-f04-01,online-boutique,node-b,0.4323,36.6122,0,143.4019,0.004629,79.0176,45.3429,146.6332,209.3385,328.6352,133.8086,142.7381,0.2766,0.3872,179557.2373,110023.4568,network_delay,frontend,2026-06-09 15:50:00,2026-06-09 16:05:00,during_fault,20.958652,1
2026-06-09 16:00:40,940,EXP_FAULT_04,RUN_04,network_delay,1,checkoutservice,checkout-f04-01,online-boutique,node-b,0.4442,36.3883,0,137.3275,0.004133,73.0582,44.0345,131.6941,194.6748,295.8214,128.4263,136.76,0.2173,0.3502,160777.022,141493.9662,network_delay,frontend,2026-06-09 15:50:00,2026-06-09 16:05:00,during_fault,13.669223,1
2026-06-09 16:00:45,945,EXP_FAULT_04,RUN_04,network_delay,1,checkoutservice,checkout-f04-01,online-boutique,node-b,0.4537,36.8291,0,147.8798,0.003529,71.6328,46.6195,135.765,192.9801,279.9441,138.5424,147.358,0.1492,0.3726,141144.3869,154283.6678,network_delay,frontend,2026-06-09 15:50:00,2026-06-09 16:05:00,during_fault,9.880008,1
2026-06-09 16:00:50,950,EXP_FAULT_04,RUN_04,network_delay,1,checkoutservice,checkout-f04-01,online-boutique,node-b,0.463,36.1834,0,145.5431,0.00355,75.7597,46.2988,135.6362,195.4657,306.6404,136.5209,145.0264,0.136,0.3806,123141.0739,102642.9907,network_delay,frontend,2026-06-09 15:50:00,2026-06-09 16:05:00,during_fault,14.248775,1
2026-06-09 16:00:55,955,EXP_FAULT_04,RUN_04,network_delay,1,checkoutservice,checkout-f04-01,online-boutique,node-b,0.4651,36.4683,0,146.9851,0.003287,73.2636,47.4064,139.1713,196.9004,299.2907,137.9692,146.5019,0.1193,0.3639,145022.0627,133132.7556,network_delay,frontend,2026-06-09 15:50:00,2026-06-09 16:05:00,during_fault,11.146744,1
2026-06-09 16:01:00,960,EXP_FAULT_04,RUN_04,network_delay,1,checkoutservice,checkout-f04-01,online-boutique,node-b,0.4359,35.576,0,143.5563,0.003765,76.2081,45.3327,141.9021,194.0266,293.0221,134.7585,143.0157,0.1704,0.3702,163342.7741,124202.3991,network_delay,frontend,2026-06-09 15:50:00,2026-06-09 16:05:00,during_fault,17.119753,1
2026-06-09 16:01:05,965,EXP_FAULT_04,RUN_04,network_delay,1,checkoutservice,checkout-f04-01,online-boutique,node-b,0.4484,35.6441,0,142.1004,0.004289,70.0717,44.6491,132.5971,180.4732,299.2474,133.3143,141.4908,0.2412,0.3683,128011.3102,102148.4605,network_delay,frontend,2026-06-09 15:50:00,2026-06-09 16:05:00,during_fault,9.643654,1
2026-06-09 16:01:10,970,EXP_FAULT_04,RUN_04,network_delay,1,checkoutservice,checkout-f04-01,online-boutique,node-b,0.4531,36.3528,0,142.449,0.003662,75.5957,44.1492,140.5633,198.3257,314.8475,133.573,141.9274,0.1695,0.3521,184145.5559,120687.2159,network_delay,frontend,2026-06-09 15:50:00,2026-06-09 16:05:00,during_fault,15.177481,1
2026-06-09 16:01:15,975,EXP_FAULT_04,RUN_04,network_delay,1,checkoutservice,checkout-f04-01,online-boutique,node-b,0.4278,36.0038,0,141.8743,0.003639,73.8991,44.6987,141.4075,203.4836,328.6842,132.9137,141.358,0.1433,0.3729,185149.7111,143507.5392,network_delay,frontend,2026-06-09 15:50:00,2026-06-09 16:05:00,during_fault,15.17583,1
2026-06-09 16:01:20,980,EXP_FAULT_04,RUN_04,network_delay,1,checkoutservice,checkout-f04-01,online-boutique,node-b,0.4274,36.8202,0,142.9156,0.003368,79.6662,52.6691,142.5038,193.182,353.7255,133.7124,142.4342,0.1021,0.3792,164507.0087,148568.626,network_delay,frontend,2026-06-09 15:50:00,2026-06-09 16:05:00,during_fault,22.493702,1
2026-06-09 16:01:25,985,EXP_FAULT_04,RUN_04,network_delay,1,checkoutservice,checkout-f04-01,online-boutique,node-b,0.4573,36.4269,0,144.3536,0.00333,75.4298,49.8314,148.2382,185.6915,316.5756,134.7883,143.8728,0.0972,0.3836,153109.3711,101479.559,network_delay,frontend,2026-06-09 15:50:00,2026-06-09 16:05:00,during_fault,14.384601,1
2026-06-09 16:01:30,990,EXP_FAULT_04,RUN_04,network_delay,1,checkoutservice,checkout-f04-01,online-boutique,node-b,0.4496,36.7049,0,143.0868,0.003517,75.9365,47.4906,136.5804,188.604,323.1123,133.3128,142.5836,0.1061,0.3971,138858.0451,121963.9521,network_delay,frontend,2026-06-09 15:50:00,2026-06-09 16:05:00,during_fault,15.66113,1
2026-06-09 16:01:35,995,EXP_FAULT_04,RUN_04,network_delay,1,checkoutservice,checkout-f04-01,online-boutique,node-b,0.4395,35.9578,0,139.6739,0.004106,78.0072,46.824,146.2363,226.235,367.9155,129.758,139.1004,0.1644,0.4091,146716.7577,124301.2758,network_delay,frontend,2026-06-09 15:50:00,2026-06-09 16:05:00,during_fault,19.832151,1
2026-06-09 16:01:40,1000,EXP_FAULT_04,RUN_04,network_delay,1,checkoutservice,checkout-f04-01,online-boutique,node-b,0.4335,37.0608,0,133.9789,0.004626,80.1738,50.1943,159.2293,218.4101,352.9594,124.05,133.3591,0.2052,0.4146,119720.4121,129712.884,network_delay,frontend,2026-06-09 15:50:00,2026-06-09 16:05:00,during_fault,24.528667,1
2026-06-09 16:01:45,1005,EXP_FAULT_04,RUN_04,network_delay,1,checkoutservice,checkout-f04-01,online-boutique,node-b,0.4484,36.0387,0,136.8584,0.004154,81.6458,51.4672,155.2791,216.7262,370.9582,126.3587,136.2899,0.1482,0.4203,154346.3826,92085.4975,network_delay,frontend,2026-06-09 15:50:00,2026-06-09 16:05:00,during_fault,25.048681,1
2026-06-09 16:01:50,1010,EXP_FAULT_04,RUN_04,network_delay,1,checkoutservice,checkout-f04-01,online-boutique,node-b,0.4658,36.4376,0,137.4443,0.004271,81.5856,47.1328,145.582,217.3569,376.2036,126.482,136.8572,0.1728,0.4143,134508.8755,121771.7521,network_delay,frontend,2026-06-09 15:50:00,2026-06-09 16:05:00,during_fault,23.648937,1
2026-06-09 16:01:55,1015,EXP_FAULT_04,RUN_04,network_delay,1,checkoutservice,checkout-f04-01,online-boutique,node-b,0.4574,36.7158,0,135.717,0.004605,89.0142,56.1896,172.3848,259.2839,399.6979,124.4344,135.0919,0.1574,0.4676,132687.4215,124889.957,network_delay,frontend,2026-06-09 15:50:00,2026-06-09 16:05:00,during_fault,37.23509,1
2026-06-09 16:02:00,1020,EXP_FAULT_04,RUN_04,network_delay,1,checkoutservice,checkout-f04-01,online-boutique,node-b,0.4352,36.1199,0,135.5345,0.004607,87.8535,51.9393,156.2166,250.3629,416.8107,123.7727,134.9101,0.1505,0.4739,161208.5507,128474.8586,network_delay,frontend,2026-06-09 15:50:00,2026-06-09 16:05:00,during_fault,37.228138,1
2026-06-09 16:02:05,1025,EXP_FAULT_04,RUN_04,network_delay,1,checkoutservice,checkout-f04-01,online-boutique,node-b,0.4609,36.0453,0,132.4088,0.005182,88.2801,53.6663,169.3251,238.0268,411.9353,120.4225,131.7226,0.2097,0.4764,127728.2673,105072.3958,network_delay,frontend,2026-06-09 15:50:00,2026-06-09 16:05:00,during_fault,36.645058,1
2026-06-09 16:02:10,1030,EXP_FAULT_04,RUN_04,network_delay,1,checkoutservice,checkout-f04-01,online-boutique,node-b,0.4358,36.4617,0,131.6676,0.005577,79.7086,43.8372,161.4808,246.3805,397.657,119.2907,130.9334,0.2402,0.494,142644.831,102164.0177,network_delay,frontend,2026-06-09 15:50:00,2026-06-09 16:05:00,during_fault,24.272007,1
2026-06-09 16:02:15,1035,EXP_FAULT_04,RUN_04,network_delay,1,checkoutservice,checkout-f04-01,online-boutique,node-b,0.4337,36.6802,0,133.4542,0.005516,93.3896,54.6921,188.0247,279.6485,453.2906,120.4931,132.718,0.2066,0.5296,135427.9127,92196.6036,network_delay,frontend,2026-06-09 15:50:00,2026-06-09 16:05:00,during_fault,49.087463,1
2026-06-09 16:02:20,1040,EXP_FAULT_04,RUN_04,network_delay,1,checkoutservice,checkout-f04-01,online-boutique,node-b,0.4225,36.0225,0,133.9133,0.004484,94.9364,51.4414,200.1857,280.0082,509.7423,120.5296,133.3127,0.0873,0.5133,152276.0914,133035.4415,network_delay,frontend,2026-06-09 15:50:00,2026-06-09 16:05:00,during_fault,54.04,1
2026-06-09 16:02:25,1045,EXP_FAULT_04,RUN_04,network_delay,1,checkoutservice,checkout-f04-01,online-boutique,node-b,0.4335,36.7425,0,130.9072,0.00529,92.3944,54.3472,192.8917,271.7626,499.2651,117.3577,130.2147,0.1393,0.5532,123750.8547,103073.1956,network_delay,frontend,2026-06-09 15:50:00,2026-06-09 16:05:00,during_fault,47.816338,1
2026-06-09 16:02:30,1050,EXP_FAULT_04,RUN_04,network_delay,1,checkoutservice,checkout-f04-01,online-boutique,node-b,0.4298,36.4011,0,131.1768,0.00609,98.5532,55.9712,188.2118,293.4285,480.256,117.1819,130.3779,0.2553,0.5436,152880.6028,101066.2982,network_delay,frontend,2026-06-09 15:50:00,2026-06-09 16:05:00,during_fault,62.286236,1
2026-06-09 16:02:35,1055,EXP_FAULT_04,RUN_04,network_delay,1,checkoutservice,checkout-f04-01,online-boutique,node-b,0.4233,36.9508,0,126.3143,0.00492,98.151,52.1699,208.3636,280.5144,531.8113,112.5427,125.6929,0.0842,0.5373,136878.503,97839.7067,network_delay,frontend,2026-06-09 15:50:00,2026-06-09 16:05:00,during_fault,63.96814,1
2026-06-09 16:02:40,1060,EXP_FAULT_04,RUN_04,network_delay,1,checkoutservice,checkout-f04-01,online-boutique,node-b,0.4411,36.7641,0,124.6172,0.005741,100.1414,53.3544,215.8603,301.1414,578.8248,110.6576,123.9018,0.1712,0.5442,112529.0914,125636.6929,network_delay,frontend,2026-06-09 15:50:00,2026-06-09 16:05:00,during_fault,67.3552,1
2026-06-09 16:02:45,1065,EXP_FAULT_04,RUN_04,network_delay,1,checkoutservice,checkout-f04-01,online-boutique,node-b,0.4254,36.5303,0,125.5355,0.005631,106.1779,61.4229,228.2825,343.2827,580.9984,111.2156,124.8286,0.1587,0.5482,141644.6528,104393.7759,network_delay,frontend,2026-06-09 15:50:00,2026-06-09 16:05:00,during_fault,85.40462,1
2026-06-09 16:02:50,1070,EXP_FAULT_04,RUN_04,network_delay,1,checkoutservice,checkout-f04-01,online-boutique,node-b,0.4628,36.638,0,126.4024,0.006852,100.373,51.9342,186.0735,307.7702,585.2868,111.6908,125.5363,0.2809,0.5852,132411.2716,85432.3796,network_delay,frontend,2026-06-09 15:50:00,2026-06-09 16:05:00,during_fault,64.96672,1
2026-06-09 16:02:55,1075,EXP_FAULT_04,RUN_04,network_delay,1,checkoutservice,checkout-f04-01,online-boutique,node-b,0.4277,37.2544,0,123.479,0.005535,93.3349,51.1407,199.1317,271.7948,550.4568,108.9766,122.7955,0.0977,0.5857,156988.7299,117159.2659,network_delay,frontend,2026-06-09 15:50:00,2026-06-09 16:05:00,during_fault,52.984802,1
2026-06-09 16:03:00,1080,EXP_FAULT_04,RUN_04,network_delay,1,checkoutservice,checkout-f04-01,online-boutique,node-b,0.4438,36.2209,0,127.4677,0.006064,103.1974,53.1284,194.1108,308.969,620.3407,112.333,126.6948,0.1939,0.579,162221.9772,131172.5603,network_delay,frontend,2026-06-09 15:50:00,2026-06-09 16:05:00,during_fault,73.82589,1
2026-06-09 16:03:05,1085,EXP_FAULT_04,RUN_04,network_delay,1,checkoutservice,checkout-f04-01,online-boutique,node-b,0.458,35.8292,0,125.0269,0.006411,103.6218,60.2922,208.1646,341.5306,536.7838,110.0563,124.2254,0.2114,0.5902,152073.1075,102904.6247,network_delay,frontend,2026-06-09 15:50:00,2026-06-09 16:05:00,during_fault,74.3907,1
2026-06-09 16:03:10,1090,EXP_FAULT_04,RUN_04,network_delay,1,checkoutservice,checkout-f04-01,online-boutique,node-b,0.4361,36.7213,0,123.3285,0.00655,109.9533,57.0541,236.8936,360.4001,603.4158,108.492,122.5207,0.2085,0.5993,122210.955,119872.4706,network_delay,frontend,2026-06-09 15:50:00,2026-06-09 16:05:00,during_fault,95.8237,1
2026-06-09 16:03:15,1095,EXP_FAULT_04,RUN_04,network_delay,1,checkoutservice,checkout-f04-01,online-boutique,node-b,0.4137,36.7072,0,122.5935,0.005853,99.4347,51.568,185.4872,330.7063,558.5847,107.9104,121.876,0.1452,0.5724,117282.6489,104564.2895,network_delay,frontend,2026-06-09 15:50:00,2026-06-09 16:05:00,during_fault,69.95613,1
2026-06-09 16:03:20,1100,EXP_FAULT_04,RUN_04,network_delay,1,checkoutservice,checkout-f04-01,online-boutique,node-b,0.4459,36.7029,0,126.1029,0.005377,102.9435,58.2961,217.8783,331.4199,608.453,111.0568,125.4248,0.1025,0.5755,110888.3294,97985.375,network_delay,frontend,2026-06-09 15:50:00,2026-06-09 16:05:00,during_fault,73.46345,1
2026-06-09 16:03:25,1105,EXP_FAULT_04,RUN_04,network_delay,1,checkoutservice,checkout-f04-01,online-boutique,node-b,0.451,36.4678,0,122.8743,0.006317,95.1628,52.6856,205.4137,322.0902,570.998,108.2243,122.0982,0.1919,0.5842,142784.0207,97593.7711,network_delay,frontend,2026-06-09 15:50:00,2026-06-09 16:05:00,during_fault,55.045135,1
2026-06-09 16:03:30,1110,EXP_FAULT_04,RUN_04,network_delay,1,checkoutservice,checkout-f04-01,online-boutique,node-b,0.4189,36.5432,0,127.6735,0.006158,100.3837,51.3881,200.9945,326.4894,568.863,112.6547,126.8873,0.1756,0.6106,157968.5095,123160.0821,network_delay,frontend,2026-06-09 15:50:00,2026-06-09 16:05:00,during_fault,69.68884,1
2026-06-09 16:03:35,1115,EXP_FAULT_04,RUN_04,network_delay,1,checkoutservice,checkout-f04-01,online-boutique,node-b,0.4422,35.786,0,126.8154,0.00634,91.5773,53.4808,186.7047,306.8892,482.2328,112.0305,126.0114,0.2452,0.5588,131308.7377,131923.314,network_delay,frontend,2026-06-09 15:50:00,2026-06-09 16:05:00,during_fault,46.68391,1
2026-06-09 16:03:40,1120,EXP_FAULT_04,RUN_04,network_delay,1,checkoutservice,checkout-f04-01,online-boutique,node-b,0.4544,36.2175,0,128.292,0.006411,102.3127,59.1027,201.3719,314.8864,543.7438,113.5917,127.4695,0.2431,0.5794,160856.9551,107380.2173,network_delay,frontend,2026-06-09 15:50:00,2026-06-09 16:05:00,during_fault,69.91052,1
2026-06-09 16:03:45,1125,EXP_FAULT_04,RUN_04,network_delay,1,checkoutservice,checkout-f04-01,online-boutique,node-b,0.4396,35.5558,0,123.0404,0.006213,97.4559,56.0779,194.764,314.1808,522.3894,109.264,122.276,0.2062,0.5582,149603.3032,115183.514,network_delay,frontend,2026-06-09 15:50:00,2026-06-09 16:05:00,during_fault,61.667595,1
2026-06-09 16:03:50,1130,EXP_FAULT_04,RUN_04,network_delay,1,checkoutservice,checkout-f04-01,online-boutique,node-b,0.4407,36.672,0,127.6962,0.004996,94.684,50.7561,200.5242,301.8906,523.8461,113.7657,127.0582,0.1065,0.5315,154870.0697,114821.6234,network_delay,frontend,2026-06-09 15:50:00,2026-06-09 16:05:00,during_fault,53.193836,1
2026-06-09 16:03:55,1135,EXP_FAULT_04,RUN_04,network_delay,1,checkoutservice,checkout-f04-01,online-boutique,node-b,0.4317,36.3269,0,129.1061,0.005486,90.3343,48.5325,177.2407,282.837,511.0798,115.3489,128.3978,0.1745,0.5339,156123.9889,97023.1921,network_delay,frontend,2026-06-09 15:50:00,2026-06-09 16:05:00,during_fault,44.348785,1
2026-06-09 16:04:00,1140,EXP_FAULT_04,RUN_04,network_delay,1,checkoutservice,checkout-f04-01,online-boutique,node-b,0.4235,36.1928,0,125.3336,0.005629,93.7452,56.7561,192.4565,285.4507,528.7678,112.338,124.6281,0.2058,0.4997,120273.1122,116909.2535,network_delay,frontend,2026-06-09 15:50:00,2026-06-09 16:05:00,during_fault,53.960793,1
2026-06-09 16:04:05,1145,EXP_FAULT_04,RUN_04,network_delay,1,checkoutservice,checkout-f04-01,online-boutique,node-b,0.4446,36.9111,0,122.7141,0.005003,94.3746,51.9084,178.5618,265.6073,506.0219,110.4235,122.1002,0.1348,0.4792,161043.8757,120872.7588,network_delay,frontend,2026-06-09 15:50:00,2026-06-09 16:05:00,during_fault,53.901337,1
2026-06-09 16:04:10,1150,EXP_FAULT_04,RUN_04,network_delay,1,checkoutservice,checkout-f04-01,online-boutique,node-b,0.4302,37.0734,0,125.4392,0.004675,99.9909,54.9217,200.6605,312.701,517.1019,113.2935,124.8528,0.1121,0.4743,124657.4909,94892.7953,network_delay,frontend,2026-06-09 15:50:00,2026-06-09 16:05:00,during_fault,68.03404,1
2026-06-09 16:04:15,1155,EXP_FAULT_04,RUN_04,network_delay,1,checkoutservice,checkout-f04-01,online-boutique,node-b,0.4411,36.9892,0,125.3658,0.005388,88.7419,53.4987,160.9655,268.9223,426.6468,113.5965,124.6903,0.1974,0.4782,158306.0272,118872.4592,network_delay,frontend,2026-06-09 15:50:00,2026-06-09 16:05:00,during_fault,41.317528,1
2026-06-09 16:04:20,1160,EXP_FAULT_04,RUN_04,network_delay,1,checkoutservice,checkout-f04-01,online-boutique,node-b,0.4135,36.5628,0,125.5762,0.005299,92.0977,53.8486,164.825,246.053,440.5281,114.2118,124.9108,0.2209,0.4446,122689.5934,127888.5452,network_delay,frontend,2026-06-09 15:50:00,2026-06-09 16:05:00,during_fault,51.40818,1
2026-06-09 16:04:25,1165,EXP_FAULT_04,RUN_04,network_delay,1,checkoutservice,checkout-f04-01,online-boutique,node-b,0.4327,36.725,0,125.9605,0.004989,82.3853,45.6272,149.5722,231.0359,367.9571,115.0462,125.3321,0.2143,0.4141,119840.2601,91866.7097,network_delay,frontend,2026-06-09 15:50:00,2026-06-09 16:05:00,during_fault,30.205791,1
2026-06-09 16:04:30,1170,EXP_FAULT_04,RUN_04,network_delay,1,checkoutservice,checkout-f04-01,online-boutique,node-b,0.4249,36.5334,0,120.8768,0.004422,86.8324,48.9321,159.2749,242.0811,378.9782,110.8368,120.3423,0.1154,0.4191,140618.27,108765.1547,network_delay,frontend,2026-06-09 15:50:00,2026-06-09 16:05:00,during_fault,40.596336,1
2026-06-09 16:04:35,1175,EXP_FAULT_04,RUN_04,network_delay,1,checkoutservice,checkout-f04-01,online-boutique,node-b,0.4548,35.9412,0,120.1067,0.004479,83.1489,49.1196,169.8452,240.4996,415.1211,110.5215,119.5687,0.1646,0.3734,104830.5844,127434.9232,network_delay,frontend,2026-06-09 15:50:00,2026-06-09 16:05:00,during_fault,31.58518,1
2026-06-09 16:04:40,1180,EXP_FAULT_04,RUN_04,network_delay,1,checkoutservice,checkout-f04-01,online-boutique,node-b,0.4089,36.4334,0,122.0948,0.004163,83.5766,47.8149,154.4282,231.4774,389.7981,112.7171,121.5865,0.1325,0.3758,102239.8416,115118.2385,network_delay,frontend,2026-06-09 15:50:00,2026-06-09 16:05:00,during_fault,35.860268,1
2026-06-09 16:04:45,1185,EXP_FAULT_04,RUN_04,network_delay,1,checkoutservice,checkout-f04-01,online-boutique,node-b,0.424,36.2112,0,121.3742,0.004236,81.0467,47.8445,156.68,206.8245,360.3997,112.4034,120.8601,0.1722,0.3419,146424.1484,104501.2784,network_delay,frontend,2026-06-09 15:50:00,2026-06-09 16:05:00,during_fault,30.018383,1
2026-06-09 16:04:50,1190,EXP_FAULT_04,RUN_04,network_delay,1,checkoutservice,checkout-f04-01,online-boutique,node-b,0.4208,36.5652,0,122.1397,0.003829,77.7255,48.5317,142.7255,222.5099,348.2421,113.4888,121.6721,0.1164,0.3512,160755.5639,88592.2623,network_delay,frontend,2026-06-09 15:50:00,2026-06-09 16:05:00,during_fault,24.721626,1
2026-06-09 16:04:55,1195,EXP_FAULT_04,RUN_04,network_delay,1,checkoutservice,checkout-f04-01,online-boutique,node-b,0.4522,35.4876,0,123.6803,0.004024,80.0073,52.3112,159.686,221.5877,358.4976,115.1783,123.1826,0.1579,0.3398,121107.2238,95621.3911,network_delay,frontend,2026-06-09 15:50:00,2026-06-09 16:05:00,during_fault,25.609875,1
2026-06-09 16:05:00,1200,EXP_FAULT_04,RUN_04,network_delay,1,checkoutservice,checkout-f04-01,online-boutique,node-b,0.4664,36.1144,0,116.2237,0.003228,72.2874,44.6051,135.2016,206.5946,306.5093,108.4381,115.8485,0.0685,0.3066,137212.2963,101551.4727,network_delay,frontend,2026-06-09 15:50:00,2026-06-09 16:05:00,post_fault,16.168833,1
2026-06-09 16:05:05,1205,EXP_FAULT_04,RUN_04,network_delay,1,checkoutservice,checkout-f04-01,online-boutique,node-b,0.4552,36.6396,0,119.3224,0.003183,75.823,46.6263,146.6825,196.7776,359.5165,111.444,118.9426,0.0692,0.3106,105611.4392,103328.1461,network_delay,frontend,2026-06-09 15:50:00,2026-06-09 16:05:00,post_fault,20.405642,1
2026-06-09 16:05:10,1210,EXP_FAULT_04,RUN_04,network_delay,1,checkoutservice,checkout-f04-01,online-boutique,node-b,0.4287,36.0451,0,121.6615,0.00321,71.5338,44.1905,136.7924,190.6453,319.5849,113.7272,121.271,0.0631,0.3274,110623.2797,127712.3234,network_delay,frontend,2026-06-09 15:50:00,2026-06-09 16:05:00,post_fault,15.763062,1
2026-06-09 16:05:15,1215,EXP_FAULT_04,RUN_04,network_delay,1,checkoutservice,checkout-f04-01,online-boutique,node-b,0.4257,36.8806,0,117.9205,0.004113,69.8364,43.7426,132.5107,181.9898,296.0179,110.3028,117.4355,0.1962,0.2887,144873.1318,116452.2764,network_delay,frontend,2026-06-09 15:50:00,2026-06-09 16:05:00,post_fault,14.505979,1
2026-06-09 16:05:20,1220,EXP_FAULT_04,RUN_04,network_delay,1,checkoutservice,checkout-f04-01,online-boutique,node-b,0.4508,37.1825,0,117.9624,0.004519,72.6007,42.6664,136.0572,184.5719,321.9649,110.4019,117.4293,0.2294,0.3036,117800.6773,110883.7903,network_delay,frontend,2026-06-09 15:50:00,2026-06-09 16:05:00,post_fault,16.723824,1
2026-06-09 16:05:25,1225,EXP_FAULT_04,RUN_04,network_delay,1,checkoutservice,checkout-f04-01,online-boutique,node-b,0.433,36.0923,0,116.775,0.003353,69.7576,41.3094,137.8267,169.5749,292.3724,109.4533,116.3834,0.0984,0.2933,115821.3953,114827.1912,network_delay,frontend,2026-06-09 15:50:00,2026-06-09 16:05:00,post_fault,14.281418,1
2026-06-09 16:05:30,1230,EXP_FAULT_04,RUN_04,network_delay,1,checkoutservice,checkout-f04-01,online-boutique,node-b,0.4369,36.2458,0,116.7165,0.003799,72.3133,45.476,133.5843,199.2443,294.571,109.4442,116.2731,0.1412,0.3021,138327.153,124405.4894,network_delay,frontend,2026-06-09 15:50:00,2026-06-09 16:05:00,post_fault,17.19173,1
2026-06-09 16:05:35,1235,EXP_FAULT_04,RUN_04,network_delay,1,checkoutservice,checkout-f04-01,online-boutique,node-b,0.4514,36.4985,0,115.05,0.003021,70.1088,41.9567,119.52,194.0721,302.6311,108.0314,114.7024,0.0804,0.2672,132207.8132,120737.4026,network_delay,frontend,2026-06-09 15:50:00,2026-06-09 16:05:00,post_fault,14.253296,1
2026-06-09 16:05:40,1240,EXP_FAULT_04,RUN_04,network_delay,1,checkoutservice,checkout-f04-01,online-boutique,node-b,0.4451,35.8335,0,114.1199,0.004258,68.269,41.5782,131.6347,177.4645,271.6032,107.1599,113.6341,0.2116,0.2743,122901.3993,89860.9689,network_delay,frontend,2026-06-09 15:50:00,2026-06-09 16:05:00,post_fault,12.586638,1
2026-06-09 16:05:45,1245,EXP_FAULT_04,RUN_04,network_delay,1,checkoutservice,checkout-f04-01,online-boutique,node-b,0.3991,37.3017,0,107.8013,0.003737,68.5542,42.1746,128.6806,185.7816,312.1306,101.3674,107.3985,0.1492,0.2537,97873.6424,109972.5968,network_delay,frontend,2026-06-09 15:50:00,2026-06-09 16:05:00,post_fault,16.618011,1
2026-06-09 16:05:50,1250,EXP_FAULT_04,RUN_04,network_delay,1,checkoutservice,checkout-f04-01,online-boutique,node-b,0.4168,36.4644,0,115.6,0.002818,68.4017,41.1849,114.7444,176.9773,261.9268,108.8357,115.2743,0.0676,0.2581,111312.9974,120793.3774,network_delay,frontend,2026-06-09 15:50:00,2026-06-09 16:05:00,post_fault,13.894461,1
2026-06-09 16:05:55,1255,EXP_FAULT_04,RUN_04,network_delay,1,checkoutservice,checkout-f04-01,online-boutique,node-b,0.4384,36.0571,0,116.789,0.003147,64.418,41.6528,116.3104,175.2114,276.0674,110.0412,116.4214,0.0886,0.2789,139530.235,103840.6088,network_delay,frontend,2026-06-09 15:50:00,2026-06-09 16:05:00,post_fault,8.530397,1
2026-06-09 16:06:00,1260,EXP_FAULT_04,RUN_04,network_delay,1,checkoutservice,checkout-f04-01,online-boutique,node-b,0.4378,36.8632,0,115.0798,0.003154,72.5324,42.9357,133.8018,195.9049,308.8934,108.5087,114.7168,0.0935,0.2696,133886.4112,86619.7409,network_delay,frontend,2026-06-09 15:50:00,2026-06-09 16:05:00,post_fault,17.768366,1
2026-06-09 16:06:05,1265,EXP_FAULT_04,RUN_04,network_delay,1,checkoutservice,checkout-f04-01,online-boutique,node-b,0.4316,36.5584,0,116.2446,0.003947,66.9899,44.2964,130.9013,170.1408,253.5807,109.6633,115.7858,0.2095,0.2493,139544.4559,81817.155,network_delay,frontend,2026-06-09 15:50:00,2026-06-09 16:05:00,post_fault,11.374742,1
2026-06-09 16:06:10,1270,EXP_FAULT_04,RUN_04,network_delay,1,checkoutservice,checkout-f04-01,online-boutique,node-b,0.443,36.5846,0,117.357,0.003151,66.3987,45.5091,124.8773,181.0583,251.0547,110.8303,116.9872,0.092,0.2779,136550.7412,85576.8103,network_delay,frontend,2026-06-09 15:50:00,2026-06-09 16:05:00,post_fault,10.132213,1
2026-06-09 16:06:15,1275,EXP_FAULT_04,RUN_04,network_delay,1,checkoutservice,checkout-f04-01,online-boutique,node-b,0.4346,36.579,0,116.5371,0.002895,67.656,46.0795,127.8074,169.3131,262.0264,110.1736,116.1997,0.0926,0.2447,129668.9398,84655.8862,network_delay,frontend,2026-06-09 15:50:00,2026-06-09 16:05:00,post_fault,11.879382,1
2026-06-09 16:06:20,1280,EXP_FAULT_04,RUN_04,network_delay,1,checkoutservice,checkout-f04-01,online-boutique,node-b,0.421,36.2087,0,122.797,0.003839,64.5092,38.5038,116.8348,169.4704,244.6498,116.1475,122.3256,0.2043,0.267,116346.5749,101753.9736,network_delay,frontend,2026-06-09 15:50:00,2026-06-09 16:05:00,post_fault,8.526931,1
2026-06-09 16:06:25,1285,EXP_FAULT_04,RUN_04,network_delay,1,checkoutservice,checkout-f04-01,online-boutique,node-b,0.4288,35.7564,0,118.7521,0.003905,69.6301,45.239,132.5286,172.2359,262.1233,112.363,118.2883,0.1962,0.2675,125969.4381,81518.342,network_delay,frontend,2026-06-09 15:50:00,2026-06-09 16:05:00,post_fault,14.05216,1
2026-06-09 16:06:30,1290,EXP_FAULT_04,RUN_04,network_delay,1,checkoutservice,checkout-f04-01,online-boutique,node-b,0.4135,36.2418,0,119.5117,0.003462,69.6559,47.1416,122.7267,181.7513,298.161,113.1897,119.0979,0.1663,0.2475,103212.8899,113671.0543,network_delay,frontend,2026-06-09 15:50:00,2026-06-09 16:05:00,post_fault,14.950091,1
2026-06-09 16:06:35,1295,EXP_FAULT_04,RUN_04,network_delay,1,checkoutservice,checkout-f04-01,online-boutique,node-b,0.4321,36.5854,0,115.0811,0.003586,59.101,40.0437,106.2017,143.2452,216.8861,109.091,114.6684,0.1734,0.2393,102457.9835,90058.6556,network_delay,frontend,2026-06-09 15:50:00,2026-06-09 16:05:00,post_fault,4.6869173,1
2026-06-09 16:06:40,1300,EXP_FAULT_04,RUN_04,network_delay,1,checkoutservice,checkout-f04-01,online-boutique,node-b,0.4439,37.4038,0,125.0372,0.003412,68.6012,42.3703,127.2933,176.0962,249.4345,118.6044,124.6106,0.1819,0.2447,154634.2421,92436.8972,network_delay,frontend,2026-06-09 15:50:00,2026-06-09 16:05:00,post_fault,10.9969845,1
2026-06-09 16:06:45,1305,EXP_FAULT_04,RUN_04,network_delay,1,checkoutservice,checkout-f04-01,online-boutique,node-b,0.4263,36.1818,0,121.2858,0.003547,63.0148,37.7551,119.8747,149.9804,251.3433,115.126,120.8556,0.2012,0.229,149264.5198,124382.0713,network_delay,frontend,2026-06-09 15:50:00,2026-06-09 16:05:00,post_fault,7.1604004,1
2026-06-09 16:06:50,1310,EXP_FAULT_04,RUN_04,network_delay,1,checkoutservice,checkout-f04-01,online-boutique,node-b,0.4076,36.3636,0,125.0971,0.002882,67.2396,46.5429,127.0527,160.5961,262.6821,118.8424,124.7365,0.1281,0.2325,145834.2475,124581.9678,network_delay,frontend,2026-06-09 15:50:00,2026-06-09 16:05:00,post_fault,11.892923,1
2026-06-09 16:06:55,1315,EXP_FAULT_04,RUN_04,network_delay,1,checkoutservice,checkout-f04-01,online-boutique,node-b,0.4313,36.6501,0,124.7102,0.00308,69.7052,45.5371,123.9972,180.8126,267.1851,118.554,124.3261,0.1161,0.2679,106551.7072,100384.7199,network_delay,frontend,2026-06-09 15:50:00,2026-06-09 16:05:00,post_fault,12.850873,1
2026-06-09 16:07:00,1320,EXP_FAULT_04,RUN_04,network_delay,1,checkoutservice,checkout-f04-01,online-boutique,node-b,0.438,34.8061,0,126.4477,0.002549,68.3109,45.655,118.2829,160.6568,275.5449,120.3419,126.1254,0.0771,0.2452,134179.8121,94847.3475,network_delay,frontend,2026-06-09 15:50:00,2026-06-09 16:05:00,post_fault,11.34609,1
2026-06-09 16:07:05,1325,EXP_FAULT_04,RUN_04,network_delay,1,checkoutservice,checkout-f04-01,online-boutique,node-b,0.4626,35.5797,0,126.8579,0.003482,69.2461,43.5023,124.7082,164.213,287.7705,120.7132,126.4162,0.2123,0.2294,138488.6506,110633.0799,network_delay,frontend,2026-06-09 15:50:00,2026-06-09 16:05:00,post_fault,10.695162,1
2026-06-09 16:07:10,1330,EXP_FAULT_04,RUN_04,network_delay,1,checkoutservice,checkout-f04-01,online-boutique,node-b,0.4153,35.4341,0,126.1577,0.002845,69.353,44.6598,120.9062,156.9399,292.7846,120.2031,125.7988,0.1192,0.2397,119876.0422,127702.7355,network_delay,frontend,2026-06-09 15:50:00,2026-06-09 16:05:00,post_fault,13.65585,1
2026-06-09 16:07:15,1335,EXP_FAULT_04,RUN_04,network_delay,1,checkoutservice,checkout-f04-01,online-boutique,node-b,0.4391,36.8281,0,125.3018,0.002579,63.6264,44.7018,107.9756,149.5007,240.3614,119.47,124.9787,0.0754,0.2477,156919.646,83955.9872,network_delay,frontend,2026-06-09 15:50:00,2026-06-09 16:05:00,post_fault,6.6166253,1
2026-06-09 16:07:20,1340,EXP_FAULT_04,RUN_04,network_delay,1,checkoutservice,checkout-f04-01,online-boutique,node-b,0.4375,36.6607,0,128.4755,0.003255,64.9901,40.2237,109.559,153.3447,224.9425,122.5246,128.0573,0.1625,0.2557,121002.7118,128076.5429,network_delay,frontend,2026-06-09 15:50:00,2026-06-09 16:05:00,post_fault,7.3763595,1
2026-06-09 16:07:25,1345,EXP_FAULT_04,RUN_04,network_delay,1,checkoutservice,checkout-f04-01,online-boutique,node-b,0.4303,36.5615,0,127.1841,0.003477,64.901,43.5849,114.9638,152.8348,234.5513,121.3908,126.7419,0.197,0.2453,118442.7799,88799.5213,network_delay,frontend,2026-06-09 15:50:00,2026-06-09 16:05:00,post_fault,7.8096023,1
2026-06-09 16:07:30,1350,EXP_FAULT_04,RUN_04,network_delay,1,checkoutservice,checkout-f04-01,online-boutique,node-b,0.4569,36.9936,0,133.5726,0.002817,62.4799,38.1584,102.5128,150.2884,247.5607,127.6105,133.1963,0.1401,0.2363,139349.1319,134362.5966,network_delay,frontend,2026-06-09 15:50:00,2026-06-09 16:05:00,post_fault,4.350808,1
2026-06-09 16:07:35,1355,EXP_FAULT_04,RUN_04,network_delay,1,checkoutservice,checkout-f04-01,online-boutique,node-b,0.438,36.4261,0,128.1999,0.002733,64.7053,42.6215,105.5881,152.3092,230.49,122.5259,127.8494,0.1153,0.2351,157293.6719,108572.9675,network_delay,frontend,2026-06-09 15:50:00,2026-06-09 16:05:00,post_fault,7.1744666,1
2026-06-09 16:07:40,1360,EXP_FAULT_04,RUN_04,network_delay,1,checkoutservice,checkout-f04-01,online-boutique,node-b,0.4471,36.7431,0,131.3396,0.002756,61.2258,38.475,110.4373,140.0079,245.0317,125.5981,130.9777,0.1259,0.2361,151517.4345,97046.8296,network_delay,frontend,2026-06-09 15:50:00,2026-06-09 16:05:00,post_fault,3.9889405,1
2026-06-09 16:07:45,1365,EXP_FAULT_04,RUN_04,network_delay,1,checkoutservice,checkout-f04-01,online-boutique,node-b,0.4327,36.8176,0,124.9258,0.002902,63.2767,38.8,108.7942,162.0788,257.5427,119.5434,124.5634,0.164,0.1985,128954.7621,125762.1977,network_delay,frontend,2026-06-09 15:50:00,2026-06-09 16:05:00,post_fault,6.622781,1
2026-06-09 16:07:50,1370,EXP_FAULT_04,RUN_04,network_delay,1,checkoutservice,checkout-f04-01,online-boutique,node-b,0.4242,36.3105,0,129.2261,0.003209,71.103,43.6414,128.8221,160.8509,241.034,123.7369,128.8115,0.2008,0.2139,162886.3389,124893.1936,network_delay,frontend,2026-06-09 15:50:00,2026-06-09 16:05:00,post_fault,14.197497,1
2026-06-09 16:07:55,1375,EXP_FAULT_04,RUN_04,network_delay,1,checkoutservice,checkout-f04-01,online-boutique,node-b,0.4238,36.4748,0,130.5025,0.002607,61.7079,43.1594,103.3196,145.7503,212.9873,125.0337,130.1622,0.1095,0.2307,144998.3878,99405.766,network_delay,frontend,2026-06-09 15:50:00,2026-06-09 16:05:00,post_fault,5.3153205,1
2026-06-09 16:08:00,1380,EXP_FAULT_04,RUN_04,network_delay,1,checkoutservice,checkout-f04-01,online-boutique,node-b,0.4685,35.7186,0,125.731,0.003291,61.4286,40.9236,100.2894,140.7375,247.0999,120.465,125.3172,0.1862,0.2276,145624.4688,127385.1609,network_delay,frontend,2026-06-09 15:50:00,2026-06-09 16:05:00,post_fault,4.509305,1
2026-06-09 16:08:05,1385,EXP_FAULT_04,RUN_04,network_delay,1,checkoutservice,checkout-f04-01,online-boutique,node-b,0.4534,37.4667,0,128.216,0.002126,61.7156,37.8036,112.0035,136.2666,243.5643,123.0306,127.9435,0.0549,0.2176,146239.0098,126186.6653,network_delay,frontend,2026-06-09 15:50:00,2026-06-09 16:05:00,post_fault,4.5828843,1
2026-06-09 16:08:10,1390,EXP_FAULT_04,RUN_04,network_delay,1,checkoutservice,checkout-f04-01,online-boutique,node-b,0.4219,36.7442,0,128.3444,0.003072,65.567,44.075,114.6752,155.5267,218.94,123.1537,127.9501,0.1914,0.2028,164056.7971,128170.9983,network_delay,frontend,2026-06-09 15:50:00,2026-06-09 16:05:00,post_fault,8.701612,1
2026-06-09 16:08:15,1395,EXP_FAULT_04,RUN_04,network_delay,1,checkoutservice,checkout-f04-01,online-boutique,node-b,0.4385,36.6149,0,127.0156,0.002337,59.5713,38.848,96.3614,132.5638,201.8727,121.9881,126.7188,0.0838,0.213,144587.2153,124467.7988,network_delay,frontend,2026-06-09 15:50:00,2026-06-09 16:05:00,post_fault,3.645389,1
2026-06-09 16:08:20,1400,EXP_FAULT_04,RUN_04,network_delay,1,checkoutservice,checkout-f04-01,online-boutique,node-b,0.4117,36.7701,0,129.1745,0.003038,67.6431,42.4415,125.0627,152.6743,230.3778,124.119,128.782,0.1665,0.226,160385.4728,88527.029,network_delay,frontend,2026-06-09 15:50:00,2026-06-09 16:05:00,post_fault,11.320023,1
2026-06-09 16:08:25,1405,EXP_FAULT_04,RUN_04,network_delay,1,checkoutservice,checkout-f04-01,online-boutique,node-b,0.4354,36.0425,0,127.9961,0.002766,60.6433,40.9983,105.4667,131.6463,214.7331,123.0618,127.6421,0.1345,0.2195,114971.1158,85015.5738,network_delay,frontend,2026-06-09 15:50:00,2026-06-09 16:05:00,post_fault,4.3532786,1
2026-06-09 16:08:30,1410,EXP_FAULT_04,RUN_04,network_delay,1,checkoutservice,checkout-f04-01,online-boutique,node-b,0.4373,36.5474,0,130.2194,0.002549,61.5982,44.4192,111.6485,153.6869,216.6466,125.2786,129.8875,0.1219,0.21,160086.3615,123731.3685,network_delay,frontend,2026-06-09 15:50:00,2026-06-09 16:05:00,post_fault,4.644578,1
2026-06-09 16:08:35,1415,EXP_FAULT_04,RUN_04,network_delay,1,checkoutservice,checkout-f04-01,online-boutique,node-b,0.4513,36.6191,0,126.7898,0.002793,62.457,39.6776,113.9619,155.6779,204.3224,122.0144,126.4357,0.1513,0.2028,113144.2732,89110.1617,network_delay,frontend,2026-06-09 15:50:00,2026-06-09 16:05:00,post_fault,5.227704,1
2026-06-09 16:08:40,1420,EXP_FAULT_04,RUN_04,network_delay,1,checkoutservice,checkout-f04-01,online-boutique,node-b,0.4339,36.3568,0,123.9343,0.002302,61.0951,39.412,104.0358,137.5577,224.9922,119.3696,123.649,0.0932,0.192,118325.5974,90129.3529,network_delay,frontend,2026-06-09 15:50:00,2026-06-09 16:05:00,post_fault,5.1037345,1
2026-06-09 16:08:45,1425,EXP_FAULT_04,RUN_04,network_delay,1,checkoutservice,checkout-f04-01,online-boutique,node-b,0.4179,36.8814,0,125.3234,0.002852,56.9147,40.5119,102.2335,142.2494,216.5492,120.7107,124.9659,0.1827,0.1748,126208.3696,120760.1302,network_delay,frontend,2026-06-09 15:50:00,2026-06-09 16:05:00,post_fault,2.9606123,1
2026-06-09 16:08:50,1430,EXP_FAULT_04,RUN_04,network_delay,1,checkoutservice,checkout-f04-01,online-boutique,node-b,0.4217,36.381,0,120.4215,0.002118,58.9126,37.6194,108.7879,130.3246,225.6692,116.1064,120.1664,0.0902,0.1649,135908.3956,107698.7468,network_delay,frontend,2026-06-09 15:50:00,2026-06-09 16:05:00,post_fault,4.556157,1
2026-06-09 16:08:55,1435,EXP_FAULT_04,RUN_04,network_delay,1,checkoutservice,checkout-f04-01,online-boutique,node-b,0.4405,36.326,0,123.555,0.002291,62.6276,40.6827,105.5573,151.7358,213.6658,119.1901,123.2719,0.1067,0.1764,160595.041,103887.7005,network_delay,frontend,2026-06-09 15:50:00,2026-06-09 16:05:00,post_fault,6.0355883,1
2026-06-09 16:09:00,1440,EXP_FAULT_04,RUN_04,network_delay,1,checkoutservice,checkout-f04-01,online-boutique,node-b,0.4493,37.1075,0,130.8929,0.002789,60.3029,38.3674,107.5418,134.8884,195.5256,126.2656,130.5278,0.1903,0.1748,162570.3653,132437.3985,network_delay,frontend,2026-06-09 15:50:00,2026-06-09 16:05:00,post_fault,3.4559085,1
2026-06-09 16:09:05,1445,EXP_FAULT_04,RUN_04,network_delay,1,checkoutservice,checkout-f04-01,online-boutique,node-b,0.4448,35.9234,0,127.1847,0.002484,58.5787,40.7421,105.9918,131.445,222.0358,122.7859,126.8688,0.1354,0.1805,145352.9608,87449.4146,network_delay,frontend,2026-06-09 15:50:00,2026-06-09 16:05:00,post_fault,2.944916,1
2026-06-09 16:09:10,1450,EXP_FAULT_04,RUN_04,network_delay,1,checkoutservice,checkout-f04-01,online-boutique,node-b,0.4267,36.1414,0,127.296,0.002104,59.5536,39.7079,106.1157,135.883,206.6509,122.9603,127.0282,0.0839,0.1839,145929.6536,130367.4611,network_delay,frontend,2026-06-09 15:50:00,2026-06-09 16:05:00,post_fault,4.0992017,1
2026-06-09 16:09:15,1455,EXP_FAULT_04,RUN_04,network_delay,1,checkoutservice,checkout-f04-01,online-boutique,node-b,0.4319,36.3823,0,130.4067,0.002948,60.9819,43.1433,99.3036,130.1139,201.7624,125.9369,130.0223,0.1901,0.1943,126987.2552,117346.4855,network_delay,frontend,2026-06-09 15:50:00,2026-06-09 16:05:00,post_fault,4.448531,1
2026-06-09 16:09:20,1460,EXP_FAULT_04,RUN_04,network_delay,1,checkoutservice,checkout-f04-01,online-boutique,node-b,0.4409,36.8115,0,130.6694,0.001827,55.2125,36.1033,99.7298,131.3362,186.1777,126.3722,130.4306,0.0633,0.1755,124182.3312,97554.6949,network_delay,frontend,2026-06-09 15:50:00,2026-06-09 16:05:00,post_fault,1.2736139,1
2026-06-09 16:09:25,1465,EXP_FAULT_04,RUN_04,network_delay,1,checkoutservice,checkout-f04-01,online-boutique,node-b,0.4502,37.3599,0,134.2994,0.001925,64.9422,41.1373,113.2546,142.7727,218.9437,129.9397,134.0409,0.0915,0.167,116986.8754,117718.9913,network_delay,frontend,2026-06-09 15:50:00,2026-06-09 16:05:00,post_fault,6.164734,1
2026-06-09 16:09:30,1470,EXP_FAULT_04,RUN_04,network_delay,1,checkoutservice,checkout-f04-01,online-boutique,node-b,0.4368,36.1339,0,133.8858,0.002175,60.738,40.7952,106.7771,141.9607,217.858,129.583,133.5945,0.1093,0.1819,140774.3988,101975.5751,network_delay,frontend,2026-06-09 15:50:00,2026-06-09 16:05:00,post_fault,3.8285778,1
2026-06-09 16:09:35,1475,EXP_FAULT_04,RUN_04,network_delay,1,checkoutservice,checkout-f04-01,online-boutique,node-b,0.4532,36.7341,0,135.6268,0.002463,62.8135,39.7379,104.7252,135.3175,212.6261,131.2797,135.2927,0.1543,0.1798,146142.0669,103160.6034,network_delay,frontend,2026-06-09 15:50:00,2026-06-09 16:05:00,post_fault,4.38844,1
2026-06-09 16:09:40,1480,EXP_FAULT_04,RUN_04,network_delay,1,checkoutservice,checkout-f04-01,online-boutique,node-b,0.4715,36.2226,0,136.4555,0.002611,61.1073,39.729,112.0691,138.6794,212.8827,132.1244,136.0992,0.1961,0.1602,133953.963,91310.1136,network_delay,frontend,2026-06-09 15:50:00,2026-06-09 16:05:00,post_fault,3.0759532,1
2026-06-09 16:09:45,1485,EXP_FAULT_04,RUN_04,network_delay,1,checkoutservice,checkout-f04-01,online-boutique,node-b,0.4173,36.7592,0,136.1487,0.001897,62.9594,46.4778,101.2442,136.4876,205.1042,131.9613,135.8904,0.0731,0.1852,150273.7156,115826.4702,network_delay,frontend,2026-06-09 15:50:00,2026-06-09 16:05:00,post_fault,6.1180854,1
2026-06-09 16:09:50,1490,EXP_FAULT_04,RUN_04,network_delay,1,checkoutservice,checkout-f04-01,online-boutique,node-b,0.4292,36.6144,0,137.0773,0.001977,63.642,44.1772,114.7577,133.6028,212.9068,132.8879,136.8063,0.0853,0.1857,161151.4674,115384.5703,network_delay,frontend,2026-06-09 15:50:00,2026-06-09 16:05:00,post_fault,5.8067613,1
2026-06-09 16:09:55,1495,EXP_FAULT_04,RUN_04,network_delay,1,checkoutservice,checkout-f04-01,online-boutique,node-b,0.4343,36.9851,0,137.7869,0.002385,58.6903,40.6584,93.074,125.1962,192.9183,133.5925,137.4582,0.1506,0.1781,149734.6457,125535.3774,network_delay,frontend,2026-06-09 15:50:00,2026-06-09 16:05:00,post_fault,2.443573,1
2026-06-09 16:10:00,1500,EXP_FAULT_04,RUN_04,network_delay,1,checkoutservice,checkout-f04-01,online-boutique,node-b,0.4415,37.1192,0,137.6959,0.001783,59.7628,40.2291,99.3625,139.3841,194.1313,133.6317,137.4504,0.0745,0.1709,150062.4765,134076.7217,network_delay,frontend,2026-06-09 15:50:00,2026-06-09 16:05:00,post_fault,2.7598372,1
2026-06-09 16:10:05,1505,EXP_FAULT_04,RUN_04,network_delay,1,checkoutservice,checkout-f04-01,online-boutique,node-b,0.4373,36.062,0,137.1698,0.001784,60.9812,43.3747,103.7137,133.228,203.2302,133.154,136.9251,0.0518,0.1929,162717.8593,130066.1098,network_delay,frontend,2026-06-09 15:50:00,2026-06-09 16:05:00,post_fault,3.71516,1
2026-06-09 16:10:10,1510,EXP_FAULT_04,RUN_04,network_delay,1,checkoutservice,checkout-f04-01,online-boutique,node-b,0.4259,35.2236,0,142.625,0.002498,64.7662,45.0065,113.7019,156.3433,201.2423,138.4573,142.2687,0.1635,0.1928,139313.746,138893.4943,network_delay,frontend,2026-06-09 15:50:00,2026-06-09 16:05:00,post_fault,6.763175,1
2026-06-09 16:10:15,1515,EXP_FAULT_04,RUN_04,network_delay,1,checkoutservice,checkout-f04-01,online-boutique,node-b,0.4199,36.7973,0,139.6414,0.002023,62.8189,40.4026,109.0441,141.7098,212.6021,135.6394,139.3589,0.1003,0.1822,149968.3438,137679.4416,network_delay,frontend,2026-06-09 15:50:00,2026-06-09 16:05:00,post_fault,5.5347295,1
2026-06-09 16:10:20,1520,EXP_FAULT_04,RUN_04,network_delay,1,checkoutservice,checkout-f04-01,online-boutique,node-b,0.4583,36.099,0,141.3611,0.002436,60.3807,41.039,110.3586,137.9845,217.2076,137.3591,141.0167,0.183,0.1613,143263.9636,112294.3525,network_delay,frontend,2026-06-09 15:50:00,2026-06-09 16:05:00,post_fault,2.3783956,1
2026-06-09 16:10:25,1525,EXP_FAULT_04,RUN_04,network_delay,1,checkoutservice,checkout-f04-01,online-boutique,node-b,0.4536,36.652,0,140.6281,0.002748,61.5882,42.3493,111.3089,136.5522,205.3838,136.6282,140.2417,0.2035,0.1829,156879.3398,119380.4415,network_delay,frontend,2026-06-09 15:50:00,2026-06-09 16:05:00,post_fault,3.148734,1
2026-06-09 16:10:30,1530,EXP_FAULT_04,RUN_04,network_delay,1,checkoutservice,checkout-f04-01,online-boutique,node-b,0.446,36.4284,0,142.0976,0.002725,58.8827,43.5597,106.2056,135.9794,191.7672,138.1352,141.7104,0.2256,0.1615,136399.7465,98293.9326,network_delay,frontend,2026-06-09 15:50:00,2026-06-09 16:05:00,post_fault,1.9300454,1
2026-06-09 16:10:35,1535,EXP_FAULT_04,RUN_04,network_delay,1,checkoutservice,checkout-f04-01,online-boutique,node-b,0.4589,36.7883,0,140.4144,0.002068,59.8186,40.3775,99.1351,134.3089,182.659,136.6244,140.1241,0.1485,0.1418,151084.8276,127686.2528,network_delay,frontend,2026-06-09 15:50:00,2026-06-09 16:05:00,post_fault,2.192196,1
2026-06-09 16:10:40,1540,EXP_FAULT_04,RUN_04,network_delay,1,checkoutservice,checkout-f04-01,online-boutique,node-b,0.4449,36.0694,0,144.261,0.002272,65.1275,47.9036,108.722,139.6576,211.5738,140.3751,143.9332,0.1612,0.1666,175483.0628,127310.3905,network_delay,frontend,2026-06-09 15:50:00,2026-06-09 16:05:00,post_fault,5.403817,1
2026-06-09 16:10:45,1545,EXP_FAULT_04,RUN_04,network_delay,1,checkoutservice,checkout-f04-01,online-boutique,node-b,0.4824,37.0387,0,142.4073,0.002768,57.2297,40.4451,99.9848,126.5852,189.6615,138.542,142.0132,0.2151,0.1791,175447.7942,127784.7326,network_delay,frontend,2026-06-09 15:50:00,2026-06-09 16:05:00,post_fault,1.3177903,1
2026-06-09 16:10:50,1550,EXP_FAULT_04,RUN_04,network_delay,1,checkoutservice,checkout-f04-01,online-boutique,node-b,0.4406,36.4627,0,139.7443,0.001874,63.4507,47.2838,112.3628,140.292,189.8073,136.1336,139.4825,0.1169,0.1449,179663.2693,126956.0296,network_delay,frontend,2026-06-09 15:50:00,2026-06-09 16:05:00,post_fault,4.8583,1
2026-06-09 16:10:55,1555,EXP_FAULT_04,RUN_04,network_delay,1,checkoutservice,checkout-f04-01,online-boutique,node-b,0.4392,36.7865,0,140.3719,0.002195,58.4473,42.0364,91.2689,135.4018,188.0235,136.7382,140.0638,0.1463,0.1618,164063.1322,95780.779,network_delay,frontend,2026-06-09 15:50:00,2026-06-09 16:05:00,post_fault,2.0303555,1
2026-06-09 16:11:00,1560,EXP_FAULT_04,RUN_04,network_delay,1,checkoutservice,checkout-f04-01,online-boutique,node-b,0.4305,36.2238,0,135.6637,0.00162,57.2934,37.4008,98.1513,127.1918,189.9156,132.2587,135.4439,0.0815,0.1383,136238.2999,137355.1076,network_delay,frontend,2026-06-09 15:50:00,2026-06-09 16:05:00,post_fault,2.194833,1
2026-06-09 16:11:05,1565,EXP_FAULT_04,RUN_04,network_delay,1,checkoutservice,checkout-f04-01,online-boutique,node-b,0.4488,36.6326,0,136.2598,0.001536,60.8955,44.3425,109.7776,132.8416,214.8315,132.8715,136.0505,0.0502,0.1591,162622.5788,139404.6028,network_delay,frontend,2026-06-09 15:50:00,2026-06-09 16:05:00,post_fault,3.307961,1
2026-06-09 16:11:10,1570,EXP_FAULT_04,RUN_04,network_delay,1,checkoutservice,checkout-f04-01,online-boutique,node-b,0.442,36.1062,0,136.3048,0.002622,54.1543,37.0241,96.3825,125.9452,169.0716,132.8884,135.9474,0.1941,0.1633,113186.1655,101194.2766,network_delay,frontend,2026-06-09 15:50:00,2026-06-09 16:05:00,post_fault,0.7114378,0
2026-06-09 16:11:15,1575,EXP_FAULT_04,RUN_04,network_delay,1,checkoutservice,checkout-f04-01,online-boutique,node-b,0.4335,36.5561,0,135.8602,0.00201,60.0816,44.3874,109.1287,140.5685,183.3005,132.5415,135.5872,0.1174,0.1557,116203.1685,101361.3359,network_delay,frontend,2026-06-09 15:50:00,2026-06-09 16:05:00,post_fault,3.3882148,1
2026-06-09 16:11:20,1580,EXP_FAULT_04,RUN_04,network_delay,1,checkoutservice,checkout-f04-01,online-boutique,node-b,0.4182,36.5299,0,135.5831,0.002614,58.9185,43.54,95.2121,133.3919,173.414,132.2927,135.2287,0.2049,0.1495,130593.5373,135359.1755,network_delay,frontend,2026-06-09 15:50:00,2026-06-09 16:05:00,post_fault,3.5054507,1
2026-06-09 16:11:25,1585,EXP_FAULT_04,RUN_04,network_delay,1,checkoutservice,checkout-f04-01,online-boutique,node-b,0.447,37.1467,0,138.9174,0.001833,59.221,38.4766,101.7703,121.752,207.6332,135.6171,138.6627,0.0929,0.1617,140560.6227,127163.5194,network_delay,frontend,2026-06-09 15:50:00,2026-06-09 16:05:00,post_fault,2.2553484,1
2026-06-09 16:11:30,1590,EXP_FAULT_04,RUN_04,network_delay,1,checkoutservice,checkout-f04-01,online-boutique,node-b,0.4588,36.1326,0,132.8154,0.001283,52.3379,34.2445,90.0058,121.3276,167.1597,129.7558,132.645,0.0489,0.1215,131782.8745,124500.8765,network_delay,frontend,2026-06-09 15:50:00,2026-06-09 16:05:00,post_fault,0.35120586,0
2026-06-09 16:11:35,1595,EXP_FAULT_04,RUN_04,network_delay,1,checkoutservice,checkout-f04-01,online-boutique,node-b,0.4134,36.6671,0,132.3291,0.001878,60.553,43.9062,94.7264,130.2189,209.53,129.2725,132.0806,0.1373,0.1112,129231.4037,89550.274,network_delay,frontend,2026-06-09 15:50:00,2026-06-09 16:05:00,post_fault,5.030806,1
2026-06-09 16:11:40,1600,EXP_FAULT_04,RUN_04,network_delay,1,checkoutservice,checkout-f04-01,online-boutique,node-b,0.4473,36.1805,0,133.6284,0.002059,52.74,37.7862,84.0842,108.3177,171.4071,130.5649,133.3532,0.1183,0.1568,157275.7546,94041.8026,network_delay,frontend,2026-06-09 15:50:00,2026-06-09 16:05:00,post_fault,0.40571386,0
2026-06-09 16:11:45,1605,EXP_FAULT_04,RUN_04,network_delay,1,checkoutservice,checkout-f04-01,online-boutique,node-b,0.454,36.9696,0,131.4653,0.001842,56.8,41.1141,91.8296,119.0102,176.5325,128.5122,131.2232,0.1281,0.114,153969.8629,107465.7576,network_delay,frontend,2026-06-09 15:50:00,2026-06-09 16:05:00,post_fault,1.6738942,1
2026-06-09 16:11:50,1610,EXP_FAULT_04,RUN_04,network_delay,1,checkoutservice,checkout-f04-01,online-boutique,node-b,0.4411,36.0476,0,130.2524,0.001643,54.6286,38.1856,91.533,116.1534,170.5676,127.3806,130.0383,0.0919,0.1221,114388.6873,127338.0969,network_delay,frontend,2026-06-09 15:50:00,2026-06-09 16:05:00,post_fault,1.1278536,1
2026-06-09 16:11:55,1615,EXP_FAULT_04,RUN_04,network_delay,1,checkoutservice,checkout-f04-01,online-boutique,node-b,0.4477,36.5527,0,137.0297,0.002328,55.4989,41.3638,96.9085,120.0657,160.7017,134.0368,136.7106,0.1995,0.1196,136271.6251,95341.8459,network_delay,frontend,2026-06-09 15:50:00,2026-06-09 16:05:00,post_fault,0.9367366,1
2026-06-09 16:12:00,1620,EXP_FAULT_04,RUN_04,network_delay,1,checkoutservice,checkout-f04-01,online-boutique,node-b,0.427,36.1608,0,134.5983,0.001471,55.7463,39.4224,87.1826,123.1144,173.9399,131.7335,134.4004,0.0571,0.1409,148547.4002,134976.1184,network_delay,frontend,2026-06-09 15:50:00,2026-06-09 16:05:00,post_fault,1.7717413,1
2026-06-09 16:12:05,1625,EXP_FAULT_04,RUN_04,network_delay,1,checkoutservice,checkout-f04-01,online-boutique,node-b,0.4426,36.1941,0,131.2064,0.002553,54.7676,37.68,87.1737,114.7281,188.7672,128.3645,130.8714,0.2014,0.1336,117545.8924,122923.0414,network_delay,frontend,2026-06-09 15:50:00,2026-06-09 16:05:00,post_fault,1.0826648,1
2026-06-09 16:12:10,1630,EXP_FAULT_04,RUN_04,network_delay,1,checkoutservice,checkout-f04-01,online-boutique,node-b,0.4299,36.2593,0,133.8933,0.00204,55.2553,36.5561,89.3696,113.4897,181.9609,131.0723,133.6201,0.1581,0.115,120685.1091,92045.3127,network_delay,frontend,2026-06-09 15:50:00,2026-06-09 16:05:00,post_fault,1.4622803,1
2026-06-09 16:12:15,1635,EXP_FAULT_04,RUN_04,network_delay,1,checkoutservice,checkout-f04-01,online-boutique,node-b,0.4415,36.6109,0,134.025,0.002076,55.5347,40.242,97.3256,126.0674,189.0981,131.2376,133.7468,0.1565,0.1218,135445.7093,89916.4712,network_delay,frontend,2026-06-09 15:50:00,2026-06-09 16:05:00,post_fault,1.198256,1
2026-06-09 16:12:20,1640,EXP_FAULT_04,RUN_04,network_delay,1,checkoutservice,checkout-f04-01,online-boutique,node-b,0.4478,36.3189,0,135.5992,0.001408,54.2104,40.9979,88.7491,115.1427,175.264,132.8481,135.4083,0.0722,0.1187,166505.6867,113428.0653,network_delay,frontend,2026-06-09 15:50:00,2026-06-09 16:05:00,post_fault,0.6559302,0
2026-06-09 16:12:25,1645,EXP_FAULT_04,RUN_04,network_delay,1,checkoutservice,checkout-f04-01,online-boutique,node-b,0.4503,36.769,0,133.9562,0.001249,57.0769,40.8418,101.0348,124.4257,188.5477,131.3018,133.7889,0.0508,0.1164,134832.1182,103346.976,network_delay,frontend,2026-06-09 15:50:00,2026-06-09 16:05:00,post_fault,1.6439031,1
2026-06-09 16:12:30,1650,EXP_FAULT_04,RUN_04,network_delay,1,checkoutservice,checkout-f04-01,online-boutique,node-b,0.4529,36.3334,0,137.7492,0.002275,61.7769,40.4437,95.2104,130.3339,205.3032,134.9576,137.4358,0.1924,0.121,141810.1088,101444.8588,network_delay,frontend,2026-06-09 15:50:00,2026-06-09 16:05:00,post_fault,3.545929,1
2026-06-09 16:12:35,1655,EXP_FAULT_04,RUN_04,network_delay,1,checkoutservice,checkout-f04-01,online-boutique,node-b,0.4636,36.8769,0,140.14,0.002347,59.7475,39.5321,101.3357,131.6933,198.7896,137.3437,139.811,0.2289,0.1001,126297.8791,106389.4553,network_delay,frontend,2026-06-09 15:50:00,2026-06-09 16:05:00,post_fault,2.1469924,1
2026-06-09 16:12:40,1660,EXP_FAULT_04,RUN_04,network_delay,1,checkoutservice,checkout-f04-01,online-boutique,node-b,0.434,36.6342,0,136.3383,0.002388,58.3438,43.5801,100.5435,131.3569,183.5082,133.6672,136.0127,0.1842,0.1413,164321.3233,139537.4838,network_delay,frontend,2026-06-09 15:50:00,2026-06-09 16:05:00,post_fault,2.4134808,1
2026-06-09 16:12:45,1665,EXP_FAULT_04,RUN_04,network_delay,1,checkoutservice,checkout-f04-01,online-boutique,node-b,0.4401,37.1696,0,139.7495,0.001288,57.8859,39.7602,88.821,113.8761,182.9656,137.1021,139.5695,0.0425,0.1375,165841.3823,134333.9538,network_delay,frontend,2026-06-09 15:50:00,2026-06-09 16:05:00,post_fault,1.8318491,1
2026-06-09 16:12:50,1670,EXP_FAULT_04,RUN_04,network_delay,1,checkoutservice,checkout-f04-01,online-boutique,node-b,0.4473,36.032,0,141.3489,0.001897,55.6759,42.3294,93.4326,120.5816,172.1419,138.6464,141.0808,0.1423,0.1258,171865.94,135257.4664,network_delay,frontend,2026-06-09 15:50:00,2026-06-09 16:05:00,post_fault,0.84124124,0
2026-06-09 16:12:55,1675,EXP_FAULT_04,RUN_04,network_delay,1,checkoutservice,checkout-f04-01,online-boutique,node-b,0.4421,36.9871,0,141.7768,0.002108,59.0558,39.5537,96.7546,128.6641,198.2067,139.102,141.478,0.1905,0.1083,169768.1254,132208.4462,network_delay,frontend,2026-06-09 15:50:00,2026-06-09 16:05:00,post_fault,2.1120777,1
2026-06-09 16:13:00,1680,EXP_FAULT_04,RUN_04,network_delay,1,checkoutservice,checkout-f04-01,online-boutique,node-b,0.4401,36.0682,0,138.077,0.002312,57.426,38.8792,97.1393,113.1339,163.9663,135.5126,137.7577,0.1985,0.1208,116774.9063,132860.4532,network_delay,frontend,2026-06-09 15:50:00,2026-06-09 16:05:00,post_fault,1.7662262,1
2026-06-09 16:13:05,1685,EXP_FAULT_04,RUN_04,network_delay,1,checkoutservice,checkout-f04-01,online-boutique,node-b,0.392,37.1759,0,141.4686,0.00152,58.2077,40.9848,90.7127,123.8292,180.2578,138.9394,141.2535,0.1087,0.1063,160958.654,124652.2761,network_delay,frontend,2026-06-09 15:50:00,2026-06-09 16:05:00,post_fault,4.8270583,1
2026-06-09 16:13:10,1690,EXP_FAULT_04,RUN_04,network_delay,1,checkoutservice,checkout-f04-01,online-boutique,node-b,0.442,35.8503,0,142.8136,0.001734,57.4105,38.6585,101.2794,125.291,175.3252,140.2767,142.566,0.1424,0.1052,150013.6465,130881.2317,network_delay,frontend,2026-06-09 15:50:00,2026-06-09 16:05:00,post_fault,1.5437666,1
2026-06-09 16:13:15,1695,EXP_FAULT_04,RUN_04,network_delay,1,checkoutservice,checkout-f04-01,online-boutique,node-b,0.4514,36.393,0,142.5702,0.001164,57.5895,41.8654,98.5824,120.6121,178.5756,140.0977,142.4042,0.0635,0.1025,180696.0471,133975.5223,network_delay,frontend,2026-06-09 15:50:00,2026-06-09 16:05:00,post_fault,1.3116777,1
2026-06-09 16:13:20,1700,EXP_FAULT_04,RUN_04,network_delay,1,checkoutservice,checkout-f04-01,online-boutique,node-b,0.4357,36.0031,0,141.4521,0.00134,56.3969,37.3942,96.2138,121.0862,167.9096,139.0036,141.2626,0.0635,0.126,170630.1385,123878.569,network_delay,frontend,2026-06-09 15:50:00,2026-06-09 16:05:00,post_fault,1.4624412,1
2026-06-09 16:13:25,1705,EXP_FAULT_04,RUN_04,network_delay,1,checkoutservice,checkout-f04-01,online-boutique,node-b,0.4333,36.6691,0,136.781,0.001307,52.3854,37.7634,88.4624,106.675,146.3044,134.4478,136.6023,0.0598,0.119,125815.4549,91615.8882,network_delay,frontend,2026-06-09 15:50:00,2026-06-09 16:05:00,post_fault,0.48838204,0
2026-06-09 16:13:30,1710,EXP_FAULT_04,RUN_04,network_delay,1,checkoutservice,checkout-f04-01,online-boutique,node-b,0.4535,36.4725,0,140.2424,0.002401,53.8924,37.1451,82.6017,114.7069,158.568,137.7746,139.9058,0.2328,0.1039,173450.8665,137701.2464,network_delay,frontend,2026-06-09 15:50:00,2026-06-09 16:05:00,post_fault,0.37000543,0
2026-06-09 16:13:35,1715,EXP_FAULT_04,RUN_04,network_delay,1,checkoutservice,checkout-f04-01,online-boutique,node-b,0.4417,36.8576,0,139.2977,0.001289,52.7949,38.1017,88.0576,103.0107,159.9146,137.0091,139.1182,0.0662,0.1133,151608.3216,111411.6092,network_delay,frontend,2026-06-09 15:50:00,2026-06-09 16:05:00,post_fault,0.33042485,0
2026-06-09 16:13:40,1720,EXP_FAULT_04,RUN_04,network_delay,1,checkoutservice,checkout-f04-01,online-boutique,node-b,0.4413,36.1416,0,143.4245,0.001607,56.6589,43.2127,99.312,115.1187,180.849,141.0789,143.194,0.1172,0.1133,125756.0679,101931.3298,network_delay,frontend,2026-06-09 15:50:00,2026-06-09 16:05:00,post_fault,1.2288805,1
2026-06-09 16:13:45,1725,EXP_FAULT_04,RUN_04,network_delay,1,checkoutservice,checkout-f04-01,online-boutique,node-b,0.4332,36.5574,0,140.4754,0.001161,56.2945,42.928,92.1701,113.4037,162.6906,138.2296,140.3123,0.0807,0.0824,149546.7066,98330.4979,network_delay,frontend,2026-06-09 15:50:00,2026-06-09 16:05:00,post_fault,1.4776564,1
2026-06-09 16:13:50,1730,EXP_FAULT_04,RUN_04,network_delay,1,checkoutservice,checkout-f04-01,online-boutique,node-b,0.431,36.5508,0,141.3653,0.002387,51.5363,37.7113,88.6072,106.1244,145.434,138.9944,141.0279,0.2316,0.1058,172171.5494,136312.3075,network_delay,frontend,2026-06-09 15:50:00,2026-06-09 16:05:00,post_fault,0.38147467,0
2026-06-09 16:13:55,1735,EXP_FAULT_04,RUN_04,network_delay,1,checkoutservice,checkout-f04-01,online-boutique,node-b,0.4528,36.5403,0,137.2722,0.002131,51.838,36.5707,91.4955,108.9646,154.344,135.0517,136.9796,0.1758,0.1168,131850.3106,124319.6192,network_delay,frontend,2026-06-09 15:50:00,2026-06-09 16:05:00,post_fault,0.14848696,0
2026-06-09 16:14:00,1740,EXP_FAULT_04,RUN_04,network_delay,1,checkoutservice,checkout-f04-01,online-boutique,node-b,0.4632,36.3112,0,138.8646,0.001744,52.5739,35.2347,83.2989,105.7157,154.7361,136.6951,138.6224,0.1197,0.1226,164140.4259,118613.8959,network_delay,frontend,2026-06-09 15:50:00,2026-06-09 16:05:00,post_fault,0.21024641,0
2026-06-09 16:14:05,1745,EXP_FAULT_04,RUN_04,network_delay,1,checkoutservice,checkout-f04-01,online-boutique,node-b,0.4542,36.8334,0,139.7244,0.00198,55.5234,43.1515,86.7744,108.3707,174.69,137.5175,139.4477,0.1866,0.09,126658.9173,143416.3237,network_delay,frontend,2026-06-09 15:50:00,2026-06-09 16:05:00,post_fault,0.74512327,0
2026-06-09 16:14:10,1750,EXP_FAULT_04,RUN_04,network_delay,1,checkoutservice,checkout-f04-01,online-boutique,node-b,0.4352,37.2228,0,136.5325,0.001757,53.0496,35.7928,92.8859,103.6807,168.6324,134.4554,136.2926,0.1549,0.0849,112903.5204,131835.6025,network_delay,frontend,2026-06-09 15:50:00,2026-06-09 16:05:00,post_fault,0.52655584,0
2026-06-09 16:14:15,1755,EXP_FAULT_04,RUN_04,network_delay,1,checkoutservice,checkout-f04-01,online-boutique,node-b,0.4754,36.6682,0,135.4972,0.002178,52.4127,39.0772,88.2905,103.6168,172.4173,133.4232,135.2021,0.1775,0.1176,122458.3259,140279.0217,network_delay,frontend,2026-06-09 15:50:00,2026-06-09 16:05:00,post_fault,0.61243755,0
2026-06-09 16:14:20,1760,EXP_FAULT_04,RUN_04,network_delay,1,checkoutservice,checkout-f04-01,online-boutique,node-b,0.4446,36.7214,0,133.1205,0.001469,50.5355,34.5569,78.3354,112.0825,141.1997,131.0939,132.9249,0.1123,0.0833,133528.7829,92851.9965,network_delay,frontend,2026-06-09 15:50:00,2026-06-09 16:05:00,post_fault,0.102020584,0
2026-06-09 16:14:25,1765,EXP_FAULT_04,RUN_04,network_delay,1,checkoutservice,checkout-f04-01,online-boutique,node-b,0.4426,36.7705,0,132.3812,0.001353,60.5788,46.7944,98.9425,124.3931,188.7578,130.3645,132.2022,0.0626,0.1164,109977.7966,122992.3483,network_delay,frontend,2026-06-09 15:50:00,2026-06-09 16:05:00,post_fault,3.662801,1
2026-06-09 16:14:30,1770,EXP_FAULT_04,RUN_04,network_delay,1,checkoutservice,checkout-f04-01,online-boutique,node-b,0.4402,36.4902,0,133.4686,0.002289,51.6002,36.873,82.7134,107.2539,169.3686,131.4043,133.1631,0.193,0.1125,120204.4088,120687.5946,network_delay,frontend,2026-06-09 15:50:00,2026-06-09 16:05:00,post_fault,0.264631,0
2026-06-09 16:14:35,1775,EXP_FAULT_04,RUN_04,network_delay,1,checkoutservice,checkout-f04-01,online-boutique,node-b,0.4425,35.7484,0,129.1663,0.001901,50.7687,36.1376,77.1379,97.7095,149.4773,127.1702,128.9207,0.1495,0.096,136847.7908,127869.0155,network_delay,frontend,2026-06-09 15:50:00,2026-06-09 16:05:00,post_fault,0.2542946,0
2026-06-09 16:14:40,1780,EXP_FAULT_04,RUN_04,network_delay,1,checkoutservice,checkout-f04-01,online-boutique,node-b,0.4671,35.9347,0,131.8658,0.001243,54.2845,40.2593,95.7325,108.1994,153.0418,129.89,131.7019,0.0903,0.0737,109236.7882,131152.7966,network_delay,frontend,2026-06-09 15:50:00,2026-06-09 16:05:00,post_fault,0.87191737,0
2026-06-09 16:14:45,1785,EXP_FAULT_04,RUN_04,network_delay,1,checkoutservice,checkout-f04-01,online-boutique,node-b,0.4261,36.753,0,132.3388,0.001857,51.2372,35.0434,81.3733,107.1782,142.3381,130.2638,132.093,0.1308,0.115,147420.4164,102051.4336,network_delay,frontend,2026-06-09 15:50:00,2026-06-09 16:05:00,post_fault,0.4706188,0
2026-06-09 16:14:50,1790,EXP_FAULT_04,RUN_04,network_delay,1,checkoutservice,checkout-f04-01,online-boutique,node-b,0.4718,36.3335,0,127.4755,0.002043,52.9564,37.2109,86.0727,107.4817,170.6581,125.5242,127.2151,0.1604,0.1,159677.1125,110710.4614,network_delay,frontend,2026-06-09 15:50:00,2026-06-09 16:05:00,post_fault,0.97190654,1
2026-06-09 16:14:55,1795,EXP_FAULT_04,RUN_04,network_delay,1,checkoutservice,checkout-f04-01,online-boutique,node-b,0.4478,37.0409,0,129.7121,0.001255,57.9761,44.7986,87.9256,112.8262,166.1866,127.7611,129.5493,0.054,0.1088,151691.6488,97389.9296,network_delay,frontend,2026-06-09 15:50:00,2026-06-09 16:05:00,post_fault,2.397484,1
2026-06-09 16:20:00,0,EXP_FAULT_05,RUN_05,cpu_stress,1,checkoutservice,checkout-f05-01,online-boutique,node-b,0.4581,35.941,0,129.7477,0.000694,44.097,34.3011,74.663,88.8833,106.5034,129.6949,129.6577,0.067,0.023,111390.4563,96839.3195,cpu_stress,productcatalogservice,2026-06-09 16:25:00,2026-06-09 16:40:00,pre_fault,0.3326842,0
2026-06-09 16:20:05,5,EXP_FAULT_05,RUN_05,cpu_stress,1,checkoutservice,checkout-f05-01,online-boutique,node-b,0.4435,36.3093,0,129.2077,0.00141,45.3768,32.2728,66.3222,84.3739,111.2159,129.0755,129.0256,0.1595,0.0227,131999.6718,106855.0699,cpu_stress,productcatalogservice,2026-06-09 16:25:00,2026-06-09 16:40:00,pre_fault,0.2655769,0
2026-06-09 16:20:10,10,EXP_FAULT_05,RUN_05,cpu_stress,1,checkoutservice,checkout-f05-01,online-boutique,node-b,0.4595,36.1856,0,130.5983,0.001166,44.6044,34.8108,75.1047,84.1875,125.0656,130.5162,130.4461,0.1265,0.0258,165867.8489,106840.0062,cpu_stress,productcatalogservice,2026-06-09 16:25:00,2026-06-09 16:40:00,pre_fault,0.72426206,0
2026-06-09 16:20:15,15,EXP_FAULT_05,RUN_05,cpu_stress,1,checkoutservice,checkout-f05-01,online-boutique,node-b,0.4494,36.2599,0,133.2011,0.001773,47.7549,34.999,73.1099,95.0637,113.4918,133.0487,132.9649,0.2113,0.0248,158554.8608,118856.0193,cpu_stress,productcatalogservice,2026-06-09 16:25:00,2026-06-09 16:40:00,pre_fault,0.044962056,0
2026-06-09 16:20:20,20,EXP_FAULT_05,RUN_05,cpu_stress,1,checkoutservice,checkout-f05-01,online-boutique,node-b,0.454,35.3822,0,138.4009,0.000706,50.374,35.4014,77.3515,100.5459,134.2515,138.3657,138.3032,0.0636,0.0341,146181.766,136709.567,cpu_stress,productcatalogservice,2026-06-09 16:25:00,2026-06-09 16:40:00,pre_fault,0.06464808,0
2026-06-09 16:20:25,25,EXP_FAULT_05,RUN_05,cpu_stress,1,checkoutservice,checkout-f05-01,online-boutique,node-b,0.444,35.5759,0,136.2193,0.000589,50.3818,37.8033,76.7318,98.5002,122.1972,136.1859,136.1391,0.0801,0.0001,130159.8973,90104.2941,cpu_stress,productcatalogservice,2026-06-09 16:25:00,2026-06-09 16:40:00,pre_fault,0.15961818,0
2026-06-09 16:20:30,30,EXP_FAULT_05,RUN_05,cpu_stress,1,checkoutservice,checkout-f05-01,online-boutique,node-b,0.4375,35.4866,0,138.2942,0.001111,51.2206,39.9418,78.5422,102.3518,145.9128,138.1889,138.1407,0.1464,0.0072,132964.7698,132467.7963,cpu_stress,productcatalogservice,2026-06-09 16:25:00,2026-06-09 16:40:00,pre_fault,0.38827038,0
2026-06-09 16:20:35,35,EXP_FAULT_05,RUN_05,cpu_stress,1,checkoutservice,checkout-f05-01,online-boutique,node-b,0.4651,36.1197,0,138.4393,0.000611,48.8885,34.7847,79.9681,87.9637,136.4735,138.3771,138.3547,0.0374,0.0472,126187.762,128486.5142,cpu_stress,productcatalogservice,2026-06-09 16:25:00,2026-06-09 16:40:00,pre_fault,0.09296832,0
2026-06-09 16:20:40,40,EXP_FAULT_05,RUN_05,cpu_stress,1,checkoutservice,checkout-f05-01,online-boutique,node-b,0.4379,35.8702,0,136.4887,0.001629,50.1505,39.4465,79.4618,98.131,138.1962,136.4082,136.2664,0.2155,0.0068,115480.5696,121762.8634,cpu_stress,productcatalogservice,2026-06-09 16:25:00,2026-06-09 16:40:00,pre_fault,0.14404166,0
2026-06-09 16:20:45,45,EXP_FAULT_05,RUN_05,cpu_stress,1,checkoutservice,checkout-f05-01,online-boutique,node-b,0.4338,36.0932,0,134.2087,0.001535,45.0677,36.7693,75.3974,90.7177,116.8205,134.1346,134.0027,0.1648,0.0412,136036.7762,122546.6512,cpu_stress,productcatalogservice,2026-06-09 16:25:00,2026-06-09 16:40:00,pre_fault,0.32796088,0
2026-06-09 16:20:50,50,EXP_FAULT_05,RUN_05,cpu_stress,1,checkoutservice,checkout-f05-01,online-boutique,node-b,0.4261,35.4468,0,131.9105,0.001509,49.5208,39.1584,77.5065,98.365,139.0908,131.7789,131.7115,0.1639,0.0351,150772.5096,105344.6516,cpu_stress,productcatalogservice,2026-06-09 16:25:00,2026-06-09 16:40:00,pre_fault,0.2184802,0
2026-06-09 16:20:55,55,EXP_FAULT_05,RUN_05,cpu_stress,1,checkoutservice,checkout-f05-01,online-boutique,node-b,0.4413,35.6838,0,136.1784,0.00143,50.7604,39.0032,77.2907,89.5915,124.6691,136.0702,135.9836,0.1779,0.0169,143706.672,132240.2818,cpu_stress,productcatalogservice,2026-06-09 16:25:00,2026-06-09 16:40:00,pre_fault,0.18039773,0
2026-06-09 16:21:00,60,EXP_FAULT_05,RUN_05,cpu_stress,1,checkoutservice,checkout-f05-01,online-boutique,node-b,0.4722,36.0098,0,140.5079,0.001376,43.6823,30.7009,73.0303,82.2897,123.8968,140.4236,140.3145,0.1784,0.015,121073.4192,120996.8814,cpu_stress,productcatalogservice,2026-06-09 16:25:00,2026-06-09 16:40:00,pre_fault,1.4438099,1
2026-06-09 16:21:05,65,EXP_FAULT_05,RUN_05,cpu_stress,1,checkoutservice,checkout-f05-01,online-boutique,node-b,0.4581,35.9658,0,135.4535,0.001759,48.0018,39.1871,73.5333,85.0842,115.2217,135.3416,135.2152,0.2069,0.0313,140930.829,94456.3234,cpu_stress,productcatalogservice,2026-06-09 16:25:00,2026-06-09 16:40:00,pre_fault,0.10655489,0
2026-06-09 16:21:10,70,EXP_FAULT_05,RUN_05,cpu_stress,1,checkoutservice,checkout-f05-01,online-boutique,node-b,0.4434,36.2906,0,140.0307,0.001231,48.3931,39.33,70.6682,84.8184,114.6042,139.9539,139.8583,0.1264,0.0459,147743.5123,135066.9946,cpu_stress,productcatalogservice,2026-06-09 16:25:00,2026-06-09 16:40:00,pre_fault,0.07621694,0
2026-06-09 16:21:15,75,EXP_FAULT_05,RUN_05,cpu_stress,1,checkoutservice,checkout-f05-01,online-boutique,node-b,0.4363,36.9203,0,132.5929,0.001319,45.8828,36.3086,73.4836,85.3106,126.5541,132.4927,132.418,0.1538,0.0211,126993.5752,132098.6674,cpu_stress,productcatalogservice,2026-06-09 16:25:00,2026-06-09 16:40:00,pre_fault,0.1901266,0
2026-06-09 16:21:20,80,EXP_FAULT_05,RUN_05,cpu_stress,1,checkoutservice,checkout-f05-01,online-boutique,node-b,0.4582,35.6867,0,132.5005,0.001049,47.0733,36.4324,73.6456,90.9939,125.5713,132.405,132.3615,0.1303,0.0087,131064.473,124232.4048,cpu_stress,productcatalogservice,2026-06-09 16:25:00,2026-06-09 16:40:00,pre_fault,0.17256908,0
2026-06-09 16:21:25,85,EXP_FAULT_05,RUN_05,cpu_stress,1,checkoutservice,checkout-f05-01,online-boutique,node-b,0.4474,36.362,0,135.2186,0.000904,49.1441,36.1075,75.1854,93.6219,136.1234,135.132,135.0963,0.0854,0.0368,112060.0833,101622.5221,cpu_stress,productcatalogservice,2026-06-09 16:25:00,2026-06-09 16:40:00,pre_fault,0.007884415,0
2026-06-09 16:21:30,90,EXP_FAULT_05,RUN_05,cpu_stress,1,checkoutservice,checkout-f05-01,online-boutique,node-b,0.4303,35.4389,0,135.1864,0.001648,49.5448,37.417,78.6856,95.2874,117.1983,135.1004,134.9635,0.2126,0.0102,121157.4244,135562.0176,cpu_stress,productcatalogservice,2026-06-09 16:25:00,2026-06-09 16:40:00,pre_fault,0.17578836,0
2026-06-09 16:21:35,95,EXP_FAULT_05,RUN_05,cpu_stress,1,checkoutservice,checkout-f05-01,online-boutique,node-b,0.4424,35.4946,0,129.5031,0.001747,52.3103,42.523,83.4643,106.2299,139.5644,129.349,129.2768,0.1966,0.0297,120054.3,131401.4066,cpu_stress,productcatalogservice,2026-06-09 16:25:00,2026-06-09 16:40:00,pre_fault,0.5841089,0
2026-06-09 16:21:40,100,EXP_FAULT_05,RUN_05,cpu_stress,1,checkoutservice,checkout-f05-01,online-boutique,node-b,0.4157,35.845,0,128.3122,0.000554,47.9276,38.3625,71.6657,85.7717,134.8384,128.2732,128.2411,0.0525,0.0186,107297.7432,89592.592,cpu_stress,productcatalogservice,2026-06-09 16:25:00,2026-06-09 16:40:00,pre_fault,0.3369784,0
2026-06-09 16:21:45,105,EXP_FAULT_05,RUN_05,cpu_stress,1,checkoutservice,checkout-f05-01,online-boutique,node-b,0.4528,36.1003,0,129.0975,0.000544,47.8437,33.5175,72.1417,85.649,128.803,129.051,129.0273,0.0457,0.0245,142469.5805,99016.2633,cpu_stress,productcatalogservice,2026-06-09 16:25:00,2026-06-09 16:40:00,pre_fault,0.0509257,0
2026-06-09 16:21:50,110,EXP_FAULT_05,RUN_05,cpu_stress,1,checkoutservice,checkout-f05-01,online-boutique,node-b,0.4446,36.164,0,131.8194,0.001724,51.2748,40.2924,83.755,90.4517,138.2663,131.665,131.5921,0.2078,0.0195,124792.8703,102943.2062,cpu_stress,productcatalogservice,2026-06-09 16:25:00,2026-06-09 16:40:00,pre_fault,0.2260025,0
2026-06-09 16:21:55,115,EXP_FAULT_05,RUN_05,cpu_stress,1,checkoutservice,checkout-f05-01,online-boutique,node-b,0.3977,36.0073,0,134.6967,0.001869,46.1705,36.1414,77.3106,90.0262,128.9866,134.5946,134.445,0.2066,0.0451,149641.8683,99825.6663,cpu_stress,productcatalogservice,2026-06-09 16:25:00,2026-06-09 16:40:00,pre_fault,0.7145139,0
2026-06-09 16:22:00,120,EXP_FAULT_05,RUN_05,cpu_stress,1,checkoutservice,checkout-f05-01,online-boutique,node-b,0.4683,35.994,0,129.1878,0.001628,48.6799,37.5109,79.3231,95.7317,136.3069,129.0464,128.9776,0.1989,0.0113,144354.8837,90150.8876,cpu_stress,productcatalogservice,2026-06-09 16:25:00,2026-06-09 16:40:00,pre_fault,0.3767764,0
2026-06-09 16:22:05,125,EXP_FAULT_05,RUN_05,cpu_stress,1,checkoutservice,checkout-f05-01,online-boutique,node-b,0.4261,36.5903,0,129.272,0.000775,44.2597,34.4414,74.9195,84.4541,108.3452,129.2118,129.1719,0.0778,0.0223,115826.76,90993.0778,cpu_stress,productcatalogservice,2026-06-09 16:25:00,2026-06-09 16:40:00,pre_fault,0.27055588,0
2026-06-09 16:22:10,130,EXP_FAULT_05,RUN_05,cpu_stress,1,checkoutservice,checkout-f05-01,online-boutique,node-b,0.4532,36.2617,0,129.7697,0.001332,44.7915,35.7882,72.2228,87.3329,110.1463,129.6849,129.5969,0.1531,0.0197,140516.1278,131350.2736,cpu_stress,productcatalogservice,2026-06-09 16:25:00,2026-06-09 16:40:00,pre_fault,0.53926915,0
2026-06-09 16:22:15,135,EXP_FAULT_05,RUN_05,cpu_stress,1,checkoutservice,checkout-f05-01,online-boutique,node-b,0.4287,35.6133,0,128.8084,0.000758,46.38,35.9163,77.5822,83.8252,109.4732,128.7671,128.7107,0.0819,0.0158,146600.1373,128743.221,cpu_stress,productcatalogservice,2026-06-09 16:25:00,2026-06-09 16:40:00,pre_fault,0.039794803,0
2026-06-09 16:22:20,140,EXP_FAULT_05,RUN_05,cpu_stress,1,checkoutservice,checkout-f05-01,online-boutique,node-b,0.426,36.72,0,131.5671,0.001109,47.4185,36.1113,77.0715,94.8449,113.5272,131.5015,131.4211,0.1001,0.0458,163928.5659,93197.0832,cpu_stress,productcatalogservice,2026-06-09 16:25:00,2026-06-09 16:40:00,pre_fault,0.09033271,0
2026-06-09 16:22:25,145,EXP_FAULT_05,RUN_05,cpu_stress,1,checkoutservice,checkout-f05-01,online-boutique,node-b,0.4372,36.0003,0,125.7977,0.001258,48.4371,37.6008,75.7042,89.0604,123.8701,125.6914,125.6395,0.1581,0.0001,115567.1958,116579.7059,cpu_stress,productcatalogservice,2026-06-09 16:25:00,2026-06-09 16:40:00,pre_fault,0.038399667,0
2026-06-09 16:22:30,150,EXP_FAULT_05,RUN_05,cpu_stress,1,checkoutservice,checkout-f05-01,online-boutique,node-b,0.3861,35.5959,0,127.965,0.001191,48.7126,39.2499,71.0735,94.6824,124.1908,127.8691,127.8126,0.1224,0.03,127381.0237,128664.9508,cpu_stress,productcatalogservice,2026-06-09 16:25:00,2026-06-09 16:40:00,pre_fault,1.1307268,1
2026-06-09 16:22:35,155,EXP_FAULT_05,RUN_05,cpu_stress,1,checkoutservice,checkout-f05-01,online-boutique,node-b,0.4455,36.6876,0,130.6231,0.001542,49.1146,39.9322,81.8329,88.2507,124.4388,130.5366,130.4217,0.1869,0.0145,119225.3828,107969.6954,cpu_stress,productcatalogservice,2026-06-09 16:25:00,2026-06-09 16:40:00,pre_fault,0.031998806,0
2026-06-09 16:22:40,160,EXP_FAULT_05,RUN_05,cpu_stress,1,checkoutservice,checkout-f05-01,online-boutique,node-b,0.4343,35.7982,0,130.6697,0.00139,47.4732,36.206,70.2823,88.0185,125.8584,130.5411,130.4881,0.1736,0.008,131699.7228,106424.7046,cpu_stress,productcatalogservice,2026-06-09 16:25:00,2026-06-09 16:40:00,pre_fault,0.012029389,0
2026-06-09 16:22:45,165,EXP_FAULT_05,RUN_05,cpu_stress,1,checkoutservice,checkout-f05-01,online-boutique,node-b,0.4723,35.8063,0,134.4896,0.001642,49.3133,39.5283,80.6858,88.4808,134.0344,134.4006,134.2687,0.2034,0.0174,149385.5816,92961.2106,cpu_stress,productcatalogservice,2026-06-09 16:25:00,2026-06-09 16:40:00,pre_fault,0.31261,0
2026-06-09 16:22:50,170,EXP_FAULT_05,RUN_05,cpu_stress,1,checkoutservice,checkout-f05-01,online-boutique,node-b,0.4164,36.266,0,130.5308,0.000583,49.0743,36.629,77.0247,86.1755,136.3624,130.4893,130.4547,0.042,0.0341,149990.5039,131255.8888,cpu_stress,productcatalogservice,2026-06-09 16:25:00,2026-06-09 16:40:00,pre_fault,0.46143955,0
2026-06-09 16:22:55,175,EXP_FAULT_05,RUN_05,cpu_stress,1,checkoutservice,checkout-f05-01,online-boutique,node-b,0.4327,35.5324,0,133.1664,0.000947,49.3985,40.455,83.3366,93.4935,116.67,133.0928,133.0403,0.0953,0.0309,147998.9293,114220.466,cpu_stress,productcatalogservice,2026-06-09 16:25:00,2026-06-09 16:40:00,pre_fault,0.15493043,0
2026-06-09 16:23:00,180,EXP_FAULT_05,RUN_05,cpu_stress,1,checkoutservice,checkout-f05-01,online-boutique,node-b,0.4453,36.3586,0,129.3384,0.00058,48.463,34.9459,80.7723,97.0321,129.8372,129.3019,129.2634,0.045,0.0301,119330.7446,92392.1779,cpu_stress,productcatalogservice,2026-06-09 16:25:00,2026-06-09 16:40:00,pre_fault,0.05620423,0
2026-06-09 16:23:05,185,EXP_FAULT_05,RUN_05,cpu_stress,1,checkoutservice,checkout-f05-01,online-boutique,node-b,0.4469,36.0196,0,128.7506,0.001766,45.8185,32.4692,74.1054,92.5046,117.9001,128.6327,128.5232,0.1853,0.0421,109172.305,95743.9242,cpu_stress,productcatalogservice,2026-06-09 16:25:00,2026-06-09 16:40:00,pre_fault,0.25441697,0
2026-06-09 16:23:10,190,EXP_FAULT_05,RUN_05,cpu_stress,1,checkoutservice,checkout-f05-01,online-boutique,node-b,0.4283,36.1492,0,131.5987,0.001335,47.1958,36.2551,69.4352,96.0095,126.1735,131.4749,131.423,0.1506,0.0251,142562.6669,122142.1653,cpu_stress,productcatalogservice,2026-06-09 16:25:00,2026-06-09 16:40:00,pre_fault,0.065376416,0
2026-06-09 16:23:15,195,EXP_FAULT_05,RUN_05,cpu_stress,1,checkoutservice,checkout-f05-01,online-boutique,node-b,0.4413,36.4061,0,132.7122,0.000896,50.1403,36.2966,75.317,94.8791,119.5184,132.6614,132.5933,0.077,0.0419,129288.5717,109923.7232,cpu_stress,productcatalogservice,2026-06-09 16:25:00,2026-06-09 16:40:00,pre_fault,0.103062965,0
2026-06-09 16:23:20,200,EXP_FAULT_05,RUN_05,cpu_stress,1,checkoutservice,checkout-f05-01,online-boutique,node-b,0.4348,35.3663,0,136.342,0.00117,48.7919,39.0545,72.0373,96.0425,137.0516,136.2702,136.1824,0.1566,0.003,170246.2213,120872.9907,cpu_stress,productcatalogservice,2026-06-09 16:25:00,2026-06-09 16:40:00,pre_fault,0.1042756,0
2026-06-09 16:23:25,205,EXP_FAULT_05,RUN_05,cpu_stress,1,checkoutservice,checkout-f05-01,online-boutique,node-b,0.4438,36.1979,0,136.5667,0.001092,48.1426,36.6589,70.4277,93.5084,123.763,136.4861,136.4175,0.1188,0.0304,119561.3717,128775.1075,cpu_stress,productcatalogservice,2026-06-09 16:25:00,2026-06-09 16:40:00,pre_fault,0.029142654,0
2026-06-09 16:23:30,210,EXP_FAULT_05,RUN_05,cpu_stress,1,checkoutservice,checkout-f05-01,online-boutique,node-b,0.4732,36.4429,0,134.3093,0.001567,51.4915,41.1969,78.8793,101.7649,132.015,134.2207,134.0988,0.1999,0.0106,169094.8473,138086.3752,cpu_stress,productcatalogservice,2026-06-09 16:25:00,2026-06-09 16:40:00,pre_fault,0.45744556,0
2026-06-09 16:23:35,215,EXP_FAULT_05,RUN_05,cpu_stress,1,checkoutservice,checkout-f05-01,online-boutique,node-b,0.4463,36.5592,0,131.7772,0.001337,48.636,35.6745,79.4122,98.5511,121.4069,131.7111,131.601,0.1411,0.035,144858.0671,85994.6291,cpu_stress,productcatalogservice,2026-06-09 16:25:00,2026-06-09 16:40:00,pre_fault,0.009369755,0
2026-06-09 16:23:40,220,EXP_FAULT_05,RUN_05,cpu_stress,1,checkoutservice,checkout-f05-01,online-boutique,node-b,0.4311,36.6598,0,134.4967,0.001174,45.3091,34.9845,70.7969,85.8902,123.9723,134.388,134.3387,0.1561,0.0019,142249.6542,122193.3506,cpu_stress,productcatalogservice,2026-06-09 16:25:00,2026-06-09 16:40:00,pre_fault,0.34511465,0
2026-06-09 16:23:45,225,EXP_FAULT_05,RUN_05,cpu_stress,1,checkoutservice,checkout-f05-01,online-boutique,node-b,0.4175,35.9075,0,132.8808,0.001271,48.8887,38.3235,78.6517,92.3788,117.5008,132.7797,132.7119,0.1351,0.0338,119947.2707,130003.0879,cpu_stress,productcatalogservice,2026-06-09 16:25:00,2026-06-09 16:40:00,pre_fault,0.3265463,0
2026-06-09 16:23:50,230,EXP_FAULT_05,RUN_05,cpu_stress,1,checkoutservice,checkout-f05-01,online-boutique,node-b,0.4434,35.9338,0,134.0342,0.000755,47.4617,37.5732,74.7896,96.9081,123.3798,133.9825,133.9331,0.0696,0.0315,120514.544,120446.9779,cpu_stress,productcatalogservice,2026-06-09 16:25:00,2026-06-09 16:40:00,pre_fault,0.02235345,0
2026-06-09 16:23:55,235,EXP_FAULT_05,RUN_05,cpu_stress,1,checkoutservice,checkout-f05-01,online-boutique,node-b,0.4522,36.2589,0,129.6334,0.001741,50.5179,38.338,81.2176,96.0789,124.3027,129.5076,129.4077,0.206,0.0196,156106.1455,114217.7005,cpu_stress,productcatalogservice,2026-06-09 16:25:00,2026-06-09 16:40:00,pre_fault,0.17703018,0
2026-06-09 16:24:00,240,EXP_FAULT_05,RUN_05,cpu_stress,1,checkoutservice,checkout-f05-01,online-boutique,node-b,0.4659,36.0742,0,132.9493,0.000747,47.278,37.9585,79.8531,84.8033,114.6582,132.8961,132.85,0.0968,0.0025,129027.533,99379.0363,cpu_stress,productcatalogservice,2026-06-09 16:25:00,2026-06-09 16:40:00,pre_fault,0.30095586,0
2026-06-09 16:24:05,245,EXP_FAULT_05,RUN_05,cpu_stress,1,checkoutservice,checkout-f05-01,online-boutique,node-b,0.4662,36.0766,0,128.3784,0.001545,47.0961,38.5035,73.5999,87.8002,125.1586,128.2897,128.18,0.1725,0.0258,160932.5982,120192.6244,cpu_stress,productcatalogservice,2026-06-09 16:25:00,2026-06-09 16:40:00,pre_fault,0.44096297,0
2026-06-09 16:24:10,250,EXP_FAULT_05,RUN_05,cpu_stress,1,checkoutservice,checkout-f05-01,online-boutique,node-b,0.4472,35.1662,0,128.233,0.000601,45.181,36.5365,70.9905,88.4844,108.6438,128.1953,128.1559,0.0695,0.0076,105265.5542,108890.0913,cpu_stress,productcatalogservice,2026-06-09 16:25:00,2026-06-09 16:40:00,pre_fault,0.085623205,0
2026-06-09 16:24:15,255,EXP_FAULT_05,RUN_05,cpu_stress,1,checkoutservice,checkout-f05-01,online-boutique,node-b,0.4517,35.7911,0,128.5809,0.00086,45.8633,33.7313,67.3108,84.9508,110.1301,128.5322,128.4703,0.1022,0.0084,115202.0966,119436.1315,cpu_stress,productcatalogservice,2026-06-09 16:25:00,2026-06-09 16:40:00,pre_fault,0.15810497,0
2026-06-09 16:24:20,260,EXP_FAULT_05,RUN_05,cpu_stress,1,checkoutservice,checkout-f05-01,online-boutique,node-b,0.4523,36.0435,0,129.6315,0.000601,47.2723,34.2828,69.7634,87.1421,126.5118,129.5845,129.5536,0.0364,0.0414,110447.1579,96972.8134,cpu_stress,productcatalogservice,2026-06-09 16:25:00,2026-06-09 16:40:00,pre_fault,0.03410415,0
2026-06-09 16:24:25,265,EXP_FAULT_05,RUN_05,cpu_stress,1,checkoutservice,checkout-f05-01,online-boutique,node-b,0.4504,36.1673,0,130.3557,0.001282,44.8543,32.3198,66.2706,86.3929,117.3448,130.2455,130.1886,0.1632,0.0039,160547.2247,103826.2254,cpu_stress,productcatalogservice,2026-06-09 16:25:00,2026-06-09 16:40:00,pre_fault,0.46295446,0
2026-06-09 16:24:30,270,EXP_FAULT_05,RUN_05,cpu_stress,1,checkoutservice,checkout-f05-01,online-boutique,node-b,0.4283,35.6426,0,123.4466,0.000797,47.1671,37.035,76.696,90.9535,131.2033,123.3922,123.3482,0.0858,0.0126,151338.7367,111339.6784,cpu_stress,productcatalogservice,2026-06-09 16:25:00,2026-06-09 16:40:00,pre_fault,0.022596164,0
2026-06-09 16:24:35,275,EXP_FAULT_05,RUN_05,cpu_stress,1,checkoutservice,checkout-f05-01,online-boutique,node-b,0.4662,36.1562,0,126.1216,0.000413,51.5158,40.95,86.3684,100.452,132.8705,126.0987,126.0694,0.0402,0.0119,150021.5188,126283.9665,cpu_stress,productcatalogservice,2026-06-09 16:25:00,2026-06-09 16:40:00,pre_fault,0.6876584,0
2026-06-09 16:24:40,280,EXP_FAULT_05,RUN_05,cpu_stress,1,checkoutservice,checkout-f05-01,online-boutique,node-b,0.4075,35.9036,0,121.1509,0.001395,49.1661,37.2213,82.3576,97.7272,124.171,121.07,120.9819,0.1277,0.0413,109201.5838,99985.7538,cpu_stress,productcatalogservice,2026-06-09 16:25:00,2026-06-09 16:40:00,pre_fault,0.39508858,0
2026-06-09 16:24:45,285,EXP_FAULT_05,RUN_05,cpu_stress,1,checkoutservice,checkout-f05-01,online-boutique,node-b,0.4393,36.3367,0,122.3816,0.001495,49.0652,35.2303,72.6099,97.6503,124.3455,122.2923,122.1987,0.1501,0.0328,114665.5079,126248.9564,cpu_stress,productcatalogservice,2026-06-09 16:25:00,2026-06-09 16:40:00,pre_fault,0.14341538,0
2026-06-09 16:24:50,290,EXP_FAULT_05,RUN_05,cpu_stress,1,checkoutservice,checkout-f05-01,online-boutique,node-b,0.4212,36.1232,0,120.0081,0.000608,48.261,34.8901,79.7944,97.1406,129.5361,119.972,119.9351,0.0591,0.0139,149989.0659,121956.2735,cpu_stress,productcatalogservice,2026-06-09 16:25:00,2026-06-09 16:40:00,pre_fault,0.22948699,0
2026-06-09 16:24:55,295,EXP_FAULT_05,RUN_05,cpu_stress,1,checkoutservice,checkout-f05-01,online-boutique,node-b,0.4231,36.1831,0,116.3082,0.001007,50.3226,36.4711,83.0609,100.4759,142.3664,116.2247,116.191,0.1065,0.0107,105666.9136,87400.994,cpu_stress,productcatalogservice,2026-06-09 16:25:00,2026-06-09 16:40:00,pre_fault,0.58008605,0
2026-06-09 16:25:00,300,EXP_FAULT_05,RUN_05,cpu_stress,1,checkoutservice,checkout-f05-01,online-boutique,node-b,0.4397,36.5618,0,119.5951,0.003271,57.8545,39.3091,108.2735,151.0245,266.0557,112.983,119.2039,0.0784,0.3129,112211.936,96241.4415,cpu_stress,productcatalogservice,2026-06-09 16:25:00,2026-06-09 16:40:00,during_fault,3.320969,1
2026-06-09 16:25:05,305,EXP_FAULT_05,RUN_05,cpu_stress,1,checkoutservice,checkout-f05-01,online-boutique,node-b,0.4192,36.1502,0,117.7458,0.003688,65.7528,44.0259,120.1436,167.821,289.4598,111.2372,117.3115,0.1129,0.3214,144999.1752,101185.1707,cpu_stress,productcatalogservice,2026-06-09 16:25:00,2026-06-09 16:40:00,during_fault,10.522673,1
2026-06-09 16:25:10,310,EXP_FAULT_05,RUN_05,cpu_stress,1,checkoutservice,checkout-f05-01,online-boutique,node-b,0.4293,36.5188,0,119.7043,0.003802,63.9978,43.9466,121.3126,165.3407,271.7792,113.097,119.2492,0.1528,0.3023,115484.8919,96836.7412,cpu_stress,productcatalogservice,2026-06-09 16:25:00,2026-06-09 16:40:00,during_fault,8.065709,1
2026-06-09 16:25:15,315,EXP_FAULT_05,RUN_05,cpu_stress,1,checkoutservice,checkout-f05-01,online-boutique,node-b,0.4507,36.4479,0,117.3622,0.004277,56.6367,38.6292,111.0021,145.9394,237.6175,110.9159,116.8603,0.1777,0.3242,114897.527,107098.2692,cpu_stress,productcatalogservice,2026-06-09 16:25:00,2026-06-09 16:40:00,during_fault,2.9380918,1
2026-06-09 16:25:20,320,EXP_FAULT_05,RUN_05,cpu_stress,1,checkoutservice,checkout-f05-01,online-boutique,node-b,0.4302,36.3102,0,114.7777,0.003929,61.7222,43.445,124.6092,158.9708,254.9854,108.5892,114.3267,0.1427,0.3082,126314.337,118713.6266,cpu_stress,productcatalogservice,2026-06-09 16:25:00,2026-06-09 16:40:00,during_fault,6.711404,1
2026-06-09 16:25:25,325,EXP_FAULT_05,RUN_05,cpu_stress,1,checkoutservice,checkout-f05-01,online-boutique,node-b,0.4324,36.6685,0,119.1704,0.003903,54.4661,37.4333,97.2883,141.053,234.8925,112.8683,118.7053,0.1542,0.3109,144173.8434,114775.0222,cpu_stress,productcatalogservice,2026-06-09 16:25:00,2026-06-09 16:40:00,during_fault,1.8117682,1
2026-06-09 16:25:30,330,EXP_FAULT_05,RUN_05,cpu_stress,1,checkoutservice,checkout-f05-01,online-boutique,node-b,0.3995,36.5036,0,120.9689,0.003008,64.8584,46.5988,126.8792,173.5237,282.7367,114.7532,120.605,0.0491,0.3149,116931.2131,106039.1589,cpu_stress,productcatalogservice,2026-06-09 16:25:00,2026-06-09 16:40:00,during_fault,10.779688,1
2026-06-09 16:25:35,335,EXP_FAULT_05,RUN_05,cpu_stress,1,checkoutservice,checkout-f05-01,online-boutique,node-b,0.4399,36.0373,0,118.6295,0.003146,62.3186,41.5904,124.8748,164.7976,235.2909,112.6627,118.2563,0.0746,0.2986,130416.9027,101780.7444,cpu_stress,productcatalogservice,2026-06-09 16:25:00,2026-06-09 16:40:00,during_fault,6.4513497,1
2026-06-09 16:25:40,340,EXP_FAULT_05,RUN_05,cpu_stress,1,checkoutservice,checkout-f05-01,online-boutique,node-b,0.4614,35.701,0,119.8738,0.003713,58.8782,44.6463,118.9638,157.9394,233.8512,113.9479,119.4287,0.1476,0.2975,139014.8466,79777.9995,cpu_stress,productcatalogservice,2026-06-09 16:25:00,2026-06-09 16:40:00,during_fault,3.7507637,1
2026-06-09 16:25:45,345,EXP_FAULT_05,RUN_05,cpu_stress,1,checkoutservice,checkout-f05-01,online-boutique,node-b,0.4067,36.3062,0,115.3517,0.003174,56.7068,38.1928,109.3732,156.1968,250.1009,109.8578,114.9857,0.0918,0.2742,123221.7868,108343.3058,cpu_stress,productcatalogservice,2026-06-09 16:25:00,2026-06-09 16:40:00,during_fault,3.9178486,1
2026-06-09 16:25:50,350,EXP_FAULT_05,RUN_05,cpu_stress,1,checkoutservice,checkout-f05-01,online-boutique,node-b,0.4294,36.6741,0,121.22,0.002721,61.3211,42.1914,123.7232,165.8681,226.1913,115.6541,120.8902,0.0517,0.2781,107455.776,113178.1926,cpu_stress,productcatalogservice,2026-06-09 16:25:00,2026-06-09 16:40:00,during_fault,5.7087564,1
2026-06-09 16:25:55,355,EXP_FAULT_05,RUN_05,cpu_stress,1,checkoutservice,checkout-f05-01,online-boutique,node-b,0.4501,37.0095,0,117.0577,0.00342,59.8424,41.7043,108.1323,146.7412,219.4318,111.7927,116.6573,0.1321,0.2683,125212.6668,119881.9038,cpu_stress,productcatalogservice,2026-06-09 16:25:00,2026-06-09 16:40:00,during_fault,4.748481,1
2026-06-09 16:26:00,360,EXP_FAULT_05,RUN_05,cpu_stress,1,checkoutservice,checkout-f05-01,online-boutique,node-b,0.4436,36.2255,0,122.6948,0.002726,59.2929,40.3337,115.7646,146.9047,214.7217,117.4357,122.3604,0.0802,0.2542,153815.7137,107798.4138,cpu_stress,productcatalogservice,2026-06-09 16:25:00,2026-06-09 16:40:00,during_fault,3.796245,1
2026-06-09 16:26:05,365,EXP_FAULT_05,RUN_05,cpu_stress,1,checkoutservice,checkout-f05-01,online-boutique,node-b,0.4569,36.0055,0,123.1467,0.003223,56.9766,42.1143,107.8064,150.9577,222.3912,118.0264,122.7498,0.1329,0.264,134820.1874,126446.6347,cpu_stress,productcatalogservice,2026-06-09 16:25:00,2026-06-09 16:40:00,during_fault,2.414701,1
2026-06-09 16:26:10,370,EXP_FAULT_05,RUN_05,cpu_stress,1,checkoutservice,checkout-f05-01,online-boutique,node-b,0.4159,35.4366,0,118.8823,0.002938,61.6969,47.0966,106.4683,151.0965,253.9858,114.1305,118.5331,0.1219,0.2273,146652.0968,77935.2663,cpu_stress,productcatalogservice,2026-06-09 16:25:00,2026-06-09 16:40:00,during_fault,7.041313,1
2026-06-09 16:26:15,375,EXP_FAULT_05,RUN_05,cpu_stress,1,checkoutservice,checkout-f05-01,online-boutique,node-b,0.4249,35.2592,0,118.1159,0.002492,55.3248,37.7949,108.6985,131.2489,206.2585,113.6052,117.8216,0.0574,0.2369,119784.265,89460.3049,cpu_stress,productcatalogservice,2026-06-09 16:25:00,2026-06-09 16:40:00,during_fault,2.5695417,1
2026-06-09 16:26:20,380,EXP_FAULT_05,RUN_05,cpu_stress,1,checkoutservice,checkout-f05-01,online-boutique,node-b,0.4071,36.4288,0,122.0041,0.003082,52.533,35.5161,102.4556,124.9843,216.6874,117.4999,121.6281,0.1494,0.2267,111259.9479,85987.6023,cpu_stress,productcatalogservice,2026-06-09 16:25:00,2026-06-09 16:40:00,during_fault,1.444026,1
2026-06-09 16:26:25,385,EXP_FAULT_05,RUN_05,cpu_stress,1,checkoutservice,checkout-f05-01,online-boutique,node-b,0.4627,35.6682,0,125.4401,0.002981,58.2726,43.7999,107.2341,152.7169,203.1702,121.0047,125.0662,0.1547,0.2192,158902.4248,105367.1114,cpu_stress,productcatalogservice,2026-06-09 16:25:00,2026-06-09 16:40:00,during_fault,2.8008482,1
2026-06-09 16:26:30,390,EXP_FAULT_05,RUN_05,cpu_stress,1,checkoutservice,checkout-f05-01,online-boutique,node-b,0.4426,36.6609,0,119.6031,0.003048,54.5149,41.4396,97.7321,127.9566,208.6563,115.516,119.2385,0.1744,0.1902,124531.9437,103378.6726,cpu_stress,productcatalogservice,2026-06-09 16:25:00,2026-06-09 16:40:00,during_fault,1.6976061,1
2026-06-09 16:26:35,395,EXP_FAULT_05,RUN_05,cpu_stress,1,checkoutservice,checkout-f05-01,online-boutique,node-b,0.4501,36.0793,0,120.3727,0.001939,54.6087,38.4476,105.8795,136.3588,198.7203,116.4888,120.1393,0.0334,0.2,113898.2925,89096.2667,cpu_stress,productcatalogservice,2026-06-09 16:25:00,2026-06-09 16:40:00,during_fault,1.6453846,1
2026-06-09 16:26:40,400,EXP_FAULT_05,RUN_05,cpu_stress,1,checkoutservice,checkout-f05-01,online-boutique,node-b,0.4334,35.6006,0,121.051,0.002637,57.2514,38.6979,108.2713,146.5567,223.5452,117.233,120.7318,0.1406,0.1786,110366.8759,98295.763,cpu_stress,productcatalogservice,2026-06-09 16:25:00,2026-06-09 16:40:00,during_fault,3.0793724,1
2026-06-09 16:26:45,405,EXP_FAULT_05,RUN_05,cpu_stress,1,checkoutservice,checkout-f05-01,online-boutique,node-b,0.4372,35.6637,0,123.3433,0.001931,52.3166,37.5762,99.6085,127.6087,197.5589,119.627,123.1051,0.0442,0.1939,123868.335,94382.608,cpu_stress,productcatalogservice,2026-06-09 16:25:00,2026-06-09 16:40:00,during_fault,0.8285271,0
2026-06-09 16:26:50,410,EXP_FAULT_05,RUN_05,cpu_stress,1,checkoutservice,checkout-f05-01,online-boutique,node-b,0.4266,36.6343,0,121.6889,0.002085,53.2905,36.5573,101.6534,132.5351,202.394,118.1,121.4352,0.0784,0.1753,154010.3317,96432.3458,cpu_stress,productcatalogservice,2026-06-09 16:25:00,2026-06-09 16:40:00,during_fault,1.298863,1
2026-06-09 16:26:55,415,EXP_FAULT_05,RUN_05,cpu_stress,1,checkoutservice,checkout-f05-01,online-boutique,node-b,0.4198,35.6494,0,118.6439,0.00173,54.2502,37.381,103.0785,122.055,213.3246,115.2567,118.4386,0.0436,0.1617,118070.6471,112035.2988,cpu_stress,productcatalogservice,2026-06-09 16:25:00,2026-06-09 16:40:00,during_fault,2.0147266,1
2026-06-09 16:27:00,420,EXP_FAULT_05,RUN_05,cpu_stress,1,checkoutservice,checkout-f05-01,online-boutique,node-b,0.4583,36.4489,0,120.9095,0.002189,55.9775,38.3895,107.0026,141.4363,218.9053,117.4597,120.6448,0.0966,0.1681,103755.1471,120167.7518,cpu_stress,productcatalogservice,2026-06-09 16:25:00,2026-06-09 16:40:00,during_fault,2.1982398,1
2026-06-09 16:27:05,425,EXP_FAULT_05,RUN_05,cpu_stress,1,checkoutservice,checkout-f05-01,online-boutique,node-b,0.4382,36.1775,0,121.1161,0.001914,55.712,40.9541,104.0597,123.837,179.8704,117.7196,120.8842,0.064,0.1678,153585.3398,95139.1671,cpu_stress,productcatalogservice,2026-06-09 16:25:00,2026-06-09 16:40:00,during_fault,2.174083,1
2026-06-09 16:27:10,430,EXP_FAULT_05,RUN_05,cpu_stress,1,checkoutservice,checkout-f05-01,online-boutique,node-b,0.4255,36.6544,0,119.5727,0.002194,52.7679,37.0851,90.5505,122.9387,173.5276,116.2139,119.3104,0.0934,0.1689,125546.1853,102976.4167,cpu_stress,productcatalogservice,2026-06-09 16:25:00,2026-06-09 16:40:00,during_fault,1.2245196,1
2026-06-09 16:27:15,435,EXP_FAULT_05,RUN_05,cpu_stress,1,checkoutservice,checkout-f05-01,online-boutique,node-b,0.4178,36.2357,0,119.2274,0.00204,57.2547,42.7601,106.0107,139.1901,200.3704,115.8716,118.9842,0.0715,0.1717,100609.6341,91507.2555,cpu_stress,productcatalogservice,2026-06-09 16:25:00,2026-06-09 16:40:00,during_fault,3.7506561,1
2026-06-09 16:27:20,440,EXP_FAULT_05,RUN_05,cpu_stress,1,checkoutservice,checkout-f05-01,online-boutique,node-b,0.4179,36.2251,0,113.5285,0.002714,48.9438,36.6955,88.9975,111.1383,177.5859,110.2892,113.2203,0.1563,0.1519,130656.3701,78627.6429,cpu_stress,productcatalogservice,2026-06-09 16:25:00,2026-06-09 16:40:00,during_fault,0.40770411,0
2026-06-09 16:27:25,445,EXP_FAULT_05,RUN_05,cpu_stress,1,checkoutservice,checkout-f05-01,online-boutique,node-b,0.4403,36.4354,0,119.8166,0.002717,55.4417,42.2344,94.5855,133.3035,209.4471,116.3155,119.4911,0.1507,0.1748,116408.6991,92046.9924,cpu_stress,productcatalogservice,2026-06-09 16:25:00,2026-06-09 16:40:00,during_fault,2.0852206,1
2026-06-09 16:27:30,450,EXP_FAULT_05,RUN_05,cpu_stress,1,checkoutservice,checkout-f05-01,online-boutique,node-b,0.4585,35.4314,0,116.5343,0.002673,53.0017,39.1334,100.4777,129.5595,194.6138,113.0608,116.2229,0.1181,0.1934,99237.6173,81300.0052,cpu_stress,productcatalogservice,2026-06-09 16:25:00,2026-06-09 16:40:00,during_fault,1.7111256,1
2026-06-09 16:27:35,455,EXP_FAULT_05,RUN_05,cpu_stress,1,checkoutservice,checkout-f05-01,online-boutique,node-b,0.42,36.085,0,115.4094,0.002383,52.8185,37.5467,89.5705,134.4705,205.88,111.8815,115.1344,0.0939,0.1811,96188.5565,112048.6817,cpu_stress,productcatalogservice,2026-06-09 16:25:00,2026-06-09 16:40:00,during_fault,1.4307022,1
2026-06-09 16:27:40,460,EXP_FAULT_05,RUN_05,cpu_stress,1,checkoutservice,checkout-f05-01,online-boutique,node-b,0.4321,36.1324,0,117.4818,0.002881,51.7303,36.2647,90.3378,124.7933,183.1526,113.7904,117.1434,0.1639,0.1746,106079.7467,117363.6036,cpu_stress,productcatalogservice,2026-06-09 16:25:00,2026-06-09 16:40:00,during_fault,0.9829403,1
2026-06-09 16:27:45,465,EXP_FAULT_05,RUN_05,cpu_stress,1,checkoutservice,checkout-f05-01,online-boutique,node-b,0.4076,36.2104,0,112.1797,0.002842,52.6554,40.6133,92.5065,125.5843,196.072,108.533,111.8609,0.1551,0.1637,137586.4414,73106.9566,cpu_stress,productcatalogservice,2026-06-09 16:25:00,2026-06-09 16:40:00,during_fault,1.6907418,1
2026-06-09 16:27:50,470,EXP_FAULT_05,RUN_05,cpu_stress,1,checkoutservice,checkout-f05-01,online-boutique,node-b,0.4423,37.0805,0,111.8632,0.002413,57.4429,39.7754,99.5297,132.7347,194.9369,108.076,111.5933,0.0979,0.1721,121714.243,104250.7175,cpu_stress,productcatalogservice,2026-06-09 16:25:00,2026-06-09 16:40:00,during_fault,3.8734684,1
2026-06-09 16:27:55,475,EXP_FAULT_05,RUN_05,cpu_stress,1,checkoutservice,checkout-f05-01,online-boutique,node-b,0.4285,35.6497,0,114.4846,0.003254,59.7471,40.4619,101.7999,148.2934,209.0984,110.4456,114.112,0.1728,0.1998,100323.8001,83836.4505,cpu_stress,productcatalogservice,2026-06-09 16:25:00,2026-06-09 16:40:00,during_fault,5.394231,1
2026-06-09 16:28:00,480,EXP_FAULT_05,RUN_05,cpu_stress,1,checkoutservice,checkout-f05-01,online-boutique,node-b,0.4243,36.2218,0,116.9929,0.002375,55.758,43.1306,103.8456,147.7654,209.9853,112.7243,116.7151,0.0781,0.1997,147629.5808,96498.7647,cpu_stress,productcatalogservice,2026-06-09 16:25:00,2026-06-09 16:40:00,during_fault,2.7704566,1
2026-06-09 16:28:05,485,EXP_FAULT_05,RUN_05,cpu_stress,1,checkoutservice,checkout-f05-01,online-boutique,node-b,0.4567,35.8387,0,115.8569,0.002092,58.36,44.7661,103.8521,146.9748,234.5074,111.4704,115.6146,0.0412,0.2011,106558.5418,108890.3572,cpu_stress,productcatalogservice,2026-06-09 16:25:00,2026-06-09 16:40:00,during_fault,3.876517,1
2026-06-09 16:28:10,490,EXP_FAULT_05,RUN_05,cpu_stress,1,checkoutservice,checkout-f05-01,online-boutique,node-b,0.4044,36.0242,0,112.5939,0.003216,59.6419,41.4696,106.3119,144.928,232.8619,108.079,112.2319,0.1609,0.2011,133016.4586,93396.2453,cpu_stress,productcatalogservice,2026-06-09 16:25:00,2026-06-09 16:40:00,during_fault,6.4249496,1
2026-06-09 16:28:15,495,EXP_FAULT_05,RUN_05,cpu_stress,1,checkoutservice,checkout-f05-01,online-boutique,node-b,0.4248,36.6253,0,111.7759,0.003602,57.3273,40.9308,100.636,149.3925,229.657,107.1223,111.3733,0.1597,0.2429,126150.7987,82046.2606,cpu_stress,productcatalogservice,2026-06-09 16:25:00,2026-06-09 16:40:00,during_fault,4.044388,1
2026-06-09 16:28:20,500,EXP_FAULT_05,RUN_05,cpu_stress,1,checkoutservice,checkout-f05-01,online-boutique,node-b,0.4324,36.2049,0,109.7503,0.002493,61.5957,43.2392,112.6896,149.0383,263.3826,105.0456,109.4768,0.0606,0.213,120704.9824,113213.6617,cpu_stress,productcatalogservice,2026-06-09 16:25:00,2026-06-09 16:40:00,during_fault,7.345459,1
2026-06-09 16:28:25,505,EXP_FAULT_05,RUN_05,cpu_stress,1,checkoutservice,checkout-f05-01,online-boutique,node-b,0.4354,36.1399,0,109.0055,0.002302,58.38,42.1147,105.1131,156.8219,248.1704,104.1866,108.7546,0.0311,0.2198,94729.4791,108071.8505,cpu_stress,productcatalogservice,2026-06-09 16:25:00,2026-06-09 16:40:00,during_fault,4.9294024,1
2026-06-09 16:28:30,510,EXP_FAULT_05,RUN_05,cpu_stress,1,checkoutservice,checkout-f05-01,online-boutique,node-b,0.4523,36.161,0,113.5691,0.003827,63.7765,46.2539,126.3807,160.2957,278.1295,108.2504,113.1345,0.1706,0.264,123758.1476,98203.1119,cpu_stress,productcatalogservice,2026-06-09 16:25:00,2026-06-09 16:40:00,during_fault,8.16787,1
2026-06-09 16:28:35,515,EXP_FAULT_05,RUN_05,cpu_stress,1,checkoutservice,checkout-f05-01,online-boutique,node-b,0.4431,35.7434,0,112.6727,0.00344,59.1273,42.7155,112.1141,151.3775,245.3723,107.2847,112.2851,0.1302,0.2574,109031.5912,96817.2676,cpu_stress,productcatalogservice,2026-06-09 16:25:00,2026-06-09 16:40:00,during_fault,4.860935,1
2026-06-09 16:28:40,520,EXP_FAULT_05,RUN_05,cpu_stress,1,checkoutservice,checkout-f05-01,online-boutique,node-b,0.4532,35.8556,0,109.8618,0.003357,57.9422,43.7509,110.9922,143.731,257.4982,104.4818,109.4931,0.1113,0.2575,114108.119,100835.374,cpu_stress,productcatalogservice,2026-06-09 16:25:00,2026-06-09 16:40:00,during_fault,4.478494,1
2026-06-09 16:28:45,525,EXP_FAULT_05,RUN_05,cpu_stress,1,checkoutservice,checkout-f05-01,online-boutique,node-b,0.4753,35.6801,0,116.2285,0.003358,62.6739,45.7331,117.2791,153.7248,278.2128,110.3394,115.8383,0.1002,0.29,123490.5988,102090.6632,cpu_stress,productcatalogservice,2026-06-09 16:25:00,2026-06-09 16:40:00,during_fault,6.7888384,1
2026-06-09 16:28:50,530,EXP_FAULT_05,RUN_05,cpu_stress,1,checkoutservice,checkout-f05-01,online-boutique,node-b,0.4243,36.9442,0,111.6407,0.003693,61.6724,41.8561,114.7846,169.6915,269.286,105.8518,111.2284,0.1478,0.2645,127894.4198,83309.7363,cpu_stress,productcatalogservice,2026-06-09 16:25:00,2026-06-09 16:40:00,during_fault,7.250634,1
2026-06-09 16:28:55,535,EXP_FAULT_05,RUN_05,cpu_stress,1,checkoutservice,checkout-f05-01,online-boutique,node-b,0.4252,35.4137,0,112.5487,0.00358,60.1979,41.2971,121.8274,161.3957,261.2301,106.6181,112.1458,0.1181,0.2848,129680.945,108254.7015,cpu_stress,productcatalogservice,2026-06-09 16:25:00,2026-06-09 16:40:00,during_fault,6.0858574,1
2026-06-09 16:29:00,540,EXP_FAULT_05,RUN_05,cpu_stress,1,checkoutservice,checkout-f05-01,online-boutique,node-b,0.4202,36.2966,0,116.8793,0.003144,63.6141,46.8624,125.0224,165.0123,245.0333,110.6346,116.5119,0.0504,0.3171,97342.7916,78287.8608,cpu_stress,productcatalogservice,2026-06-09 16:25:00,2026-06-09 16:40:00,during_fault,8.582069,1
2026-06-09 16:29:05,545,EXP_FAULT_05,RUN_05,cpu_stress,1,checkoutservice,checkout-f05-01,online-boutique,node-b,0.4474,37.0259,0,112.8821,0.003071,62.3244,42.5314,112.8417,158.1689,257.3559,106.778,112.5354,0.0465,0.3002,131368.8957,83373.154,cpu_stress,productcatalogservice,2026-06-09 16:25:00,2026-06-09 16:40:00,during_fault,7.1717315,1
2026-06-09 16:29:10,550,EXP_FAULT_05,RUN_05,cpu_stress,1,checkoutservice,checkout-f05-01,online-boutique,node-b,0.4172,35.9142,0,116.5908,0.004326,54.9415,39.4643,112.4867,158.6016,245.5105,110.1106,116.0864,0.1837,0.3208,109692.1109,85872.6204,cpu_stress,productcatalogservice,2026-06-09 16:25:00,2026-06-09 16:40:00,during_fault,2.4769905,1
2026-06-09 16:29:15,555,EXP_FAULT_05,RUN_05,cpu_stress,1,checkoutservice,checkout-f05-01,online-boutique,node-b,0.425,36.0227,0,113.5998,0.003242,65.5972,45.3482,124.2798,186.3372,286.1355,107.3407,113.2315,0.0592,0.3091,104450.9664,104690.434,cpu_stress,productcatalogservice,2026-06-09 16:25:00,2026-06-09 16:40:00,during_fault,10.7168,1
2026-06-09 16:29:20,560,EXP_FAULT_05,RUN_05,cpu_stress,1,checkoutservice,checkout-f05-01,online-boutique,node-b,0.4521,35.9793,0,118.9572,0.004034,61.6119,43.0924,127.8583,164.3604,277.6012,112.3546,118.4773,0.1626,0.3172,121434.0179,109248.951,cpu_stress,productcatalogservice,2026-06-09 16:25:00,2026-06-09 16:40:00,during_fault,5.6274633,1
2026-06-09 16:29:25,565,EXP_FAULT_05,RUN_05,cpu_stress,1,checkoutservice,checkout-f05-01,online-boutique,node-b,0.4292,35.8083,0,117.3095,0.003541,61.2306,46.2362,109.5582,153.9208,243.504,110.7804,116.8942,0.0944,0.3209,139311.3324,114228.7738,cpu_stress,productcatalogservice,2026-06-09 16:25:00,2026-06-09 16:40:00,during_fault,6.0833764,1
2026-06-09 16:29:30,570,EXP_FAULT_05,RUN_05,cpu_stress,1,checkoutservice,checkout-f05-01,online-boutique,node-b,0.4314,35.8357,0,120.1802,0.00418,63.7663,43.6011,125.2953,184.6878,269.0851,113.4776,119.6778,0.1812,0.3211,139961.676,83226.7597,cpu_stress,productcatalogservice,2026-06-09 16:25:00,2026-06-09 16:40:00,during_fault,7.6661415,1
2026-06-09 16:29:35,575,EXP_FAULT_05,RUN_05,cpu_stress,1,checkoutservice,checkout-f05-01,online-boutique,node-b,0.4455,36.3929,0,122.8615,0.00329,64.0496,43.0121,123.2406,173.9835,276.9703,116.1273,122.4572,0.0992,0.305,141059.7725,96878.777,cpu_stress,productcatalogservice,2026-06-09 16:25:00,2026-06-09 16:40:00,during_fault,7.099215,1
2026-06-09 16:29:40,580,EXP_FAULT_05,RUN_05,cpu_stress,1,checkoutservice,checkout-f05-01,online-boutique,node-b,0.4342,36.6663,0,116.3694,0.004214,58.0101,41.7722,110.6644,149.6069,250.5764,110.0253,115.879,0.18,0.3104,127104.7557,118213.9668,cpu_stress,productcatalogservice,2026-06-09 16:25:00,2026-06-09 16:40:00,during_fault,3.800122,1
2026-06-09 16:29:45,585,EXP_FAULT_05,RUN_05,cpu_stress,1,checkoutservice,checkout-f05-01,online-boutique,node-b,0.4212,36.7269,0,121.3028,0.003292,59.5354,42.5456,122.4568,163.9844,259.6589,114.8233,120.9034,0.0906,0.3087,148072.3237,91113.2688,cpu_stress,productcatalogservice,2026-06-09 16:25:00,2026-06-09 16:40:00,during_fault,4.7212358,1
2026-06-09 16:29:50,590,EXP_FAULT_05,RUN_05,cpu_stress,1,checkoutservice,checkout-f05-01,online-boutique,node-b,0.4299,35.8582,0,118.6234,0.004104,62.5951,45.3587,127.4417,156.1112,284.5635,112.3221,118.1366,0.1707,0.3161,114020.436,110912.967,cpu_stress,productcatalogservice,2026-06-09 16:25:00,2026-06-09 16:40:00,during_fault,6.9309263,1
2026-06-09 16:29:55,595,EXP_FAULT_05,RUN_05,cpu_stress,1,checkoutservice,checkout-f05-01,online-boutique,node-b,0.4435,36.4251,0,119.2933,0.003647,64.8791,47.0113,116.6987,167.1388,298.3994,113.1201,118.8582,0.1389,0.2961,122613.1796,121547.2261,cpu_stress,productcatalogservice,2026-06-09 16:25:00,2026-06-09 16:40:00,during_fault,8.404074,1
2026-06-09 16:30:00,600,EXP_FAULT_05,RUN_05,cpu_stress,1,checkoutservice,checkout-f05-01,online-boutique,node-b,0.424,35.5609,0,123.2881,0.002782,62.0335,40.8965,122.0403,174.837,248.7527,117.1062,122.9451,0.0596,0.2834,124339.5441,82464.4372,cpu_stress,productcatalogservice,2026-06-09 16:25:00,2026-06-09 16:40:00,during_fault,6.374315,1
2026-06-09 16:30:05,605,EXP_FAULT_05,RUN_05,cpu_stress,1,checkoutservice,checkout-f05-01,online-boutique,node-b,0.4346,36.5916,0,125.8935,0.003238,65.8524,47.8503,123.9745,185.52,286.0221,119.6953,125.4859,0.0956,0.312,119997.2721,111790.2898,cpu_stress,productcatalogservice,2026-06-09 16:25:00,2026-06-09 16:40:00,during_fault,8.613752,1
2026-06-09 16:30:10,610,EXP_FAULT_05,RUN_05,cpu_stress,1,checkoutservice,checkout-f05-01,online-boutique,node-b,0.4421,35.8188,0,117.3594,0.003384,63.0129,46.8884,110.4453,177.0424,245.1053,111.7478,116.9623,0.1098,0.2873,106529.1903,111231.7393,cpu_stress,productcatalogservice,2026-06-09 16:25:00,2026-06-09 16:40:00,during_fault,7.116597,1
2026-06-09 16:30:15,615,EXP_FAULT_05,RUN_05,cpu_stress,1,checkoutservice,checkout-f05-01,online-boutique,node-b,0.4567,36.7368,0,117.8593,0.002784,61.1143,42.6192,108.1286,155.0112,226.942,112.4303,117.5312,0.0687,0.2595,101646.8966,97816.6067,cpu_stress,productcatalogservice,2026-06-09 16:25:00,2026-06-09 16:40:00,during_fault,5.43582,1
2026-06-09 16:30:20,620,EXP_FAULT_05,RUN_05,cpu_stress,1,checkoutservice,checkout-f05-01,online-boutique,node-b,0.4349,35.8214,0,123.0712,0.003011,55.984,40.8441,112.526,146.2291,210.4902,117.582,122.7007,0.0992,0.2713,153483.284,112657.9402,cpu_stress,productcatalogservice,2026-06-09 16:25:00,2026-06-09 16:40:00,during_fault,2.1786683,1
2026-06-09 16:30:25,625,EXP_FAULT_05,RUN_05,cpu_stress,1,checkoutservice,checkout-f05-01,online-boutique,node-b,0.4347,36.2815,0,121.758,0.003254,59.6283,41.8378,108.2424,152.686,252.6363,116.4901,121.3617,0.1286,0.2677,151366.2982,92674.7673,cpu_stress,productcatalogservice,2026-06-09 16:25:00,2026-06-09 16:40:00,during_fault,4.294854,1
2026-06-09 16:30:30,630,EXP_FAULT_05,RUN_05,cpu_stress,1,checkoutservice,checkout-f05-01,online-boutique,node-b,0.4407,36.5512,0,122.3366,0.002421,55.2752,42.0673,94.9224,140.5388,228.676,117.3067,122.0404,0.0645,0.2317,129662.8104,89153.7185,cpu_stress,productcatalogservice,2026-06-09 16:25:00,2026-06-09 16:40:00,during_fault,1.8308932,1
2026-06-09 16:30:35,635,EXP_FAULT_05,RUN_05,cpu_stress,1,checkoutservice,checkout-f05-01,online-boutique,node-b,0.4075,35.919,0,118.0302,0.002949,55.7425,41.1663,100.0012,143.1472,230.2345,113.3544,117.6822,0.1286,0.2194,140675.2991,111924.2504,cpu_stress,productcatalogservice,2026-06-09 16:25:00,2026-06-09 16:40:00,during_fault,3.1622033,1
2026-06-09 16:30:40,640,EXP_FAULT_05,RUN_05,cpu_stress,1,checkoutservice,checkout-f05-01,online-boutique,node-b,0.4637,36.0487,0,116.6179,0.003115,53.0988,35.923,91.6626,142.1076,214.171,112.1185,116.2546,0.1284,0.2348,110963.1079,90995.4699,cpu_stress,productcatalogservice,2026-06-09 16:25:00,2026-06-09 16:40:00,during_fault,1.7851222,1
2026-06-09 16:30:45,645,EXP_FAULT_05,RUN_05,cpu_stress,1,checkoutservice,checkout-f05-01,online-boutique,node-b,0.3904,36.4764,0,119.573,0.002249,54.5274,41.708,107.084,129.8022,213.3079,115.2175,119.304,0.0443,0.2246,107597.1182,89672.2423,cpu_stress,productcatalogservice,2026-06-09 16:25:00,2026-06-09 16:40:00,during_fault,2.9929988,1
2026-06-09 16:30:50,650,EXP_FAULT_05,RUN_05,cpu_stress,1,checkoutservice,checkout-f05-01,online-boutique,node-b,0.4256,35.3785,0,119.9614,0.002975,55.3873,40.4062,93.0932,128.1184,206.2456,115.7218,119.6046,0.1675,0.1894,106777.0764,107650.5039,cpu_stress,productcatalogservice,2026-06-09 16:25:00,2026-06-09 16:40:00,during_fault,2.3969321,1
2026-06-09 16:30:55,655,EXP_FAULT_05,RUN_05,cpu_stress,1,checkoutservice,checkout-f05-01,online-boutique,node-b,0.4305,36.9815,0,112.8049,0.003132,56.2647,39.4557,102.2043,134.4302,224.8739,108.9472,112.4516,0.1679,0.1853,124232.9475,78260.3649,cpu_stress,productcatalogservice,2026-06-09 16:25:00,2026-06-09 16:40:00,during_fault,3.1703384,1
2026-06-09 16:31:00,660,EXP_FAULT_05,RUN_05,cpu_stress,1,checkoutservice,checkout-f05-01,online-boutique,node-b,0.4529,36.2575,0,117.7714,0.002405,52.171,39.7548,98.4158,116.9137,179.8934,113.9281,117.4881,0.0969,0.1863,149799.2037,99469.1404,cpu_stress,productcatalogservice,2026-06-09 16:25:00,2026-06-09 16:40:00,during_fault,1.1326492,1
2026-06-09 16:31:05,665,EXP_FAULT_05,RUN_05,cpu_stress,1,checkoutservice,checkout-f05-01,online-boutique,node-b,0.4548,36.0445,0,118.8233,0.002963,55.98,41.7728,107.7999,144.212,206.946,115.0901,118.4711,0.1823,0.1699,139718.1495,81114.6575,cpu_stress,productcatalogservice,2026-06-09 16:25:00,2026-06-09 16:40:00,during_fault,2.3846269,1
2026-06-09 16:31:10,670,EXP_FAULT_05,RUN_05,cpu_stress,1,checkoutservice,checkout-f05-01,online-boutique,node-b,0.4099,35.9595,0,115.1515,0.001996,50.4946,36.3874,89.3689,117.4449,174.2628,111.6768,114.9217,0.0482,0.1816,117824.7339,103245.4388,cpu_stress,productcatalogservice,2026-06-09 16:25:00,2026-06-09 16:40:00,during_fault,0.73875374,0
2026-06-09 16:31:15,675,EXP_FAULT_05,RUN_05,cpu_stress,1,checkoutservice,checkout-f05-01,online-boutique,node-b,0.431,36.4042,0,121.7248,0.00301,57.3756,43.5885,104.0832,138.8403,202.0877,118.0598,121.3584,0.1652,0.2012,143914.478,90705.7634,cpu_stress,productcatalogservice,2026-06-09 16:25:00,2026-06-09 16:40:00,during_fault,3.058742,1
2026-06-09 16:31:20,680,EXP_FAULT_05,RUN_05,cpu_stress,1,checkoutservice,checkout-f05-01,online-boutique,node-b,0.4132,36.224,0,114.9756,0.00269,53.8761,39.759,99.6781,135.9566,208.0195,111.6256,114.6663,0.148,0.1613,132652.3655,117058.0974,cpu_stress,productcatalogservice,2026-06-09 16:25:00,2026-06-09 16:40:00,during_fault,2.0890968,1
2026-06-09 16:31:25,685,EXP_FAULT_05,RUN_05,cpu_stress,1,checkoutservice,checkout-f05-01,online-boutique,node-b,0.446,35.8171,0,115.4065,0.002964,55.0753,37.8284,104.499,124.9734,191.6854,112.0746,115.0645,0.183,0.159,122460.4474,94201.7162,cpu_stress,productcatalogservice,2026-06-09 16:25:00,2026-06-09 16:40:00,during_fault,2.3407454,1
2026-06-09 16:31:30,690,EXP_FAULT_05,RUN_05,cpu_stress,1,checkoutservice,checkout-f05-01,online-boutique,node-b,0.4342,35.9461,0,118.8222,0.001691,54.3517,39.8274,89.6475,129.3102,189.2437,115.5074,118.6213,0.0467,0.1542,120794.9126,120263.0994,cpu_stress,productcatalogservice,2026-06-09 16:25:00,2026-06-09 16:40:00,during_fault,1.7903417,1
2026-06-09 16:31:35,695,EXP_FAULT_05,RUN_05,cpu_stress,1,checkoutservice,checkout-f05-01,online-boutique,node-b,0.4143,36.1708,0,115.3556,0.002619,56.5121,37.9357,98.9365,133.9303,207.1004,112.1209,115.0535,0.124,0.1781,100168.988,83373.7107,cpu_stress,productcatalogservice,2026-06-09 16:25:00,2026-06-09 16:40:00,during_fault,3.6021397,1
2026-06-09 16:31:40,700,EXP_FAULT_05,RUN_05,cpu_stress,1,checkoutservice,checkout-f05-01,online-boutique,node-b,0.3937,35.746,0,115.9043,0.001831,55.7896,40.6465,93.0416,122.2614,196.8917,112.6692,115.6921,0.033,0.1793,110067.0841,79612.1793,cpu_stress,productcatalogservice,2026-06-09 16:25:00,2026-06-09 16:40:00,during_fault,3.7622695,1
2026-06-09 16:31:45,705,EXP_FAULT_05,RUN_05,cpu_stress,1,checkoutservice,checkout-f05-01,online-boutique,node-b,0.4349,36.2546,0,117.2249,0.002314,54.5244,42.3934,102.249,135.8005,204.7737,113.8699,116.9535,0.1041,0.1672,118194.498,85374.2376,cpu_stress,productcatalogservice,2026-06-09 16:25:00,2026-06-09 16:40:00,during_fault,1.9567719,1
2026-06-09 16:31:50,710,EXP_FAULT_05,RUN_05,cpu_stress,1,checkoutservice,checkout-f05-01,online-boutique,node-b,0.4153,35.8515,0,119.6213,0.002318,53.7504,40.5013,89.5497,127.0526,201.8053,116.1663,119.344,0.1172,0.16,129084.5003,111746.8248,cpu_stress,productcatalogservice,2026-06-09 16:25:00,2026-06-09 16:40:00,during_fault,1.7375906,1
2026-06-09 16:31:55,715,EXP_FAULT_05,RUN_05,cpu_stress,1,checkoutservice,checkout-f05-01,online-boutique,node-b,0.4211,36.1733,0,122.2718,0.002293,52.4677,37.3471,101.0314,121.7414,192.356,118.6501,121.9915,0.0818,0.1985,120273.677,110152.3957,cpu_stress,productcatalogservice,2026-06-09 16:25:00,2026-06-09 16:40:00,during_fault,1.0558474,1
2026-06-09 16:32:00,720,EXP_FAULT_05,RUN_05,cpu_stress,1,checkoutservice,checkout-f05-01,online-boutique,node-b,0.4227,36.063,0,120.1832,0.002876,55.9124,37.8208,93.8279,131.5829,213.0996,116.477,119.8376,0.1631,0.1825,123429.6748,120848.1846,cpu_stress,productcatalogservice,2026-06-09 16:25:00,2026-06-09 16:40:00,during_fault,2.6319942,1
2026-06-09 16:32:05,725,EXP_FAULT_05,RUN_05,cpu_stress,1,checkoutservice,checkout-f05-01,online-boutique,node-b,0.4431,36.8082,0,119.7149,0.002326,53.3187,39.0012,102.813,135.2613,193.1234,115.9451,119.4365,0.0875,0.191,144456.6237,79522.7813,cpu_stress,productcatalogservice,2026-06-09 16:25:00,2026-06-09 16:40:00,during_fault,1.237382,1
2026-06-09 16:32:10,730,EXP_FAULT_05,RUN_05,cpu_stress,1,checkoutservice,checkout-f05-01,online-boutique,node-b,0.4229,36.5429,0,122.0396,0.002586,57.9258,40.0876,104.2224,150.79,204.7172,118.0436,121.724,0.0987,0.2169,127278.9601,125612.9836,cpu_stress,productcatalogservice,2026-06-09 16:25:00,2026-06-09 16:40:00,during_fault,3.656229,1
2026-06-09 16:32:15,735,EXP_FAULT_05,RUN_05,cpu_stress,1,checkoutservice,checkout-f05-01,online-boutique,node-b,0.4491,35.463,0,128.1117,0.001925,55.0782,42.5544,100.0466,129.9775,216.2165,123.8258,127.8651,0.0449,0.2017,153248.4221,99078.184,cpu_stress,productcatalogservice,2026-06-09 16:25:00,2026-06-09 16:40:00,during_fault,1.3703846,1
2026-06-09 16:32:20,740,EXP_FAULT_05,RUN_05,cpu_stress,1,checkoutservice,checkout-f05-01,online-boutique,node-b,0.4415,35.4723,0,125.416,0.002383,60.4027,46.1656,110.0535,143.7843,211.7414,121.028,125.1171,0.0948,0.204,107735.3753,106996.4962,cpu_stress,productcatalogservice,2026-06-09 16:25:00,2026-06-09 16:40:00,during_fault,4.3745375,1
2026-06-09 16:32:25,745,EXP_FAULT_05,RUN_05,cpu_stress,1,checkoutservice,checkout-f05-01,online-boutique,node-b,0.4293,36.3417,0,127.5026,0.002734,60.1363,45.2855,115.0536,148.3475,218.5701,122.8526,127.1541,0.1351,0.2134,149477.2863,107207.7086,cpu_stress,productcatalogservice,2026-06-09 16:25:00,2026-06-09 16:40:00,during_fault,4.288015,1
2026-06-09 16:32:30,750,EXP_FAULT_05,RUN_05,cpu_stress,1,checkoutservice,checkout-f05-01,online-boutique,node-b,0.4167,36.4858,0,123.4958,0.00259,56.4219,39.0996,100.0273,130.8857,207.406,118.8103,123.176,0.0701,0.2497,103300.7049,119086.3683,cpu_stress,productcatalogservice,2026-06-09 16:25:00,2026-06-09 16:40:00,during_fault,2.9191868,1
2026-06-09 16:32:35,755,EXP_FAULT_05,RUN_05,cpu_stress,1,checkoutservice,checkout-f05-01,online-boutique,node-b,0.4268,36.5964,0,130.3026,0.003392,59.1137,39.7634,107.3282,143.0547,209.3675,125.0653,129.8606,0.1664,0.2756,123618.3938,91789.0191,cpu_stress,productcatalogservice,2026-06-09 16:25:00,2026-06-09 16:40:00,during_fault,3.509903,1
2026-06-09 16:32:40,760,EXP_FAULT_05,RUN_05,cpu_stress,1,checkoutservice,checkout-f05-01,online-boutique,node-b,0.4365,36.2453,0,128.5274,0.002791,58.4021,44.9574,113.5331,156.5791,249.2761,123.2311,128.1686,0.0815,0.2772,141297.1455,114622.2682,cpu_stress,productcatalogservice,2026-06-09 16:25:00,2026-06-09 16:40:00,during_fault,2.9433007,1
2026-06-09 16:32:45,765,EXP_FAULT_05,RUN_05,cpu_stress,1,checkoutservice,checkout-f05-01,online-boutique,node-b,0.4242,36.7123,0,137.4121,0.003577,63.1071,45.8114,122.811,160.6925,249.1944,131.4811,136.9206,0.21,0.2815,155536.7124,141057.7236,cpu_stress,productcatalogservice,2026-06-09 16:25:00,2026-06-09 16:40:00,during_fault,5.5932703,1
2026-06-09 16:32:50,770,EXP_FAULT_05,RUN_05,cpu_stress,1,checkoutservice,checkout-f05-01,online-boutique,node-b,0.4311,36.5452,0,132.179,0.003222,60.5624,42.1217,119.5844,144.846,240.807,126.2401,131.7531,0.1327,0.2933,146187.3034,97881.0447,cpu_stress,productcatalogservice,2026-06-09 16:25:00,2026-06-09 16:40:00,during_fault,4.043479,1
2026-06-09 16:32:55,775,EXP_FAULT_05,RUN_05,cpu_stress,1,checkoutservice,checkout-f05-01,online-boutique,node-b,0.4526,36.3076,0,132.1346,0.002873,60.583,41.6951,106.4237,160.9965,242.2863,126.0497,131.755,0.0895,0.29,122469.7487,88318.4987,cpu_stress,productcatalogservice,2026-06-09 16:25:00,2026-06-09 16:40:00,during_fault,3.4191222,1
2026-06-09 16:33:00,780,EXP_FAULT_05,RUN_05,cpu_stress,1,checkoutservice,checkout-f05-01,online-boutique,node-b,0.4439,36.3508,0,128.0579,0.003356,60.256,45.8959,122.661,157.4388,234.8449,121.9372,127.6281,0.1502,0.2796,128046.4474,132060.6143,cpu_stress,productcatalogservice,2026-06-09 16:25:00,2026-06-09 16:40:00,during_fault,3.8379626,1
2026-06-09 16:33:05,785,EXP_FAULT_05,RUN_05,cpu_stress,1,checkoutservice,checkout-f05-01,online-boutique,node-b,0.4496,36.5463,0,135.1915,0.003259,55.2821,41.6615,109.3974,138.1309,207.8282,128.5613,134.751,0.1403,0.3002,149300.8327,124194.245,cpu_stress,productcatalogservice,2026-06-09 16:25:00,2026-06-09 16:40:00,during_fault,0.9588849,1
2026-06-09 16:33:10,790,EXP_FAULT_05,RUN_05,cpu_stress,1,checkoutservice,checkout-f05-01,online-boutique,node-b,0.4519,35.4648,0,135.5967,0.003721,66.7922,44.7541,121.5374,179.5658,273.6962,128.7627,135.0922,0.1892,0.3153,161557.3307,140842.4102,cpu_stress,productcatalogservice,2026-06-09 16:25:00,2026-06-09 16:40:00,during_fault,7.4519944,1
2026-06-09 16:33:15,795,EXP_FAULT_05,RUN_05,cpu_stress,1,checkoutservice,checkout-f05-01,online-boutique,node-b,0.4528,35.1552,0,133.2983,0.003629,65.0461,44.4172,118.1046,161.6601,273.5392,126.4268,132.8145,0.1656,0.3182,150058.0505,109871.1147,cpu_stress,productcatalogservice,2026-06-09 16:25:00,2026-06-09 16:40:00,during_fault,6.4294844,1
2026-06-09 16:33:20,800,EXP_FAULT_05,RUN_05,cpu_stress,1,checkoutservice,checkout-f05-01,online-boutique,node-b,0.4454,36.6997,0,137.9056,0.004125,64.0485,47.5556,128.4346,168.1659,271.7361,130.5664,137.3367,0.2019,0.367,117956.6765,125431.7239,cpu_stress,productcatalogservice,2026-06-09 16:25:00,2026-06-09 16:40:00,during_fault,5.2347026,1
2026-06-09 16:33:25,805,EXP_FAULT_05,RUN_05,cpu_stress,1,checkoutservice,checkout-f05-01,online-boutique,node-b,0.4402,36.441,0,131.6415,0.003295,66.1295,44.1741,126.2205,168.5232,273.4382,124.5809,131.2078,0.0877,0.3461,120811.9762,89137.8064,cpu_stress,productcatalogservice,2026-06-09 16:25:00,2026-06-09 16:40:00,during_fault,7.8216157,1
2026-06-09 16:33:30,810,EXP_FAULT_05,RUN_05,cpu_stress,1,checkoutservice,checkout-f05-01,online-boutique,node-b,0.4495,35.7355,0,133.9877,0.003692,60.7019,44.452,110.2047,157.7946,273.2159,126.6756,133.4931,0.1591,0.3355,134132.2781,124802.9825,cpu_stress,productcatalogservice,2026-06-09 16:25:00,2026-06-09 16:40:00,during_fault,3.4031823,1
2026-06-09 16:33:35,815,EXP_FAULT_05,RUN_05,cpu_stress,1,checkoutservice,checkout-f05-01,online-boutique,node-b,0.4476,36.6377,0,130.9139,0.003967,58.3157,40.1364,107.8182,149.5802,263.9394,123.7025,130.3945,0.1695,0.3498,134263.5959,112734.4747,cpu_stress,productcatalogservice,2026-06-09 16:25:00,2026-06-09 16:40:00,during_fault,2.4309547,1
2026-06-09 16:33:40,820,EXP_FAULT_05,RUN_05,cpu_stress,1,checkoutservice,checkout-f05-01,online-boutique,node-b,0.4416,36.5561,0,134.8603,0.003667,64.8571,42.0091,120.9272,166.6027,288.0849,127.3648,134.3658,0.1298,0.3647,166914.8904,115128.1595,cpu_stress,productcatalogservice,2026-06-09 16:25:00,2026-06-09 16:40:00,during_fault,6.31079,1
2026-06-09 16:33:45,825,EXP_FAULT_05,RUN_05,cpu_stress,1,checkoutservice,checkout-f05-01,online-boutique,node-b,0.4217,35.5581,0,134.4088,0.00305,62.6283,43.908,129.1221,172.1412,283.9785,126.9938,133.9989,0.0728,0.3371,129550.3171,127300.5139,cpu_stress,productcatalogservice,2026-06-09 16:25:00,2026-06-09 16:40:00,during_fault,5.9317913,1
2026-06-09 16:33:50,830,EXP_FAULT_05,RUN_05,cpu_stress,1,checkoutservice,checkout-f05-01,online-boutique,node-b,0.4289,36.5354,0,131.6881,0.003606,61.6491,44.9876,121.7322,168.9806,271.233,124.3591,131.2133,0.1383,0.3365,142572.1768,91753.0635,cpu_stress,productcatalogservice,2026-06-09 16:25:00,2026-06-09 16:40:00,during_fault,4.89187,1
2026-06-09 16:33:55,835,EXP_FAULT_05,RUN_05,cpu_stress,1,checkoutservice,checkout-f05-01,online-boutique,node-b,0.4264,36.0729,0,134.2611,0.004073,67.3243,47.6265,133.652,169.0912,278.6388,126.7622,133.7142,0.1884,0.3585,171103.5878,134270.6193,cpu_stress,productcatalogservice,2026-06-09 16:25:00,2026-06-09 16:40:00,during_fault,9.384664,1
2026-06-09 16:34:00,840,EXP_FAULT_05,RUN_05,cpu_stress,1,checkoutservice,checkout-f05-01,online-boutique,node-b,0.4562,36.6994,0,134.6344,0.003077,61.3169,41.9347,119.1428,177.4567,265.841,127.2599,134.2201,0.0712,0.3431,127430.9,134982.4714,cpu_stress,productcatalogservice,2026-06-09 16:25:00,2026-06-09 16:40:00,during_fault,3.5380561,1
2026-06-09 16:34:05,845,EXP_FAULT_05,RUN_05,cpu_stress,1,checkoutservice,checkout-f05-01,online-boutique,node-b,0.4434,36.6798,0,130.7839,0.003304,65.334,45.0284,121.1235,170.2165,255.6569,123.6805,130.3519,0.1006,0.3315,141801.0138,131198.5424,cpu_stress,productcatalogservice,2026-06-09 16:25:00,2026-06-09 16:40:00,during_fault,7.122145,1
2026-06-09 16:34:10,850,EXP_FAULT_05,RUN_05,cpu_stress,1,checkoutservice,checkout-f05-01,online-boutique,node-b,0.4444,35.9027,0,129.5404,0.003129,56.9316,42.1279,108.9555,155.0623,232.6762,122.6207,129.135,0.0851,0.3202,132756.0649,90619.9523,cpu_stress,productcatalogservice,2026-06-09 16:25:00,2026-06-09 16:40:00,during_fault,1.9530436,1
2026-06-09 16:34:15,855,EXP_FAULT_05,RUN_05,cpu_stress,1,checkoutservice,checkout-f05-01,online-boutique,node-b,0.416,36.7316,0,131.2241,0.003971,61.6469,44.2664,123.3798,174.6363,249.0325,124.3003,130.703,0.1756,0.3455,109645.7728,97582.3492,cpu_stress,productcatalogservice,2026-06-09 16:25:00,2026-06-09 16:40:00,during_fault,5.565709,1
2026-06-09 16:34:20,860,EXP_FAULT_05,RUN_05,cpu_stress,1,checkoutservice,checkout-f05-01,online-boutique,node-b,0.4399,36.417,0,125.5684,0.002996,57.9328,41.3623,106.1885,155.6027,261.0346,119.1123,125.1922,0.0517,0.3245,133283.4781,83458.3138,cpu_stress,productcatalogservice,2026-06-09 16:25:00,2026-06-09 16:40:00,during_fault,2.8422265,1
2026-06-09 16:34:25,865,EXP_FAULT_05,RUN_05,cpu_stress,1,checkoutservice,checkout-f05-01,online-boutique,node-b,0.4271,36.5966,0,125.9238,0.002585,63.2998,46.6567,129.2033,176.3374,257.1999,119.6238,125.5983,0.0331,0.2924,141833.2517,93761.4239,cpu_stress,productcatalogservice,2026-06-09 16:25:00,2026-06-09 16:40:00,during_fault,6.8034086,1
2026-06-09 16:34:30,870,EXP_FAULT_05,RUN_05,cpu_stress,1,checkoutservice,checkout-f05-01,online-boutique,node-b,0.4564,35.4865,0,132.4672,0.003129,64.8306,44.6492,129.4916,164.6122,290.3647,125.9839,132.0526,0.0773,0.3372,121107.8492,108747.9237,cpu_stress,productcatalogservice,2026-06-09 16:25:00,2026-06-09 16:40:00,during_fault,6.1693883,1
2026-06-09 16:34:35,875,EXP_FAULT_05,RUN_05,cpu_stress,1,checkoutservice,checkout-f05-01,online-boutique,node-b,0.4385,36.3342,0,129.2366,0.00265,58.8771,40.6009,103.3288,144.9012,255.5475,123.104,128.8942,0.0393,0.3031,130515.3593,113966.6815,cpu_stress,productcatalogservice,2026-06-09 16:25:00,2026-06-09 16:40:00,during_fault,3.070435,1
2026-06-09 16:34:40,880,EXP_FAULT_05,RUN_05,cpu_stress,1,checkoutservice,checkout-f05-01,online-boutique,node-b,0.4384,36.1783,0,125.7832,0.002831,53.9499,38.8133,105.9812,133.9915,200.7856,120.0079,125.4271,0.0781,0.278,136895.1925,93245.7142,cpu_stress,productcatalogservice,2026-06-09 16:25:00,2026-06-09 16:40:00,during_fault,1.135107,1
2026-06-09 16:34:45,885,EXP_FAULT_05,RUN_05,cpu_stress,1,checkoutservice,checkout-f05-01,online-boutique,node-b,0.4322,36.4627,0,132.3306,0.002976,56.0855,39.0096,113.2082,140.5438,242.6849,126.4227,131.9368,0.1138,0.2801,126105.0175,95384.3674,cpu_stress,productcatalogservice,2026-06-09 16:25:00,2026-06-09 16:40:00,during_fault,1.7210066,1
2026-06-09 16:34:50,890,EXP_FAULT_05,RUN_05,cpu_stress,1,checkoutservice,checkout-f05-01,online-boutique,node-b,0.4241,36.3478,0,130.9549,0.003025,61.9881,46.3219,120.9955,154.1743,247.5101,125.3139,130.5587,0.1206,0.2756,109441.3761,112987.4041,cpu_stress,productcatalogservice,2026-06-09 16:25:00,2026-06-09 16:40:00,during_fault,5.464287,1
2026-06-09 16:34:55,895,EXP_FAULT_05,RUN_05,cpu_stress,1,checkoutservice,checkout-f05-01,online-boutique,node-b,0.4416,36.4444,0,132.4275,0.002581,54.9843,39.1776,96.9163,138.9107,233.9497,126.9752,132.0857,0.0509,0.2909,164216.3457,98113.4368,cpu_stress,productcatalogservice,2026-06-09 16:25:00,2026-06-09 16:40:00,during_fault,1.1071651,1
2026-06-09 16:35:00,900,EXP_FAULT_05,RUN_05,cpu_stress,1,checkoutservice,checkout-f05-01,online-boutique,node-b,0.4496,36.617,0,130.0236,0.003188,58.8326,42.4116,110.6484,141.7845,219.5285,124.8375,129.6092,0.1804,0.234,153709.3076,122257.706,cpu_stress,productcatalogservice,2026-06-09 16:25:00,2026-06-09 16:40:00,during_fault,2.7519922,1
2026-06-09 16:35:05,905,EXP_FAULT_05,RUN_05,cpu_stress,1,checkoutservice,checkout-f05-01,online-boutique,node-b,0.4581,36.0339,0,136.4631,0.002839,57.6009,41.9011,110.6612,149.6976,204.6306,131.2537,136.0757,0.1285,0.2589,115843.58,137356.3817,cpu_stress,productcatalogservice,2026-06-09 16:25:00,2026-06-09 16:40:00,during_fault,1.5796845,1
2026-06-09 16:35:10,910,EXP_FAULT_05,RUN_05,cpu_stress,1,checkoutservice,checkout-f05-01,online-boutique,node-b,0.425,36.3614,0,130.9936,0.00302,57.8337,40.2211,107.1874,150.9317,231.548,126.1685,130.598,0.1711,0.2246,116143.2468,108129.2835,cpu_stress,productcatalogservice,2026-06-09 16:25:00,2026-06-09 16:40:00,during_fault,2.8642325,1
2026-06-09 16:35:15,915,EXP_FAULT_05,RUN_05,cpu_stress,1,checkoutservice,checkout-f05-01,online-boutique,node-b,0.4653,36.3248,0,128.6244,0.00274,61.8539,46.1079,118.5522,158.6091,251.9389,124.0766,128.272,0.1216,0.2308,163185.393,100217.3374,cpu_stress,productcatalogservice,2026-06-09 16:25:00,2026-06-09 16:40:00,during_fault,4.4267287,1
2026-06-09 16:35:20,920,EXP_FAULT_05,RUN_05,cpu_stress,1,checkoutservice,checkout-f05-01,online-boutique,node-b,0.4528,35.9811,0,133.9516,0.002507,58.8487,45.1382,100.7507,139.9184,211.8549,129.4186,133.6158,0.1325,0.2034,115193.8619,105063.1721,cpu_stress,productcatalogservice,2026-06-09 16:25:00,2026-06-09 16:40:00,during_fault,2.351505,1
2026-06-09 16:35:25,925,EXP_FAULT_05,RUN_05,cpu_stress,1,checkoutservice,checkout-f05-01,online-boutique,node-b,0.4353,36.5793,0,137.0917,0.002415,63.257,44.7733,122.4205,155.2804,230.5741,132.663,136.7607,0.1135,0.2175,172247.9528,129598.6846,cpu_stress,productcatalogservice,2026-06-09 16:25:00,2026-06-09 16:40:00,during_fault,5.1825104,1
2026-06-09 16:35:30,930,EXP_FAULT_05,RUN_05,cpu_stress,1,checkoutservice,checkout-f05-01,online-boutique,node-b,0.4433,36.6093,0,135.0587,0.002275,57.5661,40.5919,108.0773,141.179,208.3154,130.8461,134.7514,0.099,0.2083,130650.5015,90526.2111,cpu_stress,productcatalogservice,2026-06-09 16:25:00,2026-06-09 16:40:00,during_fault,1.8703619,1
2026-06-09 16:35:35,935,EXP_FAULT_05,RUN_05,cpu_stress,1,checkoutservice,checkout-f05-01,online-boutique,node-b,0.4491,36.6956,0,136.2979,0.002921,62.0078,46.4905,114.3121,150.514,246.1968,132.1163,135.8998,0.1797,0.2184,120226.2284,114897.532,cpu_stress,productcatalogservice,2026-06-09 16:25:00,2026-06-09 16:40:00,during_fault,3.9143295,1
2026-06-09 16:35:40,940,EXP_FAULT_05,RUN_05,cpu_stress,1,checkoutservice,checkout-f05-01,online-boutique,node-b,0.4435,36.6257,0,137.6643,0.002439,60.23,44.4669,114.2335,151.9743,221.0775,133.5717,137.3286,0.1141,0.2216,171829.0012,95479.9382,cpu_stress,productcatalogservice,2026-06-09 16:25:00,2026-06-09 16:40:00,during_fault,2.9427679,1
2026-06-09 16:35:45,945,EXP_FAULT_05,RUN_05,cpu_stress,1,checkoutservice,checkout-f05-01,online-boutique,node-b,0.4285,36.3045,0,139.8646,0.003012,53.4934,38.0087,92.4023,133.835,186.9385,135.7872,139.4432,0.2105,0.2109,168847.6111,108966.1882,cpu_stress,productcatalogservice,2026-06-09 16:25:00,2026-06-09 16:40:00,during_fault,0.7604661,0
2026-06-09 16:35:50,950,EXP_FAULT_05,RUN_05,cpu_stress,1,checkoutservice,checkout-f05-01,online-boutique,node-b,0.4443,36.4948,0,136.9861,0.002478,60.3731,46.354,102.55,132.7849,236.2243,133.1063,136.6467,0.1268,0.2126,157994.6411,109292.2051,cpu_stress,productcatalogservice,2026-06-09 16:25:00,2026-06-09 16:40:00,during_fault,3.0562696,1
2026-06-09 16:35:55,955,EXP_FAULT_05,RUN_05,cpu_stress,1,checkoutservice,checkout-f05-01,online-boutique,node-b,0.4292,36.0161,0,133.5682,0.00249,59.9461,42.9774,105.816,141.5268,203.5455,129.8221,133.2356,0.1223,0.2103,130971.5603,107338.9339,cpu_stress,productcatalogservice,2026-06-09 16:25:00,2026-06-09 16:40:00,during_fault,3.7323844,1
2026-06-09 16:36:00,960,EXP_FAULT_05,RUN_05,cpu_stress,1,checkoutservice,checkout-f05-01,online-boutique,node-b,0.436,36.7369,0,137.4607,0.001757,59.665,42.9091,113.1548,131.4624,213.7407,133.6414,137.2192,0.066,0.1756,168310.2769,128917.6628,cpu_stress,productcatalogservice,2026-06-09 16:25:00,2026-06-09 16:40:00,during_fault,2.9409046,1
2026-06-09 16:36:05,965,EXP_FAULT_05,RUN_05,cpu_stress,1,checkoutservice,checkout-f05-01,online-boutique,node-b,0.42,36.6632,0,140.3557,0.003183,56.4849,40.6082,95.7639,127.2615,183.9662,136.3801,139.909,0.2231,0.2236,129788.2665,115293.4631,cpu_stress,productcatalogservice,2026-06-09 16:25:00,2026-06-09 16:40:00,during_fault,2.038906,1
2026-06-09 16:36:10,970,EXP_FAULT_05,RUN_05,cpu_stress,1,checkoutservice,checkout-f05-01,online-boutique,node-b,0.4782,36.6763,0,141.9323,0.001995,60.6595,44.4629,114.8731,145.3657,217.6043,137.9104,141.6492,0.0809,0.2023,149449.3269,123723.5742,cpu_stress,productcatalogservice,2026-06-09 16:25:00,2026-06-09 16:40:00,during_fault,2.3730054,1
2026-06-09 16:36:15,975,EXP_FAULT_05,RUN_05,cpu_stress,1,checkoutservice,checkout-f05-01,online-boutique,node-b,0.448,36.2449,0,137.6182,0.001885,54.2592,40.4135,101.8361,133.3896,186.1982,133.6588,137.3589,0.0638,0.1955,137941.188,112702.1678,cpu_stress,productcatalogservice,2026-06-09 16:25:00,2026-06-09 16:40:00,during_fault,0.5852865,0
2026-06-09 16:36:20,980,EXP_FAULT_05,RUN_05,cpu_stress,1,checkoutservice,checkout-f05-01,online-boutique,node-b,0.4626,36.592,0,136.5112,0.00213,53.4199,38.8847,97.4924,119.5628,210.9875,132.5059,136.2204,0.0965,0.1943,137998.0144,129381.5591,cpu_stress,productcatalogservice,2026-06-09 16:25:00,2026-06-09 16:40:00,during_fault,0.4393777,0
2026-06-09 16:36:25,985,EXP_FAULT_05,RUN_05,cpu_stress,1,checkoutservice,checkout-f05-01,online-boutique,node-b,0.459,36.773,0,133.1155,0.002089,58.5678,43.397,110.1404,146.259,217.1268,129.0956,132.8374,0.0594,0.2187,169702.4187,126027.3839,cpu_stress,productcatalogservice,2026-06-09 16:25:00,2026-06-09 16:40:00,during_fault,2.24145,1
2026-06-09 16:36:30,990,EXP_FAULT_05,RUN_05,cpu_stress,1,checkoutservice,checkout-f05-01,online-boutique,node-b,0.4148,35.829,0,133.3461,0.002837,56.7105,42.5327,97.0618,128.1228,190.3719,129.1684,132.9679,0.1559,0.2223,115724.8454,129028.904,cpu_stress,productcatalogservice,2026-06-09 16:25:00,2026-06-09 16:40:00,during_fault,2.7290738,1
2026-06-09 16:36:35,995,EXP_FAULT_05,RUN_05,cpu_stress,1,checkoutservice,checkout-f05-01,online-boutique,node-b,0.4602,36.2646,0,132.9172,0.002293,60.0848,43.0403,113.243,156.0757,238.0893,128.6238,132.6124,0.0931,0.2117,154542.0505,91700.8315,cpu_stress,productcatalogservice,2026-06-09 16:25:00,2026-06-09 16:40:00,during_fault,2.9551148,1
2026-06-09 16:36:40,1000,EXP_FAULT_05,RUN_05,cpu_stress,1,checkoutservice,checkout-f05-01,online-boutique,node-b,0.4414,36.1397,0,131.0017,0.002465,61.2287,40.9454,114.6965,155.0494,221.7585,126.5679,130.6788,0.1036,0.2192,151515.5818,85246.1035,cpu_stress,productcatalogservice,2026-06-09 16:25:00,2026-06-09 16:40:00,during_fault,4.211589,1
2026-06-09 16:36:45,1005,EXP_FAULT_05,RUN_05,cpu_stress,1,checkoutservice,checkout-f05-01,online-boutique,node-b,0.4336,36.2216,0,132.185,0.002534,56.9543,38.9617,98.2315,133.3291,196.8217,127.5404,131.85,0.1127,0.2222,108680.8827,101410.2864,cpu_stress,productcatalogservice,2026-06-09 16:25:00,2026-06-09 16:40:00,during_fault,2.0877156,1
2026-06-09 16:36:50,1010,EXP_FAULT_05,RUN_05,cpu_stress,1,checkoutservice,checkout-f05-01,online-boutique,node-b,0.4314,36.3337,0,124.7049,0.00293,56.9347,43.6096,105.6018,147.5124,200.5316,120.151,124.3395,0.1444,0.221,122811.2591,96784.932,cpu_stress,productcatalogservice,2026-06-09 16:25:00,2026-06-09 16:40:00,during_fault,2.5918765,1
2026-06-09 16:36:55,1015,EXP_FAULT_05,RUN_05,cpu_stress,1,checkoutservice,checkout-f05-01,online-boutique,node-b,0.443,36.6374,0,128.7739,0.003018,56.7154,41.9488,112.1529,130.6697,224.1959,123.829,128.3853,0.1456,0.243,123110.0162,103135.3447,cpu_stress,productcatalogservice,2026-06-09 16:25:00,2026-06-09 16:40:00,during_fault,1.9545319,1
2026-06-09 16:37:00,1020,EXP_FAULT_05,RUN_05,cpu_stress,1,checkoutservice,checkout-f05-01,online-boutique,node-b,0.4385,36.8162,0,123.0434,0.00323,57.1924,42.411,98.7328,153.6462,239.4836,118.1057,122.646,0.1501,0.2473,130582.1178,102532.5975,cpu_stress,productcatalogservice,2026-06-09 16:25:00,2026-06-09 16:40:00,during_fault,2.6761692,1
2026-06-09 16:37:05,1025,EXP_FAULT_05,RUN_05,cpu_stress,1,checkoutservice,checkout-f05-01,online-boutique,node-b,0.4493,35.6205,0,123.7991,0.002566,58.2152,43.1519,111.8253,144.6636,226.9484,118.6905,123.4814,0.046,0.2716,133084.3904,106638.7137,cpu_stress,productcatalogservice,2026-06-09 16:25:00,2026-06-09 16:40:00,during_fault,3.0175345,1
2026-06-09 16:37:10,1030,EXP_FAULT_05,RUN_05,cpu_stress,1,checkoutservice,checkout-f05-01,online-boutique,node-b,0.4312,36.2607,0,124.0758,0.003283,61.4218,46.513,118.9284,169.1028,242.3776,118.7263,123.6684,0.1644,0.2429,119163.4939,104236.7733,cpu_stress,productcatalogservice,2026-06-09 16:25:00,2026-06-09 16:40:00,during_fault,5.414878,1
2026-06-09 16:37:15,1035,EXP_FAULT_05,RUN_05,cpu_stress,1,checkoutservice,checkout-f05-01,online-boutique,node-b,0.4152,36.3752,0,121.9199,0.002595,57.9445,44.2453,116.1331,149.6921,255.496,116.5053,121.6035,0.0433,0.2731,127217.3429,91281.7498,cpu_stress,productcatalogservice,2026-06-09 16:25:00,2026-06-09 16:40:00,during_fault,4.005382,1
2026-06-09 16:37:20,1040,EXP_FAULT_05,RUN_05,cpu_stress,1,checkoutservice,checkout-f05-01,online-boutique,node-b,0.4507,35.5164,0,122.8515,0.002864,63.3091,48.0354,118.5331,155.8313,265.7569,117.1979,122.4997,0.0733,0.2786,154963.4102,125601.3272,cpu_stress,productcatalogservice,2026-06-09 16:25:00,2026-06-09 16:40:00,during_fault,6.4288893,1
2026-06-09 16:37:25,1045,EXP_FAULT_05,RUN_05,cpu_stress,1,checkoutservice,checkout-f05-01,online-boutique,node-b,0.4149,36.6196,0,121.981,0.003062,61.2308,41.534,119.7316,150.0345,260.9866,116.1593,121.6074,0.0935,0.2801,138724.0748,114002.2356,cpu_stress,productcatalogservice,2026-06-09 16:25:00,2026-06-09 16:40:00,during_fault,6.31267,1
2026-06-09 16:37:30,1050,EXP_FAULT_05,RUN_05,cpu_stress,1,checkoutservice,checkout-f05-01,online-boutique,node-b,0.4368,36.1357,0,119.8251,0.003396,58.3579,43.8257,104.878,160.5469,225.571,113.9527,119.4182,0.1278,0.2791,153359.7771,101517.9439,cpu_stress,productcatalogservice,2026-06-09 16:25:00,2026-06-09 16:40:00,during_fault,3.6326332,1
2026-06-09 16:37:35,1055,EXP_FAULT_05,RUN_05,cpu_stress,1,checkoutservice,checkout-f05-01,online-boutique,node-b,0.4224,36.345,0,118.0517,0.003748,67.0672,48.0803,122.7354,184.4,268.6145,112.0618,117.6092,0.1648,0.2776,115871.9256,114449.6061,cpu_stress,productcatalogservice,2026-06-09 16:25:00,2026-06-09 16:40:00,during_fault,11.6549425,1
2026-06-09 16:37:40,1060,EXP_FAULT_05,RUN_05,cpu_stress,1,checkoutservice,checkout-f05-01,online-boutique,node-b,0.4369,36.2483,0,116.1617,0.003106,58.391,39.054,103.1838,157.6946,268.5858,110.1843,115.8009,0.0684,0.2925,115418.3617,96699.9293,cpu_stress,productcatalogservice,2026-06-09 16:25:00,2026-06-09 16:40:00,during_fault,4.0545855,1
2026-06-09 16:37:45,1065,EXP_FAULT_05,RUN_05,cpu_stress,1,checkoutservice,checkout-f05-01,online-boutique,node-b,0.4282,36.2186,0,118.5795,0.00386,59.2023,39.186,116.8376,147.4313,235.682,112.3187,118.1218,0.1486,0.3091,127571.1603,104129.5436,cpu_stress,productcatalogservice,2026-06-09 16:25:00,2026-06-09 16:40:00,during_fault,4.491765,1
2026-06-09 16:37:50,1070,EXP_FAULT_05,RUN_05,cpu_stress,1,checkoutservice,checkout-f05-01,online-boutique,node-b,0.4358,35.8131,0,119.7152,0.003414,57.9234,42.5451,112.6489,160.0396,223.9352,113.2797,119.3064,0.0973,0.3115,98667.1807,100746.805,cpu_stress,productcatalogservice,2026-06-09 16:25:00,2026-06-09 16:40:00,during_fault,3.4298701,1
2026-06-09 16:37:55,1075,EXP_FAULT_05,RUN_05,cpu_stress,1,checkoutservice,checkout-f05-01,online-boutique,node-b,0.4528,36.2287,0,117.9726,0.003562,64.6277,43.4904,120.9831,162.1167,251.5251,111.5538,117.5524,0.1224,0.2978,123616.5212,105778.8331,cpu_stress,productcatalogservice,2026-06-09 16:25:00,2026-06-09 16:40:00,during_fault,8.169831,1
2026-06-09 16:38:00,1080,EXP_FAULT_05,RUN_05,cpu_stress,1,checkoutservice,checkout-f05-01,online-boutique,node-b,0.4346,36.2705,0,114.722,0.003099,60.7955,42.5131,120.6162,163.6248,252.9888,108.441,114.3665,0.0596,0.296,105281.2858,109420.3285,cpu_stress,productcatalogservice,2026-06-09 16:25:00,2026-06-09 16:40:00,during_fault,5.929536,1
2026-06-09 16:38:05,1085,EXP_FAULT_05,RUN_05,cpu_stress,1,checkoutservice,checkout-f05-01,online-boutique,node-b,0.4464,36.6514,0,115.8673,0.003562,63.4858,47.1788,124.652,170.7973,261.4878,109.4786,115.4547,0.1178,0.2949,120003.556,96161.9612,cpu_stress,productcatalogservice,2026-06-09 16:25:00,2026-06-09 16:40:00,during_fault,7.67025,1
2026-06-09 16:38:10,1090,EXP_FAULT_05,RUN_05,cpu_stress,1,checkoutservice,checkout-f05-01,online-boutique,node-b,0.4372,36.3756,0,121.1854,0.004101,61.3987,40.2666,116.4163,178.8127,239.0469,114.399,120.6883,0.1635,0.3335,127933.9052,82340.334,cpu_stress,productcatalogservice,2026-06-09 16:25:00,2026-06-09 16:40:00,during_fault,5.450132,1
2026-06-09 16:38:15,1095,EXP_FAULT_05,RUN_05,cpu_stress,1,checkoutservice,checkout-f05-01,online-boutique,node-b,0.4145,36.5396,0,115.9878,0.003219,65.0936,43.311,116.365,185.1988,274.8196,109.5624,115.6144,0.048,0.3254,115950.3632,100300.3017,cpu_stress,productcatalogservice,2026-06-09 16:25:00,2026-06-09 16:40:00,during_fault,10.465364,1
2026-06-09 16:38:20,1100,EXP_FAULT_05,RUN_05,cpu_stress,1,checkoutservice,checkout-f05-01,online-boutique,node-b,0.4574,35.8538,0,115.3238,0.003978,61.0516,40.2046,121.7352,176.824,250.3539,108.9242,114.865,0.1568,0.302,97935.4419,92804.5393,cpu_stress,productcatalogservice,2026-06-09 16:25:00,2026-06-09 16:40:00,during_fault,5.7202353,1
2026-06-09 16:38:25,1105,EXP_FAULT_05,RUN_05,cpu_stress,1,checkoutservice,checkout-f05-01,online-boutique,node-b,0.4266,36.335,0,117.8871,0.003863,60.1109,42.6281,107.7349,149.5,280.5437,111.3666,117.4317,0.1401,0.3154,134572.6938,83495.7576,cpu_stress,productcatalogservice,2026-06-09 16:25:00,2026-06-09 16:40:00,during_fault,5.241351,1
2026-06-09 16:38:30,1110,EXP_FAULT_05,RUN_05,cpu_stress,1,checkoutservice,checkout-f05-01,online-boutique,node-b,0.4079,36.9158,0,119.8688,0.00346,62.0009,46.6088,119.0522,176.9785,270.5059,113.3451,119.454,0.1194,0.2954,151787.2484,86071.2878,cpu_stress,productcatalogservice,2026-06-09 16:25:00,2026-06-09 16:40:00,during_fault,7.4075127,1
2026-06-09 16:38:35,1115,EXP_FAULT_05,RUN_05,cpu_stress,1,checkoutservice,checkout-f05-01,online-boutique,node-b,0.451,36.7231,0,117.8072,0.00314,63.8292,43.2581,124.3591,177.7594,287.9134,111.5041,117.4373,0.0594,0.3106,102714.0784,81138.5331,cpu_stress,productcatalogservice,2026-06-09 16:25:00,2026-06-09 16:40:00,during_fault,7.5607443,1
2026-06-09 16:38:40,1120,EXP_FAULT_05,RUN_05,cpu_stress,1,checkoutservice,checkout-f05-01,online-boutique,node-b,0.4359,36.5128,0,120.7363,0.004068,61.6326,45.5968,126.4199,173.1809,262.804,114.2955,120.2452,0.171,0.3201,119508.9729,123283.236,cpu_stress,productcatalogservice,2026-06-09 16:25:00,2026-06-09 16:40:00,during_fault,5.717995,1
2026-06-09 16:38:45,1125,EXP_FAULT_05,RUN_05,cpu_stress,1,checkoutservice,checkout-f05-01,online-boutique,node-b,0.4333,35.8525,0,116.2288,0.003841,58.062,39.8704,119.181,162.0524,242.5388,110.2207,115.7824,0.1686,0.2779,128895.9477,95414.8461,cpu_stress,productcatalogservice,2026-06-09 16:25:00,2026-06-09 16:40:00,during_fault,3.9313354,1
2026-06-09 16:38:50,1130,EXP_FAULT_05,RUN_05,cpu_stress,1,checkoutservice,checkout-f05-01,online-boutique,node-b,0.442,36.4967,0,121.2282,0.003312,60.456,42.1598,119.497,170.7932,228.688,115.0912,120.8267,0.1254,0.2761,108432.1382,87690.4154,cpu_stress,productcatalogservice,2026-06-09 16:25:00,2026-06-09 16:40:00,during_fault,4.7381124,1
2026-06-09 16:38:55,1135,EXP_FAULT_05,RUN_05,cpu_stress,1,checkoutservice,checkout-f05-01,online-boutique,node-b,0.4089,36.3022,0,119.8996,0.003871,57.4156,39.7716,102.5712,152.3969,251.7449,113.9526,119.4355,0.1579,0.3062,124140.7649,120436.4609,cpu_stress,productcatalogservice,2026-06-09 16:25:00,2026-06-09 16:40:00,during_fault,3.8508544,1
2026-06-09 16:39:00,1140,EXP_FAULT_05,RUN_05,cpu_stress,1,checkoutservice,checkout-f05-01,online-boutique,node-b,0.4273,35.7654,0,117.2955,0.002597,61.8412,43.5842,122.7134,160.583,254.9618,111.7337,116.9909,0.042,0.2626,117354.6825,90651.7615,cpu_stress,productcatalogservice,2026-06-09 16:25:00,2026-06-09 16:40:00,during_fault,6.7229896,1
2026-06-09 16:39:05,1145,EXP_FAULT_05,RUN_05,cpu_stress,1,checkoutservice,checkout-f05-01,online-boutique,node-b,0.4415,35.7163,0,118.9586,0.00324,59.5569,40.357,107.0675,165.6614,252.1833,113.4451,118.5731,0.1151,0.2704,112079.7362,117901.4923,cpu_stress,productcatalogservice,2026-06-09 16:25:00,2026-06-09 16:40:00,during_fault,4.3905153,1
2026-06-09 16:39:10,1150,EXP_FAULT_05,RUN_05,cpu_stress,1,checkoutservice,checkout-f05-01,online-boutique,node-b,0.3973,35.5459,0,117.3213,0.003731,60.6468,46.1433,114.9914,149.474,259.5982,112.0342,116.8836,0.1807,0.257,143010.265,88790.5788,cpu_stress,productcatalogservice,2026-06-09 16:25:00,2026-06-09 16:40:00,during_fault,7.175718,1
2026-06-09 16:39:15,1155,EXP_FAULT_05,RUN_05,cpu_stress,1,checkoutservice,checkout-f05-01,online-boutique,node-b,0.4444,35.6716,0,123.2939,0.003699,63.2582,47.6254,114.9472,170.151,228.6479,117.9835,122.8378,0.1972,0.2589,121777.4192,101292.9203,cpu_stress,productcatalogservice,2026-06-09 16:25:00,2026-06-09 16:40:00,during_fault,6.437716,1
2026-06-09 16:39:20,1160,EXP_FAULT_05,RUN_05,cpu_stress,1,checkoutservice,checkout-f05-01,online-boutique,node-b,0.459,36.6164,0,120.7148,0.002546,60.3228,45.0293,111.5948,156.1296,231.0054,115.7537,120.4075,0.0515,0.2558,147536.0699,117334.058,cpu_stress,productcatalogservice,2026-06-09 16:25:00,2026-06-09 16:40:00,during_fault,4.50978,1
2026-06-09 16:39:25,1165,EXP_FAULT_05,RUN_05,cpu_stress,1,checkoutservice,checkout-f05-01,online-boutique,node-b,0.4451,36.9517,0,118.6146,0.002503,58.6978,39.9977,102.224,157.3675,248.8949,113.9011,118.3177,0.0634,0.2335,149849.1336,112560.1892,cpu_stress,productcatalogservice,2026-06-09 16:25:00,2026-06-09 16:40:00,during_fault,3.8769004,1
2026-06-09 16:39:30,1170,EXP_FAULT_05,RUN_05,cpu_stress,1,checkoutservice,checkout-f05-01,online-boutique,node-b,0.4417,36.7001,0,118.08,0.003012,62.8453,42.7516,121.8641,152.0764,261.2326,113.5396,117.7243,0.1354,0.2202,148564.0293,110685.1256,cpu_stress,productcatalogservice,2026-06-09 16:25:00,2026-06-09 16:40:00,during_fault,6.896528,1
2026-06-09 16:39:35,1175,EXP_FAULT_05,RUN_05,cpu_stress,1,checkoutservice,checkout-f05-01,online-boutique,node-b,0.4534,36.0639,0,120.6112,0.002562,57.7018,41.5575,98.3439,147.9549,199.8384,116.1932,120.3022,0.0735,0.2355,132090.5391,119057.4158,cpu_stress,productcatalogservice,2026-06-09 16:25:00,2026-06-09 16:40:00,during_fault,3.0043485,1
2026-06-09 16:39:40,1180,EXP_FAULT_05,RUN_05,cpu_stress,1,checkoutservice,checkout-f05-01,online-boutique,node-b,0.4309,36.9656,0,111.2862,0.002612,55.8163,37.8588,97.0831,143.8541,194.7767,107.3603,110.9954,0.0807,0.21,133270.7398,106264.1217,cpu_stress,productcatalogservice,2026-06-09 16:25:00,2026-06-09 16:40:00,during_fault,3.0681903,1
2026-06-09 16:39:45,1185,EXP_FAULT_05,RUN_05,cpu_stress,1,checkoutservice,checkout-f05-01,online-boutique,node-b,0.4235,36.4894,0,117.548,0.002309,56.3386,43.7358,106.9828,140.2218,195.2328,113.5909,117.2766,0.0773,0.1941,96560.7208,111201.8978,cpu_stress,productcatalogservice,2026-06-09 16:25:00,2026-06-09 16:40:00,during_fault,3.0482144,1
2026-06-09 16:39:50,1190,EXP_FAULT_05,RUN_05,cpu_stress,1,checkoutservice,checkout-f05-01,online-boutique,node-b,0.4267,36.4314,0,115.2751,0.002018,55.4741,39.863,104.3228,133.2296,204.7555,111.546,115.0425,0.0575,0.1751,127598.7055,87820.0317,cpu_stress,productcatalogservice,2026-06-09 16:25:00,2026-06-09 16:40:00,during_fault,2.6896038,1
2026-06-09 16:39:55,1195,EXP_FAULT_05,RUN_05,cpu_stress,1,checkoutservice,checkout-f05-01,online-boutique,node-b,0.4338,36.3333,0,112.8085,0.002869,53.2841,36.509,101.3107,122.6729,182.1606,109.242,112.4848,0.1365,0.1872,95465.9082,107459.016,cpu_stress,productcatalogservice,2026-06-09 16:25:00,2026-06-09 16:40:00,during_fault,1.8169162,1
2026-06-09 16:40:00,1200,EXP_FAULT_05,RUN_05,cpu_stress,1,checkoutservice,checkout-f05-01,online-boutique,node-b,0.3952,36.3353,0,113.4298,0.002906,53.449,37.1351,96.5457,134.0787,207.079,109.9137,113.1002,0.1419,0.1877,128522.9583,94093.4246,cpu_stress,productcatalogservice,2026-06-09 16:25:00,2026-06-09 16:40:00,post_fault,2.3050447,1
2026-06-09 16:40:05,1205,EXP_FAULT_05,RUN_05,cpu_stress,1,checkoutservice,checkout-f05-01,online-boutique,node-b,0.4067,36.4719,0,112.1325,0.002309,56.5795,40.6542,103.9501,129.7124,196.2132,108.7407,111.8736,0.1036,0.1553,137142.5569,92392.3393,cpu_stress,productcatalogservice,2026-06-09 16:25:00,2026-06-09 16:40:00,post_fault,4.066676,1
2026-06-09 16:40:10,1210,EXP_FAULT_05,RUN_05,cpu_stress,1,checkoutservice,checkout-f05-01,online-boutique,node-b,0.4198,36.3988,0,115.6083,0.002864,51.4506,35.886,93.9187,124.4685,183.4579,112.108,115.2772,0.1549,0.1761,106620.4292,92783.5719,cpu_stress,productcatalogservice,2026-06-09 16:25:00,2026-06-09 16:40:00,post_fault,1.0045971,1
2026-06-09 16:40:15,1215,EXP_FAULT_05,RUN_05,cpu_stress,1,checkoutservice,checkout-f05-01,online-boutique,node-b,0.4233,35.9427,0,109.095,0.002277,54.3147,41.5617,93.9024,126.9385,186.2113,105.8845,108.8467,0.0946,0.1538,134590.9289,79303.8892,cpu_stress,productcatalogservice,2026-06-09 16:25:00,2026-06-09 16:40:00,post_fault,2.4830003,1
2026-06-09 16:40:20,1220,EXP_FAULT_05,RUN_05,cpu_stress,1,checkoutservice,checkout-f05-01,online-boutique,node-b,0.4294,36.398,0,111.7506,0.002801,54.2485,37.2242,97.3365,126.0958,199.8411,108.4699,111.4376,0.1294,0.1837,122465.5261,77866.3253,cpu_stress,productcatalogservice,2026-06-09 16:25:00,2026-06-09 16:40:00,post_fault,2.323848,1
2026-06-09 16:40:25,1225,EXP_FAULT_05,RUN_05,cpu_stress,1,checkoutservice,checkout-f05-01,online-boutique,node-b,0.4091,36.2418,0,112.5609,0.002688,53.8171,38.403,102.9506,120.9234,206.7176,109.3226,112.2583,0.1262,0.1763,97456.1762,112744.0485,cpu_stress,productcatalogservice,2026-06-09 16:25:00,2026-06-09 16:40:00,post_fault,2.2241817,1
2026-06-09 16:40:30,1230,EXP_FAULT_05,RUN_05,cpu_stress,1,checkoutservice,checkout-f05-01,online-boutique,node-b,0.4315,36.513,0,107.2132,0.00199,54.2713,37.0136,94.3681,131.6459,211.482,104.1918,106.9999,0.0498,0.1635,92100.4504,94840.539,cpu_stress,productcatalogservice,2026-06-09 16:25:00,2026-06-09 16:40:00,post_fault,2.595547,1
2026-06-09 16:40:35,1235,EXP_FAULT_05,RUN_05,cpu_stress,1,checkoutservice,checkout-f05-01,online-boutique,node-b,0.4084,35.9473,0,106.8972,0.00292,57.743,41.7726,105.3884,138.4161,217.6339,103.877,106.5851,0.143,0.1692,115969.9833,85842.8156,cpu_stress,productcatalogservice,2026-06-09 16:25:00,2026-06-09 16:40:00,post_fault,5.2567267,1
2026-06-09 16:40:40,1240,EXP_FAULT_05,RUN_05,cpu_stress,1,checkoutservice,checkout-f05-01,online-boutique,node-b,0.4084,36.4221,0,109.3929,0.0029,53.2489,38.4493,90.8852,126.9457,203.444,106.3026,109.0757,0.152,0.1653,120312.0655,95090.531,cpu_stress,productcatalogservice,2026-06-09 16:25:00,2026-06-09 16:40:00,post_fault,2.1510193,1
2026-06-09 16:40:45,1245,EXP_FAULT_05,RUN_05,cpu_stress,1,checkoutservice,checkout-f05-01,online-boutique,node-b,0.4048,36.7094,0,108.4953,0.002701,53.6351,36.8571,87.8133,119.3472,183.8949,105.5006,108.2022,0.1264,0.1667,115487.5899,94525.6142,cpu_stress,productcatalogservice,2026-06-09 16:25:00,2026-06-09 16:40:00,post_fault,2.4651885,1
2026-06-09 16:40:50,1250,EXP_FAULT_05,RUN_05,cpu_stress,1,checkoutservice,checkout-f05-01,online-boutique,node-b,0.4328,36.6697,0,107.9505,0.002688,52.7986,37.9382,93.6222,126.9046,191.087,105.0203,107.6603,0.1335,0.1567,134685.3423,73137.5693,cpu_stress,productcatalogservice,2026-06-09 16:25:00,2026-06-09 16:40:00,post_fault,2.031463,1
2026-06-09 16:40:55,1255,EXP_FAULT_05,RUN_05,cpu_stress,1,checkoutservice,checkout-f05-01,online-boutique,node-b,0.4262,37.2915,0,111.0527,0.001844,51.9908,37.8666,95.9517,115.8663,172.6653,108.1252,110.8478,0.0652,0.1396,124627.1295,92768.782,cpu_stress,productcatalogservice,2026-06-09 16:25:00,2026-06-09 16:40:00,post_fault,1.2908955,1
2026-06-09 16:41:00,1260,EXP_FAULT_05,RUN_05,cpu_stress,1,checkoutservice,checkout-f05-01,online-boutique,node-b,0.443,36.8303,0,112.2403,0.002574,55.9328,42.9509,99.6861,126.2692,207.328,109.2787,111.9514,0.1397,0.1491,117690.5538,85430.5621,cpu_stress,productcatalogservice,2026-06-09 16:25:00,2026-06-09 16:40:00,post_fault,2.9772942,1
2026-06-09 16:41:05,1265,EXP_FAULT_05,RUN_05,cpu_stress,1,checkoutservice,checkout-f05-01,online-boutique,node-b,0.429,36.8838,0,109.9361,0.002544,56.3804,39.6364,95.3659,134.8487,189.7427,107.0656,109.6564,0.1516,0.1281,125048.0682,103682.135,cpu_stress,productcatalogservice,2026-06-09 16:25:00,2026-06-09 16:40:00,post_fault,3.5514362,1
2026-06-09 16:41:10,1270,EXP_FAULT_05,RUN_05,cpu_stress,1,checkoutservice,checkout-f05-01,online-boutique,node-b,0.4527,36.4483,0,111.9955,0.002204,51.7751,38.9549,85.6954,126.7823,174.7442,109.1364,111.7487,0.1154,0.1314,132643.9957,116383.8349,cpu_stress,productcatalogservice,2026-06-09 16:25:00,2026-06-09 16:40:00,post_fault,1.478637,1
2026-06-09 16:41:15,1275,EXP_FAULT_05,RUN_05,cpu_stress,1,checkoutservice,checkout-f05-01,online-boutique,node-b,0.4416,37.2086,0,111.2455,0.002425,51.8413,35.5484,94.0149,120.5352,165.8467,108.4124,110.9758,0.1366,0.1332,119252.6826,88518.5735,cpu_stress,productcatalogservice,2026-06-09 16:25:00,2026-06-09 16:40:00,post_fault,1.40614,1
2026-06-09 16:41:20,1280,EXP_FAULT_05,RUN_05,cpu_stress,1,checkoutservice,checkout-f05-01,online-boutique,node-b,0.4176,36.5799,0,115.8789,0.001791,54.81,37.7273,103.2997,122.6986,178.8162,113.0205,115.6714,0.0406,0.1669,103867.3579,119914.7542,cpu_stress,productcatalogservice,2026-06-09 16:25:00,2026-06-09 16:40:00,post_fault,2.4520087,1
2026-06-09 16:41:25,1285,EXP_FAULT_05,RUN_05,cpu_stress,1,checkoutservice,checkout-f05-01,online-boutique,node-b,0.3951,36.6633,0,114.7912,0.002652,55.4811,38.1253,96.1642,127.9952,190.7536,111.9592,114.4868,0.1728,0.1316,144240.9853,105506.1948,cpu_stress,productcatalogservice,2026-06-09 16:25:00,2026-06-09 16:40:00,post_fault,3.5904686,1
2026-06-09 16:41:30,1290,EXP_FAULT_05,RUN_05,cpu_stress,1,checkoutservice,checkout-f05-01,online-boutique,node-b,0.4328,36.7337,0,117.5954,0.002211,51.5427,39.7355,95.7278,115.8136,181.8235,114.7554,117.3354,0.1186,0.1415,144660.2476,91599.0922,cpu_stress,productcatalogservice,2026-06-09 16:25:00,2026-06-09 16:40:00,post_fault,0.8685504,0
2026-06-09 16:41:35,1295,EXP_FAULT_05,RUN_05,cpu_stress,1,checkoutservice,checkout-f05-01,online-boutique,node-b,0.4347,36.7382,0,112.6398,0.002651,51.3278,39.3091,84.5366,124.0137,182.131,109.9294,112.3412,0.1635,0.1351,133822.3149,79145.1381,cpu_stress,productcatalogservice,2026-06-09 16:25:00,2026-06-09 16:40:00,post_fault,1.1664863,1
2026-06-09 16:41:40,1300,EXP_FAULT_05,RUN_05,cpu_stress,1,checkoutservice,checkout-f05-01,online-boutique,node-b,0.4259,36.4929,0,114.9384,0.002569,53.0999,41.765,89.7862,120.2851,184.1965,112.2359,114.6431,0.148,0.1473,99270.7617,101834.4136,cpu_stress,productcatalogservice,2026-06-09 16:25:00,2026-06-09 16:40:00,post_fault,1.6183027,1
2026-06-09 16:41:45,1305,EXP_FAULT_05,RUN_05,cpu_stress,1,checkoutservice,checkout-f05-01,online-boutique,node-b,0.4397,36.5053,0,118.6791,0.002258,50.4287,37.2057,87.0595,110.7909,184.062,115.8955,118.4111,0.138,0.13,114414.4437,111001.1883,cpu_stress,productcatalogservice,2026-06-09 16:25:00,2026-06-09 16:40:00,post_fault,0.5629569,0
2026-06-09 16:41:50,1310,EXP_FAULT_05,RUN_05,cpu_stress,1,checkoutservice,checkout-f05-01,online-boutique,node-b,0.4223,37.0243,0,114.8157,0.002846,51.7172,35.9524,95.0236,109.3892,178.5422,112.1314,114.4889,0.1712,0.1555,135848.7845,113348.0322,cpu_stress,productcatalogservice,2026-06-09 16:25:00,2026-06-09 16:40:00,post_fault,1.1645888,1
2026-06-09 16:41:55,1315,EXP_FAULT_05,RUN_05,cpu_stress,1,checkoutservice,checkout-f05-01,online-boutique,node-b,0.4165,36.7064,0,119.9704,0.001935,52.9576,37.8835,91.092,112.9822,191.4059,117.2845,119.7383,0.0919,0.1402,107568.6275,117586.874,cpu_stress,productcatalogservice,2026-06-09 16:25:00,2026-06-09 16:40:00,post_fault,1.4216957,1
2026-06-09 16:42:00,1320,EXP_FAULT_05,RUN_05,cpu_stress,1,checkoutservice,checkout-f05-01,online-boutique,node-b,0.445,36.8991,0,119.8575,0.002785,53.1113,39.059,87.8311,125.558,170.4248,117.1531,119.5237,0.1845,0.1493,105257.0935,98528.0709,cpu_stress,productcatalogservice,2026-06-09 16:25:00,2026-06-09 16:40:00,post_fault,1.1815209,1
2026-06-09 16:42:05,1325,EXP_FAULT_05,RUN_05,cpu_stress,1,checkoutservice,checkout-f05-01,online-boutique,node-b,0.4364,36.0891,0,121.1362,0.002329,52.4584,37.8634,89.1615,123.1102,177.5304,118.4581,120.8541,0.1478,0.1343,145955.5751,122934.7383,cpu_stress,productcatalogservice,2026-06-09 16:25:00,2026-06-09 16:40:00,post_fault,0.94497204,1
2026-06-09 16:42:10,1330,EXP_FAULT_05,RUN_05,cpu_stress,1,checkoutservice,checkout-f05-01,online-boutique,node-b,0.4591,36.1723,0,123.4383,0.002563,52.6436,38.279,93.9195,126.1346,190.358,120.7435,123.1219,0.1662,0.1501,133184.3011,83303.2941,cpu_stress,productcatalogservice,2026-06-09 16:25:00,2026-06-09 16:40:00,post_fault,0.9309708,1
2026-06-09 16:42:15,1335,EXP_FAULT_05,RUN_05,cpu_stress,1,checkoutservice,checkout-f05-01,online-boutique,node-b,0.421,36.6753,0,120.222,0.001861,53.8676,37.3711,88.0887,114.7374,197.1602,117.6501,119.9983,0.0955,0.1282,147187.1411,93976.6508,cpu_stress,productcatalogservice,2026-06-09 16:25:00,2026-06-09 16:40:00,post_fault,1.7465019,1
2026-06-09 16:42:20,1340,EXP_FAULT_05,RUN_05,cpu_stress,1,checkoutservice,checkout-f05-01,online-boutique,node-b,0.4615,36.2316,0,122.9714,0.001572,53.116,41.8977,93.158,115.2029,172.4012,120.3925,122.7781,0.078,0.1153,118894.2275,97428.0326,cpu_stress,productcatalogservice,2026-06-09 16:25:00,2026-06-09 16:40:00,post_fault,1.0578599,1
2026-06-09 16:42:25,1345,EXP_FAULT_05,RUN_05,cpu_stress,1,checkoutservice,checkout-f05-01,online-boutique,node-b,0.411,36.8548,0,118.706,0.001635,56.8407,39.1023,103.606,119.2293,171.989,116.2738,118.5119,0.0817,0.1124,113496.7426,90901.64,cpu_stress,productcatalogservice,2026-06-09 16:25:00,2026-06-09 16:40:00,post_fault,3.7513874,1
2026-06-09 16:42:30,1350,EXP_FAULT_05,RUN_05,cpu_stress,1,checkoutservice,checkout-f05-01,online-boutique,node-b,0.4244,36.9339,0,119.3075,0.002235,51.0294,37.9582,93.9524,111.8653,183.8357,116.8369,119.0408,0.1544,0.1122,103911.9279,85272.6535,cpu_stress,productcatalogservice,2026-06-09 16:25:00,2026-06-09 16:40:00,post_fault,0.6902461,0
2026-06-09 16:42:35,1355,EXP_FAULT_05,RUN_05,cpu_stress,1,checkoutservice,checkout-f05-01,online-boutique,node-b,0.4287,36.7048,0,119.1549,0.002549,49.2679,33.4709,82.7219,103.7175,149.8505,116.7158,118.8512,0.188,0.1158,110017.3403,96147.7795,cpu_stress,productcatalogservice,2026-06-09 16:25:00,2026-06-09 16:40:00,post_fault,0.33037716,0
2026-06-09 16:42:40,1360,EXP_FAULT_05,RUN_05,cpu_stress,1,checkoutservice,checkout-f05-01,online-boutique,node-b,0.4259,36.4475,0,125.3377,0.001636,49.1568,36.138,91.0546,118.5164,169.6987,122.8654,125.1327,0.0885,0.1165,160030.116,127211.5518,cpu_stress,productcatalogservice,2026-06-09 16:25:00,2026-06-09 16:40:00,post_fault,0.12057845,0
2026-06-09 16:42:45,1365,EXP_FAULT_05,RUN_05,cpu_stress,1,checkoutservice,checkout-f05-01,online-boutique,node-b,0.4656,36.1992,0,119.6184,0.002612,53.2742,39.611,90.8607,118.2515,175.1271,117.2086,119.3059,0.1889,0.1236,140213.9093,108488.1192,cpu_stress,productcatalogservice,2026-06-09 16:25:00,2026-06-09 16:40:00,post_fault,1.509033,1
2026-06-09 16:42:50,1370,EXP_FAULT_05,RUN_05,cpu_stress,1,checkoutservice,checkout-f05-01,online-boutique,node-b,0.434,36.2871,0,122.7993,0.002059,55.4798,39.0664,93.5089,117.56,179.9562,120.3747,122.5465,0.1049,0.1479,135214.2403,124322.1297,cpu_stress,productcatalogservice,2026-06-09 16:25:00,2026-06-09 16:40:00,post_fault,2.035266,1
2026-06-09 16:42:55,1375,EXP_FAULT_05,RUN_05,cpu_stress,1,checkoutservice,checkout-f05-01,online-boutique,node-b,0.4442,35.9871,0,122.0266,0.001408,52.9796,41.4861,89.3699,112.3422,158.6283,119.7217,121.8548,0.0333,0.1385,150895.3824,96869.8807,cpu_stress,productcatalogservice,2026-06-09 16:25:00,2026-06-09 16:40:00,post_fault,1.0240036,1
2026-06-09 16:43:00,1380,EXP_FAULT_05,RUN_05,cpu_stress,1,checkoutservice,checkout-f05-01,online-boutique,node-b,0.4335,36.8402,0,120.0841,0.002241,53.9633,42.2965,98.5873,113.4832,190.943,117.7944,119.8151,0.1656,0.1035,148934.8459,109089.7879,cpu_stress,productcatalogservice,2026-06-09 16:25:00,2026-06-09 16:40:00,post_fault,1.5041599,1
2026-06-09 16:43:05,1385,EXP_FAULT_05,RUN_05,cpu_stress,1,checkoutservice,checkout-f05-01,online-boutique,node-b,0.451,36.4024,0,121.8987,0.001921,49.2865,36.8294,82.4495,110.137,147.8772,119.6403,121.6645,0.0951,0.1391,122637.7547,118836.2605,cpu_stress,productcatalogservice,2026-06-09 16:25:00,2026-06-09 16:40:00,post_fault,0.34153742,0
2026-06-09 16:43:10,1390,EXP_FAULT_05,RUN_05,cpu_stress,1,checkoutservice,checkout-f05-01,online-boutique,node-b,0.4561,36.3592,0,121.0594,0.002434,50.8008,35.239,86.2199,110.5834,163.2341,118.7736,120.7648,0.1693,0.1253,144487.2395,92823.9131,cpu_stress,productcatalogservice,2026-06-09 16:25:00,2026-06-09 16:40:00,post_fault,0.6946978,0
2026-06-09 16:43:15,1395,EXP_FAULT_05,RUN_05,cpu_stress,1,checkoutservice,checkout-f05-01,online-boutique,node-b,0.4528,36.3219,0,117.6256,0.002459,51.847,35.2761,89.6684,117.5789,158.806,115.4165,117.3364,0.1761,0.1131,99650.601,88117.2591,cpu_stress,productcatalogservice,2026-06-09 16:25:00,2026-06-09 16:40:00,post_fault,1.0720508,1
2026-06-09 16:43:20,1400,EXP_FAULT_05,RUN_05,cpu_stress,1,checkoutservice,checkout-f05-01,online-boutique,node-b,0.4421,36.3555,0,121.5785,0.001994,56.388,39.2843,101.6093,121.1777,194.4272,119.3724,121.3362,0.1194,0.123,148225.5357,103111.8532,cpu_stress,productcatalogservice,2026-06-09 16:25:00,2026-06-09 16:40:00,post_fault,2.3673673,1
2026-06-09 16:43:25,1405,EXP_FAULT_05,RUN_05,cpu_stress,1,checkoutservice,checkout-f05-01,online-boutique,node-b,0.4298,36.5042,0,116.2281,0.001357,48.857,33.7713,82.4068,99.463,170.4326,114.2072,116.0704,0.0574,0.1002,98240.9356,87238.2118,cpu_stress,productcatalogservice,2026-06-09 16:25:00,2026-06-09 16:40:00,post_fault,0.23707962,0
2026-06-09 16:43:30,1410,EXP_FAULT_05,RUN_05,cpu_stress,1,checkoutservice,checkout-f05-01,online-boutique,node-b,0.4317,36.9441,0,122.8845,0.00143,52.2549,39.0026,92.733,109.1504,160.7778,120.7728,122.7087,0.08,0.0957,145586.98,116136.1774,cpu_stress,productcatalogservice,2026-06-09 16:25:00,2026-06-09 16:40:00,post_fault,0.8246623,0
2026-06-09 16:43:35,1415,EXP_FAULT_05,RUN_05,cpu_stress,1,checkoutservice,checkout-f05-01,online-boutique,node-b,0.4542,36.5798,0,116.9011,0.001946,52.1221,41.0503,87.2813,123.3619,152.4748,114.8686,116.6737,0.1093,0.1181,137546.2017,106815.8367,cpu_stress,productcatalogservice,2026-06-09 16:25:00,2026-06-09 16:40:00,post_fault,1.153352,1
2026-06-09 16:43:40,1420,EXP_FAULT_05,RUN_05,cpu_stress,1,checkoutservice,checkout-f05-01,online-boutique,node-b,0.4224,36.0104,0,116.177,0.002344,55.1933,42.4058,91.1233,127.5926,171.7446,114.1559,115.9046,0.1779,0.0945,95371.7995,100145.857,cpu_stress,productcatalogservice,2026-06-09 16:25:00,2026-06-09 16:40:00,post_fault,2.5599737,1
2026-06-09 16:43:45,1425,EXP_FAULT_05,RUN_05,cpu_stress,1,checkoutservice,checkout-f05-01,online-boutique,node-b,0.4312,36.5195,0,119.4576,0.002239,54.023,42.0141,89.6245,117.6257,185.0048,117.4001,119.1902,0.1588,0.1086,111413.062,94024.69,cpu_stress,productcatalogservice,2026-06-09 16:25:00,2026-06-09 16:40:00,post_fault,1.6226895,1
2026-06-09 16:43:50,1430,EXP_FAULT_05,RUN_05,cpu_stress,1,checkoutservice,checkout-f05-01,online-boutique,node-b,0.4249,37.45,0,121.7804,0.002548,50.3605,37.5892,86.8961,118.4838,167.4933,119.7484,121.4701,0.1894,0.1209,114739.6758,90314.0671,cpu_stress,productcatalogservice,2026-06-09 16:25:00,2026-06-09 16:40:00,post_fault,0.42566785,0
2026-06-09 16:43:55,1435,EXP_FAULT_05,RUN_05,cpu_stress,1,checkoutservice,checkout-f05-01,online-boutique,node-b,0.4402,37.2757,0,118.3357,0.001281,51.5001,39.2897,89.9136,109.9029,172.2167,116.448,118.1841,0.0434,0.1082,103461.3279,109184.2992,cpu_stress,productcatalogservice,2026-06-09 16:25:00,2026-06-09 16:40:00,post_fault,0.7722875,0
2026-06-09 16:44:00,1440,EXP_FAULT_05,RUN_05,cpu_stress,1,checkoutservice,checkout-f05-01,online-boutique,node-b,0.4137,36.1369,0,117.4421,0.002256,47.8838,37.1188,82.1074,108.5985,165.1937,115.5301,117.1772,0.1583,0.1066,145152.6377,82333.1034,cpu_stress,productcatalogservice,2026-06-09 16:25:00,2026-06-09 16:40:00,post_fault,0.12186315,0
2026-06-09 16:44:05,1445,EXP_FAULT_05,RUN_05,cpu_stress,1,checkoutservice,checkout-f05-01,online-boutique,node-b,0.4225,36.4655,0,125.1206,0.002092,51.0415,34.8756,91.5701,104.4624,154.8538,123.142,124.8589,0.1395,0.1222,146578.935,118059.8122,cpu_stress,productcatalogservice,2026-06-09 16:25:00,2026-06-09 16:40:00,post_fault,0.54593503,0
2026-06-09 16:44:10,1450,EXP_FAULT_05,RUN_05,cpu_stress,1,checkoutservice,checkout-f05-01,online-boutique,node-b,0.4223,36.6471,0,122.102,0.002193,50.0515,37.4455,81.5365,100.1648,149.1787,120.1425,121.8343,0.17,0.0977,138686.8066,110555.6745,cpu_stress,productcatalogservice,2026-06-09 16:25:00,2026-06-09 16:40:00,post_fault,0.36701593,0
2026-06-09 16:44:15,1455,EXP_FAULT_05,RUN_05,cpu_stress,1,checkoutservice,checkout-f05-01,online-boutique,node-b,0.4249,35.9007,0,121.1077,0.002329,48.1819,36.7361,76.6601,98.9245,139.7862,119.1592,120.8256,0.1633,0.1187,118209.0597,109886.5778,cpu_stress,productcatalogservice,2026-06-09 16:25:00,2026-06-09 16:40:00,post_fault,0.104419015,0
2026-06-09 16:44:20,1460,EXP_FAULT_05,RUN_05,cpu_stress,1,checkoutservice,checkout-f05-01,online-boutique,node-b,0.45,36.4141,0,125.2578,0.001649,51.721,39.2574,84.8307,104.3231,157.6501,123.3693,125.0512,0.12,0.0866,115382.0997,86367.6529,cpu_stress,productcatalogservice,2026-06-09 16:25:00,2026-06-09 16:40:00,post_fault,0.5168751,0
2026-06-09 16:44:25,1465,EXP_FAULT_05,RUN_05,cpu_stress,1,checkoutservice,checkout-f05-01,online-boutique,node-b,0.437,36.9552,0,126.3477,0.001238,55.4976,40.6267,96.5955,118.4997,189.4594,124.475,126.1913,0.0718,0.0847,160970.6795,106563.8547,cpu_stress,productcatalogservice,2026-06-09 16:25:00,2026-06-09 16:40:00,post_fault,1.7347788,1
2026-06-09 16:44:30,1470,EXP_FAULT_05,RUN_05,cpu_stress,1,checkoutservice,checkout-f05-01,online-boutique,node-b,0.4385,36.9275,0,127.4624,0.001206,51.9913,40.3988,80.8824,115.2769,148.9156,125.6062,127.3087,0.0503,0.1034,111486.1834,123053.79,cpu_stress,productcatalogservice,2026-06-09 16:25:00,2026-06-09 16:40:00,post_fault,0.5269683,0
2026-06-09 16:44:35,1475,EXP_FAULT_05,RUN_05,cpu_stress,1,checkoutservice,checkout-f05-01,online-boutique,node-b,0.421,36.9163,0,125.8974,0.001265,53.2213,38.6931,85.1915,115.6807,177.0158,124.071,125.7381,0.065,0.0942,104165.77,85873.021,cpu_stress,productcatalogservice,2026-06-09 16:25:00,2026-06-09 16:40:00,post_fault,1.2913321,1
2026-06-09 16:44:40,1480,EXP_FAULT_05,RUN_05,cpu_stress,1,checkoutservice,checkout-f05-01,online-boutique,node-b,0.4308,36.6843,0,128.777,0.0015,49.1602,34.1064,87.5916,109.8909,149.2542,126.9164,128.5839,0.1021,0.091,146508.6886,111214.6525,cpu_stress,productcatalogservice,2026-06-09 16:25:00,2026-06-09 16:40:00,post_fault,0.08618041,0
2026-06-09 16:44:45,1485,EXP_FAULT_05,RUN_05,cpu_stress,1,checkoutservice,checkout-f05-01,online-boutique,node-b,0.4546,36.3994,0,125.8981,0.00176,55.1777,38.5908,86.6119,122.6019,165.1026,124.0967,125.6766,0.1117,0.1098,112026.4424,124674.1077,cpu_stress,productcatalogservice,2026-06-09 16:25:00,2026-06-09 16:40:00,post_fault,1.4460064,1
2026-06-09 16:44:50,1490,EXP_FAULT_05,RUN_05,cpu_stress,1,checkoutservice,checkout-f05-01,online-boutique,node-b,0.4487,36.6824,0,128.8085,0.001848,50.2743,35.8855,80.836,112.0931,153.912,126.9846,128.5705,0.1419,0.0961,110292.3094,125819.3069,cpu_stress,productcatalogservice,2026-06-09 16:25:00,2026-06-09 16:40:00,post_fault,0.16736606,0
2026-06-09 16:44:55,1495,EXP_FAULT_05,RUN_05,cpu_stress,1,checkoutservice,checkout-f05-01,online-boutique,node-b,0.4391,35.6918,0,132.3118,0.00122,51.8306,37.0371,81.9533,116.3885,153.3812,130.4888,132.1504,0.0379,0.1236,123715.8648,136781.2825,cpu_stress,productcatalogservice,2026-06-09 16:25:00,2026-06-09 16:40:00,post_fault,0.45188752,0
2026-06-09 16:45:00,1500,EXP_FAULT_05,RUN_05,cpu_stress,1,checkoutservice,checkout-f05-01,online-boutique,node-b,0.4424,36.3363,0,133.668,0.002125,54.1192,40.5339,86.9655,117.292,156.9563,131.7717,133.384,0.1803,0.1038,137062.7883,110152.5886,cpu_stress,productcatalogservice,2026-06-09 16:25:00,2026-06-09 16:40:00,post_fault,0.78018075,0
2026-06-09 16:45:05,1505,EXP_FAULT_05,RUN_05,cpu_stress,1,checkoutservice,checkout-f05-01,online-boutique,node-b,0.4469,36.3291,0,132.2753,0.002324,49.9698,36.2534,86.1321,101.0329,166.042,130.395,131.9679,0.2096,0.0978,154479.8643,121940.0768,cpu_stress,productcatalogservice,2026-06-09 16:25:00,2026-06-09 16:40:00,post_fault,0.06319245,0
2026-06-09 16:45:10,1510,EXP_FAULT_05,RUN_05,cpu_stress,1,checkoutservice,checkout-f05-01,online-boutique,node-b,0.4399,36.1525,0,131.6502,0.000995,48.2794,34.2583,80.3552,100.177,137.7481,129.9324,131.5192,0.0495,0.0815,162792.7848,107388.3015,cpu_stress,productcatalogservice,2026-06-09 16:25:00,2026-06-09 16:40:00,post_fault,0.004907795,0
2026-06-09 16:45:15,1515,EXP_FAULT_05,RUN_05,cpu_stress,1,checkoutservice,checkout-f05-01,online-boutique,node-b,0.4873,36.6385,0,135.3957,0.001635,53.8483,42.4917,96.8774,123.0611,152.6088,133.5953,135.1742,0.1157,0.1057,139945.1646,95935.0304,cpu_stress,productcatalogservice,2026-06-09 16:25:00,2026-06-09 16:40:00,post_fault,1.1439347,1
2026-06-09 16:45:20,1520,EXP_FAULT_05,RUN_05,cpu_stress,1,checkoutservice,checkout-f05-01,online-boutique,node-b,0.4524,36.5962,0,131.2065,0.002172,50.1397,35.02,87.7837,106.3078,152.8487,129.4601,130.9214,0.1895,0.0955,148877.0255,131306.1331,cpu_stress,productcatalogservice,2026-06-09 16:25:00,2026-06-09 16:40:00,post_fault,0.124598704,0
2026-06-09 16:45:25,1525,EXP_FAULT_05,RUN_05,cpu_stress,1,checkoutservice,checkout-f05-01,online-boutique,node-b,0.4558,37.3402,0,133.8796,0.001556,51.2167,40.4171,85.0283,111.7073,152.3072,132.1389,133.6713,0.1017,0.1065,155362.7269,87414.1854,cpu_stress,productcatalogservice,2026-06-09 16:25:00,2026-06-09 16:40:00,post_fault,0.2347316,0
2026-06-09 16:45:30,1530,EXP_FAULT_05,RUN_05,cpu_stress,1,checkoutservice,checkout-f05-01,online-boutique,node-b,0.4518,37.0994,0,131.5232,0.001002,53.7098,39.1769,95.3307,118.1267,175.1665,129.8913,131.3915,0.05,0.0817,152434.3744,110302.032,cpu_stress,productcatalogservice,2026-06-09 16:25:00,2026-06-09 16:40:00,post_fault,0.6651602,0
2026-06-09 16:45:35,1535,EXP_FAULT_05,RUN_05,cpu_stress,1,checkoutservice,checkout-f05-01,online-boutique,node-b,0.4117,35.7255,0,135.2123,0.000958,54.4765,39.7321,90.8974,123.5135,175.4853,133.5589,135.0828,0.0504,0.0791,134582.2429,93881.1332,cpu_stress,productcatalogservice,2026-06-09 16:25:00,2026-06-09 16:40:00,post_fault,2.320832,1
2026-06-09 16:45:40,1540,EXP_FAULT_05,RUN_05,cpu_stress,1,checkoutservice,checkout-f05-01,online-boutique,node-b,0.4248,36.5777,0,132.2618,0.001668,52.9728,38.3802,94.5548,103.8273,156.7305,130.6535,132.0411,0.1263,0.0944,146529.086,130198.5338,cpu_stress,productcatalogservice,2026-06-09 16:25:00,2026-06-09 16:40:00,post_fault,0.9578452,1
2026-06-09 16:45:45,1545,EXP_FAULT_05,RUN_05,cpu_stress,1,checkoutservice,checkout-f05-01,online-boutique,node-b,0.4494,36.327,0,132.9458,0.001986,49.9654,38.7669,87.0765,110.1085,151.8127,131.2881,132.6818,0.1608,0.1032,121357.6564,101536.5464,cpu_stress,productcatalogservice,2026-06-09 16:25:00,2026-06-09 16:40:00,post_fault,0.053320188,0
2026-06-09 16:45:50,1550,EXP_FAULT_05,RUN_05,cpu_stress,1,checkoutservice,checkout-f05-01,online-boutique,node-b,0.431,37.8592,0,128.3955,0.002074,53.731,42.2573,91.8557,110.7555,150.3155,126.781,128.1293,0.1919,0.0744,151119.5158,107001.4583,cpu_stress,productcatalogservice,2026-06-09 16:25:00,2026-06-09 16:40:00,post_fault,0.9983452,1
2026-06-09 16:45:55,1555,EXP_FAULT_05,RUN_05,cpu_stress,1,checkoutservice,checkout-f05-01,online-boutique,node-b,0.4312,37.15,0,133.0835,0.002292,52.3814,37.5447,92.2482,116.046,161.1933,131.4979,132.7785,0.1984,0.1067,122553.2011,138175.3381,cpu_stress,productcatalogservice,2026-06-09 16:25:00,2026-06-09 16:40:00,post_fault,0.5157958,0
2026-06-09 16:46:00,1560,EXP_FAULT_05,RUN_05,cpu_stress,1,checkoutservice,checkout-f05-01,online-boutique,node-b,0.4405,36.8983,0,133.9793,0.002112,55.6093,43.9476,94.4168,122.8352,175.5,132.3671,133.6964,0.1772,0.1058,110861.6907,95152.1352,cpu_stress,productcatalogservice,2026-06-09 16:25:00,2026-06-09 16:40:00,post_fault,1.2356117,1
2026-06-09 16:46:05,1565,EXP_FAULT_05,RUN_05,cpu_stress,1,checkoutservice,checkout-f05-01,online-boutique,node-b,0.3859,36.4323,0,126.2032,0.001594,51.6292,38.9602,88.2604,99.8955,167.2049,124.7629,126.0021,0.1161,0.0851,115681.5829,93109.1095,cpu_stress,productcatalogservice,2026-06-09 16:25:00,2026-06-09 16:40:00,post_fault,1.8300629,1
2026-06-09 16:46:10,1570,EXP_FAULT_05,RUN_05,cpu_stress,1,checkoutservice,checkout-f05-01,online-boutique,node-b,0.4528,36.4572,0,129.3195,0.001731,49.3818,36.134,80.2186,106.7865,161.3143,127.8263,129.0956,0.154,0.0698,110743.8355,114197.8131,cpu_stress,productcatalogservice,2026-06-09 16:25:00,2026-06-09 16:40:00,post_fault,0.1075874,0
2026-06-09 16:46:15,1575,EXP_FAULT_05,RUN_05,cpu_stress,1,checkoutservice,checkout-f05-01,online-boutique,node-b,0.4274,35.6357,0,128.3076,0.001456,53.2012,42.5739,82.6112,113.5583,165.5839,126.8795,128.1208,0.0831,0.1037,135243.1105,113247.8901,cpu_stress,productcatalogservice,2026-06-09 16:25:00,2026-06-09 16:40:00,post_fault,1.1450218,1
2026-06-09 16:46:20,1580,EXP_FAULT_05,RUN_05,cpu_stress,1,checkoutservice,checkout-f05-01,online-boutique,node-b,0.45,37.4292,0,129.1236,0.0012,51.7655,36.9182,89.1443,110.5359,165.8081,127.7202,128.9686,0.0651,0.0898,152598.2161,98128.9026,cpu_stress,productcatalogservice,2026-06-09 16:25:00,2026-06-09 16:40:00,post_fault,0.39685792,0
2026-06-09 16:46:25,1585,EXP_FAULT_05,RUN_05,cpu_stress,1,checkoutservice,checkout-f05-01,online-boutique,node-b,0.4323,36.7516,0,126.6051,0.001338,48.6104,35.1688,77.4739,102.6325,159.1888,125.2322,126.4357,0.0754,0.0941,105341.175,118638.9482,cpu_stress,productcatalogservice,2026-06-09 16:25:00,2026-06-09 16:40:00,post_fault,0.03264753,0
2026-06-09 16:46:30,1590,EXP_FAULT_05,RUN_05,cpu_stress,1,checkoutservice,checkout-f05-01,online-boutique,node-b,0.4268,36.2524,0,127.3936,0.001323,48.1123,35.0707,82.2859,103.3816,137.5508,126.0284,127.225,0.1091,0.0595,127862.1008,94797.446,cpu_stress,productcatalogservice,2026-06-09 16:25:00,2026-06-09 16:40:00,post_fault,0.037966855,0
2026-06-09 16:46:35,1595,EXP_FAULT_05,RUN_05,cpu_stress,1,checkoutservice,checkout-f05-01,online-boutique,node-b,0.4427,37.0861,0,121.0393,0.001521,50.4111,40.6023,88.1707,101.8087,153.2527,119.7322,120.8552,0.1222,0.0619,107430.5145,107476.0593,cpu_stress,productcatalogservice,2026-06-09 16:25:00,2026-06-09 16:40:00,post_fault,0.42282826,0
2026-06-09 16:46:40,1600,EXP_FAULT_05,RUN_05,cpu_stress,1,checkoutservice,checkout-f05-01,online-boutique,node-b,0.4443,36.806,0,126.7248,0.000986,46.4792,35.053,77.6849,93.2206,147.9256,125.4239,126.5999,0.0433,0.0816,117184.0449,113327.1132,cpu_stress,productcatalogservice,2026-06-09 16:25:00,2026-06-09 16:40:00,post_fault,0.14095709,0
2026-06-09 16:46:45,1605,EXP_FAULT_05,RUN_05,cpu_stress,1,checkoutservice,checkout-f05-01,online-boutique,node-b,0.4083,36.695,0,126.5646,0.001919,47.881,35.2406,79.8506,97.6239,144.0838,125.192,126.3217,0.1588,0.084,112755.2087,104559.301,cpu_stress,productcatalogservice,2026-06-09 16:25:00,2026-06-09 16:40:00,post_fault,0.20663834,0
2026-06-09 16:46:50,1610,EXP_FAULT_05,RUN_05,cpu_stress,1,checkoutservice,checkout-f05-01,online-boutique,node-b,0.4395,37.3061,0,126.5541,0.001907,50.682,35.31,84.9832,111.2002,153.4986,125.2338,126.3127,0.1778,0.0636,115612.5173,123538.3504,cpu_stress,productcatalogservice,2026-06-09 16:25:00,2026-06-09 16:40:00,post_fault,0.27217665,0
2026-06-09 16:46:55,1615,EXP_FAULT_05,RUN_05,cpu_stress,1,checkoutservice,checkout-f05-01,online-boutique,node-b,0.4602,36.4966,0,127.8187,0.00168,46.953,37.4084,79.5758,96.4639,137.9376,126.5389,127.604,0.1443,0.0704,134478.7912,112823.1756,cpu_stress,productcatalogservice,2026-06-09 16:25:00,2026-06-09 16:40:00,post_fault,0.3490489,0
2026-06-09 16:47:00,1620,EXP_FAULT_05,RUN_05,cpu_stress,1,checkoutservice,checkout-f05-01,online-boutique,node-b,0.435,36.6029,0,131.9122,0.001021,51.0739,36.3958,79.2965,101.3937,146.7616,130.6226,131.7775,0.0702,0.0646,115908.2182,99882.9897,cpu_stress,productcatalogservice,2026-06-09 16:25:00,2026-06-09 16:40:00,post_fault,0.31167725,0
2026-06-09 16:47:05,1625,EXP_FAULT_05,RUN_05,cpu_stress,1,checkoutservice,checkout-f05-01,online-boutique,node-b,0.4786,36.9737,0,126.1804,0.00165,47.8143,36.8127,76.179,97.5895,132.7933,124.9057,125.9722,0.1201,0.0881,104229.8627,127996.0265,cpu_stress,productcatalogservice,2026-06-09 16:25:00,2026-06-09 16:40:00,post_fault,1.1192572,1
2026-06-09 16:47:10,1630,EXP_FAULT_05,RUN_05,cpu_stress,1,checkoutservice,checkout-f05-01,online-boutique,node-b,0.4251,37.1612,0,126.4443,0.001935,49.9196,35.3939,80.4929,99.4014,159.1653,125.1592,126.1997,0.1748,0.0698,154663.4119,93369.4334,cpu_stress,productcatalogservice,2026-06-09 16:25:00,2026-06-09 16:40:00,post_fault,0.27338588,0
2026-06-09 16:47:15,1635,EXP_FAULT_05,RUN_05,cpu_stress,1,checkoutservice,checkout-f05-01,online-boutique,node-b,0.4239,36.0286,0,128.5226,0.002345,52.1877,40.9505,85.4562,105.3324,160.83,127.1792,128.2212,0.205,0.0964,156078.9138,123962.1848,cpu_stress,productcatalogservice,2026-06-09 16:25:00,2026-06-09 16:40:00,post_fault,0.7887107,0
2026-06-09 16:47:20,1640,EXP_FAULT_05,RUN_05,cpu_stress,1,checkoutservice,checkout-f05-01,online-boutique,node-b,0.4488,36.9747,0,125.4111,0.001724,57.1498,41.9757,91.1316,127.1435,181.1217,124.2306,125.195,0.1367,0.0795,131977.8363,103012.8727,cpu_stress,productcatalogservice,2026-06-09 16:25:00,2026-06-09 16:40:00,post_fault,2.3450832,1
2026-06-09 16:47:25,1645,EXP_FAULT_05,RUN_05,cpu_stress,1,checkoutservice,checkout-f05-01,online-boutique,node-b,0.4186,36.6259,0,124.088,0.001439,50.0942,36.5775,84.5772,109.1995,139.0488,122.9353,123.9095,0.1068,0.0718,122104.844,128104.4289,cpu_stress,productcatalogservice,2026-06-09 16:25:00,2026-06-09 16:40:00,post_fault,0.36993918,0
2026-06-09 16:47:30,1650,EXP_FAULT_05,RUN_05,cpu_stress,1,checkoutservice,checkout-f05-01,online-boutique,node-b,0.4308,37.0462,0,127.2423,0.001436,46.5137,32.7062,72.6978,95.6625,143.7256,126.0451,127.0596,0.1028,0.0799,149963.6659,83669.1176,cpu_stress,productcatalogservice,2026-06-09 16:25:00,2026-06-09 16:40:00,post_fault,0.041717563,0
2026-06-09 16:47:35,1655,EXP_FAULT_05,RUN_05,cpu_stress,1,checkoutservice,checkout-f05-01,online-boutique,node-b,0.4429,35.6081,0,128.3464,0.001813,50.025,36.7738,84.7897,100.6684,159.2953,127.1165,128.1136,0.1691,0.0636,106988.1739,101881.2861,cpu_stress,productcatalogservice,2026-06-09 16:25:00,2026-06-09 16:40:00,post_fault,0.17271969,0
2026-06-09 16:47:40,1660,EXP_FAULT_05,RUN_05,cpu_stress,1,checkoutservice,checkout-f05-01,online-boutique,node-b,0.4522,36.6139,0,129.8465,0.002183,52.6993,41.4047,89.4739,99.9975,165.0932,128.6576,129.563,0.2026,0.0809,122310.974,114671.8812,cpu_stress,productcatalogservice,2026-06-09 16:25:00,2026-06-09 16:40:00,post_fault,0.5384547,0
2026-06-09 16:47:45,1665,EXP_FAULT_05,RUN_05,cpu_stress,1,checkoutservice,checkout-f05-01,online-boutique,node-b,0.4301,36.8196,0,131.2803,0.002084,49.3479,37.3306,77.0949,100.1322,153.3437,130.0714,131.0067,0.1842,0.0894,160070.8703,108227.6032,cpu_stress,productcatalogservice,2026-06-09 16:25:00,2026-06-09 16:40:00,post_fault,0.110970415,0
2026-06-09 16:47:50,1670,EXP_FAULT_05,RUN_05,cpu_stress,1,checkoutservice,checkout-f05-01,online-boutique,node-b,0.4644,36.5337,0,129.7578,0.001908,45.8327,36.4821,69.9698,89.0357,129.5864,128.5728,129.5103,0.1822,0.0653,116998.4359,122300.0947,cpu_stress,productcatalogservice,2026-06-09 16:25:00,2026-06-09 16:40:00,post_fault,0.6446602,0
2026-06-09 16:47:55,1675,EXP_FAULT_05,RUN_05,cpu_stress,1,checkoutservice,checkout-f05-01,online-boutique,node-b,0.4235,37.3938,0,132.592,0.002048,50.7807,35.7647,78.8745,106.4694,159.6028,131.3878,132.3204,0.1876,0.084,150671.7239,109271.5625,cpu_stress,productcatalogservice,2026-06-09 16:25:00,2026-06-09 16:40:00,post_fault,0.35764402,0
2026-06-09 16:48:00,1680,EXP_FAULT_05,RUN_05,cpu_stress,1,checkoutservice,checkout-f05-01,online-boutique,node-b,0.4394,36.4814,0,133.0792,0.001022,51.9799,36.5337,83.3163,112.5354,139.1317,131.9735,132.9432,0.0669,0.0691,153419.9748,133591.1746,cpu_stress,productcatalogservice,2026-06-09 16:25:00,2026-06-09 16:40:00,post_fault,0.3774485,0
2026-06-09 16:48:05,1685,EXP_FAULT_05,RUN_05,cpu_stress,1,checkoutservice,checkout-f05-01,online-boutique,node-b,0.4421,36.8326,0,134.2428,0.001033,50.4116,35.8737,87.1945,107.1776,159.2073,133.1468,134.1042,0.05,0.0887,119549.0479,92724.5671,cpu_stress,productcatalogservice,2026-06-09 16:25:00,2026-06-09 16:40:00,post_fault,0.089603916,0
2026-06-09 16:48:10,1690,EXP_FAULT_05,RUN_05,cpu_stress,1,checkoutservice,checkout-f05-01,online-boutique,node-b,0.4416,36.4709,0,131.1503,0.001945,53.2083,39.7302,92.3113,112.1332,159.9862,130.0401,130.8952,0.1998,0.0553,128145.1556,93277.6004,cpu_stress,productcatalogservice,2026-06-09 16:25:00,2026-06-09 16:40:00,post_fault,0.6483485,0
2026-06-09 16:48:15,1695,EXP_FAULT_05,RUN_05,cpu_stress,1,checkoutservice,checkout-f05-01,online-boutique,node-b,0.4455,37.2656,0,131.3879,0.001933,49.6474,35.0303,86.5536,101.255,157.3497,130.2504,131.1339,0.1977,0.0563,155456.6763,119461.3396,cpu_stress,productcatalogservice,2026-06-09 16:25:00,2026-06-09 16:40:00,post_fault,0.06803037,0
2026-06-09 16:48:20,1700,EXP_FAULT_05,RUN_05,cpu_stress,1,checkoutservice,checkout-f05-01,online-boutique,node-b,0.4314,36.8065,0,133.1332,0.001286,51.0567,38.1712,90.2094,96.2975,151.5516,132.0775,132.962,0.0891,0.0821,131882.5748,104204.5375,cpu_stress,productcatalogservice,2026-06-09 16:25:00,2026-06-09 16:40:00,post_fault,0.32748708,0
2026-06-09 16:48:25,1705,EXP_FAULT_05,RUN_05,cpu_stress,1,checkoutservice,checkout-f05-01,online-boutique,node-b,0.4245,36.1836,0,134.6261,0.001215,47.1314,33.2861,72.6397,93.3193,140.2859,133.5796,134.4625,0.0771,0.0864,142654.4102,116626.0726,cpu_stress,productcatalogservice,2026-06-09 16:25:00,2026-06-09 16:40:00,post_fault,0.19281484,0
2026-06-09 16:48:30,1710,EXP_FAULT_05,RUN_05,cpu_stress,1,checkoutservice,checkout-f05-01,online-boutique,node-b,0.4331,36.8558,0,132.8429,0.001008,52.9747,39.597,86.444,99.3516,163.0451,131.8198,132.709,0.0791,0.0549,113163.6522,134393.4446,cpu_stress,productcatalogservice,2026-06-09 16:25:00,2026-06-09 16:40:00,post_fault,0.6610546,0
2026-06-09 16:48:35,1715,EXP_FAULT_05,RUN_05,cpu_stress,1,checkoutservice,checkout-f05-01,online-boutique,node-b,0.4742,36.8571,0,138.4148,0.002033,55.3163,41.7742,92.3093,108.6507,160.7487,137.3053,138.1334,0.1884,0.093,141218.9146,109874.1873,cpu_stress,productcatalogservice,2026-06-09 16:25:00,2026-06-09 16:40:00,post_fault,0.8917694,0
2026-06-09 16:48:40,1720,EXP_FAULT_05,RUN_05,cpu_stress,1,checkoutservice,checkout-f05-01,online-boutique,node-b,0.4372,37.0283,0,135.0695,0.001464,53.3023,37.7465,82.5526,102.846,158.8951,134.0012,134.8717,0.1293,0.0685,168342.2747,132167.3559,cpu_stress,productcatalogservice,2026-06-09 16:25:00,2026-06-09 16:40:00,post_fault,0.5993425,0
2026-06-09 16:48:45,1725,EXP_FAULT_05,RUN_05,cpu_stress,1,checkoutservice,checkout-f05-01,online-boutique,node-b,0.442,37.0521,0,132.1808,0.001512,51.4091,38.7606,78.6984,109.9526,139.4373,131.1507,131.981,0.1263,0.0735,160578.901,118252.0013,cpu_stress,productcatalogservice,2026-06-09 16:25:00,2026-06-09 16:40:00,post_fault,0.24045031,0
2026-06-09 16:48:50,1730,EXP_FAULT_05,RUN_05,cpu_stress,1,checkoutservice,checkout-f05-01,online-boutique,node-b,0.4532,36.7202,0,133.9041,0.001687,52.2951,39.7286,80.9286,99.0764,150.689,132.8617,133.6783,0.1442,0.0817,134196.927,113423.5413,cpu_stress,productcatalogservice,2026-06-09 16:25:00,2026-06-09 16:40:00,post_fault,0.3019113,0
2026-06-09 16:48:55,1735,EXP_FAULT_05,RUN_05,cpu_stress,1,checkoutservice,checkout-f05-01,online-boutique,node-b,0.4503,37.4028,0,131.6218,0.001655,50.46,39.7831,84.4193,99.9453,140.5192,130.6482,131.404,0.1653,0.0525,130778.5059,133804.7443,cpu_stress,productcatalogservice,2026-06-09 16:25:00,2026-06-09 16:40:00,post_fault,0.16651563,0
2026-06-09 16:49:00,1740,EXP_FAULT_05,RUN_05,cpu_stress,1,checkoutservice,checkout-f05-01,online-boutique,node-b,0.4026,36.5442,0,131.9802,0.001659,49.6988,34.5615,80.1287,104.0373,130.267,131.017,131.7613,0.139,0.08,137199.8116,95837.6461,cpu_stress,productcatalogservice,2026-06-09 16:25:00,2026-06-09 16:40:00,post_fault,0.8010748,0
2026-06-09 16:49:05,1745,EXP_FAULT_05,RUN_05,cpu_stress,1,checkoutservice,checkout-f05-01,online-boutique,node-b,0.4356,36.6181,0,133.6998,0.002055,51.6216,40.8299,80.612,109.7984,151.67,132.6585,133.4251,0.2087,0.066,149645.9655,130123.9476,cpu_stress,productcatalogservice,2026-06-09 16:25:00,2026-06-09 16:40:00,post_fault,0.33199444,0
2026-06-09 16:49:10,1750,EXP_FAULT_05,RUN_05,cpu_stress,1,checkoutservice,checkout-f05-01,online-boutique,node-b,0.4384,36.689,0,129.9785,0.001479,46.4148,36.5467,73.257,90.2667,125.737,129.019,129.7863,0.1235,0.0687,162675.5181,127432.0447,cpu_stress,productcatalogservice,2026-06-09 16:25:00,2026-06-09 16:40:00,post_fault,0.09204848,0
2026-06-09 16:49:15,1755,EXP_FAULT_05,RUN_05,cpu_stress,1,checkoutservice,checkout-f05-01,online-boutique,node-b,0.4523,36.6302,0,129.0939,0.001359,50.0232,39.5748,81.0162,96.5064,137.419,128.1456,128.9185,0.1055,0.0698,151823.552,89039.6812,cpu_stress,productcatalogservice,2026-06-09 16:25:00,2026-06-09 16:40:00,post_fault,0.15850028,0
2026-06-09 16:49:20,1760,EXP_FAULT_05,RUN_05,cpu_stress,1,checkoutservice,checkout-f05-01,online-boutique,node-b,0.4366,36.7031,0,123.965,0.001863,51.306,37.1113,80.4766,102.684,139.0462,123.0149,123.734,0.1626,0.0684,114753.0686,83221.3158,cpu_stress,productcatalogservice,2026-06-09 16:25:00,2026-06-09 16:40:00,post_fault,0.49043664,0
2026-06-09 16:49:25,1765,EXP_FAULT_05,RUN_05,cpu_stress,1,checkoutservice,checkout-f05-01,online-boutique,node-b,0.416,36.6442,0,122.9983,0.001851,50.8276,36.416,78.3067,96.3314,158.8797,122.0793,122.7706,0.1622,0.0655,116080.6877,85095.3269,cpu_stress,productcatalogservice,2026-06-09 16:25:00,2026-06-09 16:40:00,post_fault,0.5978754,0
2026-06-09 16:49:30,1770,EXP_FAULT_05,RUN_05,cpu_stress,1,checkoutservice,checkout-f05-01,online-boutique,node-b,0.4222,36.8,0,121.9052,0.001497,50.317,38.5385,78.7714,100.5255,141.1788,121.0096,121.7227,0.1404,0.0421,111774.5843,101350.9103,cpu_stress,productcatalogservice,2026-06-09 16:25:00,2026-06-09 16:40:00,post_fault,0.3948772,0
2026-06-09 16:49:35,1775,EXP_FAULT_05,RUN_05,cpu_stress,1,checkoutservice,checkout-f05-01,online-boutique,node-b,0.4471,37.0392,0,124.0433,0.001564,49.7178,35.5807,80.1055,106.3422,147.2811,123.1149,123.8493,0.1538,0.0402,128820.7876,87339.215,cpu_stress,productcatalogservice,2026-06-09 16:25:00,2026-06-09 16:40:00,post_fault,0.25323683,0
2026-06-09 16:49:40,1780,EXP_FAULT_05,RUN_05,cpu_stress,1,checkoutservice,checkout-f05-01,online-boutique,node-b,0.4158,36.321,0,123.4758,0.001416,48.0177,36.2452,74.757,93.6245,135.6289,122.5732,123.3009,0.1176,0.0573,139686.5202,87685.4359,cpu_stress,productcatalogservice,2026-06-09 16:25:00,2026-06-09 16:40:00,post_fault,0.09697385,0
2026-06-09 16:49:45,1785,EXP_FAULT_05,RUN_05,cpu_stress,1,checkoutservice,checkout-f05-01,online-boutique,node-b,0.4419,36.7047,0,124.7272,0.001709,49.553,39.2148,78.6018,106.4221,145.1358,123.829,124.514,0.1695,0.0437,117190.3415,99165.6842,cpu_stress,productcatalogservice,2026-06-09 16:25:00,2026-06-09 16:40:00,post_fault,0.16372184,0
2026-06-09 16:49:50,1790,EXP_FAULT_05,RUN_05,cpu_stress,1,checkoutservice,checkout-f05-01,online-boutique,node-b,0.4142,36.6159,0,118.9362,0.001275,48.7049,38.369,83.8383,105.4512,142.4078,118.0778,118.7846,0.0806,0.071,125796.8053,110062.7098,cpu_stress,productcatalogservice,2026-06-09 16:25:00,2026-06-09 16:40:00,post_fault,0.21164195,0
2026-06-09 16:49:55,1795,EXP_FAULT_05,RUN_05,cpu_stress,1,checkoutservice,checkout-f05-01,online-boutique,node-b,0.4296,36.1769,0,120.7214,0.00123,49.9509,39.7855,85.4509,100.2634,146.8861,119.8769,120.573,0.0857,0.0628,148997.8557,83010.6807,cpu_stress,productcatalogservice,2026-06-09 16:25:00,2026-06-09 16:40:00,post_fault,0.3124877,0
