timestamp,relative_time_sec,experiment_id,run_id,scenario,label,service,pod,namespace,node,cpu_usage,memory_usage_mb,restart_count,request_rate,error_rate,avg_latency_ms,p50_latency_ms,p90_latency_ms,p95_latency_ms,p99_latency_ms,throughput,http_2xx_rate,http_4xx_rate,http_5xx_rate,network_receive_bytes,network_transmit_bytes,fault_type,fault_service,fault_start_time,fault_end_time,fault_phase,anomaly_score,prediction
2026-06-09 14:00:00,0,EXP_FAULT_01,RUN_01,pod_kill,1,adservice,ad-f01-09,online-boutique,node-a,0.3209,26.8238,0,95.8372,0.001598,32.9353,25.8451,50.3341,58.3089,89.0599,95.7727,95.6841,0.1378,0.0154,120814.4219,90901.5306,pod_kill,coupon-service,2026-06-09 14:05:00,2026-06-09 14:20:00,pre_fault,0.057186555,0
2026-06-09 14:00:05,5,EXP_FAULT_01,RUN_01,pod_kill,1,adservice,ad-f01-09,online-boutique,node-a,0.3147,27.8107,0,95.791,0.001626,33.9872,26.4217,52.7204,66.9096,94.2892,95.6816,95.6352,0.1402,0.0156,119692.2776,73832.0999,pod_kill,coupon-service,2026-06-09 14:05:00,2026-06-09 14:20:00,pre_fault,0.041544333,0
2026-06-09 14:00:10,10,EXP_FAULT_01,RUN_01,pod_kill,1,adservice,ad-f01-09,online-boutique,node-a,0.3373,26.4963,0,95.039,0.001453,34.054,26.117,56.8835,68.0519,95.0426,94.9851,94.9008,0.1209,0.0172,113040.1165,68110.622,pod_kill,coupon-service,2026-06-09 14:05:00,2026-06-09 14:20:00,pre_fault,0.08216055,0
2026-06-09 14:00:15,15,EXP_FAULT_01,RUN_01,pod_kill,1,adservice,ad-f01-09,online-boutique,node-a,0.3105,26.632,0,96.8934,0.000838,32.3768,26.0238,51.5852,56.6827,89.8452,96.8586,96.8122,0.0529,0.0283,79559.1551,78509.3688,pod_kill,coupon-service,2026-06-09 14:05:00,2026-06-09 14:20:00,pre_fault,0.30346403,0
2026-06-09 14:00:20,20,EXP_FAULT_01,RUN_01,pod_kill,1,adservice,ad-f01-09,online-boutique,node-a,0.3158,26.7467,0,94.3489,0.001407,36.296,27.7247,60.2566,73.9586,89.2923,94.2548,94.2162,0.1005,0.0322,97603.8875,69683.2063,pod_kill,coupon-service,2026-06-09 14:05:00,2026-06-09 14:20:00,pre_fault,0.038417093,0
2026-06-09 14:00:25,25,EXP_FAULT_01,RUN_01,pod_kill,1,adservice,ad-f01-09,online-boutique,node-a,0.2968,27.126,0,90.6107,0.000809,31.738,23.5298,52.8394,62.0135,75.2128,90.5635,90.5373,0.0538,0.0195,76619.7465,74991.2058,pod_kill,coupon-service,2026-06-09 14:05:00,2026-06-09 14:20:00,pre_fault,0.2153604,0
2026-06-09 14:00:30,30,EXP_FAULT_01,RUN_01,pod_kill,1,adservice,ad-f01-09,online-boutique,node-a,0.3273,26.8644,0,91.4554,0.000625,31.5353,24.9157,51.5077,56.8489,74.9628,91.4189,91.3983,0.0335,0.0236,77631.4588,91793.562,pod_kill,coupon-service,2026-06-09 14:05:00,2026-06-09 14:20:00,pre_fault,0.0015377419,0
2026-06-09 14:00:35,35,EXP_FAULT_01,RUN_01,pod_kill,1,adservice,ad-f01-09,online-boutique,node-a,0.313,26.886,0,89.253,0.00041,30.9353,21.7741,45.2535,54.9474,83.4171,89.2367,89.2164,0.0332,0.0035,96285.4707,59066.2414,pod_kill,coupon-service,2026-06-09 14:05:00,2026-06-09 14:20:00,pre_fault,0.0680169,0
2026-06-09 14:00:40,40,EXP_FAULT_01,RUN_01,pod_kill,1,adservice,ad-f01-09,online-boutique,node-a,0.3191,27.0021,0,91.2663,0.001072,34.6334,27.7562,51.1783,65.8191,84.3975,91.1968,91.1685,0.0928,0.005,89023.3233,74754.3477,pod_kill,coupon-service,2026-06-09 14:05:00,2026-06-09 14:20:00,pre_fault,0.02905202,0
2026-06-09 14:00:45,45,EXP_FAULT_01,RUN_01,pod_kill,1,adservice,ad-f01-09,online-boutique,node-a,0.3403,27.2661,0,90.6107,0.001301,32.4892,25.0659,49.9934,66.5754,76.4314,90.5558,90.4929,0.0926,0.0252,112539.5818,64086.0379,pod_kill,coupon-service,2026-06-09 14:05:00,2026-06-09 14:20:00,pre_fault,0.16891894,0
2026-06-09 14:00:50,50,EXP_FAULT_01,RUN_01,pod_kill,1,adservice,ad-f01-09,online-boutique,node-a,0.3156,27.1244,0,89.0637,0.001159,33.5861,26.7335,54.5566,68.402,85.8724,88.9864,88.9605,0.0726,0.0306,76562.8128,81767.5249,pod_kill,coupon-service,2026-06-09 14:05:00,2026-06-09 14:20:00,pre_fault,0.010326808,0
2026-06-09 14:00:55,55,EXP_FAULT_01,RUN_01,pod_kill,1,adservice,ad-f01-09,online-boutique,node-a,0.3301,27.5369,0,87.7849,0.000527,32.3939,25.5288,54.3465,56.9357,90.5871,87.7565,87.7386,0.0234,0.0229,73488.5961,80269.7268,pod_kill,coupon-service,2026-06-09 14:05:00,2026-06-09 14:20:00,pre_fault,0.12724519,0
2026-06-09 14:01:00,60,EXP_FAULT_01,RUN_01,pod_kill,1,adservice,ad-f01-09,online-boutique,node-a,0.3312,27.2615,0,89.2259,0.001594,34.1319,27.0011,54.6633,60.9543,82.7585,89.1713,89.0836,0.1133,0.0289,98339.2177,70109.9082,pod_kill,coupon-service,2026-06-09 14:05:00,2026-06-09 14:20:00,pre_fault,0.20009682,0
2026-06-09 14:01:05,65,EXP_FAULT_01,RUN_01,pod_kill,1,adservice,ad-f01-09,online-boutique,node-a,0.313,26.631,0,85.4896,0.001303,33.9198,23.9865,51.8243,60.5752,84.1021,85.4327,85.3782,0.108,0.0034,72316.9283,62562.7297,pod_kill,coupon-service,2026-06-09 14:05:00,2026-06-09 14:20:00,pre_fault,0.08678142,0
2026-06-09 14:01:10,70,EXP_FAULT_01,RUN_01,pod_kill,1,adservice,ad-f01-09,online-boutique,node-a,0.3319,27.2487,0,86.7148,0.001555,36.0755,26.768,52.4633,67.3603,93.5884,86.6241,86.58,0.1318,0.0031,79019.5149,74055.2171,pod_kill,coupon-service,2026-06-09 14:05:00,2026-06-09 14:20:00,pre_fault,0.6407051,1
2026-06-09 14:01:15,75,EXP_FAULT_01,RUN_01,pod_kill,1,adservice,ad-f01-09,online-boutique,node-a,0.3103,26.8853,0,86.1325,0.001834,31.6297,23.588,50.776,64.125,80.6079,86.0733,85.9745,0.1291,0.0288,81830.0851,57652.9348,pod_kill,coupon-service,2026-06-09 14:05:00,2026-06-09 14:20:00,pre_fault,0.0222462,0
2026-06-09 14:01:20,80,EXP_FAULT_01,RUN_01,pod_kill,1,adservice,ad-f01-09,online-boutique,node-a,0.3305,27.2729,0,88.1917,0.000398,34.7394,28.1006,58.6275,67.6433,87.9895,88.166,88.1566,0.0234,0.0116,112037.8033,59686.6455,pod_kill,coupon-service,2026-06-09 14:05:00,2026-06-09 14:20:00,pre_fault,0.36008605,0
2026-06-09 14:01:25,85,EXP_FAULT_01,RUN_01,pod_kill,1,adservice,ad-f01-09,online-boutique,node-a,0.3067,26.8994,0,87.7779,0.001108,33.1038,26.3565,51.5786,66.0676,84.5507,87.7344,87.6807,0.0924,0.0048,104077.1415,86265.3657,pod_kill,coupon-service,2026-06-09 14:05:00,2026-06-09 14:20:00,pre_fault,0.007796651,0
2026-06-09 14:01:30,90,EXP_FAULT_01,RUN_01,pod_kill,1,adservice,ad-f01-09,online-boutique,node-a,0.3163,26.8747,0,87.1884,0.000917,32.2474,24.4385,51.9315,65.4937,87.2066,87.1418,87.1085,0.0756,0.0043,83972.9098,70784.3236,pod_kill,coupon-service,2026-06-09 14:05:00,2026-06-09 14:20:00,pre_fault,0.003025612,0
2026-06-09 14:01:35,95,EXP_FAULT_01,RUN_01,pod_kill,1,adservice,ad-f01-09,online-boutique,node-a,0.312,27.0048,0,85.2499,0.001566,29.6366,23.5202,46.9495,55.173,79.8808,85.2023,85.1165,0.1218,0.0116,100312.1472,88096.8364,pod_kill,coupon-service,2026-06-09 14:05:00,2026-06-09 14:20:00,pre_fault,0.03905474,0
2026-06-09 14:01:40,100,EXP_FAULT_01,RUN_01,pod_kill,1,adservice,ad-f01-09,online-boutique,node-a,0.3169,27.12,0,89.0218,0.000946,34.0883,27.855,54.7645,69.6522,93.6442,88.9716,88.9377,0.0686,0.0156,100985.665,76739.7819,pod_kill,coupon-service,2026-06-09 14:05:00,2026-06-09 14:20:00,pre_fault,0.030845081,0
2026-06-09 14:01:45,105,EXP_FAULT_01,RUN_01,pod_kill,1,adservice,ad-f01-09,online-boutique,node-a,0.3018,26.5317,0,87.8567,0.001197,32.7216,24.15,48.5973,60.6222,88.9277,87.8046,87.7516,0.0829,0.0222,91006.846,58650.5117,pod_kill,coupon-service,2026-06-09 14:05:00,2026-06-09 14:20:00,pre_fault,0.022303665,0
2026-06-09 14:01:50,110,EXP_FAULT_01,RUN_01,pod_kill,1,adservice,ad-f01-09,online-boutique,node-a,0.3119,26.5772,0,87.4909,0.001473,33.438,26.0457,49.2148,62.8546,91.957,87.4289,87.362,0.1125,0.0164,83153.5347,89493.397,pod_kill,coupon-service,2026-06-09 14:05:00,2026-06-09 14:20:00,pre_fault,0.017757576,0
2026-06-09 14:01:55,115,EXP_FAULT_01,RUN_01,pod_kill,1,adservice,ad-f01-09,online-boutique,node-a,0.3207,26.9866,0,90.5206,0.00132,31.423,24.6191,50.0067,62.7784,75.2278,90.4659,90.4011,0.1024,0.0171,97757.9267,70754.5358,pod_kill,coupon-service,2026-06-09 14:05:00,2026-06-09 14:20:00,pre_fault,0.024173643,0
2026-06-09 14:02:00,120,EXP_FAULT_01,RUN_01,pod_kill,1,adservice,ad-f01-09,online-boutique,node-a,0.3051,26.8266,0,90.4866,0.000917,32.7351,26.1322,54.0844,60.3462,91.3349,90.4374,90.4037,0.0578,0.0252,115081.76,87088.4383,pod_kill,coupon-service,2026-06-09 14:05:00,2026-06-09 14:20:00,pre_fault,0.0709854,0
2026-06-09 14:02:05,125,EXP_FAULT_01,RUN_01,pod_kill,1,adservice,ad-f01-09,online-boutique,node-a,0.3241,27.0513,0,90.7939,0.001561,33.7548,26.0378,56.4483,68.1023,84.9945,90.71,90.6522,0.1268,0.015,76560.3523,90595.986,pod_kill,coupon-service,2026-06-09 14:05:00,2026-06-09 14:20:00,pre_fault,0.037007295,0
2026-06-09 14:02:10,130,EXP_FAULT_01,RUN_01,pod_kill,1,adservice,ad-f01-09,online-boutique,node-a,0.3245,27.5905,0,91.5074,0.000676,31.4621,23.2396,52.8471,56.793,81.2523,91.4855,91.4455,0.0523,0.0096,76373.2222,79643.1108,pod_kill,coupon-service,2026-06-09 14:05:00,2026-06-09 14:20:00,pre_fault,0.004464191,0
2026-06-09 14:02:15,135,EXP_FAULT_01,RUN_01,pod_kill,1,adservice,ad-f01-09,online-boutique,node-a,0.3431,26.9868,0,96.686,0.001229,31.7684,23.8982,48.7118,61.0332,89.4029,96.6333,96.5671,0.1144,0.0044,87930.7726,90208.4918,pod_kill,coupon-service,2026-06-09 14:05:00,2026-06-09 14:20:00,pre_fault,0.018869655,0
2026-06-09 14:02:20,140,EXP_FAULT_01,RUN_01,pod_kill,1,adservice,ad-f01-09,online-boutique,node-a,0.3011,26.6296,0,91.4226,0.000589,33.2319,24.3067,54.6982,67.4323,94.6859,91.387,91.3688,0.0433,0.0106,105664.1,74814.2118,pod_kill,coupon-service,2026-06-09 14:05:00,2026-06-09 14:20:00,pre_fault,0.10600448,0
2026-06-09 14:02:25,145,EXP_FAULT_01,RUN_01,pod_kill,1,adservice,ad-f01-09,online-boutique,node-a,0.3334,26.9624,0,91.8802,0.001438,33.0965,24.9342,52.3937,58.4579,84.1347,91.8071,91.7481,0.1015,0.0305,102645.3352,84217.5942,pod_kill,coupon-service,2026-06-09 14:05:00,2026-06-09 14:20:00,pre_fault,0.07277767,0
2026-06-09 14:02:30,150,EXP_FAULT_01,RUN_01,pod_kill,1,adservice,ad-f01-09,online-boutique,node-a,0.3167,26.8887,0,93.2986,0.000969,31.8374,25.936,53.5864,62.4121,83.8345,93.2502,93.2082,0.0766,0.0137,107309.4478,92951.3444,pod_kill,coupon-service,2026-06-09 14:05:00,2026-06-09 14:20:00,pre_fault,0.09313442,0
2026-06-09 14:02:35,155,EXP_FAULT_01,RUN_01,pod_kill,1,adservice,ad-f01-09,online-boutique,node-a,0.3072,26.4784,0,93.2082,0.000663,33.9579,25.4897,56.6102,65.3338,89.1326,93.1759,93.1464,0.0295,0.0323,76924.914,72136.5022,pod_kill,coupon-service,2026-06-09 14:05:00,2026-06-09 14:20:00,pre_fault,0.07090694,0
2026-06-09 14:02:40,160,EXP_FAULT_01,RUN_01,pod_kill,1,adservice,ad-f01-09,online-boutique,node-a,0.3155,27.3247,0,92.127,0.000818,34.4471,25.3518,54.5759,61.5508,90.6757,92.0729,92.0517,0.0695,0.0058,92426.3235,64909.1695,pod_kill,coupon-service,2026-06-09 14:05:00,2026-06-09 14:20:00,pre_fault,0.005828916,0
2026-06-09 14:02:45,165,EXP_FAULT_01,RUN_01,pod_kill,1,adservice,ad-f01-09,online-boutique,node-a,0.3294,27.2042,0,96.6023,0.000627,32.0835,24.4507,47.6609,57.6147,91.1727,96.563,96.5417,0.0557,0.0049,101985.6873,85036.7753,pod_kill,coupon-service,2026-06-09 14:05:00,2026-06-09 14:20:00,pre_fault,0.023080057,0
2026-06-09 14:02:50,170,EXP_FAULT_01,RUN_01,pod_kill,1,adservice,ad-f01-09,online-boutique,node-a,0.3397,27.0781,0,97.7892,0.000879,33.7678,26.3323,51.0259,60.9504,93.8779,97.7308,97.7032,0.0765,0.0095,103705.8688,63717.2877,pod_kill,coupon-service,2026-06-09 14:05:00,2026-06-09 14:20:00,pre_fault,0.05030597,0
2026-06-09 14:02:55,175,EXP_FAULT_01,RUN_01,pod_kill,1,adservice,ad-f01-09,online-boutique,node-a,0.3331,27.3301,0,98.6985,0.000816,33.7631,24.5897,54.1639,67.9583,90.4978,98.6501,98.6179,0.0504,0.0301,83691.2085,73762.1617,pod_kill,coupon-service,2026-06-09 14:05:00,2026-06-09 14:20:00,pre_fault,0.011047611,0
2026-06-09 14:03:00,180,EXP_FAULT_01,RUN_01,pod_kill,1,adservice,ad-f01-09,online-boutique,node-a,0.3196,27.5435,0,92.0862,0.001368,28.5,21.9203,42.633,54.9148,75.545,92.0259,91.9603,0.0965,0.0295,93205.988,66057.8199,pod_kill,coupon-service,2026-06-09 14:05:00,2026-06-09 14:20:00,pre_fault,0.35106725,0
2026-06-09 14:03:05,185,EXP_FAULT_01,RUN_01,pod_kill,1,adservice,ad-f01-09,online-boutique,node-a,0.3331,27.4348,0,96.4192,0.000655,34.3219,27.7311,52.0261,70.2565,93.8599,96.3868,96.3561,0.0493,0.0138,110725.4092,79031.3205,pod_kill,coupon-service,2026-06-09 14:05:00,2026-06-09 14:20:00,pre_fault,0.056566775,0
2026-06-09 14:03:10,190,EXP_FAULT_01,RUN_01,pod_kill,1,adservice,ad-f01-09,online-boutique,node-a,0.3158,27.6145,0,96.8759,0.000533,32.6255,25.1608,54.1048,66.6753,85.922,96.8512,96.8242,0.0398,0.0119,80605.012,66800.9973,pod_kill,coupon-service,2026-06-09 14:05:00,2026-06-09 14:20:00,pre_fault,0.12390021,0
2026-06-09 14:03:15,195,EXP_FAULT_01,RUN_01,pod_kill,1,adservice,ad-f01-09,online-boutique,node-a,0.3196,26.7965,0,96.5423,0.000765,35.0888,26.7516,58.0732,71.0775,83.0758,96.5029,96.4685,0.0408,0.033,103206.0472,72832.7063,pod_kill,coupon-service,2026-06-09 14:05:00,2026-06-09 14:20:00,pre_fault,0.0119632315,0
2026-06-09 14:03:20,200,EXP_FAULT_01,RUN_01,pod_kill,1,adservice,ad-f01-09,online-boutique,node-a,0.3374,26.4643,0,94.3231,0.001553,32.5118,26.4466,48.3792,59.1307,85.0488,94.2378,94.1767,0.1446,0.0018,96353.6236,80233.599,pod_kill,coupon-service,2026-06-09 14:05:00,2026-06-09 14:20:00,pre_fault,0.02928082,0
2026-06-09 14:03:25,205,EXP_FAULT_01,RUN_01,pod_kill,1,adservice,ad-f01-09,online-boutique,node-a,0.3272,27.3036,0,96.4254,0.000463,32.4894,24.135,47.1944,58.753,91.2046,96.4059,96.3808,0.044,0.0006,107924.5314,81429.9055,pod_kill,coupon-service,2026-06-09 14:05:00,2026-06-09 14:20:00,pre_fault,0.015285976,0
2026-06-09 14:03:30,210,EXP_FAULT_01,RUN_01,pod_kill,1,adservice,ad-f01-09,online-boutique,node-a,0.3339,27.2218,0,98.8919,0.000532,32.0079,23.4934,52.9263,58.5311,86.9304,98.8681,98.8393,0.0348,0.0178,101284.5908,95716.9411,pod_kill,coupon-service,2026-06-09 14:05:00,2026-06-09 14:20:00,pre_fault,0.027471155,0
2026-06-09 14:03:35,215,EXP_FAULT_01,RUN_01,pod_kill,1,adservice,ad-f01-09,online-boutique,node-a,0.3338,26.5626,0,98.9101,0.001721,32.2041,24.7214,52.6265,56.6927,79.3239,98.8115,98.7398,0.1483,0.022,125432.1092,87459.1853,pod_kill,coupon-service,2026-06-09 14:05:00,2026-06-09 14:20:00,pre_fault,0.05158819,0
2026-06-09 14:03:40,220,EXP_FAULT_01,RUN_01,pod_kill,1,adservice,ad-f01-09,online-boutique,node-a,0.3151,26.9134,0,97.2879,0.001579,31.7174,25.0541,50.9843,62.5623,86.757,97.2082,97.1343,0.1375,0.0161,107110.2453,91914.0213,pod_kill,coupon-service,2026-06-09 14:05:00,2026-06-09 14:20:00,pre_fault,0.30982822,0
2026-06-09 14:03:45,225,EXP_FAULT_01,RUN_01,pod_kill,1,adservice,ad-f01-09,online-boutique,node-a,0.3062,27.0853,0,96.5958,0.000732,32.5216,24.0019,48.2688,59.5417,77.1884,96.554,96.5251,0.0388,0.0319,104108.1967,93800.8576,pod_kill,coupon-service,2026-06-09 14:05:00,2026-06-09 14:20:00,pre_fault,0.3381928,0
2026-06-09 14:03:50,230,EXP_FAULT_01,RUN_01,pod_kill,1,adservice,ad-f01-09,online-boutique,node-a,0.3119,27.0867,0,98.7512,0.00172,33.3379,27.2052,52.4517,64.9038,89.9348,98.6726,98.5813,0.146,0.0238,101878.2657,97478.3818,pod_kill,coupon-service,2026-06-09 14:05:00,2026-06-09 14:20:00,pre_fault,0.26293308,0
2026-06-09 14:03:55,235,EXP_FAULT_01,RUN_01,pod_kill,1,adservice,ad-f01-09,online-boutique,node-a,0.328,26.9561,0,95.7705,0.000648,31.3222,23.8012,52.8572,58.7129,85.6645,95.7374,95.7084,0.0394,0.0227,105619.3698,82832.828,pod_kill,coupon-service,2026-06-09 14:05:00,2026-06-09 14:20:00,pre_fault,0.050497055,0
2026-06-09 14:04:00,240,EXP_FAULT_01,RUN_01,pod_kill,1,adservice,ad-f01-09,online-boutique,node-a,0.3237,26.6266,0,97.56,0.001548,35.3337,25.6221,57.9606,69.378,88.4388,97.4611,97.409,0.1466,0.0044,99035.2609,72092.9424,pod_kill,coupon-service,2026-06-09 14:05:00,2026-06-09 14:20:00,pre_fault,0.010482731,0
2026-06-09 14:04:05,245,EXP_FAULT_01,RUN_01,pod_kill,1,adservice,ad-f01-09,online-boutique,node-a,0.3355,26.8804,0,98.7699,0.00099,36.9072,27.9551,58.5122,65.9875,100.9097,98.7126,98.6722,0.0729,0.0248,97352.2182,70354.2894,pod_kill,coupon-service,2026-06-09 14:05:00,2026-06-09 14:20:00,pre_fault,0.19133218,0
2026-06-09 14:04:10,250,EXP_FAULT_01,RUN_01,pod_kill,1,adservice,ad-f01-09,online-boutique,node-a,0.3239,27.8738,0,94.1581,0.001116,33.46,26.4857,48.9787,67.0492,91.5959,94.1119,94.053,0.0792,0.026,97752.6406,75673.5737,pod_kill,coupon-service,2026-06-09 14:05:00,2026-06-09 14:20:00,pre_fault,0.005797455,0
2026-06-09 14:04:15,255,EXP_FAULT_01,RUN_01,pod_kill,1,adservice,ad-f01-09,online-boutique,node-a,0.3417,27.4328,0,95.8192,0.00056,33.4804,26.116,52.9404,59.5343,94.5356,95.7918,95.7656,0.0335,0.0202,98550.3797,74113.0193,pod_kill,coupon-service,2026-06-09 14:05:00,2026-06-09 14:20:00,pre_fault,0.12994942,0
2026-06-09 14:04:20,260,EXP_FAULT_01,RUN_01,pod_kill,1,adservice,ad-f01-09,online-boutique,node-a,0.3471,27.1797,0,96.684,0.000829,34.6516,25.2123,58.5979,61.921,85.0228,96.6471,96.6038,0.0596,0.0205,106856.4187,74868.3515,pod_kill,coupon-service,2026-06-09 14:05:00,2026-06-09 14:20:00,pre_fault,0.28430796,0
2026-06-09 14:04:25,265,EXP_FAULT_01,RUN_01,pod_kill,1,adservice,ad-f01-09,online-boutique,node-a,0.3232,27.1478,0,94.2454,0.000531,32.5963,23.8522,53.5383,66.7564,85.3625,94.2149,94.1954,0.0299,0.0201,101453.8657,74103.8797,pod_kill,coupon-service,2026-06-09 14:05:00,2026-06-09 14:20:00,pre_fault,0.0095436135,0
2026-06-09 14:04:30,270,EXP_FAULT_01,RUN_01,pod_kill,1,adservice,ad-f01-09,online-boutique,node-a,0.3217,27.5016,0,93.4667,0.000485,35.7604,26.7265,55.6896,66.8913,87.6097,93.4358,93.4214,0.0306,0.0147,79550.7299,84652.5456,pod_kill,coupon-service,2026-06-09 14:05:00,2026-06-09 14:20:00,pre_fault,0.08732489,0
2026-06-09 14:04:35,275,EXP_FAULT_01,RUN_01,pod_kill,1,adservice,ad-f01-09,online-boutique,node-a,0.3222,27.6665,0,96.5749,0.001276,31.66,22.7847,52.3313,55.9055,83.4708,96.5173,96.4517,0.1011,0.0221,102416.9843,84799.2421,pod_kill,coupon-service,2026-06-09 14:05:00,2026-06-09 14:20:00,pre_fault,0.109914444,0
2026-06-09 14:04:40,280,EXP_FAULT_01,RUN_01,pod_kill,1,adservice,ad-f01-09,online-boutique,node-a,0.3099,26.7885,0,94.572,0.000968,31.5025,25.1367,48.101,61.8552,87.624,94.5317,94.4805,0.0756,0.0159,117193.0642,85960.0705,pod_kill,coupon-service,2026-06-09 14:05:00,2026-06-09 14:20:00,pre_fault,0.2901792,0
2026-06-09 14:04:45,285,EXP_FAULT_01,RUN_01,pod_kill,1,adservice,ad-f01-09,online-boutique,node-a,0.3235,27.3544,0,94.8242,0.000856,32.1345,25.8931,53.9187,65.4293,88.7881,94.7877,94.743,0.0653,0.0158,97420.854,86159.615,pod_kill,coupon-service,2026-06-09 14:05:00,2026-06-09 14:20:00,pre_fault,0.037350576,0
2026-06-09 14:04:50,290,EXP_FAULT_01,RUN_01,pod_kill,1,adservice,ad-f01-09,online-boutique,node-a,0.3422,27.0873,0,103.4127,0.001405,31.5634,22.1656,51.1543,64.2088,74.8458,103.3439,103.2674,0.117,0.0282,110674.7354,106577.2867,pod_kill,coupon-service,2026-06-09 14:05:00,2026-06-09 14:20:00,pre_fault,0.077698275,0
2026-06-09 14:04:55,295,EXP_FAULT_01,RUN_01,pod_kill,1,adservice,ad-f01-09,online-boutique,node-a,0.3229,26.8699,0,97.2007,0.001619,30.6847,25.1093,51.0936,61.6003,84.5879,97.1456,97.0433,0.1466,0.0109,110026.9794,69065.1292,pod_kill,coupon-service,2026-06-09 14:05:00,2026-06-09 14:20:00,pre_fault,0.25947422,0
2026-06-09 14:05:00,300,EXP_FAULT_01,RUN_01,pod_kill,1,adservice,ad-f01-09,online-boutique,node-a,0.3064,26.8792,0,102.4978,0.002927,46.8944,35.3484,97.5863,127.8008,194.6035,96.8469,102.1977,0.0361,0.2639,111486.4877,74240.0139,pod_kill,coupon-service,2026-06-09 14:05:00,2026-06-09 14:20:00,during_fault,1.2517711,1
2026-06-09 14:05:05,305,EXP_FAULT_01,RUN_01,pod_kill,1,adservice,ad-f01-09,online-boutique,node-a,0.3218,27.5482,0,102.4898,0.004089,45.1938,33.8855,92.4575,130.4609,185.8615,96.7607,102.0707,0.14,0.2791,93290.5714,74031.8652,pod_kill,coupon-service,2026-06-09 14:05:00,2026-06-09 14:20:00,during_fault,1.9039263,1
2026-06-09 14:05:10,310,EXP_FAULT_01,RUN_01,pod_kill,1,adservice,ad-f01-09,online-boutique,node-a,0.3338,27.1441,0,103.5611,0.004189,47.1476,31.1929,89.1745,124.4447,207.6988,97.8488,103.1272,0.1633,0.2706,129595.05,73877.7148,pod_kill,coupon-service,2026-06-09 14:05:00,2026-06-09 14:20:00,during_fault,2.707069,1
2026-06-09 14:05:15,315,EXP_FAULT_01,RUN_01,pod_kill,1,adservice,ad-f01-09,online-boutique,node-a,0.3458,26.988,0,106.9822,0.002808,51.443,36.9256,98.8936,147.0536,224.7657,101.1984,106.6818,0.0288,0.2716,134076.7003,70181.2673,pod_kill,coupon-service,2026-06-09 14:05:00,2026-06-09 14:20:00,during_fault,3.878407,1
2026-06-09 14:05:20,320,EXP_FAULT_01,RUN_01,pod_kill,1,adservice,ad-f01-09,online-boutique,node-a,0.3191,27.2277,0,103.0085,0.003456,41.7708,28.6444,74.6404,111.1291,173.9102,97.4727,102.6525,0.1004,0.2556,90906.439,75921.8045,pod_kill,coupon-service,2026-06-09 14:05:00,2026-06-09 14:20:00,during_fault,0.7002403,1
2026-06-09 14:05:25,325,EXP_FAULT_01,RUN_01,pod_kill,1,adservice,ad-f01-09,online-boutique,node-a,0.3256,27.4339,0,107.9725,0.004139,41.2047,30.7696,75.5762,114.4706,168.1249,102.2461,107.5256,0.1609,0.286,110590.1062,87787.7099,pod_kill,coupon-service,2026-06-09 14:05:00,2026-06-09 14:20:00,during_fault,0.85807115,1
2026-06-09 14:05:30,330,EXP_FAULT_01,RUN_01,pod_kill,1,adservice,ad-f01-09,online-boutique,node-a,0.3382,26.6836,0,104.3784,0.003261,48.178,34.1981,92.9705,118.4073,211.2977,98.9806,104.038,0.0873,0.2531,127594.9647,102763.2137,pod_kill,coupon-service,2026-06-09 14:05:00,2026-06-09 14:20:00,during_fault,2.6169736,1
2026-06-09 14:05:35,335,EXP_FAULT_01,RUN_01,pod_kill,1,adservice,ad-f01-09,online-boutique,node-a,0.3349,26.6421,0,106.9751,0.003127,44.0858,30.7985,82.7671,115.1336,173.2839,101.5885,106.6406,0.0619,0.2726,127966.1915,89609.765,pod_kill,coupon-service,2026-06-09 14:05:00,2026-06-09 14:20:00,during_fault,0.90341604,1
2026-06-09 14:05:40,340,EXP_FAULT_01,RUN_01,pod_kill,1,adservice,ad-f01-09,online-boutique,node-a,0.3306,26.8536,0,107.5466,0.002982,41.6408,30.0708,79.3578,115.9985,172.4806,102.2837,107.2259,0.0546,0.2661,89584.9158,107738.309,pod_kill,coupon-service,2026-06-09 14:05:00,2026-06-09 14:20:00,during_fault,0.3571825,0
2026-06-09 14:05:45,345,EXP_FAULT_01,RUN_01,pod_kill,1,adservice,ad-f01-09,online-boutique,node-a,0.332,28.0362,0,105.8295,0.002676,45.9852,31.9568,84.8824,115.8922,202.3392,100.7988,105.5463,0.0493,0.2339,106138.6188,69224.8587,pod_kill,coupon-service,2026-06-09 14:05:00,2026-06-09 14:20:00,during_fault,1.4628094,1
2026-06-09 14:05:50,350,EXP_FAULT_01,RUN_01,pod_kill,1,adservice,ad-f01-09,online-boutique,node-a,0.3532,26.8368,0,111.8732,0.003572,46.3925,31.8901,85.0563,118.388,187.1414,106.663,111.4736,0.1494,0.2503,124372.885,86202.7295,pod_kill,coupon-service,2026-06-09 14:05:00,2026-06-09 14:20:00,during_fault,1.873739,1
2026-06-09 14:05:55,355,EXP_FAULT_01,RUN_01,pod_kill,1,adservice,ad-f01-09,online-boutique,node-a,0.3255,26.6293,0,110.7798,0.002784,44.1282,30.6876,86.383,106.7034,183.2527,105.8391,110.4713,0.0665,0.242,116436.1998,87470.3347,pod_kill,coupon-service,2026-06-09 14:05:00,2026-06-09 14:20:00,during_fault,0.38025197,0
2026-06-09 14:06:00,360,EXP_FAULT_01,RUN_01,pod_kill,1,adservice,ad-f01-09,online-boutique,node-a,0.318,26.9047,0,107.5043,0.002236,43.9166,33.732,88.2938,115.9969,163.4081,102.9237,107.2639,0.0276,0.2128,110900.0872,70961.0475,pod_kill,coupon-service,2026-06-09 14:05:00,2026-06-09 14:20:00,during_fault,0.29666626,0
2026-06-09 14:06:05,365,EXP_FAULT_01,RUN_01,pod_kill,1,adservice,ad-f01-09,online-boutique,node-a,0.3248,27.0168,0,111.4836,0.002818,43.9309,33.0419,86.1935,119.6646,158.3292,106.8616,111.1695,0.0789,0.2352,102054.895,94115.3893,pod_kill,coupon-service,2026-06-09 14:05:00,2026-06-09 14:20:00,during_fault,0.33944777,0
2026-06-09 14:06:10,370,EXP_FAULT_01,RUN_01,pod_kill,1,adservice,ad-f01-09,online-boutique,node-a,0.3302,26.5991,0,109.3537,0.002262,44.5786,31.2471,81.913,120.6194,177.4348,105.0363,109.1064,0.0396,0.2077,103654.4828,82856.3926,pod_kill,coupon-service,2026-06-09 14:05:00,2026-06-09 14:20:00,during_fault,0.5249788,1
2026-06-09 14:06:15,375,EXP_FAULT_01,RUN_01,pod_kill,1,adservice,ad-f01-09,online-boutique,node-a,0.3353,27.3586,0,110.2643,0.00234,44.2501,29.8559,75.5287,110.8831,159.3003,106.0849,110.0063,0.066,0.192,112251.793,111222.1718,pod_kill,coupon-service,2026-06-09 14:05:00,2026-06-09 14:20:00,during_fault,0.62287664,1
2026-06-09 14:06:20,380,EXP_FAULT_01,RUN_01,pod_kill,1,adservice,ad-f01-09,online-boutique,node-a,0.3272,27.4982,0,111.2367,0.002924,42.1554,32.175,78.4049,98.0134,170.1046,107.1722,110.9115,0.1069,0.2184,140333.4733,96960.8875,pod_kill,coupon-service,2026-06-09 14:05:00,2026-06-09 14:20:00,during_fault,0.2736423,0
2026-06-09 14:06:25,385,EXP_FAULT_01,RUN_01,pod_kill,1,adservice,ad-f01-09,online-boutique,node-a,0.329,27.0035,0,108.4523,0.002157,40.4299,29.3074,77.4144,99.9385,162.3281,104.6707,108.2184,0.0412,0.1928,103343.4843,72293.2677,pod_kill,coupon-service,2026-06-09 14:05:00,2026-06-09 14:20:00,during_fault,0.09211459,0
2026-06-09 14:06:30,390,EXP_FAULT_01,RUN_01,pod_kill,1,adservice,ad-f01-09,online-boutique,node-a,0.3238,26.9249,0,109.216,0.003003,41.4799,28.6481,80.3821,98.7002,144.8418,105.4784,108.8881,0.1424,0.1856,116360.779,108937.52,pod_kill,coupon-service,2026-06-09 14:05:00,2026-06-09 14:20:00,during_fault,0.24317801,0
2026-06-09 14:06:35,395,EXP_FAULT_01,RUN_01,pod_kill,1,adservice,ad-f01-09,online-boutique,node-a,0.311,27.6938,0,106.3722,0.00262,42.7548,29.5225,73.1583,108.8298,164.0366,102.9038,106.0934,0.1175,0.1613,133382.6397,75944.4242,pod_kill,coupon-service,2026-06-09 14:05:00,2026-06-09 14:20:00,during_fault,0.30392617,0
2026-06-09 14:06:40,400,EXP_FAULT_01,RUN_01,pod_kill,1,adservice,ad-f01-09,online-boutique,node-a,0.3417,27.0345,0,107.6941,0.001898,41.2822,27.7671,75.5189,106.2347,154.186,104.3447,107.4897,0.0369,0.1676,107012.2319,104814.4219,pod_kill,coupon-service,2026-06-09 14:05:00,2026-06-09 14:20:00,during_fault,0.43308693,1
2026-06-09 14:06:45,405,EXP_FAULT_01,RUN_01,pod_kill,1,adservice,ad-f01-09,online-boutique,node-a,0.3317,27.2758,0,104.088,0.001821,38.4195,29.3526,70.9091,97.908,126.2205,100.9507,103.8985,0.0261,0.1634,132979.3383,94968.8439,pod_kill,coupon-service,2026-06-09 14:05:00,2026-06-09 14:20:00,during_fault,0.09221647,0
2026-06-09 14:06:50,410,EXP_FAULT_01,RUN_01,pod_kill,1,adservice,ad-f01-09,online-boutique,node-a,0.3324,27.2691,0,101.8226,0.001945,41.3408,32.0819,73.2117,92.9675,159.7343,98.8362,101.6246,0.0362,0.1619,94800.8914,85006.6456,pod_kill,coupon-service,2026-06-09 14:05:00,2026-06-09 14:20:00,during_fault,0.54440635,1
2026-06-09 14:06:55,415,EXP_FAULT_01,RUN_01,pod_kill,1,adservice,ad-f01-09,online-boutique,node-a,0.329,27.0957,0,103.5806,0.002603,42.8825,31.9746,74.4261,105.9408,160.8782,100.5909,103.311,0.1292,0.1405,95698.8314,71895.6975,pod_kill,coupon-service,2026-06-09 14:05:00,2026-06-09 14:20:00,during_fault,0.66063994,1
2026-06-09 14:07:00,420,EXP_FAULT_01,RUN_01,pod_kill,1,adservice,ad-f01-09,online-boutique,node-a,0.3332,27.7468,0,102.6742,0.00254,39.4974,29.1535,69.0184,92.9681,141.4586,99.7225,102.4134,0.1136,0.1472,124855.8089,103494.3811,pod_kill,coupon-service,2026-06-09 14:05:00,2026-06-09 14:20:00,during_fault,0.35819083,0
2026-06-09 14:07:05,425,EXP_FAULT_01,RUN_01,pod_kill,1,adservice,ad-f01-09,online-boutique,node-a,0.3241,26.7129,0,104.4498,0.001854,37.6639,25.6247,69.7089,94.0719,123.4174,101.5309,104.2561,0.0406,0.1531,103040.3202,91919.9157,pod_kill,coupon-service,2026-06-09 14:05:00,2026-06-09 14:20:00,during_fault,0.024897043,0
2026-06-09 14:07:10,430,EXP_FAULT_01,RUN_01,pod_kill,1,adservice,ad-f01-09,online-boutique,node-a,0.3216,26.7382,0,103.1899,0.002943,41.8498,32.027,72.835,95.1153,159.796,100.2429,102.8862,0.1441,0.1597,88531.3944,85676.5592,pod_kill,coupon-service,2026-06-09 14:05:00,2026-06-09 14:20:00,during_fault,0.49531084,1
2026-06-09 14:07:15,435,EXP_FAULT_01,RUN_01,pod_kill,1,adservice,ad-f01-09,online-boutique,node-a,0.308,27.5502,0,104.9449,0.003155,40.8111,30.5816,74.2318,95.1495,139.7407,101.9667,104.6138,0.1675,0.1636,119413.1619,78697.1756,pod_kill,coupon-service,2026-06-09 14:05:00,2026-06-09 14:20:00,during_fault,0.44434047,1
2026-06-09 14:07:20,440,EXP_FAULT_01,RUN_01,pod_kill,1,adservice,ad-f01-09,online-boutique,node-a,0.3363,26.7609,0,102.3149,0.001937,39.2794,28.7174,69.3852,91.2579,151.6449,99.4198,102.1167,0.0642,0.134,99738.764,84454.1114,pod_kill,coupon-service,2026-06-09 14:05:00,2026-06-09 14:20:00,during_fault,0.28018507,0
2026-06-09 14:07:25,445,EXP_FAULT_01,RUN_01,pod_kill,1,adservice,ad-f01-09,online-boutique,node-a,0.308,27.2179,0,103.3667,0.00312,40.6443,29.2896,69.2238,95.5073,134.0052,100.3482,103.0442,0.1602,0.1623,116157.6179,82325.7664,pod_kill,coupon-service,2026-06-09 14:05:00,2026-06-09 14:20:00,during_fault,0.44492087,1
2026-06-09 14:07:30,450,EXP_FAULT_01,RUN_01,pod_kill,1,adservice,ad-f01-09,online-boutique,node-a,0.3158,26.7896,0,103.6012,0.002113,38.364,27.6779,66.4641,91.3781,143.6554,100.5481,103.3823,0.0722,0.1468,99238.4071,68028.3913,pod_kill,coupon-service,2026-06-09 14:05:00,2026-06-09 14:20:00,during_fault,0.041195918,0
2026-06-09 14:07:35,455,EXP_FAULT_01,RUN_01,pod_kill,1,adservice,ad-f01-09,online-boutique,node-a,0.3239,27.2385,0,100.5143,0.002544,38.8161,30.3209,64.3995,89.9082,151.9477,97.4313,100.2586,0.1078,0.148,124903.2511,95749.5584,pod_kill,coupon-service,2026-06-09 14:05:00,2026-06-09 14:20:00,during_fault,0.18208185,0
2026-06-09 14:07:40,460,EXP_FAULT_01,RUN_01,pod_kill,1,adservice,ad-f01-09,online-boutique,node-a,0.3229,27.0415,0,103.5564,0.002416,40.0504,27.3129,67.9121,102.0715,133.4086,100.3002,103.3062,0.0877,0.1625,119092.4624,69016.0229,pod_kill,coupon-service,2026-06-09 14:05:00,2026-06-09 14:20:00,during_fault,0.15183301,0
2026-06-09 14:07:45,465,EXP_FAULT_01,RUN_01,pod_kill,1,adservice,ad-f01-09,online-boutique,node-a,0.3382,26.8619,0,101.3996,0.002266,39.8134,28.7316,74.5092,88.8018,146.449,98.1187,101.1699,0.0537,0.176,113580.5825,102642.8861,pod_kill,coupon-service,2026-06-09 14:05:00,2026-06-09 14:20:00,during_fault,0.46626696,1
2026-06-09 14:07:50,470,EXP_FAULT_01,RUN_01,pod_kill,1,adservice,ad-f01-09,online-boutique,node-a,0.337,27.0918,0,103.409,0.001832,39.4422,27.231,72.6364,99.0193,146.2942,99.9576,103.2195,0.0327,0.1567,108416.9202,92184.3679,pod_kill,coupon-service,2026-06-09 14:05:00,2026-06-09 14:20:00,during_fault,0.29456773,0
2026-06-09 14:07:55,475,EXP_FAULT_01,RUN_01,pod_kill,1,adservice,ad-f01-09,online-boutique,node-a,0.3429,27.0518,0,100.3874,0.003088,40.711,30.3901,75.2594,95.9232,165.6299,96.8113,100.0773,0.1506,0.1594,120096.695,99303.0401,pod_kill,coupon-service,2026-06-09 14:05:00,2026-06-09 14:20:00,during_fault,1.0114521,1
2026-06-09 14:08:00,480,EXP_FAULT_01,RUN_01,pod_kill,1,adservice,ad-f01-09,online-boutique,node-a,0.3038,26.7253,0,102.7666,0.002895,42.3914,31.9186,75.5747,104.9665,159.171,98.9868,102.469,0.1248,0.1728,120914.9768,76592.3451,pod_kill,coupon-service,2026-06-09 14:05:00,2026-06-09 14:20:00,during_fault,0.30628678,0
2026-06-09 14:08:05,485,EXP_FAULT_01,RUN_01,pod_kill,1,adservice,ad-f01-09,online-boutique,node-a,0.3303,27.1297,0,103.4949,0.002837,40.7524,27.411,75.9721,94.1218,148.4349,99.5599,103.2013,0.0884,0.2052,95100.7628,67884.3423,pod_kill,coupon-service,2026-06-09 14:05:00,2026-06-09 14:20:00,during_fault,0.40247878,0
2026-06-09 14:08:10,490,EXP_FAULT_01,RUN_01,pod_kill,1,adservice,ad-f01-09,online-boutique,node-a,0.3112,27.2356,0,104.0054,0.002252,41.4013,29.9613,76.2184,100.0846,160.4754,99.9048,103.7711,0.0261,0.2081,130066.3457,102969.2268,pod_kill,coupon-service,2026-06-09 14:05:00,2026-06-09 14:20:00,during_fault,0.14772096,0
2026-06-09 14:08:15,495,EXP_FAULT_01,RUN_01,pod_kill,1,adservice,ad-f01-09,online-boutique,node-a,0.3237,26.9537,0,105.8025,0.002709,40.0099,29.4023,74.7183,97.3883,149.4845,101.4426,105.5159,0.0613,0.2254,119985.9972,85856.4905,pod_kill,coupon-service,2026-06-09 14:05:00,2026-06-09 14:20:00,during_fault,0.15428025,0
2026-06-09 14:08:20,500,EXP_FAULT_01,RUN_01,pod_kill,1,adservice,ad-f01-09,online-boutique,node-a,0.3253,27.4414,0,105.2982,0.002296,39.2813,26.1351,69.812,106.3411,161.5578,100.8008,105.0564,0.0323,0.2095,117885.7264,72858.6407,pod_kill,coupon-service,2026-06-09 14:05:00,2026-06-09 14:20:00,during_fault,0.08895122,0
2026-06-09 14:08:25,505,EXP_FAULT_01,RUN_01,pod_kill,1,adservice,ad-f01-09,online-boutique,node-a,0.3257,26.7538,0,101.5504,0.003419,41.9873,27.7875,83.4381,109.2529,171.1525,96.9816,101.2031,0.1195,0.2277,99400.1796,83753.3341,pod_kill,coupon-service,2026-06-09 14:05:00,2026-06-09 14:20:00,during_fault,0.87131137,1
2026-06-09 14:08:30,510,EXP_FAULT_01,RUN_01,pod_kill,1,adservice,ad-f01-09,online-boutique,node-a,0.3428,26.805,0,102.218,0.003426,43.3231,32.9197,78.8699,115.6974,160.5236,97.4975,101.8678,0.1313,0.2189,119613.0284,100974.2481,pod_kill,coupon-service,2026-06-09 14:05:00,2026-06-09 14:20:00,during_fault,1.5584719,1
2026-06-09 14:08:35,515,EXP_FAULT_01,RUN_01,pod_kill,1,adservice,ad-f01-09,online-boutique,node-a,0.3464,26.7221,0,107.8565,0.003002,42.4609,30.833,83.6352,112.3449,170.8574,102.7049,107.5327,0.0703,0.2534,101869.1823,104501.8369,pod_kill,coupon-service,2026-06-09 14:05:00,2026-06-09 14:20:00,during_fault,0.84153044,1
2026-06-09 14:08:40,520,EXP_FAULT_01,RUN_01,pod_kill,1,adservice,ad-f01-09,online-boutique,node-a,0.3249,27.218,0,110.0043,0.003388,44.6635,29.2768,90.0214,109.9783,199.2529,104.6002,109.6316,0.1143,0.2584,104257.1199,113077.4941,pod_kill,coupon-service,2026-06-09 14:05:00,2026-06-09 14:20:00,during_fault,0.72308856,1
2026-06-09 14:08:45,525,EXP_FAULT_01,RUN_01,pod_kill,1,adservice,ad-f01-09,online-boutique,node-a,0.3351,26.8739,0,105.3586,0.003103,41.7743,30.4971,77.3028,113.6399,160.3788,100.0634,105.0317,0.0575,0.2694,87612.4668,107098.0881,pod_kill,coupon-service,2026-06-09 14:05:00,2026-06-09 14:20:00,during_fault,0.60452545,1
2026-06-09 14:08:50,530,EXP_FAULT_01,RUN_01,pod_kill,1,adservice,ad-f01-09,online-boutique,node-a,0.3126,27.353,0,103.9102,0.003442,44.1814,29.599,82.0899,111.3501,199.1592,98.5238,103.5526,0.0801,0.2775,89141.3385,81317.2523,pod_kill,coupon-service,2026-06-09 14:05:00,2026-06-09 14:20:00,during_fault,0.9820348,1
2026-06-09 14:08:55,535,EXP_FAULT_01,RUN_01,pod_kill,1,adservice,ad-f01-09,online-boutique,node-a,0.3403,26.6453,0,104.941,0.002909,44.0393,30.7681,85.309,123.6646,174.2132,99.4373,104.6358,0.0266,0.2787,97270.1017,101984.1375,pod_kill,coupon-service,2026-06-09 14:05:00,2026-06-09 14:20:00,during_fault,1.1774704,1
2026-06-09 14:09:00,540,EXP_FAULT_01,RUN_01,pod_kill,1,adservice,ad-f01-09,online-boutique,node-a,0.3183,26.6657,0,106.1259,0.003516,40.9849,28.3437,80.6795,114.5312,187.8021,100.4486,105.7528,0.0856,0.2875,130610.9055,85702.121,pod_kill,coupon-service,2026-06-09 14:05:00,2026-06-09 14:20:00,during_fault,0.5064088,1
2026-06-09 14:09:05,545,EXP_FAULT_01,RUN_01,pod_kill,1,adservice,ad-f01-09,online-boutique,node-a,0.329,27.8199,0,107.5244,0.004022,44.3589,32.0755,87.8297,121.8664,202.8063,101.6519,107.0919,0.1503,0.2821,116382.2314,76610.554,pod_kill,coupon-service,2026-06-09 14:05:00,2026-06-09 14:20:00,during_fault,1.3017422,1
2026-06-09 14:09:10,550,EXP_FAULT_01,RUN_01,pod_kill,1,adservice,ad-f01-09,online-boutique,node-a,0.3356,27.5654,0,103.0251,0.00371,44.579,31.1423,84.6688,119.0492,195.489,97.3484,102.6429,0.1046,0.2776,89167.2673,104697.964,pod_kill,coupon-service,2026-06-09 14:05:00,2026-06-09 14:20:00,during_fault,1.7338984,1
2026-06-09 14:09:15,555,EXP_FAULT_01,RUN_01,pod_kill,1,adservice,ad-f01-09,online-boutique,node-a,0.3207,27.4246,0,104.2456,0.00348,43.1115,30.1869,78.811,114.8842,197.6269,98.4745,103.8828,0.0849,0.2779,127881.4598,93389.3681,pod_kill,coupon-service,2026-06-09 14:05:00,2026-06-09 14:20:00,during_fault,0.85670996,1
2026-06-09 14:09:20,560,EXP_FAULT_01,RUN_01,pod_kill,1,adservice,ad-f01-09,online-boutique,node-a,0.3287,27.4592,0,104.3621,0.003772,46.9273,33.6106,86.9746,129.4512,219.1653,98.5337,103.9684,0.1173,0.2764,107722.4067,103858.104,pod_kill,coupon-service,2026-06-09 14:05:00,2026-06-09 14:20:00,during_fault,2.107617,1
2026-06-09 14:09:25,565,EXP_FAULT_01,RUN_01,pod_kill,1,adservice,ad-f01-09,online-boutique,node-a,0.3415,26.8509,0,102.8162,0.004272,45.1653,33.4324,88.0584,117.1809,207.9528,97.0992,102.3769,0.1495,0.2897,87144.9616,67542.142,pod_kill,coupon-service,2026-06-09 14:05:00,2026-06-09 14:20:00,during_fault,2.452824,1
2026-06-09 14:09:30,570,EXP_FAULT_01,RUN_01,pod_kill,1,adservice,ad-f01-09,online-boutique,node-a,0.3354,27.049,0,99.5483,0.003357,43.0668,31.2416,83.2585,115.3395,174.8191,94.0406,99.214,0.0735,0.2607,96123.1645,102899.4392,pod_kill,coupon-service,2026-06-09 14:05:00,2026-06-09 14:20:00,during_fault,1.5040373,1
2026-06-09 14:09:35,575,EXP_FAULT_01,RUN_01,pod_kill,1,adservice,ad-f01-09,online-boutique,node-a,0.3213,27.3274,0,100.198,0.002833,41.2001,27.9208,82.1458,104.762,173.9303,94.7234,99.9141,0.0291,0.2548,92246.7987,79298.2264,pod_kill,coupon-service,2026-06-09 14:05:00,2026-06-09 14:20:00,during_fault,0.53881085,1
2026-06-09 14:09:40,580,EXP_FAULT_01,RUN_01,pod_kill,1,adservice,ad-f01-09,online-boutique,node-a,0.3283,27.2432,0,101.0584,0.003917,46.7846,35.0962,89.7323,127.2649,183.9597,95.5646,100.6625,0.1199,0.2759,106992.3912,94012.9942,pod_kill,coupon-service,2026-06-09 14:05:00,2026-06-09 14:20:00,during_fault,2.5873475,1
2026-06-09 14:09:45,585,EXP_FAULT_01,RUN_01,pod_kill,1,adservice,ad-f01-09,online-boutique,node-a,0.3136,26.8679,0,96.2854,0.003108,45.7826,30.1282,89.6438,126.9219,178.5264,91.142,95.9861,0.0337,0.2656,118965.3867,95946.4039,pod_kill,coupon-service,2026-06-09 14:05:00,2026-06-09 14:20:00,during_fault,1.8792741,1
2026-06-09 14:09:50,590,EXP_FAULT_01,RUN_01,pod_kill,1,adservice,ad-f01-09,online-boutique,node-a,0.3102,27.012,0,97.1029,0.003609,41.8511,27.6286,74.3824,104.0859,169.6119,91.9835,96.7525,0.118,0.2325,89927.9605,66034.357,pod_kill,coupon-service,2026-06-09 14:05:00,2026-06-09 14:20:00,during_fault,0.90984905,1
2026-06-09 14:09:55,595,EXP_FAULT_01,RUN_01,pod_kill,1,adservice,ad-f01-09,online-boutique,node-a,0.3391,27.1182,0,96.0678,0.003007,43.2632,30.5105,81.9819,109.0566,173.8217,91.1273,95.7789,0.0553,0.2335,115439.0574,83382.1784,pod_kill,coupon-service,2026-06-09 14:05:00,2026-06-09 14:20:00,during_fault,2.0078397,1
2026-06-09 14:10:00,600,EXP_FAULT_01,RUN_01,pod_kill,1,adservice,ad-f01-09,online-boutique,node-a,0.3296,26.5006,0,95.6894,0.002715,44.777,30.3897,92.0603,127.369,193.1863,90.8831,95.4296,0.0423,0.2175,84510.0772,64139.2485,pod_kill,coupon-service,2026-06-09 14:05:00,2026-06-09 14:20:00,during_fault,2.035052,1
2026-06-09 14:10:05,605,EXP_FAULT_01,RUN_01,pod_kill,1,adservice,ad-f01-09,online-boutique,node-a,0.3365,27.2462,0,94.1764,0.003837,44.6869,31.4719,80.8958,117.7177,174.5479,89.5317,93.815,0.1423,0.219,119444.4131,67995.0,pod_kill,coupon-service,2026-06-09 14:05:00,2026-06-09 14:20:00,during_fault,3.1202986,1
2026-06-09 14:10:10,610,EXP_FAULT_01,RUN_01,pod_kill,1,adservice,ad-f01-09,online-boutique,node-a,0.3147,27.1476,0,93.0058,0.003925,40.5691,26.4923,78.5759,105.9507,154.4491,88.5325,92.6407,0.1459,0.2192,91672.6121,96496.9502,pod_kill,coupon-service,2026-06-09 14:05:00,2026-06-09 14:20:00,during_fault,1.2439132,1
2026-06-09 14:10:15,615,EXP_FAULT_01,RUN_01,pod_kill,1,adservice,ad-f01-09,online-boutique,node-a,0.3288,26.9878,0,93.9454,0.002907,41.1668,28.7461,75.3878,100.3852,181.9954,89.6229,93.6723,0.0488,0.2243,117575.9531,95243.4623,pod_kill,coupon-service,2026-06-09 14:05:00,2026-06-09 14:20:00,during_fault,1.244128,1
2026-06-09 14:10:20,620,EXP_FAULT_01,RUN_01,pod_kill,1,adservice,ad-f01-09,online-boutique,node-a,0.3063,27.2493,0,93.2349,0.002977,41.1891,31.1147,73.4821,108.6227,174.7889,89.0642,92.9574,0.0584,0.2191,99631.9039,78521.2366,pod_kill,coupon-service,2026-06-09 14:05:00,2026-06-09 14:20:00,during_fault,0.7505746,1
2026-06-09 14:10:25,625,EXP_FAULT_01,RUN_01,pod_kill,1,adservice,ad-f01-09,online-boutique,node-a,0.3246,26.8413,0,94.5033,0.003494,45.2495,31.5881,83.7069,118.5621,181.8873,90.4157,94.1731,0.1419,0.1883,111565.265,89462.5496,pod_kill,coupon-service,2026-06-09 14:05:00,2026-06-09 14:20:00,during_fault,2.5660546,1
2026-06-09 14:10:30,630,EXP_FAULT_01,RUN_01,pod_kill,1,adservice,ad-f01-09,online-boutique,node-a,0.3123,27.1287,0,93.1009,0.002458,38.0385,25.2207,69.3569,88.9813,137.3461,89.2665,92.872,0.0424,0.1864,97425.6493,67989.8593,pod_kill,coupon-service,2026-06-09 14:05:00,2026-06-09 14:20:00,during_fault,0.23892915,0
2026-06-09 14:10:35,635,EXP_FAULT_01,RUN_01,pod_kill,1,adservice,ad-f01-09,online-boutique,node-a,0.3233,27.6226,0,96.8925,0.002612,41.2311,27.7744,78.6609,103.2247,163.8278,93.0464,96.6394,0.0558,0.1973,122471.8788,96097.7532,pod_kill,coupon-service,2026-06-09 14:05:00,2026-06-09 14:20:00,during_fault,0.7581573,1
2026-06-09 14:10:40,640,EXP_FAULT_01,RUN_01,pod_kill,1,adservice,ad-f01-09,online-boutique,node-a,0.3315,27.2146,0,91.2645,0.00256,41.972,31.5895,78.3693,103.8503,175.808,87.7895,91.0309,0.0768,0.1568,88628.7569,77830.7617,pod_kill,coupon-service,2026-06-09 14:05:00,2026-06-09 14:20:00,during_fault,1.7803688,1
2026-06-09 14:10:45,645,EXP_FAULT_01,RUN_01,pod_kill,1,adservice,ad-f01-09,online-boutique,node-a,0.3226,26.7494,0,92.2243,0.003025,40.2987,26.875,69.4918,106.3076,144.989,88.8045,91.9453,0.115,0.164,115644.9029,66219.0004,pod_kill,coupon-service,2026-06-09 14:05:00,2026-06-09 14:20:00,during_fault,1.0085971,1
2026-06-09 14:10:50,650,EXP_FAULT_01,RUN_01,pod_kill,1,adservice,ad-f01-09,online-boutique,node-a,0.3188,27.3579,0,95.7959,0.002211,40.44,28.0007,78.7693,106.3367,138.321,92.4437,95.5842,0.0333,0.1785,94285.4155,86260.1521,pod_kill,coupon-service,2026-06-09 14:05:00,2026-06-09 14:20:00,during_fault,0.49258605,1
2026-06-09 14:10:55,655,EXP_FAULT_01,RUN_01,pod_kill,1,adservice,ad-f01-09,online-boutique,node-a,0.2946,27.001,0,94.1244,0.002244,37.4301,28.5771,70.9308,97.5792,126.6316,90.9478,93.9131,0.0601,0.1512,110740.2414,72111.3426,pod_kill,coupon-service,2026-06-09 14:05:00,2026-06-09 14:20:00,during_fault,0.010526033,0
2026-06-09 14:11:00,660,EXP_FAULT_01,RUN_01,pod_kill,1,adservice,ad-f01-09,online-boutique,node-a,0.3336,27.0107,0,92.9978,0.003103,38.0304,27.2157,63.5902,95.9818,145.6935,89.9363,92.7092,0.122,0.1667,89138.978,89716.3613,pod_kill,coupon-service,2026-06-09 14:05:00,2026-06-09 14:20:00,during_fault,0.8193344,1
2026-06-09 14:11:05,665,EXP_FAULT_01,RUN_01,pod_kill,1,adservice,ad-f01-09,online-boutique,node-a,0.3264,26.5724,0,93.5565,0.002536,36.4433,25.8134,69.8558,92.2961,142.4513,90.6106,93.3192,0.0977,0.1396,103778.0164,67392.4751,pod_kill,coupon-service,2026-06-09 14:05:00,2026-06-09 14:20:00,during_fault,0.23556454,0
2026-06-09 14:11:10,670,EXP_FAULT_01,RUN_01,pod_kill,1,adservice,ad-f01-09,online-boutique,node-a,0.3264,27.2219,0,94.3273,0.002281,42.8492,33.0519,80.5122,107.6946,158.179,91.4527,94.1122,0.0766,0.1385,83655.1961,73420.7071,pod_kill,coupon-service,2026-06-09 14:05:00,2026-06-09 14:20:00,during_fault,1.396698,1
2026-06-09 14:11:15,675,EXP_FAULT_01,RUN_01,pod_kill,1,adservice,ad-f01-09,online-boutique,node-a,0.3131,27.6389,0,93.1013,0.002436,42.5198,32.8523,76.6862,95.2158,149.9592,90.343,92.8744,0.0795,0.1473,117738.9154,66520.5275,pod_kill,coupon-service,2026-06-09 14:05:00,2026-06-09 14:20:00,during_fault,1.1429397,1
2026-06-09 14:11:20,680,EXP_FAULT_01,RUN_01,pod_kill,1,adservice,ad-f01-09,online-boutique,node-a,0.3118,27.2536,0,92.4543,0.001881,37.6858,26.4105,67.6475,91.6998,141.7309,89.7995,92.2804,0.0423,0.1316,86527.4831,79848.3561,pod_kill,coupon-service,2026-06-09 14:05:00,2026-06-09 14:20:00,during_fault,0.15120585,0
2026-06-09 14:11:25,685,EXP_FAULT_01,RUN_01,pod_kill,1,adservice,ad-f01-09,online-boutique,node-a,0.3227,27.4042,0,96.7875,0.002603,41.0626,27.6731,69.3089,100.3198,152.5335,94.0151,96.5355,0.106,0.146,119527.2652,90847.6906,pod_kill,coupon-service,2026-06-09 14:05:00,2026-06-09 14:20:00,during_fault,0.70944273,1
2026-06-09 14:11:30,690,EXP_FAULT_01,RUN_01,pod_kill,1,adservice,ad-f01-09,online-boutique,node-a,0.3345,26.9474,0,94.9631,0.002591,40.0628,27.3765,68.533,98.9347,145.7767,92.2608,94.717,0.1089,0.1371,114269.3868,90630.6606,pod_kill,coupon-service,2026-06-09 14:05:00,2026-06-09 14:20:00,during_fault,0.92876595,1
2026-06-09 14:11:35,695,EXP_FAULT_01,RUN_01,pod_kill,1,adservice,ad-f01-09,online-boutique,node-a,0.3341,26.8342,0,94.2659,0.0016,40.9906,28.6267,76.5997,92.7307,143.7923,91.6604,94.115,0.0268,0.1241,104024.9004,91162.7653,pod_kill,coupon-service,2026-06-09 14:05:00,2026-06-09 14:20:00,during_fault,1.1040496,1
2026-06-09 14:11:40,700,EXP_FAULT_01,RUN_01,pod_kill,1,adservice,ad-f01-09,online-boutique,node-a,0.3407,27.1195,0,98.3497,0.001855,38.9769,29.8327,64.6023,92.2543,130.2129,95.6026,98.1673,0.0427,0.1398,85845.9034,87634.7402,pod_kill,coupon-service,2026-06-09 14:05:00,2026-06-09 14:20:00,during_fault,0.6213294,1
2026-06-09 14:11:45,705,EXP_FAULT_01,RUN_01,pod_kill,1,adservice,ad-f01-09,online-boutique,node-a,0.3397,27.339,0,94.8969,0.002559,37.6553,26.9313,64.2509,94.9316,123.3869,92.2003,94.6541,0.0957,0.1471,104348.8761,95669.3358,pod_kill,coupon-service,2026-06-09 14:05:00,2026-06-09 14:20:00,during_fault,0.65392905,1
2026-06-09 14:11:50,710,EXP_FAULT_01,RUN_01,pod_kill,1,adservice,ad-f01-09,online-boutique,node-a,0.2963,27.1981,0,95.2888,0.002126,39.1272,27.5365,72.2293,87.119,145.7681,92.5288,95.0863,0.0732,0.1294,94935.7268,67339.4936,pod_kill,coupon-service,2026-06-09 14:05:00,2026-06-09 14:20:00,during_fault,0.08453593,0
2026-06-09 14:11:55,715,EXP_FAULT_01,RUN_01,pod_kill,1,adservice,ad-f01-09,online-boutique,node-a,0.3263,27.7036,0,97.0189,0.002287,41.9749,30.9936,79.3144,93.9495,156.2774,94.1572,96.797,0.0767,0.1451,92806.0405,64631.2941,pod_kill,coupon-service,2026-06-09 14:05:00,2026-06-09 14:20:00,during_fault,0.91376096,1
2026-06-09 14:12:00,720,EXP_FAULT_01,RUN_01,pod_kill,1,adservice,ad-f01-09,online-boutique,node-a,0.3316,27.186,0,95.9141,0.002295,37.9977,28.4365,63.6943,86.6679,140.4272,93.0183,95.6939,0.0718,0.1484,96491.8894,79981.5242,pod_kill,coupon-service,2026-06-09 14:05:00,2026-06-09 14:20:00,during_fault,0.37030232,0
2026-06-09 14:12:05,725,EXP_FAULT_01,RUN_01,pod_kill,1,adservice,ad-f01-09,online-boutique,node-a,0.3345,27.1799,0,98.6204,0.002924,37.9456,27.8463,70.2877,98.3616,145.9137,95.4987,98.332,0.1442,0.1441,112946.0039,92786.0723,pod_kill,coupon-service,2026-06-09 14:05:00,2026-06-09 14:20:00,during_fault,0.41019973,0
2026-06-09 14:12:10,730,EXP_FAULT_01,RUN_01,pod_kill,1,adservice,ad-f01-09,online-boutique,node-a,0.3136,27.6086,0,96.5784,0.002426,39.825,28.5316,72.4244,91.5908,140.7627,93.4489,96.3441,0.0676,0.1666,117636.8047,75369.6258,pod_kill,coupon-service,2026-06-09 14:05:00,2026-06-09 14:20:00,during_fault,0.35013965,0
2026-06-09 14:12:15,735,EXP_FAULT_01,RUN_01,pod_kill,1,adservice,ad-f01-09,online-boutique,node-a,0.3391,27.7564,0,97.0769,0.00221,39.5009,26.3175,76.4848,103.7459,147.109,93.8198,96.8624,0.0544,0.1602,122802.8091,79762.8028,pod_kill,coupon-service,2026-06-09 14:05:00,2026-06-09 14:20:00,during_fault,0.86079633,1
2026-06-09 14:12:20,740,EXP_FAULT_01,RUN_01,pod_kill,1,adservice,ad-f01-09,online-boutique,node-a,0.3214,27.4402,0,96.4118,0.002959,39.8085,27.2496,76.9823,91.8862,155.9784,93.0056,96.1265,0.1168,0.1685,113251.2369,69089.519,pod_kill,coupon-service,2026-06-09 14:05:00,2026-06-09 14:20:00,during_fault,0.61156166,1
2026-06-09 14:12:25,745,EXP_FAULT_01,RUN_01,pod_kill,1,adservice,ad-f01-09,online-boutique,node-a,0.3491,27.369,0,96.2137,0.002927,40.0741,28.8905,69.3763,100.664,166.074,92.6625,95.932,0.1172,0.1644,88976.1967,94742.0412,pod_kill,coupon-service,2026-06-09 14:05:00,2026-06-09 14:20:00,during_fault,1.5338339,1
2026-06-09 14:12:30,750,EXP_FAULT_01,RUN_01,pod_kill,1,adservice,ad-f01-09,online-boutique,node-a,0.3119,27.2585,0,93.8273,0.002624,40.0814,27.4908,78.6137,92.4112,163.9136,90.2444,93.5811,0.056,0.1903,76991.856,86774.0765,pod_kill,coupon-service,2026-06-09 14:05:00,2026-06-09 14:20:00,during_fault,0.54182756,1
2026-06-09 14:12:35,755,EXP_FAULT_01,RUN_01,pod_kill,1,adservice,ad-f01-09,online-boutique,node-a,0.3314,27.2928,0,92.6686,0.002596,41.6582,31.314,71.8816,107.0736,159.657,88.9924,92.428,0.0535,0.1871,107233.5277,92688.8192,pod_kill,coupon-service,2026-06-09 14:05:00,2026-06-09 14:20:00,during_fault,1.5116861,1
2026-06-09 14:12:40,760,EXP_FAULT_01,RUN_01,pod_kill,1,adservice,ad-f01-09,online-boutique,node-a,0.3375,26.9982,0,94.6093,0.002729,40.3027,29.0197,75.5831,106.463,161.922,90.7046,94.3511,0.0739,0.1843,102683.8285,69382.9874,pod_kill,coupon-service,2026-06-09 14:05:00,2026-06-09 14:20:00,during_fault,1.1542289,1
2026-06-09 14:12:45,765,EXP_FAULT_01,RUN_01,pod_kill,1,adservice,ad-f01-09,online-boutique,node-a,0.3179,27.5797,0,94.319,0.002975,40.4833,30.8043,79.7757,101.8926,158.9313,90.2637,94.0384,0.0858,0.1948,101829.8752,91180.7838,pod_kill,coupon-service,2026-06-09 14:05:00,2026-06-09 14:20:00,during_fault,0.8579302,1
2026-06-09 14:12:50,770,EXP_FAULT_01,RUN_01,pod_kill,1,adservice,ad-f01-09,online-boutique,node-a,0.3325,27.5288,0,92.3328,0.002874,40.9034,28.3057,80.149,111.1506,165.7202,88.2294,92.0674,0.0658,0.1996,78784.5205,62761.9925,pod_kill,coupon-service,2026-06-09 14:05:00,2026-06-09 14:20:00,during_fault,1.4628605,1
2026-06-09 14:12:55,775,EXP_FAULT_01,RUN_01,pod_kill,1,adservice,ad-f01-09,online-boutique,node-a,0.3254,26.6898,0,90.4208,0.003599,42.2919,27.7321,78.3675,107.0763,157.7599,86.2374,90.0954,0.1143,0.2111,111345.2775,68077.9692,pod_kill,coupon-service,2026-06-09 14:05:00,2026-06-09 14:20:00,during_fault,2.0743146,1
2026-06-09 14:13:00,780,EXP_FAULT_01,RUN_01,pod_kill,1,adservice,ad-f01-09,online-boutique,node-a,0.3061,26.7748,0,89.3505,0.002946,38.1151,27.4537,66.6345,98.6533,167.0986,85.0973,89.0872,0.0475,0.2158,77045.5182,85491.7874,pod_kill,coupon-service,2026-06-09 14:05:00,2026-06-09 14:20:00,during_fault,0.37555084,0
2026-06-09 14:13:05,785,EXP_FAULT_01,RUN_01,pod_kill,1,adservice,ad-f01-09,online-boutique,node-a,0.3079,27.622,0,89.8173,0.003317,39.068,29.1881,72.8877,97.3137,149.9729,85.4126,89.5194,0.0799,0.218,88979.4076,73642.6787,pod_kill,coupon-service,2026-06-09 14:05:00,2026-06-09 14:20:00,during_fault,1.3374753,1
2026-06-09 14:13:10,790,EXP_FAULT_01,RUN_01,pod_kill,1,adservice,ad-f01-09,online-boutique,node-a,0.327,27.2961,0,90.9159,0.003377,42.1495,31.0105,77.8539,117.7576,172.8442,86.3427,90.6089,0.0763,0.2308,75883.2535,86420.3132,pod_kill,coupon-service,2026-06-09 14:05:00,2026-06-09 14:20:00,during_fault,2.0680108,1
2026-06-09 14:13:15,795,EXP_FAULT_01,RUN_01,pod_kill,1,adservice,ad-f01-09,online-boutique,node-a,0.3146,27.3328,0,90.9623,0.003607,43.512,29.8713,83.8337,108.2043,181.3085,86.2347,90.6342,0.1092,0.2188,99442.3911,86319.4499,pod_kill,coupon-service,2026-06-09 14:05:00,2026-06-09 14:20:00,during_fault,2.1624186,1
2026-06-09 14:13:20,800,EXP_FAULT_01,RUN_01,pod_kill,1,adservice,ad-f01-09,online-boutique,node-a,0.3276,27.2067,0,88.4883,0.004044,39.9658,26.4926,70.9534,111.3791,163.1483,83.8066,88.1304,0.1251,0.2327,93444.5153,87253.8854,pod_kill,coupon-service,2026-06-09 14:05:00,2026-06-09 14:20:00,during_fault,2.016904,1
2026-06-09 14:13:25,805,EXP_FAULT_01,RUN_01,pod_kill,1,adservice,ad-f01-09,online-boutique,node-a,0.2984,27.0559,0,90.2627,0.003043,45.8903,31.6806,84.0227,114.5751,182.44,85.4419,89.988,0.0263,0.2484,98949.5867,87174.7528,pod_kill,coupon-service,2026-06-09 14:05:00,2026-06-09 14:20:00,during_fault,2.130183,1
2026-06-09 14:13:30,810,EXP_FAULT_01,RUN_01,pod_kill,1,adservice,ad-f01-09,online-boutique,node-a,0.3095,26.5617,0,89.9465,0.004256,41.011,30.0456,85.1928,111.1463,187.5232,85.0313,89.5637,0.1335,0.2493,102377.7865,80815.8616,pod_kill,coupon-service,2026-06-09 14:05:00,2026-06-09 14:20:00,during_fault,1.4150827,1
2026-06-09 14:13:35,815,EXP_FAULT_01,RUN_01,pod_kill,1,adservice,ad-f01-09,online-boutique,node-a,0.3279,27.7756,0,90.2734,0.003048,41.773,27.092,81.511,110.0327,192.5615,85.3397,89.9983,0.0399,0.2353,106332.2501,78932.5861,pod_kill,coupon-service,2026-06-09 14:05:00,2026-06-09 14:20:00,during_fault,1.9166664,1
2026-06-09 14:13:40,820,EXP_FAULT_01,RUN_01,pod_kill,1,adservice,ad-f01-09,online-boutique,node-a,0.311,27.3349,0,88.6138,0.003031,44.0872,30.1714,80.9431,125.0102,189.6439,83.7348,88.3452,0.041,0.2276,79440.861,68165.1411,pod_kill,coupon-service,2026-06-09 14:05:00,2026-06-09 14:20:00,during_fault,2.2378428,1
2026-06-09 14:13:45,825,EXP_FAULT_01,RUN_01,pod_kill,1,adservice,ad-f01-09,online-boutique,node-a,0.3173,27.8078,0,90.8359,0.003976,46.7874,31.3784,94.9473,131.2191,190.6074,85.7928,90.4747,0.1239,0.2373,82048.5518,80723.4847,pod_kill,coupon-service,2026-06-09 14:05:00,2026-06-09 14:20:00,during_fault,4.561076,1
2026-06-09 14:13:50,830,EXP_FAULT_01,RUN_01,pod_kill,1,adservice,ad-f01-09,online-boutique,node-a,0.3244,27.13,0,91.7466,0.003512,42.4011,31.4632,76.4615,108.0988,184.5721,86.664,91.4244,0.0824,0.2398,90146.3914,95211.7742,pod_kill,coupon-service,2026-06-09 14:05:00,2026-06-09 14:20:00,during_fault,1.9831778,1
2026-06-09 14:13:55,835,EXP_FAULT_01,RUN_01,pod_kill,1,adservice,ad-f01-09,online-boutique,node-a,0.3257,27.3173,0,89.9926,0.003824,42.0979,27.5901,75.3291,106.5709,185.4607,84.9904,89.6485,0.1105,0.2336,99986.0672,76792.8966,pod_kill,coupon-service,2026-06-09 14:05:00,2026-06-09 14:20:00,during_fault,2.3858423,1
2026-06-09 14:14:00,840,EXP_FAULT_01,RUN_01,pod_kill,1,adservice,ad-f01-09,online-boutique,node-a,0.3046,27.2277,0,92.8002,0.003913,44.1747,28.9962,82.1289,128.0444,189.6595,87.6785,92.4371,0.1013,0.2618,114463.2836,91145.5604,pod_kill,coupon-service,2026-06-09 14:05:00,2026-06-09 14:20:00,during_fault,1.9195442,1
2026-06-09 14:14:05,845,EXP_FAULT_01,RUN_01,pod_kill,1,adservice,ad-f01-09,online-boutique,node-a,0.3009,26.9434,0,91.9959,0.00403,41.418,30.4212,75.4268,114.3284,186.9144,86.9869,91.6251,0.137,0.2338,79687.7566,71155.622,pod_kill,coupon-service,2026-06-09 14:05:00,2026-06-09 14:20:00,during_fault,1.1156461,1
2026-06-09 14:14:10,850,EXP_FAULT_01,RUN_01,pod_kill,1,adservice,ad-f01-09,online-boutique,node-a,0.3264,27.1261,0,90.4756,0.004046,42.8065,30.1756,78.1634,117.061,196.7712,85.6057,90.1095,0.1341,0.232,79854.2952,69928.509,pod_kill,coupon-service,2026-06-09 14:05:00,2026-06-09 14:20:00,during_fault,2.6645405,1
2026-06-09 14:14:15,855,EXP_FAULT_01,RUN_01,pod_kill,1,adservice,ad-f01-09,online-boutique,node-a,0.3326,26.7198,0,90.2796,0.003811,44.7544,32.4807,81.5098,123.1883,184.445,85.515,89.9356,0.1241,0.2199,97268.1534,90799.5645,pod_kill,coupon-service,2026-06-09 14:05:00,2026-06-09 14:20:00,during_fault,3.5500054,1
2026-06-09 14:14:20,860,EXP_FAULT_01,RUN_01,pod_kill,1,adservice,ad-f01-09,online-boutique,node-a,0.3135,27.2491,0,90.7925,0.002856,42.3927,30.3955,75.5693,111.8628,171.8128,86.1318,90.5331,0.0457,0.2136,99568.9572,59554.595,pod_kill,coupon-service,2026-06-09 14:05:00,2026-06-09 14:20:00,during_fault,1.4284608,1
2026-06-09 14:14:25,865,EXP_FAULT_01,RUN_01,pod_kill,1,adservice,ad-f01-09,online-boutique,node-a,0.3082,27.2188,0,93.1572,0.00284,39.0868,26.932,70.9615,101.633,161.526,88.4704,92.8926,0.0247,0.2399,78028.0586,62205.802,pod_kill,coupon-service,2026-06-09 14:05:00,2026-06-09 14:20:00,during_fault,0.39691573,0
2026-06-09 14:14:30,870,EXP_FAULT_01,RUN_01,pod_kill,1,adservice,ad-f01-09,online-boutique,node-a,0.3226,26.5488,0,92.509,0.002787,40.0357,27.8771,79.4681,98.6513,177.1744,87.9806,92.2512,0.0403,0.2175,106350.244,64093.4469,pod_kill,coupon-service,2026-06-09 14:05:00,2026-06-09 14:20:00,during_fault,0.85529387,1
2026-06-09 14:14:35,875,EXP_FAULT_01,RUN_01,pod_kill,1,adservice,ad-f01-09,online-boutique,node-a,0.3233,26.8664,0,94.2036,0.003514,43.0895,28.9618,79.6315,113.7551,169.5867,89.6826,93.8725,0.1142,0.2169,112911.1562,82262.7219,pod_kill,coupon-service,2026-06-09 14:05:00,2026-06-09 14:20:00,during_fault,1.802963,1
2026-06-09 14:14:40,880,EXP_FAULT_01,RUN_01,pod_kill,1,adservice,ad-f01-09,online-boutique,node-a,0.3032,27.1497,0,95.4912,0.002871,39.1326,27.5861,74.0847,101.8824,164.9473,91.0787,95.217,0.0456,0.2286,112407.0035,66374.8512,pod_kill,coupon-service,2026-06-09 14:05:00,2026-06-09 14:20:00,during_fault,0.24338298,0
2026-06-09 14:14:45,885,EXP_FAULT_01,RUN_01,pod_kill,1,adservice,ad-f01-09,online-boutique,node-a,0.3182,27.1031,0,97.3722,0.003619,41.0241,31.0972,77.3334,106.3135,168.3544,92.9906,97.0198,0.1393,0.2131,114073.0068,79131.389,pod_kill,coupon-service,2026-06-09 14:05:00,2026-06-09 14:20:00,during_fault,0.9838749,1
2026-06-09 14:14:50,890,EXP_FAULT_01,RUN_01,pod_kill,1,adservice,ad-f01-09,online-boutique,node-a,0.3414,27.0589,0,98.8964,0.003759,44.4925,33.8747,83.1078,111.6533,161.5001,94.6192,98.5247,0.1517,0.22,93391.1693,101775.6584,pod_kill,coupon-service,2026-06-09 14:05:00,2026-06-09 14:20:00,during_fault,2.4576836,1
2026-06-09 14:14:55,895,EXP_FAULT_01,RUN_01,pod_kill,1,adservice,ad-f01-09,online-boutique,node-a,0.3219,26.9024,0,96.1675,0.002562,40.0644,30.099,69.6437,97.7793,154.5536,92.207,95.9212,0.0458,0.2005,86923.6631,72915.6792,pod_kill,coupon-service,2026-06-09 14:05:00,2026-06-09 14:20:00,during_fault,0.5451115,1
2026-06-09 14:15:00,900,EXP_FAULT_01,RUN_01,pod_kill,1,adservice,ad-f01-09,online-boutique,node-a,0.3309,27.435,0,99.3073,0.002137,40.0941,27.3491,68.4458,101.5986,166.0582,95.3934,99.0951,0.0339,0.1783,120318.1219,93248.9218,pod_kill,coupon-service,2026-06-09 14:05:00,2026-06-09 14:20:00,during_fault,0.4822933,1
2026-06-09 14:15:05,905,EXP_FAULT_01,RUN_01,pod_kill,1,adservice,ad-f01-09,online-boutique,node-a,0.3224,27.3671,0,97.1434,0.002706,42.1336,31.9156,80.4014,96.9823,171.4022,93.4544,96.8806,0.0736,0.1893,107601.4546,74611.759,pod_kill,coupon-service,2026-06-09 14:05:00,2026-06-09 14:20:00,during_fault,0.9310918,1
2026-06-09 14:15:10,910,EXP_FAULT_01,RUN_01,pod_kill,1,adservice,ad-f01-09,online-boutique,node-a,0.3309,27.6763,0,94.7983,0.002938,41.712,29.6321,78.7756,109.0779,146.9561,91.2942,94.5198,0.0948,0.1838,96202.859,76160.2354,pod_kill,coupon-service,2026-06-09 14:05:00,2026-06-09 14:20:00,during_fault,1.3873491,1
2026-06-09 14:15:15,915,EXP_FAULT_01,RUN_01,pod_kill,1,adservice,ad-f01-09,online-boutique,node-a,0.3229,27.3667,0,96.2567,0.002454,40.6644,29.9973,75.5683,93.9836,163.4608,92.8655,96.0205,0.0846,0.1517,112891.5361,89037.1761,pod_kill,coupon-service,2026-06-09 14:05:00,2026-06-09 14:20:00,during_fault,0.63543123,1
2026-06-09 14:15:20,920,EXP_FAULT_01,RUN_01,pod_kill,1,adservice,ad-f01-09,online-boutique,node-a,0.3437,27.1022,0,100.6286,0.002862,40.7705,29.8876,71.3729,106.7128,145.7248,97.2212,100.3406,0.1133,0.1748,88490.1628,68623.0904,pod_kill,coupon-service,2026-06-09 14:05:00,2026-06-09 14:20:00,during_fault,0.9873009,1
2026-06-09 14:15:25,925,EXP_FAULT_01,RUN_01,pod_kill,1,adservice,ad-f01-09,online-boutique,node-a,0.3143,27.7367,0,95.2773,0.003388,37.4025,27.6509,65.248,89.1661,137.682,92.1542,94.9545,0.1516,0.1712,92192.6527,72395.0005,pod_kill,coupon-service,2026-06-09 14:05:00,2026-06-09 14:20:00,during_fault,1.0000775,1
2026-06-09 14:15:30,930,EXP_FAULT_01,RUN_01,pod_kill,1,adservice,ad-f01-09,online-boutique,node-a,0.3239,27.409,0,98.2019,0.002886,41.154,31.9834,74.509,92.0204,163.3376,95.0847,97.9184,0.1385,0.145,84497.606,66080.0292,pod_kill,coupon-service,2026-06-09 14:05:00,2026-06-09 14:20:00,during_fault,0.7295679,1
2026-06-09 14:15:35,935,EXP_FAULT_01,RUN_01,pod_kill,1,adservice,ad-f01-09,online-boutique,node-a,0.3198,27.6633,0,97.8079,0.002151,39.2977,26.2724,67.7613,98.922,148.3406,94.857,97.5975,0.0566,0.1539,120580.2677,76899.6899,pod_kill,coupon-service,2026-06-09 14:05:00,2026-06-09 14:20:00,during_fault,0.23754135,0
2026-06-09 14:15:40,940,EXP_FAULT_01,RUN_01,pod_kill,1,adservice,ad-f01-09,online-boutique,node-a,0.311,27.7033,0,94.9481,0.002159,37.5748,28.6652,66.3295,87.2243,124.1249,92.1375,94.7431,0.066,0.139,94171.1349,79419.614,pod_kill,coupon-service,2026-06-09 14:05:00,2026-06-09 14:20:00,during_fault,0.13844094,0
2026-06-09 14:15:45,945,EXP_FAULT_01,RUN_01,pod_kill,1,adservice,ad-f01-09,online-boutique,node-a,0.3369,27.6642,0,95.8669,0.002577,36.4518,27.0039,69.144,89.757,119.1788,93.0888,95.6199,0.0975,0.1495,104657.7697,82096.3171,pod_kill,coupon-service,2026-06-09 14:05:00,2026-06-09 14:20:00,during_fault,0.3767619,0
2026-06-09 14:15:50,950,EXP_FAULT_01,RUN_01,pod_kill,1,adservice,ad-f01-09,online-boutique,node-a,0.3251,26.7095,0,94.4148,0.002787,39.1631,26.2937,65.2505,86.4513,126.8032,91.6942,94.1517,0.1112,0.1519,102522.9845,70545.5916,pod_kill,coupon-service,2026-06-09 14:05:00,2026-06-09 14:20:00,during_fault,0.60504544,1
2026-06-09 14:15:55,955,EXP_FAULT_01,RUN_01,pod_kill,1,adservice,ad-f01-09,online-boutique,node-a,0.3361,27.7261,0,95.3532,0.001925,36.1727,27.9535,67.3095,83.7116,126.2285,92.6779,95.1696,0.0369,0.1466,95072.41,92943.5823,pod_kill,coupon-service,2026-06-09 14:05:00,2026-06-09 14:20:00,during_fault,0.3029719,0
2026-06-09 14:16:00,960,EXP_FAULT_01,RUN_01,pod_kill,1,adservice,ad-f01-09,online-boutique,node-a,0.3237,26.9332,0,99.1264,0.002808,38.2523,29.9615,63.6027,84.8646,146.7005,96.3174,98.8481,0.1435,0.1348,94723.5652,68197.6449,pod_kill,coupon-service,2026-06-09 14:05:00,2026-06-09 14:20:00,during_fault,0.25316274,0
2026-06-09 14:16:05,965,EXP_FAULT_01,RUN_01,pod_kill,1,adservice,ad-f01-09,online-boutique,node-a,0.3288,27.5411,0,97.62,0.002229,41.1598,29.1247,69.7713,99.2313,134.0337,94.8611,97.4025,0.0773,0.1402,116627.5076,78829.2903,pod_kill,coupon-service,2026-06-09 14:05:00,2026-06-09 14:20:00,during_fault,0.74139,1
2026-06-09 14:16:10,970,EXP_FAULT_01,RUN_01,pod_kill,1,adservice,ad-f01-09,online-boutique,node-a,0.3222,27.2987,0,95.5583,0.002093,37.2598,26.136,68.2858,81.4603,145.9795,92.8659,95.3583,0.0505,0.1495,113635.2364,94690.0075,pod_kill,coupon-service,2026-06-09 14:05:00,2026-06-09 14:20:00,during_fault,0.13059883,0
2026-06-09 14:16:15,975,EXP_FAULT_01,RUN_01,pod_kill,1,adservice,ad-f01-09,online-boutique,node-a,0.3245,27.3709,0,93.3395,0.002125,37.6375,27.3694,69.7226,95.1634,147.9073,90.6583,93.1412,0.077,0.1214,108862.6792,74924.917,pod_kill,coupon-service,2026-06-09 14:05:00,2026-06-09 14:20:00,during_fault,0.3036498,0
2026-06-09 14:16:20,980,EXP_FAULT_01,RUN_01,pod_kill,1,adservice,ad-f01-09,online-boutique,node-a,0.3101,27.1481,0,93.5212,0.002108,38.0473,27.2887,71.2307,93.8122,148.5414,90.7554,93.324,0.0707,0.1265,88429.6613,95106.5026,pod_kill,coupon-service,2026-06-09 14:05:00,2026-06-09 14:20:00,during_fault,0.14759746,0
2026-06-09 14:16:25,985,EXP_FAULT_01,RUN_01,pod_kill,1,adservice,ad-f01-09,online-boutique,node-a,0.3193,27.0164,0,94.5615,0.002021,37.9479,27.4643,68.5742,92.2343,137.8295,91.6971,94.3705,0.0388,0.1523,100628.3351,72300.0012,pod_kill,coupon-service,2026-06-09 14:05:00,2026-06-09 14:20:00,during_fault,0.19164774,0
2026-06-09 14:16:30,990,EXP_FAULT_01,RUN_01,pod_kill,1,adservice,ad-f01-09,online-boutique,node-a,0.3221,27.0152,0,94.136,0.00307,35.3639,26.1269,65.4229,80.0333,141.1204,91.1498,93.847,0.1322,0.1568,120355.8987,71605.5963,pod_kill,coupon-service,2026-06-09 14:05:00,2026-06-09 14:20:00,during_fault,0.20436434,0
2026-06-09 14:16:35,995,EXP_FAULT_01,RUN_01,pod_kill,1,adservice,ad-f01-09,online-boutique,node-a,0.3184,27.0123,0,94.6248,0.003016,41.6025,28.3002,69.369,107.2582,154.9731,91.5081,94.3394,0.115,0.1704,89155.3938,62515.0921,pod_kill,coupon-service,2026-06-09 14:05:00,2026-06-09 14:20:00,during_fault,1.0267974,1
2026-06-09 14:16:40,1000,EXP_FAULT_01,RUN_01,pod_kill,1,adservice,ad-f01-09,online-boutique,node-a,0.3246,27.2698,0,90.9372,0.002023,40.2193,28.2946,74.7818,101.2694,151.3509,87.8878,90.7533,0.0378,0.1462,84509.2787,72619.3545,pod_kill,coupon-service,2026-06-09 14:05:00,2026-06-09 14:20:00,during_fault,0.9539889,1
2026-06-09 14:16:45,1005,EXP_FAULT_01,RUN_01,pod_kill,1,adservice,ad-f01-09,online-boutique,node-a,0.3316,27.4031,0,94.1395,0.002286,41.5491,30.3792,72.6052,95.8932,165.71,90.8552,93.9243,0.0489,0.1663,108038.0819,83068.8618,pod_kill,coupon-service,2026-06-09 14:05:00,2026-06-09 14:20:00,during_fault,1.2506351,1
2026-06-09 14:16:50,1010,EXP_FAULT_01,RUN_01,pod_kill,1,adservice,ad-f01-09,online-boutique,node-a,0.3128,27.2353,0,92.9491,0.003209,39.7888,28.7425,69.7738,103.4204,146.7679,89.5101,92.6509,0.1161,0.1822,101912.5924,83930.2209,pod_kill,coupon-service,2026-06-09 14:05:00,2026-06-09 14:20:00,during_fault,0.7379633,1
2026-06-09 14:16:55,1015,EXP_FAULT_01,RUN_01,pod_kill,1,adservice,ad-f01-09,online-boutique,node-a,0.3176,27.6117,0,93.6422,0.00268,41.9186,30.7926,76.1708,106.7104,169.211,90.0698,93.3913,0.0826,0.1684,84281.2737,80307.5511,pod_kill,coupon-service,2026-06-09 14:05:00,2026-06-09 14:20:00,during_fault,1.1055022,1
2026-06-09 14:17:00,1020,EXP_FAULT_01,RUN_01,pod_kill,1,adservice,ad-f01-09,online-boutique,node-a,0.2981,27.4743,0,94.076,0.002864,44.0042,32.2933,87.2773,103.3579,167.5369,90.3462,93.8066,0.0713,0.1981,97392.7497,88228.3529,pod_kill,coupon-service,2026-06-09 14:05:00,2026-06-09 14:20:00,during_fault,1.2488027,1
2026-06-09 14:17:05,1025,EXP_FAULT_01,RUN_01,pod_kill,1,adservice,ad-f01-09,online-boutique,node-a,0.3137,27.2076,0,95.3799,0.003536,40.9113,31.4347,73.8716,103.2595,171.646,91.3886,95.0426,0.1357,0.2016,115793.0414,67222.587,pod_kill,coupon-service,2026-06-09 14:05:00,2026-06-09 14:20:00,during_fault,0.96229774,1
2026-06-09 14:17:10,1030,EXP_FAULT_01,RUN_01,pod_kill,1,adservice,ad-f01-09,online-boutique,node-a,0.3216,27.5269,0,94.74,0.003574,42.79,30.2064,81.5809,111.446,160.7117,90.6535,94.4013,0.1437,0.195,94586.7763,96131.2076,pod_kill,coupon-service,2026-06-09 14:05:00,2026-06-09 14:20:00,during_fault,1.7661736,1
2026-06-09 14:17:15,1035,EXP_FAULT_01,RUN_01,pod_kill,1,adservice,ad-f01-09,online-boutique,node-a,0.3045,26.7119,0,93.6116,0.002776,43.6311,29.2981,83.1874,110.8168,183.451,89.438,93.3517,0.0623,0.1976,119007.9785,85780.3685,pod_kill,coupon-service,2026-06-09 14:05:00,2026-06-09 14:20:00,during_fault,1.0789036,1
2026-06-09 14:17:20,1040,EXP_FAULT_01,RUN_01,pod_kill,1,adservice,ad-f01-09,online-boutique,node-a,0.3194,27.5328,0,95.7139,0.002823,42.0038,28.8859,82.9399,102.7935,164.6794,91.3068,95.4436,0.0698,0.2004,96090.4308,83579.2624,pod_kill,coupon-service,2026-06-09 14:05:00,2026-06-09 14:20:00,during_fault,1.0157238,1
2026-06-09 14:17:25,1045,EXP_FAULT_01,RUN_01,pod_kill,1,adservice,ad-f01-09,online-boutique,node-a,0.3042,26.786,0,99.5372,0.003515,43.8859,29.2898,77.4776,115.2967,171.7695,94.7472,99.1873,0.1316,0.2183,111735.7707,100389.9863,pod_kill,coupon-service,2026-06-09 14:05:00,2026-06-09 14:20:00,during_fault,0.8883913,1
2026-06-09 14:17:30,1050,EXP_FAULT_01,RUN_01,pod_kill,1,adservice,ad-f01-09,online-boutique,node-a,0.3376,27.8629,0,99.3631,0.003944,44.6492,30.6835,91.1025,123.1475,180.2623,94.4169,98.9712,0.1554,0.2365,111662.8938,82972.0173,pod_kill,coupon-service,2026-06-09 14:05:00,2026-06-09 14:20:00,during_fault,2.4725826,1
2026-06-09 14:17:35,1055,EXP_FAULT_01,RUN_01,pod_kill,1,adservice,ad-f01-09,online-boutique,node-a,0.324,27.3687,0,102.4685,0.003729,42.7751,31.6018,85.1515,115.6664,187.8036,97.2682,102.0864,0.1347,0.2473,101100.6672,92955.2823,pod_kill,coupon-service,2026-06-09 14:05:00,2026-06-09 14:20:00,during_fault,1.1048224,1
2026-06-09 14:17:40,1060,EXP_FAULT_01,RUN_01,pod_kill,1,adservice,ad-f01-09,online-boutique,node-a,0.3323,26.9256,0,101.6598,0.002749,43.5171,32.7769,84.6747,113.6658,189.1207,96.4367,101.3803,0.0346,0.2448,120933.9794,88873.9791,pod_kill,coupon-service,2026-06-09 14:05:00,2026-06-09 14:20:00,during_fault,1.0836396,1
2026-06-09 14:17:45,1065,EXP_FAULT_01,RUN_01,pod_kill,1,adservice,ad-f01-09,online-boutique,node-a,0.3183,27.2704,0,103.7688,0.003608,43.3319,29.2455,85.3495,114.4805,199.9917,98.2724,103.3944,0.1254,0.249,98069.8747,101347.2202,pod_kill,coupon-service,2026-06-09 14:05:00,2026-06-09 14:20:00,during_fault,0.97750056,1
2026-06-09 14:17:50,1070,EXP_FAULT_01,RUN_01,pod_kill,1,adservice,ad-f01-09,online-boutique,node-a,0.3316,27.2572,0,100.7572,0.004087,43.8539,29.3542,77.8841,122.6126,177.5916,95.2939,100.3455,0.142,0.2698,101635.5528,68368.5051,pod_kill,coupon-service,2026-06-09 14:05:00,2026-06-09 14:20:00,during_fault,1.8900471,1
2026-06-09 14:17:55,1075,EXP_FAULT_01,RUN_01,pod_kill,1,adservice,ad-f01-09,online-boutique,node-a,0.3389,27.0769,0,106.0049,0.003573,42.7676,27.833,79.6588,106.6011,182.2033,100.2362,105.6262,0.1081,0.2707,111573.4422,85486.9701,pod_kill,coupon-service,2026-06-09 14:05:00,2026-06-09 14:20:00,during_fault,1.0084685,1
2026-06-09 14:18:00,1080,EXP_FAULT_01,RUN_01,pod_kill,1,adservice,ad-f01-09,online-boutique,node-a,0.3182,27.5848,0,104.2471,0.003323,44.5132,32.5559,87.7726,128.9555,204.7609,98.5144,103.9007,0.0569,0.2895,112627.3178,73678.3184,pod_kill,coupon-service,2026-06-09 14:05:00,2026-06-09 14:20:00,during_fault,1.0127182,1
2026-06-09 14:18:05,1085,EXP_FAULT_01,RUN_01,pod_kill,1,adservice,ad-f01-09,online-boutique,node-a,0.3324,27.1099,0,107.1284,0.004198,43.5922,31.91,80.0406,126.7473,178.2665,101.155,106.6787,0.1514,0.2983,134096.3943,83790.2943,pod_kill,coupon-service,2026-06-09 14:05:00,2026-06-09 14:20:00,during_fault,1.2894372,1
2026-06-09 14:18:10,1090,EXP_FAULT_01,RUN_01,pod_kill,1,adservice,ad-f01-09,online-boutique,node-a,0.3387,27.3413,0,108.0809,0.003747,42.926,30.8313,86.9714,116.0141,182.8401,102.0565,107.6758,0.1132,0.2918,121020.0882,94844.9275,pod_kill,coupon-service,2026-06-09 14:05:00,2026-06-09 14:20:00,during_fault,0.98271495,1
2026-06-09 14:18:15,1095,EXP_FAULT_01,RUN_01,pod_kill,1,adservice,ad-f01-09,online-boutique,node-a,0.3219,27.5487,0,105.8941,0.003388,43.6251,30.3807,87.5132,121.6998,188.6824,100.0079,105.5353,0.0895,0.2693,129930.6046,74006.5213,pod_kill,coupon-service,2026-06-09 14:05:00,2026-06-09 14:20:00,during_fault,0.8013811,1
2026-06-09 14:18:20,1100,EXP_FAULT_01,RUN_01,pod_kill,1,adservice,ad-f01-09,online-boutique,node-a,0.326,27.2864,0,108.3144,0.003339,45.7592,30.067,90.9515,116.0299,208.375,102.336,107.9527,0.0822,0.2795,127955.4489,97647.7302,pod_kill,coupon-service,2026-06-09 14:05:00,2026-06-09 14:20:00,during_fault,1.0595059,1
2026-06-09 14:18:25,1105,EXP_FAULT_01,RUN_01,pod_kill,1,adservice,ad-f01-09,online-boutique,node-a,0.2973,27.5286,0,107.4423,0.003398,44.462,32.3505,84.1085,112.1185,201.1235,101.5454,107.0773,0.076,0.2891,122157.6514,107297.5766,pod_kill,coupon-service,2026-06-09 14:05:00,2026-06-09 14:20:00,during_fault,0.9603842,1
2026-06-09 14:18:30,1110,EXP_FAULT_01,RUN_01,pod_kill,1,adservice,ad-f01-09,online-boutique,node-a,0.3312,27.6932,0,105.8454,0.004026,42.6518,31.7921,79.7231,108.2028,180.8941,100.0758,105.4192,0.1356,0.2906,112208.142,103152.0932,pod_kill,coupon-service,2026-06-09 14:05:00,2026-06-09 14:20:00,during_fault,1.1226432,1
2026-06-09 14:18:35,1115,EXP_FAULT_01,RUN_01,pod_kill,1,adservice,ad-f01-09,online-boutique,node-a,0.3303,27.8587,0,106.3671,0.003798,42.9627,28.1766,88.2008,117.0841,168.4819,100.6707,105.9631,0.1313,0.2727,109594.6214,74088.9117,pod_kill,coupon-service,2026-06-09 14:05:00,2026-06-09 14:20:00,during_fault,1.0267208,1
2026-06-09 14:18:40,1120,EXP_FAULT_01,RUN_01,pod_kill,1,adservice,ad-f01-09,online-boutique,node-a,0.3238,27.5182,0,104.895,0.003053,42.3887,29.3815,76.333,117.7203,182.9521,99.3851,104.5747,0.0675,0.2528,130323.3642,106762.3274,pod_kill,coupon-service,2026-06-09 14:05:00,2026-06-09 14:20:00,during_fault,0.5486858,1
2026-06-09 14:18:45,1125,EXP_FAULT_01,RUN_01,pod_kill,1,adservice,ad-f01-09,online-boutique,node-a,0.354,27.1502,0,109.8845,0.003555,47.5055,35.5231,85.8723,119.8723,206.6009,104.1977,109.4939,0.1242,0.2663,111883.0199,94843.5215,pod_kill,coupon-service,2026-06-09 14:05:00,2026-06-09 14:20:00,during_fault,2.5874782,1
2026-06-09 14:18:50,1130,EXP_FAULT_01,RUN_01,pod_kill,1,adservice,ad-f01-09,online-boutique,node-a,0.3171,27.8056,0,106.7339,0.003529,45.6081,33.9461,81.1152,118.2531,207.8658,101.3511,106.3573,0.1167,0.2599,133695.7477,81860.4762,pod_kill,coupon-service,2026-06-09 14:05:00,2026-06-09 14:20:00,during_fault,1.1482327,1
2026-06-09 14:18:55,1135,EXP_FAULT_01,RUN_01,pod_kill,1,adservice,ad-f01-09,online-boutique,node-a,0.3131,27.2846,0,104.911,0.003155,45.367,33.5907,85.6689,123.1951,188.6214,99.7475,104.58,0.0777,0.2532,101207.1263,76078.8187,pod_kill,coupon-service,2026-06-09 14:05:00,2026-06-09 14:20:00,during_fault,0.96782714,1
2026-06-09 14:19:00,1140,EXP_FAULT_01,RUN_01,pod_kill,1,adservice,ad-f01-09,online-boutique,node-a,0.3326,27.2295,0,105.3323,0.002958,42.9889,28.8394,79.5679,105.6313,180.0533,100.3261,105.0207,0.0717,0.24,123764.2653,69964.1535,pod_kill,coupon-service,2026-06-09 14:05:00,2026-06-09 14:20:00,during_fault,0.73268604,1
2026-06-09 14:19:05,1145,EXP_FAULT_01,RUN_01,pod_kill,1,adservice,ad-f01-09,online-boutique,node-a,0.326,27.0059,0,103.6115,0.003719,42.4637,32.2608,85.8416,112.1363,166.8945,98.8048,103.2262,0.1466,0.2388,129672.6374,103262.7512,pod_kill,coupon-service,2026-06-09 14:05:00,2026-06-09 14:20:00,during_fault,0.95571834,1
2026-06-09 14:19:10,1150,EXP_FAULT_01,RUN_01,pod_kill,1,adservice,ad-f01-09,online-boutique,node-a,0.3176,27.5071,0,103.8608,0.002589,44.5276,33.997,78.3783,114.1848,162.6084,99.257,103.5918,0.0512,0.2177,131970.4272,106414.1912,pod_kill,coupon-service,2026-06-09 14:05:00,2026-06-09 14:20:00,during_fault,0.72696805,1
2026-06-09 14:19:15,1155,EXP_FAULT_01,RUN_01,pod_kill,1,adservice,ad-f01-09,online-boutique,node-a,0.3324,27.1741,0,103.1214,0.002937,41.1549,28.8991,79.4742,103.3895,177.6015,98.6986,102.8185,0.0943,0.2086,100421.1649,69619.5046,pod_kill,coupon-service,2026-06-09 14:05:00,2026-06-09 14:20:00,during_fault,0.5509388,1
2026-06-09 14:19:20,1160,EXP_FAULT_01,RUN_01,pod_kill,1,adservice,ad-f01-09,online-boutique,node-a,0.3133,27.2264,0,100.7433,0.002532,39.4414,25.9747,75.5638,105.5255,144.9315,96.5901,100.4882,0.0642,0.1909,121415.1341,81519.3801,pod_kill,coupon-service,2026-06-09 14:05:00,2026-06-09 14:20:00,during_fault,0.18485016,0
2026-06-09 14:19:25,1165,EXP_FAULT_01,RUN_01,pod_kill,1,adservice,ad-f01-09,online-boutique,node-a,0.3318,27.3789,0,103.8036,0.002621,41.0614,31.4242,81.1755,111.3823,167.4511,99.6881,103.5316,0.0678,0.2042,111392.8469,69656.9663,pod_kill,coupon-service,2026-06-09 14:05:00,2026-06-09 14:20:00,during_fault,0.44612637,1
2026-06-09 14:19:30,1170,EXP_FAULT_01,RUN_01,pod_kill,1,adservice,ad-f01-09,online-boutique,node-a,0.3249,27.1246,0,102.9543,0.002324,45.3366,32.739,82.9179,104.3021,165.9738,99.0565,102.715,0.0467,0.1926,92945.2388,106628.6094,pod_kill,coupon-service,2026-06-09 14:05:00,2026-06-09 14:20:00,during_fault,1.0823766,1
2026-06-09 14:19:35,1175,EXP_FAULT_01,RUN_01,pod_kill,1,adservice,ad-f01-09,online-boutique,node-a,0.303,26.9262,0,105.9944,0.002958,41.1971,27.6141,80.6573,99.8988,151.6094,102.0917,105.6808,0.1319,0.1816,108737.9071,102196.9988,pod_kill,coupon-service,2026-06-09 14:05:00,2026-06-09 14:20:00,during_fault,0.29474074,0
2026-06-09 14:19:40,1180,EXP_FAULT_01,RUN_01,pod_kill,1,adservice,ad-f01-09,online-boutique,node-a,0.329,27.7597,0,102.6437,0.002186,40.5059,31.4257,75.9424,101.7352,165.7811,99.0489,102.4193,0.0313,0.1931,116010.1126,90569.6319,pod_kill,coupon-service,2026-06-09 14:05:00,2026-06-09 14:20:00,during_fault,0.35134116,0
2026-06-09 14:19:45,1185,EXP_FAULT_01,RUN_01,pod_kill,1,adservice,ad-f01-09,online-boutique,node-a,0.3325,27.549,0,99.828,0.002214,40.0883,28.7102,77.1136,98.8182,155.7133,96.4828,99.607,0.0533,0.1677,96311.1903,75777.7814,pod_kill,coupon-service,2026-06-09 14:05:00,2026-06-09 14:20:00,during_fault,0.5153733,1
2026-06-09 14:19:50,1190,EXP_FAULT_01,RUN_01,pod_kill,1,adservice,ad-f01-09,online-boutique,node-a,0.3227,27.7415,0,102.7988,0.002927,38.7255,29.5895,75.5002,94.9092,143.0091,99.4585,102.4979,0.1315,0.1693,109327.6034,79222.81,pod_kill,coupon-service,2026-06-09 14:05:00,2026-06-09 14:20:00,during_fault,0.23704395,0
2026-06-09 14:19:55,1195,EXP_FAULT_01,RUN_01,pod_kill,1,adservice,ad-f01-09,online-boutique,node-a,0.3346,27.4113,0,99.5225,0.002551,39.8572,30.191,72.8634,91.4972,150.1907,96.3919,99.2686,0.0994,0.1545,118216.8121,88174.7865,pod_kill,coupon-service,2026-06-09 14:05:00,2026-06-09 14:20:00,during_fault,0.57780904,1
2026-06-09 14:20:00,1200,EXP_FAULT_01,RUN_01,pod_kill,1,adservice,ad-f01-09,online-boutique,node-a,0.3399,27.4337,0,103.0721,0.001783,35.4315,25.6753,62.4822,78.7489,120.5932,99.9368,102.8883,0.0294,0.1544,125787.7051,69794.3274,pod_kill,coupon-service,2026-06-09 14:05:00,2026-06-09 14:20:00,post_fault,0.028630156,0
2026-06-09 14:20:05,1205,EXP_FAULT_01,RUN_01,pod_kill,1,adservice,ad-f01-09,online-boutique,node-a,0.3268,27.2101,0,103.4689,0.002133,41.9615,30.919,78.9876,97.8296,153.8752,100.3396,103.2482,0.057,0.1637,87238.877,90165.6673,pod_kill,coupon-service,2026-06-09 14:05:00,2026-06-09 14:20:00,post_fault,0.39339533,0
2026-06-09 14:20:10,1210,EXP_FAULT_01,RUN_01,pod_kill,1,adservice,ad-f01-09,online-boutique,node-a,0.3219,27.2508,0,100.8385,0.002158,39.9245,29.9406,67.0922,91.2455,140.313,97.8286,100.6209,0.0543,0.1632,101105.086,69065.3887,pod_kill,coupon-service,2026-06-09 14:05:00,2026-06-09 14:20:00,post_fault,0.1901603,0
2026-06-09 14:20:15,1215,EXP_FAULT_01,RUN_01,pod_kill,1,adservice,ad-f01-09,online-boutique,node-a,0.3405,27.4139,0,103.2239,0.002157,39.6315,29.1665,68.3451,87.9283,135.933,100.176,103.0012,0.0664,0.1563,84784.7952,101801.1954,pod_kill,coupon-service,2026-06-09 14:05:00,2026-06-09 14:20:00,post_fault,0.45225215,1
2026-06-09 14:20:20,1220,EXP_FAULT_01,RUN_01,pod_kill,1,adservice,ad-f01-09,online-boutique,node-a,0.3365,27.6046,0,103.7047,0.002222,37.9178,28.1942,70.5429,91.4256,123.5863,100.7009,103.4744,0.0684,0.162,108528.7584,79550.0259,pod_kill,coupon-service,2026-06-09 14:05:00,2026-06-09 14:20:00,post_fault,0.16291703,0
2026-06-09 14:20:25,1225,EXP_FAULT_01,RUN_01,pod_kill,1,adservice,ad-f01-09,online-boutique,node-a,0.3243,27.5588,0,101.3168,0.002678,40.9713,27.7458,71.5846,96.0413,156.6027,98.385,101.0454,0.1272,0.1441,87068.5756,100911.9176,pod_kill,coupon-service,2026-06-09 14:05:00,2026-06-09 14:20:00,post_fault,0.4405535,1
2026-06-09 14:20:30,1230,EXP_FAULT_01,RUN_01,pod_kill,1,adservice,ad-f01-09,online-boutique,node-a,0.3462,27.0574,0,105.9337,0.002609,38.02,27.2147,70.3448,84.9558,127.2131,102.892,105.6573,0.1213,0.1551,119253.841,79266.2262,pod_kill,coupon-service,2026-06-09 14:05:00,2026-06-09 14:20:00,post_fault,0.25620764,0
2026-06-09 14:20:35,1235,EXP_FAULT_01,RUN_01,pod_kill,1,adservice,ad-f01-09,online-boutique,node-a,0.3318,27.9039,0,107.9644,0.00316,37.4883,28.8173,63.3644,95.2764,127.8534,104.8558,107.6232,0.169,0.1721,123871.8407,104464.5858,pod_kill,coupon-service,2026-06-09 14:05:00,2026-06-09 14:20:00,post_fault,0.2771552,0
2026-06-09 14:20:40,1240,EXP_FAULT_01,RUN_01,pod_kill,1,adservice,ad-f01-09,online-boutique,node-a,0.3326,27.8458,0,109.8161,0.002275,41.2257,29.186,74.2527,100.7267,155.4132,106.7827,109.5663,0.0951,0.1547,104225.187,91185.8493,pod_kill,coupon-service,2026-06-09 14:05:00,2026-06-09 14:20:00,post_fault,0.26010635,0
2026-06-09 14:20:45,1245,EXP_FAULT_01,RUN_01,pod_kill,1,adservice,ad-f01-09,online-boutique,node-a,0.3325,26.8957,0,109.4192,0.001901,37.6801,29.295,72.0678,89.0315,143.0656,106.4534,109.2113,0.0741,0.1339,128772.8496,107413.3274,pod_kill,coupon-service,2026-06-09 14:05:00,2026-06-09 14:20:00,post_fault,0.024798937,0
2026-06-09 14:20:50,1250,EXP_FAULT_01,RUN_01,pod_kill,1,adservice,ad-f01-09,online-boutique,node-a,0.335,27.03,0,106.6867,0.002319,39.0447,28.9778,64.5733,97.1851,135.9678,103.8254,106.4392,0.1191,0.1283,105888.1264,72887.8694,pod_kill,coupon-service,2026-06-09 14:05:00,2026-06-09 14:20:00,post_fault,0.11751517,0
2026-06-09 14:20:55,1255,EXP_FAULT_01,RUN_01,pod_kill,1,adservice,ad-f01-09,online-boutique,node-a,0.3372,27.6062,0,108.9673,0.001911,38.0832,27.2829,69.6405,90.122,127.8038,106.0828,108.7591,0.0525,0.1557,111058.7066,88195.721,pod_kill,coupon-service,2026-06-09 14:05:00,2026-06-09 14:20:00,post_fault,0.05848237,0
2026-06-09 14:21:00,1260,EXP_FAULT_01,RUN_01,pod_kill,1,adservice,ad-f01-09,online-boutique,node-a,0.3498,27.5303,0,114.3994,0.002232,38.7704,27.1679,73.8784,95.8017,145.6074,111.4183,114.144,0.1126,0.1428,125968.8242,86814.8107,pod_kill,coupon-service,2026-06-09 14:05:00,2026-06-09 14:20:00,post_fault,0.10812813,0
2026-06-09 14:21:05,1265,EXP_FAULT_01,RUN_01,pod_kill,1,adservice,ad-f01-09,online-boutique,node-a,0.3389,27.5693,0,108.5126,0.001878,40.5733,28.7406,75.0617,101.473,152.2136,105.731,108.3089,0.0456,0.1581,108186.4133,104081.0259,pod_kill,coupon-service,2026-06-09 14:05:00,2026-06-09 14:20:00,post_fault,0.28624701,0
2026-06-09 14:21:10,1270,EXP_FAULT_01,RUN_01,pod_kill,1,adservice,ad-f01-09,online-boutique,node-a,0.3403,27.1178,0,111.0586,0.002713,40.5988,30.5502,66.8608,99.7727,150.9263,108.1988,110.7573,0.1696,0.1317,124090.2604,99869.4464,pod_kill,coupon-service,2026-06-09 14:05:00,2026-06-09 14:20:00,post_fault,0.2403305,0
2026-06-09 14:21:15,1275,EXP_FAULT_01,RUN_01,pod_kill,1,adservice,ad-f01-09,online-boutique,node-a,0.3262,26.9772,0,107.3178,0.002343,38.9723,28.2049,69.7734,90.837,125.6048,104.636,107.0663,0.1143,0.1371,120887.0164,90328.4143,pod_kill,coupon-service,2026-06-09 14:05:00,2026-06-09 14:20:00,post_fault,0.057386152,0
2026-06-09 14:21:20,1280,EXP_FAULT_01,RUN_01,pod_kill,1,adservice,ad-f01-09,online-boutique,node-a,0.3106,26.8701,0,106.3662,0.001524,38.4121,29.1682,69.466,87.7476,121.4296,103.7707,106.2041,0.0434,0.1187,91509.8653,73334.9341,pod_kill,coupon-service,2026-06-09 14:05:00,2026-06-09 14:20:00,post_fault,0.1270765,0
2026-06-09 14:21:25,1285,EXP_FAULT_01,RUN_01,pod_kill,1,adservice,ad-f01-09,online-boutique,node-a,0.3095,27.7422,0,105.8712,0.001972,36.4391,27.9758,68.2608,82.2095,121.9101,103.2865,105.6624,0.0637,0.145,125331.8091,73620.2883,pod_kill,coupon-service,2026-06-09 14:05:00,2026-06-09 14:20:00,post_fault,0.2817654,0
2026-06-09 14:21:30,1290,EXP_FAULT_01,RUN_01,pod_kill,1,adservice,ad-f01-09,online-boutique,node-a,0.3527,27.0561,0,105.0261,0.002085,40.0751,27.6498,69.374,95.0551,125.7183,102.4967,104.8071,0.0805,0.1385,128857.3381,107523.325,pod_kill,coupon-service,2026-06-09 14:05:00,2026-06-09 14:20:00,post_fault,0.73888046,1
2026-06-09 14:21:35,1295,EXP_FAULT_01,RUN_01,pod_kill,1,adservice,ad-f01-09,online-boutique,node-a,0.345,27.4057,0,108.8994,0.002314,37.3909,28.9639,67.5604,83.4485,131.1749,106.2941,108.6474,0.1185,0.1335,109951.5953,108862.079,pod_kill,coupon-service,2026-06-09 14:05:00,2026-06-09 14:20:00,post_fault,0.08429445,0
2026-06-09 14:21:40,1300,EXP_FAULT_01,RUN_01,pod_kill,1,adservice,ad-f01-09,online-boutique,node-a,0.315,26.4938,0,106.0112,0.002214,42.2104,29.1072,72.7334,103.4483,149.6645,103.5303,105.7765,0.1239,0.1108,119664.7462,76919.7,pod_kill,coupon-service,2026-06-09 14:05:00,2026-06-09 14:20:00,post_fault,0.21893331,0
2026-06-09 14:21:45,1305,EXP_FAULT_01,RUN_01,pod_kill,1,adservice,ad-f01-09,online-boutique,node-a,0.3378,27.4877,0,105.6082,0.002332,39.6196,30.4557,73.4437,88.9098,129.6361,103.1647,105.3619,0.1069,0.1395,135046.0354,70948.7082,pod_kill,coupon-service,2026-06-09 14:05:00,2026-06-09 14:20:00,post_fault,0.28599614,0
2026-06-09 14:21:50,1310,EXP_FAULT_01,RUN_01,pod_kill,1,adservice,ad-f01-09,online-boutique,node-a,0.3461,27.3627,0,105.1892,0.002245,37.526,27.1747,66.0824,80.8858,127.402,102.7631,104.9531,0.1216,0.1145,132859.5383,70370.5447,pod_kill,coupon-service,2026-06-09 14:05:00,2026-06-09 14:20:00,post_fault,0.20590942,0
2026-06-09 14:21:55,1315,EXP_FAULT_01,RUN_01,pod_kill,1,adservice,ad-f01-09,online-boutique,node-a,0.3322,27.5061,0,103.8926,0.001844,39.37,30.5526,70.8006,93.147,136.1717,101.5643,103.7011,0.0781,0.1134,86667.704,75155.0396,pod_kill,coupon-service,2026-06-09 14:05:00,2026-06-09 14:20:00,post_fault,0.19480152,0
2026-06-09 14:22:00,1320,EXP_FAULT_01,RUN_01,pod_kill,1,adservice,ad-f01-09,online-boutique,node-a,0.3253,27.007,0,106.3018,0.002447,36.0952,27.3875,64.7729,78.5674,127.342,103.8955,106.0417,0.129,0.1311,123683.4457,73487.0356,pod_kill,coupon-service,2026-06-09 14:05:00,2026-06-09 14:20:00,post_fault,0.14322495,0
2026-06-09 14:22:05,1325,EXP_FAULT_01,RUN_01,pod_kill,1,adservice,ad-f01-09,online-boutique,node-a,0.3366,27.0034,0,101.5872,0.002391,38.4383,27.7183,62.8087,85.7388,140.1017,99.3409,101.3443,0.1284,0.1145,118626.2104,74418.7301,pod_kill,coupon-service,2026-06-09 14:05:00,2026-06-09 14:20:00,post_fault,0.2614151,0
2026-06-09 14:22:10,1330,EXP_FAULT_01,RUN_01,pod_kill,1,adservice,ad-f01-09,online-boutique,node-a,0.3298,27.8215,0,102.4454,0.002403,38.6191,30.2454,65.6016,91.3821,134.0371,100.1952,102.1992,0.1286,0.1176,126185.6411,71669.1756,pod_kill,coupon-service,2026-06-09 14:05:00,2026-06-09 14:20:00,post_fault,0.2102892,0
2026-06-09 14:22:15,1335,EXP_FAULT_01,RUN_01,pod_kill,1,adservice,ad-f01-09,online-boutique,node-a,0.3227,27.1304,0,98.2233,0.002636,37.0129,28.187,59.896,86.6588,118.6151,96.0907,97.9643,0.1502,0.1087,113071.8957,83641.7039,pod_kill,coupon-service,2026-06-09 14:05:00,2026-06-09 14:20:00,post_fault,0.14102843,0
2026-06-09 14:22:20,1340,EXP_FAULT_01,RUN_01,pod_kill,1,adservice,ad-f01-09,online-boutique,node-a,0.3265,27.127,0,99.5063,0.002492,41.1954,30.4477,71.2044,95.8162,137.3126,97.354,99.2583,0.1339,0.1141,113327.0612,100237.7435,pod_kill,coupon-service,2026-06-09 14:05:00,2026-06-09 14:20:00,post_fault,0.5677327,1
2026-06-09 14:22:25,1345,EXP_FAULT_01,RUN_01,pod_kill,1,adservice,ad-f01-09,online-boutique,node-a,0.3245,26.8954,0,99.5855,0.002467,39.8916,29.0105,70.5659,91.7617,131.1665,97.4863,99.3398,0.1222,0.1235,124829.7041,69714.0824,pod_kill,coupon-service,2026-06-09 14:05:00,2026-06-09 14:20:00,post_fault,0.31993943,0
2026-06-09 14:22:30,1350,EXP_FAULT_01,RUN_01,pod_kill,1,adservice,ad-f01-09,online-boutique,node-a,0.3166,27.2064,0,97.3124,0.001472,39.0172,27.9713,63.9192,91.2762,122.2192,95.3355,97.1691,0.0388,0.1045,116532.1425,90513.2655,pod_kill,coupon-service,2026-06-09 14:05:00,2026-06-09 14:20:00,post_fault,0.13484073,0
2026-06-09 14:22:35,1355,EXP_FAULT_01,RUN_01,pod_kill,1,adservice,ad-f01-09,online-boutique,node-a,0.3109,27.4,0,95.8366,0.002294,36.8373,27.9411,59.6121,86.7302,129.5632,93.861,95.6167,0.1097,0.1102,89545.2002,96850.0285,pod_kill,coupon-service,2026-06-09 14:05:00,2026-06-09 14:20:00,post_fault,0.10899228,0
2026-06-09 14:22:40,1360,EXP_FAULT_01,RUN_01,pod_kill,1,adservice,ad-f01-09,online-boutique,node-a,0.3091,27.2416,0,97.4188,0.002567,34.3438,25.805,56.5408,77.0466,116.2291,95.4429,97.1687,0.1386,0.1115,105870.0258,75709.1026,pod_kill,coupon-service,2026-06-09 14:05:00,2026-06-09 14:20:00,post_fault,0.18465954,0
2026-06-09 14:22:45,1365,EXP_FAULT_01,RUN_01,pod_kill,1,adservice,ad-f01-09,online-boutique,node-a,0.325,27.3818,0,94.3099,0.001972,34.9853,27.6881,56.8761,81.8615,104.7469,92.4339,94.1239,0.0861,0.0999,112831.8705,71707.4986,pod_kill,coupon-service,2026-06-09 14:05:00,2026-06-09 14:20:00,post_fault,0.04148077,0
2026-06-09 14:22:50,1370,EXP_FAULT_01,RUN_01,pod_kill,1,adservice,ad-f01-09,online-boutique,node-a,0.3165,27.5531,0,94.5155,0.00234,36.6261,29.0341,59.2938,83.9225,119.6917,92.6837,94.2943,0.1304,0.0908,106510.353,94287.3739,pod_kill,coupon-service,2026-06-09 14:05:00,2026-06-09 14:20:00,post_fault,0.1260354,0
2026-06-09 14:22:55,1375,EXP_FAULT_01,RUN_01,pod_kill,1,adservice,ad-f01-09,online-boutique,node-a,0.306,27.4036,0,92.661,0.002182,35.4821,24.7802,56.9313,83.203,122.1021,90.8507,92.4588,0.0974,0.1047,94176.3694,75925.7279,pod_kill,coupon-service,2026-06-09 14:05:00,2026-06-09 14:20:00,post_fault,0.032702435,0
2026-06-09 14:23:00,1380,EXP_FAULT_01,RUN_01,pod_kill,1,adservice,ad-f01-09,online-boutique,node-a,0.3232,27.2943,0,95.5246,0.002452,34.8516,25.3269,58.966,71.4908,121.6042,93.7,95.2903,0.1511,0.0831,95035.6904,84269.581,pod_kill,coupon-service,2026-06-09 14:05:00,2026-06-09 14:20:00,post_fault,0.07339498,0
2026-06-09 14:23:05,1385,EXP_FAULT_01,RUN_01,pod_kill,1,adservice,ad-f01-09,online-boutique,node-a,0.3221,26.9128,0,96.4696,0.002598,35.0627,24.4395,55.4349,73.4642,113.8965,94.6516,96.219,0.1454,0.1053,89194.3162,75003.325,pod_kill,coupon-service,2026-06-09 14:05:00,2026-06-09 14:20:00,post_fault,0.081738845,0
2026-06-09 14:23:10,1390,EXP_FAULT_01,RUN_01,pod_kill,1,adservice,ad-f01-09,online-boutique,node-a,0.3252,27.0391,0,97.8467,0.001948,37.4839,27.9093,66.4161,85.9854,122.3398,96.0242,97.6561,0.1111,0.0795,109984.7029,73398.2444,pod_kill,coupon-service,2026-06-09 14:05:00,2026-06-09 14:20:00,post_fault,0.09550737,0
2026-06-09 14:23:15,1395,EXP_FAULT_01,RUN_01,pod_kill,1,adservice,ad-f01-09,online-boutique,node-a,0.3397,27.3317,0,92.7294,0.001909,36.2152,28.4255,63.7547,85.7384,124.3122,91.0331,92.5524,0.0869,0.0901,108173.5576,80274.3644,pod_kill,coupon-service,2026-06-09 14:05:00,2026-06-09 14:20:00,post_fault,0.5035664,1
2026-06-09 14:23:20,1400,EXP_FAULT_01,RUN_01,pod_kill,1,adservice,ad-f01-09,online-boutique,node-a,0.3225,27.0911,0,96.6471,0.001959,37.1049,25.3378,63.8877,86.43,119.3359,94.8998,96.4578,0.1056,0.0838,113841.4894,63558.1334,pod_kill,coupon-service,2026-06-09 14:05:00,2026-06-09 14:20:00,post_fault,0.07526859,0
2026-06-09 14:23:25,1405,EXP_FAULT_01,RUN_01,pod_kill,1,adservice,ad-f01-09,online-boutique,node-a,0.344,27.4374,0,95.9361,0.001611,38.3399,29.412,60.7784,83.9098,128.046,94.2406,95.7815,0.0619,0.0926,88826.5622,78463.2212,pod_kill,coupon-service,2026-06-09 14:05:00,2026-06-09 14:20:00,post_fault,0.8479684,1
2026-06-09 14:23:30,1410,EXP_FAULT_01,RUN_01,pod_kill,1,adservice,ad-f01-09,online-boutique,node-a,0.3332,27.5926,0,94.5517,0.001893,37.2851,29.0892,63.1974,75.7282,112.3586,92.9175,94.3727,0.0788,0.1001,109410.1596,84367.4901,pod_kill,coupon-service,2026-06-09 14:05:00,2026-06-09 14:20:00,post_fault,0.40866336,0
2026-06-09 14:23:35,1415,EXP_FAULT_01,RUN_01,pod_kill,1,adservice,ad-f01-09,online-boutique,node-a,0.3146,27.5348,0,97.354,0.002332,37.3788,28.6807,66.4705,84.1843,123.5929,95.6346,97.127,0.1441,0.0829,112967.2345,82550.8909,pod_kill,coupon-service,2026-06-09 14:05:00,2026-06-09 14:20:00,post_fault,0.10197618,0
2026-06-09 14:23:40,1420,EXP_FAULT_01,RUN_01,pod_kill,1,adservice,ad-f01-09,online-boutique,node-a,0.3317,27.3441,0,96.0982,0.00126,38.2152,30.0796,68.282,78.6338,126.8893,94.4962,95.9771,0.0358,0.0853,117713.9524,91949.5263,pod_kill,coupon-service,2026-06-09 14:05:00,2026-06-09 14:20:00,post_fault,0.39216352,0
2026-06-09 14:23:45,1425,EXP_FAULT_01,RUN_01,pod_kill,1,adservice,ad-f01-09,online-boutique,node-a,0.327,27.5603,0,93.9408,0.001497,35.9712,26.9573,58.4711,76.8893,104.7084,92.38,93.8002,0.0604,0.0803,101802.8889,74284.9496,pod_kill,coupon-service,2026-06-09 14:05:00,2026-06-09 14:20:00,post_fault,0.14430201,0
2026-06-09 14:23:50,1430,EXP_FAULT_01,RUN_01,pod_kill,1,adservice,ad-f01-09,online-boutique,node-a,0.3177,27.0933,0,97.6099,0.001227,36.39,27.7645,65.8711,78.8565,123.4714,96.0232,97.4901,0.0343,0.0855,92880.2801,95361.7965,pod_kill,coupon-service,2026-06-09 14:05:00,2026-06-09 14:20:00,post_fault,0.013462948,0
2026-06-09 14:23:55,1435,EXP_FAULT_01,RUN_01,pod_kill,1,adservice,ad-f01-09,online-boutique,node-a,0.3214,27.7,0,96.5733,0.002443,37.5836,28.6258,60.1661,79.1716,113.6458,94.9789,96.3373,0.1518,0.0842,105480.614,88914.43,pod_kill,coupon-service,2026-06-09 14:05:00,2026-06-09 14:20:00,post_fault,0.1862136,0
2026-06-09 14:24:00,1440,EXP_FAULT_01,RUN_01,pod_kill,1,adservice,ad-f01-09,online-boutique,node-a,0.3189,27.3767,0,94.6246,0.002157,33.786,24.7899,58.8222,68.9596,103.2519,93.0905,94.4205,0.1308,0.0732,90951.9573,79334.6695,pod_kill,coupon-service,2026-06-09 14:05:00,2026-06-09 14:20:00,post_fault,0.03903195,0
2026-06-09 14:24:05,1445,EXP_FAULT_01,RUN_01,pod_kill,1,adservice,ad-f01-09,online-boutique,node-a,0.3119,26.8424,0,93.7066,0.001381,36.5664,28.4216,58.883,80.252,108.9782,92.2425,93.5772,0.0349,0.0946,99091.6951,75160.2793,pod_kill,coupon-service,2026-06-09 14:05:00,2026-06-09 14:20:00,post_fault,0.04005905,0
2026-06-09 14:24:10,1450,EXP_FAULT_01,RUN_01,pod_kill,1,adservice,ad-f01-09,online-boutique,node-a,0.3366,26.8776,0,95.5532,0.001471,35.6973,26.0892,62.0569,76.5686,119.6511,94.0785,95.4127,0.0496,0.091,95982.7422,82468.893,pod_kill,coupon-service,2026-06-09 14:05:00,2026-06-09 14:20:00,post_fault,0.19144666,0
2026-06-09 14:24:15,1455,EXP_FAULT_01,RUN_01,pod_kill,1,adservice,ad-f01-09,online-boutique,node-a,0.3411,27.2103,0,96.0664,0.001323,37.3937,28.6787,58.9786,81.0091,115.7931,94.605,95.9394,0.0313,0.0958,115880.398,94620.0232,pod_kill,coupon-service,2026-06-09 14:05:00,2026-06-09 14:20:00,post_fault,0.53777564,1
2026-06-09 14:24:20,1460,EXP_FAULT_01,RUN_01,pod_kill,1,adservice,ad-f01-09,online-boutique,node-a,0.3095,27.6844,0,93.836,0.002154,37.2967,28.0924,66.5364,74.5372,125.6607,92.3995,93.6338,0.1216,0.0806,92535.7589,81626.5437,pod_kill,coupon-service,2026-06-09 14:05:00,2026-06-09 14:20:00,post_fault,0.15146533,0
2026-06-09 14:24:25,1465,EXP_FAULT_01,RUN_01,pod_kill,1,adservice,ad-f01-09,online-boutique,node-a,0.3118,27.7966,0,92.0028,0.002157,33.5422,25.2921,59.9792,68.3716,107.0187,90.6027,91.8044,0.1249,0.0735,80773.8602,90803.2841,pod_kill,coupon-service,2026-06-09 14:05:00,2026-06-09 14:20:00,post_fault,0.2136114,0
2026-06-09 14:24:30,1470,EXP_FAULT_01,RUN_01,pod_kill,1,adservice,ad-f01-09,online-boutique,node-a,0.3193,27.3577,0,93.4846,0.001115,37.0351,28.9805,67.0353,73.613,125.1913,92.1287,93.3804,0.0378,0.0665,91776.2182,74312.4013,pod_kill,coupon-service,2026-06-09 14:05:00,2026-06-09 14:20:00,post_fault,0.13148013,0
2026-06-09 14:24:35,1475,EXP_FAULT_01,RUN_01,pod_kill,1,adservice,ad-f01-09,online-boutique,node-a,0.3136,27.4891,0,93.7574,0.002033,32.9791,23.3855,53.2874,72.6717,109.8643,92.3487,93.5668,0.099,0.0916,93686.6948,88679.2518,pod_kill,coupon-service,2026-06-09 14:05:00,2026-06-09 14:20:00,post_fault,0.08907232,0
2026-06-09 14:24:40,1480,EXP_FAULT_01,RUN_01,pod_kill,1,adservice,ad-f01-09,online-boutique,node-a,0.3306,27.266,0,95.6111,0.002051,37.2527,29.4017,58.5605,78.4686,110.8543,94.1913,95.415,0.1231,0.073,86141.1502,74832.5858,pod_kill,coupon-service,2026-06-09 14:05:00,2026-06-09 14:20:00,post_fault,0.25985026,0
2026-06-09 14:24:45,1485,EXP_FAULT_01,RUN_01,pod_kill,1,adservice,ad-f01-09,online-boutique,node-a,0.3017,27.5786,0,94.4775,0.002366,35.593,28.4023,62.5963,76.2591,112.669,93.0774,94.254,0.1369,0.0866,93734.3358,70346.367,pod_kill,coupon-service,2026-06-09 14:05:00,2026-06-09 14:20:00,post_fault,0.19854614,0
2026-06-09 14:24:50,1490,EXP_FAULT_01,RUN_01,pod_kill,1,adservice,ad-f01-09,online-boutique,node-a,0.2924,27.197,0,93.3267,0.002339,35.3884,27.9549,62.6155,77.3282,113.2476,91.9633,93.1084,0.1406,0.0777,104254.5362,74924.5118,pod_kill,coupon-service,2026-06-09 14:05:00,2026-06-09 14:20:00,post_fault,0.07078296,0
2026-06-09 14:24:55,1495,EXP_FAULT_01,RUN_01,pod_kill,1,adservice,ad-f01-09,online-boutique,node-a,0.3204,27.3052,0,91.1252,0.002316,33.7678,24.0519,60.0599,69.255,104.6651,89.8204,90.9142,0.1261,0.0849,112641.1805,73729.7541,pod_kill,coupon-service,2026-06-09 14:05:00,2026-06-09 14:20:00,post_fault,0.05127663,0
2026-06-09 14:25:00,1500,EXP_FAULT_01,RUN_01,pod_kill,1,adservice,ad-f01-09,online-boutique,node-a,0.3173,27.4992,0,90.0824,0.002486,36.1659,25.4659,65.3082,76.6331,109.6974,88.8334,89.8585,0.1426,0.0813,100444.8307,86859.2088,pod_kill,coupon-service,2026-06-09 14:05:00,2026-06-09 14:20:00,post_fault,0.27202433,0
2026-06-09 14:25:05,1505,EXP_FAULT_01,RUN_01,pod_kill,1,adservice,ad-f01-09,online-boutique,node-a,0.3433,26.9788,0,87.5002,0.001774,35.8584,25.5628,62.7543,79.2663,120.4272,86.3291,87.345,0.0971,0.0581,72259.8056,76896.1786,pod_kill,coupon-service,2026-06-09 14:05:00,2026-06-09 14:20:00,post_fault,0.9107326,1
2026-06-09 14:25:10,1510,EXP_FAULT_01,RUN_01,pod_kill,1,adservice,ad-f01-09,online-boutique,node-a,0.3153,27.7116,0,91.4769,0.002088,34.3039,23.9121,57.1903,71.7044,112.9023,90.2279,91.2859,0.1173,0.0737,87545.4555,64864.8566,pod_kill,coupon-service,2026-06-09 14:05:00,2026-06-09 14:20:00,post_fault,0.06260897,0
2026-06-09 14:25:15,1515,EXP_FAULT_01,RUN_01,pod_kill,1,adservice,ad-f01-09,online-boutique,node-a,0.3271,27.9105,0,90.7317,0.001536,34.3543,24.2598,61.9463,67.338,103.047,89.5457,90.5923,0.0818,0.0575,85261.1613,82598.4448,pod_kill,coupon-service,2026-06-09 14:05:00,2026-06-09 14:20:00,post_fault,0.14266858,0
2026-06-09 14:25:20,1520,EXP_FAULT_01,RUN_01,pod_kill,1,adservice,ad-f01-09,online-boutique,node-a,0.3295,27.4872,0,91.7619,0.00234,35.8063,25.4715,57.3544,74.9489,110.1065,90.5599,91.5472,0.1381,0.0766,83265.5047,93536.5849,pod_kill,coupon-service,2026-06-09 14:05:00,2026-06-09 14:20:00,post_fault,0.28505015,0
2026-06-09 14:25:25,1525,EXP_FAULT_01,RUN_01,pod_kill,1,adservice,ad-f01-09,online-boutique,node-a,0.3289,27.9315,0,90.1132,0.001216,36.7078,26.1224,59.6106,79.4908,110.4227,88.9821,90.0036,0.046,0.0636,80801.4869,91717.9822,pod_kill,coupon-service,2026-06-09 14:05:00,2026-06-09 14:20:00,post_fault,0.5208597,1
2026-06-09 14:25:30,1530,EXP_FAULT_01,RUN_01,pod_kill,1,adservice,ad-f01-09,online-boutique,node-a,0.3186,27.4171,0,88.9024,0.001579,34.8164,25.8112,55.2449,75.9943,111.3171,87.7824,88.762,0.0618,0.0786,110505.9792,72949.802,pod_kill,coupon-service,2026-06-09 14:05:00,2026-06-09 14:20:00,post_fault,0.08312413,0
2026-06-09 14:25:35,1535,EXP_FAULT_01,RUN_01,pod_kill,1,adservice,ad-f01-09,online-boutique,node-a,0.3161,27.6349,0,88.1339,0.001856,36.3217,29.0488,56.8917,79.2214,100.2656,87.0365,87.9704,0.1092,0.0544,81512.1989,73213.0654,pod_kill,coupon-service,2026-06-09 14:05:00,2026-06-09 14:20:00,post_fault,0.25512803,0
2026-06-09 14:25:40,1540,EXP_FAULT_01,RUN_01,pod_kill,1,adservice,ad-f01-09,online-boutique,node-a,0.3239,27.8259,0,85.7047,0.002255,35.3533,27.7171,57.5957,70.4344,97.9462,84.6132,85.5115,0.1317,0.0616,80268.0221,71372.2679,pod_kill,coupon-service,2026-06-09 14:05:00,2026-06-09 14:20:00,post_fault,0.5412882,1
2026-06-09 14:25:45,1545,EXP_FAULT_01,RUN_01,pod_kill,1,adservice,ad-f01-09,online-boutique,node-a,0.3304,27.3518,0,86.0875,0.002154,33.844,25.7924,52.7777,73.8031,98.5067,84.9975,85.9021,0.1204,0.065,78140.3464,81922.9908,pod_kill,coupon-service,2026-06-09 14:05:00,2026-06-09 14:20:00,post_fault,0.31402656,0
2026-06-09 14:25:50,1550,EXP_FAULT_01,RUN_01,pod_kill,1,adservice,ad-f01-09,online-boutique,node-a,0.325,27.4325,0,91.5122,0.001461,35.3452,25.6088,58.1016,74.8834,98.2562,90.4286,91.3785,0.0827,0.051,97138.8778,83172.6849,pod_kill,coupon-service,2026-06-09 14:05:00,2026-06-09 14:20:00,post_fault,0.1351111,0
2026-06-09 14:25:55,1555,EXP_FAULT_01,RUN_01,pod_kill,1,adservice,ad-f01-09,online-boutique,node-a,0.3052,26.9593,0,85.814,0.002061,31.6145,22.9389,51.5744,63.7687,93.7846,84.769,85.6371,0.1185,0.0583,80853.4649,85614.0855,pod_kill,coupon-service,2026-06-09 14:05:00,2026-06-09 14:20:00,post_fault,0.010125713,0
2026-06-09 14:26:00,1560,EXP_FAULT_01,RUN_01,pod_kill,1,adservice,ad-f01-09,online-boutique,node-a,0.3072,27.7962,0,84.7811,0.001518,34.9511,26.1468,57.8017,69.3731,104.0375,83.7891,84.6524,0.0851,0.0436,86559.7552,61799.3153,pod_kill,coupon-service,2026-06-09 14:05:00,2026-06-09 14:20:00,post_fault,0.15987697,0
2026-06-09 14:26:05,1565,EXP_FAULT_01,RUN_01,pod_kill,1,adservice,ad-f01-09,online-boutique,node-a,0.2937,27.3126,0,88.31,0.001654,31.9272,25.4561,52.8623,70.2894,90.7097,87.2684,88.164,0.0733,0.0728,88499.6891,84147.1149,pod_kill,coupon-service,2026-06-09 14:05:00,2026-06-09 14:20:00,post_fault,0.115927696,0
2026-06-09 14:26:10,1570,EXP_FAULT_01,RUN_01,pod_kill,1,adservice,ad-f01-09,online-boutique,node-a,0.304,27.2387,0,88.2082,0.000906,36.9892,25.7493,64.3247,83.3271,105.6478,87.2342,88.1282,0.0247,0.0553,82279.9073,87661.2724,pod_kill,coupon-service,2026-06-09 14:05:00,2026-06-09 14:20:00,post_fault,0.13186666,0
2026-06-09 14:26:15,1575,EXP_FAULT_01,RUN_01,pod_kill,1,adservice,ad-f01-09,online-boutique,node-a,0.3129,27.222,0,88.7383,0.001551,32.1495,22.725,52.8648,72.2374,102.5281,87.7371,88.6007,0.0741,0.0635,83624.3446,89377.2932,pod_kill,coupon-service,2026-06-09 14:05:00,2026-06-09 14:20:00,post_fault,0.026842514,0
2026-06-09 14:26:20,1580,EXP_FAULT_01,RUN_01,pod_kill,1,adservice,ad-f01-09,online-boutique,node-a,0.32,27.6241,0,88.2552,0.001159,34.9146,27.2361,55.4773,71.0478,111.8056,87.2993,88.153,0.0371,0.0652,90267.8915,70247.0049,pod_kill,coupon-service,2026-06-09 14:05:00,2026-06-09 14:20:00,post_fault,0.15738922,0
2026-06-09 14:26:25,1585,EXP_FAULT_01,RUN_01,pod_kill,1,adservice,ad-f01-09,online-boutique,node-a,0.3283,27.6047,0,87.8434,0.00148,37.2164,29.7107,66.1983,73.8635,110.0674,86.8822,87.7133,0.0771,0.0529,81207.8039,62101.0412,pod_kill,coupon-service,2026-06-09 14:05:00,2026-06-09 14:20:00,post_fault,0.6899013,1
2026-06-09 14:26:30,1590,EXP_FAULT_01,RUN_01,pod_kill,1,adservice,ad-f01-09,online-boutique,node-a,0.3204,27.2008,0,89.7946,0.001184,35.0369,24.5862,56.79,68.3611,108.2274,88.8358,89.6883,0.0507,0.0556,98781.5553,87556.1929,pod_kill,coupon-service,2026-06-09 14:05:00,2026-06-09 14:20:00,post_fault,0.09443487,0
2026-06-09 14:26:35,1595,EXP_FAULT_01,RUN_01,pod_kill,1,adservice,ad-f01-09,online-boutique,node-a,0.3142,26.907,0,90.0959,0.001231,35.5148,26.75,62.3806,72.7187,102.1281,89.1498,89.985,0.0467,0.0642,109832.036,78439.39,pod_kill,coupon-service,2026-06-09 14:05:00,2026-06-09 14:20:00,post_fault,0.064595506,0
2026-06-09 14:26:40,1600,EXP_FAULT_01,RUN_01,pod_kill,1,adservice,ad-f01-09,online-boutique,node-a,0.3071,27.6449,0,93.137,0.00096,35.68,27.5398,59.8857,69.3939,113.0212,92.1871,93.0476,0.0246,0.0648,94919.1146,88959.4302,pod_kill,coupon-service,2026-06-09 14:05:00,2026-06-09 14:20:00,post_fault,0.006494563,0
2026-06-09 14:26:45,1605,EXP_FAULT_01,RUN_01,pod_kill,1,adservice,ad-f01-09,online-boutique,node-a,0.3276,27.545,0,93.0328,0.001861,35.4109,27.9002,60.9496,73.4614,104.6492,92.0279,92.8597,0.1282,0.045,100427.5245,96373.9105,pod_kill,coupon-service,2026-06-09 14:05:00,2026-06-09 14:20:00,post_fault,0.13515814,0
2026-06-09 14:26:50,1610,EXP_FAULT_01,RUN_01,pod_kill,1,adservice,ad-f01-09,online-boutique,node-a,0.3174,27.7852,0,90.7828,0.00181,35.8954,25.2584,55.5607,77.0802,97.2923,89.8142,90.6185,0.1012,0.0631,98330.7985,69463.3428,pod_kill,coupon-service,2026-06-09 14:05:00,2026-06-09 14:20:00,post_fault,0.11993066,0
2026-06-09 14:26:55,1615,EXP_FAULT_01,RUN_01,pod_kill,1,adservice,ad-f01-09,online-boutique,node-a,0.3333,27.2051,0,94.3639,0.00126,33.6218,23.8541,52.3925,73.8581,105.3183,93.435,94.245,0.0612,0.0577,105227.4725,97418.3629,pod_kill,coupon-service,2026-06-09 14:05:00,2026-06-09 14:20:00,post_fault,0.05215655,0
2026-06-09 14:27:00,1620,EXP_FAULT_01,RUN_01,pod_kill,1,adservice,ad-f01-09,online-boutique,node-a,0.3295,26.8409,0,94.0573,0.00079,34.601,25.1431,52.8382,66.5139,109.4135,93.1526,93.983,0.0339,0.0404,103923.6177,92084.7645,pod_kill,coupon-service,2026-06-09 14:05:00,2026-06-09 14:20:00,post_fault,0.077166356,0
2026-06-09 14:27:05,1625,EXP_FAULT_01,RUN_01,pod_kill,1,adservice,ad-f01-09,online-boutique,node-a,0.3098,27.4685,0,90.9341,0.001583,34.0959,24.8474,52.5237,67.9101,93.9732,90.0174,90.7901,0.101,0.043,113598.1236,74281.208,pod_kill,coupon-service,2026-06-09 14:05:00,2026-06-09 14:20:00,post_fault,0.0045028734,0
2026-06-09 14:27:10,1630,EXP_FAULT_01,RUN_01,pod_kill,1,adservice,ad-f01-09,online-boutique,node-a,0.3278,27.3581,0,94.0736,0.001157,37.4519,26.0606,63.4205,81.6032,113.936,93.1787,93.9647,0.045,0.0639,103915.1284,76124.7186,pod_kill,coupon-service,2026-06-09 14:05:00,2026-06-09 14:20:00,post_fault,0.30719048,0
2026-06-09 14:27:15,1635,EXP_FAULT_01,RUN_01,pod_kill,1,adservice,ad-f01-09,online-boutique,node-a,0.3257,27.0295,0,93.5905,0.002001,34.4797,25.8303,54.6612,74.2157,110.8466,92.6557,93.4032,0.1456,0.0417,98949.4374,72746.7302,pod_kill,coupon-service,2026-06-09 14:05:00,2026-06-09 14:20:00,post_fault,0.032323267,0
2026-06-09 14:27:20,1640,EXP_FAULT_01,RUN_01,pod_kill,1,adservice,ad-f01-09,online-boutique,node-a,0.3223,27.6209,0,97.4321,0.000733,35.8897,25.7557,57.2572,77.0614,107.7487,96.5466,97.3606,0.0268,0.0446,102195.5645,75763.6893,pod_kill,coupon-service,2026-06-09 14:05:00,2026-06-09 14:20:00,post_fault,0.021121357,0
2026-06-09 14:27:25,1645,EXP_FAULT_01,RUN_01,pod_kill,1,adservice,ad-f01-09,online-boutique,node-a,0.3232,27.0523,0,94.7444,0.00184,35.0429,25.3828,56.5229,74.1021,105.6325,93.8359,94.5701,0.1208,0.0535,90051.7948,94348.6016,pod_kill,coupon-service,2026-06-09 14:05:00,2026-06-09 14:20:00,post_fault,0.015403068,0
2026-06-09 14:27:30,1650,EXP_FAULT_01,RUN_01,pod_kill,1,adservice,ad-f01-09,online-boutique,node-a,0.335,27.1613,0,96.301,0.001021,33.1357,24.5458,56.0271,69.6602,90.9095,95.4392,96.2027,0.0462,0.0522,99372.3465,97781.0067,pod_kill,coupon-service,2026-06-09 14:05:00,2026-06-09 14:20:00,post_fault,0.017742652,0
2026-06-09 14:27:35,1655,EXP_FAULT_01,RUN_01,pod_kill,1,adservice,ad-f01-09,online-boutique,node-a,0.3334,27.245,0,97.211,0.001787,36.9057,27.7265,65.155,70.1715,108.9743,96.3307,97.0373,0.1328,0.041,100941.1329,63474.5807,pod_kill,coupon-service,2026-06-09 14:05:00,2026-06-09 14:20:00,post_fault,0.20597756,0
2026-06-09 14:27:40,1660,EXP_FAULT_01,RUN_01,pod_kill,1,adservice,ad-f01-09,online-boutique,node-a,0.3346,27.1341,0,98.4476,0.001347,37.4753,29.7931,66.431,81.8104,117.6369,97.548,98.315,0.064,0.0686,115664.9209,91098.2911,pod_kill,coupon-service,2026-06-09 14:05:00,2026-06-09 14:20:00,post_fault,0.24128549,0
2026-06-09 14:27:45,1665,EXP_FAULT_01,RUN_01,pod_kill,1,adservice,ad-f01-09,online-boutique,node-a,0.329,27.102,0,96.2713,0.002059,35.5835,25.1387,58.8586,70.2373,110.4204,95.3899,96.073,0.1368,0.0615,119492.7538,73407.1662,pod_kill,coupon-service,2026-06-09 14:05:00,2026-06-09 14:20:00,post_fault,0.064649016,0
2026-06-09 14:27:50,1670,EXP_FAULT_01,RUN_01,pod_kill,1,adservice,ad-f01-09,online-boutique,node-a,0.341,28.3381,0,96.1681,0.000851,35.1841,25.6352,53.7639,74.8564,109.4575,95.3597,96.0863,0.0409,0.0408,110629.3159,90488.9861,pod_kill,coupon-service,2026-06-09 14:05:00,2026-06-09 14:20:00,post_fault,0.42443115,0
2026-06-09 14:27:55,1675,EXP_FAULT_01,RUN_01,pod_kill,1,adservice,ad-f01-09,online-boutique,node-a,0.3442,26.7746,0,96.0909,0.000869,32.7501,25.0645,54.3024,71.712,102.6543,95.2851,96.0074,0.0413,0.0422,90100.9264,86042.7093,pod_kill,coupon-service,2026-06-09 14:05:00,2026-06-09 14:20:00,post_fault,0.073752336,0
2026-06-09 14:28:00,1680,EXP_FAULT_01,RUN_01,pod_kill,1,adservice,ad-f01-09,online-boutique,node-a,0.3135,27.5218,0,99.2931,0.001652,34.1443,25.1055,52.1034,71.4578,98.58,98.424,99.1291,0.1046,0.0595,110833.4679,87550.5593,pod_kill,coupon-service,2026-06-09 14:05:00,2026-06-09 14:20:00,post_fault,0.1433522,0
2026-06-09 14:28:05,1685,EXP_FAULT_01,RUN_01,pod_kill,1,adservice,ad-f01-09,online-boutique,node-a,0.3324,27.6425,0,96.9923,0.001558,37.8406,30.3507,63.5015,80.1025,119.2502,96.1553,96.8412,0.0939,0.0573,108091.2041,92692.2794,pod_kill,coupon-service,2026-06-09 14:05:00,2026-06-09 14:20:00,post_fault,0.34124362,0
2026-06-09 14:28:10,1690,EXP_FAULT_01,RUN_01,pod_kill,1,adservice,ad-f01-09,online-boutique,node-a,0.3266,27.4518,0,97.0361,0.001897,35.785,26.6381,61.469,75.7915,96.4601,96.1869,96.852,0.1416,0.0425,113248.4032,100026.6128,pod_kill,coupon-service,2026-06-09 14:05:00,2026-06-09 14:20:00,post_fault,0.045683373,0
2026-06-09 14:28:15,1695,EXP_FAULT_01,RUN_01,pod_kill,1,adservice,ad-f01-09,online-boutique,node-a,0.3093,28.2445,0,96.488,0.001027,37.1362,26.8879,64.1445,71.2713,110.0636,95.7211,96.3889,0.0397,0.0594,101581.2388,75582.3149,pod_kill,coupon-service,2026-06-09 14:05:00,2026-06-09 14:20:00,post_fault,0.16719423,0
2026-06-09 14:28:20,1700,EXP_FAULT_01,RUN_01,pod_kill,1,adservice,ad-f01-09,online-boutique,node-a,0.3417,27.5531,0,98.4871,0.000794,33.9284,27.3892,53.2238,74.0434,90.5422,97.723,98.4089,0.0383,0.0399,122703.4052,64367.72,pod_kill,coupon-service,2026-06-09 14:05:00,2026-06-09 14:20:00,post_fault,0.083576664,0
2026-06-09 14:28:25,1705,EXP_FAULT_01,RUN_01,pod_kill,1,adservice,ad-f01-09,online-boutique,node-a,0.3279,27.7101,0,95.6334,0.000738,33.8985,24.3051,51.9136,65.3385,97.5795,94.9053,95.5628,0.0361,0.0345,105260.4693,89291.6255,pod_kill,coupon-service,2026-06-09 14:05:00,2026-06-09 14:20:00,post_fault,0.019243313,0
2026-06-09 14:28:30,1710,EXP_FAULT_01,RUN_01,pod_kill,1,adservice,ad-f01-09,online-boutique,node-a,0.3117,27.5483,0,93.8363,0.001608,33.6533,25.4789,52.6107,69.8814,90.42,93.0649,93.6854,0.0997,0.0512,111165.7821,89523.777,pod_kill,coupon-service,2026-06-09 14:05:00,2026-06-09 14:20:00,post_fault,0.05238623,0
2026-06-09 14:28:35,1715,EXP_FAULT_01,RUN_01,pod_kill,1,adservice,ad-f01-09,online-boutique,node-a,0.3072,26.9114,0,95.0757,0.001753,35.4014,25.9455,54.794,75.6222,104.0505,94.3165,94.909,0.1025,0.0641,91165.7683,80336.7372,pod_kill,coupon-service,2026-06-09 14:05:00,2026-06-09 14:20:00,post_fault,0.015992971,0
2026-06-09 14:28:40,1720,EXP_FAULT_01,RUN_01,pod_kill,1,adservice,ad-f01-09,online-boutique,node-a,0.3235,26.8689,0,96.8624,0.001962,35.7391,25.2009,58.2077,69.0448,103.4401,96.0541,96.6724,0.1329,0.0571,84258.906,72448.4444,pod_kill,coupon-service,2026-06-09 14:05:00,2026-06-09 14:20:00,post_fault,0.016352193,0
2026-06-09 14:28:45,1725,EXP_FAULT_01,RUN_01,pod_kill,1,adservice,ad-f01-09,online-boutique,node-a,0.3376,27.0414,0,96.6457,0.001082,36.4839,25.6188,56.533,72.878,106.1687,95.918,96.5411,0.0524,0.0522,106260.2672,86400.6879,pod_kill,coupon-service,2026-06-09 14:05:00,2026-06-09 14:20:00,post_fault,0.27892387,0
2026-06-09 14:28:50,1730,EXP_FAULT_01,RUN_01,pod_kill,1,adservice,ad-f01-09,online-boutique,node-a,0.3278,27.4862,0,97.1116,0.001578,31.6814,22.4536,52.9072,63.9003,97.472,96.351,96.9584,0.1077,0.0455,107929.6774,95231.2907,pod_kill,coupon-service,2026-06-09 14:05:00,2026-06-09 14:20:00,post_fault,0.06690368,0
2026-06-09 14:28:55,1735,EXP_FAULT_01,RUN_01,pod_kill,1,adservice,ad-f01-09,online-boutique,node-a,0.3273,27.6038,0,95.1518,0.001845,34.9168,27.6094,52.8029,75.2729,93.3885,94.4048,94.9762,0.1371,0.0384,110980.2495,73459.8605,pod_kill,coupon-service,2026-06-09 14:05:00,2026-06-09 14:20:00,post_fault,0.049432978,0
2026-06-09 14:29:00,1740,EXP_FAULT_01,RUN_01,pod_kill,1,adservice,ad-f01-09,online-boutique,node-a,0.326,27.7916,0,97.5605,0.002029,34.7651,26.3603,54.3764,71.8372,98.6049,96.8344,97.3625,0.134,0.064,111701.9771,73681.4511,pod_kill,coupon-service,2026-06-09 14:05:00,2026-06-09 14:20:00,post_fault,0.029049506,0
2026-06-09 14:29:05,1745,EXP_FAULT_01,RUN_01,pod_kill,1,adservice,ad-f01-09,online-boutique,node-a,0.3455,27.4088,0,94.8655,0.001257,35.1924,26.4822,58.4041,68.5428,104.3616,94.1739,94.7463,0.0849,0.0344,85124.7328,82389.3217,pod_kill,coupon-service,2026-06-09 14:05:00,2026-06-09 14:20:00,post_fault,0.40304026,0
2026-06-09 14:29:10,1750,EXP_FAULT_01,RUN_01,pod_kill,1,adservice,ad-f01-09,online-boutique,node-a,0.3185,28.3262,0,96.5846,0.00125,34.8685,24.7463,60.8958,68.2522,99.0708,95.9116,96.4638,0.0657,0.055,120770.7868,77983.6061,pod_kill,coupon-service,2026-06-09 14:05:00,2026-06-09 14:20:00,post_fault,0.14172052,0
2026-06-09 14:29:15,1755,EXP_FAULT_01,RUN_01,pod_kill,1,adservice,ad-f01-09,online-boutique,node-a,0.313,27.8101,0,96.198,0.00126,33.1387,23.2751,50.7335,68.5606,100.6508,95.5301,96.0768,0.0798,0.0414,106850.5125,76881.3921,pod_kill,coupon-service,2026-06-09 14:05:00,2026-06-09 14:20:00,post_fault,0.111607626,0
2026-06-09 14:29:20,1760,EXP_FAULT_01,RUN_01,pod_kill,1,adservice,ad-f01-09,online-boutique,node-a,0.3316,27.6194,0,99.6381,0.001914,33.8939,24.768,56.6253,67.4543,97.2507,98.9104,99.4473,0.1388,0.052,82360.6448,69512.2441,pod_kill,coupon-service,2026-06-09 14:05:00,2026-06-09 14:20:00,post_fault,0.0077319285,0
2026-06-09 14:29:25,1765,EXP_FAULT_01,RUN_01,pod_kill,1,adservice,ad-f01-09,online-boutique,node-a,0.3085,27.3695,0,96.1988,0.001912,36.5854,28.5817,61.3914,74.017,110.8453,95.498,96.0149,0.126,0.0579,120405.3963,68706.1166,pod_kill,coupon-service,2026-06-09 14:05:00,2026-06-09 14:20:00,post_fault,0.042660445,0
2026-06-09 14:29:30,1770,EXP_FAULT_01,RUN_01,pod_kill,1,adservice,ad-f01-09,online-boutique,node-a,0.3051,27.5321,0,101.4707,0.000931,35.226,26.3194,57.4058,72.1394,92.9389,100.7658,101.3763,0.0299,0.0646,105211.2302,78483.2943,pod_kill,coupon-service,2026-06-09 14:05:00,2026-06-09 14:20:00,post_fault,0.26338077,0
2026-06-09 14:29:35,1775,EXP_FAULT_01,RUN_01,pod_kill,1,adservice,ad-f01-09,online-boutique,node-a,0.3208,27.3704,0,100.2429,0.001089,35.166,25.8882,61.0433,70.2852,104.7423,99.5229,100.1337,0.0567,0.0525,125593.124,88099.5785,pod_kill,coupon-service,2026-06-09 14:05:00,2026-06-09 14:20:00,post_fault,0.023768552,0
2026-06-09 14:29:40,1780,EXP_FAULT_01,RUN_01,pod_kill,1,adservice,ad-f01-09,online-boutique,node-a,0.3143,27.2622,0,101.6774,0.000778,34.3964,27.7071,54.5369,70.2033,93.3806,100.9824,101.5983,0.0463,0.0328,109419.0806,103193.151,pod_kill,coupon-service,2026-06-09 14:05:00,2026-06-09 14:20:00,post_fault,0.1775727,0
2026-06-09 14:29:45,1785,EXP_FAULT_01,RUN_01,pod_kill,1,adservice,ad-f01-09,online-boutique,node-a,0.3208,28.1379,0,102.968,0.00148,34.2377,27.2661,55.3416,68.7791,102.4225,102.204,102.8156,0.0928,0.0595,90124.8084,104069.3893,pod_kill,coupon-service,2026-06-09 14:05:00,2026-06-09 14:20:00,post_fault,0.15676916,0
2026-06-09 14:29:50,1790,EXP_FAULT_01,RUN_01,pod_kill,1,adservice,ad-f01-09,online-boutique,node-a,0.3213,27.3532,0,101.6196,0.000742,34.5522,25.2619,56.7552,65.113,101.7085,100.9194,101.5442,0.0356,0.0398,129955.2305,69287.8195,pod_kill,coupon-service,2026-06-09 14:05:00,2026-06-09 14:20:00,post_fault,0.062988564,0
2026-06-09 14:29:55,1795,EXP_FAULT_01,RUN_01,pod_kill,1,adservice,ad-f01-09,online-boutique,node-a,0.3357,27.6937,0,104.8305,0.001248,36.8822,27.3384,62.5503,77.7921,115.191,104.0811,104.6997,0.0866,0.0443,120570.113,75662.1639,pod_kill,coupon-service,2026-06-09 14:05:00,2026-06-09 14:20:00,post_fault,0.047950633,0
2026-06-09 14:35:00,0,EXP_FAULT_02,RUN_02,cpu_stress,1,adservice,ad-f02-09,online-boutique,node-a,0.3255,27.1177,0,82.4871,0.001023,33.6959,24.4648,50.7796,59.551,86.1517,82.4413,82.4027,0.0659,0.0185,79478.9062,61680.7666,cpu_stress,inventory-service,2026-06-09 14:40:00,2026-06-09 14:55:00,pre_fault,0.36479574,0
2026-06-09 14:35:05,5,EXP_FAULT_02,RUN_02,cpu_stress,1,adservice,ad-f02-09,online-boutique,node-a,0.3108,26.6804,0,83.0207,0.001366,31.9054,23.2678,49.2261,61.6264,84.4556,82.9801,82.9072,0.0897,0.0237,70303.8421,70356.9075,cpu_stress,inventory-service,2026-06-09 14:40:00,2026-06-09 14:55:00,pre_fault,0.030452197,0
2026-06-09 14:35:10,10,EXP_FAULT_02,RUN_02,cpu_stress,1,adservice,ad-f02-09,online-boutique,node-a,0.3089,27.2685,0,82.1393,0.001167,33.7835,24.727,54.6913,61.8423,89.5159,82.0871,82.0434,0.069,0.0268,97287.8026,74893.1141,cpu_stress,inventory-service,2026-06-09 14:40:00,2026-06-09 14:55:00,pre_fault,0.15814897,0
2026-06-09 14:35:15,15,EXP_FAULT_02,RUN_02,cpu_stress,1,adservice,ad-f02-09,online-boutique,node-a,0.3182,26.5654,0,82.3888,0.000682,33.609,26.1067,49.7496,60.5534,84.8113,82.3518,82.3325,0.0396,0.0166,83514.515,77987.9919,cpu_stress,inventory-service,2026-06-09 14:40:00,2026-06-09 14:55:00,pre_fault,0.2283479,0
2026-06-09 14:35:20,20,EXP_FAULT_02,RUN_02,cpu_stress,1,adservice,ad-f02-09,online-boutique,node-a,0.3164,27.2133,0,80.2935,0.001235,30.6165,22.2107,51.7804,56.2225,73.9157,80.2476,80.1943,0.0872,0.012,75248.873,65534.9211,cpu_stress,inventory-service,2026-06-09 14:40:00,2026-06-09 14:55:00,pre_fault,0.07718917,0
2026-06-09 14:35:25,25,EXP_FAULT_02,RUN_02,cpu_stress,1,adservice,ad-f02-09,online-boutique,node-a,0.319,26.8389,0,81.0188,0.001241,31.709,23.6888,51.5953,58.6306,77.7246,80.9707,80.9182,0.0856,0.0149,80424.5275,58050.8024,cpu_stress,inventory-service,2026-06-09 14:40:00,2026-06-09 14:55:00,pre_fault,0.12638925,0
2026-06-09 14:35:30,30,EXP_FAULT_02,RUN_02,cpu_stress,1,adservice,ad-f02-09,online-boutique,node-a,0.3025,26.9048,0,78.7154,0.00131,31.5023,25.5495,51.1979,56.5459,82.8006,78.6645,78.6124,0.1011,0.002,84343.3125,69338.9226,cpu_stress,inventory-service,2026-06-09 14:40:00,2026-06-09 14:55:00,pre_fault,0.11323128,0
2026-06-09 14:35:35,35,EXP_FAULT_02,RUN_02,cpu_stress,1,adservice,ad-f02-09,online-boutique,node-a,0.3199,26.8643,0,79.5249,0.001591,32.1193,25.1232,54.0625,56.54,77.5527,79.4792,79.3984,0.0997,0.0268,83069.144,61677.1989,cpu_stress,inventory-service,2026-06-09 14:40:00,2026-06-09 14:55:00,pre_fault,0.25949258,0
2026-06-09 14:35:40,40,EXP_FAULT_02,RUN_02,cpu_stress,1,adservice,ad-f02-09,online-boutique,node-a,0.3244,26.5937,0,80.1543,0.001671,30.7855,24.2431,51.7706,57.3083,85.5138,80.0795,80.0204,0.1241,0.0098,99272.1933,82516.0639,cpu_stress,inventory-service,2026-06-09 14:40:00,2026-06-09 14:55:00,pre_fault,0.16827895,0
2026-06-09 14:35:45,45,EXP_FAULT_02,RUN_02,cpu_stress,1,adservice,ad-f02-09,online-boutique,node-a,0.2953,27.0099,0,80.9025,0.000889,34.2038,27.3233,52.6626,64.6075,97.4738,80.8725,80.8306,0.0621,0.0098,87696.3166,75543.3379,cpu_stress,inventory-service,2026-06-09 14:40:00,2026-06-09 14:55:00,pre_fault,0.13443509,0
2026-06-09 14:35:50,50,EXP_FAULT_02,RUN_02,cpu_stress,1,adservice,ad-f02-09,online-boutique,node-a,0.2987,27.1844,0,77.5722,0.001746,35.8929,27.8741,60.2897,69.2987,92.5741,77.4796,77.4368,0.1104,0.025,98544.1663,60504.5402,cpu_stress,inventory-service,2026-06-09 14:40:00,2026-06-09 14:55:00,pre_fault,0.58771,1
2026-06-09 14:35:55,55,EXP_FAULT_02,RUN_02,cpu_stress,1,adservice,ad-f02-09,online-boutique,node-a,0.3215,26.7598,0,75.3986,0.001616,32.5461,24.8291,54.3892,66.1904,88.2322,75.309,75.2768,0.1175,0.0044,80012.1721,66909.6224,cpu_stress,inventory-service,2026-06-09 14:40:00,2026-06-09 14:55:00,pre_fault,0.64681745,1
2026-06-09 14:36:00,60,EXP_FAULT_02,RUN_02,cpu_stress,1,adservice,ad-f02-09,online-boutique,node-a,0.3009,26.551,0,78.7396,0.000787,30.8655,22.0274,48.5246,58.1255,79.9627,78.7135,78.6776,0.0367,0.0253,100642.8883,60170.5255,cpu_stress,inventory-service,2026-06-09 14:40:00,2026-06-09 14:55:00,pre_fault,0.06022917,0
2026-06-09 14:36:05,65,EXP_FAULT_02,RUN_02,cpu_stress,1,adservice,ad-f02-09,online-boutique,node-a,0.2979,27.0874,0,73.8874,0.000898,31.3206,24.0828,51.9482,63.612,74.4092,73.8621,73.8211,0.0426,0.0238,70866.0653,65692.4665,cpu_stress,inventory-service,2026-06-09 14:40:00,2026-06-09 14:55:00,pre_fault,0.2752196,0
2026-06-09 14:36:10,70,EXP_FAULT_02,RUN_02,cpu_stress,1,adservice,ad-f02-09,online-boutique,node-a,0.3241,27.625,0,77.4018,0.00139,32.3284,25.5026,48.9263,64.7642,77.4288,77.3475,77.2942,0.0877,0.0198,80696.7661,58038.1699,cpu_stress,inventory-service,2026-06-09 14:40:00,2026-06-09 14:55:00,pre_fault,0.56177866,1
2026-06-09 14:36:15,75,EXP_FAULT_02,RUN_02,cpu_stress,1,adservice,ad-f02-09,online-boutique,node-a,0.3035,26.7734,0,77.5083,0.001402,30.2925,21.9052,49.354,60.8144,79.3847,77.4286,77.3997,0.0856,0.023,91574.1884,65654.9583,cpu_stress,inventory-service,2026-06-09 14:40:00,2026-06-09 14:55:00,pre_fault,0.084262714,0
2026-06-09 14:36:20,80,EXP_FAULT_02,RUN_02,cpu_stress,1,adservice,ad-f02-09,online-boutique,node-a,0.3069,27.7238,0,76.5745,0.00084,34.0256,25.3792,49.7278,64.1594,95.0051,76.5432,76.5101,0.0425,0.0219,96930.7092,53135.0986,cpu_stress,inventory-service,2026-06-09 14:40:00,2026-06-09 14:55:00,pre_fault,0.4447803,1
2026-06-09 14:36:25,85,EXP_FAULT_02,RUN_02,cpu_stress,1,adservice,ad-f02-09,online-boutique,node-a,0.3089,27.055,0,78.1961,0.001044,33.8139,23.8997,56.3441,62.4143,80.4848,78.1586,78.1145,0.0692,0.0124,83069.0488,53849.9672,cpu_stress,inventory-service,2026-06-09 14:40:00,2026-06-09 14:55:00,pre_fault,0.38329485,0
2026-06-09 14:36:30,90,EXP_FAULT_02,RUN_02,cpu_stress,1,adservice,ad-f02-09,online-boutique,node-a,0.3203,26.6813,0,77.7607,0.001143,31.4574,23.0204,45.7988,60.7472,80.5819,77.7176,77.6718,0.0666,0.0223,71363.8861,52808.0312,cpu_stress,inventory-service,2026-06-09 14:40:00,2026-06-09 14:55:00,pre_fault,0.28318366,0
2026-06-09 14:36:35,95,EXP_FAULT_02,RUN_02,cpu_stress,1,adservice,ad-f02-09,online-boutique,node-a,0.3095,26.9541,0,75.1985,0.001085,31.1942,24.9362,47.1524,57.7941,74.5582,75.1374,75.1169,0.0685,0.0131,71167.6285,66511.1739,cpu_stress,inventory-service,2026-06-09 14:40:00,2026-06-09 14:55:00,pre_fault,0.3115582,0
2026-06-09 14:36:40,100,EXP_FAULT_02,RUN_02,cpu_stress,1,adservice,ad-f02-09,online-boutique,node-a,0.3155,27.2988,0,79.1498,0.001861,30.4327,22.5284,48.8281,60.0757,76.4502,79.092,79.0025,0.1246,0.0227,65972.8719,64728.3816,cpu_stress,inventory-service,2026-06-09 14:40:00,2026-06-09 14:55:00,pre_fault,0.14208001,0
2026-06-09 14:36:45,105,EXP_FAULT_02,RUN_02,cpu_stress,1,adservice,ad-f02-09,online-boutique,node-a,0.312,27.1201,0,77.3593,0.00132,30.4232,24.1995,44.5144,58.0052,73.0715,77.3105,77.2572,0.0908,0.0113,82247.073,50956.7816,cpu_stress,inventory-service,2026-06-09 14:40:00,2026-06-09 14:55:00,pre_fault,0.13881965,0
2026-06-09 14:36:50,110,EXP_FAULT_02,RUN_02,cpu_stress,1,adservice,ad-f02-09,online-boutique,node-a,0.3053,27.3975,0,79.7125,0.001512,33.4459,23.6285,51.6326,59.2197,95.261,79.6316,79.592,0.0933,0.0272,78627.2588,74822.5132,cpu_stress,inventory-service,2026-06-09 14:40:00,2026-06-09 14:55:00,pre_fault,0.20375589,0
2026-06-09 14:36:55,115,EXP_FAULT_02,RUN_02,cpu_stress,1,adservice,ad-f02-09,online-boutique,node-a,0.297,26.9068,0,77.5445,0.001038,31.7136,24.0309,48.8902,62.1899,83.8826,77.4848,77.464,0.0731,0.0074,63593.5439,61882.1841,cpu_stress,inventory-service,2026-06-09 14:40:00,2026-06-09 14:55:00,pre_fault,0.13254517,0
2026-06-09 14:37:00,120,EXP_FAULT_02,RUN_02,cpu_stress,1,adservice,ad-f02-09,online-boutique,node-a,0.3144,27.9354,0,81.5612,0.000763,32.7878,25.3855,54.852,67.131,82.4831,81.5325,81.499,0.0338,0.0285,88401.8408,74564.7736,cpu_stress,inventory-service,2026-06-09 14:40:00,2026-06-09 14:55:00,pre_fault,0.17176144,0
2026-06-09 14:37:05,125,EXP_FAULT_02,RUN_02,cpu_stress,1,adservice,ad-f02-09,online-boutique,node-a,0.2996,27.1377,0,80.2811,0.001094,30.3895,24.1904,44.1089,58.2205,72.8011,80.2274,80.1933,0.0824,0.0054,74858.5199,79183.2573,cpu_stress,inventory-service,2026-06-09 14:40:00,2026-06-09 14:55:00,pre_fault,0.016768884,0
2026-06-09 14:37:10,130,EXP_FAULT_02,RUN_02,cpu_stress,1,adservice,ad-f02-09,online-boutique,node-a,0.3473,26.7928,0,80.8925,0.001496,31.7877,22.8703,51.9273,56.8287,89.523,80.8193,80.7715,0.0964,0.0247,90606.1891,74849.5049,cpu_stress,inventory-service,2026-06-09 14:40:00,2026-06-09 14:55:00,pre_fault,0.80674314,1
2026-06-09 14:37:15,135,EXP_FAULT_02,RUN_02,cpu_stress,1,adservice,ad-f02-09,online-boutique,node-a,0.3164,26.955,0,83.4401,0.001843,32.7298,25.3962,50.2608,59.7374,93.1853,83.3515,83.2862,0.1327,0.0212,85796.8366,65776.7078,cpu_stress,inventory-service,2026-06-09 14:40:00,2026-06-09 14:55:00,pre_fault,0.11773276,0
2026-06-09 14:37:20,140,EXP_FAULT_02,RUN_02,cpu_stress,1,adservice,ad-f02-09,online-boutique,node-a,0.3285,26.529,0,84.2886,0.001227,29.848,23.3714,46.4832,58.5036,76.6921,84.2361,84.1851,0.1019,0.0015,99984.7562,71112.1018,cpu_stress,inventory-service,2026-06-09 14:40:00,2026-06-09 14:55:00,pre_fault,0.031361826,0
2026-06-09 14:37:25,145,EXP_FAULT_02,RUN_02,cpu_stress,1,adservice,ad-f02-09,online-boutique,node-a,0.3116,27.0403,0,83.4891,0.00128,31.4501,23.9097,47.399,55.4774,74.0667,83.4457,83.3822,0.1028,0.0041,78992.0708,85066.1331,cpu_stress,inventory-service,2026-06-09 14:40:00,2026-06-09 14:55:00,pre_fault,0.02175171,0
2026-06-09 14:37:30,150,EXP_FAULT_02,RUN_02,cpu_stress,1,adservice,ad-f02-09,online-boutique,node-a,0.3183,26.6392,0,82.8717,0.000991,33.6484,26.8427,52.4108,60.6465,88.1256,82.8152,82.7895,0.0577,0.0245,101233.0068,80742.4444,cpu_stress,inventory-service,2026-06-09 14:40:00,2026-06-09 14:55:00,pre_fault,0.2080801,0
2026-06-09 14:37:35,155,EXP_FAULT_02,RUN_02,cpu_stress,1,adservice,ad-f02-09,online-boutique,node-a,0.3183,27.3727,0,84.7163,0.001313,32.8899,26.1088,50.5067,57.5902,81.6741,84.6489,84.6051,0.0908,0.0204,97525.5097,83583.1424,cpu_stress,inventory-service,2026-06-09 14:40:00,2026-06-09 14:55:00,pre_fault,0.07490772,0
2026-06-09 14:37:40,160,EXP_FAULT_02,RUN_02,cpu_stress,1,adservice,ad-f02-09,online-boutique,node-a,0.324,27.0732,0,86.8165,0.000397,33.8159,24.964,52.7425,63.3951,92.5414,86.8024,86.782,0.0251,0.0094,96874.1586,87046.1068,cpu_stress,inventory-service,2026-06-09 14:40:00,2026-06-09 14:55:00,pre_fault,0.175125,0
2026-06-09 14:37:45,165,EXP_FAULT_02,RUN_02,cpu_stress,1,adservice,ad-f02-09,online-boutique,node-a,0.3178,27.1012,0,85.0979,0.001605,30.5211,23.8633,48.4541,59.291,86.5605,85.0286,84.9612,0.1196,0.017,101388.6024,66474.3712,cpu_stress,inventory-service,2026-06-09 14:40:00,2026-06-09 14:55:00,pre_fault,0.004244905,0
2026-06-09 14:37:50,170,EXP_FAULT_02,RUN_02,cpu_stress,1,adservice,ad-f02-09,online-boutique,node-a,0.3095,26.9466,0,85.7015,0.001017,30.9533,23.3945,45.13,63.0121,84.5892,85.6381,85.6143,0.0713,0.0158,95458.6329,75608.6245,cpu_stress,inventory-service,2026-06-09 14:40:00,2026-06-09 14:55:00,pre_fault,0.03154058,0
2026-06-09 14:37:55,175,EXP_FAULT_02,RUN_02,cpu_stress,1,adservice,ad-f02-09,online-boutique,node-a,0.3306,26.9946,0,86.8558,0.001293,33.7197,24.0351,56.0214,63.3881,80.1933,86.783,86.7435,0.1096,0.0027,96285.6192,60550.148,cpu_stress,inventory-service,2026-06-09 14:40:00,2026-06-09 14:55:00,pre_fault,0.25215307,0
2026-06-09 14:38:00,180,EXP_FAULT_02,RUN_02,cpu_stress,1,adservice,ad-f02-09,online-boutique,node-a,0.2999,27.5636,0,84.5855,0.001823,31.8084,25.7633,52.1832,64.3866,75.756,84.4722,84.4313,0.1264,0.0278,97951.9036,74532.5678,cpu_stress,inventory-service,2026-06-09 14:40:00,2026-06-09 14:55:00,pre_fault,0.123001136,0
2026-06-09 14:38:05,185,EXP_FAULT_02,RUN_02,cpu_stress,1,adservice,ad-f02-09,online-boutique,node-a,0.3373,26.7996,0,82.9293,0.001477,30.6999,25.0352,46.1974,62.7503,83.7328,82.8512,82.8069,0.0963,0.0262,81344.4799,54288.1957,cpu_stress,inventory-service,2026-06-09 14:40:00,2026-06-09 14:55:00,pre_fault,0.22860181,0
2026-06-09 14:38:10,190,EXP_FAULT_02,RUN_02,cpu_stress,1,adservice,ad-f02-09,online-boutique,node-a,0.3041,26.956,0,82.489,0.001227,35.2085,25.1648,52.8135,69.7244,97.9199,82.4319,82.3878,0.0858,0.0154,82018.5823,67343.3772,cpu_stress,inventory-service,2026-06-09 14:40:00,2026-06-09 14:55:00,pre_fault,0.22585085,0
2026-06-09 14:38:15,195,EXP_FAULT_02,RUN_02,cpu_stress,1,adservice,ad-f02-09,online-boutique,node-a,0.3268,27.0891,0,85.4196,0.001344,30.9873,23.1296,46.4659,55.5266,81.7076,85.3426,85.3048,0.0888,0.026,91293.2292,85818.2348,cpu_stress,inventory-service,2026-06-09 14:40:00,2026-06-09 14:55:00,pre_fault,0.03559656,0
2026-06-09 14:38:20,200,EXP_FAULT_02,RUN_02,cpu_stress,1,adservice,ad-f02-09,online-boutique,node-a,0.3151,27.4888,0,87.6903,0.000918,31.8982,25.7556,52.2686,64.9268,78.8255,87.6475,87.6098,0.0729,0.0076,84262.2755,89472.2079,cpu_stress,inventory-service,2026-06-09 14:40:00,2026-06-09 14:55:00,pre_fault,0.012664281,0
2026-06-09 14:38:25,205,EXP_FAULT_02,RUN_02,cpu_stress,1,adservice,ad-f02-09,online-boutique,node-a,0.3232,27.081,0,83.701,0.001515,30.4852,24.3222,48.2683,59.2145,79.6557,83.617,83.5742,0.1114,0.0154,93706.4024,86048.8127,cpu_stress,inventory-service,2026-06-09 14:40:00,2026-06-09 14:55:00,pre_fault,0.021336962,0
2026-06-09 14:38:30,210,EXP_FAULT_02,RUN_02,cpu_stress,1,adservice,ad-f02-09,online-boutique,node-a,0.3288,27.1072,0,83.7123,0.001106,33.8963,24.9326,49.7519,67.4402,90.7358,83.6596,83.6197,0.0838,0.0088,79845.7215,82678.0076,cpu_stress,inventory-service,2026-06-09 14:40:00,2026-06-09 14:55:00,pre_fault,0.40701255,0
2026-06-09 14:38:35,215,EXP_FAULT_02,RUN_02,cpu_stress,1,adservice,ad-f02-09,online-boutique,node-a,0.3059,26.9223,0,81.646,0.000824,34.2701,25.3989,55.7778,65.2549,83.3463,81.6188,81.5787,0.0668,0.0005,83384.6425,61136.1345,cpu_stress,inventory-service,2026-06-09 14:40:00,2026-06-09 14:55:00,pre_fault,0.18733317,0
2026-06-09 14:38:40,220,EXP_FAULT_02,RUN_02,cpu_stress,1,adservice,ad-f02-09,online-boutique,node-a,0.3049,27.3892,0,83.4543,0.00059,31.668,24.1559,46.296,56.4497,85.1793,83.428,83.4051,0.0418,0.0074,94313.0244,65318.7813,cpu_stress,inventory-service,2026-06-09 14:40:00,2026-06-09 14:55:00,pre_fault,0.0048697204,0
2026-06-09 14:38:45,225,EXP_FAULT_02,RUN_02,cpu_stress,1,adservice,ad-f02-09,online-boutique,node-a,0.3383,26.9141,0,85.116,0.000995,36.0791,29.5201,53.6584,69.3968,101.8938,85.0585,85.0312,0.0775,0.0072,82399.2259,81863.9447,cpu_stress,inventory-service,2026-06-09 14:40:00,2026-06-09 14:55:00,pre_fault,1.029851,1
2026-06-09 14:38:50,230,EXP_FAULT_02,RUN_02,cpu_stress,1,adservice,ad-f02-09,online-boutique,node-a,0.3,26.364,0,84.9072,0.00055,33.0147,25.8123,51.7338,58.1517,92.1701,84.8881,84.8605,0.0288,0.0178,92486.4832,71510.3702,cpu_stress,inventory-service,2026-06-09 14:40:00,2026-06-09 14:55:00,pre_fault,0.016595138,0
2026-06-09 14:38:55,235,EXP_FAULT_02,RUN_02,cpu_stress,1,adservice,ad-f02-09,online-boutique,node-a,0.2988,26.7645,0,83.1471,0.001255,32.4729,25.0052,51.6481,61.8967,86.4696,83.0832,83.0427,0.1035,0.0008,99050.9273,69074.9085,cpu_stress,inventory-service,2026-06-09 14:40:00,2026-06-09 14:55:00,pre_fault,0.018563107,0
2026-06-09 14:39:00,240,EXP_FAULT_02,RUN_02,cpu_stress,1,adservice,ad-f02-09,online-boutique,node-a,0.3093,27.5003,0,84.1763,0.000844,31.1486,22.4933,48.89,62.4255,75.9073,84.1322,84.1052,0.0653,0.0058,82427.9998,67172.6062,cpu_stress,inventory-service,2026-06-09 14:40:00,2026-06-09 14:55:00,pre_fault,0.009823156,0
2026-06-09 14:39:05,245,EXP_FAULT_02,RUN_02,cpu_stress,1,adservice,ad-f02-09,online-boutique,node-a,0.3114,27.0536,0,84.4968,0.000523,31.1949,23.9473,47.7807,60.6131,80.6922,84.4775,84.4526,0.0249,0.0193,103732.4814,69203.9807,cpu_stress,inventory-service,2026-06-09 14:40:00,2026-06-09 14:55:00,pre_fault,0.0020689438,0
2026-06-09 14:39:10,250,EXP_FAULT_02,RUN_02,cpu_stress,1,adservice,ad-f02-09,online-boutique,node-a,0.3159,27.3805,0,84.4415,0.001289,30.9477,23.1053,48.3775,56.3018,72.9438,84.3983,84.3327,0.1022,0.0066,79555.4434,66196.9394,cpu_stress,inventory-service,2026-06-09 14:40:00,2026-06-09 14:55:00,pre_fault,0.010164741,0
2026-06-09 14:39:15,255,EXP_FAULT_02,RUN_02,cpu_stress,1,adservice,ad-f02-09,online-boutique,node-a,0.3265,26.6906,0,85.1431,0.000677,30.4512,24.781,46.7927,62.3235,84.2509,85.1016,85.0855,0.0488,0.0088,96887.2276,78497.0188,cpu_stress,inventory-service,2026-06-09 14:40:00,2026-06-09 14:55:00,pre_fault,0.025520664,0
2026-06-09 14:39:20,260,EXP_FAULT_02,RUN_02,cpu_stress,1,adservice,ad-f02-09,online-boutique,node-a,0.298,27.3383,0,84.4619,0.000595,29.6067,23.3623,46.431,57.3787,77.5201,84.4308,84.4117,0.0342,0.0161,81812.0451,72390.1085,cpu_stress,inventory-service,2026-06-09 14:40:00,2026-06-09 14:55:00,pre_fault,0.092379734,0
2026-06-09 14:39:25,265,EXP_FAULT_02,RUN_02,cpu_stress,1,adservice,ad-f02-09,online-boutique,node-a,0.3189,26.7276,0,84.4512,0.001526,32.8512,24.7566,50.6642,60.4368,92.7814,84.3747,84.3223,0.1128,0.016,91569.4772,83958.9624,cpu_stress,inventory-service,2026-06-09 14:40:00,2026-06-09 14:55:00,pre_fault,0.10089419,0
2026-06-09 14:39:30,270,EXP_FAULT_02,RUN_02,cpu_stress,1,adservice,ad-f02-09,online-boutique,node-a,0.3311,26.7843,0,85.941,0.000899,30.0361,21.0338,48.6244,55.9484,75.7403,85.9037,85.8638,0.068,0.0092,85353.3489,77252.9933,cpu_stress,inventory-service,2026-06-09 14:40:00,2026-06-09 14:55:00,pre_fault,0.023106929,0
2026-06-09 14:39:35,275,EXP_FAULT_02,RUN_02,cpu_stress,1,adservice,ad-f02-09,online-boutique,node-a,0.3063,27.1393,0,84.4885,0.001116,32.7519,23.6943,48.8755,60.5512,82.053,84.4323,84.3942,0.0874,0.0069,74165.5844,73379.2936,cpu_stress,inventory-service,2026-06-09 14:40:00,2026-06-09 14:55:00,pre_fault,0.028339395,0
2026-06-09 14:39:40,280,EXP_FAULT_02,RUN_02,cpu_stress,1,adservice,ad-f02-09,online-boutique,node-a,0.3218,27.1459,0,87.9768,0.001663,34.6276,24.327,55.9298,66.4194,95.3179,87.8705,87.8304,0.1229,0.0234,109863.8591,64746.5306,cpu_stress,inventory-service,2026-06-09 14:40:00,2026-06-09 14:55:00,pre_fault,0.13274935,0
2026-06-09 14:39:45,285,EXP_FAULT_02,RUN_02,cpu_stress,1,adservice,ad-f02-09,online-boutique,node-a,0.2954,26.8055,0,86.8688,0.000907,34.3616,25.5097,50.4145,63.4695,83.3983,86.827,86.79,0.0638,0.015,84998.9637,61567.0953,cpu_stress,inventory-service,2026-06-09 14:40:00,2026-06-09 14:55:00,pre_fault,0.011885964,0
2026-06-09 14:39:50,290,EXP_FAULT_02,RUN_02,cpu_stress,1,adservice,ad-f02-09,online-boutique,node-a,0.3204,27.0252,0,89.6461,0.000912,32.3064,25.8169,50.8592,56.5904,86.3011,89.5985,89.5643,0.0569,0.0249,97174.047,80893.7225,cpu_stress,inventory-service,2026-06-09 14:40:00,2026-06-09 14:55:00,pre_fault,0.0018716414,0
2026-06-09 14:39:55,295,EXP_FAULT_02,RUN_02,cpu_stress,1,adservice,ad-f02-09,online-boutique,node-a,0.3074,27.1941,0,87.4351,0.000939,32.3664,23.749,47.2814,60.267,83.7566,87.3983,87.353,0.0528,0.0294,111523.8591,64955.5909,cpu_stress,inventory-service,2026-06-09 14:40:00,2026-06-09 14:55:00,pre_fault,0.029404247,0
2026-06-09 14:40:00,300,EXP_FAULT_02,RUN_02,cpu_stress,1,adservice,ad-f02-09,online-boutique,node-a,0.3381,26.8582,0,89.128,0.003034,44.5855,33.0566,84.9049,128.9512,202.4621,84.1974,88.8575,0.0244,0.246,110564.9224,74361.7053,cpu_stress,inventory-service,2026-06-09 14:40:00,2026-06-09 14:55:00,during_fault,3.6178231,1
2026-06-09 14:40:05,305,EXP_FAULT_02,RUN_02,cpu_stress,1,adservice,ad-f02-09,online-boutique,node-a,0.328,27.0184,0,90.1704,0.004141,44.2472,29.9432,87.691,115.2207,174.0325,85.1259,89.797,0.1185,0.2549,90160.6426,80806.9637,cpu_stress,inventory-service,2026-06-09 14:40:00,2026-06-09 14:55:00,during_fault,3.380403,1
2026-06-09 14:40:10,310,EXP_FAULT_02,RUN_02,cpu_stress,1,adservice,ad-f02-09,online-boutique,node-a,0.3099,27.1198,0,90.3716,0.003694,42.6976,32.0412,87.3564,118.6178,180.6424,85.3857,90.0377,0.0869,0.2469,109302.5272,86349.6794,cpu_stress,inventory-service,2026-06-09 14:40:00,2026-06-09 14:55:00,during_fault,1.7565374,1
2026-06-09 14:40:15,315,EXP_FAULT_02,RUN_02,cpu_stress,1,adservice,ad-f02-09,online-boutique,node-a,0.3231,27.0302,0,90.4004,0.003481,39.9636,28.2053,82.0113,107.1408,161.4599,85.4912,90.0857,0.0672,0.2474,113773.4003,81817.7374,cpu_stress,inventory-service,2026-06-09 14:40:00,2026-06-09 14:55:00,during_fault,1.3105681,1
2026-06-09 14:40:20,320,EXP_FAULT_02,RUN_02,cpu_stress,1,adservice,ad-f02-09,online-boutique,node-a,0.3043,27.0616,0,93.734,0.003137,40.316,27.0983,77.036,113.1558,160.1761,88.7276,93.44,0.0644,0.2296,112917.0912,82371.0677,cpu_stress,inventory-service,2026-06-09 14:40:00,2026-06-09 14:55:00,during_fault,0.5291147,1
2026-06-09 14:40:25,325,EXP_FAULT_02,RUN_02,cpu_stress,1,adservice,ad-f02-09,online-boutique,node-a,0.3288,26.8611,0,91.8373,0.003807,40.4374,30.0039,75.2761,114.9965,187.2626,86.9627,91.4876,0.13,0.2196,99005.5591,61756.2418,cpu_stress,inventory-service,2026-06-09 14:40:00,2026-06-09 14:55:00,during_fault,1.5966799,1
2026-06-09 14:40:30,330,EXP_FAULT_02,RUN_02,cpu_stress,1,adservice,ad-f02-09,online-boutique,node-a,0.3214,27.6691,0,95.414,0.003928,44.6633,33.29,80.0896,119.6344,169.7371,90.4751,95.0393,0.1417,0.2331,102251.6697,68775.4868,cpu_stress,inventory-service,2026-06-09 14:40:00,2026-06-09 14:55:00,during_fault,2.525862,1
2026-06-09 14:40:35,335,EXP_FAULT_02,RUN_02,cpu_stress,1,adservice,ad-f02-09,online-boutique,node-a,0.3374,27.196,0,96.2188,0.002854,46.3032,34.7078,83.0123,127.4171,188.2392,91.3961,95.9442,0.0361,0.2386,113584.1748,88413.4244,cpu_stress,inventory-service,2026-06-09 14:40:00,2026-06-09 14:55:00,during_fault,3.0214603,1
2026-06-09 14:40:40,340,EXP_FAULT_02,RUN_02,cpu_stress,1,adservice,ad-f02-09,online-boutique,node-a,0.3048,27.2044,0,91.5186,0.002613,44.621,33.4013,85.0605,120.9187,188.5853,87.0474,91.2795,0.0363,0.2028,93558.803,67361.329,cpu_stress,inventory-service,2026-06-09 14:40:00,2026-06-09 14:55:00,during_fault,1.649155,1
2026-06-09 14:40:45,345,EXP_FAULT_02,RUN_02,cpu_stress,1,adservice,ad-f02-09,online-boutique,node-a,0.3051,26.9599,0,96.8131,0.003203,44.0466,33.0719,83.7483,110.4458,176.8562,92.1942,96.503,0.0834,0.2267,102301.9779,97225.1735,cpu_stress,inventory-service,2026-06-09 14:40:00,2026-06-09 14:55:00,during_fault,1.0778539,1
2026-06-09 14:40:50,350,EXP_FAULT_02,RUN_02,cpu_stress,1,adservice,ad-f02-09,online-boutique,node-a,0.3253,27.0122,0,96.8996,0.003953,42.6879,29.7368,86.8328,115.5337,163.7369,92.3815,96.5165,0.1533,0.2297,103506.3372,96779.9993,cpu_stress,inventory-service,2026-06-09 14:40:00,2026-06-09 14:55:00,during_fault,1.7708576,1
2026-06-09 14:40:55,355,EXP_FAULT_02,RUN_02,cpu_stress,1,adservice,ad-f02-09,online-boutique,node-a,0.3175,26.7989,0,97.3894,0.00302,43.8242,30.3565,75.9889,111.7704,170.2049,93.0562,97.0953,0.0728,0.2213,90993.391,80181.8164,cpu_stress,inventory-service,2026-06-09 14:40:00,2026-06-09 14:55:00,during_fault,1.2809592,1
2026-06-09 14:41:00,360,EXP_FAULT_02,RUN_02,cpu_stress,1,adservice,ad-f02-09,online-boutique,node-a,0.3389,27.0052,0,98.2473,0.003495,42.4185,29.622,82.4732,100.5371,165.8852,93.9663,97.9039,0.1246,0.2189,104253.7252,64579.6673,cpu_stress,inventory-service,2026-06-09 14:40:00,2026-06-09 14:55:00,during_fault,1.653203,1
2026-06-09 14:41:05,365,EXP_FAULT_02,RUN_02,cpu_stress,1,adservice,ad-f02-09,online-boutique,node-a,0.3389,27.0841,0,97.2935,0.002953,38.8428,28.1741,73.0389,98.0913,148.4202,93.2737,97.0062,0.0734,0.2139,113765.2199,76566.5491,cpu_stress,inventory-service,2026-06-09 14:40:00,2026-06-09 14:55:00,during_fault,0.72600853,1
2026-06-09 14:41:10,370,EXP_FAULT_02,RUN_02,cpu_stress,1,adservice,ad-f02-09,online-boutique,node-a,0.3155,27.2483,0,94.2962,0.003479,42.3488,28.7008,74.5915,114.7867,156.9129,90.4849,93.9682,0.1326,0.1955,111743.5755,87990.6947,cpu_stress,inventory-service,2026-06-09 14:40:00,2026-06-09 14:55:00,during_fault,1.4099991,1
2026-06-09 14:41:15,375,EXP_FAULT_02,RUN_02,cpu_stress,1,adservice,ad-f02-09,online-boutique,node-a,0.3138,27.2335,0,98.1511,0.00308,42.185,28.8159,82.6142,103.646,171.5788,94.3646,97.8487,0.1074,0.1949,124349.784,94969.4338,cpu_stress,inventory-service,2026-06-09 14:40:00,2026-06-09 14:55:00,during_fault,0.87063944,1
2026-06-09 14:41:20,380,EXP_FAULT_02,RUN_02,cpu_stress,1,adservice,ad-f02-09,online-boutique,node-a,0.3098,27.3186,0,96.9107,0.002538,39.7023,26.7427,72.2767,94.3908,164.8556,93.371,96.6647,0.0825,0.1635,90014.2895,76787.2917,cpu_stress,inventory-service,2026-06-09 14:40:00,2026-06-09 14:55:00,during_fault,0.3212569,0
2026-06-09 14:41:25,385,EXP_FAULT_02,RUN_02,cpu_stress,1,adservice,ad-f02-09,online-boutique,node-a,0.3288,26.8298,0,94.4212,0.003145,40.9518,29.9171,70.7013,101.4256,158.9867,91.094,94.1243,0.1346,0.1623,82100.8295,61914.2437,cpu_stress,inventory-service,2026-06-09 14:40:00,2026-06-09 14:55:00,during_fault,1.2222149,1
2026-06-09 14:41:30,390,EXP_FAULT_02,RUN_02,cpu_stress,1,adservice,ad-f02-09,online-boutique,node-a,0.3453,27.6057,0,95.2343,0.002337,37.6834,27.6833,71.222,93.6046,130.0898,92.0158,95.0118,0.0541,0.1684,93674.443,79061.3587,cpu_stress,inventory-service,2026-06-09 14:40:00,2026-06-09 14:55:00,during_fault,0.8397466,1
2026-06-09 14:41:35,395,EXP_FAULT_02,RUN_02,cpu_stress,1,adservice,ad-f02-09,online-boutique,node-a,0.3251,27.3404,0,93.6904,0.002035,41.8363,28.7348,70.5533,100.6519,140.4439,90.6653,93.4998,0.0347,0.156,93199.384,84243.0408,cpu_stress,inventory-service,2026-06-09 14:40:00,2026-06-09 14:55:00,during_fault,1.0985126,1
2026-06-09 14:41:40,400,EXP_FAULT_02,RUN_02,cpu_stress,1,adservice,ad-f02-09,online-boutique,node-a,0.3275,27.399,0,94.7657,0.002629,37.9216,28.0267,66.8834,96.0672,126.7167,91.77,94.5165,0.0928,0.1564,112560.8389,73547.6056,cpu_stress,inventory-service,2026-06-09 14:40:00,2026-06-09 14:55:00,during_fault,0.40344295,0
2026-06-09 14:41:45,405,EXP_FAULT_02,RUN_02,cpu_stress,1,adservice,ad-f02-09,online-boutique,node-a,0.3117,26.5903,0,97.466,0.002785,38.2688,27.8912,71.0578,88.5951,142.7474,94.5,97.1946,0.1254,0.1461,111013.234,83980.3867,cpu_stress,inventory-service,2026-06-09 14:40:00,2026-06-09 14:55:00,during_fault,0.13483879,0
2026-06-09 14:41:50,410,EXP_FAULT_02,RUN_02,cpu_stress,1,adservice,ad-f02-09,online-boutique,node-a,0.32,27.2142,0,94.0627,0.002471,39.5724,28.6369,74.3978,87.2238,144.0334,91.2817,93.8303,0.0969,0.1355,99934.9901,62435.0962,cpu_stress,inventory-service,2026-06-09 14:40:00,2026-06-09 14:55:00,during_fault,0.55350184,1
2026-06-09 14:41:55,415,EXP_FAULT_02,RUN_02,cpu_stress,1,adservice,ad-f02-09,online-boutique,node-a,0.3067,27.4234,0,92.1566,0.002623,35.0272,23.8871,62.2254,81.8048,115.6273,89.4704,91.9148,0.115,0.1267,99249.9999,94292.89,cpu_stress,inventory-service,2026-06-09 14:40:00,2026-06-09 14:55:00,during_fault,0.119951285,0
2026-06-09 14:42:00,420,EXP_FAULT_02,RUN_02,cpu_stress,1,adservice,ad-f02-09,online-boutique,node-a,0.3114,27.2874,0,93.8508,0.002307,37.6715,27.4783,63.2739,87.9305,126.3506,91.1848,93.6343,0.0805,0.136,102800.6981,80709.8349,cpu_stress,inventory-service,2026-06-09 14:40:00,2026-06-09 14:55:00,during_fault,0.16471192,0
2026-06-09 14:42:05,425,EXP_FAULT_02,RUN_02,cpu_stress,1,adservice,ad-f02-09,online-boutique,node-a,0.332,27.024,0,91.3223,0.002485,36.2313,25.9961,69.1942,86.8481,121.6956,88.7261,91.0954,0.095,0.132,87818.812,81006.6774,cpu_stress,inventory-service,2026-06-09 14:40:00,2026-06-09 14:55:00,during_fault,0.40943056,0
2026-06-09 14:42:10,430,EXP_FAULT_02,RUN_02,cpu_stress,1,adservice,ad-f02-09,online-boutique,node-a,0.3217,27.2757,0,91.3722,0.002854,37.9675,26.6809,65.878,88.5284,134.7234,88.8089,91.1114,0.1317,0.1291,114876.6889,94905.5319,cpu_stress,inventory-service,2026-06-09 14:40:00,2026-06-09 14:55:00,during_fault,0.598133,1
2026-06-09 14:42:15,435,EXP_FAULT_02,RUN_02,cpu_stress,1,adservice,ad-f02-09,online-boutique,node-a,0.3287,26.7363,0,87.4344,0.002645,37.1985,28.8449,66.9865,88.5029,132.7886,84.9438,87.2031,0.0937,0.1375,77922.5105,78032.9178,cpu_stress,inventory-service,2026-06-09 14:40:00,2026-06-09 14:55:00,during_fault,0.8104013,1
2026-06-09 14:42:20,440,EXP_FAULT_02,RUN_02,cpu_stress,1,adservice,ad-f02-09,online-boutique,node-a,0.3194,27.603,0,90.3798,0.001802,35.4593,26.4934,58.9434,83.7892,135.2302,87.8415,90.2169,0.0388,0.124,86765.3179,60054.4072,cpu_stress,inventory-service,2026-06-09 14:40:00,2026-06-09 14:55:00,during_fault,0.10652812,0
2026-06-09 14:42:25,445,EXP_FAULT_02,RUN_02,cpu_stress,1,adservice,ad-f02-09,online-boutique,node-a,0.3238,27.0732,0,93.3555,0.002009,40.6962,29.9688,73.3953,97.1051,156.6868,90.6703,93.1679,0.0544,0.1331,101541.0451,78236.9332,cpu_stress,inventory-service,2026-06-09 14:40:00,2026-06-09 14:55:00,during_fault,0.80516636,1
2026-06-09 14:42:30,450,EXP_FAULT_02,RUN_02,cpu_stress,1,adservice,ad-f02-09,online-boutique,node-a,0.3049,27.0592,0,87.2905,0.002648,36.4234,26.2799,68.5824,91.0216,141.2644,84.7083,87.0594,0.1045,0.1266,102746.4998,60690.1174,cpu_stress,inventory-service,2026-06-09 14:40:00,2026-06-09 14:55:00,during_fault,0.21893664,0
2026-06-09 14:42:35,455,EXP_FAULT_02,RUN_02,cpu_stress,1,adservice,ad-f02-09,online-boutique,node-a,0.3248,27.3445,0,89.7132,0.001727,39.7996,27.1193,73.012,93.8212,138.6266,87.0148,89.5583,0.0286,0.1264,79321.6193,71341.3097,cpu_stress,inventory-service,2026-06-09 14:40:00,2026-06-09 14:55:00,during_fault,0.9428989,1
2026-06-09 14:42:40,460,EXP_FAULT_02,RUN_02,cpu_stress,1,adservice,ad-f02-09,online-boutique,node-a,0.324,27.1618,0,92.0291,0.002185,39.1056,29.4578,70.2645,90.9622,156.0711,89.1518,91.828,0.0638,0.1373,113918.662,85420.9454,cpu_stress,inventory-service,2026-06-09 14:40:00,2026-06-09 14:55:00,during_fault,0.62671816,1
2026-06-09 14:42:45,465,EXP_FAULT_02,RUN_02,cpu_stress,1,adservice,ad-f02-09,online-boutique,node-a,0.3345,27.0378,0,91.3006,0.00225,39.5064,29.6276,70.6587,101.7724,156.7188,88.3385,91.0952,0.0635,0.1419,96426.1865,74007.9311,cpu_stress,inventory-service,2026-06-09 14:40:00,2026-06-09 14:55:00,during_fault,1.08376,1
2026-06-09 14:42:50,470,EXP_FAULT_02,RUN_02,cpu_stress,1,adservice,ad-f02-09,online-boutique,node-a,0.3292,27.0073,0,90.9225,0.003166,38.7016,27.9791,65.7379,92.8388,145.0254,87.8138,90.6346,0.14,0.1479,81723.0286,61100.5657,cpu_stress,inventory-service,2026-06-09 14:40:00,2026-06-09 14:55:00,during_fault,1.0217974,1
2026-06-09 14:42:55,475,EXP_FAULT_02,RUN_02,cpu_stress,1,adservice,ad-f02-09,online-boutique,node-a,0.2988,26.8684,0,90.7151,0.003059,40.2386,28.9335,78.0607,97.4075,150.6576,87.4964,90.4376,0.1219,0.1556,89715.6385,83589.1874,cpu_stress,inventory-service,2026-06-09 14:40:00,2026-06-09 14:55:00,during_fault,0.52479696,1
2026-06-09 14:43:00,480,EXP_FAULT_02,RUN_02,cpu_stress,1,adservice,ad-f02-09,online-boutique,node-a,0.3319,27.0623,0,87.902,0.002855,41.9506,29.2928,75.9876,109.6259,173.4352,84.6535,87.6511,0.0765,0.1745,91876.638,69608.3897,cpu_stress,inventory-service,2026-06-09 14:40:00,2026-06-09 14:55:00,during_fault,2.3748832,1
2026-06-09 14:43:05,485,EXP_FAULT_02,RUN_02,cpu_stress,1,adservice,ad-f02-09,online-boutique,node-a,0.308,27.1089,0,90.3913,0.002563,37.6821,25.1125,67.6981,97.0536,147.9608,86.9393,90.1596,0.0604,0.1712,95801.957,85032.2109,cpu_stress,inventory-service,2026-06-09 14:40:00,2026-06-09 14:55:00,during_fault,0.26093176,0
2026-06-09 14:43:10,490,EXP_FAULT_02,RUN_02,cpu_stress,1,adservice,ad-f02-09,online-boutique,node-a,0.3186,26.7903,0,90.8853,0.003357,42.1766,31.2868,79.2974,99.4087,163.9334,87.2363,90.5803,0.1144,0.1906,96163.2566,82136.9755,cpu_stress,inventory-service,2026-06-09 14:40:00,2026-06-09 14:55:00,during_fault,1.6279463,1
2026-06-09 14:43:15,495,EXP_FAULT_02,RUN_02,cpu_stress,1,adservice,ad-f02-09,online-boutique,node-a,0.3166,26.8261,0,90.8643,0.003441,41.2755,30.9186,72.9676,99.7017,167.0663,87.0539,90.5516,0.1422,0.1705,76933.361,67575.4031,cpu_stress,inventory-service,2026-06-09 14:40:00,2026-06-09 14:55:00,during_fault,1.3344636,1
2026-06-09 14:43:20,500,EXP_FAULT_02,RUN_02,cpu_stress,1,adservice,ad-f02-09,online-boutique,node-a,0.3317,27.1534,0,92.5811,0.003679,44.8156,31.7215,82.431,106.2683,184.7092,88.5638,92.2405,0.1331,0.2075,79101.4525,82373.206,cpu_stress,inventory-service,2026-06-09 14:40:00,2026-06-09 14:55:00,during_fault,3.146463,1
2026-06-09 14:43:25,505,EXP_FAULT_02,RUN_02,cpu_stress,1,adservice,ad-f02-09,online-boutique,node-a,0.329,26.8549,0,94.2243,0.002688,42.1917,31.7498,81.4978,110.8655,169.1033,90.0416,93.971,0.0564,0.1969,112742.293,85069.1967,cpu_stress,inventory-service,2026-06-09 14:40:00,2026-06-09 14:55:00,during_fault,1.4117599,1
2026-06-09 14:43:30,510,EXP_FAULT_02,RUN_02,cpu_stress,1,adservice,ad-f02-09,online-boutique,node-a,0.32,27.4425,0,92.2035,0.002697,41.8566,31.398,75.9617,104.7739,181.0985,87.9584,91.9549,0.0257,0.2229,83743.933,78009.9857,cpu_stress,inventory-service,2026-06-09 14:40:00,2026-06-09 14:55:00,during_fault,1.3063701,1
2026-06-09 14:43:35,515,EXP_FAULT_02,RUN_02,cpu_stress,1,adservice,ad-f02-09,online-boutique,node-a,0.3168,27.0785,0,94.2086,0.003708,41.7759,31.5361,83.8476,117.246,172.4123,89.7013,93.8592,0.136,0.2133,95626.4178,73011.9684,cpu_stress,inventory-service,2026-06-09 14:40:00,2026-06-09 14:55:00,during_fault,1.3569788,1
2026-06-09 14:43:40,520,EXP_FAULT_02,RUN_02,cpu_stress,1,adservice,ad-f02-09,online-boutique,node-a,0.3289,27.2675,0,96.1532,0.003619,44.0341,30.567,83.7046,119.7872,186.1635,91.4198,95.8052,0.1249,0.2231,100106.9598,63007.4097,cpu_stress,inventory-service,2026-06-09 14:40:00,2026-06-09 14:55:00,during_fault,2.1657047,1
2026-06-09 14:43:45,525,EXP_FAULT_02,RUN_02,cpu_stress,1,adservice,ad-f02-09,online-boutique,node-a,0.3119,26.979,0,91.596,0.003402,41.1172,29.9344,83.3444,109.1807,172.753,86.9556,91.2844,0.099,0.2127,96440.3516,86604.3128,cpu_stress,inventory-service,2026-06-09 14:40:00,2026-06-09 14:55:00,during_fault,1.100199,1
2026-06-09 14:43:50,530,EXP_FAULT_02,RUN_02,cpu_stress,1,adservice,ad-f02-09,online-boutique,node-a,0.3132,27.3906,0,95.4187,0.003302,41.3005,29.1113,83.0096,112.2418,179.6394,90.4857,95.1036,0.0653,0.2498,116740.8084,78094.2854,cpu_stress,inventory-service,2026-06-09 14:40:00,2026-06-09 14:55:00,during_fault,0.99689233,1
2026-06-09 14:43:55,535,EXP_FAULT_02,RUN_02,cpu_stress,1,adservice,ad-f02-09,online-boutique,node-a,0.3269,27.6006,0,93.14,0.003699,41.037,30.098,75.1137,104.5547,159.9843,88.2042,92.7955,0.1199,0.2246,112080.3663,77090.7826,cpu_stress,inventory-service,2026-06-09 14:40:00,2026-06-09 14:55:00,during_fault,1.6674954,1
2026-06-09 14:44:00,540,EXP_FAULT_02,RUN_02,cpu_stress,1,adservice,ad-f02-09,online-boutique,node-a,0.3263,27.4323,0,94.0098,0.002965,44.7453,32.1403,89.926,115.1039,203.4075,88.992,93.7311,0.0509,0.2278,88116.8943,73560.9303,cpu_stress,inventory-service,2026-06-09 14:40:00,2026-06-09 14:55:00,during_fault,2.3073144,1
2026-06-09 14:44:05,545,EXP_FAULT_02,RUN_02,cpu_stress,1,adservice,ad-f02-09,online-boutique,node-a,0.3345,27.1001,0,93.0837,0.003552,41.9997,28.0176,74.8265,121.921,166.2346,88.0,92.7531,0.0707,0.26,100290.655,74780.4399,cpu_stress,inventory-service,2026-06-09 14:40:00,2026-06-09 14:55:00,during_fault,2.0500426,1
2026-06-09 14:44:10,550,EXP_FAULT_02,RUN_02,cpu_stress,1,adservice,ad-f02-09,online-boutique,node-a,0.3122,26.8244,0,95.1375,0.00398,42.9891,30.0335,77.8261,121.0778,171.373,89.8785,94.7589,0.1157,0.263,81073.079,79044.3198,cpu_stress,inventory-service,2026-06-09 14:40:00,2026-06-09 14:55:00,during_fault,1.4817849,1
2026-06-09 14:44:15,555,EXP_FAULT_02,RUN_02,cpu_stress,1,adservice,ad-f02-09,online-boutique,node-a,0.317,26.8184,0,89.1862,0.003648,44.4258,30.3959,88.0429,123.3703,177.8115,84.2416,88.8608,0.0855,0.2398,83506.114,77164.4942,cpu_stress,inventory-service,2026-06-09 14:40:00,2026-06-09 14:55:00,during_fault,2.704495,1
2026-06-09 14:44:20,560,EXP_FAULT_02,RUN_02,cpu_stress,1,adservice,ad-f02-09,online-boutique,node-a,0.3217,26.9797,0,91.5671,0.003897,41.2758,27.0118,84.1966,107.7255,170.4068,86.4901,91.2102,0.1055,0.2513,86228.7643,67116.8219,cpu_stress,inventory-service,2026-06-09 14:40:00,2026-06-09 14:55:00,during_fault,1.6921076,1
2026-06-09 14:44:25,565,EXP_FAULT_02,RUN_02,cpu_stress,1,adservice,ad-f02-09,online-boutique,node-a,0.3136,27.7462,0,89.4971,0.004099,43.9931,28.8871,83.3437,109.6618,172.1289,84.4983,89.1303,0.1199,0.2469,75474.4772,89367.8077,cpu_stress,inventory-service,2026-06-09 14:40:00,2026-06-09 14:55:00,during_fault,3.9134483,1
2026-06-09 14:44:30,570,EXP_FAULT_02,RUN_02,cpu_stress,1,adservice,ad-f02-09,online-boutique,node-a,0.3294,27.2459,0,88.47,0.003017,39.3719,27.662,75.6874,105.0666,175.3667,83.5913,88.203,0.0408,0.2261,96064.7716,90291.8965,cpu_stress,inventory-service,2026-06-09 14:40:00,2026-06-09 14:55:00,during_fault,1.4235003,1
2026-06-09 14:44:35,575,EXP_FAULT_02,RUN_02,cpu_stress,1,adservice,ad-f02-09,online-boutique,node-a,0.3061,27.0084,0,90.8613,0.003125,43.0392,28.9242,78.4272,111.7211,176.63,85.8768,90.5773,0.0411,0.2429,77487.6601,66248.2965,cpu_stress,inventory-service,2026-06-09 14:40:00,2026-06-09 14:55:00,during_fault,1.397428,1
2026-06-09 14:44:40,580,EXP_FAULT_02,RUN_02,cpu_stress,1,adservice,ad-f02-09,online-boutique,node-a,0.2965,27.7971,0,89.9448,0.003906,41.0187,28.8935,79.6563,102.9962,185.2256,85.0102,89.5935,0.1109,0.2404,108471.418,71674.1383,cpu_stress,inventory-service,2026-06-09 14:40:00,2026-06-09 14:55:00,during_fault,3.2438304,1
2026-06-09 14:44:45,585,EXP_FAULT_02,RUN_02,cpu_stress,1,adservice,ad-f02-09,online-boutique,node-a,0.3232,27.0068,0,85.4825,0.003683,41.4559,28.2208,79.6671,109.8562,171.4886,80.8865,85.1677,0.0919,0.2229,95710.2142,67285.0774,cpu_stress,inventory-service,2026-06-09 14:40:00,2026-06-09 14:55:00,during_fault,2.4611533,1
2026-06-09 14:44:50,590,EXP_FAULT_02,RUN_02,cpu_stress,1,adservice,ad-f02-09,online-boutique,node-a,0.3037,27.1473,0,85.8315,0.004076,37.5271,27.8233,73.6828,102.0364,170.2479,81.2935,85.4817,0.1261,0.2238,85177.0277,65342.2178,cpu_stress,inventory-service,2026-06-09 14:40:00,2026-06-09 14:55:00,during_fault,1.4042628,1
2026-06-09 14:44:55,595,EXP_FAULT_02,RUN_02,cpu_stress,1,adservice,ad-f02-09,online-boutique,node-a,0.3062,27.1636,0,87.2379,0.003192,42.7552,29.9146,76.298,109.2633,195.1178,82.7484,86.9595,0.0551,0.2234,76533.7294,77515.1214,cpu_stress,inventory-service,2026-06-09 14:40:00,2026-06-09 14:55:00,during_fault,1.8010123,1
2026-06-09 14:45:00,600,EXP_FAULT_02,RUN_02,cpu_stress,1,adservice,ad-f02-09,online-boutique,node-a,0.327,27.2016,0,86.0277,0.003665,41.1973,26.9683,83.9253,115.8898,158.4414,81.6797,85.7123,0.0945,0.2208,83980.7171,57280.9396,cpu_stress,inventory-service,2026-06-09 14:40:00,2026-06-09 14:55:00,during_fault,2.5080397,1
2026-06-09 14:45:05,605,EXP_FAULT_02,RUN_02,cpu_stress,1,adservice,ad-f02-09,online-boutique,node-a,0.3207,26.6712,0,83.1354,0.002559,41.6898,30.0423,78.8836,112.0326,184.266,79.0751,82.9226,0.0271,0.1857,69945.6701,57034.3778,cpu_stress,inventory-service,2026-06-09 14:40:00,2026-06-09 14:55:00,during_fault,2.36556,1
2026-06-09 14:45:10,610,EXP_FAULT_02,RUN_02,cpu_stress,1,adservice,ad-f02-09,online-boutique,node-a,0.3307,26.9067,0,82.9885,0.002744,40.5197,30.8138,71.9921,104.0018,151.8874,79.0467,82.7608,0.0209,0.2068,68234.8076,84097.4313,cpu_stress,inventory-service,2026-06-09 14:40:00,2026-06-09 14:55:00,during_fault,2.4610176,1
2026-06-09 14:45:15,615,EXP_FAULT_02,RUN_02,cpu_stress,1,adservice,ad-f02-09,online-boutique,node-a,0.3226,27.1967,0,84.3761,0.002881,42.48,28.1905,73.9103,118.7428,171.0574,80.4827,84.133,0.0528,0.1903,75720.9432,82449.9135,cpu_stress,inventory-service,2026-06-09 14:40:00,2026-06-09 14:55:00,during_fault,2.707352,1
2026-06-09 14:45:20,620,EXP_FAULT_02,RUN_02,cpu_stress,1,adservice,ad-f02-09,online-boutique,node-a,0.3366,26.7125,0,84.0424,0.002425,43.9211,31.5793,79.084,121.4215,190.2171,80.3156,83.8386,0.0254,0.1784,72928.8529,67123.0877,cpu_stress,inventory-service,2026-06-09 14:40:00,2026-06-09 14:55:00,during_fault,3.9249344,1
2026-06-09 14:45:25,625,EXP_FAULT_02,RUN_02,cpu_stress,1,adservice,ad-f02-09,online-boutique,node-a,0.3189,27.2096,0,82.6135,0.003733,42.653,28.6784,79.2048,107.2936,172.629,79.0516,82.305,0.1208,0.1876,78775.2097,54090.0256,cpu_stress,inventory-service,2026-06-09 14:40:00,2026-06-09 14:55:00,during_fault,3.2811267,1
2026-06-09 14:45:30,630,EXP_FAULT_02,RUN_02,cpu_stress,1,adservice,ad-f02-09,online-boutique,node-a,0.3203,27.3562,0,84.3072,0.003617,36.9928,27.3316,70.0835,99.8127,148.5406,80.782,84.0022,0.1201,0.1849,76186.3121,72890.6771,cpu_stress,inventory-service,2026-06-09 14:40:00,2026-06-09 14:55:00,during_fault,1.2746907,1
2026-06-09 14:45:35,635,EXP_FAULT_02,RUN_02,cpu_stress,1,adservice,ad-f02-09,online-boutique,node-a,0.3307,27.1033,0,84.7162,0.002991,41.0393,31.3071,81.6027,98.1587,165.6772,81.3494,84.4628,0.0848,0.1686,88625.7478,60272.6347,cpu_stress,inventory-service,2026-06-09 14:40:00,2026-06-09 14:55:00,during_fault,2.4939125,1
2026-06-09 14:45:40,640,EXP_FAULT_02,RUN_02,cpu_stress,1,adservice,ad-f02-09,online-boutique,node-a,0.3277,27.098,0,81.5697,0.00221,36.7861,25.9933,68.0313,96.7541,144.4264,78.4718,81.3894,0.0238,0.1565,78112.6041,69700.8954,cpu_stress,inventory-service,2026-06-09 14:40:00,2026-06-09 14:55:00,during_fault,1.1831062,1
2026-06-09 14:45:45,645,EXP_FAULT_02,RUN_02,cpu_stress,1,adservice,ad-f02-09,online-boutique,node-a,0.3112,27.5987,0,81.4876,0.002861,39.5717,29.3971,77.4052,105.7348,147.0216,78.4895,81.2545,0.0846,0.1485,70368.6701,75614.975,cpu_stress,inventory-service,2026-06-09 14:40:00,2026-06-09 14:55:00,during_fault,1.9745567,1
2026-06-09 14:45:50,650,EXP_FAULT_02,RUN_02,cpu_stress,1,adservice,ad-f02-09,online-boutique,node-a,0.3222,27.0917,0,78.1267,0.002827,38.7125,29.3944,74.381,94.899,138.2573,75.3538,77.9058,0.0931,0.1278,86194.1535,60289.4548,cpu_stress,inventory-service,2026-06-09 14:40:00,2026-06-09 14:55:00,during_fault,2.165381,1
2026-06-09 14:45:55,655,EXP_FAULT_02,RUN_02,cpu_stress,1,adservice,ad-f02-09,online-boutique,node-a,0.3114,27.0691,0,81.7541,0.002678,35.8963,25.4559,61.3126,91.5322,122.6825,78.971,81.5352,0.0706,0.1483,92770.4422,71403.563,cpu_stress,inventory-service,2026-06-09 14:40:00,2026-06-09 14:55:00,during_fault,0.5976776,1
2026-06-09 14:46:00,660,EXP_FAULT_02,RUN_02,cpu_stress,1,adservice,ad-f02-09,online-boutique,node-a,0.2969,26.7111,0,82.6889,0.002162,39.0854,29.7984,70.0239,95.4988,151.9569,80.0095,82.5101,0.0403,0.1385,88792.832,54775.4173,cpu_stress,inventory-service,2026-06-09 14:40:00,2026-06-09 14:55:00,during_fault,0.7846858,1
2026-06-09 14:46:05,665,EXP_FAULT_02,RUN_02,cpu_stress,1,adservice,ad-f02-09,online-boutique,node-a,0.2959,26.9507,0,83.1895,0.001989,36.4975,26.1385,63.8242,94.3851,142.457,80.5946,83.024,0.0352,0.1302,99107.8446,75703.9674,cpu_stress,inventory-service,2026-06-09 14:40:00,2026-06-09 14:55:00,during_fault,0.2645516,0
2026-06-09 14:46:10,670,EXP_FAULT_02,RUN_02,cpu_stress,1,adservice,ad-f02-09,online-boutique,node-a,0.3106,26.9727,0,81.1303,0.002913,36.6817,27.8926,65.2197,91.7049,130.7993,78.625,80.8939,0.1098,0.1265,84320.9686,73798.2266,cpu_stress,inventory-service,2026-06-09 14:40:00,2026-06-09 14:55:00,during_fault,0.83136,1
2026-06-09 14:46:15,675,EXP_FAULT_02,RUN_02,cpu_stress,1,adservice,ad-f02-09,online-boutique,node-a,0.3221,27.4374,0,84.1765,0.002068,37.3776,25.0978,64.067,82.502,135.692,81.7084,84.0024,0.0494,0.1247,76859.8269,56124.7912,cpu_stress,inventory-service,2026-06-09 14:40:00,2026-06-09 14:55:00,during_fault,0.8866906,1
2026-06-09 14:46:20,680,EXP_FAULT_02,RUN_02,cpu_stress,1,adservice,ad-f02-09,online-boutique,node-a,0.3031,26.9474,0,82.59,0.002796,35.641,26.8343,68.5531,78.3827,124.6303,80.198,82.3591,0.1047,0.1262,68387.2441,82292.7481,cpu_stress,inventory-service,2026-06-09 14:40:00,2026-06-09 14:55:00,during_fault,0.3709278,0
2026-06-09 14:46:25,685,EXP_FAULT_02,RUN_02,cpu_stress,1,adservice,ad-f02-09,online-boutique,node-a,0.3324,26.9604,0,85.2623,0.001817,34.5452,26.1787,64.7587,80.5594,126.5853,82.8568,85.1074,0.0415,0.1134,102325.6459,76313.1533,cpu_stress,inventory-service,2026-06-09 14:40:00,2026-06-09 14:55:00,during_fault,0.47329354,1
2026-06-09 14:46:30,690,EXP_FAULT_02,RUN_02,cpu_stress,1,adservice,ad-f02-09,online-boutique,node-a,0.3201,27.7446,0,85.0523,0.002525,36.5597,26.9686,62.3172,90.7157,140.1666,82.6444,84.8376,0.0888,0.126,81825.7714,80673.8796,cpu_stress,inventory-service,2026-06-09 14:40:00,2026-06-09 14:55:00,during_fault,0.8723486,1
2026-06-09 14:46:35,695,EXP_FAULT_02,RUN_02,cpu_stress,1,adservice,ad-f02-09,online-boutique,node-a,0.2997,27.6547,0,83.7441,0.002993,38.3874,28.5851,63.2812,91.6883,130.4136,81.3548,83.4934,0.1287,0.1219,88000.833,83695.868,cpu_stress,inventory-service,2026-06-09 14:40:00,2026-06-09 14:55:00,during_fault,1.6582149,1
2026-06-09 14:46:40,700,EXP_FAULT_02,RUN_02,cpu_stress,1,adservice,ad-f02-09,online-boutique,node-a,0.3328,27.3745,0,84.6557,0.001573,32.2988,22.3728,53.5377,75.5425,125.0134,82.3003,84.5225,0.0229,0.1103,79246.1708,65522.4709,cpu_stress,inventory-service,2026-06-09 14:40:00,2026-06-09 14:55:00,during_fault,0.24401808,0
2026-06-09 14:46:45,705,EXP_FAULT_02,RUN_02,cpu_stress,1,adservice,ad-f02-09,online-boutique,node-a,0.3103,27.4577,0,82.8618,0.002264,34.3137,24.7144,56.5714,75.0572,118.0514,80.5131,82.6743,0.0728,0.1148,80673.1385,60127.3456,cpu_stress,inventory-service,2026-06-09 14:40:00,2026-06-09 14:55:00,during_fault,0.29086155,0
2026-06-09 14:46:50,710,EXP_FAULT_02,RUN_02,cpu_stress,1,adservice,ad-f02-09,online-boutique,node-a,0.3259,27.5905,0,86.0943,0.002989,38.6846,26.3218,69.4763,98.9149,131.8624,83.5779,85.8369,0.1302,0.1271,95396.6536,79501.7671,cpu_stress,inventory-service,2026-06-09 14:40:00,2026-06-09 14:55:00,during_fault,1.4147446,1
2026-06-09 14:46:55,715,EXP_FAULT_02,RUN_02,cpu_stress,1,adservice,ad-f02-09,online-boutique,node-a,0.3165,26.5682,0,84.7622,0.002531,35.2529,26.3797,66.7071,87.0242,126.9771,82.2392,84.5477,0.0957,0.1188,71215.7178,66152.0285,cpu_stress,inventory-service,2026-06-09 14:40:00,2026-06-09 14:55:00,during_fault,0.3919551,0
2026-06-09 14:47:00,720,EXP_FAULT_02,RUN_02,cpu_stress,1,adservice,ad-f02-09,online-boutique,node-a,0.302,26.53,0,84.2237,0.002228,36.2703,25.4461,62.0297,89.5833,139.4115,81.6817,84.0361,0.0447,0.1429,79178.3179,64461.3984,cpu_stress,inventory-service,2026-06-09 14:40:00,2026-06-09 14:55:00,during_fault,0.3112963,0
2026-06-09 14:47:05,725,EXP_FAULT_02,RUN_02,cpu_stress,1,adservice,ad-f02-09,online-boutique,node-a,0.287,27.5634,0,82.6929,0.003093,38.3703,29.8721,74.4989,85.3138,130.2593,80.082,82.4371,0.1323,0.1235,84362.4825,56455.5457,cpu_stress,inventory-service,2026-06-09 14:40:00,2026-06-09 14:55:00,during_fault,1.8174168,1
2026-06-09 14:47:10,730,EXP_FAULT_02,RUN_02,cpu_stress,1,adservice,ad-f02-09,online-boutique,node-a,0.3066,26.923,0,83.8092,0.002941,38.8211,29.5225,70.98,95.6985,129.6812,81.0543,83.5628,0.1143,0.1322,101595.2238,71856.3007,cpu_stress,inventory-service,2026-06-09 14:40:00,2026-06-09 14:55:00,during_fault,0.9599844,1
2026-06-09 14:47:15,735,EXP_FAULT_02,RUN_02,cpu_stress,1,adservice,ad-f02-09,online-boutique,node-a,0.3173,27.5489,0,82.8984,0.00276,40.5115,27.4437,68.5512,92.7655,155.4827,80.091,82.6696,0.1007,0.1282,72136.7041,70554.8869,cpu_stress,inventory-service,2026-06-09 14:40:00,2026-06-09 14:55:00,during_fault,1.9739205,1
2026-06-09 14:47:20,740,EXP_FAULT_02,RUN_02,cpu_stress,1,adservice,ad-f02-09,online-boutique,node-a,0.3156,26.679,0,82.9098,0.001911,39.1954,26.675,69.6786,100.0199,140.7492,80.0279,82.7514,0.0218,0.1367,105137.9061,54204.717,cpu_stress,inventory-service,2026-06-09 14:40:00,2026-06-09 14:55:00,during_fault,1.2916642,1
2026-06-09 14:47:25,745,EXP_FAULT_02,RUN_02,cpu_stress,1,adservice,ad-f02-09,online-boutique,node-a,0.3061,27.3382,0,83.537,0.002997,41.5487,29.5186,71.9489,101.1117,143.2402,80.4555,83.2867,0.0964,0.154,86036.6629,57636.667,cpu_stress,inventory-service,2026-06-09 14:40:00,2026-06-09 14:55:00,during_fault,1.8752966,1
2026-06-09 14:47:30,750,EXP_FAULT_02,RUN_02,cpu_stress,1,adservice,ad-f02-09,online-boutique,node-a,0.3058,27.0265,0,83.2127,0.003388,39.5612,28.5984,70.8844,102.7,165.5997,80.0093,82.9308,0.1291,0.1528,81871.414,66090.8242,cpu_stress,inventory-service,2026-06-09 14:40:00,2026-06-09 14:55:00,during_fault,1.3446547,1
2026-06-09 14:47:35,755,EXP_FAULT_02,RUN_02,cpu_stress,1,adservice,ad-f02-09,online-boutique,node-a,0.3176,27.3282,0,84.4941,0.002591,40.8763,27.8896,73.6686,106.5507,150.9771,81.156,84.2751,0.0516,0.1673,86571.7658,80742.411,cpu_stress,inventory-service,2026-06-09 14:40:00,2026-06-09 14:55:00,during_fault,1.8017247,1
2026-06-09 14:47:40,760,EXP_FAULT_02,RUN_02,cpu_stress,1,adservice,ad-f02-09,online-boutique,node-a,0.3147,27.1236,0,83.4711,0.002613,38.8759,25.8445,74.439,92.7068,154.2183,80.0325,83.253,0.0596,0.1585,86747.3211,81982.4353,cpu_stress,inventory-service,2026-06-09 14:40:00,2026-06-09 14:55:00,during_fault,1.1958239,1
2026-06-09 14:47:45,765,EXP_FAULT_02,RUN_02,cpu_stress,1,adservice,ad-f02-09,online-boutique,node-a,0.3361,27.8598,0,82.6547,0.003063,39.3123,29.1552,71.4596,104.8834,169.3977,79.0776,82.4016,0.0848,0.1683,82098.3394,66464.9198,cpu_stress,inventory-service,2026-06-09 14:40:00,2026-06-09 14:55:00,during_fault,2.5902658,1
2026-06-09 14:47:50,770,EXP_FAULT_02,RUN_02,cpu_stress,1,adservice,ad-f02-09,online-boutique,node-a,0.3076,27.2298,0,78.0823,0.002851,38.9132,27.755,70.4805,103.4964,155.1203,74.6146,77.8597,0.0661,0.1565,73249.7761,54446.5309,cpu_stress,inventory-service,2026-06-09 14:40:00,2026-06-09 14:55:00,during_fault,1.7404865,1
2026-06-09 14:47:55,775,EXP_FAULT_02,RUN_02,cpu_stress,1,adservice,ad-f02-09,online-boutique,node-a,0.3144,27.3685,0,79.2732,0.002936,39.6639,29.171,74.17,96.9965,170.5542,75.6239,79.0404,0.0409,0.1919,90943.9726,59115.8186,cpu_stress,inventory-service,2026-06-09 14:40:00,2026-06-09 14:55:00,during_fault,2.1322532,1
2026-06-09 14:48:00,780,EXP_FAULT_02,RUN_02,cpu_stress,1,adservice,ad-f02-09,online-boutique,node-a,0.2977,27.3634,0,80.0677,0.003496,40.962,29.0166,81.7867,115.5202,173.2129,76.2406,79.7878,0.0991,0.1808,78632.9085,61721.0133,cpu_stress,inventory-service,2026-06-09 14:40:00,2026-06-09 14:55:00,during_fault,2.7282424,1
2026-06-09 14:48:05,785,EXP_FAULT_02,RUN_02,cpu_stress,1,adservice,ad-f02-09,online-boutique,node-a,0.3088,26.7992,0,81.4323,0.003934,39.9413,28.9862,73.0744,106.9931,174.0827,77.3996,81.1119,0.1214,0.199,92799.2635,71683.7332,cpu_stress,inventory-service,2026-06-09 14:40:00,2026-06-09 14:55:00,during_fault,1.9536511,1
2026-06-09 14:48:10,790,EXP_FAULT_02,RUN_02,cpu_stress,1,adservice,ad-f02-09,online-boutique,node-a,0.3186,27.3173,0,77.7375,0.003204,42.9734,29.1392,85.1248,106.49,173.6668,73.8254,77.4884,0.0513,0.1977,83907.6185,76171.2421,cpu_stress,inventory-service,2026-06-09 14:40:00,2026-06-09 14:55:00,during_fault,4.061868,1
2026-06-09 14:48:15,795,EXP_FAULT_02,RUN_02,cpu_stress,1,adservice,ad-f02-09,online-boutique,node-a,0.3228,26.9371,0,82.9696,0.003213,38.9015,26.9847,78.2928,103.2202,156.6883,78.6904,82.703,0.0727,0.1939,76844.2925,80622.2757,cpu_stress,inventory-service,2026-06-09 14:40:00,2026-06-09 14:55:00,during_fault,1.6887262,1
2026-06-09 14:48:20,800,EXP_FAULT_02,RUN_02,cpu_stress,1,adservice,ad-f02-09,online-boutique,node-a,0.3082,26.7868,0,78.3036,0.002826,39.5886,26.3754,73.8207,105.9831,168.4858,74.2031,78.0824,0.0232,0.1981,89781.6307,63292.2686,cpu_stress,inventory-service,2026-06-09 14:40:00,2026-06-09 14:55:00,during_fault,1.8623136,1
2026-06-09 14:48:25,805,EXP_FAULT_02,RUN_02,cpu_stress,1,adservice,ad-f02-09,online-boutique,node-a,0.3188,27.2571,0,79.5341,0.003614,42.1461,27.3292,84.9872,113.4479,166.7564,75.2583,79.2467,0.0698,0.2176,71661.5611,72824.7911,cpu_stress,inventory-service,2026-06-09 14:40:00,2026-06-09 14:55:00,during_fault,3.534275,1
2026-06-09 14:48:30,810,EXP_FAULT_02,RUN_02,cpu_stress,1,adservice,ad-f02-09,online-boutique,node-a,0.312,27.3904,0,77.9444,0.003068,46.5253,33.3832,89.9963,125.1188,192.7001,73.7152,77.7052,0.0414,0.1978,68551.46,79248.1598,cpu_stress,inventory-service,2026-06-09 14:40:00,2026-06-09 14:55:00,during_fault,5.533559,1
2026-06-09 14:48:35,815,EXP_FAULT_02,RUN_02,cpu_stress,1,adservice,ad-f02-09,online-boutique,node-a,0.3161,27.1721,0,81.0231,0.0032,43.2328,30.2464,87.2024,119.1397,196.9895,76.5824,80.7638,0.0492,0.2101,72497.0663,72275.8509,cpu_stress,inventory-service,2026-06-09 14:40:00,2026-06-09 14:55:00,during_fault,3.3842506,1
2026-06-09 14:48:40,820,EXP_FAULT_02,RUN_02,cpu_stress,1,adservice,ad-f02-09,online-boutique,node-a,0.3109,27.3329,0,77.5921,0.003026,39.3517,29.2288,77.9035,100.0942,177.547,73.3243,77.3572,0.0236,0.2112,70794.0849,68373.0321,cpu_stress,inventory-service,2026-06-09 14:40:00,2026-06-09 14:55:00,during_fault,2.2721508,1
2026-06-09 14:48:45,825,EXP_FAULT_02,RUN_02,cpu_stress,1,adservice,ad-f02-09,online-boutique,node-a,0.3341,27.4987,0,80.7842,0.004184,40.5184,28.4411,77.4966,103.6947,181.3296,76.2868,80.4462,0.1096,0.2284,90449.5691,77734.4005,cpu_stress,inventory-service,2026-06-09 14:40:00,2026-06-09 14:55:00,during_fault,3.904346,1
2026-06-09 14:48:50,830,EXP_FAULT_02,RUN_02,cpu_stress,1,adservice,ad-f02-09,online-boutique,node-a,0.3151,27.3728,0,78.4174,0.003429,40.494,27.4976,81.3843,117.9965,172.8296,74.0794,78.1486,0.0688,0.2001,77651.4635,80288.4802,cpu_stress,inventory-service,2026-06-09 14:40:00,2026-06-09 14:55:00,during_fault,3.0012398,1
2026-06-09 14:48:55,835,EXP_FAULT_02,RUN_02,cpu_stress,1,adservice,ad-f02-09,online-boutique,node-a,0.2994,26.9594,0,79.2943,0.004015,41.2334,29.1225,78.3541,105.8904,184.5356,74.881,78.9759,0.0994,0.2189,90251.9813,58810.8967,cpu_stress,inventory-service,2026-06-09 14:40:00,2026-06-09 14:55:00,during_fault,2.662478,1
2026-06-09 14:49:00,840,EXP_FAULT_02,RUN_02,cpu_stress,1,adservice,ad-f02-09,online-boutique,node-a,0.3077,28.2923,0,81.1836,0.004,40.9516,28.0933,82.8557,111.9306,172.7048,76.717,80.8588,0.1165,0.2083,94819.3538,67495.876,cpu_stress,inventory-service,2026-06-09 14:40:00,2026-06-09 14:55:00,during_fault,6.9958296,1
2026-06-09 14:49:05,845,EXP_FAULT_02,RUN_02,cpu_stress,1,adservice,ad-f02-09,online-boutique,node-a,0.3022,27.1574,0,78.1243,0.003951,42.46,29.6401,79.5463,106.6986,185.3291,73.8411,77.8156,0.0969,0.2118,88818.7309,77928.8871,cpu_stress,inventory-service,2026-06-09 14:40:00,2026-06-09 14:55:00,during_fault,3.7012591,1
2026-06-09 14:49:10,850,EXP_FAULT_02,RUN_02,cpu_stress,1,adservice,ad-f02-09,online-boutique,node-a,0.3044,26.9853,0,80.2195,0.003638,41.2635,29.1935,78.6905,102.5651,172.0337,75.9155,79.9277,0.0772,0.2146,67734.4841,60196.7012,cpu_stress,inventory-service,2026-06-09 14:40:00,2026-06-09 14:55:00,during_fault,2.310066,1
2026-06-09 14:49:15,855,EXP_FAULT_02,RUN_02,cpu_stress,1,adservice,ad-f02-09,online-boutique,node-a,0.3046,26.7388,0,82.1436,0.004148,44.2542,30.8206,82.9889,126.0113,202.0159,77.7856,81.8029,0.1306,0.2101,87684.9362,65187.9992,cpu_stress,inventory-service,2026-06-09 14:40:00,2026-06-09 14:55:00,during_fault,3.3946304,1
2026-06-09 14:49:20,860,EXP_FAULT_02,RUN_02,cpu_stress,1,adservice,ad-f02-09,online-boutique,node-a,0.3041,27.2175,0,85.2944,0.003875,40.0814,26.6324,74.1767,110.2384,155.0035,80.8811,84.9639,0.1229,0.2076,103365.8383,68241.0146,cpu_stress,inventory-service,2026-06-09 14:40:00,2026-06-09 14:55:00,during_fault,1.8298784,1
2026-06-09 14:49:25,865,EXP_FAULT_02,RUN_02,cpu_stress,1,adservice,ad-f02-09,online-boutique,node-a,0.3052,26.4867,0,81.552,0.003451,42.8237,30.9631,88.0195,113.8318,173.4662,77.4364,81.2705,0.0946,0.1869,92391.3365,78344.3155,cpu_stress,inventory-service,2026-06-09 14:40:00,2026-06-09 14:55:00,during_fault,2.569591,1
2026-06-09 14:49:30,870,EXP_FAULT_02,RUN_02,cpu_stress,1,adservice,ad-f02-09,online-boutique,node-a,0.3304,26.8447,0,80.12,0.002781,39.7785,29.109,71.4798,99.6595,165.684,76.1959,79.8972,0.0382,0.1846,75327.4717,79846.7669,cpu_stress,inventory-service,2026-06-09 14:40:00,2026-06-09 14:55:00,during_fault,2.6221309,1
2026-06-09 14:49:35,875,EXP_FAULT_02,RUN_02,cpu_stress,1,adservice,ad-f02-09,online-boutique,node-a,0.3214,26.9075,0,84.4742,0.003185,40.1793,27.7457,77.4839,100.6391,180.1654,80.4416,84.2052,0.0725,0.1966,100201.8656,58138.1813,cpu_stress,inventory-service,2026-06-09 14:40:00,2026-06-09 14:55:00,during_fault,1.8424278,1
2026-06-09 14:49:40,880,EXP_FAULT_02,RUN_02,cpu_stress,1,adservice,ad-f02-09,online-boutique,node-a,0.3229,26.6254,0,85.0415,0.002601,42.724,31.6717,83.9081,112.1755,187.9613,81.1332,84.8204,0.0375,0.1836,79621.3151,58420.7621,cpu_stress,inventory-service,2026-06-09 14:40:00,2026-06-09 14:55:00,during_fault,2.5700953,1
2026-06-09 14:49:45,885,EXP_FAULT_02,RUN_02,cpu_stress,1,adservice,ad-f02-09,online-boutique,node-a,0.3201,27.3301,0,83.3517,0.002588,37.6772,26.06,76.0849,104.8063,163.8549,79.6567,83.1359,0.0382,0.1775,72326.8247,64179.2585,cpu_stress,inventory-service,2026-06-09 14:40:00,2026-06-09 14:55:00,during_fault,1.0809625,1
2026-06-09 14:49:50,890,EXP_FAULT_02,RUN_02,cpu_stress,1,adservice,ad-f02-09,online-boutique,node-a,0.3154,27.5177,0,86.6856,0.003325,38.1018,28.287,70.5442,103.9112,164.2841,82.9387,86.3973,0.1082,0.18,91850.1695,57171.2797,cpu_stress,inventory-service,2026-06-09 14:40:00,2026-06-09 14:55:00,during_fault,1.2501322,1
2026-06-09 14:49:55,895,EXP_FAULT_02,RUN_02,cpu_stress,1,adservice,ad-f02-09,online-boutique,node-a,0.3249,27.3187,0,81.3867,0.003003,36.7529,27.5159,66.0488,91.2047,142.5832,77.9986,81.1422,0.082,0.1625,79995.9986,65086.5444,cpu_stress,inventory-service,2026-06-09 14:40:00,2026-06-09 14:55:00,during_fault,1.3096008,1
2026-06-09 14:50:00,900,EXP_FAULT_02,RUN_02,cpu_stress,1,adservice,ad-f02-09,online-boutique,node-a,0.2979,26.9939,0,87.2818,0.002599,39.4763,27.9106,67.3512,95.5435,150.7924,83.8186,87.055,0.0459,0.1809,97436.8771,70029.7239,cpu_stress,inventory-service,2026-06-09 14:40:00,2026-06-09 14:55:00,during_fault,0.53689986,1
2026-06-09 14:50:05,905,EXP_FAULT_02,RUN_02,cpu_stress,1,adservice,ad-f02-09,online-boutique,node-a,0.3222,26.9625,0,85.0603,0.00326,40.8964,27.7117,74.394,96.0477,172.7138,81.7903,84.783,0.1271,0.1501,90855.4477,81274.5238,cpu_stress,inventory-service,2026-06-09 14:40:00,2026-06-09 14:55:00,during_fault,2.0780787,1
2026-06-09 14:50:10,910,EXP_FAULT_02,RUN_02,cpu_stress,1,adservice,ad-f02-09,online-boutique,node-a,0.3272,27.1203,0,86.6814,0.002859,40.0964,29.8184,70.1061,97.488,153.4326,83.5046,86.4336,0.0904,0.1575,93843.4337,65296.4284,cpu_stress,inventory-service,2026-06-09 14:40:00,2026-06-09 14:55:00,during_fault,1.6977389,1
2026-06-09 14:50:15,915,EXP_FAULT_02,RUN_02,cpu_stress,1,adservice,ad-f02-09,online-boutique,node-a,0.3198,27.1793,0,86.7756,0.002999,39.2477,27.2021,74.4156,99.6769,155.0085,83.6902,86.5154,0.1154,0.1448,84471.4686,89923.196,cpu_stress,inventory-service,2026-06-09 14:40:00,2026-06-09 14:55:00,during_fault,1.2263857,1
2026-06-09 14:50:20,920,EXP_FAULT_02,RUN_02,cpu_stress,1,adservice,ad-f02-09,online-boutique,node-a,0.3199,27.0282,0,85.6219,0.002474,40.4943,29.346,74.1268,104.1681,161.8843,82.7385,85.4101,0.0588,0.153,80335.9051,68190.0681,cpu_stress,inventory-service,2026-06-09 14:40:00,2026-06-09 14:55:00,during_fault,1.5596054,1
2026-06-09 14:50:25,925,EXP_FAULT_02,RUN_02,cpu_stress,1,adservice,ad-f02-09,online-boutique,node-a,0.3155,27.4017,0,88.3881,0.002177,39.5157,27.5643,73.0483,92.9745,157.7447,85.5365,88.1957,0.0373,0.1551,106246.648,71363.0023,cpu_stress,inventory-service,2026-06-09 14:40:00,2026-06-09 14:55:00,during_fault,0.8242278,1
2026-06-09 14:50:30,930,EXP_FAULT_02,RUN_02,cpu_stress,1,adservice,ad-f02-09,online-boutique,node-a,0.3026,27.5271,0,84.9675,0.002673,38.1709,29.0877,64.5494,89.2439,140.7544,82.3001,84.7404,0.097,0.1301,94516.4109,72658.2538,cpu_stress,inventory-service,2026-06-09 14:40:00,2026-06-09 14:55:00,during_fault,0.9004218,1
2026-06-09 14:50:35,935,EXP_FAULT_02,RUN_02,cpu_stress,1,adservice,ad-f02-09,online-boutique,node-a,0.3118,27.5294,0,86.0248,0.001944,39.8984,27.8853,71.5351,100.6058,132.4483,83.4358,85.8576,0.0499,0.1174,99736.9649,69361.5354,cpu_stress,inventory-service,2026-06-09 14:40:00,2026-06-09 14:55:00,during_fault,1.008579,1
2026-06-09 14:50:40,940,EXP_FAULT_02,RUN_02,cpu_stress,1,adservice,ad-f02-09,online-boutique,node-a,0.3032,26.718,0,83.9841,0.002311,37.6226,28.1986,64.2832,85.4578,129.0249,81.5007,83.79,0.0654,0.1287,70916.3452,86183.4542,cpu_stress,inventory-service,2026-06-09 14:40:00,2026-06-09 14:55:00,during_fault,0.5387247,1
2026-06-09 14:50:45,945,EXP_FAULT_02,RUN_02,cpu_stress,1,adservice,ad-f02-09,online-boutique,node-a,0.3086,27.6278,0,82.2544,0.002591,36.9244,27.042,61.7871,86.653,134.2721,79.867,82.0412,0.1047,0.1085,98757.7413,59612.6865,cpu_stress,inventory-service,2026-06-09 14:40:00,2026-06-09 14:55:00,during_fault,1.0787302,1
2026-06-09 14:50:50,950,EXP_FAULT_02,RUN_02,cpu_stress,1,adservice,ad-f02-09,online-boutique,node-a,0.3177,27.0785,0,84.9212,0.002874,38.2944,29.1336,63.7935,87.2123,146.4403,82.488,84.6771,0.1095,0.1346,75058.749,66803.2661,cpu_stress,inventory-service,2026-06-09 14:40:00,2026-06-09 14:55:00,during_fault,1.0442021,1
2026-06-09 14:50:55,955,EXP_FAULT_02,RUN_02,cpu_stress,1,adservice,ad-f02-09,online-boutique,node-a,0.3176,27.1321,0,84.7651,0.002958,36.7331,24.7484,66.943,87.0884,120.0074,82.3281,84.5144,0.1158,0.135,106203.1161,61310.4334,cpu_stress,inventory-service,2026-06-09 14:40:00,2026-06-09 14:55:00,during_fault,0.73179924,1
2026-06-09 14:51:00,960,EXP_FAULT_02,RUN_02,cpu_stress,1,adservice,ad-f02-09,online-boutique,node-a,0.3208,27.3086,0,83.216,0.001982,38.0335,27.1982,68.9567,92.8328,142.0868,80.8891,83.0511,0.0512,0.1137,82000.5458,55694.4129,cpu_stress,inventory-service,2026-06-09 14:40:00,2026-06-09 14:55:00,during_fault,1.0832072,1
2026-06-09 14:51:05,965,EXP_FAULT_02,RUN_02,cpu_stress,1,adservice,ad-f02-09,online-boutique,node-a,0.3174,27.1377,0,85.7093,0.003031,38.6874,29.6475,64.939,87.5367,129.5028,83.2871,85.4495,0.1335,0.1263,73000.2121,74877.9925,cpu_stress,inventory-service,2026-06-09 14:40:00,2026-06-09 14:55:00,during_fault,1.1125158,1
2026-06-09 14:51:10,970,EXP_FAULT_02,RUN_02,cpu_stress,1,adservice,ad-f02-09,online-boutique,node-a,0.3219,27.3073,0,82.6437,0.002823,37.3406,28.7975,61.4501,91.921,123.7706,80.29,82.4105,0.1074,0.1259,87256.8813,80664.2414,cpu_stress,inventory-service,2026-06-09 14:40:00,2026-06-09 14:55:00,during_fault,1.180298,1
2026-06-09 14:51:15,975,EXP_FAULT_02,RUN_02,cpu_stress,1,adservice,ad-f02-09,online-boutique,node-a,0.3044,27.3437,0,86.3023,0.002083,36.3096,25.3934,62.6035,89.9116,128.8258,83.8225,86.1225,0.0472,0.1326,86672.0869,73111.5791,cpu_stress,inventory-service,2026-06-09 14:40:00,2026-06-09 14:55:00,during_fault,0.20592506,0
2026-06-09 14:51:20,980,EXP_FAULT_02,RUN_02,cpu_stress,1,adservice,ad-f02-09,online-boutique,node-a,0.3106,27.1219,0,85.8201,0.002605,43.2566,30.5368,76.0401,107.158,158.9225,83.2825,85.5965,0.0863,0.1372,101992.5267,64534.4981,cpu_stress,inventory-service,2026-06-09 14:40:00,2026-06-09 14:55:00,during_fault,2.133304,1
2026-06-09 14:51:25,985,EXP_FAULT_02,RUN_02,cpu_stress,1,adservice,ad-f02-09,online-boutique,node-a,0.3119,27.603,0,80.2102,0.002679,40.7581,27.4148,68.8356,93.9772,162.0624,77.7508,79.9953,0.0927,0.1222,91543.3573,82223.2289,cpu_stress,inventory-service,2026-06-09 14:40:00,2026-06-09 14:55:00,during_fault,2.3907516,1
2026-06-09 14:51:30,990,EXP_FAULT_02,RUN_02,cpu_stress,1,adservice,ad-f02-09,online-boutique,node-a,0.3254,27.5633,0,82.2446,0.001701,39.3465,29.0136,71.4359,96.7555,132.5338,79.6956,82.1047,0.0231,0.1168,90177.6229,69690.101,cpu_stress,inventory-service,2026-06-09 14:40:00,2026-06-09 14:55:00,during_fault,1.7038095,1
2026-06-09 14:51:35,995,EXP_FAULT_02,RUN_02,cpu_stress,1,adservice,ad-f02-09,online-boutique,node-a,0.2992,27.9744,0,81.4241,0.002757,37.8572,29.4267,67.2297,90.9903,149.2283,78.7662,81.1996,0.0813,0.1432,69860.1011,56271.6845,cpu_stress,inventory-service,2026-06-09 14:40:00,2026-06-09 14:55:00,during_fault,2.3443604,1
2026-06-09 14:51:40,1000,EXP_FAULT_02,RUN_02,cpu_stress,1,adservice,ad-f02-09,online-boutique,node-a,0.3143,27.5781,0,84.0615,0.001966,40.0777,28.9266,75.0132,95.7482,163.1643,81.2523,83.8962,0.024,0.1413,93728.8753,60550.3787,cpu_stress,inventory-service,2026-06-09 14:40:00,2026-06-09 14:55:00,during_fault,1.3568207,1
2026-06-09 14:51:45,1005,EXP_FAULT_02,RUN_02,cpu_stress,1,adservice,ad-f02-09,online-boutique,node-a,0.3162,27.0847,0,79.3999,0.002247,39.9385,30.622,72.3158,102.1674,154.3206,76.6291,79.2215,0.0454,0.1331,72954.5814,70195.4682,cpu_stress,inventory-service,2026-06-09 14:40:00,2026-06-09 14:55:00,during_fault,2.033216,1
2026-06-09 14:51:50,1010,EXP_FAULT_02,RUN_02,cpu_stress,1,adservice,ad-f02-09,online-boutique,node-a,0.3078,27.0185,0,84.1215,0.002429,36.9327,24.4705,65.1468,94.9617,147.2965,81.0446,83.9172,0.038,0.1663,80488.1275,66447.9246,cpu_stress,inventory-service,2026-06-09 14:40:00,2026-06-09 14:55:00,during_fault,0.4917778,1
2026-06-09 14:51:55,1015,EXP_FAULT_02,RUN_02,cpu_stress,1,adservice,ad-f02-09,online-boutique,node-a,0.3306,27.3442,0,81.4647,0.002939,38.0744,28.1977,66.9289,89.995,132.8162,78.3449,81.2252,0.0831,0.1563,70040.8417,74113.7525,cpu_stress,inventory-service,2026-06-09 14:40:00,2026-06-09 14:55:00,during_fault,1.8955358,1
2026-06-09 14:52:00,1020,EXP_FAULT_02,RUN_02,cpu_stress,1,adservice,ad-f02-09,online-boutique,node-a,0.3197,27.3321,0,85.3095,0.003321,35.3649,24.1103,60.9293,87.9907,148.3006,81.8726,85.0261,0.124,0.1594,105116.9869,86524.4497,cpu_stress,inventory-service,2026-06-09 14:40:00,2026-06-09 14:55:00,during_fault,0.69324136,1
2026-06-09 14:52:05,1025,EXP_FAULT_02,RUN_02,cpu_stress,1,adservice,ad-f02-09,online-boutique,node-a,0.3133,27.4312,0,84.9146,0.002461,40.1942,30.3083,78.0667,106.5554,169.8425,81.4267,84.7056,0.0422,0.1668,95296.9372,77742.6498,cpu_stress,inventory-service,2026-06-09 14:40:00,2026-06-09 14:55:00,during_fault,1.3517468,1
2026-06-09 14:52:10,1030,EXP_FAULT_02,RUN_02,cpu_stress,1,adservice,ad-f02-09,online-boutique,node-a,0.2993,26.9479,0,81.9844,0.00338,43.862,29.1836,77.3115,114.9374,179.5868,78.4304,81.7073,0.0934,0.1837,74714.6933,83751.3833,cpu_stress,inventory-service,2026-06-09 14:40:00,2026-06-09 14:55:00,during_fault,2.7084217,1
2026-06-09 14:52:15,1035,EXP_FAULT_02,RUN_02,cpu_stress,1,adservice,ad-f02-09,online-boutique,node-a,0.3078,27.1365,0,85.1779,0.002681,41.3379,28.1283,73.8679,105.1292,157.7086,81.3941,84.9495,0.0454,0.1829,72517.8081,77867.0457,cpu_stress,inventory-service,2026-06-09 14:40:00,2026-06-09 14:55:00,during_fault,1.4894149,1
2026-06-09 14:52:20,1040,EXP_FAULT_02,RUN_02,cpu_stress,1,adservice,ad-f02-09,online-boutique,node-a,0.3241,27.816,0,88.7747,0.003499,43.0403,30.9353,78.6528,116.6353,166.5219,84.6376,88.4641,0.099,0.2116,77159.2466,87424.281,cpu_stress,inventory-service,2026-06-09 14:40:00,2026-06-09 14:55:00,during_fault,2.980032,1
2026-06-09 14:52:25,1045,EXP_FAULT_02,RUN_02,cpu_stress,1,adservice,ad-f02-09,online-boutique,node-a,0.3281,26.7136,0,87.6583,0.002817,40.7957,27.6475,74.9317,108.4519,180.0518,83.4953,87.4113,0.0287,0.2183,108367.3628,66930.4912,cpu_stress,inventory-service,2026-06-09 14:40:00,2026-06-09 14:55:00,during_fault,1.7886158,1
2026-06-09 14:52:30,1050,EXP_FAULT_02,RUN_02,cpu_stress,1,adservice,ad-f02-09,online-boutique,node-a,0.3281,26.9549,0,91.0266,0.00327,44.657,32.402,88.5821,120.2161,169.3122,86.5365,90.7289,0.0834,0.2143,102207.3435,72120.0996,cpu_stress,inventory-service,2026-06-09 14:40:00,2026-06-09 14:55:00,during_fault,2.9446325,1
2026-06-09 14:52:35,1055,EXP_FAULT_02,RUN_02,cpu_stress,1,adservice,ad-f02-09,online-boutique,node-a,0.3377,27.3963,0,90.6044,0.002864,45.4386,33.9368,85.3148,123.5336,181.8144,86.0496,90.3449,0.0277,0.2319,87428.3644,70815.6234,cpu_stress,inventory-service,2026-06-09 14:40:00,2026-06-09 14:55:00,during_fault,3.691176,1
2026-06-09 14:52:40,1060,EXP_FAULT_02,RUN_02,cpu_stress,1,adservice,ad-f02-09,online-boutique,node-a,0.3304,27.3732,0,89.0019,0.003911,41.6383,27.562,85.6202,115.7197,185.1078,84.3704,88.6539,0.1262,0.2219,87187.23,60499.0002,cpu_stress,inventory-service,2026-06-09 14:40:00,2026-06-09 14:55:00,during_fault,2.626626,1
2026-06-09 14:52:45,1065,EXP_FAULT_02,RUN_02,cpu_stress,1,adservice,ad-f02-09,online-boutique,node-a,0.3094,27.1528,0,93.2502,0.003331,42.6393,31.9802,82.8305,116.6517,172.2541,88.3395,92.9396,0.0786,0.2321,92024.6554,89765.0731,cpu_stress,inventory-service,2026-06-09 14:40:00,2026-06-09 14:55:00,during_fault,1.2731957,1
2026-06-09 14:52:50,1070,EXP_FAULT_02,RUN_02,cpu_stress,1,adservice,ad-f02-09,online-boutique,node-a,0.3107,27.6339,0,91.5436,0.003166,42.2169,31.2256,79.4552,108.3866,187.0761,86.654,91.2538,0.0522,0.2376,92671.1242,84852.4573,cpu_stress,inventory-service,2026-06-09 14:40:00,2026-06-09 14:55:00,during_fault,1.6006333,1
2026-06-09 14:52:55,1075,EXP_FAULT_02,RUN_02,cpu_stress,1,adservice,ad-f02-09,online-boutique,node-a,0.3179,27.5047,0,88.5573,0.003395,40.1461,27.4187,77.1964,106.2973,182.072,83.7344,88.2567,0.083,0.2176,90677.0027,77891.572,cpu_stress,inventory-service,2026-06-09 14:40:00,2026-06-09 14:55:00,during_fault,1.5015846,1
2026-06-09 14:53:00,1080,EXP_FAULT_02,RUN_02,cpu_stress,1,adservice,ad-f02-09,online-boutique,node-a,0.3129,27.1958,0,91.2527,0.003937,44.1939,28.9137,81.9049,113.7666,175.3739,86.2401,90.8934,0.1324,0.2269,83711.2415,69719.1768,cpu_stress,inventory-service,2026-06-09 14:40:00,2026-06-09 14:55:00,during_fault,2.4264147,1
2026-06-09 14:53:05,1085,EXP_FAULT_02,RUN_02,cpu_stress,1,adservice,ad-f02-09,online-boutique,node-a,0.3308,27.4534,0,94.4983,0.003383,43.1425,30.5683,79.24,108.5145,170.2748,89.2895,94.1787,0.0528,0.2669,102757.4843,94421.2868,cpu_stress,inventory-service,2026-06-09 14:40:00,2026-06-09 14:55:00,during_fault,2.0351202,1
2026-06-09 14:53:10,1090,EXP_FAULT_02,RUN_02,cpu_stress,1,adservice,ad-f02-09,online-boutique,node-a,0.3179,27.893,0,90.8807,0.004099,43.147,28.4306,85.2209,118.5024,198.4751,85.7984,90.5081,0.1402,0.2323,76584.1569,69538.1273,cpu_stress,inventory-service,2026-06-09 14:40:00,2026-06-09 14:55:00,during_fault,3.8745456,1
2026-06-09 14:53:15,1095,EXP_FAULT_02,RUN_02,cpu_stress,1,adservice,ad-f02-09,online-boutique,node-a,0.3077,27.0601,0,89.9891,0.003012,41.4664,28.5219,77.9605,107.6993,184.1883,85.0176,89.718,0.0228,0.2483,97576.1694,92612.2604,cpu_stress,inventory-service,2026-06-09 14:40:00,2026-06-09 14:55:00,during_fault,1.0887052,1
2026-06-09 14:53:20,1100,EXP_FAULT_02,RUN_02,cpu_stress,1,adservice,ad-f02-09,online-boutique,node-a,0.3192,27.0044,0,94.9092,0.003352,49.5492,33.8512,93.6227,135.9039,218.1407,89.682,94.5911,0.0532,0.2649,89588.1404,91641.6071,cpu_stress,inventory-service,2026-06-09 14:40:00,2026-06-09 14:55:00,during_fault,4.0659127,1
2026-06-09 14:53:25,1105,EXP_FAULT_02,RUN_02,cpu_stress,1,adservice,ad-f02-09,online-boutique,node-a,0.3424,27.5294,0,92.0374,0.003548,42.6321,28.3622,82.7222,122.6631,198.854,86.9748,91.7109,0.085,0.2415,104426.304,80507.5479,cpu_stress,inventory-service,2026-06-09 14:40:00,2026-06-09 14:55:00,during_fault,2.7653425,1
2026-06-09 14:53:30,1110,EXP_FAULT_02,RUN_02,cpu_stress,1,adservice,ad-f02-09,online-boutique,node-a,0.3141,27.8312,0,93.6336,0.003187,42.8569,31.0089,85.8263,119.8166,198.9119,88.5598,93.3352,0.0679,0.2305,116079.9765,82209.3934,cpu_stress,inventory-service,2026-06-09 14:40:00,2026-06-09 14:55:00,during_fault,1.7955487,1
2026-06-09 14:53:35,1115,EXP_FAULT_02,RUN_02,cpu_stress,1,adservice,ad-f02-09,online-boutique,node-a,0.3188,26.8954,0,95.0982,0.003624,45.1216,34.0468,93.3465,112.752,177.7547,89.9995,94.7535,0.0928,0.2519,78205.4476,93931.5935,cpu_stress,inventory-service,2026-06-09 14:40:00,2026-06-09 14:55:00,during_fault,2.2468724,1
2026-06-09 14:53:40,1120,EXP_FAULT_02,RUN_02,cpu_stress,1,adservice,ad-f02-09,online-boutique,node-a,0.3265,27.2986,0,96.4241,0.003865,41.8449,27.4681,83.9092,120.5908,172.7174,91.2938,96.0514,0.1114,0.2613,115498.5137,92750.8006,cpu_stress,inventory-service,2026-06-09 14:40:00,2026-06-09 14:55:00,during_fault,1.5927083,1
2026-06-09 14:53:45,1125,EXP_FAULT_02,RUN_02,cpu_stress,1,adservice,ad-f02-09,online-boutique,node-a,0.3237,27.3127,0,93.8599,0.002746,40.8471,29.4265,82.6743,110.5866,167.9644,89.0426,93.6021,0.0295,0.2283,113784.3046,70119.212,cpu_stress,inventory-service,2026-06-09 14:40:00,2026-06-09 14:55:00,during_fault,0.9883463,1
2026-06-09 14:53:50,1130,EXP_FAULT_02,RUN_02,cpu_stress,1,adservice,ad-f02-09,online-boutique,node-a,0.3072,27.2013,0,94.9224,0.003499,47.3816,33.1799,89.9698,125.8586,209.1822,90.144,94.5903,0.0948,0.2373,92673.9308,61959.5069,cpu_stress,inventory-service,2026-06-09 14:40:00,2026-06-09 14:55:00,during_fault,2.6229064,1
2026-06-09 14:53:55,1135,EXP_FAULT_02,RUN_02,cpu_stress,1,adservice,ad-f02-09,online-boutique,node-a,0.3435,27.438,0,89.6396,0.003254,45.7774,33.0876,82.7373,123.3004,193.5214,85.2415,89.3479,0.09,0.2017,78089.9442,86013.6391,cpu_stress,inventory-service,2026-06-09 14:40:00,2026-06-09 14:55:00,during_fault,4.581641,1
2026-06-09 14:54:00,1140,EXP_FAULT_02,RUN_02,cpu_stress,1,adservice,ad-f02-09,online-boutique,node-a,0.3162,27.4654,0,91.4385,0.002686,42.4016,30.4155,79.9157,108.0133,190.2842,87.0916,91.1929,0.0297,0.2159,89663.1745,59982.9489,cpu_stress,inventory-service,2026-06-09 14:40:00,2026-06-09 14:55:00,during_fault,1.4413574,1
2026-06-09 14:54:05,1145,EXP_FAULT_02,RUN_02,cpu_stress,1,adservice,ad-f02-09,online-boutique,node-a,0.321,26.6383,0,89.8456,0.00296,37.5538,27.9959,68.433,94.5301,140.7397,85.7082,89.5796,0.0725,0.1934,109370.511,74702.984,cpu_stress,inventory-service,2026-06-09 14:40:00,2026-06-09 14:55:00,during_fault,0.55320644,1
2026-06-09 14:54:10,1150,EXP_FAULT_02,RUN_02,cpu_stress,1,adservice,ad-f02-09,online-boutique,node-a,0.3252,27.0794,0,90.9878,0.00302,40.8574,27.6111,76.8989,105.6209,173.0808,86.9243,90.713,0.0705,0.2043,82171.3853,62904.7267,cpu_stress,inventory-service,2026-06-09 14:40:00,2026-06-09 14:55:00,during_fault,1.4091026,1
2026-06-09 14:54:15,1155,EXP_FAULT_02,RUN_02,cpu_stress,1,adservice,ad-f02-09,online-boutique,node-a,0.3266,27.4606,0,92.3573,0.003562,42.6473,30.8393,78.3106,103.3227,183.9464,88.3778,92.0283,0.1261,0.2029,76195.2093,93031.2251,cpu_stress,inventory-service,2026-06-09 14:40:00,2026-06-09 14:55:00,during_fault,2.139238,1
2026-06-09 14:54:20,1160,EXP_FAULT_02,RUN_02,cpu_stress,1,adservice,ad-f02-09,online-boutique,node-a,0.329,27.6224,0,94.5635,0.00296,37.4109,27.0488,71.9074,90.6874,133.9789,90.643,94.2835,0.0993,0.1807,107849.8542,62841.2176,cpu_stress,inventory-service,2026-06-09 14:40:00,2026-06-09 14:55:00,during_fault,0.4843797,1
2026-06-09 14:54:25,1165,EXP_FAULT_02,RUN_02,cpu_stress,1,adservice,ad-f02-09,online-boutique,node-a,0.3264,27.1342,0,92.0869,0.002297,42.39,30.9191,76.3936,102.845,174.6713,88.448,91.8754,0.0338,0.1777,117180.4074,67883.764,cpu_stress,inventory-service,2026-06-09 14:40:00,2026-06-09 14:55:00,during_fault,1.5349684,1
2026-06-09 14:54:30,1170,EXP_FAULT_02,RUN_02,cpu_stress,1,adservice,ad-f02-09,online-boutique,node-a,0.3278,28.1806,0,87.3843,0.002332,38.5989,26.534,70.6322,89.74,140.452,84.0616,87.1805,0.0442,0.1596,73319.0057,73113.1171,cpu_stress,inventory-service,2026-06-09 14:40:00,2026-06-09 14:55:00,during_fault,1.5149025,1
2026-06-09 14:54:35,1175,EXP_FAULT_02,RUN_02,cpu_stress,1,adservice,ad-f02-09,online-boutique,node-a,0.3117,27.5435,0,89.7324,0.002914,38.5185,27.4871,72.479,98.9062,160.1218,86.4158,89.471,0.0883,0.1732,100823.7956,87187.4598,cpu_stress,inventory-service,2026-06-09 14:40:00,2026-06-09 14:55:00,during_fault,0.743842,1
2026-06-09 14:54:40,1180,EXP_FAULT_02,RUN_02,cpu_stress,1,adservice,ad-f02-09,online-boutique,node-a,0.3267,27.1064,0,90.3464,0.00325,39.6989,29.7189,67.2487,100.8148,147.7821,87.1301,90.0528,0.1328,0.1609,85375.1325,92852.7004,cpu_stress,inventory-service,2026-06-09 14:40:00,2026-06-09 14:55:00,during_fault,1.2914592,1
2026-06-09 14:54:45,1185,EXP_FAULT_02,RUN_02,cpu_stress,1,adservice,ad-f02-09,online-boutique,node-a,0.322,27.2503,0,88.9285,0.003127,41.0274,29.2591,74.0894,106.1156,146.0192,85.8812,88.6504,0.1255,0.1526,100148.5688,89213.9683,cpu_stress,inventory-service,2026-06-09 14:40:00,2026-06-09 14:55:00,during_fault,1.6381543,1
2026-06-09 14:54:50,1190,EXP_FAULT_02,RUN_02,cpu_stress,1,adservice,ad-f02-09,online-boutique,node-a,0.3157,27.3415,0,90.8421,0.001938,34.0908,23.4585,60.1942,86.9294,131.2849,87.9136,90.6661,0.0249,0.1511,113276.1381,75265.8522,cpu_stress,inventory-service,2026-06-09 14:40:00,2026-06-09 14:55:00,during_fault,0.01229571,0
2026-06-09 14:54:55,1195,EXP_FAULT_02,RUN_02,cpu_stress,1,adservice,ad-f02-09,online-boutique,node-a,0.3151,26.6613,0,90.1835,0.002992,40.0239,29.0779,72.8954,98.1615,158.48,87.3508,89.9136,0.1347,0.1351,85030.8023,76681.585,cpu_stress,inventory-service,2026-06-09 14:40:00,2026-06-09 14:55:00,during_fault,0.88472605,1
2026-06-09 14:55:00,1200,EXP_FAULT_02,RUN_02,cpu_stress,1,adservice,ad-f02-09,online-boutique,node-a,0.313,27.2327,0,88.7673,0.002521,38.8318,29.2729,74.6497,88.9858,140.498,86.015,88.5435,0.0804,0.1435,98664.7639,91428.4734,cpu_stress,inventory-service,2026-06-09 14:40:00,2026-06-09 14:55:00,post_fault,0.6436686,1
2026-06-09 14:55:05,1205,EXP_FAULT_02,RUN_02,cpu_stress,1,adservice,ad-f02-09,online-boutique,node-a,0.3103,27.4904,0,90.7483,0.002195,38.7193,29.3912,71.304,98.541,141.8083,88.003,90.5491,0.0632,0.1359,77158.905,93370.1453,cpu_stress,inventory-service,2026-06-09 14:40:00,2026-06-09 14:55:00,post_fault,0.41108528,0
2026-06-09 14:55:10,1210,EXP_FAULT_02,RUN_02,cpu_stress,1,adservice,ad-f02-09,online-boutique,node-a,0.3249,27.178,0,94.5319,0.002569,37.5473,27.3497,66.7246,87.6552,131.5083,91.6955,94.2891,0.1077,0.1351,93433.3615,83942.3411,cpu_stress,inventory-service,2026-06-09 14:40:00,2026-06-09 14:55:00,post_fault,0.31495473,0
2026-06-09 14:55:15,1215,EXP_FAULT_02,RUN_02,cpu_stress,1,adservice,ad-f02-09,online-boutique,node-a,0.3139,26.9667,0,89.8401,0.002314,37.8465,28.6557,71.7436,96.3101,130.5572,87.1921,89.6322,0.0662,0.1417,77164.6818,91693.4867,cpu_stress,inventory-service,2026-06-09 14:40:00,2026-06-09 14:55:00,post_fault,0.36526883,0
2026-06-09 14:55:20,1220,EXP_FAULT_02,RUN_02,cpu_stress,1,adservice,ad-f02-09,online-boutique,node-a,0.3244,27.5213,0,96.0737,0.002378,37.1359,24.9467,65.9224,87.0031,130.111,93.2846,95.8453,0.0908,0.1377,114573.3475,63322.5594,cpu_stress,inventory-service,2026-06-09 14:40:00,2026-06-09 14:55:00,post_fault,0.17463598,0
2026-06-09 14:55:25,1225,EXP_FAULT_02,RUN_02,cpu_stress,1,adservice,ad-f02-09,online-boutique,node-a,0.3366,26.8107,0,93.1195,0.002613,38.9699,27.428,67.7834,90.3303,139.7879,90.405,92.8762,0.1021,0.1413,93738.7584,84436.196,cpu_stress,inventory-service,2026-06-09 14:40:00,2026-06-09 14:55:00,post_fault,0.8956351,1
2026-06-09 14:55:30,1230,EXP_FAULT_02,RUN_02,cpu_stress,1,adservice,ad-f02-09,online-boutique,node-a,0.3103,28.0289,0,94.7558,0.002832,40.2237,27.879,76.6167,101.9546,132.1529,92.0378,94.4875,0.1378,0.1306,102711.784,84688.6249,cpu_stress,inventory-service,2026-06-09 14:40:00,2026-06-09 14:55:00,post_fault,1.2129793,1
2026-06-09 14:55:35,1235,EXP_FAULT_02,RUN_02,cpu_stress,1,adservice,ad-f02-09,online-boutique,node-a,0.2982,27.0592,0,94.2563,0.001798,38.7099,27.6388,71.9446,86.2295,130.9452,91.6505,94.0869,0.0412,0.1283,107175.83,70104.5195,cpu_stress,inventory-service,2026-06-09 14:40:00,2026-06-09 14:55:00,post_fault,0.0663302,0
2026-06-09 14:55:40,1240,EXP_FAULT_02,RUN_02,cpu_stress,1,adservice,ad-f02-09,online-boutique,node-a,0.3429,27.3303,0,96.4652,0.001788,39.1198,27.3018,69.0562,89.9602,140.9312,93.8291,96.2927,0.038,0.1345,107902.4321,62910.0556,cpu_stress,inventory-service,2026-06-09 14:40:00,2026-06-09 14:55:00,post_fault,0.90983236,1
2026-06-09 14:55:45,1245,EXP_FAULT_02,RUN_02,cpu_stress,1,adservice,ad-f02-09,online-boutique,node-a,0.3373,27.2503,0,95.7131,0.001731,35.441,26.3349,60.7294,83.5585,118.1809,93.1273,95.5474,0.0466,0.1191,112978.3878,63890.0093,cpu_stress,inventory-service,2026-06-09 14:40:00,2026-06-09 14:55:00,post_fault,0.18420891,0
2026-06-09 14:55:50,1250,EXP_FAULT_02,RUN_02,cpu_stress,1,adservice,ad-f02-09,online-boutique,node-a,0.3491,28.045,0,94.5654,0.001553,37.7522,25.7646,71.7582,92.5388,136.6262,92.0544,94.4185,0.0252,0.1217,101203.2087,88048.4384,cpu_stress,inventory-service,2026-06-09 14:40:00,2026-06-09 14:55:00,post_fault,1.1738861,1
2026-06-09 14:55:55,1255,EXP_FAULT_02,RUN_02,cpu_stress,1,adservice,ad-f02-09,online-boutique,node-a,0.3148,27.6261,0,96.4993,0.001995,37.8152,29.3052,71.3709,89.3741,123.6236,93.9625,96.3067,0.0609,0.1317,105133.4424,95625.7129,cpu_stress,inventory-service,2026-06-09 14:40:00,2026-06-09 14:55:00,post_fault,0.08595795,0
2026-06-09 14:56:00,1260,EXP_FAULT_02,RUN_02,cpu_stress,1,adservice,ad-f02-09,online-boutique,node-a,0.2943,27.4762,0,94.151,0.002917,40.5946,27.9435,72.0412,90.6326,135.0116,91.641,93.8764,0.1345,0.1401,84738.7033,67082.181,cpu_stress,inventory-service,2026-06-09 14:40:00,2026-06-09 14:55:00,post_fault,0.6041161,1
2026-06-09 14:56:05,1265,EXP_FAULT_02,RUN_02,cpu_stress,1,adservice,ad-f02-09,online-boutique,node-a,0.3252,27.1807,0,97.8726,0.002889,38.2195,27.6662,65.8463,91.2278,130.0854,95.2938,97.5899,0.1368,0.146,94289.7015,81198.4864,cpu_stress,inventory-service,2026-06-09 14:40:00,2026-06-09 14:55:00,post_fault,0.3279504,0
2026-06-09 14:56:10,1270,EXP_FAULT_02,RUN_02,cpu_stress,1,adservice,ad-f02-09,online-boutique,node-a,0.3098,27.8481,0,95.8147,0.002211,37.928,26.581,66.4754,91.4203,142.1826,93.3916,95.6029,0.096,0.1158,118717.7591,75566.2636,cpu_stress,inventory-service,2026-06-09 14:40:00,2026-06-09 14:55:00,post_fault,0.21751702,0
2026-06-09 14:56:15,1275,EXP_FAULT_02,RUN_02,cpu_stress,1,adservice,ad-f02-09,online-boutique,node-a,0.3199,26.6995,0,95.0143,0.001933,35.0012,27.3017,59.7721,79.9585,121.1641,92.6513,94.8306,0.0627,0.121,106783.0422,70403.6229,cpu_stress,inventory-service,2026-06-09 14:40:00,2026-06-09 14:55:00,post_fault,0.021298656,0
2026-06-09 14:56:20,1280,EXP_FAULT_02,RUN_02,cpu_stress,1,adservice,ad-f02-09,online-boutique,node-a,0.3195,27.0898,0,95.2148,0.002787,37.3148,27.7126,68.5942,88.4038,119.0165,92.8491,94.9495,0.1455,0.1198,95372.612,96178.1261,cpu_stress,inventory-service,2026-06-09 14:40:00,2026-06-09 14:55:00,post_fault,0.2540694,0
2026-06-09 14:56:25,1285,EXP_FAULT_02,RUN_02,cpu_stress,1,adservice,ad-f02-09,online-boutique,node-a,0.3291,26.9796,0,96.8343,0.002234,38.8817,29.7397,63.6689,84.1048,130.5153,94.4474,96.618,0.0844,0.1319,114184.82,88237.9638,cpu_stress,inventory-service,2026-06-09 14:40:00,2026-06-09 14:55:00,post_fault,0.36874565,0
2026-06-09 14:56:30,1290,EXP_FAULT_02,RUN_02,cpu_stress,1,adservice,ad-f02-09,online-boutique,node-a,0.3224,27.5628,0,92.7537,0.001686,34.9456,26.6638,58.8928,79.9016,129.859,90.541,92.5973,0.0546,0.1018,99064.9444,69227.2531,cpu_stress,inventory-service,2026-06-09 14:40:00,2026-06-09 14:55:00,post_fault,0.045271467,0
2026-06-09 14:56:35,1295,EXP_FAULT_02,RUN_02,cpu_stress,1,adservice,ad-f02-09,online-boutique,node-a,0.3325,27.0975,0,93.17,0.00221,37.0177,26.2527,69.7947,79.736,128.4902,90.9343,92.964,0.0766,0.1293,111481.9019,74887.1694,cpu_stress,inventory-service,2026-06-09 14:40:00,2026-06-09 14:55:00,post_fault,0.38992327,0
2026-06-09 14:56:40,1300,EXP_FAULT_02,RUN_02,cpu_stress,1,adservice,ad-f02-09,online-boutique,node-a,0.3197,27.7229,0,92.3081,0.002208,37.6996,28.4281,62.1738,88.321,138.7041,90.1298,92.1042,0.0953,0.1086,85920.1896,68733.3817,cpu_stress,inventory-service,2026-06-09 14:40:00,2026-06-09 14:55:00,post_fault,0.31912792,0
2026-06-09 14:56:45,1305,EXP_FAULT_02,RUN_02,cpu_stress,1,adservice,ad-f02-09,online-boutique,node-a,0.3006,27.5178,0,90.7804,0.00222,37.4061,27.0979,60.4707,84.5769,130.4581,88.6623,90.5789,0.0971,0.1044,94294.876,59980.8494,cpu_stress,inventory-service,2026-06-09 14:40:00,2026-06-09 14:55:00,post_fault,0.16459873,0
2026-06-09 14:56:50,1310,EXP_FAULT_02,RUN_02,cpu_stress,1,adservice,ad-f02-09,online-boutique,node-a,0.3234,27.7074,0,93.1103,0.001736,35.977,24.784,64.9247,86.3199,126.4805,90.9889,92.9486,0.0419,0.1198,86028.2148,87915.7322,cpu_stress,inventory-service,2026-06-09 14:40:00,2026-06-09 14:55:00,post_fault,0.122625254,0
2026-06-09 14:56:55,1315,EXP_FAULT_02,RUN_02,cpu_stress,1,adservice,ad-f02-09,online-boutique,node-a,0.3046,27.5447,0,91.6652,0.002196,39.8991,31.0767,69.3728,89.5374,122.6274,89.6006,91.4639,0.0866,0.1147,96560.8745,74236.8618,cpu_stress,inventory-service,2026-06-09 14:40:00,2026-06-09 14:55:00,post_fault,0.48330817,1
2026-06-09 14:57:00,1320,EXP_FAULT_02,RUN_02,cpu_stress,1,adservice,ad-f02-09,online-boutique,node-a,0.3231,27.5967,0,89.4657,0.001477,37.8574,29.5231,64.9547,89.7131,138.0737,87.4971,89.3335,0.0371,0.095,104824.2343,71363.0933,cpu_stress,inventory-service,2026-06-09 14:40:00,2026-06-09 14:55:00,post_fault,0.5173111,1
2026-06-09 14:57:05,1325,EXP_FAULT_02,RUN_02,cpu_stress,1,adservice,ad-f02-09,online-boutique,node-a,0.3168,27.3473,0,93.6303,0.002291,37.9053,28.0019,65.894,86.02,121.5499,91.5803,93.4158,0.1147,0.0998,119612.757,80034.2721,cpu_stress,inventory-service,2026-06-09 14:40:00,2026-06-09 14:55:00,post_fault,0.2579155,0
2026-06-09 14:57:10,1330,EXP_FAULT_02,RUN_02,cpu_stress,1,adservice,ad-f02-09,online-boutique,node-a,0.3046,27.2288,0,88.3795,0.002279,36.1248,27.7127,66.0635,75.6997,118.1458,86.4701,88.1781,0.114,0.0874,80454.9451,85460.0024,cpu_stress,inventory-service,2026-06-09 14:40:00,2026-06-09 14:55:00,post_fault,0.11475922,0
2026-06-09 14:57:15,1335,EXP_FAULT_02,RUN_02,cpu_stress,1,adservice,ad-f02-09,online-boutique,node-a,0.3391,27.8329,0,87.7537,0.002396,37.5221,25.5056,60.6451,88.6157,121.7598,85.8665,87.5435,0.1,0.1103,93197.1749,71615.6542,cpu_stress,inventory-service,2026-06-09 14:40:00,2026-06-09 14:55:00,post_fault,1.2740476,1
2026-06-09 14:57:20,1340,EXP_FAULT_02,RUN_02,cpu_stress,1,adservice,ad-f02-09,online-boutique,node-a,0.3178,26.9442,0,88.8484,0.00259,36.3827,28.4865,59.0106,83.1237,114.4315,86.9429,88.6183,0.1258,0.1043,104366.6483,81269.7215,cpu_stress,inventory-service,2026-06-09 14:40:00,2026-06-09 14:55:00,post_fault,0.31639367,0
2026-06-09 14:57:25,1345,EXP_FAULT_02,RUN_02,cpu_stress,1,adservice,ad-f02-09,online-boutique,node-a,0.3069,27.0876,0,88.2868,0.001484,34.3627,23.8802,56.9749,74.7524,125.3102,86.4768,88.1558,0.0253,0.1057,77158.4546,77429.4398,cpu_stress,inventory-service,2026-06-09 14:40:00,2026-06-09 14:55:00,post_fault,0.01896165,0
2026-06-09 14:57:30,1350,EXP_FAULT_02,RUN_02,cpu_stress,1,adservice,ad-f02-09,online-boutique,node-a,0.3099,27.5748,0,84.2795,0.001537,36.0887,25.9945,66.4054,84.0819,122.2898,82.5731,84.15,0.0329,0.0967,97457.2381,78564.5504,cpu_stress,inventory-service,2026-06-09 14:40:00,2026-06-09 14:55:00,post_fault,0.3203063,0
2026-06-09 14:57:35,1355,EXP_FAULT_02,RUN_02,cpu_stress,1,adservice,ad-f02-09,online-boutique,node-a,0.3292,27.6967,0,82.8743,0.002175,38.1509,27.2745,70.2138,84.5865,118.3525,81.2035,82.694,0.0924,0.0878,77638.5484,71263.0811,cpu_stress,inventory-service,2026-06-09 14:40:00,2026-06-09 14:55:00,post_fault,1.492434,1
2026-06-09 14:57:40,1360,EXP_FAULT_02,RUN_02,cpu_stress,1,adservice,ad-f02-09,online-boutique,node-a,0.3097,27.8775,0,83.7491,0.002076,38.5254,27.6939,64.5662,91.355,132.0418,82.059,83.5753,0.0884,0.0854,100528.529,57326.0849,cpu_stress,inventory-service,2026-06-09 14:40:00,2026-06-09 14:55:00,post_fault,1.1821461,1
2026-06-09 14:57:45,1365,EXP_FAULT_02,RUN_02,cpu_stress,1,adservice,ad-f02-09,online-boutique,node-a,0.3048,27.2259,0,85.1125,0.00214,34.8776,25.8678,61.8669,78.8031,114.5191,83.4126,84.9303,0.0802,0.1019,108680.8295,76180.3282,cpu_stress,inventory-service,2026-06-09 14:40:00,2026-06-09 14:55:00,post_fault,0.11603153,0
2026-06-09 14:57:50,1370,EXP_FAULT_02,RUN_02,cpu_stress,1,adservice,ad-f02-09,online-boutique,node-a,0.3127,27.6026,0,85.2264,0.001469,36.2095,25.0974,61.0038,85.4029,128.4465,83.5809,85.1012,0.0375,0.0877,107040.3063,62683.1989,cpu_stress,inventory-service,2026-06-09 14:40:00,2026-06-09 14:55:00,post_fault,0.31300405,0
2026-06-09 14:57:55,1375,EXP_FAULT_02,RUN_02,cpu_stress,1,adservice,ad-f02-09,online-boutique,node-a,0.3026,27.6585,0,80.4426,0.002152,33.9036,24.357,62.8496,78.2287,113.6928,78.8982,80.2695,0.0931,0.08,70876.5856,73782.7644,cpu_stress,inventory-service,2026-06-09 14:40:00,2026-06-09 14:55:00,post_fault,0.45962095,1
2026-06-09 14:58:00,1380,EXP_FAULT_02,RUN_02,cpu_stress,1,adservice,ad-f02-09,online-boutique,node-a,0.3139,27.1699,0,83.2653,0.00136,36.5091,25.1582,60.9233,77.1175,109.065,81.708,83.1521,0.0247,0.0885,87930.3524,82658.5475,cpu_stress,inventory-service,2026-06-09 14:40:00,2026-06-09 14:55:00,post_fault,0.5184897,1
2026-06-09 14:58:05,1385,EXP_FAULT_02,RUN_02,cpu_stress,1,adservice,ad-f02-09,online-boutique,node-a,0.3282,26.8545,0,83.9439,0.002089,34.3547,25.5838,57.4844,76.287,107.61,82.3687,83.7685,0.0845,0.0908,85078.0972,60437.2489,cpu_stress,inventory-service,2026-06-09 14:40:00,2026-06-09 14:55:00,post_fault,0.45840502,1
2026-06-09 14:58:10,1390,EXP_FAULT_02,RUN_02,cpu_stress,1,adservice,ad-f02-09,online-boutique,node-a,0.3302,27.8372,0,82.2537,0.002226,36.526,27.9195,66.37,82.776,110.7712,80.744,82.0706,0.1141,0.069,83601.2516,78349.1964,cpu_stress,inventory-service,2026-06-09 14:40:00,2026-06-09 14:55:00,post_fault,1.1854575,1
2026-06-09 14:58:15,1395,EXP_FAULT_02,RUN_02,cpu_stress,1,adservice,ad-f02-09,online-boutique,node-a,0.3115,26.7368,0,82.4212,0.001313,36.2088,24.9882,62.3156,77.3752,111.2812,80.9445,82.313,0.0295,0.0787,70202.672,72452.1552,cpu_stress,inventory-service,2026-06-09 14:40:00,2026-06-09 14:55:00,post_fault,0.50394684,1
2026-06-09 14:58:20,1400,EXP_FAULT_02,RUN_02,cpu_stress,1,adservice,ad-f02-09,online-boutique,node-a,0.2982,27.2892,0,80.3791,0.002188,35.3681,26.3836,59.5153,83.3441,122.3303,78.913,80.2033,0.1009,0.075,67362.0532,75524.5191,cpu_stress,inventory-service,2026-06-09 14:40:00,2026-06-09 14:55:00,post_fault,0.3441667,0
2026-06-09 14:58:25,1405,EXP_FAULT_02,RUN_02,cpu_stress,1,adservice,ad-f02-09,online-boutique,node-a,0.339,27.2038,0,84.227,0.001942,36.8909,26.6088,62.1186,87.48,116.2242,82.7438,84.0635,0.0961,0.0674,102535.2573,71262.9261,cpu_stress,inventory-service,2026-06-09 14:40:00,2026-06-09 14:55:00,post_fault,1.319654,1
2026-06-09 14:58:30,1410,EXP_FAULT_02,RUN_02,cpu_stress,1,adservice,ad-f02-09,online-boutique,node-a,0.3077,27.5427,0,85.0893,0.002122,37.6065,26.7669,61.5185,81.4217,131.2345,83.5888,84.9087,0.1106,0.07,103279.2002,74708.5369,cpu_stress,inventory-service,2026-06-09 14:40:00,2026-06-09 14:55:00,post_fault,0.5462131,1
2026-06-09 14:58:35,1415,EXP_FAULT_02,RUN_02,cpu_stress,1,adservice,ad-f02-09,online-boutique,node-a,0.3258,26.8064,0,83.3034,0.002232,33.9937,25.5852,61.7507,75.0435,103.4637,81.8334,83.1175,0.1207,0.0652,68341.1638,76065.6738,cpu_stress,inventory-service,2026-06-09 14:40:00,2026-06-09 14:55:00,post_fault,0.41839433,0
2026-06-09 14:58:40,1420,EXP_FAULT_02,RUN_02,cpu_stress,1,adservice,ad-f02-09,online-boutique,node-a,0.3007,26.8546,0,80.9151,0.001564,31.0453,23.2033,52.7228,62.6801,106.9363,79.5471,80.7885,0.0476,0.079,95726.4401,58410.5709,cpu_stress,inventory-service,2026-06-09 14:40:00,2026-06-09 14:55:00,post_fault,0.019414049,0
2026-06-09 14:58:45,1425,EXP_FAULT_02,RUN_02,cpu_stress,1,adservice,ad-f02-09,online-boutique,node-a,0.3182,27.6465,0,82.1428,0.002402,34.8883,25.0674,62.5932,73.6048,113.4162,80.7361,81.9455,0.1111,0.0862,82555.5882,79793.6936,cpu_stress,inventory-service,2026-06-09 14:40:00,2026-06-09 14:55:00,post_fault,0.6713587,1
2026-06-09 14:58:50,1430,EXP_FAULT_02,RUN_02,cpu_stress,1,adservice,ad-f02-09,online-boutique,node-a,0.2984,27.5124,0,83.234,0.001481,33.7298,25.8492,54.2735,70.3283,113.4253,81.8599,83.1107,0.0502,0.073,102443.9336,72274.428,cpu_stress,inventory-service,2026-06-09 14:40:00,2026-06-09 14:55:00,post_fault,0.059285562,0
2026-06-09 14:58:55,1435,EXP_FAULT_02,RUN_02,cpu_stress,1,adservice,ad-f02-09,online-boutique,node-a,0.3082,27.3569,0,83.4915,0.002062,36.6977,26.4769,63.5422,77.3526,117.9928,82.1347,83.3193,0.1089,0.0633,70048.5971,55141.2812,cpu_stress,inventory-service,2026-06-09 14:40:00,2026-06-09 14:55:00,post_fault,0.48084658,1
2026-06-09 14:59:00,1440,EXP_FAULT_02,RUN_02,cpu_stress,1,adservice,ad-f02-09,online-boutique,node-a,0.3113,27.2515,0,86.9568,0.001597,35.3919,26.2524,62.9667,72.6917,116.99,85.5599,86.818,0.0568,0.082,93834.6684,67883.9685,cpu_stress,inventory-service,2026-06-09 14:40:00,2026-06-09 14:55:00,post_fault,0.1344969,0
2026-06-09 14:59:05,1445,EXP_FAULT_02,RUN_02,cpu_stress,1,adservice,ad-f02-09,online-boutique,node-a,0.3012,27.5427,0,85.9511,0.002414,36.0605,26.8467,59.7721,76.5368,108.2466,84.5265,85.7437,0.1239,0.0836,99092.6479,55893.8762,cpu_stress,inventory-service,2026-06-09 14:40:00,2026-06-09 14:55:00,post_fault,0.41638637,0
2026-06-09 14:59:10,1450,EXP_FAULT_02,RUN_02,cpu_stress,1,adservice,ad-f02-09,online-boutique,node-a,0.3095,27.7462,0,81.4796,0.001102,33.8172,25.6213,55.7005,70.6761,113.498,80.2271,81.3899,0.0211,0.0687,76675.2571,83810.5539,cpu_stress,inventory-service,2026-06-09 14:40:00,2026-06-09 14:55:00,post_fault,0.15546452,0
2026-06-09 14:59:15,1455,EXP_FAULT_02,RUN_02,cpu_stress,1,adservice,ad-f02-09,online-boutique,node-a,0.322,27.9097,0,82.5548,0.00135,34.5337,26.5764,57.6512,75.7854,101.2762,81.2865,82.4434,0.0427,0.0687,82581.0805,57993.1427,cpu_stress,inventory-service,2026-06-09 14:40:00,2026-06-09 14:55:00,post_fault,0.4507599,1
2026-06-09 14:59:20,1460,EXP_FAULT_02,RUN_02,cpu_stress,1,adservice,ad-f02-09,online-boutique,node-a,0.3107,26.9442,0,81.0265,0.001557,36.1657,25.4409,60.7039,83.2222,105.1069,79.8079,80.9003,0.0498,0.0764,75611.7359,72618.2352,cpu_stress,inventory-service,2026-06-09 14:40:00,2026-06-09 14:55:00,post_fault,0.5960512,1
2026-06-09 14:59:25,1465,EXP_FAULT_02,RUN_02,cpu_stress,1,adservice,ad-f02-09,online-boutique,node-a,0.321,27.6364,0,82.3245,0.001477,36.6992,26.1103,58.2078,84.3016,118.1866,81.0938,82.2028,0.0487,0.0729,67552.0239,54912.6271,cpu_stress,inventory-service,2026-06-09 14:40:00,2026-06-09 14:55:00,post_fault,0.79785967,1
2026-06-09 14:59:30,1470,EXP_FAULT_02,RUN_02,cpu_stress,1,adservice,ad-f02-09,online-boutique,node-a,0.3223,28.029,0,80.6983,0.001061,33.8365,23.4261,53.2281,75.709,99.3233,79.5244,80.6127,0.0212,0.0644,87503.2989,79478.9619,cpu_stress,inventory-service,2026-06-09 14:40:00,2026-06-09 14:55:00,post_fault,0.5056336,1
2026-06-09 14:59:35,1475,EXP_FAULT_02,RUN_02,cpu_stress,1,adservice,ad-f02-09,online-boutique,node-a,0.312,27.516,0,84.1721,0.001963,34.6052,25.9176,58.2588,69.8082,117.6301,82.9144,84.0069,0.097,0.0682,104690.0351,55153.5139,cpu_stress,inventory-service,2026-06-09 14:40:00,2026-06-09 14:55:00,post_fault,0.20581977,0
2026-06-09 14:59:40,1480,EXP_FAULT_02,RUN_02,cpu_stress,1,adservice,ad-f02-09,online-boutique,node-a,0.3222,27.0272,0,81.4588,0.002339,34.5274,26.077,54.0616,75.0586,113.0988,80.2649,81.2683,0.1147,0.0758,70698.6495,57584.8144,cpu_stress,inventory-service,2026-06-09 14:40:00,2026-06-09 14:55:00,post_fault,0.5615655,1
2026-06-09 14:59:45,1485,EXP_FAULT_02,RUN_02,cpu_stress,1,adservice,ad-f02-09,online-boutique,node-a,0.3112,27.3784,0,82.7775,0.002139,36.908,28.9465,59.4636,76.2896,112.3319,81.5869,82.6004,0.1205,0.0566,73547.0464,60756.4113,cpu_stress,inventory-service,2026-06-09 14:40:00,2026-06-09 14:55:00,post_fault,0.64559114,1
2026-06-09 14:59:50,1490,EXP_FAULT_02,RUN_02,cpu_stress,1,adservice,ad-f02-09,online-boutique,node-a,0.3282,27.2817,0,82.5392,0.001914,37.6902,26.7814,58.5099,75.3811,110.7936,81.3681,82.3812,0.0981,0.0599,101195.7306,75140.5112,cpu_stress,inventory-service,2026-06-09 14:40:00,2026-06-09 14:55:00,post_fault,1.2847017,1
2026-06-09 14:59:55,1495,EXP_FAULT_02,RUN_02,cpu_stress,1,adservice,ad-f02-09,online-boutique,node-a,0.3087,27.67,0,79.2781,0.002082,34.8355,25.8622,56.7995,79.331,105.5026,78.1569,79.113,0.1146,0.0505,85184.8367,79847.2479,cpu_stress,inventory-service,2026-06-09 14:40:00,2026-06-09 14:55:00,post_fault,0.64689213,1
2026-06-09 15:00:00,1500,EXP_FAULT_02,RUN_02,cpu_stress,1,adservice,ad-f02-09,online-boutique,node-a,0.3149,27.2239,0,81.5524,0.001514,33.7698,24.934,52.8787,75.6818,110.4479,80.4432,81.4289,0.0605,0.063,78990.8303,53791.3257,cpu_stress,inventory-service,2026-06-09 14:40:00,2026-06-09 14:55:00,post_fault,0.26222974,0
2026-06-09 15:00:05,1505,EXP_FAULT_02,RUN_02,cpu_stress,1,adservice,ad-f02-09,online-boutique,node-a,0.3266,27.4246,0,78.71,0.002017,34.1409,26.5758,54.1737,75.516,99.424,77.6276,78.5512,0.1056,0.0532,79767.1558,75649.1818,cpu_stress,inventory-service,2026-06-09 14:40:00,2026-06-09 14:55:00,post_fault,0.79490995,1
2026-06-09 15:00:10,1510,EXP_FAULT_02,RUN_02,cpu_stress,1,adservice,ad-f02-09,online-boutique,node-a,0.3187,27.1778,0,78.4306,0.001347,36.1099,25.3444,58.3068,78.6349,107.4509,77.3951,78.325,0.0445,0.0611,87190.3695,65940.5345,cpu_stress,inventory-service,2026-06-09 14:40:00,2026-06-09 14:55:00,post_fault,0.992565,1
2026-06-09 15:00:15,1515,EXP_FAULT_02,RUN_02,cpu_stress,1,adservice,ad-f02-09,online-boutique,node-a,0.3111,27.7487,0,79.5983,0.00235,34.803,25.7094,57.0534,68.8526,99.9251,78.5273,79.4112,0.1224,0.0646,92025.9087,59453.0466,cpu_stress,inventory-service,2026-06-09 14:40:00,2026-06-09 14:55:00,post_fault,0.90778226,1
2026-06-09 15:00:20,1520,EXP_FAULT_02,RUN_02,cpu_stress,1,adservice,ad-f02-09,online-boutique,node-a,0.3297,27.1499,0,79.9981,0.001132,31.5456,24.2643,55.4464,65.2084,98.388,78.9819,79.9076,0.041,0.0495,90621.0018,75796.5942,cpu_stress,inventory-service,2026-06-09 14:40:00,2026-06-09 14:55:00,post_fault,0.3366179,0
2026-06-09 15:00:25,1525,EXP_FAULT_02,RUN_02,cpu_stress,1,adservice,ad-f02-09,online-boutique,node-a,0.3179,27.497,0,76.6555,0.001962,35.9619,25.2295,56.3101,72.6142,103.6964,75.6781,76.5051,0.1008,0.0496,75909.2615,78954.4218,cpu_stress,inventory-service,2026-06-09 14:40:00,2026-06-09 14:55:00,post_fault,1.1912854,1
2026-06-09 15:00:30,1530,EXP_FAULT_02,RUN_02,cpu_stress,1,adservice,ad-f02-09,online-boutique,node-a,0.2961,27.5147,0,77.8116,0.001051,35.6929,28.0381,62.4628,74.9785,112.9593,76.8472,77.7298,0.0247,0.0571,68335.9093,73362.6852,cpu_stress,inventory-service,2026-06-09 14:40:00,2026-06-09 14:55:00,post_fault,0.48342723,1
2026-06-09 15:00:35,1535,EXP_FAULT_02,RUN_02,cpu_stress,1,adservice,ad-f02-09,online-boutique,node-a,0.3226,27.0524,0,77.9187,0.002154,33.2432,25.3206,58.1922,71.8019,101.2314,76.9378,77.7509,0.1243,0.0435,83785.1579,56172.5992,cpu_stress,inventory-service,2026-06-09 14:40:00,2026-06-09 14:55:00,post_fault,0.6098065,1
2026-06-09 15:00:40,1540,EXP_FAULT_02,RUN_02,cpu_stress,1,adservice,ad-f02-09,online-boutique,node-a,0.3291,27.7146,0,75.0243,0.001444,32.9365,25.6974,56.1875,65.9192,101.8308,74.1002,74.916,0.067,0.0413,76569.6093,51001.0122,cpu_stress,inventory-service,2026-06-09 14:40:00,2026-06-09 14:55:00,post_fault,1.0612454,1
2026-06-09 15:00:45,1545,EXP_FAULT_02,RUN_02,cpu_stress,1,adservice,ad-f02-09,online-boutique,node-a,0.3127,28.0506,0,77.9068,0.00201,34.4478,26.7086,57.7946,68.3231,114.4055,76.9359,77.7502,0.1061,0.0505,99083.45,73321.3616,cpu_stress,inventory-service,2026-06-09 14:40:00,2026-06-09 14:55:00,post_fault,1.1334792,1
2026-06-09 15:00:50,1550,EXP_FAULT_02,RUN_02,cpu_stress,1,adservice,ad-f02-09,online-boutique,node-a,0.3146,27.2062,0,76.5552,0.001915,35.3367,27.019,60.6308,77.682,103.3025,75.6135,76.4085,0.0836,0.0631,81815.4302,58265.9107,cpu_stress,inventory-service,2026-06-09 14:40:00,2026-06-09 14:55:00,post_fault,0.9504818,1
2026-06-09 15:00:55,1555,EXP_FAULT_02,RUN_02,cpu_stress,1,adservice,ad-f02-09,online-boutique,node-a,0.3074,27.0858,0,75.6814,0.001039,32.6717,25.8788,53.0707,69.0247,96.1975,74.8078,75.6028,0.0304,0.0482,66306.9219,64337.3591,cpu_stress,inventory-service,2026-06-09 14:40:00,2026-06-09 14:55:00,post_fault,0.40750128,0
2026-06-09 15:01:00,1560,EXP_FAULT_02,RUN_02,cpu_stress,1,adservice,ad-f02-09,online-boutique,node-a,0.3188,27.7067,0,75.3864,0.001309,34.7789,27.7042,56.7057,70.7365,111.4666,74.5124,75.2877,0.0487,0.05,70097.5134,58866.8194,cpu_stress,inventory-service,2026-06-09 14:40:00,2026-06-09 14:55:00,post_fault,0.9716671,1
2026-06-09 15:01:05,1565,EXP_FAULT_02,RUN_02,cpu_stress,1,adservice,ad-f02-09,online-boutique,node-a,0.3153,26.8083,0,76.6523,0.001414,33.4343,23.0026,51.7252,72.854,96.846,75.7735,76.5439,0.0583,0.0501,73576.2375,68805.5154,cpu_stress,inventory-service,2026-06-09 14:40:00,2026-06-09 14:55:00,post_fault,0.55139315,1
2026-06-09 15:01:10,1570,EXP_FAULT_02,RUN_02,cpu_stress,1,adservice,ad-f02-09,online-boutique,node-a,0.3107,27.5285,0,75.5658,0.001351,36.007,27.4269,57.2342,80.395,107.9867,74.7033,75.4636,0.0633,0.0388,81295.6291,55719.3961,cpu_stress,inventory-service,2026-06-09 14:40:00,2026-06-09 14:55:00,post_fault,1.0158007,1
2026-06-09 15:01:15,1575,EXP_FAULT_02,RUN_02,cpu_stress,1,adservice,ad-f02-09,online-boutique,node-a,0.3486,27.5443,0,78.7788,0.001085,34.9813,24.6898,59.6192,72.2319,99.7713,77.9064,78.6933,0.036,0.0494,100581.1343,61120.745,cpu_stress,inventory-service,2026-06-09 14:40:00,2026-06-09 14:55:00,post_fault,2.0460782,1
2026-06-09 15:01:20,1580,EXP_FAULT_02,RUN_02,cpu_stress,1,adservice,ad-f02-09,online-boutique,node-a,0.3243,27.4547,0,76.6315,0.001979,32.8949,24.817,58.5779,71.5867,95.361,75.7446,76.4798,0.0933,0.0583,78139.0489,68013.0603,cpu_stress,inventory-service,2026-06-09 14:40:00,2026-06-09 14:55:00,post_fault,0.73903716,1
2026-06-09 15:01:25,1585,EXP_FAULT_02,RUN_02,cpu_stress,1,adservice,ad-f02-09,online-boutique,node-a,0.2965,27.7473,0,76.0086,0.001953,30.3996,22.6937,52.3893,65.8129,99.8467,75.176,75.8601,0.091,0.0575,70153.3196,51505.1522,cpu_stress,inventory-service,2026-06-09 14:40:00,2026-06-09 14:55:00,post_fault,0.80714417,1
2026-06-09 15:01:30,1590,EXP_FAULT_02,RUN_02,cpu_stress,1,adservice,ad-f02-09,online-boutique,node-a,0.3041,27.9693,0,79.5182,0.001437,33.2983,24.5471,59.0317,74.0466,103.6798,78.6675,79.4039,0.072,0.0423,83695.151,72863.4716,cpu_stress,inventory-service,2026-06-09 14:40:00,2026-06-09 14:55:00,post_fault,0.3268444,0
2026-06-09 15:01:35,1595,EXP_FAULT_02,RUN_02,cpu_stress,1,adservice,ad-f02-09,online-boutique,node-a,0.3227,27.3636,0,77.3272,0.001504,33.5221,25.9521,59.4415,68.8717,94.1234,76.4998,77.2109,0.0664,0.0499,84507.764,69948.4437,cpu_stress,inventory-service,2026-06-09 14:40:00,2026-06-09 14:55:00,post_fault,0.66147393,1
2026-06-09 15:01:40,1600,EXP_FAULT_02,RUN_02,cpu_stress,1,adservice,ad-f02-09,online-boutique,node-a,0.2835,27.6504,0,79.5056,0.001806,33.301,24.8528,54.9179,67.9511,99.6794,78.6624,79.362,0.0958,0.0478,93214.9405,72430.8458,cpu_stress,inventory-service,2026-06-09 14:40:00,2026-06-09 14:55:00,post_fault,0.3593771,0
2026-06-09 15:01:45,1605,EXP_FAULT_02,RUN_02,cpu_stress,1,adservice,ad-f02-09,online-boutique,node-a,0.2998,27.2411,0,80.8328,0.001341,32.1733,24.5724,52.7548,70.2295,97.9068,79.9871,80.7244,0.0507,0.0577,83493.88,62126.9228,cpu_stress,inventory-service,2026-06-09 14:40:00,2026-06-09 14:55:00,post_fault,0.061913025,0
2026-06-09 15:01:50,1610,EXP_FAULT_02,RUN_02,cpu_stress,1,adservice,ad-f02-09,online-boutique,node-a,0.3292,26.92,0,80.7695,0.001358,33.4372,26.4035,57.2051,68.6683,92.0053,79.9444,80.6597,0.0624,0.0474,77565.6281,82815.8847,cpu_stress,inventory-service,2026-06-09 14:40:00,2026-06-09 14:55:00,post_fault,0.52919036,1
2026-06-09 15:01:55,1615,EXP_FAULT_02,RUN_02,cpu_stress,1,adservice,ad-f02-09,online-boutique,node-a,0.3247,27.3535,0,80.7533,0.002316,36.5447,27.1131,60.7138,77.3667,110.7124,79.87,80.5663,0.1291,0.0579,84160.197,60224.7609,cpu_stress,inventory-service,2026-06-09 14:40:00,2026-06-09 14:55:00,post_fault,1.1445291,1
2026-06-09 15:02:00,1620,EXP_FAULT_02,RUN_02,cpu_stress,1,adservice,ad-f02-09,online-boutique,node-a,0.3269,27.4822,0,84.5539,0.001828,32.1285,25.3336,54.8766,63.6044,93.4969,83.709,84.3994,0.0934,0.0611,104603.3404,87445.2756,cpu_stress,inventory-service,2026-06-09 14:40:00,2026-06-09 14:55:00,post_fault,0.14992481,0
2026-06-09 15:02:05,1625,EXP_FAULT_02,RUN_02,cpu_stress,1,adservice,ad-f02-09,online-boutique,node-a,0.3226,27.2403,0,83.2332,0.001563,38.2097,28.3027,58.6845,84.4299,111.9432,82.3955,83.1031,0.0691,0.061,96111.4387,69305.2249,cpu_stress,inventory-service,2026-06-09 14:40:00,2026-06-09 14:55:00,post_fault,1.1118077,1
2026-06-09 15:02:10,1630,EXP_FAULT_02,RUN_02,cpu_stress,1,adservice,ad-f02-09,online-boutique,node-a,0.3275,26.966,0,84.3767,0.00173,32.6743,24.5502,50.86,62.4187,88.4972,83.5222,84.2308,0.0872,0.0587,76870.8958,80135.7608,cpu_stress,inventory-service,2026-06-09 14:40:00,2026-06-09 14:55:00,post_fault,0.19097333,0
2026-06-09 15:02:15,1635,EXP_FAULT_02,RUN_02,cpu_stress,1,adservice,ad-f02-09,online-boutique,node-a,0.3411,27.8705,0,83.3892,0.00227,33.617,25.7907,52.1562,65.0521,93.3284,82.5563,83.1998,0.1266,0.0628,97447.3237,67765.2184,cpu_stress,inventory-service,2026-06-09 14:40:00,2026-06-09 14:55:00,post_fault,0.9087291,1
2026-06-09 15:02:20,1640,EXP_FAULT_02,RUN_02,cpu_stress,1,adservice,ad-f02-09,online-boutique,node-a,0.3143,27.5869,0,86.9403,0.000915,33.0042,24.9592,50.9399,71.5053,101.5372,86.1457,86.8607,0.0382,0.0413,72773.4647,83475.2963,cpu_stress,inventory-service,2026-06-09 14:40:00,2026-06-09 14:55:00,post_fault,0.041857127,0
2026-06-09 15:02:25,1645,EXP_FAULT_02,RUN_02,cpu_stress,1,adservice,ad-f02-09,online-boutique,node-a,0.3178,27.1224,0,84.9852,0.000883,31.2187,25.1739,52.4583,60.2816,96.7022,84.2093,84.9102,0.0407,0.0344,95911.1704,77999.8713,cpu_stress,inventory-service,2026-06-09 14:40:00,2026-06-09 14:55:00,post_fault,0.0081325825,0
2026-06-09 15:02:30,1650,EXP_FAULT_02,RUN_02,cpu_stress,1,adservice,ad-f02-09,online-boutique,node-a,0.3044,27.2042,0,86.1652,0.001791,34.8731,27.319,59.0904,71.1421,100.3128,85.3562,86.0109,0.1157,0.0386,89589.2492,69420.3617,cpu_stress,inventory-service,2026-06-09 14:40:00,2026-06-09 14:55:00,post_fault,0.07343204,0
2026-06-09 15:02:35,1655,EXP_FAULT_02,RUN_02,cpu_stress,1,adservice,ad-f02-09,online-boutique,node-a,0.3042,27.3142,0,83.498,0.001377,31.5532,21.7808,51.8874,67.4783,92.2722,82.7453,83.3831,0.0588,0.0562,84665.6947,77866.7836,cpu_stress,inventory-service,2026-06-09 14:40:00,2026-06-09 14:55:00,post_fault,0.0070787324,0
2026-06-09 15:02:40,1660,EXP_FAULT_02,RUN_02,cpu_stress,1,adservice,ad-f02-09,online-boutique,node-a,0.3025,27.5278,0,83.5455,0.001923,32.9137,23.4412,54.4388,70.9351,92.9204,82.7471,83.3848,0.1252,0.0354,86222.3184,73592.2668,cpu_stress,inventory-service,2026-06-09 14:40:00,2026-06-09 14:55:00,post_fault,0.09207685,0
2026-06-09 15:02:45,1665,EXP_FAULT_02,RUN_02,cpu_stress,1,adservice,ad-f02-09,online-boutique,node-a,0.3132,26.692,0,85.5071,0.001492,34.2925,24.6511,54.1803,67.2585,97.0744,84.7554,85.3795,0.0935,0.0341,100270.163,86161.297,cpu_stress,inventory-service,2026-06-09 14:40:00,2026-06-09 14:55:00,post_fault,0.12142793,0
2026-06-09 15:02:50,1670,EXP_FAULT_02,RUN_02,cpu_stress,1,adservice,ad-f02-09,online-boutique,node-a,0.31,27.3206,0,82.902,0.000936,36.2458,28.917,58.093,78.9324,105.9403,82.202,82.8243,0.0285,0.0491,86655.0151,76868.9579,cpu_stress,inventory-service,2026-06-09 14:40:00,2026-06-09 14:55:00,post_fault,0.38070405,0
2026-06-09 15:02:55,1675,EXP_FAULT_02,RUN_02,cpu_stress,1,adservice,ad-f02-09,online-boutique,node-a,0.3134,27.6087,0,85.3107,0.001762,34.5016,25.683,54.1143,68.1039,108.7104,84.5551,85.1603,0.101,0.0493,105845.7614,86538.6273,cpu_stress,inventory-service,2026-06-09 14:40:00,2026-06-09 14:55:00,post_fault,0.14471893,0
2026-06-09 15:03:00,1680,EXP_FAULT_02,RUN_02,cpu_stress,1,adservice,ad-f02-09,online-boutique,node-a,0.3202,27.9958,0,85.9049,0.002208,34.6391,25.9757,56.0431,65.609,97.6528,85.1172,85.7152,0.1362,0.0535,76409.3352,83396.7335,cpu_stress,inventory-service,2026-06-09 14:40:00,2026-06-09 14:55:00,post_fault,0.58637047,1
2026-06-09 15:03:05,1685,EXP_FAULT_02,RUN_02,cpu_stress,1,adservice,ad-f02-09,online-boutique,node-a,0.3007,27.4941,0,85.9842,0.001223,34.4971,25.5826,53.698,72.8886,105.6254,85.2595,85.879,0.0566,0.0485,88277.3039,76238.3995,cpu_stress,inventory-service,2026-06-09 14:40:00,2026-06-09 14:55:00,post_fault,0.032739073,0
2026-06-09 15:03:10,1690,EXP_FAULT_02,RUN_02,cpu_stress,1,adservice,ad-f02-09,online-boutique,node-a,0.3223,27.5536,0,86.0531,0.001859,35.4376,28.0222,61.3686,71.1736,94.8719,85.3258,85.8931,0.1033,0.0566,82789.9381,66902.0544,cpu_stress,inventory-service,2026-06-09 14:40:00,2026-06-09 14:55:00,post_fault,0.34644303,0
2026-06-09 15:03:15,1695,EXP_FAULT_02,RUN_02,cpu_stress,1,adservice,ad-f02-09,online-boutique,node-a,0.3153,27.8053,0,85.5723,0.001718,34.9319,26.8468,56.9699,67.039,94.6176,84.8353,85.4253,0.1092,0.0378,97326.2211,61521.2495,cpu_stress,inventory-service,2026-06-09 14:40:00,2026-06-09 14:55:00,post_fault,0.24259551,0
2026-06-09 15:03:20,1700,EXP_FAULT_02,RUN_02,cpu_stress,1,adservice,ad-f02-09,online-boutique,node-a,0.3353,27.7555,0,85.7404,0.001132,36.5343,28.5034,59.9938,74.0654,106.1377,85.0533,85.6433,0.0411,0.0559,76712.5651,66289.2866,cpu_stress,inventory-service,2026-06-09 14:40:00,2026-06-09 14:55:00,post_fault,1.0279325,1
2026-06-09 15:03:25,1705,EXP_FAULT_02,RUN_02,cpu_stress,1,adservice,ad-f02-09,online-boutique,node-a,0.2966,27.4155,0,83.4453,0.001669,34.5712,26.2778,58.2828,67.511,104.9053,82.7479,83.306,0.0846,0.0547,89260.9458,72976.8226,cpu_stress,inventory-service,2026-06-09 14:40:00,2026-06-09 14:55:00,post_fault,0.0769789,0
2026-06-09 15:03:30,1710,EXP_FAULT_02,RUN_02,cpu_stress,1,adservice,ad-f02-09,online-boutique,node-a,0.3277,27.8315,0,82.2034,0.00195,34.8028,27.7743,58.8061,74.5333,94.9818,81.5436,82.0432,0.1289,0.0314,95498.3076,75181.1876,cpu_stress,inventory-service,2026-06-09 14:40:00,2026-06-09 14:55:00,post_fault,0.70266324,1
2026-06-09 15:03:35,1715,EXP_FAULT_02,RUN_02,cpu_stress,1,adservice,ad-f02-09,online-boutique,node-a,0.3157,27.2063,0,83.8403,0.001872,33.8661,26.6985,51.9442,68.8674,97.2488,83.1874,83.6833,0.1245,0.0325,76160.5079,74458.5814,cpu_stress,inventory-service,2026-06-09 14:40:00,2026-06-09 14:55:00,post_fault,0.17771277,0
2026-06-09 15:03:40,1720,EXP_FAULT_02,RUN_02,cpu_stress,1,adservice,ad-f02-09,online-boutique,node-a,0.2844,28.0114,0,85.0312,0.001924,34.0916,23.772,52.3107,67.5959,98.4419,84.3316,84.8676,0.1118,0.0518,78801.7501,74200.3589,cpu_stress,inventory-service,2026-06-09 14:40:00,2026-06-09 14:55:00,post_fault,0.7975643,1
2026-06-09 15:03:45,1725,EXP_FAULT_02,RUN_02,cpu_stress,1,adservice,ad-f02-09,online-boutique,node-a,0.3056,27.0254,0,85.7124,0.001827,33.9441,25.7888,58.881,68.5487,92.8198,85.0613,85.5558,0.1131,0.0435,72130.9641,65154.756,cpu_stress,inventory-service,2026-06-09 14:40:00,2026-06-09 14:55:00,post_fault,0.056604672,0
2026-06-09 15:03:50,1730,EXP_FAULT_02,RUN_02,cpu_stress,1,adservice,ad-f02-09,online-boutique,node-a,0.3179,27.5571,0,83.4093,0.001525,37.4978,28.4809,59.4779,76.9378,110.2641,82.7947,83.2821,0.096,0.0312,98031.2547,65461.7811,cpu_stress,inventory-service,2026-06-09 14:40:00,2026-06-09 14:55:00,post_fault,0.79527867,1
2026-06-09 15:03:55,1735,EXP_FAULT_02,RUN_02,cpu_stress,1,adservice,ad-f02-09,online-boutique,node-a,0.3111,27.3891,0,84.077,0.001545,35.2628,25.5378,56.64,75.8341,101.2722,83.4446,83.9471,0.0917,0.0381,69956.5475,58462.5246,cpu_stress,inventory-service,2026-06-09 14:40:00,2026-06-09 14:55:00,post_fault,0.25110736,0
2026-06-09 15:04:00,1740,EXP_FAULT_02,RUN_02,cpu_stress,1,adservice,ad-f02-09,online-boutique,node-a,0.3076,26.9362,0,84.8852,0.001049,33.8642,27.2376,55.5094,69.5814,100.0927,84.2868,84.7962,0.0552,0.0338,106956.0462,75190.3921,cpu_stress,inventory-service,2026-06-09 14:40:00,2026-06-09 14:55:00,post_fault,0.052304786,0
2026-06-09 15:04:05,1745,EXP_FAULT_02,RUN_02,cpu_stress,1,adservice,ad-f02-09,online-boutique,node-a,0.3138,27.839,0,83.8954,0.000867,34.708,27.1705,53.6663,75.7103,94.5917,83.3039,83.8227,0.0286,0.0441,99634.5216,60586.9871,cpu_stress,inventory-service,2026-06-09 14:40:00,2026-06-09 14:55:00,post_fault,0.18619011,0
2026-06-09 15:04:10,1750,EXP_FAULT_02,RUN_02,cpu_stress,1,adservice,ad-f02-09,online-boutique,node-a,0.3005,27.4866,0,88.6532,0.00096,35.9694,27.7435,58.9856,76.1141,97.056,88.04,88.5681,0.0337,0.0515,112289.3947,78083.2067,cpu_stress,inventory-service,2026-06-09 14:40:00,2026-06-09 14:55:00,post_fault,0.025586601,0
2026-06-09 15:04:15,1755,EXP_FAULT_02,RUN_02,cpu_stress,1,adservice,ad-f02-09,online-boutique,node-a,0.3221,27.4684,0,84.7818,0.001141,32.7863,23.6329,52.5759,62.8411,92.0136,84.1731,84.6851,0.0672,0.0295,97142.6298,60112.7328,cpu_stress,inventory-service,2026-06-09 14:40:00,2026-06-09 14:55:00,post_fault,0.11207645,0
2026-06-09 15:04:20,1760,EXP_FAULT_02,RUN_02,cpu_stress,1,adservice,ad-f02-09,online-boutique,node-a,0.3335,27.9766,0,86.5352,0.002007,34.6101,25.1303,60.751,66.4618,98.353,85.894,86.3616,0.1367,0.0369,73464.4434,83541.5463,cpu_stress,inventory-service,2026-06-09 14:40:00,2026-06-09 14:55:00,post_fault,0.5714662,1
2026-06-09 15:04:25,1765,EXP_FAULT_02,RUN_02,cpu_stress,1,adservice,ad-f02-09,online-boutique,node-a,0.3311,28.0128,0,87.0474,0.00131,35.6397,28.7304,54.3996,69.5918,99.6627,86.4403,86.9334,0.0749,0.0391,101576.454,56667.315,cpu_stress,inventory-service,2026-06-09 14:40:00,2026-06-09 14:55:00,post_fault,0.6316064,1
2026-06-09 15:04:30,1770,EXP_FAULT_02,RUN_02,cpu_stress,1,adservice,ad-f02-09,online-boutique,node-a,0.3197,27.1313,0,89.2605,0.001183,34.6872,27.6923,53.0858,67.2585,93.3992,88.617,89.155,0.0544,0.0511,88555.2084,73838.691,cpu_stress,inventory-service,2026-06-09 14:40:00,2026-06-09 14:55:00,post_fault,0.0745144,0
2026-06-09 15:04:35,1775,EXP_FAULT_02,RUN_02,cpu_stress,1,adservice,ad-f02-09,online-boutique,node-a,0.3217,26.8682,0,86.5348,0.001959,33.271,23.7898,52.6096,64.3464,104.0725,85.8831,86.3653,0.1341,0.0354,86683.0035,83910.364,cpu_stress,inventory-service,2026-06-09 14:40:00,2026-06-09 14:55:00,post_fault,0.10338223,0
2026-06-09 15:04:40,1780,EXP_FAULT_02,RUN_02,cpu_stress,1,adservice,ad-f02-09,online-boutique,node-a,0.3479,27.2652,0,85.8653,0.00063,33.0197,25.807,54.8892,67.9287,94.4506,85.2876,85.8112,0.0279,0.0262,97291.1343,56479.8807,cpu_stress,inventory-service,2026-06-09 14:40:00,2026-06-09 14:55:00,post_fault,0.75799817,1
2026-06-09 15:04:45,1785,EXP_FAULT_02,RUN_02,cpu_stress,1,adservice,ad-f02-09,online-boutique,node-a,0.3109,27.1121,0,88.7536,0.000889,33.1453,23.5771,52.4621,63.4044,90.7687,88.1361,88.6747,0.0322,0.0467,88872.9208,76492.943,cpu_stress,inventory-service,2026-06-09 14:40:00,2026-06-09 14:55:00,post_fault,0.0041224184,0
2026-06-09 15:04:50,1790,EXP_FAULT_02,RUN_02,cpu_stress,1,adservice,ad-f02-09,online-boutique,node-a,0.3163,27.6457,0,89.8394,0.00121,34.3162,24.1,58.5169,65.7909,98.2374,89.2069,89.7307,0.0522,0.0565,95402.0969,77797.4598,cpu_stress,inventory-service,2026-06-09 14:40:00,2026-06-09 14:55:00,post_fault,0.041050542,0
2026-06-09 15:04:55,1795,EXP_FAULT_02,RUN_02,cpu_stress,1,adservice,ad-f02-09,online-boutique,node-a,0.3004,27.0866,0,90.9472,0.001406,36.7938,29.3003,58.4567,74.4901,102.6512,90.3057,90.8193,0.0976,0.0303,94871.6758,68452.9588,cpu_stress,inventory-service,2026-06-09 14:40:00,2026-06-09 14:55:00,post_fault,0.028234249,0
2026-06-09 15:10:00,0,EXP_FAULT_03,RUN_03,memory_stress,1,adservice,ad-f03-09,online-boutique,node-a,0.3117,26.3873,0,81.7137,0.001436,31.0083,21.7345,45.7203,56.3099,78.9909,81.6441,81.5963,0.11,0.0074,98502.7634,81812.1008,memory_stress,checkoutservice,2026-06-09 15:15:00,2026-06-09 15:30:00,pre_fault,0.027426366,0
2026-06-09 15:10:05,5,EXP_FAULT_03,RUN_03,memory_stress,1,adservice,ad-f03-09,online-boutique,node-a,0.3103,26.7179,0,82.262,0.000713,29.0054,23.4273,45.8902,56.038,82.5815,82.2333,82.2034,0.0376,0.0211,71094.9094,70308.4325,memory_stress,checkoutservice,2026-06-09 15:15:00,2026-06-09 15:30:00,pre_fault,0.0035478168,0
2026-06-09 15:10:10,10,EXP_FAULT_03,RUN_03,memory_stress,1,adservice,ad-f03-09,online-boutique,node-a,0.2994,27.3418,0,81.4238,0.001129,34.4475,25.9493,56.3837,68.7718,90.0649,81.3845,81.3319,0.0861,0.0058,84958.2783,83064.6006,memory_stress,checkoutservice,2026-06-09 15:15:00,2026-06-09 15:30:00,pre_fault,0.14670585,0
2026-06-09 15:10:15,15,EXP_FAULT_03,RUN_03,memory_stress,1,adservice,ad-f03-09,online-boutique,node-a,0.3316,26.8254,0,80.0312,0.001625,33.4683,26.4512,49.3239,66.3379,94.0323,79.968,79.9011,0.1135,0.0165,80103.4518,80467.1788,memory_stress,checkoutservice,2026-06-09 15:15:00,2026-06-09 15:30:00,pre_fault,0.6778464,1
2026-06-09 15:10:20,20,EXP_FAULT_03,RUN_03,memory_stress,1,adservice,ad-f03-09,online-boutique,node-a,0.2976,27.3817,0,82.3213,0.000972,34.1341,25.8613,56.496,60.2794,87.8465,82.2665,82.2413,0.0521,0.0279,98332.692,60839.1953,memory_stress,checkoutservice,2026-06-09 15:15:00,2026-06-09 15:30:00,pre_fault,0.08674848,0
2026-06-09 15:10:25,25,EXP_FAULT_03,RUN_03,memory_stress,1,adservice,ad-f03-09,online-boutique,node-a,0.3068,26.8698,0,79.703,0.000635,32.0096,23.5095,54.3334,62.8778,90.6567,79.6692,79.6524,0.0266,0.024,87553.0161,67598.8431,memory_stress,checkoutservice,2026-06-09 15:15:00,2026-06-09 15:30:00,pre_fault,0.118618,0
2026-06-09 15:10:30,30,EXP_FAULT_03,RUN_03,memory_stress,1,adservice,ad-f03-09,online-boutique,node-a,0.3061,26.7108,0,78.6727,0.000975,31.358,22.2033,45.5051,59.9542,87.8657,78.6388,78.596,0.0526,0.0241,89777.0961,56462.5545,memory_stress,checkoutservice,2026-06-09 15:15:00,2026-06-09 15:30:00,pre_fault,0.12134989,0
2026-06-09 15:10:35,35,EXP_FAULT_03,RUN_03,memory_stress,1,adservice,ad-f03-09,online-boutique,node-a,0.3214,26.8022,0,82.1976,0.001167,29.3686,21.1033,47.7867,57.8917,78.5788,82.1366,82.1017,0.081,0.0149,85307.4983,76632.7587,memory_stress,checkoutservice,2026-06-09 15:15:00,2026-06-09 15:30:00,pre_fault,0.014995374,0
2026-06-09 15:10:40,40,EXP_FAULT_03,RUN_03,memory_stress,1,adservice,ad-f03-09,online-boutique,node-a,0.3092,26.8653,0,78.7004,0.001338,33.3317,23.8194,50.7762,61.638,83.3262,78.6565,78.595,0.1016,0.0038,91468.3915,75649.8809,memory_stress,checkoutservice,2026-06-09 15:15:00,2026-06-09 15:30:00,pre_fault,0.29591566,0
2026-06-09 15:10:45,45,EXP_FAULT_03,RUN_03,memory_stress,1,adservice,ad-f03-09,online-boutique,node-a,0.2946,26.8864,0,77.021,0.000604,31.2938,24.9072,45.9795,63.2305,88.7861,76.9895,76.9744,0.0352,0.0114,88585.2393,74496.8689,memory_stress,checkoutservice,2026-06-09 15:15:00,2026-06-09 15:30:00,pre_fault,0.11166898,0
2026-06-09 15:10:50,50,EXP_FAULT_03,RUN_03,memory_stress,1,adservice,ad-f03-09,online-boutique,node-a,0.3193,26.7008,0,77.7588,0.001206,33.2892,24.5671,52.0884,64.3967,80.242,77.7145,77.6651,0.0782,0.0156,90830.9757,75153.0254,memory_stress,checkoutservice,2026-06-09 15:15:00,2026-06-09 15:30:00,pre_fault,0.5073611,1
2026-06-09 15:10:55,55,EXP_FAULT_03,RUN_03,memory_stress,1,adservice,ad-f03-09,online-boutique,node-a,0.305,27.1778,0,78.4294,0.001069,31.7725,22.2913,52.1206,56.3809,84.4636,78.3844,78.3456,0.0781,0.0058,99978.0241,71802.7734,memory_stress,checkoutservice,2026-06-09 15:15:00,2026-06-09 15:30:00,pre_fault,0.13938239,0
2026-06-09 15:11:00,60,EXP_FAULT_03,RUN_03,memory_stress,1,adservice,ad-f03-09,online-boutique,node-a,0.3278,26.9751,0,78.0306,0.000827,30.2177,21.2553,46.6948,54.868,73.2986,78.0008,77.9661,0.0506,0.0139,87938.0802,73288.5984,memory_stress,checkoutservice,2026-06-09 15:15:00,2026-06-09 15:30:00,pre_fault,0.30195022,0
2026-06-09 15:11:05,65,EXP_FAULT_03,RUN_03,memory_stress,1,adservice,ad-f03-09,online-boutique,node-a,0.3004,27.1595,0,75.7383,0.000741,29.694,23.6643,49.2582,59.85,71.2151,75.6999,75.6822,0.0402,0.0159,71966.586,55598.5517,memory_stress,checkoutservice,2026-06-09 15:15:00,2026-06-09 15:30:00,pre_fault,0.10480136,0
2026-06-09 15:11:10,70,EXP_FAULT_03,RUN_03,memory_stress,1,adservice,ad-f03-09,online-boutique,node-a,0.3135,26.7991,0,75.7727,0.000939,30.2378,21.5763,49.4561,57.9868,82.8138,75.7245,75.7015,0.062,0.0092,85557.0016,70724.9461,memory_stress,checkoutservice,2026-06-09 15:15:00,2026-06-09 15:30:00,pre_fault,0.2271959,0
2026-06-09 15:11:15,75,EXP_FAULT_03,RUN_03,memory_stress,1,adservice,ad-f03-09,online-boutique,node-a,0.3006,27.027,0,74.6867,0.00148,31.9708,24.1098,51.7227,61.9431,87.7163,74.6189,74.5761,0.1051,0.0054,65601.5018,50314.1163,memory_stress,checkoutservice,2026-06-09 15:15:00,2026-06-09 15:30:00,pre_fault,0.34971848,0
2026-06-09 15:11:20,80,EXP_FAULT_03,RUN_03,memory_stress,1,adservice,ad-f03-09,online-boutique,node-a,0.3118,26.5923,0,74.7454,0.0006,32.2113,25.5246,50.0255,61.808,76.2914,74.7232,74.7005,0.0389,0.0059,86776.9295,68985.5615,memory_stress,checkoutservice,2026-06-09 15:15:00,2026-06-09 15:30:00,pre_fault,0.4864356,1
2026-06-09 15:11:25,85,EXP_FAULT_03,RUN_03,memory_stress,1,adservice,ad-f03-09,online-boutique,node-a,0.3256,27.1458,0,74.0417,0.000508,31.2903,24.8293,52.3628,61.3582,88.5491,74.0218,74.0041,0.035,0.0026,94056.263,55463.8135,memory_stress,checkoutservice,2026-06-09 15:15:00,2026-06-09 15:30:00,pre_fault,0.75697386,1
2026-06-09 15:11:30,90,EXP_FAULT_03,RUN_03,memory_stress,1,adservice,ad-f03-09,online-boutique,node-a,0.2954,27.2499,0,79.3854,0.000993,34.2412,25.8182,54.2776,67.2247,92.282,79.3347,79.3066,0.0656,0.0132,74585.3494,51683.9335,memory_stress,checkoutservice,2026-06-09 15:15:00,2026-06-09 15:30:00,pre_fault,0.20251337,0
2026-06-09 15:11:35,95,EXP_FAULT_03,RUN_03,memory_stress,1,adservice,ad-f03-09,online-boutique,node-a,0.3189,27.6547,0,75.9779,0.00153,34.3355,28.1073,54.9118,65.6191,80.7177,75.909,75.8617,0.1045,0.0117,88017.5982,78928.5251,memory_stress,checkoutservice,2026-06-09 15:15:00,2026-06-09 15:30:00,pre_fault,0.8821541,1
2026-06-09 15:11:40,100,EXP_FAULT_03,RUN_03,memory_stress,1,adservice,ad-f03-09,online-boutique,node-a,0.3135,26.649,0,75.3106,0.000476,31.828,24.4861,47.111,61.0126,85.5831,75.2909,75.2748,0.0232,0.0126,82634.3915,61494.8744,memory_stress,checkoutservice,2026-06-09 15:15:00,2026-06-09 15:30:00,pre_fault,0.43608874,1
2026-06-09 15:11:45,105,EXP_FAULT_03,RUN_03,memory_stress,1,adservice,ad-f03-09,online-boutique,node-a,0.2996,27.3556,0,77.7698,0.000913,30.8246,21.9564,48.9117,57.1244,73.8437,77.7249,77.6988,0.0605,0.0105,91306.0283,78511.8272,memory_stress,checkoutservice,2026-06-09 15:15:00,2026-06-09 15:30:00,pre_fault,0.066385634,0
2026-06-09 15:11:50,110,EXP_FAULT_03,RUN_03,memory_stress,1,adservice,ad-f03-09,online-boutique,node-a,0.3177,27.2409,0,76.3032,0.001193,32.1876,24.1902,48.1572,65.4479,88.5645,76.2625,76.2121,0.0821,0.009,85930.7318,70889.0802,memory_stress,checkoutservice,2026-06-09 15:15:00,2026-06-09 15:30:00,pre_fault,0.4295505,0
2026-06-09 15:11:55,115,EXP_FAULT_03,RUN_03,memory_stress,1,adservice,ad-f03-09,online-boutique,node-a,0.3323,26.8211,0,77.1216,0.000983,30.9906,23.0646,45.1277,58.5454,84.3943,77.0703,77.0458,0.0591,0.0167,66339.1107,79725.4521,memory_stress,checkoutservice,2026-06-09 15:15:00,2026-06-09 15:30:00,pre_fault,0.50500506,1
2026-06-09 15:12:00,120,EXP_FAULT_03,RUN_03,memory_stress,1,adservice,ad-f03-09,online-boutique,node-a,0.3124,26.8938,0,80.5689,0.001272,31.6011,22.4804,49.3741,59.1956,76.7789,80.5156,80.4664,0.1001,0.0024,96427.061,79551.8798,memory_stress,checkoutservice,2026-06-09 15:15:00,2026-06-09 15:30:00,pre_fault,0.09291416,0
2026-06-09 15:12:05,125,EXP_FAULT_03,RUN_03,memory_stress,1,adservice,ad-f03-09,online-boutique,node-a,0.3159,27.1728,0,80.5547,0.001308,31.4732,22.2704,45.733,62.0862,78.1615,80.5096,80.4493,0.093,0.0124,89215.6139,68356.8485,memory_stress,checkoutservice,2026-06-09 15:15:00,2026-06-09 15:30:00,pre_fault,0.09881645,0
2026-06-09 15:12:10,130,EXP_FAULT_03,RUN_03,memory_stress,1,adservice,ad-f03-09,online-boutique,node-a,0.3073,27.5473,0,81.0915,0.001353,32.9704,26.9708,51.7675,58.4097,83.9545,81.0178,80.9818,0.0873,0.0224,75605.9464,68469.3347,memory_stress,checkoutservice,2026-06-09 15:15:00,2026-06-09 15:30:00,pre_fault,0.11332413,0
2026-06-09 15:12:15,135,EXP_FAULT_03,RUN_03,memory_stress,1,adservice,ad-f03-09,online-boutique,node-a,0.3218,26.1216,0,79.6457,0.0005,32.6619,25.2154,48.4367,60.9847,78.2685,79.6189,79.6059,0.0264,0.0134,97596.6434,81880.8855,memory_stress,checkoutservice,2026-06-09 15:15:00,2026-06-09 15:30:00,pre_fault,0.3499257,0
2026-06-09 15:12:20,140,EXP_FAULT_03,RUN_03,memory_stress,1,adservice,ad-f03-09,online-boutique,node-a,0.2956,26.6178,0,80.0993,0.00092,30.8613,22.9614,44.7514,58.7524,80.1378,80.065,80.0256,0.0707,0.003,90270.2603,62705.924,memory_stress,checkoutservice,2026-06-09 15:15:00,2026-06-09 15:30:00,pre_fault,0.02666105,0
2026-06-09 15:12:25,145,EXP_FAULT_03,RUN_03,memory_stress,1,adservice,ad-f03-09,online-boutique,node-a,0.3122,26.9261,0,83.2441,0.001668,33.4128,26.0004,52.3507,59.2938,85.9447,83.1456,83.1053,0.1295,0.0094,98881.1264,72557.1829,memory_stress,checkoutservice,2026-06-09 15:15:00,2026-06-09 15:30:00,pre_fault,0.13447143,0
2026-06-09 15:12:30,150,EXP_FAULT_03,RUN_03,memory_stress,1,adservice,ad-f03-09,online-boutique,node-a,0.321,27.1075,0,81.4193,0.000908,31.2727,25.5168,49.8136,55.5398,77.922,81.3667,81.3454,0.0534,0.0205,81154.6402,80400.2551,memory_stress,checkoutservice,2026-06-09 15:15:00,2026-06-09 15:30:00,pre_fault,0.112810455,0
2026-06-09 15:12:35,155,EXP_FAULT_03,RUN_03,memory_stress,1,adservice,ad-f03-09,online-boutique,node-a,0.3128,27.0993,0,80.8684,0.001043,32.603,26.1175,49.757,62.221,88.7829,80.8241,80.784,0.0653,0.019,81104.421,70776.6046,memory_stress,checkoutservice,2026-06-09 15:15:00,2026-06-09 15:30:00,pre_fault,0.15942582,0
2026-06-09 15:12:40,160,EXP_FAULT_03,RUN_03,memory_stress,1,adservice,ad-f03-09,online-boutique,node-a,0.3134,27.2812,0,82.0093,0.000736,33.2739,26.665,56.484,63.408,82.7066,81.974,81.9489,0.0514,0.009,90752.0406,53905.3701,memory_stress,checkoutservice,2026-06-09 15:15:00,2026-06-09 15:30:00,pre_fault,0.14648405,0
2026-06-09 15:12:45,165,EXP_FAULT_03,RUN_03,memory_stress,1,adservice,ad-f03-09,online-boutique,node-a,0.306,27.3106,0,82.3188,0.00135,33.6961,23.8873,55.4513,62.3719,82.4971,82.2402,82.2076,0.096,0.0151,97006.8917,78950.2527,memory_stress,checkoutservice,2026-06-09 15:15:00,2026-06-09 15:30:00,pre_fault,0.1201738,0
2026-06-09 15:12:50,170,EXP_FAULT_03,RUN_03,memory_stress,1,adservice,ad-f03-09,online-boutique,node-a,0.3301,27.0921,0,84.0222,0.00072,32.049,25.5421,52.948,64.4536,87.8749,83.9962,83.9617,0.0545,0.006,96073.2443,76959.261,memory_stress,checkoutservice,2026-06-09 15:15:00,2026-06-09 15:30:00,pre_fault,0.21057275,0
2026-06-09 15:12:55,175,EXP_FAULT_03,RUN_03,memory_stress,1,adservice,ad-f03-09,online-boutique,node-a,0.32,26.8284,0,83.8279,0.001762,34.1608,23.9894,52.8085,60.0716,81.926,83.7734,83.6802,0.1281,0.0196,87066.9488,75139.4698,memory_stress,checkoutservice,2026-06-09 15:15:00,2026-06-09 15:30:00,pre_fault,0.29064947,0
2026-06-09 15:13:00,180,EXP_FAULT_03,RUN_03,memory_stress,1,adservice,ad-f03-09,online-boutique,node-a,0.3264,26.7395,0,86.7006,0.001579,31.1095,22.588,52.7465,61.398,74.8324,86.6502,86.5637,0.1094,0.0275,109698.7782,61751.7524,memory_stress,checkoutservice,2026-06-09 15:15:00,2026-06-09 15:30:00,pre_fault,0.023015713,0
2026-06-09 15:13:05,185,EXP_FAULT_03,RUN_03,memory_stress,1,adservice,ad-f03-09,online-boutique,node-a,0.3031,26.8923,0,85.217,0.001841,33.3671,24.7346,49.8426,66.9873,93.1406,85.1583,85.0601,0.1354,0.0215,74030.7249,62374.8784,memory_stress,checkoutservice,2026-06-09 15:15:00,2026-06-09 15:30:00,pre_fault,0.028578574,0
2026-06-09 15:13:10,190,EXP_FAULT_03,RUN_03,memory_stress,1,adservice,ad-f03-09,online-boutique,node-a,0.3229,26.6721,0,84.7028,0.001443,35.0685,25.6762,56.9339,63.2933,84.6331,84.6255,84.5806,0.1032,0.019,106044.1194,80482.26,memory_stress,checkoutservice,2026-06-09 15:15:00,2026-06-09 15:30:00,pre_fault,0.38550037,0
2026-06-09 15:13:15,195,EXP_FAULT_03,RUN_03,memory_stress,1,adservice,ad-f03-09,online-boutique,node-a,0.3373,27.3248,0,85.3719,0.000898,29.9896,22.1479,48.8414,56.5811,83.1736,85.3362,85.2952,0.0567,0.0199,85046.7078,57694.3603,memory_stress,checkoutservice,2026-06-09 15:15:00,2026-06-09 15:30:00,pre_fault,0.11050353,0
2026-06-09 15:13:20,200,EXP_FAULT_03,RUN_03,memory_stress,1,adservice,ad-f03-09,online-boutique,node-a,0.3334,27.8438,0,83.6062,0.000833,33.0481,24.443,49.8961,60.5311,85.1084,83.5629,83.5365,0.0552,0.0144,83686.5262,80927.347,memory_stress,checkoutservice,2026-06-09 15:15:00,2026-06-09 15:30:00,pre_fault,0.50878274,1
2026-06-09 15:13:25,205,EXP_FAULT_03,RUN_03,memory_stress,1,adservice,ad-f03-09,online-boutique,node-a,0.3029,26.9667,0,84.454,0.001513,30.0522,21.0618,43.9388,55.7538,73.9995,84.4006,84.3262,0.117,0.0108,107830.9938,68224.3663,memory_stress,checkoutservice,2026-06-09 15:15:00,2026-06-09 15:30:00,pre_fault,0.036281534,0
2026-06-09 15:13:30,210,EXP_FAULT_03,RUN_03,memory_stress,1,adservice,ad-f03-09,online-boutique,node-a,0.2942,26.8322,0,83.7979,0.000691,32.8761,25.5112,48.318,60.7422,91.5785,83.7659,83.74,0.0331,0.0248,87007.2628,70762.1027,memory_stress,checkoutservice,2026-06-09 15:15:00,2026-06-09 15:30:00,pre_fault,0.010360155,0
2026-06-09 15:13:35,215,EXP_FAULT_03,RUN_03,memory_stress,1,adservice,ad-f03-09,online-boutique,node-a,0.3147,27.3887,0,82.349,0.0013,33.6907,24.2743,52.1584,62.5259,82.5485,82.2966,82.242,0.0909,0.0161,101405.8934,81925.8987,memory_stress,checkoutservice,2026-06-09 15:15:00,2026-06-09 15:30:00,pre_fault,0.19289827,0
2026-06-09 15:13:40,220,EXP_FAULT_03,RUN_03,memory_stress,1,adservice,ad-f03-09,online-boutique,node-a,0.3228,27.4001,0,83.4827,0.000595,30.1208,24.1607,50.189,58.5087,84.0123,83.4492,83.433,0.0494,0.0003,94975.9302,61070.5898,memory_stress,checkoutservice,2026-06-09 15:15:00,2026-06-09 15:30:00,pre_fault,0.05047968,0
2026-06-09 15:13:45,225,EXP_FAULT_03,RUN_03,memory_stress,1,adservice,ad-f03-09,online-boutique,node-a,0.3034,27.0683,0,79.8746,0.000767,32.2872,25.9352,49.6616,64.7922,78.0331,79.8326,79.8134,0.0502,0.0111,91725.3701,64892.473,memory_stress,checkoutservice,2026-06-09 15:15:00,2026-06-09 15:30:00,pre_fault,0.11961057,0
2026-06-09 15:13:50,230,EXP_FAULT_03,RUN_03,memory_stress,1,adservice,ad-f03-09,online-boutique,node-a,0.2974,27.2595,0,83.4765,0.001384,31.2664,24.8243,47.7191,62.1797,75.785,83.4154,83.361,0.115,0.0006,106207.5287,60191.2638,memory_stress,checkoutservice,2026-06-09 15:15:00,2026-06-09 15:30:00,pre_fault,0.006655904,0
2026-06-09 15:13:55,235,EXP_FAULT_03,RUN_03,memory_stress,1,adservice,ad-f03-09,online-boutique,node-a,0.3134,26.9399,0,85.0447,0.001803,31.0107,23.9084,50.5778,59.7671,74.9749,84.9517,84.8913,0.128,0.0254,70339.5611,82494.6397,memory_stress,checkoutservice,2026-06-09 15:15:00,2026-06-09 15:30:00,pre_fault,0.011861393,0
2026-06-09 15:14:00,240,EXP_FAULT_03,RUN_03,memory_stress,1,adservice,ad-f03-09,online-boutique,node-a,0.3155,26.515,0,80.9135,0.001629,31.215,23.3674,50.2153,62.4234,86.373,80.8374,80.7817,0.1118,0.02,91889.365,79875.2006,memory_stress,checkoutservice,2026-06-09 15:15:00,2026-06-09 15:30:00,pre_fault,0.0813965,0
2026-06-09 15:14:05,245,EXP_FAULT_03,RUN_03,memory_stress,1,adservice,ad-f03-09,online-boutique,node-a,0.324,27.0656,0,81.5918,0.001063,32.8948,25.8468,51.5675,61.4112,80.4593,81.5386,81.5051,0.0683,0.0185,72224.4309,53983.2372,memory_stress,checkoutservice,2026-06-09 15:15:00,2026-06-09 15:30:00,pre_fault,0.28008014,0
2026-06-09 15:14:10,250,EXP_FAULT_03,RUN_03,memory_stress,1,adservice,ad-f03-09,online-boutique,node-a,0.3115,27.5634,0,82.8739,0.000747,34.2415,27.7737,52.266,61.9354,87.3173,82.8384,82.812,0.0535,0.0084,89096.8571,75872.8223,memory_stress,checkoutservice,2026-06-09 15:15:00,2026-06-09 15:30:00,pre_fault,0.16047835,0
2026-06-09 15:14:15,255,EXP_FAULT_03,RUN_03,memory_stress,1,adservice,ad-f03-09,online-boutique,node-a,0.3135,27.1247,0,84.3064,0.001241,30.4426,22.1748,48.4559,60.9306,75.3647,84.2424,84.2018,0.0822,0.0224,80637.5496,77244.9835,memory_stress,checkoutservice,2026-06-09 15:15:00,2026-06-09 15:30:00,pre_fault,0.00730393,0
2026-06-09 15:14:20,260,EXP_FAULT_03,RUN_03,memory_stress,1,adservice,ad-f03-09,online-boutique,node-a,0.3182,26.9374,0,84.5444,0.001577,32.3005,24.6382,47.7296,61.5485,80.6116,84.4633,84.4111,0.1183,0.015,91248.6221,82246.1793,memory_stress,checkoutservice,2026-06-09 15:15:00,2026-06-09 15:30:00,pre_fault,0.06778295,0
2026-06-09 15:14:25,265,EXP_FAULT_03,RUN_03,memory_stress,1,adservice,ad-f03-09,online-boutique,node-a,0.3167,27.2301,0,81.0261,0.001674,30.8727,22.9186,51.172,55.9031,73.2304,80.9458,80.8905,0.1117,0.0239,71457.2378,79182.1716,memory_stress,checkoutservice,2026-06-09 15:15:00,2026-06-09 15:30:00,pre_fault,0.06539543,0
2026-06-09 15:14:30,270,EXP_FAULT_03,RUN_03,memory_stress,1,adservice,ad-f03-09,online-boutique,node-a,0.3187,27.1837,0,83.3798,0.000988,33.0967,25.1845,49.0038,64.9987,83.3446,83.3302,83.2974,0.0755,0.0069,86432.6056,61565.1512,memory_stress,checkoutservice,2026-06-09 15:15:00,2026-06-09 15:30:00,pre_fault,0.13678543,0
2026-06-09 15:14:35,275,EXP_FAULT_03,RUN_03,memory_stress,1,adservice,ad-f03-09,online-boutique,node-a,0.316,26.9042,0,84.6768,0.001027,29.6683,22.2111,47.6946,60.1945,72.6708,84.6266,84.5898,0.0748,0.0122,78188.9456,74318.5086,memory_stress,checkoutservice,2026-06-09 15:15:00,2026-06-09 15:30:00,pre_fault,0.0087428205,0
2026-06-09 15:14:40,280,EXP_FAULT_03,RUN_03,memory_stress,1,adservice,ad-f03-09,online-boutique,node-a,0.3315,27.5265,0,86.1692,0.000529,32.0751,25.8989,53.692,60.9281,79.2326,86.1476,86.1236,0.024,0.0215,93104.8119,71292.2178,memory_stress,checkoutservice,2026-06-09 15:15:00,2026-06-09 15:30:00,pre_fault,0.18224981,0
2026-06-09 15:14:45,285,EXP_FAULT_03,RUN_03,memory_stress,1,adservice,ad-f03-09,online-boutique,node-a,0.3158,26.9139,0,86.2302,0.000839,31.6948,25.7135,48.4307,55.8185,88.0865,86.2036,86.1579,0.0708,0.0016,109085.6203,58446.0044,memory_stress,checkoutservice,2026-06-09 15:15:00,2026-06-09 15:30:00,pre_fault,0.0020468615,0
2026-06-09 15:14:50,290,EXP_FAULT_03,RUN_03,memory_stress,1,adservice,ad-f03-09,online-boutique,node-a,0.3291,27.5332,0,85.7427,0.000596,32.0579,25.5296,48.4124,57.1916,87.837,85.7214,85.6915,0.0323,0.0188,80831.0741,86119.8526,memory_stress,checkoutservice,2026-06-09 15:15:00,2026-06-09 15:30:00,pre_fault,0.15353209,0
2026-06-09 15:14:55,295,EXP_FAULT_03,RUN_03,memory_stress,1,adservice,ad-f03-09,online-boutique,node-a,0.3037,27.3602,0,88.6501,0.000674,31.3502,21.9489,51.0789,59.2658,79.4779,88.6085,88.5903,0.0508,0.0089,78790.8786,61170.2829,memory_stress,checkoutservice,2026-06-09 15:15:00,2026-06-09 15:30:00,pre_fault,0.1180071,0
2026-06-09 15:15:00,300,EXP_FAULT_03,RUN_03,memory_stress,1,adservice,ad-f03-09,online-boutique,node-a,0.3336,27.0843,0,88.257,0.00423,44.1163,29.3493,79.548,116.1827,186.7826,83.3513,87.8837,0.1279,0.2454,72441.2849,69321.2966,memory_stress,checkoutservice,2026-06-09 15:15:00,2026-06-09 15:30:00,during_fault,4.033088,1
2026-06-09 15:15:05,305,EXP_FAULT_03,RUN_03,memory_stress,1,adservice,ad-f03-09,online-boutique,node-a,0.3219,27.2321,0,89.6308,0.003494,44.9366,30.302,93.5545,127.2152,190.6293,84.6855,89.3176,0.0832,0.23,112747.2271,74147.7213,memory_stress,checkoutservice,2026-06-09 15:15:00,2026-06-09 15:30:00,during_fault,3.132052,1
2026-06-09 15:15:10,310,EXP_FAULT_03,RUN_03,memory_stress,1,adservice,ad-f03-09,online-boutique,node-a,0.3285,27.2015,0,90.1014,0.003006,40.5465,30.0082,83.3177,101.7716,179.4883,85.1748,89.8306,0.045,0.2258,78336.0115,67410.8983,memory_stress,checkoutservice,2026-06-09 15:15:00,2026-06-09 15:30:00,during_fault,1.5371981,1
2026-06-09 15:15:15,315,EXP_FAULT_03,RUN_03,memory_stress,1,adservice,ad-f03-09,online-boutique,node-a,0.3295,26.9946,0,92.9269,0.002782,44.8957,31.4873,85.5088,127.019,185.0878,87.9028,92.6684,0.0236,0.2349,118846.8894,94671.8658,memory_stress,checkoutservice,2026-06-09 15:15:00,2026-06-09 15:30:00,during_fault,2.5771523,1
2026-06-09 15:15:20,320,EXP_FAULT_03,RUN_03,memory_stress,1,adservice,ad-f03-09,online-boutique,node-a,0.3144,27.2697,0,91.9228,0.003541,43.2276,32.3502,76.7686,115.4466,174.2447,86.9803,91.5973,0.0805,0.245,90481.209,70648.8011,memory_stress,checkoutservice,2026-06-09 15:15:00,2026-06-09 15:30:00,during_fault,1.8917993,1
2026-06-09 15:15:25,325,EXP_FAULT_03,RUN_03,memory_stress,1,adservice,ad-f03-09,online-boutique,node-a,0.3187,26.9017,0,92.4213,0.003594,41.9006,28.2892,79.4735,104.3191,181.711,87.5361,92.0891,0.1108,0.2214,90204.0465,65862.4893,memory_stress,checkoutservice,2026-06-09 15:15:00,2026-06-09 15:30:00,during_fault,1.5068343,1
2026-06-09 15:15:30,330,EXP_FAULT_03,RUN_03,memory_stress,1,adservice,ad-f03-09,online-boutique,node-a,0.3081,27.0826,0,91.9534,0.003023,44.4679,33.5568,79.0742,121.7381,193.8678,87.2112,91.6755,0.0558,0.2222,83213.6436,64972.4806,memory_stress,checkoutservice,2026-06-09 15:15:00,2026-06-09 15:30:00,during_fault,1.7538669,1
2026-06-09 15:15:35,335,EXP_FAULT_03,RUN_03,memory_stress,1,adservice,ad-f03-09,online-boutique,node-a,0.317,27.5914,0,93.2562,0.003492,41.0862,26.7433,82.1794,110.3284,159.1646,88.521,92.9306,0.1042,0.2214,83551.6787,85734.1812,memory_stress,checkoutservice,2026-06-09 15:15:00,2026-06-09 15:30:00,during_fault,1.4167707,1
2026-06-09 15:15:40,340,EXP_FAULT_03,RUN_03,memory_stress,1,adservice,ad-f03-09,online-boutique,node-a,0.3273,27.2947,0,94.5206,0.003648,40.7281,30.1553,72.8504,110.1346,183.8033,89.8718,94.1758,0.1221,0.2227,100311.3449,96064.7711,memory_stress,checkoutservice,2026-06-09 15:15:00,2026-06-09 15:30:00,during_fault,1.3889829,1
2026-06-09 15:15:45,345,EXP_FAULT_03,RUN_03,memory_stress,1,adservice,ad-f03-09,online-boutique,node-a,0.3286,26.951,0,94.9637,0.0033,41.9757,30.8141,73.5108,102.1468,176.6679,90.4197,94.6504,0.0903,0.2231,100853.1627,75240.1637,memory_stress,checkoutservice,2026-06-09 15:15:00,2026-06-09 15:30:00,during_fault,1.5021336,1
2026-06-09 15:15:50,350,EXP_FAULT_03,RUN_03,memory_stress,1,adservice,ad-f03-09,online-boutique,node-a,0.3328,26.826,0,92.4486,0.002984,38.6659,28.6767,72.7409,105.0383,142.3782,88.1932,92.1727,0.0831,0.1928,90977.8475,73673.6268,memory_stress,checkoutservice,2026-06-09 15:15:00,2026-06-09 15:30:00,during_fault,0.92091715,1
2026-06-09 15:15:55,355,EXP_FAULT_03,RUN_03,memory_stress,1,adservice,ad-f03-09,online-boutique,node-a,0.3082,27.1268,0,94.3448,0.002652,38.6473,29.1114,77.2516,104.5622,157.5375,90.1591,94.0946,0.0574,0.1928,119096.0507,78977.7546,memory_stress,checkoutservice,2026-06-09 15:15:00,2026-06-09 15:30:00,during_fault,0.23674378,0
2026-06-09 15:16:00,360,EXP_FAULT_03,RUN_03,memory_stress,1,adservice,ad-f03-09,online-boutique,node-a,0.3472,27.2672,0,98.1708,0.003007,43.4167,32.1348,86.8202,106.0033,159.5044,93.9553,97.8755,0.0866,0.2087,115645.1054,94260.9306,memory_stress,checkoutservice,2026-06-09 15:15:00,2026-06-09 15:30:00,during_fault,2.2172167,1
2026-06-09 15:16:05,365,EXP_FAULT_03,RUN_03,memory_stress,1,adservice,ad-f03-09,online-boutique,node-a,0.3203,27.2778,0,92.795,0.002496,43.916,33.2259,83.2616,107.1254,184.7232,88.9687,92.5634,0.0516,0.18,115510.6254,92726.041,memory_stress,checkoutservice,2026-06-09 15:15:00,2026-06-09 15:30:00,during_fault,1.7753519,1
2026-06-09 15:16:10,370,EXP_FAULT_03,RUN_03,memory_stress,1,adservice,ad-f03-09,online-boutique,node-a,0.3451,26.7467,0,93.7953,0.003377,36.0191,25.0821,62.5728,85.8078,141.6151,90.0262,93.4785,0.1413,0.1754,103875.7934,87470.8102,memory_stress,checkoutservice,2026-06-09 15:15:00,2026-06-09 15:30:00,during_fault,0.8034441,1
2026-06-09 15:16:15,375,EXP_FAULT_03,RUN_03,memory_stress,1,adservice,ad-f03-09,online-boutique,node-a,0.3061,27.4243,0,96.8314,0.002889,40.8882,27.9793,78.3729,95.9191,162.2584,93.1417,96.5517,0.0906,0.1891,85620.9231,70835.2689,memory_stress,checkoutservice,2026-06-09 15:15:00,2026-06-09 15:30:00,during_fault,0.56363326,1
2026-06-09 15:16:20,380,EXP_FAULT_03,RUN_03,memory_stress,1,adservice,ad-f03-09,online-boutique,node-a,0.3093,26.8877,0,95.9274,0.002715,39.6165,28.0636,67.2542,92.1025,136.5643,92.4293,95.667,0.0905,0.17,84899.4017,88745.5997,memory_stress,checkoutservice,2026-06-09 15:15:00,2026-06-09 15:30:00,during_fault,0.2832529,0
2026-06-09 15:16:25,385,EXP_FAULT_03,RUN_03,memory_stress,1,adservice,ad-f03-09,online-boutique,node-a,0.3193,27.0347,0,94.2871,0.003232,41.8077,29.9171,73.3751,102.2021,151.3444,90.9422,93.9823,0.1404,0.1643,95666.9739,67462.2129,memory_stress,checkoutservice,2026-06-09 15:15:00,2026-06-09 15:30:00,during_fault,1.2147076,1
2026-06-09 15:16:30,390,EXP_FAULT_03,RUN_03,memory_stress,1,adservice,ad-f03-09,online-boutique,node-a,0.326,26.8408,0,96.4334,0.003304,38.6751,29.7831,68.5783,90.3709,133.4053,93.1037,96.1148,0.1521,0.1665,97928.6386,82212.1829,memory_stress,checkoutservice,2026-06-09 15:15:00,2026-06-09 15:30:00,during_fault,0.583914,1
2026-06-09 15:16:35,395,EXP_FAULT_03,RUN_03,memory_stress,1,adservice,ad-f03-09,online-boutique,node-a,0.319,26.9917,0,97.1282,0.002819,38.0741,27.1025,72.2471,94.1627,138.307,93.9547,96.8544,0.1155,0.1584,108698.4579,87664.8565,memory_stress,checkoutservice,2026-06-09 15:15:00,2026-06-09 15:30:00,during_fault,0.26312244,0
2026-06-09 15:16:40,400,EXP_FAULT_03,RUN_03,memory_stress,1,adservice,ad-f03-09,online-boutique,node-a,0.3174,27.1466,0,92.9779,0.002481,38.0779,28.5964,67.3058,91.8473,146.3763,90.0584,92.7473,0.0843,0.1464,80080.667,79680.5891,memory_stress,checkoutservice,2026-06-09 15:15:00,2026-06-09 15:30:00,during_fault,0.3374798,0
2026-06-09 15:16:45,405,EXP_FAULT_03,RUN_03,memory_stress,1,adservice,ad-f03-09,online-boutique,node-a,0.3151,27.1949,0,93.9421,0.001837,40.3585,31.3973,67.8654,102.1796,143.3501,91.1172,93.7696,0.0418,0.1307,86958.8508,65386.0134,memory_stress,checkoutservice,2026-06-09 15:15:00,2026-06-09 15:30:00,during_fault,0.4649725,1
2026-06-09 15:16:50,410,EXP_FAULT_03,RUN_03,memory_stress,1,adservice,ad-f03-09,online-boutique,node-a,0.3273,27.4541,0,92.2392,0.002872,36.6702,24.5485,61.3397,92.6387,138.154,89.471,91.9743,0.1275,0.1374,97992.3009,74293.4981,memory_stress,checkoutservice,2026-06-09 15:15:00,2026-06-09 15:30:00,during_fault,0.44845805,1
2026-06-09 15:16:55,415,EXP_FAULT_03,RUN_03,memory_stress,1,adservice,ad-f03-09,online-boutique,node-a,0.3199,27.2553,0,91.6403,0.002927,38.8458,28.9628,68.4613,94.605,137.8382,88.9846,91.3721,0.1253,0.1429,79270.1582,76818.1579,memory_stress,checkoutservice,2026-06-09 15:15:00,2026-06-09 15:30:00,during_fault,0.71830994,1
2026-06-09 15:17:00,420,EXP_FAULT_03,RUN_03,memory_stress,1,adservice,ad-f03-09,online-boutique,node-a,0.3361,27.0628,0,93.8375,0.001829,37.2082,27.2672,68.4272,93.0717,130.8764,91.1975,93.6658,0.0329,0.1388,111523.9676,82730.0782,memory_stress,checkoutservice,2026-06-09 15:15:00,2026-06-09 15:30:00,during_fault,0.46325874,1
2026-06-09 15:17:05,425,EXP_FAULT_03,RUN_03,memory_stress,1,adservice,ad-f03-09,online-boutique,node-a,0.3319,27.0373,0,90.1309,0.002246,38.9398,27.415,74.5697,95.8073,150.88,87.5787,89.9285,0.0815,0.1209,98901.7792,82382.0531,memory_stress,checkoutservice,2026-06-09 15:15:00,2026-06-09 15:30:00,during_fault,0.967883,1
2026-06-09 15:17:10,430,EXP_FAULT_03,RUN_03,memory_stress,1,adservice,ad-f03-09,online-boutique,node-a,0.3331,27.2859,0,88.6966,0.002925,38.0901,29.1864,69.8037,88.4924,138.8782,86.1761,88.4372,0.1274,0.1321,78207.9966,60671.4887,memory_stress,checkoutservice,2026-06-09 15:15:00,2026-06-09 15:30:00,during_fault,1.1372849,1
2026-06-09 15:17:15,435,EXP_FAULT_03,RUN_03,memory_stress,1,adservice,ad-f03-09,online-boutique,node-a,0.3319,27.5192,0,89.7562,0.002348,35.9125,25.4933,60.525,84.3044,136.7076,87.2323,89.5455,0.0837,0.1271,85581.9954,84529.953,memory_stress,checkoutservice,2026-06-09 15:15:00,2026-06-09 15:30:00,during_fault,0.46553344,1
2026-06-09 15:17:20,440,EXP_FAULT_03,RUN_03,memory_stress,1,adservice,ad-f03-09,online-boutique,node-a,0.3121,26.6661,0,90.6615,0.002195,38.588,29.8966,66.386,91.071,129.1959,88.0951,90.4625,0.0583,0.1407,79667.79,80091.0197,memory_stress,checkoutservice,2026-06-09 15:15:00,2026-06-09 15:30:00,during_fault,0.38959137,0
2026-06-09 15:17:25,445,EXP_FAULT_03,RUN_03,memory_stress,1,adservice,ad-f03-09,online-boutique,node-a,0.3087,27.0606,0,93.2845,0.002904,35.8174,24.7234,68.1672,89.5325,136.4066,90.5755,93.0135,0.122,0.149,116108.1261,90661.4284,memory_stress,checkoutservice,2026-06-09 15:15:00,2026-06-09 15:30:00,during_fault,0.10215269,0
2026-06-09 15:17:30,450,EXP_FAULT_03,RUN_03,memory_stress,1,adservice,ad-f03-09,online-boutique,node-a,0.3121,26.4407,0,89.3359,0.002691,38.6152,27.5269,64.7757,87.1115,137.1091,86.6616,89.0955,0.1024,0.138,95266.0634,65631.7814,memory_stress,checkoutservice,2026-06-09 15:15:00,2026-06-09 15:30:00,during_fault,0.5557334,1
2026-06-09 15:17:35,455,EXP_FAULT_03,RUN_03,memory_stress,1,adservice,ad-f03-09,online-boutique,node-a,0.3106,27.2272,0,92.6534,0.002294,38.4664,25.9054,63.8013,87.4386,152.4843,89.8382,92.4409,0.0663,0.1463,111229.9083,73940.3092,memory_stress,checkoutservice,2026-06-09 15:15:00,2026-06-09 15:30:00,during_fault,0.2664805,0
2026-06-09 15:17:40,460,EXP_FAULT_03,RUN_03,memory_stress,1,adservice,ad-f03-09,online-boutique,node-a,0.3185,27.2861,0,90.1514,0.002302,40.1908,30.4238,71.8149,99.9888,134.5817,87.3384,89.9439,0.0613,0.1462,92169.7139,89269.6909,memory_stress,checkoutservice,2026-06-09 15:15:00,2026-06-09 15:30:00,during_fault,0.92329246,1
2026-06-09 15:17:45,465,EXP_FAULT_03,RUN_03,memory_stress,1,adservice,ad-f03-09,online-boutique,node-a,0.322,27.3751,0,89.1624,0.00215,35.9596,27.9605,62.5552,89.0334,133.2337,86.2842,88.9707,0.0402,0.1515,81476.6453,81247.1688,memory_stress,checkoutservice,2026-06-09 15:15:00,2026-06-09 15:30:00,during_fault,0.27471933,0
2026-06-09 15:17:50,470,EXP_FAULT_03,RUN_03,memory_stress,1,adservice,ad-f03-09,online-boutique,node-a,0.3329,26.9554,0,93.3074,0.001835,42.6346,30.5347,81.9402,106.45,158.5184,90.1907,93.1362,0.0241,0.1471,92732.6932,72639.8999,memory_stress,checkoutservice,2026-06-09 15:15:00,2026-06-09 15:30:00,during_fault,1.6380659,1
2026-06-09 15:17:55,475,EXP_FAULT_03,RUN_03,memory_stress,1,adservice,ad-f03-09,online-boutique,node-a,0.3118,26.6785,0,90.2552,0.002379,39.2234,26.9692,71.2244,103.144,134.1558,87.1058,90.0404,0.0461,0.1687,110054.0819,82930.9589,memory_stress,checkoutservice,2026-06-09 15:15:00,2026-06-09 15:30:00,during_fault,0.5285176,1
2026-06-09 15:18:00,480,EXP_FAULT_03,RUN_03,memory_stress,1,adservice,ad-f03-09,online-boutique,node-a,0.335,27.559,0,88.5947,0.002444,40.406,27.7461,76.7419,97.7045,152.3242,85.3716,88.3782,0.0436,0.1729,86021.0813,71957.321,memory_stress,checkoutservice,2026-06-09 15:15:00,2026-06-09 15:30:00,during_fault,1.752696,1
2026-06-09 15:18:05,485,EXP_FAULT_03,RUN_03,memory_stress,1,adservice,ad-f03-09,online-boutique,node-a,0.3252,26.254,0,87.7125,0.003009,39.168,26.8247,71.6197,103.7926,164.8904,84.3607,87.4486,0.0866,0.1774,104075.1413,79166.979,memory_stress,checkoutservice,2026-06-09 15:15:00,2026-06-09 15:30:00,during_fault,1.2522199,1
2026-06-09 15:18:10,490,EXP_FAULT_03,RUN_03,memory_stress,1,adservice,ad-f03-09,online-boutique,node-a,0.3076,26.6634,0,89.7953,0.002145,42.5867,32.0966,73.0676,99.3163,161.4058,86.2548,89.6026,0.0316,0.1611,83859.2654,61564.4902,memory_stress,checkoutservice,2026-06-09 15:15:00,2026-06-09 15:30:00,during_fault,1.2307663,1
2026-06-09 15:18:15,495,EXP_FAULT_03,RUN_03,memory_stress,1,adservice,ad-f03-09,online-boutique,node-a,0.3145,27.3399,0,89.8185,0.002674,43.189,28.4638,80.9217,104.2403,161.8928,86.1189,89.5783,0.0422,0.198,95549.7962,61516.3529,memory_stress,checkoutservice,2026-06-09 15:15:00,2026-06-09 15:30:00,during_fault,1.7799482,1
2026-06-09 15:18:20,500,EXP_FAULT_03,RUN_03,memory_stress,1,adservice,ad-f03-09,online-boutique,node-a,0.3263,26.8694,0,91.8326,0.0033,38.9963,26.4073,77.9077,105.9672,146.7773,87.8706,91.5296,0.0969,0.2062,83954.8107,61454.9895,memory_stress,checkoutservice,2026-06-09 15:15:00,2026-06-09 15:30:00,during_fault,0.943859,1
2026-06-09 15:18:25,505,EXP_FAULT_03,RUN_03,memory_stress,1,adservice,ad-f03-09,online-boutique,node-a,0.3123,26.6373,0,90.6621,0.003575,41.6982,27.9895,83.0379,113.499,181.7132,86.6054,90.338,0.1285,0.1956,106493.9386,75741.7505,memory_stress,checkoutservice,2026-06-09 15:15:00,2026-06-09 15:30:00,during_fault,1.3369031,1
2026-06-09 15:18:30,510,EXP_FAULT_03,RUN_03,memory_stress,1,adservice,ad-f03-09,online-boutique,node-a,0.3068,27.1534,0,93.7149,0.002732,44.3797,30.5769,81.2027,123.1883,189.2141,89.4022,93.4589,0.0356,0.2204,80012.4761,61435.6561,memory_stress,checkoutservice,2026-06-09 15:15:00,2026-06-09 15:30:00,during_fault,1.398876,1
2026-06-09 15:18:35,515,EXP_FAULT_03,RUN_03,memory_stress,1,adservice,ad-f03-09,online-boutique,node-a,0.3177,27.0514,0,93.9892,0.003665,43.6301,30.7564,79.5295,118.2988,172.2704,89.464,93.6448,0.1206,0.2239,97306.7847,80135.9875,memory_stress,checkoutservice,2026-06-09 15:15:00,2026-06-09 15:30:00,during_fault,1.9050343,1
2026-06-09 15:18:40,520,EXP_FAULT_03,RUN_03,memory_stress,1,adservice,ad-f03-09,online-boutique,node-a,0.3253,28.0375,0,92.7387,0.003137,41.9454,29.8112,80.9986,118.6824,188.5041,88.2038,92.4477,0.0705,0.2205,86785.0993,95115.8062,memory_stress,checkoutservice,2026-06-09 15:15:00,2026-06-09 15:30:00,during_fault,1.9852511,1
2026-06-09 15:18:45,525,EXP_FAULT_03,RUN_03,memory_stress,1,adservice,ad-f03-09,online-boutique,node-a,0.3186,27.3643,0,93.7746,0.003212,43.2157,28.3541,77.8062,120.053,169.2575,89.0354,93.4735,0.0607,0.2404,110566.2106,95430.5899,memory_stress,checkoutservice,2026-06-09 15:15:00,2026-06-09 15:30:00,during_fault,1.7102044,1
2026-06-09 15:18:50,530,EXP_FAULT_03,RUN_03,memory_stress,1,adservice,ad-f03-09,online-boutique,node-a,0.3134,26.9334,0,91.3427,0.003062,43.1855,28.9162,76.4719,106.6551,173.5066,86.6296,91.0629,0.0397,0.2401,98844.4499,86225.0378,memory_stress,checkoutservice,2026-06-09 15:15:00,2026-06-09 15:30:00,during_fault,1.6141526,1
2026-06-09 15:18:55,535,EXP_FAULT_03,RUN_03,memory_stress,1,adservice,ad-f03-09,online-boutique,node-a,0.3231,27.4365,0,93.625,0.003151,45.1103,31.533,91.4089,123.0828,190.5659,88.6938,93.33,0.0708,0.2242,100715.5174,97191.7752,memory_stress,checkoutservice,2026-06-09 15:15:00,2026-06-09 15:30:00,during_fault,2.4640996,1
2026-06-09 15:19:00,540,EXP_FAULT_03,RUN_03,memory_stress,1,adservice,ad-f03-09,online-boutique,node-a,0.329,27.0109,0,90.5293,0.00295,43.8169,30.5847,80.8192,125.4952,201.8307,85.698,90.2623,0.0375,0.2295,80103.9134,63715.6921,memory_stress,checkoutservice,2026-06-09 15:15:00,2026-06-09 15:30:00,during_fault,2.6020603,1
2026-06-09 15:19:05,545,EXP_FAULT_03,RUN_03,memory_stress,1,adservice,ad-f03-09,online-boutique,node-a,0.3202,26.8588,0,90.1507,0.004133,42.8784,29.6806,85.0646,109.263,200.4849,85.2039,89.7782,0.1349,0.2377,78603.4005,77855.7022,memory_stress,checkoutservice,2026-06-09 15:15:00,2026-06-09 15:30:00,during_fault,2.4038777,1
2026-06-09 15:19:10,550,EXP_FAULT_03,RUN_03,memory_stress,1,adservice,ad-f03-09,online-boutique,node-a,0.3264,27.4215,0,90.8032,0.003699,46.7731,32.5017,83.8257,133.7549,190.5289,85.7863,90.4673,0.0808,0.2551,86615.734,89907.335,memory_stress,checkoutservice,2026-06-09 15:15:00,2026-06-09 15:30:00,during_fault,4.146525,1
2026-06-09 15:19:15,555,EXP_FAULT_03,RUN_03,memory_stress,1,adservice,ad-f03-09,online-boutique,node-a,0.2926,26.7535,0,87.2624,0.003538,43.8816,29.1471,88.6406,125.7905,194.582,82.4507,86.9537,0.0827,0.226,78687.754,72749.2698,memory_stress,checkoutservice,2026-06-09 15:15:00,2026-06-09 15:30:00,during_fault,1.7107341,1
2026-06-09 15:19:20,560,EXP_FAULT_03,RUN_03,memory_stress,1,adservice,ad-f03-09,online-boutique,node-a,0.3241,27.5619,0,89.9581,0.003695,44.2863,32.6387,82.0914,127.9114,189.7182,84.9438,89.6257,0.1048,0.2276,113396.3468,92812.9587,memory_stress,checkoutservice,2026-06-09 15:15:00,2026-06-09 15:30:00,during_fault,3.126085,1
2026-06-09 15:19:25,565,EXP_FAULT_03,RUN_03,memory_stress,1,adservice,ad-f03-09,online-boutique,node-a,0.3168,27.0424,0,88.2883,0.00426,42.1002,30.141,74.9388,113.9508,189.726,83.3424,87.9122,0.1311,0.245,74256.2142,85889.705,memory_stress,checkoutservice,2026-06-09 15:15:00,2026-06-09 15:30:00,during_fault,2.3792033,1
2026-06-09 15:19:30,570,EXP_FAULT_03,RUN_03,memory_stress,1,adservice,ad-f03-09,online-boutique,node-a,0.3294,26.534,0,90.9365,0.003216,43.3871,32.5456,88.0018,113.9859,199.5328,85.9122,90.6441,0.041,0.2514,100213.5928,83622.8144,memory_stress,checkoutservice,2026-06-09 15:15:00,2026-06-09 15:30:00,during_fault,2.4361436,1
2026-06-09 15:19:35,575,EXP_FAULT_03,RUN_03,memory_stress,1,adservice,ad-f03-09,online-boutique,node-a,0.3122,27.153,0,85.6172,0.003133,42.2839,30.7689,77.6422,111.161,183.0945,80.9338,85.3489,0.0293,0.2389,90903.781,70944.7107,memory_stress,checkoutservice,2026-06-09 15:15:00,2026-06-09 15:30:00,during_fault,2.0632927,1
2026-06-09 15:19:40,580,EXP_FAULT_03,RUN_03,memory_stress,1,adservice,ad-f03-09,online-boutique,node-a,0.3093,26.4675,0,87.3724,0.004197,43.0932,29.0664,85.1452,116.3094,175.3113,82.597,87.0058,0.1272,0.2394,96154.8172,70220.5964,memory_stress,checkoutservice,2026-06-09 15:15:00,2026-06-09 15:30:00,during_fault,2.290607,1
2026-06-09 15:19:45,585,EXP_FAULT_03,RUN_03,memory_stress,1,adservice,ad-f03-09,online-boutique,node-a,0.2983,27.0355,0,83.9128,0.003919,41.908,29.0699,86.8156,111.0804,171.377,79.4151,83.5839,0.1003,0.2285,76123.3248,63479.4244,memory_stress,checkoutservice,2026-06-09 15:15:00,2026-06-09 15:30:00,during_fault,2.1018822,1
2026-06-09 15:19:50,590,EXP_FAULT_03,RUN_03,memory_stress,1,adservice,ad-f03-09,online-boutique,node-a,0.3289,27.3774,0,88.3188,0.004185,41.9654,29.8795,77.7602,115.7346,184.4112,83.6408,87.9492,0.1402,0.2294,89388.85,87298.8825,memory_stress,checkoutservice,2026-06-09 15:15:00,2026-06-09 15:30:00,during_fault,2.962865,1
2026-06-09 15:19:55,595,EXP_FAULT_03,RUN_03,memory_stress,1,adservice,ad-f03-09,online-boutique,node-a,0.3102,26.9927,0,84.6199,0.003134,41.8171,27.4979,74.9968,106.5255,187.1027,80.26,84.3547,0.0542,0.211,92290.3923,78589.4489,memory_stress,checkoutservice,2026-06-09 15:15:00,2026-06-09 15:30:00,during_fault,1.9182761,1
2026-06-09 15:20:00,600,EXP_FAULT_03,RUN_03,memory_stress,1,adservice,ad-f03-09,online-boutique,node-a,0.3192,27.9167,0,86.1631,0.002863,39.3542,28.3615,74.1993,101.553,167.8372,81.8365,85.9164,0.0241,0.2226,82924.4041,71803.3682,memory_stress,checkoutservice,2026-06-09 15:15:00,2026-06-09 15:30:00,during_fault,1.8801556,1
2026-06-09 15:20:05,605,EXP_FAULT_03,RUN_03,memory_stress,1,adservice,ad-f03-09,online-boutique,node-a,0.3138,27.2831,0,81.5599,0.003035,42.4609,31.4818,83.1138,109.164,173.5759,77.5639,81.3124,0.0531,0.1945,98349.1853,75239.1594,memory_stress,checkoutservice,2026-06-09 15:15:00,2026-06-09 15:30:00,during_fault,2.8021145,1
2026-06-09 15:20:10,610,EXP_FAULT_03,RUN_03,memory_stress,1,adservice,ad-f03-09,online-boutique,node-a,0.3176,27.1323,0,82.3144,0.003179,40.4307,29.6678,76.8504,111.6287,167.5947,78.3998,82.0527,0.077,0.1846,89027.0719,83644.0435,memory_stress,checkoutservice,2026-06-09 15:15:00,2026-06-09 15:30:00,during_fault,2.1027381,1
2026-06-09 15:20:15,615,EXP_FAULT_03,RUN_03,memory_stress,1,adservice,ad-f03-09,online-boutique,node-a,0.3184,27.1583,0,80.7779,0.003105,37.762,27.8805,76.268,97.3126,158.0352,77.0325,80.5271,0.082,0.1689,101832.8968,71596.4939,memory_stress,checkoutservice,2026-06-09 15:15:00,2026-06-09 15:30:00,during_fault,1.4500926,1
2026-06-09 15:20:20,620,EXP_FAULT_03,RUN_03,memory_stress,1,adservice,ad-f03-09,online-boutique,node-a,0.3206,27.2717,0,80.4846,0.002773,42.709,29.3483,85.3792,111.9423,170.5117,76.9005,80.2614,0.0489,0.1743,87338.4864,71359.4873,memory_stress,checkoutservice,2026-06-09 15:15:00,2026-06-09 15:30:00,during_fault,3.3382378,1
2026-06-09 15:20:25,625,EXP_FAULT_03,RUN_03,memory_stress,1,adservice,ad-f03-09,online-boutique,node-a,0.3289,27.1697,0,81.3495,0.002389,40.5165,26.8455,75.6077,109.1425,167.8136,77.8799,81.1551,0.0344,0.1599,89601.2179,68955.2427,memory_stress,checkoutservice,2026-06-09 15:15:00,2026-06-09 15:30:00,during_fault,2.5420146,1
2026-06-09 15:20:30,630,EXP_FAULT_03,RUN_03,memory_stress,1,adservice,ad-f03-09,online-boutique,node-a,0.3181,26.8414,0,80.7911,0.003174,40.1395,30.0046,71.4434,103.2857,154.7789,77.4312,80.5346,0.0794,0.177,66584.3764,78876.7109,memory_stress,checkoutservice,2026-06-09 15:15:00,2026-06-09 15:30:00,during_fault,2.191706,1
2026-06-09 15:20:35,635,EXP_FAULT_03,RUN_03,memory_stress,1,adservice,ad-f03-09,online-boutique,node-a,0.299,26.9225,0,81.247,0.00277,35.6841,24.5002,69.6638,93.1164,135.3305,78.0171,81.0219,0.0733,0.1518,84156.157,78248.0157,memory_stress,checkoutservice,2026-06-09 15:15:00,2026-06-09 15:30:00,during_fault,0.42396268,0
2026-06-09 15:20:40,640,EXP_FAULT_03,RUN_03,memory_stress,1,adservice,ad-f03-09,online-boutique,node-a,0.302,27.2926,0,81.086,0.003465,39.0242,28.4691,69.981,91.2601,156.179,77.9806,80.805,0.1196,0.1613,99911.004,54845.3544,memory_stress,checkoutservice,2026-06-09 15:15:00,2026-06-09 15:30:00,during_fault,1.8762958,1
2026-06-09 15:20:45,645,EXP_FAULT_03,RUN_03,memory_stress,1,adservice,ad-f03-09,online-boutique,node-a,0.3338,27.6786,0,80.2593,0.003017,37.3586,27.8309,72.1896,91.3937,155.6899,77.3239,80.0172,0.102,0.1401,72621.6163,53224.4991,memory_stress,checkoutservice,2026-06-09 15:15:00,2026-06-09 15:30:00,during_fault,2.058001,1
2026-06-09 15:20:50,650,EXP_FAULT_03,RUN_03,memory_stress,1,adservice,ad-f03-09,online-boutique,node-a,0.315,27.375,0,79.197,0.002255,37.5097,25.4281,73.7065,93.0639,146.7696,76.4239,79.0184,0.0315,0.147,77732.3154,63373.5149,memory_stress,checkoutservice,2026-06-09 15:15:00,2026-06-09 15:30:00,during_fault,1.2638719,1
2026-06-09 15:20:55,655,EXP_FAULT_03,RUN_03,memory_stress,1,adservice,ad-f03-09,online-boutique,node-a,0.3126,27.2103,0,82.4626,0.002328,40.1097,28.6592,72.6577,98.3193,153.9588,79.6772,82.2706,0.0483,0.1437,103352.3689,64695.861,memory_stress,checkoutservice,2026-06-09 15:15:00,2026-06-09 15:30:00,during_fault,1.5515329,1
2026-06-09 15:21:00,660,EXP_FAULT_03,RUN_03,memory_stress,1,adservice,ad-f03-09,online-boutique,node-a,0.3269,27.2046,0,81.2128,0.002813,37.5525,29.074,72.3308,93.8774,138.0068,78.5745,80.9843,0.0954,0.1331,98180.1317,53713.6847,memory_stress,checkoutservice,2026-06-09 15:15:00,2026-06-09 15:30:00,during_fault,1.5529668,1
2026-06-09 15:21:05,665,EXP_FAULT_03,RUN_03,memory_stress,1,adservice,ad-f03-09,online-boutique,node-a,0.3206,27.1766,0,80.33,0.002918,41.2092,28.367,72.3998,104.2108,143.8741,77.7871,80.0956,0.1005,0.1339,73630.2491,52576.2835,memory_stress,checkoutservice,2026-06-09 15:15:00,2026-06-09 15:30:00,during_fault,2.750277,1
2026-06-09 15:21:10,670,EXP_FAULT_03,RUN_03,memory_stress,1,adservice,ad-f03-09,online-boutique,node-a,0.2982,27.3241,0,81.0613,0.002426,36.389,24.7077,60.1583,81.2463,137.2278,78.6042,80.8646,0.0594,0.1372,75545.6964,74713.0658,memory_stress,checkoutservice,2026-06-09 15:15:00,2026-06-09 15:30:00,during_fault,0.5510705,1
2026-06-09 15:21:15,675,EXP_FAULT_03,RUN_03,memory_stress,1,adservice,ad-f03-09,online-boutique,node-a,0.3046,27.2009,0,82.5679,0.002377,37.0769,27.0659,66.457,85.1024,124.0734,80.1347,82.3717,0.0826,0.1136,72444.1404,78394.9216,memory_stress,checkoutservice,2026-06-09 15:15:00,2026-06-09 15:30:00,during_fault,0.5719,1
2026-06-09 15:21:20,680,EXP_FAULT_03,RUN_03,memory_stress,1,adservice,ad-f03-09,online-boutique,node-a,0.317,27.1987,0,81.0443,0.002616,39.3277,28.3464,68.1781,97.5392,148.4389,78.6938,80.8323,0.0916,0.1205,67071.8825,68407.7552,memory_stress,checkoutservice,2026-06-09 15:15:00,2026-06-09 15:30:00,during_fault,1.7112751,1
2026-06-09 15:21:25,685,EXP_FAULT_03,RUN_03,memory_stress,1,adservice,ad-f03-09,online-boutique,node-a,0.3119,27.3727,0,84.1532,0.002513,37.772,25.4586,66.1526,87.5168,139.9578,81.7437,83.9418,0.0776,0.1338,104617.6096,56724.9942,memory_stress,checkoutservice,2026-06-09 15:15:00,2026-06-09 15:30:00,during_fault,0.7914653,1
2026-06-09 15:21:30,690,EXP_FAULT_03,RUN_03,memory_stress,1,adservice,ad-f03-09,online-boutique,node-a,0.3348,27.1167,0,79.979,0.002516,36.007,28.115,64.0396,81.8393,127.4329,77.7226,79.7777,0.1007,0.1006,77177.0971,80070.1163,memory_stress,checkoutservice,2026-06-09 15:15:00,2026-06-09 15:30:00,during_fault,1.4615841,1
2026-06-09 15:21:35,695,EXP_FAULT_03,RUN_03,memory_stress,1,adservice,ad-f03-09,online-boutique,node-a,0.3134,27.4243,0,82.8927,0.00238,38.6552,27.112,71.3789,91.1124,124.9761,80.5752,82.6954,0.0873,0.11,97883.0444,69401.2515,memory_stress,checkoutservice,2026-06-09 15:15:00,2026-06-09 15:30:00,during_fault,1.1444912,1
2026-06-09 15:21:40,700,EXP_FAULT_03,RUN_03,memory_stress,1,adservice,ad-f03-09,online-boutique,node-a,0.3307,27.2813,0,82.7895,0.002744,37.9751,28.8044,68.5226,90.8123,138.6786,80.4198,82.5623,0.1176,0.1096,95596.1774,80000.8599,memory_stress,checkoutservice,2026-06-09 15:15:00,2026-06-09 15:30:00,during_fault,1.6250985,1
2026-06-09 15:21:45,705,EXP_FAULT_03,RUN_03,memory_stress,1,adservice,ad-f03-09,online-boutique,node-a,0.3171,27.5043,0,83.8325,0.001799,37.4976,26.4075,63.3217,91.5144,146.8224,81.4706,83.6817,0.0282,0.1226,90481.1492,80163.6831,memory_stress,checkoutservice,2026-06-09 15:15:00,2026-06-09 15:30:00,during_fault,0.7728201,1
2026-06-09 15:21:50,710,EXP_FAULT_03,RUN_03,memory_stress,1,adservice,ad-f03-09,online-boutique,node-a,0.327,26.4935,0,82.0642,0.00271,37.7364,27.3353,68.8359,87.0538,143.2645,79.6771,81.8418,0.0961,0.1263,71162.4769,82582.8186,memory_stress,checkoutservice,2026-06-09 15:15:00,2026-06-09 15:30:00,during_fault,1.4949642,1
2026-06-09 15:21:55,715,EXP_FAULT_03,RUN_03,memory_stress,1,adservice,ad-f03-09,online-boutique,node-a,0.3307,27.2032,0,85.9214,0.00307,39.85,28.6804,68.5294,96.0919,135.6879,83.3462,85.6577,0.1294,0.1344,85775.0847,83726.6499,memory_stress,checkoutservice,2026-06-09 15:15:00,2026-06-09 15:30:00,during_fault,1.9388453,1
2026-06-09 15:22:00,720,EXP_FAULT_03,RUN_03,memory_stress,1,adservice,ad-f03-09,online-boutique,node-a,0.3046,27.559,0,84.1442,0.003083,37.0069,28.6416,69.3271,93.1023,126.763,81.5652,83.8848,0.1233,0.1362,69044.9888,63248.7711,memory_stress,checkoutservice,2026-06-09 15:15:00,2026-06-09 15:30:00,during_fault,1.271209,1
2026-06-09 15:22:05,725,EXP_FAULT_03,RUN_03,memory_stress,1,adservice,ad-f03-09,online-boutique,node-a,0.3117,27.228,0,82.7474,0.00264,40.0304,28.1341,76.3219,100.3556,156.6561,80.1231,82.5289,0.1022,0.1162,99993.8636,59652.1088,memory_stress,checkoutservice,2026-06-09 15:15:00,2026-06-09 15:30:00,during_fault,1.5296463,1
2026-06-09 15:22:10,730,EXP_FAULT_03,RUN_03,memory_stress,1,adservice,ad-f03-09,online-boutique,node-a,0.3164,27.5039,0,82.8521,0.002969,38.3524,28.7664,68.3876,99.2092,131.3148,80.1472,82.6061,0.102,0.144,92338.4035,58466.9092,memory_stress,checkoutservice,2026-06-09 15:15:00,2026-06-09 15:30:00,during_fault,1.4554312,1
2026-06-09 15:22:15,735,EXP_FAULT_03,RUN_03,memory_stress,1,adservice,ad-f03-09,online-boutique,node-a,0.3098,27.1883,0,81.0775,0.002269,35.319,26.3459,66.077,83.7061,142.6855,78.3562,80.8935,0.0501,0.1339,76590.5079,79386.1905,memory_stress,checkoutservice,2026-06-09 15:15:00,2026-06-09 15:30:00,during_fault,0.46617335,1
2026-06-09 15:22:20,740,EXP_FAULT_03,RUN_03,memory_stress,1,adservice,ad-f03-09,online-boutique,node-a,0.334,27.4573,0,81.407,0.002874,37.6184,29.0842,71.4135,99.182,139.2111,78.5348,81.1731,0.0867,0.1472,99586.6014,78303.0023,memory_stress,checkoutservice,2026-06-09 15:15:00,2026-06-09 15:30:00,during_fault,1.8838123,1
2026-06-09 15:22:25,745,EXP_FAULT_03,RUN_03,memory_stress,1,adservice,ad-f03-09,online-boutique,node-a,0.3164,27.9066,0,82.5627,0.002949,38.8761,28.7956,69.4103,97.39,135.5016,79.5077,82.3193,0.0913,0.1522,93985.8472,57540.2283,memory_stress,checkoutservice,2026-06-09 15:15:00,2026-06-09 15:30:00,during_fault,2.4152002,1
2026-06-09 15:22:30,750,EXP_FAULT_03,RUN_03,memory_stress,1,adservice,ad-f03-09,online-boutique,node-a,0.2998,27.1005,0,80.9449,0.002964,39.9769,26.6404,78.7453,101.4773,167.2791,77.8348,80.705,0.0791,0.1608,92672.1278,66226.3202,memory_stress,checkoutservice,2026-06-09 15:15:00,2026-06-09 15:30:00,during_fault,1.420489,1
2026-06-09 15:22:35,755,EXP_FAULT_03,RUN_03,memory_stress,1,adservice,ad-f03-09,online-boutique,node-a,0.3322,27.4291,0,83.2769,0.002585,38.1854,25.5955,71.2601,96.1717,140.3389,79.9675,83.0617,0.0553,0.1599,73758.6551,63962.4947,memory_stress,checkoutservice,2026-06-09 15:15:00,2026-06-09 15:30:00,during_fault,1.6564356,1
2026-06-09 15:22:40,760,EXP_FAULT_03,RUN_03,memory_stress,1,adservice,ad-f03-09,online-boutique,node-a,0.3332,27.255,0,79.4539,0.003501,38.2729,28.178,74.9118,93.6013,160.9977,76.1572,79.1757,0.114,0.1642,95816.8915,68625.9844,memory_stress,checkoutservice,2026-06-09 15:15:00,2026-06-09 15:30:00,during_fault,2.5799975,1
2026-06-09 15:22:45,765,EXP_FAULT_03,RUN_03,memory_stress,1,adservice,ad-f03-09,online-boutique,node-a,0.3093,26.9604,0,81.0634,0.002469,40.2152,29.014,75.6276,103.3983,150.4989,77.6008,80.8633,0.0301,0.1701,88257.2672,84170.7894,memory_stress,checkoutservice,2026-06-09 15:15:00,2026-06-09 15:30:00,during_fault,1.6602671,1
2026-06-09 15:22:50,770,EXP_FAULT_03,RUN_03,memory_stress,1,adservice,ad-f03-09,online-boutique,node-a,0.3149,27.2133,0,78.0315,0.003265,38.1282,28.1803,70.7416,103.7178,165.2589,74.5421,77.7767,0.0753,0.1795,99541.4696,58388.9672,memory_stress,checkoutservice,2026-06-09 15:15:00,2026-06-09 15:30:00,during_fault,1.8819268,1
2026-06-09 15:22:55,775,EXP_FAULT_03,RUN_03,memory_stress,1,adservice,ad-f03-09,online-boutique,node-a,0.321,27.1467,0,81.3026,0.003633,38.7917,29.5696,76.1601,94.6642,160.797,77.5333,81.0072,0.0994,0.196,74360.0564,64164.9814,memory_stress,checkoutservice,2026-06-09 15:15:00,2026-06-09 15:30:00,during_fault,2.01434,1
2026-06-09 15:23:00,780,EXP_FAULT_03,RUN_03,memory_stress,1,adservice,ad-f03-09,online-boutique,node-a,0.3149,26.8766,0,78.8822,0.002945,39.8242,26.2797,69.5149,103.0275,172.8307,75.1174,78.6499,0.0627,0.1696,67441.0376,57710.4844,memory_stress,checkoutservice,2026-06-09 15:15:00,2026-06-09 15:30:00,during_fault,2.1608317,1
2026-06-09 15:23:05,785,EXP_FAULT_03,RUN_03,memory_stress,1,adservice,ad-f03-09,online-boutique,node-a,0.3108,26.7817,0,78.0172,0.002998,42.3326,30.7398,81.9151,103.5694,159.7663,74.2044,77.7834,0.0436,0.1903,98647.0719,71993.8397,memory_stress,checkoutservice,2026-06-09 15:15:00,2026-06-09 15:30:00,during_fault,3.119667,1
2026-06-09 15:23:10,790,EXP_FAULT_03,RUN_03,memory_stress,1,adservice,ad-f03-09,online-boutique,node-a,0.3021,27.1515,0,77.7443,0.003431,47.9446,36.0731,87.9633,126.8493,208.4067,73.8032,77.4775,0.064,0.2028,67867.2889,67613.9851,memory_stress,checkoutservice,2026-06-09 15:15:00,2026-06-09 15:30:00,during_fault,5.898954,1
2026-06-09 15:23:15,795,EXP_FAULT_03,RUN_03,memory_stress,1,adservice,ad-f03-09,online-boutique,node-a,0.3087,26.9658,0,76.5014,0.002909,43.9649,28.8818,78.8514,113.2088,189.2641,72.5683,76.2788,0.0208,0.2017,96216.4518,74212.8678,memory_stress,checkoutservice,2026-06-09 15:15:00,2026-06-09 15:30:00,during_fault,4.0409265,1
2026-06-09 15:23:20,800,EXP_FAULT_03,RUN_03,memory_stress,1,adservice,ad-f03-09,online-boutique,node-a,0.2906,27.6456,0,78.8071,0.003953,39.3268,28.8605,74.1702,109.0461,159.487,74.6314,78.4956,0.1002,0.2113,69362.6449,72601.7272,memory_stress,checkoutservice,2026-06-09 15:15:00,2026-06-09 15:30:00,during_fault,4.3993115,1
2026-06-09 15:23:25,805,EXP_FAULT_03,RUN_03,memory_stress,1,adservice,ad-f03-09,online-boutique,node-a,0.3198,26.9426,0,77.8824,0.003739,40.7341,27.356,73.7102,104.9781,168.6889,73.7107,77.5911,0.083,0.2082,73570.0657,72760.2725,memory_stress,checkoutservice,2026-06-09 15:15:00,2026-06-09 15:30:00,during_fault,3.2215753,1
2026-06-09 15:23:30,810,EXP_FAULT_03,RUN_03,memory_stress,1,adservice,ad-f03-09,online-boutique,node-a,0.3257,27.2961,0,79.7263,0.003725,39.9822,26.0739,82.2016,110.7632,165.8442,75.3842,79.4294,0.0755,0.2214,95515.172,63541.5255,memory_stress,checkoutservice,2026-06-09 15:15:00,2026-06-09 15:30:00,during_fault,2.991849,1
2026-06-09 15:23:35,815,EXP_FAULT_03,RUN_03,memory_stress,1,adservice,ad-f03-09,online-boutique,node-a,0.3264,27.6574,0,76.7534,0.004228,41.7116,30.5286,74.6374,116.8245,175.0196,72.4932,76.4288,0.1145,0.21,95657.9258,51523.1913,memory_stress,checkoutservice,2026-06-09 15:15:00,2026-06-09 15:30:00,during_fault,5.852816,1
2026-06-09 15:23:40,820,EXP_FAULT_03,RUN_03,memory_stress,1,adservice,ad-f03-09,online-boutique,node-a,0.3003,27.0433,0,76.7094,0.004053,40.8856,29.5814,83.8399,113.6074,166.5477,72.4545,76.3985,0.1068,0.2041,82741.0888,69647.8332,memory_stress,checkoutservice,2026-06-09 15:15:00,2026-06-09 15:30:00,during_fault,3.2801151,1
2026-06-09 15:23:45,825,EXP_FAULT_03,RUN_03,memory_stress,1,adservice,ad-f03-09,online-boutique,node-a,0.3291,27.5432,0,77.2566,0.00359,41.1086,29.0998,74.932,112.646,165.5027,72.9672,76.9793,0.0679,0.2095,93982.8074,70548.8074,memory_stress,checkoutservice,2026-06-09 15:15:00,2026-06-09 15:30:00,during_fault,4.2390203,1
2026-06-09 15:23:50,830,EXP_FAULT_03,RUN_03,memory_stress,1,adservice,ad-f03-09,online-boutique,node-a,0.3291,27.2003,0,80.2488,0.003855,40.8223,29.5434,83.6152,116.2031,162.1554,75.7735,79.9394,0.1001,0.2093,76128.6531,59533.9204,memory_stress,checkoutservice,2026-06-09 15:15:00,2026-06-09 15:30:00,during_fault,3.4741008,1
2026-06-09 15:23:55,835,EXP_FAULT_03,RUN_03,memory_stress,1,adservice,ad-f03-09,online-boutique,node-a,0.2901,27.099,0,79.5934,0.003132,44.2761,31.5991,81.651,122.5215,205.9454,75.2083,79.3441,0.025,0.2243,90959.375,78124.9119,memory_stress,checkoutservice,2026-06-09 15:15:00,2026-06-09 15:30:00,during_fault,2.8722055,1
2026-06-09 15:24:00,840,EXP_FAULT_03,RUN_03,memory_stress,1,adservice,ad-f03-09,online-boutique,node-a,0.3129,26.6566,0,81.1413,0.004284,40.9193,27.9688,79.4561,113.0198,191.6144,76.6246,80.7937,0.1232,0.2244,82307.3682,83344.1366,memory_stress,checkoutservice,2026-06-09 15:15:00,2026-06-09 15:30:00,during_fault,2.648106,1
2026-06-09 15:24:05,845,EXP_FAULT_03,RUN_03,memory_stress,1,adservice,ad-f03-09,online-boutique,node-a,0.313,27.4203,0,78.0601,0.003648,40.3851,27.6515,76.0819,107.5027,162.5467,73.7984,77.7754,0.0807,0.2041,86424.5657,57922.7236,memory_stress,checkoutservice,2026-06-09 15:15:00,2026-06-09 15:30:00,during_fault,3.3943646,1
2026-06-09 15:24:10,850,EXP_FAULT_03,RUN_03,memory_stress,1,adservice,ad-f03-09,online-boutique,node-a,0.314,27.482,0,79.4039,0.003857,40.3669,28.5436,81.4002,103.4653,177.6156,75.1094,79.0977,0.0913,0.2149,73789.3187,54640.2469,memory_stress,checkoutservice,2026-06-09 15:15:00,2026-06-09 15:30:00,during_fault,3.5612233,1
2026-06-09 15:24:15,855,EXP_FAULT_03,RUN_03,memory_stress,1,adservice,ad-f03-09,online-boutique,node-a,0.3105,27.0039,0,78.4519,0.003517,37.511,28.3102,69.8994,103.0088,154.5953,74.2984,78.176,0.0835,0.1924,93614.2248,79908.2868,memory_stress,checkoutservice,2026-06-09 15:15:00,2026-06-09 15:30:00,during_fault,1.5680393,1
2026-06-09 15:24:20,860,EXP_FAULT_03,RUN_03,memory_stress,1,adservice,ad-f03-09,online-boutique,node-a,0.3255,26.8024,0,79.1318,0.004239,39.4281,29.0155,75.6375,102.1845,168.4121,75.0089,78.7963,0.1247,0.2108,92751.4016,61171.6223,memory_stress,checkoutservice,2026-06-09 15:15:00,2026-06-09 15:30:00,during_fault,2.9677653,1
2026-06-09 15:24:25,865,EXP_FAULT_03,RUN_03,memory_stress,1,adservice,ad-f03-09,online-boutique,node-a,0.3383,27.9511,0,82.8757,0.002612,41.1393,29.1555,84.1731,104.91,166.47,78.7252,82.6592,0.0261,0.1904,77285.1345,80001.0991,memory_stress,checkoutservice,2026-06-09 15:15:00,2026-06-09 15:30:00,during_fault,3.1511447,1
2026-06-09 15:24:30,870,EXP_FAULT_03,RUN_03,memory_stress,1,adservice,ad-f03-09,online-boutique,node-a,0.3154,27.481,0,81.8648,0.002923,43.8004,30.9159,89.8212,123.284,176.2096,77.8499,81.6255,0.0517,0.1876,83429.0299,70186.1848,memory_stress,checkoutservice,2026-06-09 15:15:00,2026-06-09 15:30:00,during_fault,3.4085052,1
2026-06-09 15:24:35,875,EXP_FAULT_03,RUN_03,memory_stress,1,adservice,ad-f03-09,online-boutique,node-a,0.3316,27.687,0,84.0396,0.003192,40.3742,28.9654,80.1193,106.8728,155.8046,80.02,83.7714,0.0842,0.184,103814.645,70932.4879,memory_stress,checkoutservice,2026-06-09 15:15:00,2026-06-09 15:30:00,during_fault,2.5366626,1
2026-06-09 15:24:40,880,EXP_FAULT_03,RUN_03,memory_stress,1,adservice,ad-f03-09,online-boutique,node-a,0.3084,27.3857,0,82.9573,0.003637,39.5077,28.0353,70.3598,97.5209,172.1024,79.0976,82.6556,0.114,0.1877,81323.1955,68205.7531,memory_stress,checkoutservice,2026-06-09 15:15:00,2026-06-09 15:30:00,during_fault,2.1435678,1
2026-06-09 15:24:45,885,EXP_FAULT_03,RUN_03,memory_stress,1,adservice,ad-f03-09,online-boutique,node-a,0.3123,26.9725,0,83.748,0.002957,41.7208,30.0985,78.3777,114.9695,154.6137,80.0036,83.5003,0.0518,0.1958,103919.4496,57639.4482,memory_stress,checkoutservice,2026-06-09 15:15:00,2026-06-09 15:30:00,during_fault,2.0298674,1
2026-06-09 15:24:50,890,EXP_FAULT_03,RUN_03,memory_stress,1,adservice,ad-f03-09,online-boutique,node-a,0.3193,27.353,0,81.6825,0.003227,38.3163,25.6722,70.4902,104.5787,138.795,78.1426,81.4189,0.0972,0.1664,76304.526,75331.372,memory_stress,checkoutservice,2026-06-09 15:15:00,2026-06-09 15:30:00,during_fault,1.6338409,1
2026-06-09 15:24:55,895,EXP_FAULT_03,RUN_03,memory_stress,1,adservice,ad-f03-09,online-boutique,node-a,0.3196,27.2238,0,85.8545,0.002444,42.2347,29.4526,77.4909,105.6622,167.0925,82.3114,85.6446,0.0377,0.1722,109279.4239,85372.6644,memory_stress,checkoutservice,2026-06-09 15:15:00,2026-06-09 15:30:00,during_fault,2.1162763,1
2026-06-09 15:25:00,900,EXP_FAULT_03,RUN_03,memory_stress,1,adservice,ad-f03-09,online-boutique,node-a,0.3277,27.1954,0,87.6596,0.002989,39.1997,28.1147,75.4853,101.9445,145.7632,84.1737,87.3976,0.0881,0.1739,75461.9916,74190.2384,memory_stress,checkoutservice,2026-06-09 15:15:00,2026-06-09 15:30:00,during_fault,1.3852218,1
2026-06-09 15:25:05,905,EXP_FAULT_03,RUN_03,memory_stress,1,adservice,ad-f03-09,online-boutique,node-a,0.3176,27.7592,0,85.1731,0.00242,38.3324,25.5387,69.9177,99.001,156.0593,81.9436,84.9669,0.0385,0.1676,79180.2389,59267.1025,memory_stress,checkoutservice,2026-06-09 15:15:00,2026-06-09 15:30:00,during_fault,1.1342117,1
2026-06-09 15:25:10,910,EXP_FAULT_03,RUN_03,memory_stress,1,adservice,ad-f03-09,online-boutique,node-a,0.315,27.1937,0,86.4777,0.002619,34.116,26.4151,60.5002,84.9993,124.3127,83.3086,86.2512,0.0828,0.1437,103643.4737,76129.8235,memory_stress,checkoutservice,2026-06-09 15:15:00,2026-06-09 15:30:00,during_fault,0.147667,0
2026-06-09 15:25:15,915,EXP_FAULT_03,RUN_03,memory_stress,1,adservice,ad-f03-09,online-boutique,node-a,0.32,27.6991,0,83.8494,0.002419,39.9165,27.674,69.3077,96.146,147.6135,80.9058,83.6466,0.0676,0.1353,69009.5977,54511.3897,memory_stress,checkoutservice,2026-06-09 15:15:00,2026-06-09 15:30:00,during_fault,1.675024,1
2026-06-09 15:25:20,920,EXP_FAULT_03,RUN_03,memory_stress,1,adservice,ad-f03-09,online-boutique,node-a,0.3177,27.2852,0,83.6518,0.002527,38.1276,28.5432,74.5452,95.0068,136.1479,80.8289,83.4404,0.0762,0.1352,72902.5853,68635.1332,memory_stress,checkoutservice,2026-06-09 15:15:00,2026-06-09 15:30:00,during_fault,1.0726669,1
2026-06-09 15:25:25,925,EXP_FAULT_03,RUN_03,memory_stress,1,adservice,ad-f03-09,online-boutique,node-a,0.3043,27.0441,0,83.4403,0.002946,38.6402,27.6979,64.9144,90.7211,141.5598,80.7087,83.1945,0.1228,0.123,95354.4045,75331.9023,memory_stress,checkoutservice,2026-06-09 15:15:00,2026-06-09 15:30:00,during_fault,0.9075392,1
2026-06-09 15:25:30,930,EXP_FAULT_03,RUN_03,memory_stress,1,adservice,ad-f03-09,online-boutique,node-a,0.306,26.6161,0,83.8748,0.00178,38.766,26.8499,74.2506,99.6649,152.3766,81.2693,83.7256,0.0236,0.1256,90895.663,79839.866,memory_stress,checkoutservice,2026-06-09 15:15:00,2026-06-09 15:30:00,during_fault,0.8114495,1
2026-06-09 15:25:35,935,EXP_FAULT_03,RUN_03,memory_stress,1,adservice,ad-f03-09,online-boutique,node-a,0.3166,27.4905,0,87.5095,0.002893,41.0337,27.539,77.1383,95.6358,160.4406,84.8422,87.2564,0.1324,0.1207,88091.0413,66021.657,memory_stress,checkoutservice,2026-06-09 15:15:00,2026-06-09 15:30:00,during_fault,1.5627108,1
2026-06-09 15:25:40,940,EXP_FAULT_03,RUN_03,memory_stress,1,adservice,ad-f03-09,online-boutique,node-a,0.3031,27.2758,0,85.0879,0.002339,38.0149,25.9462,72.4558,89.6829,140.6422,82.5575,84.8888,0.0741,0.1249,69899.1446,61041.2696,memory_stress,checkoutservice,2026-06-09 15:15:00,2026-06-09 15:30:00,during_fault,0.53103554,1
2026-06-09 15:25:45,945,EXP_FAULT_03,RUN_03,memory_stress,1,adservice,ad-f03-09,online-boutique,node-a,0.3076,27.8195,0,82.6221,0.001895,41.1251,30.3901,72.415,98.0937,156.4234,80.2435,82.4656,0.0279,0.1287,101493.7899,57123.3752,memory_stress,checkoutservice,2026-06-09 15:15:00,2026-06-09 15:30:00,during_fault,1.7399347,1
2026-06-09 15:25:50,950,EXP_FAULT_03,RUN_03,memory_stress,1,adservice,ad-f03-09,online-boutique,node-a,0.3287,26.614,0,85.9453,0.002812,36.3816,28.2754,69.7132,86.0633,133.3751,83.4856,85.7036,0.1051,0.1365,95129.604,76482.7175,memory_stress,checkoutservice,2026-06-09 15:15:00,2026-06-09 15:30:00,during_fault,0.8036607,1
2026-06-09 15:25:55,955,EXP_FAULT_03,RUN_03,memory_stress,1,adservice,ad-f03-09,online-boutique,node-a,0.3264,27.1293,0,85.3325,0.002173,36.8968,27.1419,69.2222,83.2317,140.3587,82.9337,85.1471,0.0634,0.1221,83685.2401,76862.2585,memory_stress,checkoutservice,2026-06-09 15:15:00,2026-06-09 15:30:00,during_fault,0.7850958,1
2026-06-09 15:26:00,960,EXP_FAULT_03,RUN_03,memory_stress,1,adservice,ad-f03-09,online-boutique,node-a,0.3166,27.8233,0,84.9952,0.001931,38.8415,29.3962,71.9772,92.8348,138.9084,82.6254,84.831,0.0434,0.1207,85699.1597,69374.8617,memory_stress,checkoutservice,2026-06-09 15:15:00,2026-06-09 15:30:00,during_fault,1.0360615,1
2026-06-09 15:26:05,965,EXP_FAULT_03,RUN_03,memory_stress,1,adservice,ad-f03-09,online-boutique,node-a,0.2964,28.4607,0,82.1185,0.001823,36.7265,25.4482,65.2694,85.8617,141.5365,79.82,81.9688,0.0229,0.1268,103203.1989,74668.8369,memory_stress,checkoutservice,2026-06-09 15:15:00,2026-06-09 15:30:00,during_fault,1.807935,1
2026-06-09 15:26:10,970,EXP_FAULT_03,RUN_03,memory_stress,1,adservice,ad-f03-09,online-boutique,node-a,0.3254,27.4282,0,82.3627,0.002174,35.6854,26.9086,68.5819,83.3375,117.79,80.0229,82.1836,0.0634,0.1157,87257.8664,76122.9336,memory_stress,checkoutservice,2026-06-09 15:15:00,2026-06-09 15:30:00,during_fault,0.7797562,1
2026-06-09 15:26:15,975,EXP_FAULT_03,RUN_03,memory_stress,1,adservice,ad-f03-09,online-boutique,node-a,0.3203,27.2568,0,81.1073,0.002619,38.2594,28.2718,66.5817,86.0706,128.8122,78.7317,80.8948,0.0966,0.1158,91570.5953,83958.2947,memory_stress,checkoutservice,2026-06-09 15:15:00,2026-06-09 15:30:00,during_fault,1.4978861,1
2026-06-09 15:26:20,980,EXP_FAULT_03,RUN_03,memory_stress,1,adservice,ad-f03-09,online-boutique,node-a,0.3277,27.6219,0,81.9989,0.002495,35.5815,24.6288,63.5977,83.4461,121.5485,79.573,81.7944,0.0861,0.1185,95597.3829,61692.4969,memory_stress,checkoutservice,2026-06-09 15:15:00,2026-06-09 15:30:00,during_fault,0.93426764,1
2026-06-09 15:26:25,985,EXP_FAULT_03,RUN_03,memory_stress,1,adservice,ad-f03-09,online-boutique,node-a,0.3191,27.3631,0,78.9936,0.002286,34.0608,24.9517,57.2381,80.4916,118.5115,76.5998,78.813,0.0616,0.1189,92599.4302,64676.6837,memory_stress,checkoutservice,2026-06-09 15:15:00,2026-06-09 15:30:00,during_fault,0.6310188,1
2026-06-09 15:26:30,990,EXP_FAULT_03,RUN_03,memory_stress,1,adservice,ad-f03-09,online-boutique,node-a,0.3249,27.6212,0,83.544,0.002281,36.0431,27.3623,61.8387,80.4572,127.8397,80.9407,83.3534,0.0714,0.1192,102376.043,66775.251,memory_stress,checkoutservice,2026-06-09 15:15:00,2026-06-09 15:30:00,during_fault,0.76539475,1
2026-06-09 15:26:35,995,EXP_FAULT_03,RUN_03,memory_stress,1,adservice,ad-f03-09,online-boutique,node-a,0.3093,27.5643,0,82.6004,0.002874,41.3739,28.748,74.2377,95.599,159.4818,79.8991,82.363,0.1036,0.1337,104394.9263,71167.8114,memory_stress,checkoutservice,2026-06-09 15:15:00,2026-06-09 15:30:00,during_fault,2.2300353,1
2026-06-09 15:26:40,1000,EXP_FAULT_03,RUN_03,memory_stress,1,adservice,ad-f03-09,online-boutique,node-a,0.306,26.9484,0,81.4944,0.002381,38.9706,27.0661,72.5142,94.106,131.7501,78.7485,81.3004,0.0475,0.1465,89241.154,59409.0869,memory_stress,checkoutservice,2026-06-09 15:15:00,2026-06-09 15:30:00,during_fault,1.12354,1
2026-06-09 15:26:45,1005,EXP_FAULT_03,RUN_03,memory_stress,1,adservice,ad-f03-09,online-boutique,node-a,0.3097,27.0129,0,82.2445,0.002696,38.3911,26.3106,74.5074,90.6509,157.0686,79.3386,82.0228,0.0888,0.1329,80223.0725,82570.0851,memory_stress,checkoutservice,2026-06-09 15:15:00,2026-06-09 15:30:00,during_fault,1.0550047,1
2026-06-09 15:26:50,1010,EXP_FAULT_03,RUN_03,memory_stress,1,adservice,ad-f03-09,online-boutique,node-a,0.3001,27.1372,0,82.3881,0.002844,44.979,33.8506,80.5579,114.0399,174.6182,79.381,82.1538,0.0882,0.1461,73051.3541,78265.8661,memory_stress,checkoutservice,2026-06-09 15:15:00,2026-06-09 15:30:00,during_fault,3.013549,1
2026-06-09 15:26:55,1015,EXP_FAULT_03,RUN_03,memory_stress,1,adservice,ad-f03-09,online-boutique,node-a,0.3377,27.2433,0,83.1533,0.003244,37.434,25.3591,72.1348,90.2205,156.4602,79.9579,82.8835,0.1253,0.1445,88180.5457,59980.2422,memory_stress,checkoutservice,2026-06-09 15:15:00,2026-06-09 15:30:00,during_fault,1.8683987,1
2026-06-09 15:27:00,1020,EXP_FAULT_03,RUN_03,memory_stress,1,adservice,ad-f03-09,online-boutique,node-a,0.3294,27.1201,0,85.2577,0.0028,36.6017,26.7459,65.144,89.2745,156.0086,81.8635,85.0189,0.0685,0.1702,94396.7606,81252.0257,memory_stress,checkoutservice,2026-06-09 15:15:00,2026-06-09 15:30:00,during_fault,0.93910253,1
2026-06-09 15:27:05,1025,EXP_FAULT_03,RUN_03,memory_stress,1,adservice,ad-f03-09,online-boutique,node-a,0.2999,27.0183,0,82.9452,0.002295,40.8095,30.492,80.1562,99.0383,145.8776,79.5441,82.7548,0.024,0.1664,70603.0487,85444.871,memory_stress,checkoutservice,2026-06-09 15:15:00,2026-06-09 15:30:00,during_fault,1.2619674,1
2026-06-09 15:27:10,1030,EXP_FAULT_03,RUN_03,memory_stress,1,adservice,ad-f03-09,online-boutique,node-a,0.3092,26.8541,0,85.3849,0.002604,39.0912,28.0551,71.8236,92.8842,164.1826,81.7179,85.1625,0.0303,0.1921,76878.956,66177.1252,memory_stress,checkoutservice,2026-06-09 15:15:00,2026-06-09 15:30:00,during_fault,0.87575006,1
2026-06-09 15:27:15,1035,EXP_FAULT_03,RUN_03,memory_stress,1,adservice,ad-f03-09,online-boutique,node-a,0.3226,27.684,0,86.0064,0.003035,40.0101,28.4832,69.3473,97.6247,163.6425,82.1691,85.7453,0.0681,0.193,88887.2013,79032.2263,memory_stress,checkoutservice,2026-06-09 15:15:00,2026-06-09 15:30:00,during_fault,1.8381493,1
2026-06-09 15:27:20,1040,EXP_FAULT_03,RUN_03,memory_stress,1,adservice,ad-f03-09,online-boutique,node-a,0.3094,27.0084,0,90.1641,0.00372,41.2718,27.54,75.4083,100.5554,176.9099,85.9477,89.8287,0.1217,0.2137,88473.363,88279.7747,memory_stress,checkoutservice,2026-06-09 15:15:00,2026-06-09 15:30:00,during_fault,1.3418224,1
2026-06-09 15:27:25,1045,EXP_FAULT_03,RUN_03,memory_stress,1,adservice,ad-f03-09,online-boutique,node-a,0.3067,27.5623,0,86.525,0.003026,39.6532,27.1075,80.836,96.7259,147.2111,82.3969,86.2632,0.047,0.2148,74457.9429,61558.7595,memory_stress,checkoutservice,2026-06-09 15:15:00,2026-06-09 15:30:00,during_fault,1.3564584,1
2026-06-09 15:27:30,1050,EXP_FAULT_03,RUN_03,memory_stress,1,adservice,ad-f03-09,online-boutique,node-a,0.3148,27.1372,0,85.5538,0.004025,41.8431,29.3368,78.9372,110.7725,187.6203,81.2937,85.2095,0.1313,0.2131,96594.9321,57638.1208,memory_stress,checkoutservice,2026-06-09 15:15:00,2026-06-09 15:30:00,during_fault,2.4622502,1
2026-06-09 15:27:35,1055,EXP_FAULT_03,RUN_03,memory_stress,1,adservice,ad-f03-09,online-boutique,node-a,0.3118,27.436,0,89.9212,0.002815,47.2237,32.6305,84.0688,116.4742,197.6683,85.4151,89.6681,0.0301,0.223,105703.8186,64337.3484,memory_stress,checkoutservice,2026-06-09 15:15:00,2026-06-09 15:30:00,during_fault,3.32537,1
2026-06-09 15:27:40,1060,EXP_FAULT_03,RUN_03,memory_stress,1,adservice,ad-f03-09,online-boutique,node-a,0.3293,26.383,0,87.8289,0.003342,41.3185,30.475,76.2832,114.0155,176.609,83.2933,87.5354,0.0692,0.2243,86539.4864,85183.6538,memory_stress,checkoutservice,2026-06-09 15:15:00,2026-06-09 15:30:00,during_fault,2.1378918,1
2026-06-09 15:27:45,1065,EXP_FAULT_03,RUN_03,memory_stress,1,adservice,ad-f03-09,online-boutique,node-a,0.3023,27.1216,0,91.8079,0.003287,41.1984,30.6933,83.2915,113.4882,179.8142,86.9843,91.5061,0.0604,0.2414,76336.3996,87522.1852,memory_stress,checkoutservice,2026-06-09 15:15:00,2026-06-09 15:30:00,during_fault,0.8342326,1
2026-06-09 15:27:50,1070,EXP_FAULT_03,RUN_03,memory_stress,1,adservice,ad-f03-09,online-boutique,node-a,0.3151,27.4023,0,90.3327,0.003295,46.652,33.4587,92.2379,131.2702,184.0085,85.5062,90.0351,0.0498,0.2479,77727.6407,91269.2089,memory_stress,checkoutservice,2026-06-09 15:15:00,2026-06-09 15:30:00,during_fault,3.3476799,1
2026-06-09 15:27:55,1075,EXP_FAULT_03,RUN_03,memory_stress,1,adservice,ad-f03-09,online-boutique,node-a,0.3334,27.7263,0,90.6339,0.003786,41.7816,30.5723,80.1543,114.1506,176.9929,85.712,90.2908,0.0902,0.253,86700.9487,80839.3109,memory_stress,checkoutservice,2026-06-09 15:15:00,2026-06-09 15:30:00,during_fault,2.4691916,1
2026-06-09 15:28:00,1080,EXP_FAULT_03,RUN_03,memory_stress,1,adservice,ad-f03-09,online-boutique,node-a,0.3324,27.1488,0,92.2969,0.00346,42.1486,29.5157,83.322,109.6601,193.7258,87.2449,91.9776,0.0845,0.2348,97291.5957,73977.882,memory_stress,checkoutservice,2026-06-09 15:15:00,2026-06-09 15:30:00,during_fault,2.0864873,1
2026-06-09 15:28:05,1085,EXP_FAULT_03,RUN_03,memory_stress,1,adservice,ad-f03-09,online-boutique,node-a,0.3363,27.08,0,92.2071,0.003186,41.0703,28.298,84.9148,110.8664,165.2148,87.1312,91.9133,0.0539,0.2399,106381.6074,88838.7617,memory_stress,checkoutservice,2026-06-09 15:15:00,2026-06-09 15:30:00,during_fault,1.7643559,1
2026-06-09 15:28:10,1090,EXP_FAULT_03,RUN_03,memory_stress,1,adservice,ad-f03-09,online-boutique,node-a,0.3224,27.1784,0,92.7994,0.00356,46.016,31.0782,85.087,124.4663,206.9552,87.6628,92.4691,0.0764,0.254,97828.6024,86859.7166,memory_stress,checkoutservice,2026-06-09 15:15:00,2026-06-09 15:30:00,during_fault,3.1491528,1
2026-06-09 15:28:15,1095,EXP_FAULT_03,RUN_03,memory_stress,1,adservice,ad-f03-09,online-boutique,node-a,0.3039,27.3317,0,94.7577,0.003338,41.76,28.6996,75.4012,114.5632,170.6742,89.4946,94.4414,0.0645,0.2518,101571.6069,81304.1192,memory_stress,checkoutservice,2026-06-09 15:15:00,2026-06-09 15:30:00,during_fault,0.9026574,1
2026-06-09 15:28:20,1100,EXP_FAULT_03,RUN_03,memory_stress,1,adservice,ad-f03-09,online-boutique,node-a,0.3166,27.3719,0,92.3304,0.004211,42.7753,31.8173,80.7351,118.4114,167.5084,87.182,91.9415,0.1365,0.2523,103370.4654,95632.3915,memory_stress,checkoutservice,2026-06-09 15:15:00,2026-06-09 15:30:00,during_fault,2.2574942,1
2026-06-09 15:28:25,1105,EXP_FAULT_03,RUN_03,memory_stress,1,adservice,ad-f03-09,online-boutique,node-a,0.3221,26.8464,0,90.2796,0.00365,43.7067,29.4408,86.9606,112.2125,175.4328,85.3017,89.9501,0.0991,0.2305,107392.5776,91120.4772,memory_stress,checkoutservice,2026-06-09 15:15:00,2026-06-09 15:30:00,during_fault,2.518219,1
2026-06-09 15:28:30,1110,EXP_FAULT_03,RUN_03,memory_stress,1,adservice,ad-f03-09,online-boutique,node-a,0.3162,27.4023,0,90.621,0.003356,45.35,32.7316,94.1434,118.4264,209.7502,85.7122,90.3168,0.0675,0.2366,95940.6065,81956.5323,memory_stress,checkoutservice,2026-06-09 15:15:00,2026-06-09 15:30:00,during_fault,2.84676,1
2026-06-09 15:28:35,1115,EXP_FAULT_03,RUN_03,memory_stress,1,adservice,ad-f03-09,online-boutique,node-a,0.3242,26.9906,0,91.0091,0.003532,41.9886,31.6922,85.3936,107.5101,185.3125,86.1322,90.6877,0.0912,0.2302,80558.7536,90369.2356,memory_stress,checkoutservice,2026-06-09 15:15:00,2026-06-09 15:30:00,during_fault,1.8938675,1
2026-06-09 15:28:40,1120,EXP_FAULT_03,RUN_03,memory_stress,1,adservice,ad-f03-09,online-boutique,node-a,0.3229,26.8668,0,91.9745,0.003669,42.6174,29.1189,82.3905,121.0751,181.452,87.1035,91.637,0.1076,0.2299,104209.2478,76868.2241,memory_stress,checkoutservice,2026-06-09 15:15:00,2026-06-09 15:30:00,during_fault,1.960576,1
2026-06-09 15:28:45,1125,EXP_FAULT_03,RUN_03,memory_stress,1,adservice,ad-f03-09,online-boutique,node-a,0.2986,27.54,0,89.1514,0.003778,40.9694,30.949,77.9204,113.1554,181.3934,84.522,88.8145,0.1077,0.2291,106230.5755,71418.6555,memory_stress,checkoutservice,2026-06-09 15:15:00,2026-06-09 15:30:00,during_fault,2.1878262,1
2026-06-09 15:28:50,1130,EXP_FAULT_03,RUN_03,memory_stress,1,adservice,ad-f03-09,online-boutique,node-a,0.3315,27.4945,0,88.7586,0.003854,47.2878,32.238,96.6442,131.6263,196.9056,84.2616,88.4165,0.1122,0.23,78293.4724,66689.9137,memory_stress,checkoutservice,2026-06-09 15:15:00,2026-06-09 15:30:00,during_fault,5.218125,1
2026-06-09 15:28:55,1135,EXP_FAULT_03,RUN_03,memory_stress,1,adservice,ad-f03-09,online-boutique,node-a,0.3329,27.0179,0,91.0417,0.003976,42.157,28.2674,82.0618,104.2339,188.572,86.525,90.6797,0.1326,0.2295,95237.1966,90542.41,memory_stress,checkoutservice,2026-06-09 15:15:00,2026-06-09 15:30:00,during_fault,2.5653205,1
2026-06-09 15:29:00,1140,EXP_FAULT_03,RUN_03,memory_stress,1,adservice,ad-f03-09,online-boutique,node-a,0.3167,27.6942,0,89.7401,0.002657,40.6861,27.1627,78.8196,102.7684,170.9121,85.4914,89.5017,0.0452,0.1933,81390.7497,61183.7489,memory_stress,checkoutservice,2026-06-09 15:15:00,2026-06-09 15:30:00,during_fault,1.1879373,1
2026-06-09 15:29:05,1145,EXP_FAULT_03,RUN_03,memory_stress,1,adservice,ad-f03-09,online-boutique,node-a,0.3142,27.165,0,93.3058,0.002535,42.8618,31.8082,85.2178,106.801,167.5721,89.0268,93.0693,0.0283,0.2082,77604.3999,91360.9107,memory_stress,checkoutservice,2026-06-09 15:15:00,2026-06-09 15:30:00,during_fault,1.2135166,1
2026-06-09 15:29:10,1150,EXP_FAULT_03,RUN_03,memory_stress,1,adservice,ad-f03-09,online-boutique,node-a,0.3022,27.4862,0,87.8346,0.003302,40.2898,29.5847,74.6997,96.7075,163.7302,83.8943,87.5446,0.1127,0.1774,99096.3122,77222.7084,memory_stress,checkoutservice,2026-06-09 15:15:00,2026-06-09 15:30:00,during_fault,1.4496768,1
2026-06-09 15:29:15,1155,EXP_FAULT_03,RUN_03,memory_stress,1,adservice,ad-f03-09,online-boutique,node-a,0.3001,26.4575,0,89.6465,0.002803,37.5028,25.9142,71.8319,97.9405,158.9224,85.806,89.3952,0.0661,0.1852,102454.4786,65875.7507,memory_stress,checkoutservice,2026-06-09 15:15:00,2026-06-09 15:30:00,during_fault,0.18507661,0
2026-06-09 15:29:20,1160,EXP_FAULT_03,RUN_03,memory_stress,1,adservice,ad-f03-09,online-boutique,node-a,0.3077,26.9947,0,94.2993,0.002362,43.4333,30.1211,82.8701,113.6594,180.3568,90.4258,94.0765,0.0272,0.1955,82990.427,76449.4411,memory_stress,checkoutservice,2026-06-09 15:15:00,2026-06-09 15:30:00,during_fault,0.9875244,1
2026-06-09 15:29:25,1165,EXP_FAULT_03,RUN_03,memory_stress,1,adservice,ad-f03-09,online-boutique,node-a,0.3035,27.5897,0,87.007,0.00266,40.2336,29.1287,72.3592,105.7035,142.2405,83.5475,86.7756,0.0753,0.1562,89885.2319,64745.8079,memory_stress,checkoutservice,2026-06-09 15:15:00,2026-06-09 15:30:00,during_fault,1.1264503,1
2026-06-09 15:29:30,1170,EXP_FAULT_03,RUN_03,memory_stress,1,adservice,ad-f03-09,online-boutique,node-a,0.3379,27.7649,0,88.2625,0.00273,39.6537,30.0219,69.2691,104.0944,158.8753,84.9075,88.0216,0.0892,0.1517,92070.8533,66492.4251,memory_stress,checkoutservice,2026-06-09 15:15:00,2026-06-09 15:30:00,during_fault,1.7994391,1
2026-06-09 15:29:35,1175,EXP_FAULT_03,RUN_03,memory_stress,1,adservice,ad-f03-09,online-boutique,node-a,0.3089,27.2337,0,88.8186,0.003298,39.2014,29.6834,76.0219,90.6053,149.4211,85.5228,88.5257,0.1393,0.1537,93222.6053,59666.5934,memory_stress,checkoutservice,2026-06-09 15:15:00,2026-06-09 15:30:00,during_fault,0.8450216,1
2026-06-09 15:29:40,1180,EXP_FAULT_03,RUN_03,memory_stress,1,adservice,ad-f03-09,online-boutique,node-a,0.3242,27.7995,0,88.4928,0.002105,37.7539,25.269,66.8813,95.1593,146.5399,85.4075,88.3065,0.0418,0.1445,113067.5274,79371.7939,memory_stress,checkoutservice,2026-06-09 15:15:00,2026-06-09 15:30:00,during_fault,0.65484685,1
2026-06-09 15:29:45,1185,EXP_FAULT_03,RUN_03,memory_stress,1,adservice,ad-f03-09,online-boutique,node-a,0.33,28.2149,0,89.4189,0.001919,37.8581,28.6072,73.1383,92.0515,133.8335,86.4296,89.2473,0.0328,0.1387,102868.6003,85876.625,memory_stress,checkoutservice,2026-06-09 15:15:00,2026-06-09 15:30:00,during_fault,0.9664488,1
2026-06-09 15:29:50,1190,EXP_FAULT_03,RUN_03,memory_stress,1,adservice,ad-f03-09,online-boutique,node-a,0.318,27.1365,0,90.2873,0.002395,39.1003,29.6535,71.7472,98.6048,136.7186,87.3714,90.0711,0.0693,0.147,109859.8664,69988.3106,memory_stress,checkoutservice,2026-06-09 15:15:00,2026-06-09 15:30:00,during_fault,0.6695071,1
2026-06-09 15:29:55,1195,EXP_FAULT_03,RUN_03,memory_stress,1,adservice,ad-f03-09,online-boutique,node-a,0.3137,27.0418,0,90.2303,0.002646,38.8335,29.2953,69.8395,96.2707,141.7809,87.3886,89.9916,0.1102,0.1285,75986.6843,91266.1735,memory_stress,checkoutservice,2026-06-09 15:15:00,2026-06-09 15:30:00,during_fault,0.55901426,1
2026-06-09 15:30:00,1200,EXP_FAULT_03,RUN_03,memory_stress,1,adservice,ad-f03-09,online-boutique,node-a,0.3207,27.9579,0,92.9209,0.003164,40.6903,31.6838,70.8016,97.7801,158.922,90.0481,92.6269,0.1358,0.1582,100577.7472,73378.8347,memory_stress,checkoutservice,2026-06-09 15:15:00,2026-06-09 15:30:00,post_fault,1.6059124,1
2026-06-09 15:30:05,1205,EXP_FAULT_03,RUN_03,memory_stress,1,adservice,ad-f03-09,online-boutique,node-a,0.3033,27.4316,0,88.9276,0.002591,38.3759,29.3035,64.8437,90.9836,140.1562,86.1978,88.6971,0.1049,0.1256,88602.3466,67571.4076,memory_stress,checkoutservice,2026-06-09 15:15:00,2026-06-09 15:30:00,post_fault,0.4346215,1
2026-06-09 15:30:10,1210,EXP_FAULT_03,RUN_03,memory_stress,1,adservice,ad-f03-09,online-boutique,node-a,0.3026,26.571,0,90.6762,0.002286,38.659,28.5547,73.7379,85.3878,138.0265,87.9541,90.469,0.0557,0.1515,75656.6607,85171.1093,memory_stress,checkoutservice,2026-06-09 15:15:00,2026-06-09 15:30:00,post_fault,0.26310378,0
2026-06-09 15:30:15,1215,EXP_FAULT_03,RUN_03,memory_stress,1,adservice,ad-f03-09,online-boutique,node-a,0.3207,27.3373,0,89.6962,0.002271,38.6102,26.4498,73.7705,98.363,138.9205,87.0397,89.4925,0.0734,0.1303,83108.0454,62412.5136,memory_stress,checkoutservice,2026-06-09 15:15:00,2026-06-09 15:30:00,post_fault,0.6712018,1
2026-06-09 15:30:20,1220,EXP_FAULT_03,RUN_03,memory_stress,1,adservice,ad-f03-09,online-boutique,node-a,0.3047,27.7728,0,92.7058,0.002559,38.0405,29.0415,72.6475,97.0134,131.4064,89.9763,92.4686,0.0905,0.1467,76255.7457,96265.3057,memory_stress,checkoutservice,2026-06-09 15:15:00,2026-06-09 15:30:00,post_fault,0.5948309,1
2026-06-09 15:30:25,1225,EXP_FAULT_03,RUN_03,memory_stress,1,adservice,ad-f03-09,online-boutique,node-a,0.3195,27.1869,0,92.1804,0.001995,38.3362,27.2651,71.0704,83.9878,131.7943,89.5457,91.9966,0.0354,0.1484,100899.6039,68171.403,memory_stress,checkoutservice,2026-06-09 15:15:00,2026-06-09 15:30:00,post_fault,0.36478704,0
2026-06-09 15:30:30,1230,EXP_FAULT_03,RUN_03,memory_stress,1,adservice,ad-f03-09,online-boutique,node-a,0.2978,27.2075,0,92.7059,0.002024,36.9538,28.2692,64.2379,92.6287,132.4412,90.0902,92.5183,0.0646,0.123,102969.3517,81234.7427,memory_stress,checkoutservice,2026-06-09 15:15:00,2026-06-09 15:30:00,post_fault,0.018583473,0
2026-06-09 15:30:35,1235,EXP_FAULT_03,RUN_03,memory_stress,1,adservice,ad-f03-09,online-boutique,node-a,0.3198,27.4426,0,90.8857,0.002282,39.7782,27.0577,66.3731,92.0408,136.3601,88.3564,90.6783,0.0835,0.1239,109166.6193,84800.1762,memory_stress,checkoutservice,2026-06-09 15:15:00,2026-06-09 15:30:00,post_fault,0.7939693,1
2026-06-09 15:30:40,1240,EXP_FAULT_03,RUN_03,memory_stress,1,adservice,ad-f03-09,online-boutique,node-a,0.3136,27.1166,0,91.0283,0.00204,38.3809,26.7789,69.2679,96.1942,128.7799,88.5286,90.8426,0.0484,0.1373,102285.7037,69862.8593,memory_stress,checkoutservice,2026-06-09 15:15:00,2026-06-09 15:30:00,post_fault,0.33958548,0
2026-06-09 15:30:45,1245,EXP_FAULT_03,RUN_03,memory_stress,1,adservice,ad-f03-09,online-boutique,node-a,0.3091,27.3269,0,93.0247,0.002569,38.8684,29.8913,70.0898,93.1102,126.0047,90.4564,92.7858,0.1253,0.1137,76481.7046,94191.4485,memory_stress,checkoutservice,2026-06-09 15:15:00,2026-06-09 15:30:00,post_fault,0.34452075,0
2026-06-09 15:30:50,1250,EXP_FAULT_03,RUN_03,memory_stress,1,adservice,ad-f03-09,online-boutique,node-a,0.3231,27.7971,0,90.6081,0.002838,36.9729,28.239,60.8457,90.1504,124.2299,88.1507,90.351,0.1209,0.1362,77233.1963,84520.6942,memory_stress,checkoutservice,2026-06-09 15:15:00,2026-06-09 15:30:00,post_fault,0.6677636,1
2026-06-09 15:30:55,1255,EXP_FAULT_03,RUN_03,memory_stress,1,adservice,ad-f03-09,online-boutique,node-a,0.3301,27.683,0,93.2911,0.002236,39.4915,26.659,72.1218,96.8854,130.3587,90.8102,93.0825,0.0909,0.1177,84580.7931,94587.4737,memory_stress,checkoutservice,2026-06-09 15:15:00,2026-06-09 15:30:00,post_fault,0.8110706,1
2026-06-09 15:31:00,1260,EXP_FAULT_03,RUN_03,memory_stress,1,adservice,ad-f03-09,online-boutique,node-a,0.3249,27.692,0,95.5001,0.001934,36.1596,27.3818,59.8246,81.7647,128.8762,93.0287,95.3154,0.0633,0.1214,89767.9024,85525.8484,memory_stress,checkoutservice,2026-06-09 15:15:00,2026-06-09 15:30:00,post_fault,0.094004035,0
2026-06-09 15:31:05,1265,EXP_FAULT_03,RUN_03,memory_stress,1,adservice,ad-f03-09,online-boutique,node-a,0.3315,27.9086,0,96.6298,0.001739,39.7793,28.9723,65.3536,89.2563,129.5157,94.1493,96.4618,0.0348,0.1333,97553.2672,81358.1072,memory_stress,checkoutservice,2026-06-09 15:15:00,2026-06-09 15:30:00,post_fault,0.7089282,1
2026-06-09 15:31:10,1270,EXP_FAULT_03,RUN_03,memory_stress,1,adservice,ad-f03-09,online-boutique,node-a,0.3152,27.6798,0,97.5189,0.002238,34.8111,24.6219,59.3217,76.7688,126.9053,95.0122,97.3006,0.0983,0.12,102707.424,86418.3354,memory_stress,checkoutservice,2026-06-09 15:15:00,2026-06-09 15:30:00,post_fault,0.08116953,0
2026-06-09 15:31:15,1275,EXP_FAULT_03,RUN_03,memory_stress,1,adservice,ad-f03-09,online-boutique,node-a,0.3477,26.8708,0,95.6508,0.002589,39.6803,30.4102,72.4031,89.8617,150.9693,93.2088,95.4032,0.1285,0.1191,114080.283,98538.2895,memory_stress,checkoutservice,2026-06-09 15:15:00,2026-06-09 15:30:00,post_fault,1.2815155,1
2026-06-09 15:31:20,1280,EXP_FAULT_03,RUN_03,memory_stress,1,adservice,ad-f03-09,online-boutique,node-a,0.3037,27.7086,0,92.378,0.002274,41.6821,32.1024,77.497,90.9358,132.4302,90.0892,92.1679,0.1022,0.1079,95863.4132,80027.7556,memory_stress,checkoutservice,2026-06-09 15:15:00,2026-06-09 15:30:00,post_fault,0.8701647,1
2026-06-09 15:31:25,1285,EXP_FAULT_03,RUN_03,memory_stress,1,adservice,ad-f03-09,online-boutique,node-a,0.3285,27.5419,0,92.7013,0.002748,36.3582,27.9975,61.4532,81.2957,119.9741,90.384,92.4466,0.1475,0.1072,80688.5026,80149.8806,memory_stress,checkoutservice,2026-06-09 15:15:00,2026-06-09 15:30:00,post_fault,0.3702729,0
2026-06-09 15:31:30,1290,EXP_FAULT_03,RUN_03,memory_stress,1,adservice,ad-f03-09,online-boutique,node-a,0.3242,27.5141,0,92.7087,0.001687,36.193,24.7568,59.9558,86.8449,129.3707,90.4944,92.5523,0.0326,0.1238,83610.5885,72450.428,memory_stress,checkoutservice,2026-06-09 15:15:00,2026-06-09 15:30:00,post_fault,0.153946,0
2026-06-09 15:31:35,1295,EXP_FAULT_03,RUN_03,memory_stress,1,adservice,ad-f03-09,online-boutique,node-a,0.3234,27.058,0,94.8677,0.002336,38.6983,27.5254,65.9942,85.84,144.4984,92.5988,94.6461,0.09,0.1316,107839.8996,64814.5053,memory_stress,checkoutservice,2026-06-09 15:15:00,2026-06-09 15:30:00,post_fault,0.37828338,0
2026-06-09 15:31:40,1300,EXP_FAULT_03,RUN_03,memory_stress,1,adservice,ad-f03-09,online-boutique,node-a,0.3159,26.9721,0,93.5956,0.002177,36.0404,24.3747,59.6813,81.6701,118.3122,91.4029,93.3918,0.0941,0.1097,114322.1757,73363.4135,memory_stress,checkoutservice,2026-06-09 15:15:00,2026-06-09 15:30:00,post_fault,0.052084852,0
2026-06-09 15:31:45,1305,EXP_FAULT_03,RUN_03,memory_stress,1,adservice,ad-f03-09,online-boutique,node-a,0.311,27.2214,0,93.4028,0.001951,36.0395,25.6501,67.3034,85.1261,128.0609,91.2508,93.2206,0.0693,0.1129,96669.5745,93785.7253,memory_stress,checkoutservice,2026-06-09 15:15:00,2026-06-09 15:30:00,post_fault,0.023622122,0
2026-06-09 15:31:50,1310,EXP_FAULT_03,RUN_03,memory_stress,1,adservice,ad-f03-09,online-boutique,node-a,0.3374,27.6577,0,92.0094,0.001536,36.2468,27.8177,62.5421,87.2169,121.0183,89.9241,91.8681,0.0396,0.1017,115495.1895,63489.2481,memory_stress,checkoutservice,2026-06-09 15:15:00,2026-06-09 15:30:00,post_fault,0.543894,1
2026-06-09 15:31:55,1315,EXP_FAULT_03,RUN_03,memory_stress,1,adservice,ad-f03-09,online-boutique,node-a,0.3259,27.2363,0,91.1496,0.00185,39.3308,30.2185,65.5402,94.6406,122.7173,89.1093,90.9809,0.0771,0.0916,112339.8018,71496.6018,memory_stress,checkoutservice,2026-06-09 15:15:00,2026-06-09 15:30:00,post_fault,0.7468786,1
2026-06-09 15:32:00,1320,EXP_FAULT_03,RUN_03,memory_stress,1,adservice,ad-f03-09,online-boutique,node-a,0.3053,27.8739,0,91.3323,0.00165,36.3853,24.6676,60.0421,80.2776,127.3191,89.3202,91.1816,0.0409,0.1098,114309.4429,59725.1768,memory_stress,checkoutservice,2026-06-09 15:15:00,2026-06-09 15:30:00,post_fault,0.14052829,0
2026-06-09 15:32:05,1325,EXP_FAULT_03,RUN_03,memory_stress,1,adservice,ad-f03-09,online-boutique,node-a,0.3111,27.4004,0,90.7751,0.002261,37.8488,29.0353,66.5347,81.4158,116.4264,88.7871,90.5698,0.1126,0.0926,104578.3782,90560.4129,memory_stress,checkoutservice,2026-06-09 15:15:00,2026-06-09 15:30:00,post_fault,0.29381713,0
2026-06-09 15:32:10,1330,EXP_FAULT_03,RUN_03,memory_stress,1,adservice,ad-f03-09,online-boutique,node-a,0.3078,27.5517,0,86.1966,0.001913,36.38,24.749,58.6322,80.425,131.5465,84.3304,86.0317,0.0605,0.1045,90287.2546,76166.2724,memory_stress,checkoutservice,2026-06-09 15:15:00,2026-06-09 15:30:00,post_fault,0.25410205,0
2026-06-09 15:32:15,1335,EXP_FAULT_03,RUN_03,memory_stress,1,adservice,ad-f03-09,online-boutique,node-a,0.2841,27.5543,0,87.2485,0.002142,35.5792,24.4317,62.8613,79.7681,112.4953,85.3782,87.0616,0.0993,0.0876,105248.6632,72385.067,memory_stress,checkoutservice,2026-06-09 15:15:00,2026-06-09 15:30:00,post_fault,0.27428675,0
2026-06-09 15:32:20,1340,EXP_FAULT_03,RUN_03,memory_stress,1,adservice,ad-f03-09,online-boutique,node-a,0.3049,27.1423,0,86.7407,0.002126,37.9812,26.7748,70.5868,90.3563,118.2232,84.9197,86.5563,0.0947,0.0898,96398.6919,88060.9936,memory_stress,checkoutservice,2026-06-09 15:15:00,2026-06-09 15:30:00,post_fault,0.40125108,0
2026-06-09 15:32:25,1345,EXP_FAULT_03,RUN_03,memory_stress,1,adservice,ad-f03-09,online-boutique,node-a,0.3271,28.0475,0,85.1171,0.001505,33.5158,26.4931,57.773,81.0613,106.8184,83.3631,84.989,0.0422,0.0859,78014.9199,73769.7337,memory_stress,checkoutservice,2026-06-09 15:15:00,2026-06-09 15:30:00,post_fault,0.35996452,0
2026-06-09 15:32:30,1350,EXP_FAULT_03,RUN_03,memory_stress,1,adservice,ad-f03-09,online-boutique,node-a,0.3107,27.5076,0,84.4803,0.001559,38.504,27.5195,62.6746,90.8981,115.9503,82.7697,84.3486,0.0507,0.081,101185.5248,74457.7457,memory_stress,checkoutservice,2026-06-09 15:15:00,2026-06-09 15:30:00,post_fault,0.74191695,1
2026-06-09 15:32:35,1355,EXP_FAULT_03,RUN_03,memory_stress,1,adservice,ad-f03-09,online-boutique,node-a,0.31,27.3679,0,84.6211,0.001761,34.452,27.2578,56.0503,79.9487,112.3431,82.9068,84.4721,0.0721,0.0769,82186.4238,63627.0567,memory_stress,checkoutservice,2026-06-09 15:15:00,2026-06-09 15:30:00,post_fault,0.13426712,0
2026-06-09 15:32:40,1360,EXP_FAULT_03,RUN_03,memory_stress,1,adservice,ad-f03-09,online-boutique,node-a,0.3209,27.4433,0,81.0189,0.001324,34.6701,27.3775,58.2556,82.7367,121.9465,79.4264,80.9116,0.034,0.0732,81154.1401,63331.6086,memory_stress,checkoutservice,2026-06-09 15:15:00,2026-06-09 15:30:00,post_fault,0.49931598,1
2026-06-09 15:32:45,1365,EXP_FAULT_03,RUN_03,memory_stress,1,adservice,ad-f03-09,online-boutique,node-a,0.2948,27.5213,0,83.0588,0.001862,35.9702,25.9638,58.895,83.1009,125.5198,81.4231,82.9042,0.075,0.0797,73181.0568,58503.0594,memory_stress,checkoutservice,2026-06-09 15:15:00,2026-06-09 15:30:00,post_fault,0.25906122,0
2026-06-09 15:32:50,1370,EXP_FAULT_03,RUN_03,memory_stress,1,adservice,ad-f03-09,online-boutique,node-a,0.3202,26.6108,0,82.7608,0.002307,39.5753,28.6863,68.8543,83.9318,128.2452,81.1136,82.5698,0.1193,0.0717,79454.6473,54605.8071,memory_stress,checkoutservice,2026-06-09 15:15:00,2026-06-09 15:30:00,post_fault,1.6317688,1
2026-06-09 15:32:55,1375,EXP_FAULT_03,RUN_03,memory_stress,1,adservice,ad-f03-09,online-boutique,node-a,0.3353,26.9636,0,83.6991,0.002074,31.5953,22.0216,55.7842,73.0862,109.4167,82.1036,83.5256,0.0999,0.0737,94115.3139,61281.575,memory_stress,checkoutservice,2026-06-09 15:15:00,2026-06-09 15:30:00,post_fault,0.2780202,0
2026-06-09 15:33:00,1380,EXP_FAULT_03,RUN_03,memory_stress,1,adservice,ad-f03-09,online-boutique,node-a,0.3067,27.4709,0,84.4323,0.002128,35.1733,26.3751,60.0793,83.2943,108.0156,82.8444,84.2526,0.0976,0.082,71634.5732,80064.8495,memory_stress,checkoutservice,2026-06-09 15:15:00,2026-06-09 15:30:00,post_fault,0.23011073,0
2026-06-09 15:33:05,1385,EXP_FAULT_03,RUN_03,memory_stress,1,adservice,ad-f03-09,online-boutique,node-a,0.3155,27.8483,0,82.7075,0.001966,34.6995,23.5708,57.5988,78.8208,116.9417,81.1556,82.5449,0.0846,0.078,94455.5115,58837.3273,memory_stress,checkoutservice,2026-06-09 15:15:00,2026-06-09 15:30:00,post_fault,0.5156472,1
2026-06-09 15:33:10,1390,EXP_FAULT_03,RUN_03,memory_stress,1,adservice,ad-f03-09,online-boutique,node-a,0.3044,27.2041,0,80.5826,0.001587,33.7336,26.1578,56.3341,69.0381,104.987,79.1052,80.4547,0.0504,0.0775,100523.7664,66053.1067,memory_stress,checkoutservice,2026-06-09 15:15:00,2026-06-09 15:30:00,post_fault,0.18010685,0
2026-06-09 15:33:15,1395,EXP_FAULT_03,RUN_03,memory_stress,1,adservice,ad-f03-09,online-boutique,node-a,0.3001,27.0914,0,82.6986,0.001174,35.708,27.0152,63.3162,82.4744,112.3412,81.2319,82.6016,0.0288,0.0683,95931.0514,75290.8473,memory_stress,checkoutservice,2026-06-09 15:15:00,2026-06-09 15:30:00,post_fault,0.21362141,0
2026-06-09 15:33:20,1400,EXP_FAULT_03,RUN_03,memory_stress,1,adservice,ad-f03-09,online-boutique,node-a,0.3234,27.6087,0,82.2366,0.001429,36.1698,26.2317,65.4906,80.9562,117.779,80.7769,82.1191,0.047,0.0705,76410.0692,55066.6927,memory_stress,checkoutservice,2026-06-09 15:15:00,2026-06-09 15:30:00,post_fault,0.76072645,1
2026-06-09 15:33:25,1405,EXP_FAULT_03,RUN_03,memory_stress,1,adservice,ad-f03-09,online-boutique,node-a,0.3055,27.6659,0,80.3464,0.001439,36.3082,28.5439,63.6107,77.4706,117.6936,78.9423,80.2308,0.048,0.0676,89976.3379,80958.86,memory_stress,checkoutservice,2026-06-09 15:15:00,2026-06-09 15:30:00,post_fault,0.54157555,1
2026-06-09 15:33:30,1410,EXP_FAULT_03,RUN_03,memory_stress,1,adservice,ad-f03-09,online-boutique,node-a,0.3103,27.2822,0,83.181,0.002236,35.719,25.2655,58.7919,78.7144,123.8392,81.6962,82.995,0.1204,0.0656,87363.8836,84172.2361,memory_stress,checkoutservice,2026-06-09 15:15:00,2026-06-09 15:30:00,post_fault,0.39328313,0
2026-06-09 15:33:35,1415,EXP_FAULT_03,RUN_03,memory_stress,1,adservice,ad-f03-09,online-boutique,node-a,0.3087,27.4027,0,80.3695,0.002021,38.364,26.2093,65.6492,83.6198,126.0869,78.9592,80.2071,0.0949,0.0675,102235.5713,81818.8211,memory_stress,checkoutservice,2026-06-09 15:15:00,2026-06-09 15:30:00,post_fault,1.142134,1
2026-06-09 15:33:40,1420,EXP_FAULT_03,RUN_03,memory_stress,1,adservice,ad-f03-09,online-boutique,node-a,0.2973,27.2765,0,84.3545,0.001599,37.7462,29.0198,60.8167,80.6264,122.1245,82.928,84.2195,0.0438,0.0911,81093.518,73286.241,memory_stress,checkoutservice,2026-06-09 15:15:00,2026-06-09 15:30:00,post_fault,0.36333156,0
2026-06-09 15:33:45,1425,EXP_FAULT_03,RUN_03,memory_stress,1,adservice,ad-f03-09,online-boutique,node-a,0.3102,27.3231,0,84.8169,0.002206,32.7783,22.8926,58.3734,70.0688,104.5772,83.3738,84.6298,0.1226,0.0645,93718.0919,80506.3489,memory_stress,checkoutservice,2026-06-09 15:15:00,2026-06-09 15:30:00,post_fault,0.07557659,0
2026-06-09 15:33:50,1430,EXP_FAULT_03,RUN_03,memory_stress,1,adservice,ad-f03-09,online-boutique,node-a,0.3222,27.7681,0,85.3198,0.002544,35.8706,25.5994,57.2266,79.221,106.942,83.8442,85.1028,0.1361,0.081,103312.5439,84269.9102,memory_stress,checkoutservice,2026-06-09 15:15:00,2026-06-09 15:30:00,post_fault,0.76982176,1
2026-06-09 15:33:55,1435,EXP_FAULT_03,RUN_03,memory_stress,1,adservice,ad-f03-09,online-boutique,node-a,0.3232,27.1052,0,80.9437,0.002254,34.5972,27.346,54.8954,72.3988,119.0197,79.6065,80.7612,0.1145,0.0679,91771.1386,65075.9184,memory_stress,checkoutservice,2026-06-09 15:15:00,2026-06-09 15:30:00,post_fault,0.62749773,1
2026-06-09 15:34:00,1440,EXP_FAULT_03,RUN_03,memory_stress,1,adservice,ad-f03-09,online-boutique,node-a,0.3101,27.2292,0,86.8837,0.002308,35.9882,26.3935,62.1393,74.9639,105.5964,85.4431,86.6831,0.1213,0.0793,105169.1588,84718.0323,memory_stress,checkoutservice,2026-06-09 15:15:00,2026-06-09 15:30:00,post_fault,0.22518834,0
2026-06-09 15:34:05,1445,EXP_FAULT_03,RUN_03,memory_stress,1,adservice,ad-f03-09,online-boutique,node-a,0.3216,27.1574,0,84.8212,0.001822,36.7398,26.701,57.7157,81.5593,115.61,83.4833,84.6666,0.0809,0.0736,92838.0462,67548.7598,memory_stress,checkoutservice,2026-06-09 15:15:00,2026-06-09 15:30:00,post_fault,0.630592,1
2026-06-09 15:34:10,1450,EXP_FAULT_03,RUN_03,memory_stress,1,adservice,ad-f03-09,online-boutique,node-a,0.3283,27.286,0,83.3398,0.002445,36.5384,27.0811,57.8618,74.621,109.8819,82.0213,83.1361,0.1194,0.0843,89101.8019,72054.5545,memory_stress,checkoutservice,2026-06-09 15:15:00,2026-06-09 15:30:00,post_fault,1.0060709,1
2026-06-09 15:34:15,1455,EXP_FAULT_03,RUN_03,memory_stress,1,adservice,ad-f03-09,online-boutique,node-a,0.3256,26.9651,0,81.7751,0.002032,33.6343,24.0455,61.0824,67.4703,109.3478,80.513,81.6089,0.1044,0.0617,100772.9342,60047.6973,memory_stress,checkoutservice,2026-06-09 15:15:00,2026-06-09 15:30:00,post_fault,0.4361825,1
2026-06-09 15:34:20,1460,EXP_FAULT_03,RUN_03,memory_stress,1,adservice,ad-f03-09,online-boutique,node-a,0.3195,27.2303,0,81.3365,0.00214,35.8842,25.543,57.0126,76.8604,120.7565,80.0994,81.1624,0.0926,0.0814,94573.5115,84124.0521,memory_stress,checkoutservice,2026-06-09 15:15:00,2026-06-09 15:30:00,post_fault,0.7509944,1
2026-06-09 15:34:25,1465,EXP_FAULT_03,RUN_03,memory_stress,1,adservice,ad-f03-09,online-boutique,node-a,0.3068,27.4729,0,80.9549,0.001734,35.4187,27.9075,59.2353,77.9914,107.8548,79.7422,80.8146,0.0842,0.0562,102107.0855,70159.1898,memory_stress,checkoutservice,2026-06-09 15:15:00,2026-06-09 15:30:00,post_fault,0.402428,0
2026-06-09 15:34:30,1470,EXP_FAULT_03,RUN_03,memory_stress,1,adservice,ad-f03-09,online-boutique,node-a,0.317,27.819,0,83.6507,0.00192,36.5596,28.2412,56.841,80.9987,124.2549,82.397,83.49,0.0868,0.0739,76341.8497,54721.8306,memory_stress,checkoutservice,2026-06-09 15:15:00,2026-06-09 15:30:00,post_fault,0.72214156,1
2026-06-09 15:34:35,1475,EXP_FAULT_03,RUN_03,memory_stress,1,adservice,ad-f03-09,online-boutique,node-a,0.3069,27.5812,0,83.1094,0.001764,34.3368,25.6573,55.5533,79.6591,105.892,81.8826,82.9628,0.0676,0.079,96239.5354,78231.2669,memory_stress,checkoutservice,2026-06-09 15:15:00,2026-06-09 15:30:00,post_fault,0.16700074,0
2026-06-09 15:34:40,1480,EXP_FAULT_03,RUN_03,memory_stress,1,adservice,ad-f03-09,online-boutique,node-a,0.3108,27.4741,0,83.2396,0.001481,36.5364,25.7613,57.7011,80.1932,113.745,82.0557,83.1163,0.0502,0.0731,94965.6205,65322.8236,memory_stress,checkoutservice,2026-06-09 15:15:00,2026-06-09 15:30:00,post_fault,0.47398105,1
2026-06-09 15:34:45,1485,EXP_FAULT_03,RUN_03,memory_stress,1,adservice,ad-f03-09,online-boutique,node-a,0.2909,27.0324,0,81.5831,0.002138,34.7856,26.0307,58.1897,79.9752,113.357,80.3992,81.4086,0.0972,0.0773,93640.1968,83324.2974,memory_stress,checkoutservice,2026-06-09 15:15:00,2026-06-09 15:30:00,post_fault,0.1321316,0
2026-06-09 15:34:50,1490,EXP_FAULT_03,RUN_03,memory_stress,1,adservice,ad-f03-09,online-boutique,node-a,0.3262,27.7233,0,81.4281,0.002077,35.8289,26.0134,64.0111,73.7859,104.7032,80.2598,81.2589,0.1191,0.0501,67507.523,64696.9256,memory_stress,checkoutservice,2026-06-09 15:15:00,2026-06-09 15:30:00,post_fault,0.9214257,1
2026-06-09 15:34:55,1495,EXP_FAULT_03,RUN_03,memory_stress,1,adservice,ad-f03-09,online-boutique,node-a,0.2965,27.3347,0,80.7113,0.001608,35.4067,28.3475,57.1591,70.0173,113.9018,79.596,80.5815,0.0528,0.077,92787.316,83391.2141,memory_stress,checkoutservice,2026-06-09 15:15:00,2026-06-09 15:30:00,post_fault,0.25775832,0
2026-06-09 15:35:00,1500,EXP_FAULT_03,RUN_03,memory_stress,1,adservice,ad-f03-09,online-boutique,node-a,0.3209,27.2703,0,79.6703,0.001734,32.5075,23.3134,53.6521,72.6048,102.0223,78.5605,79.5321,0.0666,0.0715,96101.9597,77259.1315,memory_stress,checkoutservice,2026-06-09 15:15:00,2026-06-09 15:30:00,post_fault,0.31063396,0
2026-06-09 15:35:05,1505,EXP_FAULT_03,RUN_03,memory_stress,1,adservice,ad-f03-09,online-boutique,node-a,0.3034,27.3927,0,77.7687,0.002139,33.6311,26.2107,57.2749,69.4548,94.3646,76.6717,77.6023,0.1091,0.0573,99276.7488,54454.5397,memory_stress,checkoutservice,2026-06-09 15:15:00,2026-06-09 15:30:00,post_fault,0.43309474,1
2026-06-09 15:35:10,1510,EXP_FAULT_03,RUN_03,memory_stress,1,adservice,ad-f03-09,online-boutique,node-a,0.3318,27.217,0,76.7649,0.002243,36.3969,25.5911,57.3733,79.3151,122.1984,75.7033,76.5927,0.1199,0.0523,89111.9712,68526.1798,memory_stress,checkoutservice,2026-06-09 15:15:00,2026-06-09 15:30:00,post_fault,1.8280399,1
2026-06-09 15:35:15,1515,EXP_FAULT_03,RUN_03,memory_stress,1,adservice,ad-f03-09,online-boutique,node-a,0.3021,27.5704,0,75.3619,0.001512,33.2767,26.0003,52.3547,75.9268,111.266,74.3808,75.2479,0.056,0.058,81776.7516,49921.6714,memory_stress,checkoutservice,2026-06-09 15:15:00,2026-06-09 15:30:00,post_fault,0.43878227,1
2026-06-09 15:35:20,1520,EXP_FAULT_03,RUN_03,memory_stress,1,adservice,ad-f03-09,online-boutique,node-a,0.3135,26.8312,0,77.1495,0.001375,36.2448,26.1591,63.6485,80.8858,103.0436,76.1606,77.0434,0.0395,0.0666,83625.2964,53973.0971,memory_stress,checkoutservice,2026-06-09 15:15:00,2026-06-09 15:30:00,post_fault,1.0443959,1
2026-06-09 15:35:25,1525,EXP_FAULT_03,RUN_03,memory_stress,1,adservice,ad-f03-09,online-boutique,node-a,0.3268,27.3819,0,77.9295,0.002346,32.7278,24.9686,56.008,70.6636,90.9538,76.8743,77.7467,0.122,0.0608,69206.1381,71646.5028,memory_stress,checkoutservice,2026-06-09 15:15:00,2026-06-09 15:30:00,post_fault,0.6913365,1
2026-06-09 15:35:30,1530,EXP_FAULT_03,RUN_03,memory_stress,1,adservice,ad-f03-09,online-boutique,node-a,0.3168,28.1594,0,76.0893,0.001165,35.7754,27.7719,60.037,72.3216,110.9257,75.1454,76.0007,0.023,0.0656,93680.5009,61588.297,memory_stress,checkoutservice,2026-06-09 15:15:00,2026-06-09 15:30:00,post_fault,1.1854508,1
2026-06-09 15:35:35,1535,EXP_FAULT_03,RUN_03,memory_stress,1,adservice,ad-f03-09,online-boutique,node-a,0.3069,27.5576,0,75.3179,0.001025,33.7523,24.5663,60.4108,76.5381,96.3276,74.3947,75.2408,0.0251,0.0521,69445.0708,65272.5599,memory_stress,checkoutservice,2026-06-09 15:15:00,2026-06-09 15:30:00,post_fault,0.5224147,1
2026-06-09 15:35:40,1540,EXP_FAULT_03,RUN_03,memory_stress,1,adservice,ad-f03-09,online-boutique,node-a,0.308,27.3412,0,75.7769,0.001228,36.2094,27.6786,61.8457,79.6735,114.2586,74.8541,75.6839,0.033,0.0601,92413.1276,64503.1823,memory_stress,checkoutservice,2026-06-09 15:15:00,2026-06-09 15:30:00,post_fault,0.97449195,1
2026-06-09 15:35:45,1545,EXP_FAULT_03,RUN_03,memory_stress,1,adservice,ad-f03-09,online-boutique,node-a,0.3008,27.3062,0,76.3291,0.00125,32.6843,23.4261,58.5085,67.928,103.493,75.4061,76.2337,0.0472,0.0482,89706.5633,69908.4581,memory_stress,checkoutservice,2026-06-09 15:15:00,2026-06-09 15:30:00,post_fault,0.28267282,0
2026-06-09 15:35:50,1550,EXP_FAULT_03,RUN_03,memory_stress,1,adservice,ad-f03-09,online-boutique,node-a,0.301,27.2496,0,74.7487,0.002107,35.66,24.5283,58.5176,80.6469,117.0593,73.8126,74.5912,0.0945,0.063,87146.5368,72745.8482,memory_stress,checkoutservice,2026-06-09 15:15:00,2026-06-09 15:30:00,post_fault,0.90226114,1
2026-06-09 15:35:55,1555,EXP_FAULT_03,RUN_03,memory_stress,1,adservice,ad-f03-09,online-boutique,node-a,0.3185,28.0581,0,75.7766,0.001302,32.4727,25.3899,55.1166,72.5973,97.9849,74.8861,75.6779,0.0336,0.065,76745.4296,67758.3138,memory_stress,checkoutservice,2026-06-09 15:15:00,2026-06-09 15:30:00,post_fault,0.7636221,1
2026-06-09 15:36:00,1560,EXP_FAULT_03,RUN_03,memory_stress,1,adservice,ad-f03-09,online-boutique,node-a,0.3142,27.7115,0,75.3123,0.001311,34.3558,27.312,55.8617,76.1055,110.5593,74.4361,75.2135,0.0578,0.0409,91672.2129,67422.0549,memory_stress,checkoutservice,2026-06-09 15:15:00,2026-06-09 15:30:00,post_fault,0.77185166,1
2026-06-09 15:36:05,1565,EXP_FAULT_03,RUN_03,memory_stress,1,adservice,ad-f03-09,online-boutique,node-a,0.3106,27.3053,0,75.9083,0.00194,33.647,23.1742,56.1252,70.1287,98.6915,74.9977,75.7611,0.0836,0.0637,69360.3508,64119.2556,memory_stress,checkoutservice,2026-06-09 15:15:00,2026-06-09 15:30:00,post_fault,0.5937969,1
2026-06-09 15:36:10,1570,EXP_FAULT_03,RUN_03,memory_stress,1,adservice,ad-f03-09,online-boutique,node-a,0.293,26.9526,0,77.826,0.000892,36.724,28.9,65.3625,72.8243,101.5901,76.972,77.7566,0.0206,0.0488,79228.4525,54847.8158,memory_stress,checkoutservice,2026-06-09 15:15:00,2026-06-09 15:30:00,post_fault,0.6208848,1
2026-06-09 15:36:15,1575,EXP_FAULT_03,RUN_03,memory_stress,1,adservice,ad-f03-09,online-boutique,node-a,0.3267,27.5614,0,75.5532,0.001615,31.2987,24.0475,48.9577,62.1626,87.9743,74.6954,75.4312,0.0826,0.0395,65157.1296,56296.3328,memory_stress,checkoutservice,2026-06-09 15:15:00,2026-06-09 15:30:00,post_fault,0.7009769,1
2026-06-09 15:36:20,1580,EXP_FAULT_03,RUN_03,memory_stress,1,adservice,ad-f03-09,online-boutique,node-a,0.3246,27.4073,0,76.8246,0.001557,33.4745,26.347,59.4095,71.6888,93.4455,75.9765,76.705,0.072,0.0476,68860.9976,62274.3121,memory_stress,checkoutservice,2026-06-09 15:15:00,2026-06-09 15:30:00,post_fault,0.76119983,1
2026-06-09 15:36:25,1585,EXP_FAULT_03,RUN_03,memory_stress,1,adservice,ad-f03-09,online-boutique,node-a,0.3108,27.0365,0,75.8861,0.001724,32.333,24.1026,55.9366,70.9365,91.5406,75.0438,75.7553,0.0748,0.056,94378.3703,70234.8863,memory_stress,checkoutservice,2026-06-09 15:15:00,2026-06-09 15:30:00,post_fault,0.37850845,0
2026-06-09 15:36:30,1590,EXP_FAULT_03,RUN_03,memory_stress,1,adservice,ad-f03-09,online-boutique,node-a,0.3254,27.8916,0,79.8246,0.001196,31.4122,22.6535,52.289,65.0411,87.5674,78.9831,79.7292,0.04,0.0554,94606.3411,67413.0444,memory_stress,checkoutservice,2026-06-09 15:15:00,2026-06-09 15:30:00,post_fault,0.38811833,0
2026-06-09 15:36:35,1595,EXP_FAULT_03,RUN_03,memory_stress,1,adservice,ad-f03-09,online-boutique,node-a,0.3185,27.9749,0,77.8001,0.002224,33.8958,26.29,52.7421,68.3229,109.4301,76.9142,77.6271,0.1184,0.0547,88681.5561,71906.8214,memory_stress,checkoutservice,2026-06-09 15:15:00,2026-06-09 15:30:00,post_fault,1.1219145,1
2026-06-09 15:36:40,1600,EXP_FAULT_03,RUN_03,memory_stress,1,adservice,ad-f03-09,online-boutique,node-a,0.3132,27.6838,0,76.3806,0.001227,31.9354,25.7044,53.0306,71.4192,99.8151,75.58,76.2868,0.0427,0.051,73286.6847,74933.0533,memory_stress,checkoutservice,2026-06-09 15:15:00,2026-06-09 15:30:00,post_fault,0.35085088,0
2026-06-09 15:36:45,1605,EXP_FAULT_03,RUN_03,memory_stress,1,adservice,ad-f03-09,online-boutique,node-a,0.3139,26.9994,0,77.2223,0.001951,37.1663,28.4119,58.0834,75.0951,118.4075,76.4152,77.0717,0.0914,0.0592,73041.5725,73638.3633,memory_stress,checkoutservice,2026-06-09 15:15:00,2026-06-09 15:30:00,post_fault,1.3405178,1
2026-06-09 15:36:50,1610,EXP_FAULT_03,RUN_03,memory_stress,1,adservice,ad-f03-09,online-boutique,node-a,0.3095,26.8409,0,82.9096,0.002216,36.5543,26.1516,63.9068,81.8652,118.8929,82.0311,82.7259,0.1213,0.0624,83423.1215,59220.7573,memory_stress,checkoutservice,2026-06-09 15:15:00,2026-06-09 15:30:00,post_fault,0.54769963,1
2026-06-09 15:36:55,1615,EXP_FAULT_03,RUN_03,memory_stress,1,adservice,ad-f03-09,online-boutique,node-a,0.3256,27.28,0,78.952,0.001507,35.3455,26.8148,62.3466,68.0293,113.4796,78.1467,78.8331,0.0703,0.0486,68341.6949,56178.8089,memory_stress,checkoutservice,2026-06-09 15:15:00,2026-06-09 15:30:00,post_fault,0.9519571,1
2026-06-09 15:37:00,1620,EXP_FAULT_03,RUN_03,memory_stress,1,adservice,ad-f03-09,online-boutique,node-a,0.321,27.1744,0,80.8209,0.00131,35.7576,25.4076,55.5749,69.9107,100.9713,80.0197,80.715,0.0637,0.0422,67493.1806,59609.7564,memory_stress,checkoutservice,2026-06-09 15:15:00,2026-06-09 15:30:00,post_fault,0.7305788,1
2026-06-09 15:37:05,1625,EXP_FAULT_03,RUN_03,memory_stress,1,adservice,ad-f03-09,online-boutique,node-a,0.3106,27.4746,0,80.7777,0.001703,36.4592,27.0211,61.8699,71.0579,116.9628,79.9506,80.6401,0.0763,0.0613,100085.3481,67918.4694,memory_stress,checkoutservice,2026-06-09 15:15:00,2026-06-09 15:30:00,post_fault,0.6700547,1
2026-06-09 15:37:10,1630,EXP_FAULT_03,RUN_03,memory_stress,1,adservice,ad-f03-09,online-boutique,node-a,0.3214,27.3783,0,81.341,0.001217,33.0268,24.6729,53.1866,65.9749,96.4596,80.5584,81.242,0.0521,0.0469,84854.5363,68543.1104,memory_stress,checkoutservice,2026-06-09 15:15:00,2026-06-09 15:30:00,post_fault,0.26183447,0
2026-06-09 15:37:15,1635,EXP_FAULT_03,RUN_03,memory_stress,1,adservice,ad-f03-09,online-boutique,node-a,0.3041,27.4783,0,81.5269,0.002041,35.2688,26.8501,54.3651,72.4921,110.0163,80.712,81.3606,0.1287,0.0377,86520.4916,82691.5941,memory_stress,checkoutservice,2026-06-09 15:15:00,2026-06-09 15:30:00,post_fault,0.35619166,0
2026-06-09 15:37:20,1640,EXP_FAULT_03,RUN_03,memory_stress,1,adservice,ad-f03-09,online-boutique,node-a,0.3112,27.1674,0,85.5318,0.000816,35.5951,27.3998,58.5611,67.769,104.9477,84.752,85.462,0.0287,0.0411,88841.6871,86687.038,memory_stress,checkoutservice,2026-06-09 15:15:00,2026-06-09 15:30:00,post_fault,0.18428671,0
2026-06-09 15:37:25,1645,EXP_FAULT_03,RUN_03,memory_stress,1,adservice,ad-f03-09,online-boutique,node-a,0.3232,27.0881,0,83.8279,0.00164,35.2965,28.3796,55.3296,75.4262,100.7948,83.0314,83.6904,0.0977,0.0398,94153.2595,84150.9353,memory_stress,checkoutservice,2026-06-09 15:15:00,2026-06-09 15:30:00,post_fault,0.47331342,1
2026-06-09 15:37:30,1650,EXP_FAULT_03,RUN_03,memory_stress,1,adservice,ad-f03-09,online-boutique,node-a,0.2993,27.5741,0,83.5283,0.001984,36.0673,26.0143,56.5276,78.9195,115.8985,82.7324,83.3626,0.1043,0.0614,93629.8426,73708.5234,memory_stress,checkoutservice,2026-06-09 15:15:00,2026-06-09 15:30:00,post_fault,0.35018867,0
2026-06-09 15:37:35,1655,EXP_FAULT_03,RUN_03,memory_stress,1,adservice,ad-f03-09,online-boutique,node-a,0.3245,27.6128,0,83.6799,0.001098,37.3387,27.151,59.7151,73.0948,110.6927,82.921,83.588,0.0591,0.0328,105115.8183,80433.394,memory_stress,checkoutservice,2026-06-09 15:15:00,2026-06-09 15:30:00,post_fault,0.9197202,1
2026-06-09 15:37:40,1660,EXP_FAULT_03,RUN_03,memory_stress,1,adservice,ad-f03-09,online-boutique,node-a,0.3037,27.2256,0,84.6833,0.001226,34.8782,25.2213,57.2724,77.1726,104.2674,83.9296,84.5795,0.063,0.0408,85217.5152,83272.9313,memory_stress,checkoutservice,2026-06-09 15:15:00,2026-06-09 15:30:00,post_fault,0.09076763,0
2026-06-09 15:37:45,1665,EXP_FAULT_03,RUN_03,memory_stress,1,adservice,ad-f03-09,online-boutique,node-a,0.3034,27.7364,0,84.7606,0.001416,32.2953,25.1116,49.595,65.5803,90.8688,83.9945,84.6406,0.082,0.038,77201.8864,75758.5931,memory_stress,checkoutservice,2026-06-09 15:15:00,2026-06-09 15:30:00,post_fault,0.038927507,0
2026-06-09 15:37:50,1670,EXP_FAULT_03,RUN_03,memory_stress,1,adservice,ad-f03-09,online-boutique,node-a,0.3101,27.4765,0,85.4462,0.000763,35.5644,28.2333,59.9536,72.1042,110.5269,84.7264,85.381,0.0252,0.0401,74189.4966,68515.3187,memory_stress,checkoutservice,2026-06-09 15:15:00,2026-06-09 15:30:00,post_fault,0.14546491,0
2026-06-09 15:37:55,1675,EXP_FAULT_03,RUN_03,memory_stress,1,adservice,ad-f03-09,online-boutique,node-a,0.3216,27.3977,0,88.0667,0.001468,34.1935,25.2319,56.5083,75.0707,105.6334,87.3119,87.9374,0.0696,0.0596,98243.7928,91475.9748,memory_stress,checkoutservice,2026-06-09 15:15:00,2026-06-09 15:30:00,post_fault,0.09988407,0
2026-06-09 15:38:00,1680,EXP_FAULT_03,RUN_03,memory_stress,1,adservice,ad-f03-09,online-boutique,node-a,0.2987,27.6674,0,85.7708,0.001683,32.8591,23.2536,49.9541,72.3202,101.1449,85.034,85.6264,0.1066,0.0377,85607.6862,73409.8426,memory_stress,checkoutservice,2026-06-09 15:15:00,2026-06-09 15:30:00,post_fault,0.06436999,0
2026-06-09 15:38:05,1685,EXP_FAULT_03,RUN_03,memory_stress,1,adservice,ad-f03-09,online-boutique,node-a,0.3266,27.1375,0,81.6887,0.001675,32.767,25.2701,51.6827,62.4779,98.1656,80.9747,81.5518,0.0835,0.0534,84344.5465,58920.2191,memory_stress,checkoutservice,2026-06-09 15:15:00,2026-06-09 15:30:00,post_fault,0.3196537,0
2026-06-09 15:38:10,1690,EXP_FAULT_03,RUN_03,memory_stress,1,adservice,ad-f03-09,online-boutique,node-a,0.321,27.2303,0,85.743,0.001894,33.6754,23.5433,54.2368,67.2834,91.0278,85.0103,85.5806,0.1054,0.0571,83703.6619,87462.2987,memory_stress,checkoutservice,2026-06-09 15:15:00,2026-06-09 15:30:00,post_fault,0.13530533,0
2026-06-09 15:38:15,1695,EXP_FAULT_03,RUN_03,memory_stress,1,adservice,ad-f03-09,online-boutique,node-a,0.319,26.8078,0,82.0734,0.001478,31.0705,22.2975,48.8176,67.5909,97.8619,81.3882,81.9521,0.0784,0.0429,93203.2578,54771.7154,memory_stress,checkoutservice,2026-06-09 15:15:00,2026-06-09 15:30:00,post_fault,0.062098026,0
2026-06-09 15:38:20,1700,EXP_FAULT_03,RUN_03,memory_stress,1,adservice,ad-f03-09,online-boutique,node-a,0.319,27.3006,0,84.8466,0.001603,32.8592,24.8477,51.5745,70.0255,94.2889,84.1344,84.7107,0.09,0.046,84280.505,87027.4428,memory_stress,checkoutservice,2026-06-09 15:15:00,2026-06-09 15:30:00,post_fault,0.07767767,0
2026-06-09 15:38:25,1705,EXP_FAULT_03,RUN_03,memory_stress,1,adservice,ad-f03-09,online-boutique,node-a,0.3244,27.4829,0,86.4486,0.002126,30.1716,23.406,51.1398,58.6742,81.2947,85.7065,86.2649,0.13,0.0538,104031.6865,80076.6905,memory_stress,checkoutservice,2026-06-09 15:15:00,2026-06-09 15:30:00,post_fault,0.188602,0
2026-06-09 15:38:30,1710,EXP_FAULT_03,RUN_03,memory_stress,1,adservice,ad-f03-09,online-boutique,node-a,0.3081,27.1627,0,84.9166,0.000815,34.7478,26.4281,57.8487,74.1581,90.9819,84.265,84.8474,0.0295,0.0398,92947.8515,63276.041,memory_stress,checkoutservice,2026-06-09 15:15:00,2026-06-09 15:30:00,post_fault,0.09996764,0
2026-06-09 15:38:35,1715,EXP_FAULT_03,RUN_03,memory_stress,1,adservice,ad-f03-09,online-boutique,node-a,0.3121,26.9441,0,83.4118,0.000681,33.7717,24.0226,51.4527,73.5754,90.3122,82.7972,83.355,0.0247,0.0321,87885.5623,63086.9885,memory_stress,checkoutservice,2026-06-09 15:15:00,2026-06-09 15:30:00,post_fault,0.11694193,0
2026-06-09 15:38:40,1720,EXP_FAULT_03,RUN_03,memory_stress,1,adservice,ad-f03-09,online-boutique,node-a,0.3333,27.6909,0,83.1715,0.001822,34.9839,26.7307,58.1126,67.6901,110.2138,82.5319,83.0199,0.1036,0.048,70408.6895,73045.4894,memory_stress,checkoutservice,2026-06-09 15:15:00,2026-06-09 15:30:00,post_fault,0.8055681,1
2026-06-09 15:38:45,1725,EXP_FAULT_03,RUN_03,memory_stress,1,adservice,ad-f03-09,online-boutique,node-a,0.3084,27.4143,0,83.0321,0.001293,33.7529,24.4114,58.1588,66.7234,103.5793,82.4046,82.9247,0.0685,0.0389,103504.5548,61021.8713,memory_stress,checkoutservice,2026-06-09 15:15:00,2026-06-09 15:30:00,post_fault,0.1179816,0
2026-06-09 15:38:50,1730,EXP_FAULT_03,RUN_03,memory_stress,1,adservice,ad-f03-09,online-boutique,node-a,0.3196,27.5555,0,84.6819,0.00135,35.1432,26.0624,59.2015,67.5153,109.2532,84.0451,84.5675,0.0746,0.0397,77559.1283,66939.115,memory_stress,checkoutservice,2026-06-09 15:15:00,2026-06-09 15:30:00,post_fault,0.31101108,0
2026-06-09 15:38:55,1735,EXP_FAULT_03,RUN_03,memory_stress,1,adservice,ad-f03-09,online-boutique,node-a,0.3169,27.3492,0,83.7007,0.001815,34.2378,25.3406,54.0802,70.5729,99.362,83.0754,83.5488,0.0994,0.0525,92403.1708,74610.8042,memory_stress,checkoutservice,2026-06-09 15:15:00,2026-06-09 15:30:00,post_fault,0.23414168,0
2026-06-09 15:39:00,1740,EXP_FAULT_03,RUN_03,memory_stress,1,adservice,ad-f03-09,online-boutique,node-a,0.3249,27.0082,0,84.4914,0.001934,34.4017,24.1903,55.4385,68.7012,102.8333,83.8316,84.328,0.1241,0.0393,77929.6138,80060.4528,memory_stress,checkoutservice,2026-06-09 15:15:00,2026-06-09 15:30:00,post_fault,0.34527278,0
2026-06-09 15:39:05,1745,EXP_FAULT_03,RUN_03,memory_stress,1,adservice,ad-f03-09,online-boutique,node-a,0.301,27.6731,0,83.7889,0.001582,33.2407,24.518,57.0792,70.1494,96.4072,83.1685,83.6563,0.0922,0.0403,70031.4783,57525.0881,memory_stress,checkoutservice,2026-06-09 15:15:00,2026-06-09 15:30:00,post_fault,0.047601983,0
2026-06-09 15:39:10,1750,EXP_FAULT_03,RUN_03,memory_stress,1,adservice,ad-f03-09,online-boutique,node-a,0.3204,27.1744,0,85.7027,0.00193,33.6309,26.9192,56.731,70.8548,103.9406,85.0459,85.5373,0.1287,0.0367,94895.8244,84799.4567,memory_stress,checkoutservice,2026-06-09 15:15:00,2026-06-09 15:30:00,post_fault,0.12965924,0
2026-06-09 15:39:15,1755,EXP_FAULT_03,RUN_03,memory_stress,1,adservice,ad-f03-09,online-boutique,node-a,0.3082,27.7731,0,85.3871,0.001132,33.3596,24.2405,53.2795,70.6495,100.957,84.7787,85.2904,0.0573,0.0393,74079.2335,63157.4733,memory_stress,checkoutservice,2026-06-09 15:15:00,2026-06-09 15:30:00,post_fault,0.017426826,0
2026-06-09 15:39:20,1760,EXP_FAULT_03,RUN_03,memory_stress,1,adservice,ad-f03-09,online-boutique,node-a,0.3126,27.0815,0,82.559,0.00076,34.9667,24.5366,52.8557,71.6185,91.3838,81.9987,82.4963,0.0326,0.0302,93350.0401,62107.8401,memory_stress,checkoutservice,2026-06-09 15:15:00,2026-06-09 15:30:00,post_fault,0.28457132,0
2026-06-09 15:39:25,1765,EXP_FAULT_03,RUN_03,memory_stress,1,adservice,ad-f03-09,online-boutique,node-a,0.3181,27.08,0,86.1764,0.000951,35.1169,25.1141,58.191,70.0002,108.8715,85.583,86.0945,0.0313,0.0507,86471.7818,64859.0079,memory_stress,checkoutservice,2026-06-09 15:15:00,2026-06-09 15:30:00,post_fault,0.1947943,0
2026-06-09 15:39:30,1770,EXP_FAULT_03,RUN_03,memory_stress,1,adservice,ad-f03-09,online-boutique,node-a,0.3208,27.2751,0,87.5746,0.001316,32.4075,25.0266,51.9652,65.448,89.2078,86.9314,87.4593,0.0866,0.0286,104276.8102,84805.2094,memory_stress,checkoutservice,2026-06-09 15:15:00,2026-06-09 15:30:00,post_fault,0.022811541,0
2026-06-09 15:39:35,1775,EXP_FAULT_03,RUN_03,memory_stress,1,adservice,ad-f03-09,online-boutique,node-a,0.3324,27.4183,0,86.6656,0.001631,35.0101,26.7994,55.1087,76.096,92.7515,86.0275,86.5243,0.0949,0.0464,75369.5451,84673.3846,memory_stress,checkoutservice,2026-06-09 15:15:00,2026-06-09 15:30:00,post_fault,0.49574417,1
2026-06-09 15:39:40,1780,EXP_FAULT_03,RUN_03,memory_stress,1,adservice,ad-f03-09,online-boutique,node-a,0.3152,27.0377,0,87.4112,0.001416,32.2099,26.0166,52.2714,64.6145,96.6874,86.7773,87.2874,0.0786,0.0451,105354.4879,80018.2659,memory_stress,checkoutservice,2026-06-09 15:15:00,2026-06-09 15:30:00,post_fault,0.018842628,0
2026-06-09 15:39:45,1785,EXP_FAULT_03,RUN_03,memory_stress,1,adservice,ad-f03-09,online-boutique,node-a,0.3214,27.1364,0,87.4371,0.001477,33.9787,25.2149,59.1925,67.1125,97.9351,86.8189,87.3079,0.0939,0.0352,110310.8804,66779.3965,memory_stress,checkoutservice,2026-06-09 15:15:00,2026-06-09 15:30:00,post_fault,0.10051714,0
2026-06-09 15:39:50,1790,EXP_FAULT_03,RUN_03,memory_stress,1,adservice,ad-f03-09,online-boutique,node-a,0.313,27.6603,0,89.2346,0.001823,33.2988,26.3194,55.6404,64.815,96.8437,88.5657,89.0719,0.1219,0.0409,101955.4565,59930.1833,memory_stress,checkoutservice,2026-06-09 15:15:00,2026-06-09 15:30:00,post_fault,0.025844237,0
2026-06-09 15:39:55,1795,EXP_FAULT_03,RUN_03,memory_stress,1,adservice,ad-f03-09,online-boutique,node-a,0.3176,26.8078,0,89.239,0.001493,33.7283,25.1551,51.4879,64.8053,100.2474,88.6129,89.1058,0.0859,0.0473,80340.9824,66338.0671,memory_stress,checkoutservice,2026-06-09 15:15:00,2026-06-09 15:30:00,post_fault,0.019153794,0
2026-06-09 15:45:00,0,EXP_FAULT_04,RUN_04,network_delay,1,adservice,ad-f04-09,online-boutique,node-a,0.2972,27.281,0,89.1186,0.0017,32.5444,25.9063,48.6595,63.4147,84.1885,89.0459,88.9671,0.1277,0.0238,109383.1399,61585.0914,network_delay,frontend,2026-06-09 15:50:00,2026-06-09 16:05:00,pre_fault,0.08391042,0
2026-06-09 15:45:05,5,EXP_FAULT_04,RUN_04,network_delay,1,adservice,ad-f04-09,online-boutique,node-a,0.3103,26.9363,0,88.3575,0.000425,32.2313,24.0393,53.4899,57.7163,87.2318,88.3384,88.3199,0.0347,0.0029,111779.8277,78697.1742,network_delay,frontend,2026-06-09 15:50:00,2026-06-09 16:05:00,pre_fault,0.036426835,0
2026-06-09 15:45:10,10,EXP_FAULT_04,RUN_04,network_delay,1,adservice,ad-f04-09,online-boutique,node-a,0.3133,26.6043,0,87.954,0.000811,33.2542,23.5661,54.9658,68.1364,82.8278,87.9247,87.8827,0.0604,0.0109,78793.2349,76397.5133,network_delay,frontend,2026-06-09 15:50:00,2026-06-09 16:05:00,pre_fault,0.0035498156,0
2026-06-09 15:45:15,15,EXP_FAULT_04,RUN_04,network_delay,1,adservice,ad-f04-09,online-boutique,node-a,0.3198,27.1274,0,87.8245,0.000946,31.9077,23.9323,53.5911,62.8609,78.6844,87.7647,87.7414,0.0813,0.0017,72730.8054,89954.5449,network_delay,frontend,2026-06-09 15:50:00,2026-06-09 16:05:00,pre_fault,0.003790266,0
2026-06-09 15:45:20,20,EXP_FAULT_04,RUN_04,network_delay,1,adservice,ad-f04-09,online-boutique,node-a,0.3038,26.6589,0,87.8504,0.00088,31.9959,24.1654,52.9549,62.0706,89.6558,87.8078,87.7731,0.0656,0.0117,91170.4352,90012.6376,network_delay,frontend,2026-06-09 15:50:00,2026-06-09 16:05:00,pre_fault,0.038117994,0
2026-06-09 15:45:25,25,EXP_FAULT_04,RUN_04,network_delay,1,adservice,ad-f04-09,online-boutique,node-a,0.3181,27.0784,0,88.4945,0.000625,33.9307,25.2738,56.0033,68.5935,90.571,88.4555,88.4392,0.025,0.0303,97232.343,88953.8796,network_delay,frontend,2026-06-09 15:50:00,2026-06-09 16:05:00,pre_fault,0.045905598,0
2026-06-09 15:45:30,30,EXP_FAULT_04,RUN_04,network_delay,1,adservice,ad-f04-09,online-boutique,node-a,0.3201,26.5194,0,83.327,0.000805,33.0863,23.3763,53.5681,66.0431,91.4853,83.2963,83.2599,0.0622,0.0049,72840.8614,63455.0816,network_delay,frontend,2026-06-09 15:50:00,2026-06-09 16:05:00,pre_fault,0.1633702,0
2026-06-09 15:45:35,35,EXP_FAULT_04,RUN_04,network_delay,1,adservice,ad-f04-09,online-boutique,node-a,0.3369,26.9152,0,86.392,0.000736,30.6941,22.228,50.0378,58.9433,72.7517,86.3625,86.3284,0.0449,0.0187,95504.3109,61409.4376,network_delay,frontend,2026-06-09 15:50:00,2026-06-09 16:05:00,pre_fault,0.109760724,0
2026-06-09 15:45:40,40,EXP_FAULT_04,RUN_04,network_delay,1,adservice,ad-f04-09,online-boutique,node-a,0.3125,26.9473,0,84.7564,0.001044,32.2197,24.5789,54.4012,65.8094,77.5605,84.6919,84.6679,0.0601,0.0284,96267.9719,82513.3257,network_delay,frontend,2026-06-09 15:50:00,2026-06-09 16:05:00,pre_fault,0.022078987,0
2026-06-09 15:45:45,45,EXP_FAULT_04,RUN_04,network_delay,1,adservice,ad-f04-09,online-boutique,node-a,0.2904,26.7858,0,82.8245,0.00053,32.7483,24.4433,49.5272,59.885,93.3207,82.7944,82.7806,0.04,0.004,79207.3249,71729.7351,network_delay,frontend,2026-06-09 15:50:00,2026-06-09 16:05:00,pre_fault,0.021262024,0
2026-06-09 15:45:50,50,EXP_FAULT_04,RUN_04,network_delay,1,adservice,ad-f04-09,online-boutique,node-a,0.31,26.9402,0,84.1554,0.001697,34.5802,24.2348,52.9851,69.1446,86.3564,84.0552,84.0125,0.12,0.0228,84249.1647,78993.5215,network_delay,frontend,2026-06-09 15:50:00,2026-06-09 16:05:00,pre_fault,0.17915684,0
2026-06-09 15:45:55,55,EXP_FAULT_04,RUN_04,network_delay,1,adservice,ad-f04-09,online-boutique,node-a,0.3091,26.7702,0,82.3033,0.001551,31.4373,24.8247,52.2049,60.5583,88.9946,82.2266,82.1757,0.1127,0.0149,68051.9808,60050.8051,network_delay,frontend,2026-06-09 15:50:00,2026-06-09 16:05:00,pre_fault,0.025111258,0
2026-06-09 15:46:00,60,EXP_FAULT_04,RUN_04,network_delay,1,adservice,ad-f04-09,online-boutique,node-a,0.3127,26.6947,0,83.321,0.001328,32.6425,25.9944,52.6213,65.9292,83.5123,83.2392,83.2104,0.0905,0.0201,94618.7388,71614.5381,network_delay,frontend,2026-06-09 15:50:00,2026-06-09 16:05:00,pre_fault,0.06786106,0
2026-06-09 15:46:05,65,EXP_FAULT_04,RUN_04,network_delay,1,adservice,ad-f04-09,online-boutique,node-a,0.3293,27.2601,0,84.333,0.00081,33.6739,26.275,55.595,68.3524,81.5664,84.2866,84.2647,0.061,0.0073,102023.0667,59465.7622,network_delay,frontend,2026-06-09 15:50:00,2026-06-09 16:05:00,pre_fault,0.37455878,0
2026-06-09 15:46:10,70,EXP_FAULT_04,RUN_04,network_delay,1,adservice,ad-f04-09,online-boutique,node-a,0.3048,26.834,0,81.7886,0.000469,32.2825,24.4445,53.923,58.5354,75.9923,81.7654,81.7502,0.0208,0.0176,102837.1504,64954.606,network_delay,frontend,2026-06-09 15:50:00,2026-06-09 16:05:00,pre_fault,0.046400882,0
2026-06-09 15:46:15,75,EXP_FAULT_04,RUN_04,network_delay,1,adservice,ad-f04-09,online-boutique,node-a,0.3139,26.9506,0,82.4186,0.000725,32.4296,23.1981,47.776,61.1576,83.3657,82.3857,82.3589,0.0546,0.0052,82874.4591,84858.1186,network_delay,frontend,2026-06-09 15:50:00,2026-06-09 16:05:00,pre_fault,0.08749573,0
2026-06-09 15:46:20,80,EXP_FAULT_04,RUN_04,network_delay,1,adservice,ad-f04-09,online-boutique,node-a,0.3412,27.1558,0,81.394,0.00129,33.7301,25.2232,55.5557,66.1157,82.8066,81.3402,81.289,0.0985,0.0065,85991.9969,82667.9146,network_delay,frontend,2026-06-09 15:50:00,2026-06-09 16:05:00,pre_fault,0.9714321,1
2026-06-09 15:46:25,85,EXP_FAULT_04,RUN_04,network_delay,1,adservice,ad-f04-09,online-boutique,node-a,0.3174,26.6891,0,81.7394,0.001314,34.6755,26.4741,56.6556,65.8637,88.0492,81.6822,81.632,0.1065,0.0009,72660.2543,77002.4784,network_delay,frontend,2026-06-09 15:50:00,2026-06-09 16:05:00,pre_fault,0.41535687,0
2026-06-09 15:46:30,90,EXP_FAULT_04,RUN_04,network_delay,1,adservice,ad-f04-09,online-boutique,node-a,0.3175,27.1158,0,81.413,0.001227,35.2761,25.6169,53.5266,63.394,88.956,81.3452,81.3131,0.0763,0.0237,100205.4654,55295.8483,network_delay,frontend,2026-06-09 15:50:00,2026-06-09 16:05:00,pre_fault,0.513096,1
2026-06-09 15:46:35,95,EXP_FAULT_04,RUN_04,network_delay,1,adservice,ad-f04-09,online-boutique,node-a,0.3094,26.6456,0,81.9552,0.001163,30.9485,22.2721,48.676,54.7097,83.8154,81.8875,81.8599,0.0825,0.0128,94518.0632,75344.7974,network_delay,frontend,2026-06-09 15:50:00,2026-06-09 16:05:00,pre_fault,0.020191507,0
2026-06-09 15:46:40,100,EXP_FAULT_04,RUN_04,network_delay,1,adservice,ad-f04-09,online-boutique,node-a,0.3241,26.7432,0,81.1013,0.001234,30.6992,22.864,44.7817,54.2728,77.459,81.047,81.0012,0.0823,0.0178,69033.8044,61610.2863,network_delay,frontend,2026-06-09 15:50:00,2026-06-09 16:05:00,pre_fault,0.11007818,0
2026-06-09 15:46:45,105,EXP_FAULT_04,RUN_04,network_delay,1,adservice,ad-f04-09,online-boutique,node-a,0.3206,27.3646,0,82.6798,0.000784,33.8372,26.6674,52.0512,64.8464,90.4066,82.6327,82.6149,0.0478,0.0171,75215.0704,61040.7317,network_delay,frontend,2026-06-09 15:50:00,2026-06-09 16:05:00,pre_fault,0.27513623,0
2026-06-09 15:46:50,110,EXP_FAULT_04,RUN_04,network_delay,1,adservice,ad-f04-09,online-boutique,node-a,0.3111,27.1436,0,84.0495,0.001598,30.3297,22.8088,51.3703,56.4658,74.6228,83.9605,83.9152,0.1112,0.023,72574.0645,63491.813,network_delay,frontend,2026-06-09 15:50:00,2026-06-09 16:05:00,pre_fault,0.009903929,0
2026-06-09 15:46:55,115,EXP_FAULT_04,RUN_04,network_delay,1,adservice,ad-f04-09,online-boutique,node-a,0.3335,26.8461,0,87.4533,0.001747,33.7254,24.6027,56.0152,68.1225,94.0606,87.3427,87.3005,0.1245,0.0284,101297.6796,89210.4401,network_delay,frontend,2026-06-09 15:50:00,2026-06-09 16:05:00,pre_fault,0.27327898,0
2026-06-09 15:47:00,120,EXP_FAULT_04,RUN_04,network_delay,1,adservice,ad-f04-09,online-boutique,node-a,0.3157,27.0714,0,84.9053,0.001276,33.594,25.8013,54.4019,62.3218,80.1444,84.827,84.7969,0.0822,0.0262,79744.4982,55233.2151,network_delay,frontend,2026-06-09 15:50:00,2026-06-09 16:05:00,pre_fault,0.10113853,0
2026-06-09 15:47:05,125,EXP_FAULT_04,RUN_04,network_delay,1,adservice,ad-f04-09,online-boutique,node-a,0.3029,27.4221,0,88.7712,0.000591,31.5641,24.3382,46.4125,58.9718,87.8118,88.7461,88.7187,0.044,0.0085,94281.428,88120.2688,network_delay,frontend,2026-06-09 15:50:00,2026-06-09 16:05:00,pre_fault,0.11128565,0
2026-06-09 15:47:10,130,EXP_FAULT_04,RUN_04,network_delay,1,adservice,ad-f04-09,online-boutique,node-a,0.3126,26.9797,0,87.9488,0.001076,31.5975,24.5837,46.7693,58.3273,75.5873,87.8902,87.8542,0.0687,0.026,82350.0354,82650.7179,network_delay,frontend,2026-06-09 15:50:00,2026-06-09 16:05:00,pre_fault,0.026121061,0
2026-06-09 15:47:15,135,EXP_FAULT_04,RUN_04,network_delay,1,adservice,ad-f04-09,online-boutique,node-a,0.3222,27.4237,0,87.1677,0.001628,34.5844,27.0223,58.4805,64.9362,92.7772,87.0749,87.0258,0.1238,0.018,102296.8388,77881.5293,network_delay,frontend,2026-06-09 15:50:00,2026-06-09 16:05:00,pre_fault,0.16823633,0
2026-06-09 15:47:20,140,EXP_FAULT_04,RUN_04,network_delay,1,adservice,ad-f04-09,online-boutique,node-a,0.3069,26.8395,0,83.1871,0.001243,33.3656,24.0055,49.3128,64.6631,88.1616,83.1211,83.0837,0.0898,0.0135,94810.2929,66104.2135,network_delay,frontend,2026-06-09 15:50:00,2026-06-09 16:05:00,pre_fault,0.07088699,0
2026-06-09 15:47:25,145,EXP_FAULT_04,RUN_04,network_delay,1,adservice,ad-f04-09,online-boutique,node-a,0.3299,27.1124,0,89.32,0.00101,33.8888,26.588,57.3298,66.5215,80.4404,89.257,89.2298,0.0639,0.0263,87326.0576,84013.5574,network_delay,frontend,2026-06-09 15:50:00,2026-06-09 16:05:00,pre_fault,0.16484532,0
2026-06-09 15:47:30,150,EXP_FAULT_04,RUN_04,network_delay,1,adservice,ad-f04-09,online-boutique,node-a,0.3109,26.4416,0,85.7009,0.000633,31.8073,25.9587,48.5252,61.5519,79.6084,85.6748,85.6466,0.0314,0.0229,91602.9014,78193.6096,network_delay,frontend,2026-06-09 15:50:00,2026-06-09 16:05:00,pre_fault,0.0035998474,0
2026-06-09 15:47:35,155,EXP_FAULT_04,RUN_04,network_delay,1,adservice,ad-f04-09,online-boutique,node-a,0.3227,26.7281,0,92.4645,0.00137,30.9853,22.1667,51.9191,55.4588,75.6569,92.413,92.3379,0.1223,0.0043,99743.8874,71454.2808,network_delay,frontend,2026-06-09 15:50:00,2026-06-09 16:05:00,pre_fault,0.06933843,0
2026-06-09 15:47:40,160,EXP_FAULT_04,RUN_04,network_delay,1,adservice,ad-f04-09,online-boutique,node-a,0.3101,26.4214,0,89.2962,0.00095,35.3881,25.2813,55.8782,68.5525,91.2387,89.239,89.2114,0.0617,0.0231,110075.1894,88240.607,network_delay,frontend,2026-06-09 15:50:00,2026-06-09 16:05:00,pre_fault,0.058655523,0
2026-06-09 15:47:45,165,EXP_FAULT_04,RUN_04,network_delay,1,adservice,ad-f04-09,online-boutique,node-a,0.3131,26.4314,0,92.1836,0.001379,33.7508,25.2875,49.3498,68.0423,93.9566,92.0974,92.0564,0.1067,0.0204,95473.9352,82602.5816,network_delay,frontend,2026-06-09 15:50:00,2026-06-09 16:05:00,pre_fault,0.015674157,0
2026-06-09 15:47:50,170,EXP_FAULT_04,RUN_04,network_delay,1,adservice,ad-f04-09,online-boutique,node-a,0.3502,26.9587,0,91.5761,0.000781,31.9106,23.1103,48.6391,57.2556,84.5518,91.5337,91.5046,0.0613,0.0102,100240.5432,94784.7283,network_delay,frontend,2026-06-09 15:50:00,2026-06-09 16:05:00,pre_fault,0.26847935,0
2026-06-09 15:47:55,175,EXP_FAULT_04,RUN_04,network_delay,1,adservice,ad-f04-09,online-boutique,node-a,0.3178,27.2283,0,92.5555,0.000877,32.3429,22.9224,47.8878,57.7964,82.464,92.5046,92.4743,0.0704,0.0108,87282.9275,87542.4105,network_delay,frontend,2026-06-09 15:50:00,2026-06-09 16:05:00,pre_fault,0.031643637,0
2026-06-09 15:48:00,180,EXP_FAULT_04,RUN_04,network_delay,1,adservice,ad-f04-09,online-boutique,node-a,0.3083,26.6489,0,90.8059,0.001044,34.2347,25.7927,51.9293,64.9992,81.9234,90.7561,90.711,0.0947,0.0001,90326.8992,74317.658,network_delay,frontend,2026-06-09 15:50:00,2026-06-09 16:05:00,pre_fault,0.0029452725,0
2026-06-09 15:48:05,185,EXP_FAULT_04,RUN_04,network_delay,1,adservice,ad-f04-09,online-boutique,node-a,0.3206,27.0224,0,89.832,0.000798,32.3665,24.2465,52.594,61.6456,90.8601,89.7916,89.7603,0.0495,0.0222,105501.1627,75522.2977,network_delay,frontend,2026-06-09 15:50:00,2026-06-09 16:05:00,pre_fault,0.0012928406,0
2026-06-09 15:48:10,190,EXP_FAULT_04,RUN_04,network_delay,1,adservice,ad-f04-09,online-boutique,node-a,0.3263,27.1771,0,90.9765,0.001105,31.907,25.075,46.577,64.0442,78.8494,90.9092,90.8759,0.095,0.0055,90198.6534,90063.035,network_delay,frontend,2026-06-09 15:50:00,2026-06-09 16:05:00,pre_fault,0.012914963,0
2026-06-09 15:48:15,195,EXP_FAULT_04,RUN_04,network_delay,1,adservice,ad-f04-09,online-boutique,node-a,0.3184,27.2492,0,89.8743,0.001125,31.0265,24.9085,46.7568,55.0129,76.4974,89.8387,89.7732,0.0786,0.0225,106746.1827,79882.3995,network_delay,frontend,2026-06-09 15:50:00,2026-06-09 16:05:00,pre_fault,0.047900714,0
2026-06-09 15:48:20,200,EXP_FAULT_04,RUN_04,network_delay,1,adservice,ad-f04-09,online-boutique,node-a,0.299,27.3167,0,90.0954,0.001213,33.8407,24.9626,57.1582,61.4162,92.9848,90.0572,89.9862,0.0928,0.0164,94559.0331,68156.1504,network_delay,frontend,2026-06-09 15:50:00,2026-06-09 16:05:00,pre_fault,0.04313311,0
2026-06-09 15:48:25,205,EXP_FAULT_04,RUN_04,network_delay,1,adservice,ad-f04-09,online-boutique,node-a,0.3183,27.4827,0,91.8534,0.000996,31.5828,22.3865,47.9437,61.4507,88.54,91.8025,91.7619,0.0739,0.0176,104398.243,76011.221,network_delay,frontend,2026-06-09 15:50:00,2026-06-09 16:05:00,pre_fault,0.04550234,0
2026-06-09 15:48:30,210,EXP_FAULT_04,RUN_04,network_delay,1,adservice,ad-f04-09,online-boutique,node-a,0.3201,27.5469,0,89.2827,0.000981,34.4785,28.2213,51.7161,61.3021,82.9377,89.2337,89.1951,0.0711,0.0165,93273.5576,88621.4861,network_delay,frontend,2026-06-09 15:50:00,2026-06-09 16:05:00,pre_fault,0.09412877,0
2026-06-09 15:48:35,215,EXP_FAULT_04,RUN_04,network_delay,1,adservice,ad-f04-09,online-boutique,node-a,0.3306,27.4041,0,89.6322,0.0012,32.2187,23.9866,53.7832,57.3653,76.3644,89.5594,89.5247,0.0986,0.0089,93159.7725,76161.3323,network_delay,frontend,2026-06-09 15:50:00,2026-06-09 16:05:00,pre_fault,0.05460105,0
2026-06-09 15:48:40,220,EXP_FAULT_04,RUN_04,network_delay,1,adservice,ad-f04-09,online-boutique,node-a,0.3183,27.2672,0,90.1624,0.000413,33.065,26.799,54.3324,63.4722,84.7305,90.1373,90.1252,0.0357,0.0015,88331.1188,88474.5492,network_delay,frontend,2026-06-09 15:50:00,2026-06-09 16:05:00,pre_fault,0.008351135,0
2026-06-09 15:48:45,225,EXP_FAULT_04,RUN_04,network_delay,1,adservice,ad-f04-09,online-boutique,node-a,0.3189,26.6034,0,89.1872,0.001461,31.2507,23.4098,47.7884,56.7614,81.5831,89.0954,89.0569,0.1081,0.0222,110986.3562,74375.1662,network_delay,frontend,2026-06-09 15:50:00,2026-06-09 16:05:00,pre_fault,0.021495203,0
2026-06-09 15:48:50,230,EXP_FAULT_04,RUN_04,network_delay,1,adservice,ad-f04-09,online-boutique,node-a,0.3361,27.1064,0,88.7761,0.000621,33.6187,27.4092,51.4533,60.7963,86.9248,88.741,88.721,0.0455,0.0096,106622.8085,80143.7554,network_delay,frontend,2026-06-09 15:50:00,2026-06-09 16:05:00,pre_fault,0.2984663,0
2026-06-09 15:48:55,235,EXP_FAULT_04,RUN_04,network_delay,1,adservice,ad-f04-09,online-boutique,node-a,0.3192,27.4069,0,91.0439,0.000949,32.4286,23.1934,54.8174,56.7949,79.1724,90.9963,90.9575,0.0776,0.0088,116249.0523,72826.0102,network_delay,frontend,2026-06-09 15:50:00,2026-06-09 16:05:00,pre_fault,0.012025957,0
2026-06-09 15:49:00,240,EXP_FAULT_04,RUN_04,network_delay,1,adservice,ad-f04-09,online-boutique,node-a,0.3348,26.639,0,91.1568,0.000708,33.6992,27.0961,54.9851,61.4786,94.2779,91.1211,91.0922,0.0528,0.0118,96936.5378,75194.8455,network_delay,frontend,2026-06-09 15:50:00,2026-06-09 16:05:00,pre_fault,0.15926775,0
2026-06-09 15:49:05,245,EXP_FAULT_04,RUN_04,network_delay,1,adservice,ad-f04-09,online-boutique,node-a,0.3345,27.3985,0,91.014,0.000987,30.0973,24.4863,50.4695,53.3136,82.732,90.9805,90.9243,0.0843,0.0055,109416.9116,72604.0313,network_delay,frontend,2026-06-09 15:50:00,2026-06-09 16:05:00,pre_fault,0.0044049043,0
2026-06-09 15:49:10,250,EXP_FAULT_04,RUN_04,network_delay,1,adservice,ad-f04-09,online-boutique,node-a,0.3414,27.3415,0,88.8036,0.000657,32.0556,23.4172,52.7071,56.9812,91.2322,88.7742,88.7452,0.0428,0.0155,113550.1377,63054.4855,network_delay,frontend,2026-06-09 15:50:00,2026-06-09 16:05:00,pre_fault,0.24427828,0
2026-06-09 15:49:15,255,EXP_FAULT_04,RUN_04,network_delay,1,adservice,ad-f04-09,online-boutique,node-a,0.3021,26.8429,0,85.9468,0.000534,33.349,26.0778,50.1131,59.234,83.6213,85.9162,85.9009,0.0278,0.0181,91155.1366,77398.4924,network_delay,frontend,2026-06-09 15:50:00,2026-06-09 16:05:00,pre_fault,0.011792605,0
2026-06-09 15:49:20,260,EXP_FAULT_04,RUN_04,network_delay,1,adservice,ad-f04-09,online-boutique,node-a,0.3081,26.8602,0,91.011,0.001175,33.2172,25.0904,49.4434,66.4766,84.92,90.9442,90.9041,0.0779,0.029,82614.4085,75138.8839,network_delay,frontend,2026-06-09 15:50:00,2026-06-09 16:05:00,pre_fault,0.035761233,0
2026-06-09 15:49:25,265,EXP_FAULT_04,RUN_04,network_delay,1,adservice,ad-f04-09,online-boutique,node-a,0.3255,27.323,0,91.4024,0.001372,31.6668,22.5382,52.797,60.5511,84.5333,91.356,91.2769,0.1215,0.0039,116417.1744,81793.9752,network_delay,frontend,2026-06-09 15:50:00,2026-06-09 16:05:00,pre_fault,0.010297945,0
2026-06-09 15:49:30,270,EXP_FAULT_04,RUN_04,network_delay,1,adservice,ad-f04-09,online-boutique,node-a,0.3127,27.8155,0,91.7374,0.00169,36.2218,29.2282,55.8886,67.9444,95.8843,91.6262,91.5823,0.1361,0.019,77632.1375,64739.8172,network_delay,frontend,2026-06-09 15:50:00,2026-06-09 16:05:00,pre_fault,0.089924335,0
2026-06-09 15:49:35,275,EXP_FAULT_04,RUN_04,network_delay,1,adservice,ad-f04-09,online-boutique,node-a,0.3291,27.2114,0,92.4744,0.00096,33.7113,26.2394,52.8318,68.4629,84.3439,92.4152,92.3857,0.0677,0.0211,86387.5475,67411.6496,network_delay,frontend,2026-06-09 15:50:00,2026-06-09 16:05:00,pre_fault,0.055267703,0
2026-06-09 15:49:40,280,EXP_FAULT_04,RUN_04,network_delay,1,adservice,ad-f04-09,online-boutique,node-a,0.3173,27.4351,0,90.8922,0.001746,31.9289,24.343,53.1936,58.2031,78.2684,90.8217,90.7335,0.1367,0.022,112879.0592,73780.6161,network_delay,frontend,2026-06-09 15:50:00,2026-06-09 16:05:00,pre_fault,0.031141836,0
2026-06-09 15:49:45,285,EXP_FAULT_04,RUN_04,network_delay,1,adservice,ad-f04-09,online-boutique,node-a,0.3157,26.9839,0,91.3441,0.001299,32.4221,24.0868,53.145,56.9854,83.1433,91.2718,91.2254,0.0902,0.0285,108007.4852,88114.3885,network_delay,frontend,2026-06-09 15:50:00,2026-06-09 16:05:00,pre_fault,0.03142912,0
2026-06-09 15:49:50,290,EXP_FAULT_04,RUN_04,network_delay,1,adservice,ad-f04-09,online-boutique,node-a,0.3425,27.4616,0,95.7464,0.001557,32.5726,25.4493,52.3159,61.4872,84.8593,95.6427,95.5973,0.1469,0.0021,112175.7854,66291.6913,network_delay,frontend,2026-06-09 15:50:00,2026-06-09 16:05:00,pre_fault,0.05295863,0
2026-06-09 15:49:55,295,EXP_FAULT_04,RUN_04,network_delay,1,adservice,ad-f04-09,online-boutique,node-a,0.3184,27.1167,0,93.5411,0.000654,33.0429,23.5143,53.1091,66.6393,86.226,93.5116,93.4799,0.0363,0.0249,118067.9966,86043.7359,network_delay,frontend,2026-06-09 15:50:00,2026-06-09 16:05:00,pre_fault,0.013868126,0
2026-06-09 15:50:00,300,EXP_FAULT_04,RUN_04,network_delay,1,adservice,ad-f04-09,online-boutique,node-a,0.2958,26.893,0,93.8994,0.003189,45.7193,33.2992,86.8777,121.2259,209.9102,88.7073,93.6,0.0351,0.2643,116754.1937,89821.6133,network_delay,frontend,2026-06-09 15:50:00,2026-06-09 16:05:00,during_fault,1.5218861,1
2026-06-09 15:50:05,305,EXP_FAULT_04,RUN_04,network_delay,1,adservice,ad-f04-09,online-boutique,node-a,0.3044,26.5188,0,96.4792,0.003722,44.3107,33.1512,90.3198,111.607,182.0449,91.1513,96.1201,0.1161,0.2431,99026.0089,70774.6359,network_delay,frontend,2026-06-09 15:50:00,2026-06-09 16:05:00,during_fault,1.2359035,1
2026-06-09 15:50:10,310,EXP_FAULT_04,RUN_04,network_delay,1,adservice,ad-f04-09,online-boutique,node-a,0.3241,27.1708,0,98.5824,0.003229,43.8557,29.7858,77.9557,116.3488,191.4762,93.1788,98.2641,0.0586,0.2597,119020.236,69502.887,network_delay,frontend,2026-06-09 15:50:00,2026-06-09 16:05:00,during_fault,1.4641335,1
2026-06-09 15:50:15,315,EXP_FAULT_04,RUN_04,network_delay,1,adservice,ad-f04-09,online-boutique,node-a,0.3092,27.2648,0,96.9018,0.003459,44.741,33.6354,92.598,128.7378,190.21,91.6445,96.5667,0.0956,0.2396,98293.1034,94946.4048,network_delay,frontend,2026-06-09 15:50:00,2026-06-09 16:05:00,during_fault,1.612243,1
2026-06-09 15:50:20,320,EXP_FAULT_04,RUN_04,network_delay,1,adservice,ad-f04-09,online-boutique,node-a,0.3163,26.8675,0,101.6317,0.003843,45.0951,34.1048,85.2778,123.1152,199.4587,96.1577,101.241,0.1321,0.2586,98776.6534,98350.4715,network_delay,frontend,2026-06-09 15:50:00,2026-06-09 16:05:00,during_fault,1.5884583,1
2026-06-09 15:50:25,325,EXP_FAULT_04,RUN_04,network_delay,1,adservice,ad-f04-09,online-boutique,node-a,0.3369,26.8531,0,98.2262,0.003552,42.4828,30.397,85.2934,117.9217,174.8137,93.061,97.8773,0.1055,0.2433,90968.009,90177.0439,network_delay,frontend,2026-06-09 15:50:00,2026-06-09 16:05:00,during_fault,1.6355108,1
2026-06-09 15:50:30,330,EXP_FAULT_04,RUN_04,network_delay,1,adservice,ad-f04-09,online-boutique,node-a,0.3276,27.4827,0,100.3506,0.003548,41.6931,30.279,75.3225,113.9011,182.0383,95.1615,99.9946,0.0918,0.2642,83331.2748,91078.5052,network_delay,frontend,2026-06-09 15:50:00,2026-06-09 16:05:00,during_fault,1.0154091,1
2026-06-09 15:50:35,335,EXP_FAULT_04,RUN_04,network_delay,1,adservice,ad-f04-09,online-boutique,node-a,0.314,26.965,0,100.9486,0.00365,41.4535,29.3819,73.3497,101.5325,175.9962,95.8538,100.5801,0.1297,0.2387,111141.6575,88187.7174,network_delay,frontend,2026-06-09 15:50:00,2026-06-09 16:05:00,during_fault,0.75981486,1
2026-06-09 15:50:40,340,EXP_FAULT_04,RUN_04,network_delay,1,adservice,ad-f04-09,online-boutique,node-a,0.3173,26.8557,0,101.3985,0.003932,42.6695,31.1786,80.9621,119.7349,161.1856,96.385,100.9998,0.1516,0.247,107157.435,84238.0669,network_delay,frontend,2026-06-09 15:50:00,2026-06-09 16:05:00,during_fault,1.1139863,1
2026-06-09 15:50:45,345,EXP_FAULT_04,RUN_04,network_delay,1,adservice,ad-f04-09,online-boutique,node-a,0.3092,27.0419,0,102.0912,0.003517,47.3278,32.8809,82.8243,114.2871,202.1158,97.1904,101.7322,0.1059,0.2532,116460.926,93509.8277,network_delay,frontend,2026-06-09 15:50:00,2026-06-09 16:05:00,during_fault,1.8285033,1
2026-06-09 15:50:50,350,EXP_FAULT_04,RUN_04,network_delay,1,adservice,ad-f04-09,online-boutique,node-a,0.3087,27.4989,0,100.6508,0.003163,43.3285,28.7499,84.1957,109.0968,182.4673,96.0099,100.3325,0.1028,0.2155,105703.3349,79016.8511,network_delay,frontend,2026-06-09 15:50:00,2026-06-09 16:05:00,during_fault,0.90489626,1
2026-06-09 15:50:55,355,EXP_FAULT_04,RUN_04,network_delay,1,adservice,ad-f04-09,online-boutique,node-a,0.3271,27.1428,0,100.5333,0.003055,44.746,30.0309,79.6799,115.7649,186.2255,96.0461,100.2262,0.0991,0.2081,92981.0862,82659.3805,network_delay,frontend,2026-06-09 15:50:00,2026-06-09 16:05:00,during_fault,1.4961257,1
2026-06-09 15:51:00,360,EXP_FAULT_04,RUN_04,network_delay,1,adservice,ad-f04-09,online-boutique,node-a,0.3114,27.4921,0,102.941,0.003181,42.1583,30.9558,73.147,102.9544,169.8469,98.5171,102.6135,0.1104,0.217,102553.733,80222.0634,network_delay,frontend,2026-06-09 15:50:00,2026-06-09 16:05:00,during_fault,0.6023463,1
2026-06-09 15:51:05,365,EXP_FAULT_04,RUN_04,network_delay,1,adservice,ad-f04-09,online-boutique,node-a,0.3232,27.6974,0,102.5192,0.00249,43.3645,29.6886,84.3456,104.7959,161.6314,98.2967,102.2639,0.0355,0.2198,91404.6934,73065.1402,network_delay,frontend,2026-06-09 15:50:00,2026-06-09 16:05:00,during_fault,0.709509,1
2026-06-09 15:51:10,370,EXP_FAULT_04,RUN_04,network_delay,1,adservice,ad-f04-09,online-boutique,node-a,0.321,26.8944,0,102.7167,0.00315,41.4971,29.6322,71.547,103.5034,160.8232,98.6056,102.3932,0.1079,0.2156,129511.6863,73957.8775,network_delay,frontend,2026-06-09 15:50:00,2026-06-09 16:05:00,during_fault,0.54692805,1
2026-06-09 15:51:15,375,EXP_FAULT_04,RUN_04,network_delay,1,adservice,ad-f04-09,online-boutique,node-a,0.3143,26.4836,0,105.779,0.0033,40.0026,27.2722,71.4059,94.9881,147.4655,101.7002,105.4299,0.1407,0.2084,87335.4638,109742.9308,network_delay,frontend,2026-06-09 15:50:00,2026-06-09 16:05:00,during_fault,0.2630813,0
2026-06-09 15:51:20,380,EXP_FAULT_04,RUN_04,network_delay,1,adservice,ad-f04-09,online-boutique,node-a,0.321,27.2351,0,97.9941,0.003258,42.3349,32.7853,73.7024,103.4336,148.7634,94.3796,97.6749,0.1347,0.1845,89674.7961,73453.0701,network_delay,frontend,2026-06-09 15:50:00,2026-06-09 16:05:00,during_fault,1.0958201,1
2026-06-09 15:51:25,385,EXP_FAULT_04,RUN_04,network_delay,1,adservice,ad-f04-09,online-boutique,node-a,0.3023,26.925,0,101.6979,0.002647,38.4534,25.5455,75.0624,96.7604,141.0046,98.1269,101.4288,0.0821,0.1871,97300.4784,91838.7635,network_delay,frontend,2026-06-09 15:50:00,2026-06-09 16:05:00,during_fault,0.116602026,0
2026-06-09 15:51:30,390,EXP_FAULT_04,RUN_04,network_delay,1,adservice,ad-f04-09,online-boutique,node-a,0.3268,26.4642,0,97.9161,0.002683,38.0059,27.3364,67.2757,86.0709,143.8436,94.6182,97.6535,0.087,0.1756,94313.1317,92447.9649,network_delay,frontend,2026-06-09 15:50:00,2026-06-09 16:05:00,during_fault,0.26364392,0
2026-06-09 15:51:35,395,EXP_FAULT_04,RUN_04,network_delay,1,adservice,ad-f04-09,online-boutique,node-a,0.319,27.4548,0,99.3891,0.002385,35.5599,26.3544,62.5442,80.9048,124.2533,96.1497,99.1521,0.0711,0.1659,86165.4639,89138.3253,network_delay,frontend,2026-06-09 15:50:00,2026-06-09 16:05:00,during_fault,0.07106813,0
2026-06-09 15:51:40,400,EXP_FAULT_04,RUN_04,network_delay,1,adservice,ad-f04-09,online-boutique,node-a,0.3189,26.9685,0,98.5847,0.002926,39.2631,29.5218,75.215,98.2929,132.8935,95.4752,98.2963,0.1176,0.1708,108733.0446,96421.8626,network_delay,frontend,2026-06-09 15:50:00,2026-06-09 16:05:00,during_fault,0.37416947,0
2026-06-09 15:51:45,405,EXP_FAULT_04,RUN_04,network_delay,1,adservice,ad-f04-09,online-boutique,node-a,0.3127,26.4796,0,101.5518,0.002346,37.5477,26.6096,64.5166,84.9135,135.7674,98.4785,101.3135,0.0718,0.1665,113566.5348,95509.0107,network_delay,frontend,2026-06-09 15:50:00,2026-06-09 16:05:00,during_fault,0.06432695,0
2026-06-09 15:51:50,410,EXP_FAULT_04,RUN_04,network_delay,1,adservice,ad-f04-09,online-boutique,node-a,0.322,27.2313,0,101.826,0.002363,37.8333,26.3941,71.3848,92.9786,129.1529,98.8274,101.5854,0.0857,0.1549,121347.1873,100559.9337,network_delay,frontend,2026-06-09 15:50:00,2026-06-09 16:05:00,during_fault,0.064186916,0
2026-06-09 15:51:55,415,EXP_FAULT_04,RUN_04,network_delay,1,adservice,ad-f04-09,online-boutique,node-a,0.3228,27.2079,0,98.0784,0.002198,40.6294,27.6265,74.3224,94.1995,156.4267,95.2567,97.8628,0.0652,0.1504,103790.2163,71540.4041,network_delay,frontend,2026-06-09 15:50:00,2026-06-09 16:05:00,during_fault,0.43951225,1
2026-06-09 15:52:00,420,EXP_FAULT_04,RUN_04,network_delay,1,adservice,ad-f04-09,online-boutique,node-a,0.3118,27.6903,0,94.3767,0.002163,40.32,28.2118,68.7948,93.0041,157.048,91.7123,94.1726,0.0812,0.1229,112964.5312,66303.0719,network_delay,frontend,2026-06-09 15:50:00,2026-06-09 16:05:00,during_fault,0.476052,1
2026-06-09 15:52:05,425,EXP_FAULT_04,RUN_04,network_delay,1,adservice,ad-f04-09,online-boutique,node-a,0.3335,27.7398,0,94.8205,0.002421,39.4234,27.3211,69.7864,98.1335,139.2738,92.155,94.591,0.0848,0.1448,88766.7323,68704.916,network_delay,frontend,2026-06-09 15:50:00,2026-06-09 16:05:00,during_fault,0.8285041,1
2026-06-09 15:52:10,430,EXP_FAULT_04,RUN_04,network_delay,1,adservice,ad-f04-09,online-boutique,node-a,0.3235,26.8599,0,100.8181,0.00263,39.0577,29.2355,68.7475,95.7363,137.9772,97.9847,100.553,0.1355,0.1296,106610.3711,100945.8618,network_delay,frontend,2026-06-09 15:50:00,2026-06-09 16:05:00,during_fault,0.20581234,0
2026-06-09 15:52:15,435,EXP_FAULT_04,RUN_04,network_delay,1,adservice,ad-f04-09,online-boutique,node-a,0.3305,27.0586,0,95.1828,0.00233,38.6915,26.0045,68.7101,95.8797,138.367,92.4892,94.961,0.0765,0.1453,91575.1302,90217.3205,network_delay,frontend,2026-06-09 15:50:00,2026-06-09 16:05:00,during_fault,0.48587832,1
2026-06-09 15:52:20,440,EXP_FAULT_04,RUN_04,network_delay,1,adservice,ad-f04-09,online-boutique,node-a,0.3245,27.2007,0,93.7164,0.002848,40.6053,31.6168,70.5803,101.4388,144.9135,91.0445,93.4495,0.1393,0.1276,92493.428,64225.3057,network_delay,frontend,2026-06-09 15:50:00,2026-06-09 16:05:00,during_fault,0.9982127,1
2026-06-09 15:52:25,445,EXP_FAULT_04,RUN_04,network_delay,1,adservice,ad-f04-09,online-boutique,node-a,0.3256,26.5557,0,95.3164,0.003039,36.461,27.5026,63.0457,80.6331,119.3095,92.5458,95.0268,0.1373,0.1523,107514.3503,86116.6129,network_delay,frontend,2026-06-09 15:50:00,2026-06-09 16:05:00,during_fault,0.25231305,0
2026-06-09 15:52:30,450,EXP_FAULT_04,RUN_04,network_delay,1,adservice,ad-f04-09,online-boutique,node-a,0.3254,27.2502,0,97.0479,0.001877,40.2908,28.0673,71.3453,91.4857,156.4406,94.2044,96.8657,0.0303,0.1519,115402.8149,77397.4343,network_delay,frontend,2026-06-09 15:50:00,2026-06-09 16:05:00,during_fault,0.47240454,1
2026-06-09 15:52:35,455,EXP_FAULT_04,RUN_04,network_delay,1,adservice,ad-f04-09,online-boutique,node-a,0.3137,26.9467,0,96.8557,0.00215,38.7061,28.8681,66.4683,99.6682,135.8178,93.9203,96.6475,0.0476,0.1606,94100.1931,81020.6756,network_delay,frontend,2026-06-09 15:50:00,2026-06-09 16:05:00,during_fault,0.13334535,0
2026-06-09 15:52:40,460,EXP_FAULT_04,RUN_04,network_delay,1,adservice,ad-f04-09,online-boutique,node-a,0.3103,27.4276,0,94.2404,0.002373,39.0805,29.5313,65.709,95.2936,148.7489,91.2984,94.0168,0.069,0.1547,112847.9244,91236.7096,network_delay,frontend,2026-06-09 15:50:00,2026-06-09 16:05:00,during_fault,0.32599294,0
2026-06-09 15:52:45,465,EXP_FAULT_04,RUN_04,network_delay,1,adservice,ad-f04-09,online-boutique,node-a,0.3268,27.208,0,97.1167,0.003339,40.7752,28.2349,69.1199,96.5051,154.9642,93.923,96.7924,0.1541,0.1702,93323.9009,100874.6488,network_delay,frontend,2026-06-09 15:50:00,2026-06-09 16:05:00,during_fault,0.9698615,1
2026-06-09 15:52:50,470,EXP_FAULT_04,RUN_04,network_delay,1,adservice,ad-f04-09,online-boutique,node-a,0.3102,26.9032,0,98.8448,0.003291,42.4606,31.6003,82.9971,111.3191,161.2436,95.477,98.5195,0.1576,0.1677,125010.2625,64687.0269,network_delay,frontend,2026-06-09 15:50:00,2026-06-09 16:05:00,during_fault,0.7587418,1
2026-06-09 15:52:55,475,EXP_FAULT_04,RUN_04,network_delay,1,adservice,ad-f04-09,online-boutique,node-a,0.3434,27.5416,0,97.4277,0.002073,40.4188,30.5622,72.4123,93.081,161.5042,94.0306,97.2257,0.0413,0.1607,116064.6249,65319.6302,network_delay,frontend,2026-06-09 15:50:00,2026-06-09 16:05:00,during_fault,1.1854203,1
2026-06-09 15:53:00,480,EXP_FAULT_04,RUN_04,network_delay,1,adservice,ad-f04-09,online-boutique,node-a,0.3182,26.6964,0,97.6472,0.002006,40.7183,29.2732,68.8221,94.5448,150.4132,94.1007,97.4514,0.0327,0.1632,112065.0623,81014.1122,network_delay,frontend,2026-06-09 15:50:00,2026-06-09 16:05:00,during_fault,0.3915413,0
2026-06-09 15:53:05,485,EXP_FAULT_04,RUN_04,network_delay,1,adservice,ad-f04-09,online-boutique,node-a,0.3124,26.7548,0,99.2817,0.002937,38.6448,27.3698,67.2094,100.2061,141.6806,95.5005,98.9901,0.1122,0.1794,105038.4024,87760.3847,network_delay,frontend,2026-06-09 15:50:00,2026-06-09 16:05:00,during_fault,0.16972922,0
2026-06-09 15:53:10,490,EXP_FAULT_04,RUN_04,network_delay,1,adservice,ad-f04-09,online-boutique,node-a,0.3221,27.2747,0,99.0911,0.002338,43.5123,32.7891,85.4246,108.0382,159.805,95.1811,98.8594,0.053,0.1787,120169.684,84258.3808,network_delay,frontend,2026-06-09 15:50:00,2026-06-09 16:05:00,during_fault,0.94305116,1
2026-06-09 15:53:15,495,EXP_FAULT_04,RUN_04,network_delay,1,adservice,ad-f04-09,online-boutique,node-a,0.3271,26.7862,0,96.546,0.002571,42.4848,28.5369,74.0852,107.3357,158.9114,92.5787,96.2978,0.067,0.1811,91183.3564,99961.601,network_delay,frontend,2026-06-09 15:50:00,2026-06-09 16:05:00,during_fault,1.1348333,1
2026-06-09 15:53:20,500,EXP_FAULT_04,RUN_04,network_delay,1,adservice,ad-f04-09,online-boutique,node-a,0.3115,26.8522,0,100.5845,0.003236,43.8926,32.5029,79.0881,116.2509,161.1056,96.2451,100.259,0.1255,0.2001,91531.0217,96459.5251,network_delay,frontend,2026-06-09 15:50:00,2026-06-09 16:05:00,during_fault,0.9417858,1
2026-06-09 15:53:25,505,EXP_FAULT_04,RUN_04,network_delay,1,adservice,ad-f04-09,online-boutique,node-a,0.3137,27.447,0,99.9351,0.003118,43.0874,29.6119,83.9168,110.5842,181.361,95.4858,99.6235,0.0949,0.2168,86707.3275,80151.3181,network_delay,frontend,2026-06-09 15:50:00,2026-06-09 16:05:00,during_fault,0.9178058,1
2026-06-09 15:53:30,510,EXP_FAULT_04,RUN_04,network_delay,1,adservice,ad-f04-09,online-boutique,node-a,0.3358,27.3465,0,94.1363,0.002705,45.3655,31.3591,86.4232,120.6504,179.7351,89.8095,93.8817,0.0544,0.2002,88056.4074,88039.2944,network_delay,frontend,2026-06-09 15:50:00,2026-06-09 16:05:00,during_fault,2.8551545,1
2026-06-09 15:53:35,515,EXP_FAULT_04,RUN_04,network_delay,1,adservice,ad-f04-09,online-boutique,node-a,0.3353,27.4711,0,100.2955,0.003545,45.0943,32.1734,91.2856,126.5005,189.0324,95.5184,99.9399,0.1145,0.2411,127598.8329,84730.1885,network_delay,frontend,2026-06-09 15:50:00,2026-06-09 16:05:00,during_fault,2.1417832,1
2026-06-09 15:53:40,520,EXP_FAULT_04,RUN_04,network_delay,1,adservice,ad-f04-09,online-boutique,node-a,0.3397,27.1428,0,102.2373,0.003633,44.3076,32.756,84.3994,117.7115,183.1303,97.1692,101.8658,0.14,0.2315,100409.2361,86827.0179,network_delay,frontend,2026-06-09 15:50:00,2026-06-09 16:05:00,during_fault,1.8198016,1
2026-06-09 15:53:45,525,EXP_FAULT_04,RUN_04,network_delay,1,adservice,ad-f04-09,online-boutique,node-a,0.3325,26.3491,0,98.4257,0.003398,43.7334,33.1164,77.7624,120.1563,190.4974,93.4623,98.0912,0.1005,0.2339,105373.1206,76505.7822,network_delay,frontend,2026-06-09 15:50:00,2026-06-09 16:05:00,during_fault,1.7369419,1
2026-06-09 15:53:50,530,EXP_FAULT_04,RUN_04,network_delay,1,adservice,ad-f04-09,online-boutique,node-a,0.3289,26.5426,0,98.2257,0.003988,42.8181,28.8251,88.1749,113.4302,171.7727,93.1415,97.8341,0.154,0.2376,117746.4867,101116.076,network_delay,frontend,2026-06-09 15:50:00,2026-06-09 16:05:00,during_fault,1.6471825,1
2026-06-09 15:53:55,535,EXP_FAULT_04,RUN_04,network_delay,1,adservice,ad-f04-09,online-boutique,node-a,0.3239,27.7997,0,97.1239,0.003598,41.8231,29.6365,81.0804,107.3025,180.2155,91.9763,96.7745,0.091,0.2585,122417.2027,83122.9829,network_delay,frontend,2026-06-09 15:50:00,2026-06-09 16:05:00,during_fault,1.3977262,1
2026-06-09 15:54:00,540,EXP_FAULT_04,RUN_04,network_delay,1,adservice,ad-f04-09,online-boutique,node-a,0.3456,26.6731,0,97.5199,0.00286,41.6114,28.2428,74.9612,113.957,187.4366,92.3129,97.2409,0.0344,0.2445,105583.4972,87460.3804,network_delay,frontend,2026-06-09 15:50:00,2026-06-09 16:05:00,during_fault,1.5045063,1
2026-06-09 15:54:05,545,EXP_FAULT_04,RUN_04,network_delay,1,adservice,ad-f04-09,online-boutique,node-a,0.3257,27.0545,0,96.593,0.002819,46.1323,30.3535,88.7086,115.9943,195.3301,91.3724,96.3207,0.0259,0.2463,105989.2903,83010.1364,network_delay,frontend,2026-06-09 15:50:00,2026-06-09 16:05:00,during_fault,2.3276362,1
2026-06-09 15:54:10,550,EXP_FAULT_04,RUN_04,network_delay,1,adservice,ad-f04-09,online-boutique,node-a,0.3206,27.036,0,96.5545,0.003345,45.1042,30.8894,89.2619,122.8266,211.165,91.2589,96.2315,0.0713,0.2517,79487.6765,93167.599,network_delay,frontend,2026-06-09 15:50:00,2026-06-09 16:05:00,during_fault,2.0624933,1
2026-06-09 15:54:15,555,EXP_FAULT_04,RUN_04,network_delay,1,adservice,ad-f04-09,online-boutique,node-a,0.3367,27.5825,0,97.4756,0.003833,44.4914,28.8157,84.2921,125.2349,192.7142,92.0823,97.102,0.1055,0.2682,121560.5103,73816.2795,network_delay,frontend,2026-06-09 15:50:00,2026-06-09 16:05:00,during_fault,2.5517473,1
2026-06-09 15:54:20,560,EXP_FAULT_04,RUN_04,network_delay,1,adservice,ad-f04-09,online-boutique,node-a,0.3298,27.6316,0,99.3239,0.00412,43.6798,31.1249,89.6228,125.0691,201.1992,93.7755,98.9148,0.1495,0.2596,120993.4447,78802.5623,network_delay,frontend,2026-06-09 15:50:00,2026-06-09 16:05:00,during_fault,2.0369043,1
2026-06-09 15:54:25,565,EXP_FAULT_04,RUN_04,network_delay,1,adservice,ad-f04-09,online-boutique,node-a,0.3163,27.2648,0,94.4851,0.00324,44.4433,33.5865,80.9698,127.3399,208.0224,89.2417,94.179,0.0538,0.2523,97305.1036,77117.6744,network_delay,frontend,2026-06-09 15:50:00,2026-06-09 16:05:00,during_fault,1.9261211,1
2026-06-09 15:54:30,570,EXP_FAULT_04,RUN_04,network_delay,1,adservice,ad-f04-09,online-boutique,node-a,0.3004,26.869,0,93.6627,0.003128,40.4878,26.9558,82.3331,107.1806,181.3011,88.5088,93.3697,0.0432,0.2498,100177.379,66905.975,network_delay,frontend,2026-06-09 15:50:00,2026-06-09 16:05:00,during_fault,0.4419222,1
2026-06-09 15:54:35,575,EXP_FAULT_04,RUN_04,network_delay,1,adservice,ad-f04-09,online-boutique,node-a,0.3174,27.5665,0,94.6156,0.003545,44.2858,31.2457,86.9562,124.8687,189.0274,89.4253,94.2802,0.0847,0.2507,104266.5978,77971.3508,network_delay,frontend,2026-06-09 15:50:00,2026-06-09 16:05:00,during_fault,2.119537,1
2026-06-09 15:54:40,580,EXP_FAULT_04,RUN_04,network_delay,1,adservice,ad-f04-09,online-boutique,node-a,0.322,26.7426,0,91.6888,0.003367,46.973,34.7597,89.5544,121.5003,182.327,86.7112,91.3801,0.0698,0.2389,89193.5031,65976.7847,network_delay,frontend,2026-06-09 15:50:00,2026-06-09 16:05:00,during_fault,3.5173454,1
2026-06-09 15:54:45,585,EXP_FAULT_04,RUN_04,network_delay,1,adservice,ad-f04-09,online-boutique,node-a,0.3395,26.8018,0,93.3566,0.00385,40.4278,29.6736,71.7737,100.8382,175.7372,88.3443,92.9971,0.1152,0.2442,118485.1943,91488.1526,network_delay,frontend,2026-06-09 15:50:00,2026-06-09 16:05:00,during_fault,1.8790611,1
2026-06-09 15:54:50,590,EXP_FAULT_04,RUN_04,network_delay,1,adservice,ad-f04-09,online-boutique,node-a,0.3154,26.9827,0,91.0857,0.002832,42.9897,31.9658,80.5956,113.6852,166.7918,86.3132,90.8278,0.0397,0.2182,89254.3387,73275.9052,network_delay,frontend,2026-06-09 15:50:00,2026-06-09 16:05:00,during_fault,1.5983069,1
2026-06-09 15:54:55,595,EXP_FAULT_04,RUN_04,network_delay,1,adservice,ad-f04-09,online-boutique,node-a,0.3085,27.2747,0,87.4894,0.003849,43.4441,32.2482,77.0022,120.3057,188.5613,82.9258,87.1526,0.1088,0.2279,91160.7233,61962.185,network_delay,frontend,2026-06-09 15:50:00,2026-06-09 16:05:00,during_fault,2.4651964,1
2026-06-09 15:55:00,600,EXP_FAULT_04,RUN_04,network_delay,1,adservice,ad-f04-09,online-boutique,node-a,0.32,27.5067,0,90.6928,0.004025,43.9771,29.562,84.3355,109.6468,166.0633,86.0873,90.3277,0.1444,0.2207,91237.4053,77903.8216,network_delay,frontend,2026-06-09 15:50:00,2026-06-09 16:05:00,during_fault,2.9550478,1
2026-06-09 15:55:05,605,EXP_FAULT_04,RUN_04,network_delay,1,adservice,ad-f04-09,online-boutique,node-a,0.3149,27.2972,0,90.9164,0.003975,41.8929,30.8495,78.1971,118.5912,159.0435,86.3842,90.555,0.1337,0.2277,115415.9798,72279.2014,network_delay,frontend,2026-06-09 15:50:00,2026-06-09 16:05:00,during_fault,1.871311,1
2026-06-09 15:55:10,610,EXP_FAULT_04,RUN_04,network_delay,1,adservice,ad-f04-09,online-boutique,node-a,0.3189,26.8089,0,87.2165,0.003465,43.3793,31.3012,76.7423,112.7543,163.946,83.0419,86.9143,0.1124,0.1898,98828.1181,61657.8739,network_delay,frontend,2026-06-09 15:50:00,2026-06-09 16:05:00,during_fault,2.5946958,1
2026-06-09 15:55:15,615,EXP_FAULT_04,RUN_04,network_delay,1,adservice,ad-f04-09,online-boutique,node-a,0.3301,27.4866,0,87.017,0.003354,38.8534,27.3406,68.5236,104.1581,168.6003,83.0051,86.7252,0.0891,0.2027,73982.4434,57673.0907,network_delay,frontend,2026-06-09 15:50:00,2026-06-09 16:05:00,during_fault,1.6419064,1
2026-06-09 15:55:20,620,EXP_FAULT_04,RUN_04,network_delay,1,adservice,ad-f04-09,online-boutique,node-a,0.3108,26.9712,0,88.3705,0.0035,40.8549,28.178,81.6129,100.029,155.7369,84.3899,88.0612,0.1287,0.1805,85963.8994,70823.8358,network_delay,frontend,2026-06-09 15:50:00,2026-06-09 16:05:00,during_fault,1.3408922,1
2026-06-09 15:55:25,625,EXP_FAULT_04,RUN_04,network_delay,1,adservice,ad-f04-09,online-boutique,node-a,0.3215,27.7088,0,87.9102,0.00329,43.8384,30.4442,85.1249,105.3603,168.6347,84.0941,87.621,0.1192,0.17,105722.9166,60341.3702,network_delay,frontend,2026-06-09 15:50:00,2026-06-09 16:05:00,during_fault,2.9828844,1
2026-06-09 15:55:30,630,EXP_FAULT_04,RUN_04,network_delay,1,adservice,ad-f04-09,online-boutique,node-a,0.3192,27.071,0,85.6049,0.002464,42.9891,32.7417,83.8219,102.2932,159.9102,82.0759,85.394,0.0489,0.162,99748.3963,57472.9171,network_delay,frontend,2026-06-09 15:50:00,2026-06-09 16:05:00,during_fault,2.398658,1
2026-06-09 15:55:35,635,EXP_FAULT_04,RUN_04,network_delay,1,adservice,ad-f04-09,online-boutique,node-a,0.3003,27.1453,0,87.5801,0.003462,38.0969,28.8387,68.7972,102.0289,151.7722,84.0812,87.2769,0.1218,0.1814,104478.1707,86691.0084,network_delay,frontend,2026-06-09 15:50:00,2026-06-09 16:05:00,during_fault,0.7201025,1
2026-06-09 15:55:40,640,EXP_FAULT_04,RUN_04,network_delay,1,adservice,ad-f04-09,online-boutique,node-a,0.3136,27.4302,0,85.2512,0.0026,38.4706,28.2481,70.5704,98.9403,144.0917,81.9983,85.0295,0.0548,0.1669,80963.4386,59914.6211,network_delay,frontend,2026-06-09 15:50:00,2026-06-09 16:05:00,during_fault,0.9140154,1
2026-06-09 15:55:45,645,EXP_FAULT_04,RUN_04,network_delay,1,adservice,ad-f04-09,online-boutique,node-a,0.2985,26.8637,0,85.3384,0.00231,37.3257,28.8056,65.1985,92.7292,139.1736,82.2376,85.1412,0.0551,0.1421,99569.686,60893.8988,network_delay,frontend,2026-06-09 15:50:00,2026-06-09 16:05:00,during_fault,0.30303764,0
2026-06-09 15:55:50,650,EXP_FAULT_04,RUN_04,network_delay,1,adservice,ad-f04-09,online-boutique,node-a,0.3204,27.1409,0,86.1165,0.003036,39.3117,27.7582,74.6644,95.5676,152.2061,83.0546,85.855,0.1165,0.1449,101984.4262,71310.5966,network_delay,frontend,2026-06-09 15:50:00,2026-06-09 16:05:00,during_fault,1.3361051,1
2026-06-09 15:55:55,655,EXP_FAULT_04,RUN_04,network_delay,1,adservice,ad-f04-09,online-boutique,node-a,0.3231,27.2262,0,87.7103,0.002101,40.4374,28.0086,75.8742,95.9036,140.851,84.7601,87.5261,0.0488,0.1355,83069.7575,58176.6552,network_delay,frontend,2026-06-09 15:50:00,2026-06-09 16:05:00,during_fault,1.3299452,1
2026-06-09 15:56:00,660,EXP_FAULT_04,RUN_04,network_delay,1,adservice,ad-f04-09,online-boutique,node-a,0.3204,27.0645,0,85.7812,0.002044,37.0434,26.6437,72.1828,88.1794,129.4385,83.0178,85.6058,0.0362,0.1392,106004.6456,85073.2553,network_delay,frontend,2026-06-09 15:50:00,2026-06-09 16:05:00,during_fault,0.61035025,1
2026-06-09 15:56:05,665,EXP_FAULT_04,RUN_04,network_delay,1,adservice,ad-f04-09,online-boutique,node-a,0.3185,27.5606,0,84.2803,0.002635,40.96,27.5987,72.8007,98.0504,151.7028,81.6255,84.0583,0.1026,0.1194,76102.2216,75351.0237,network_delay,frontend,2026-06-09 15:50:00,2026-06-09 16:05:00,during_fault,1.9273875,1
2026-06-09 15:56:10,670,EXP_FAULT_04,RUN_04,network_delay,1,adservice,ad-f04-09,online-boutique,node-a,0.3039,26.9651,0,90.6042,0.00301,38.4239,27.1054,69.9577,86.5316,135.5018,87.8347,90.3315,0.1311,0.1416,98406.5769,83180.8188,network_delay,frontend,2026-06-09 15:50:00,2026-06-09 16:05:00,during_fault,0.35327944,0
2026-06-09 15:56:15,675,EXP_FAULT_04,RUN_04,network_delay,1,adservice,ad-f04-09,online-boutique,node-a,0.3182,26.9412,0,88.3041,0.00268,37.1985,27.0893,67.0748,82.5449,128.9896,85.6999,88.0674,0.1105,0.1261,103136.1599,66473.6451,network_delay,frontend,2026-06-09 15:50:00,2026-06-09 16:05:00,during_fault,0.4951082,1
2026-06-09 15:56:20,680,EXP_FAULT_04,RUN_04,network_delay,1,adservice,ad-f04-09,online-boutique,node-a,0.3246,27.64,0,85.9766,0.001899,36.6557,28.1436,61.4067,92.5442,129.5731,83.5031,85.8133,0.0491,0.1142,101765.5891,63723.4677,network_delay,frontend,2026-06-09 15:50:00,2026-06-09 16:05:00,during_fault,0.614605,1
2026-06-09 15:56:25,685,EXP_FAULT_04,RUN_04,network_delay,1,adservice,ad-f04-09,online-boutique,node-a,0.3227,26.6577,0,89.5479,0.002671,37.1711,24.9118,69.5387,86.2165,126.4571,87.0063,89.3088,0.1065,0.1327,111186.7089,73399.2326,network_delay,frontend,2026-06-09 15:50:00,2026-06-09 16:05:00,during_fault,0.50134784,1
2026-06-09 15:56:30,690,EXP_FAULT_04,RUN_04,network_delay,1,adservice,ad-f04-09,online-boutique,node-a,0.2995,27.2061,0,86.8635,0.002937,37.9202,27.7794,70.8781,94.141,126.1179,84.3846,86.6085,0.1174,0.1377,106714.0167,58233.8533,network_delay,frontend,2026-06-09 15:50:00,2026-06-09 16:05:00,during_fault,0.477676,1
2026-06-09 15:56:35,695,EXP_FAULT_04,RUN_04,network_delay,1,adservice,ad-f04-09,online-boutique,node-a,0.3317,27.691,0,89.8085,0.001842,39.5598,28.05,71.0644,94.2256,129.651,87.3141,89.6431,0.0466,0.1188,102275.202,92756.7756,network_delay,frontend,2026-06-09 15:50:00,2026-06-09 16:05:00,during_fault,1.1787641,1
2026-06-09 15:56:40,700,EXP_FAULT_04,RUN_04,network_delay,1,adservice,ad-f04-09,online-boutique,node-a,0.312,27.2202,0,89.238,0.002059,39.5339,28.2425,75.8508,93.9467,144.0242,86.7463,89.0543,0.0476,0.1362,102549.9108,66789.3389,network_delay,frontend,2026-06-09 15:50:00,2026-06-09 16:05:00,during_fault,0.63798463,1
2026-06-09 15:56:45,705,EXP_FAULT_04,RUN_04,network_delay,1,adservice,ad-f04-09,online-boutique,node-a,0.3161,27.1888,0,88.5925,0.002299,35.9809,24.3865,67.5926,79.8313,131.5409,86.0617,88.3889,0.0808,0.1229,83966.9573,88163.2291,network_delay,frontend,2026-06-09 15:50:00,2026-06-09 16:05:00,during_fault,0.22758956,0
2026-06-09 15:56:50,710,EXP_FAULT_04,RUN_04,network_delay,1,adservice,ad-f04-09,online-boutique,node-a,0.3199,27.7877,0,89.9795,0.002633,37.3232,27.7418,67.0544,83.8363,143.6427,87.3786,89.7425,0.1007,0.1362,103415.6507,68814.7453,network_delay,frontend,2026-06-09 15:50:00,2026-06-09 16:05:00,during_fault,0.63929063,1
2026-06-09 15:56:55,715,EXP_FAULT_04,RUN_04,network_delay,1,adservice,ad-f04-09,online-boutique,node-a,0.2906,27.2032,0,87.7369,0.002725,37.9451,27.5718,70.6772,95.3124,134.4558,85.1278,87.4978,0.1058,0.1333,78072.2546,57563.573,network_delay,frontend,2026-06-09 15:50:00,2026-06-09 16:05:00,during_fault,0.29781908,0
2026-06-09 15:57:00,720,EXP_FAULT_04,RUN_04,network_delay,1,adservice,ad-f04-09,online-boutique,node-a,0.3422,27.3015,0,91.2996,0.002828,37.5014,28.758,65.8469,88.6861,137.6919,88.4867,91.0414,0.1141,0.144,91837.9396,90996.7706,network_delay,frontend,2026-06-09 15:50:00,2026-06-09 16:05:00,during_fault,1.046425,1
2026-06-09 15:57:05,725,EXP_FAULT_04,RUN_04,network_delay,1,adservice,ad-f04-09,online-boutique,node-a,0.3258,27.1227,0,89.7523,0.002304,39.0381,29.3702,64.8908,98.5266,138.5265,86.9394,89.5455,0.077,0.1298,112438.0756,71702.505,network_delay,frontend,2026-06-09 15:50:00,2026-06-09 16:05:00,during_fault,0.8780276,1
2026-06-09 15:57:10,730,EXP_FAULT_04,RUN_04,network_delay,1,adservice,ad-f04-09,online-boutique,node-a,0.3142,27.309,0,90.6191,0.002907,38.2282,26.8957,72.3932,86.659,151.3899,87.6437,90.3556,0.1189,0.1445,87181.6379,78781.3561,network_delay,frontend,2026-06-09 15:50:00,2026-06-09 16:05:00,during_fault,0.5472312,1
2026-06-09 15:57:15,735,EXP_FAULT_04,RUN_04,network_delay,1,adservice,ad-f04-09,online-boutique,node-a,0.328,27.0274,0,89.3641,0.002773,42.0657,29.8078,81.1482,109.1194,161.0006,86.3394,89.1164,0.0842,0.1635,83475.7905,85756.2607,network_delay,frontend,2026-06-09 15:50:00,2026-06-09 16:05:00,during_fault,2.0094895,1
2026-06-09 15:57:20,740,EXP_FAULT_04,RUN_04,network_delay,1,adservice,ad-f04-09,online-boutique,node-a,0.3005,26.7942,0,89.7229,0.002623,40.0074,30.7173,71.0098,104.038,155.7243,86.5775,89.4876,0.0706,0.1647,85738.2753,86056.4592,network_delay,frontend,2026-06-09 15:50:00,2026-06-09 16:05:00,during_fault,0.49323973,1
2026-06-09 15:57:25,745,EXP_FAULT_04,RUN_04,network_delay,1,adservice,ad-f04-09,online-boutique,node-a,0.3331,27.5183,0,92.3783,0.00278,38.3874,26.0324,68.0621,93.6983,140.3505,88.9973,92.1215,0.0865,0.1704,108194.2139,93993.5668,network_delay,frontend,2026-06-09 15:50:00,2026-06-09 16:05:00,during_fault,0.82977676,1
2026-06-09 15:57:30,750,EXP_FAULT_04,RUN_04,network_delay,1,adservice,ad-f04-09,online-boutique,node-a,0.3211,27.228,0,87.1621,0.002359,37.5223,26.803,71.7925,92.3885,142.4966,83.8472,86.9565,0.0471,0.1586,99422.7292,86476.2488,network_delay,frontend,2026-06-09 15:50:00,2026-06-09 16:05:00,during_fault,0.6723055,1
2026-06-09 15:57:35,755,EXP_FAULT_04,RUN_04,network_delay,1,adservice,ad-f04-09,online-boutique,node-a,0.3055,27.066,0,88.9686,0.003289,42.4188,28.9963,80.3409,100.621,155.181,85.4114,88.676,0.1253,0.1673,106022.7509,59889.3768,network_delay,frontend,2026-06-09 15:50:00,2026-06-09 16:05:00,during_fault,1.4808029,1
2026-06-09 15:57:40,760,EXP_FAULT_04,RUN_04,network_delay,1,adservice,ad-f04-09,online-boutique,node-a,0.3016,26.6721,0,87.4739,0.003207,40.9422,30.5881,81.7215,102.3448,156.3129,83.844,87.1934,0.1175,0.163,95841.5724,73656.3305,network_delay,frontend,2026-06-09 15:50:00,2026-06-09 16:05:00,during_fault,1.0123007,1
2026-06-09 15:57:45,765,EXP_FAULT_04,RUN_04,network_delay,1,adservice,ad-f04-09,online-boutique,node-a,0.3247,27.0547,0,84.133,0.003613,41.1209,28.4754,71.9535,107.5856,169.6556,80.4809,83.829,0.1232,0.1808,86062.532,59926.048,network_delay,frontend,2026-06-09 15:50:00,2026-06-09 16:05:00,during_fault,2.5783308,1
2026-06-09 15:57:50,770,EXP_FAULT_04,RUN_04,network_delay,1,adservice,ad-f04-09,online-boutique,node-a,0.3155,27.2963,0,84.6998,0.002878,42.8746,28.7661,85.0101,108.5971,161.0156,80.9294,84.4561,0.0707,0.173,103933.8687,74244.2406,network_delay,frontend,2026-06-09 15:50:00,2026-06-09 16:05:00,during_fault,2.4881244,1
2026-06-09 15:57:55,775,EXP_FAULT_04,RUN_04,network_delay,1,adservice,ad-f04-09,online-boutique,node-a,0.3036,27.4268,0,87.7825,0.003304,47.5879,34.8327,91.3809,128.6129,192.1812,83.6989,87.4924,0.1006,0.1894,97181.5869,84759.8827,network_delay,frontend,2026-06-09 15:50:00,2026-06-09 16:05:00,during_fault,3.738156,1
2026-06-09 15:58:00,780,EXP_FAULT_04,RUN_04,network_delay,1,adservice,ad-f04-09,online-boutique,node-a,0.3202,27.3263,0,84.4922,0.002978,38.732,28.0107,75.1272,95.7986,171.0099,80.475,84.2405,0.0658,0.1858,73747.4638,78201.7129,network_delay,frontend,2026-06-09 15:50:00,2026-06-09 16:05:00,during_fault,1.3592894,1
2026-06-09 15:58:05,785,EXP_FAULT_04,RUN_04,network_delay,1,adservice,ad-f04-09,online-boutique,node-a,0.3034,27.5705,0,84.5467,0.003307,41.4115,28.5,82.5033,111.9022,175.7938,80.3774,84.2671,0.0651,0.2145,88159.605,66704.7628,network_delay,frontend,2026-06-09 15:50:00,2026-06-09 16:05:00,during_fault,2.337241,1
2026-06-09 15:58:10,790,EXP_FAULT_04,RUN_04,network_delay,1,adservice,ad-f04-09,online-boutique,node-a,0.3248,27.6656,0,82.3206,0.00318,42.0989,31.4372,78.4013,104.5583,164.0982,78.1767,82.0588,0.0624,0.1993,72202.7112,64983.4721,network_delay,frontend,2026-06-09 15:50:00,2026-06-09 16:05:00,during_fault,3.2924094,1
2026-06-09 15:58:15,795,EXP_FAULT_04,RUN_04,network_delay,1,adservice,ad-f04-09,online-boutique,node-a,0.3239,27.0385,0,85.6737,0.003059,42.7697,31.0208,82.276,120.3733,196.3076,81.2613,85.4117,0.061,0.201,96674.2444,62325.8482,network_delay,frontend,2026-06-09 15:50:00,2026-06-09 16:05:00,during_fault,2.7187495,1
2026-06-09 15:58:20,800,EXP_FAULT_04,RUN_04,network_delay,1,adservice,ad-f04-09,online-boutique,node-a,0.3008,27.8888,0,82.5845,0.003353,42.0228,31.1539,85.9015,104.462,177.4897,78.2191,82.3076,0.0545,0.2224,87763.2095,78074.2655,network_delay,frontend,2026-06-09 15:50:00,2026-06-09 16:05:00,during_fault,3.851534,1
2026-06-09 15:58:25,805,EXP_FAULT_04,RUN_04,network_delay,1,adservice,ad-f04-09,online-boutique,node-a,0.3245,27.339,0,84.9526,0.003356,43.9434,31.992,86.145,114.8508,198.5745,80.3892,84.6675,0.0709,0.2142,98392.1288,72123.4234,network_delay,frontend,2026-06-09 15:50:00,2026-06-09 16:05:00,during_fault,3.5711486,1
2026-06-09 15:58:30,810,EXP_FAULT_04,RUN_04,network_delay,1,adservice,ad-f04-09,online-boutique,node-a,0.3201,26.9619,0,84.2682,0.004253,44.6881,30.0962,92.8053,118.1486,197.5796,79.6325,83.9097,0.1288,0.2296,72489.8482,60469.5067,network_delay,frontend,2026-06-09 15:50:00,2026-06-09 16:05:00,during_fault,4.2113786,1
2026-06-09 15:58:35,815,EXP_FAULT_04,RUN_04,network_delay,1,adservice,ad-f04-09,online-boutique,node-a,0.3044,27.4895,0,82.855,0.003554,42.6844,29.6326,79.0791,114.7738,181.8242,78.2899,82.5605,0.0735,0.221,91522.2873,85061.0509,network_delay,frontend,2026-06-09 15:50:00,2026-06-09 16:05:00,during_fault,3.1238651,1
2026-06-09 15:58:40,820,EXP_FAULT_04,RUN_04,network_delay,1,adservice,ad-f04-09,online-boutique,node-a,0.3031,27.5458,0,84.6625,0.003705,47.3683,32.1645,87.7526,130.7064,215.3182,79.9834,84.3488,0.0836,0.2301,106128.1477,85297.1791,network_delay,frontend,2026-06-09 15:50:00,2026-06-09 16:05:00,during_fault,4.801757,1
2026-06-09 15:58:45,825,EXP_FAULT_04,RUN_04,network_delay,1,adservice,ad-f04-09,online-boutique,node-a,0.3107,27.3358,0,80.301,0.003922,40.6528,27.1704,74.3102,113.7336,189.1066,75.8116,79.986,0.1095,0.2055,68619.821,80324.4353,network_delay,frontend,2026-06-09 15:50:00,2026-06-09 16:05:00,during_fault,3.1674423,1
2026-06-09 15:58:50,830,EXP_FAULT_04,RUN_04,network_delay,1,adservice,ad-f04-09,online-boutique,node-a,0.3098,27.3374,0,84.8666,0.003235,45.4872,30.8859,86.9456,116.2576,183.9388,80.1595,84.5921,0.0526,0.222,70103.0146,66871.673,network_delay,frontend,2026-06-09 15:50:00,2026-06-09 16:05:00,during_fault,3.4682739,1
2026-06-09 15:58:55,835,EXP_FAULT_04,RUN_04,network_delay,1,adservice,ad-f04-09,online-boutique,node-a,0.3195,27.7442,0,84.2403,0.00405,40.0614,26.5376,75.6641,112.4014,163.3827,79.5539,83.8991,0.1129,0.2283,84891.5237,73115.8316,network_delay,frontend,2026-06-09 15:50:00,2026-06-09 16:05:00,during_fault,3.632539,1
2026-06-09 15:59:00,840,EXP_FAULT_04,RUN_04,network_delay,1,adservice,ad-f04-09,online-boutique,node-a,0.3162,27.1061,0,83.2508,0.002908,43.728,28.3183,85.4788,112.8822,176.2731,78.6969,83.0088,0.0233,0.2187,98890.268,84749.2827,network_delay,frontend,2026-06-09 15:50:00,2026-06-09 16:05:00,during_fault,3.0874817,1
2026-06-09 15:59:05,845,EXP_FAULT_04,RUN_04,network_delay,1,adservice,ad-f04-09,online-boutique,node-a,0.3064,27.3098,0,83.8458,0.00357,41.3402,30.1046,73.5638,118.3343,183.8827,79.2693,83.5465,0.0677,0.2316,91304.7786,73710.4663,network_delay,frontend,2026-06-09 15:50:00,2026-06-09 16:05:00,during_fault,2.209652,1
2026-06-09 15:59:10,850,EXP_FAULT_04,RUN_04,network_delay,1,adservice,ad-f04-09,online-boutique,node-a,0.3039,27.1485,0,83.0445,0.003927,39.7948,28.4933,78.5807,114.7526,154.7753,78.5628,82.7183,0.1093,0.2168,92985.5811,63923.9135,network_delay,frontend,2026-06-09 15:50:00,2026-06-09 16:05:00,during_fault,1.9939606,1
2026-06-09 15:59:15,855,EXP_FAULT_04,RUN_04,network_delay,1,adservice,ad-f04-09,online-boutique,node-a,0.3046,27.4504,0,85.5177,0.002868,42.4486,29.9205,77.489,112.936,180.615,81.027,85.2724,0.0266,0.2186,88134.5151,74589.2726,network_delay,frontend,2026-06-09 15:50:00,2026-06-09 16:05:00,during_fault,1.8518839,1
2026-06-09 15:59:20,860,EXP_FAULT_04,RUN_04,network_delay,1,adservice,ad-f04-09,online-boutique,node-a,0.2975,27.5649,0,87.6104,0.003464,41.4615,28.1868,78.1884,115.8846,178.7547,83.0636,87.3069,0.0958,0.2076,102900.7269,82088.2363,network_delay,frontend,2026-06-09 15:50:00,2026-06-09 16:05:00,during_fault,2.0965686,1
2026-06-09 15:59:25,865,EXP_FAULT_04,RUN_04,network_delay,1,adservice,ad-f04-09,online-boutique,node-a,0.3242,26.9793,0,87.2359,0.003495,42.3287,27.8258,75.2338,110.9872,186.3689,82.832,86.931,0.0878,0.2171,88204.448,90213.3105,network_delay,frontend,2026-06-09 15:50:00,2026-06-09 16:05:00,during_fault,2.4891636,1
2026-06-09 15:59:30,870,EXP_FAULT_04,RUN_04,network_delay,1,adservice,ad-f04-09,online-boutique,node-a,0.3053,27.2392,0,86.7412,0.002788,42.1955,27.7641,82.1513,107.2102,172.1475,82.5019,86.4994,0.044,0.1978,104747.7584,64220.8963,network_delay,frontend,2026-06-09 15:50:00,2026-06-09 16:05:00,during_fault,1.5450475,1
2026-06-09 15:59:35,875,EXP_FAULT_04,RUN_04,network_delay,1,adservice,ad-f04-09,online-boutique,node-a,0.3243,27.6297,0,87.9244,0.003345,40.6801,29.9749,74.8814,112.1529,170.4856,83.7389,87.6303,0.0759,0.2182,80102.1254,80126.0515,network_delay,frontend,2026-06-09 15:50:00,2026-06-09 16:05:00,during_fault,1.9315811,1
2026-06-09 15:59:40,880,EXP_FAULT_04,RUN_04,network_delay,1,adservice,ad-f04-09,online-boutique,node-a,0.3168,26.7841,0,89.3721,0.003669,39.8063,27.6377,69.9513,105.1123,172.1216,85.1937,89.0441,0.1224,0.2056,75038.3287,72987.3404,network_delay,frontend,2026-06-09 15:50:00,2026-06-09 16:05:00,during_fault,1.1804225,1
2026-06-09 15:59:45,885,EXP_FAULT_04,RUN_04,network_delay,1,adservice,ad-f04-09,online-boutique,node-a,0.3214,27.1619,0,88.7091,0.002944,43.3592,31.1516,75.4914,104.5033,179.5394,84.7526,88.448,0.0541,0.2071,102490.9344,78920.9388,network_delay,frontend,2026-06-09 15:50:00,2026-06-09 16:05:00,during_fault,2.352224,1
2026-06-09 15:59:50,890,EXP_FAULT_04,RUN_04,network_delay,1,adservice,ad-f04-09,online-boutique,node-a,0.3177,27.2198,0,91.3845,0.003406,37.6436,27.8524,73.0161,91.1179,137.0597,87.4557,91.0733,0.1121,0.1991,111967.0603,62156.5701,network_delay,frontend,2026-06-09 15:50:00,2026-06-09 16:05:00,during_fault,0.63493806,1
2026-06-09 15:59:55,895,EXP_FAULT_04,RUN_04,network_delay,1,adservice,ad-f04-09,online-boutique,node-a,0.3089,27.0842,0,91.6772,0.002616,39.8924,29.2301,74.9702,103.8459,171.4661,87.9059,91.4374,0.0544,0.1855,96561.5781,67545.4182,network_delay,frontend,2026-06-09 15:50:00,2026-06-09 16:05:00,during_fault,0.546342,1
2026-06-09 16:00:00,900,EXP_FAULT_04,RUN_04,network_delay,1,adservice,ad-f04-09,online-boutique,node-a,0.3054,27.0182,0,91.043,0.003209,38.292,26.9212,66.7732,95.1646,139.6632,87.4087,90.7508,0.1261,0.166,109665.6549,79583.5524,network_delay,frontend,2026-06-09 15:50:00,2026-06-09 16:05:00,during_fault,0.40542078,0
2026-06-09 16:00:05,905,EXP_FAULT_04,RUN_04,network_delay,1,adservice,ad-f04-09,online-boutique,node-a,0.335,27.4568,0,91.2669,0.0028,39.1586,29.1659,70.1373,103.5701,162.958,87.7694,91.0114,0.0759,0.1797,109782.3598,77023.4503,network_delay,frontend,2026-06-09 15:50:00,2026-06-09 16:05:00,during_fault,1.1624954,1
2026-06-09 16:00:10,910,EXP_FAULT_04,RUN_04,network_delay,1,adservice,ad-f04-09,online-boutique,node-a,0.303,27.6653,0,93.0775,0.002173,41.5843,27.6736,76.5759,104.3815,147.2178,89.6953,92.8752,0.0253,0.177,85119.3263,88103.3465,network_delay,frontend,2026-06-09 15:50:00,2026-06-09 16:05:00,during_fault,0.7346815,1
2026-06-09 16:00:15,915,EXP_FAULT_04,RUN_04,network_delay,1,adservice,ad-f04-09,online-boutique,node-a,0.3406,27.2593,0,91.6908,0.002485,43.1254,32.3837,78.762,112.6592,154.2415,88.4847,91.4629,0.0751,0.1527,111418.4503,95202.1341,network_delay,frontend,2026-06-09 15:50:00,2026-06-09 16:05:00,during_fault,2.536441,1
2026-06-09 16:00:20,920,EXP_FAULT_04,RUN_04,network_delay,1,adservice,ad-f04-09,online-boutique,node-a,0.3069,26.971,0,89.7045,0.002298,39.8055,27.4627,72.5845,97.5689,160.8795,86.672,89.4983,0.0618,0.1443,78517.3392,62483.1377,network_delay,frontend,2026-06-09 15:50:00,2026-06-09 16:05:00,during_fault,0.55902576,1
2026-06-09 16:00:25,925,EXP_FAULT_04,RUN_04,network_delay,1,adservice,ad-f04-09,online-boutique,node-a,0.3413,27.2298,0,91.6177,0.002248,38.1679,27.0985,67.9983,98.4695,141.3019,88.6423,91.4118,0.0423,0.1637,80786.8675,61367.1449,network_delay,frontend,2026-06-09 15:50:00,2026-06-09 16:05:00,during_fault,1.0351479,1
2026-06-09 16:00:30,930,EXP_FAULT_04,RUN_04,network_delay,1,adservice,ad-f04-09,online-boutique,node-a,0.3268,27.2151,0,90.3971,0.001927,40.5043,28.7089,77.5153,96.4151,138.9183,87.5877,90.2229,0.047,0.1271,83919.492,88476.4296,network_delay,frontend,2026-06-09 15:50:00,2026-06-09 16:05:00,during_fault,1.1365182,1
2026-06-09 16:00:35,935,EXP_FAULT_04,RUN_04,network_delay,1,adservice,ad-f04-09,online-boutique,node-a,0.3068,26.9146,0,91.9707,0.002711,40.8185,29.0459,68.8912,96.3823,135.011,89.1615,91.7214,0.1011,0.1482,96119.3174,59919.321,network_delay,frontend,2026-06-09 15:50:00,2026-06-09 16:05:00,during_fault,0.6496337,1
2026-06-09 16:00:40,940,EXP_FAULT_04,RUN_04,network_delay,1,adservice,ad-f04-09,online-boutique,node-a,0.3001,26.8112,0,93.8678,0.002766,37.5895,28.1484,67.1058,86.3973,136.2431,91.0925,93.6082,0.1073,0.1524,113806.4369,67673.396,network_delay,frontend,2026-06-09 15:50:00,2026-06-09 16:05:00,during_fault,0.06614549,0
2026-06-09 16:00:45,945,EXP_FAULT_04,RUN_04,network_delay,1,adservice,ad-f04-09,online-boutique,node-a,0.3172,27.1422,0,91.2593,0.002716,37.2275,27.4259,63.3865,90.0987,129.2311,88.5846,91.0114,0.1024,0.1455,106214.1081,68809.0506,network_delay,frontend,2026-06-09 15:50:00,2026-06-09 16:05:00,during_fault,0.34095716,0
2026-06-09 16:00:50,950,EXP_FAULT_04,RUN_04,network_delay,1,adservice,ad-f04-09,online-boutique,node-a,0.3081,27.404,0,90.43,0.002576,35.5371,27.6754,59.8811,84.2651,115.1119,87.8351,90.197,0.0919,0.141,82674.1627,69309.8348,network_delay,frontend,2026-06-09 15:50:00,2026-06-09 16:05:00,during_fault,0.11628451,0
2026-06-09 16:00:55,955,EXP_FAULT_04,RUN_04,network_delay,1,adservice,ad-f04-09,online-boutique,node-a,0.3247,27.1287,0,90.8198,0.001809,37.6868,27.0955,62.593,88.2475,122.4362,88.2932,90.6555,0.0299,0.1344,77876.9386,59135.2207,network_delay,frontend,2026-06-09 15:50:00,2026-06-09 16:05:00,during_fault,0.42252192,0
2026-06-09 16:01:00,960,EXP_FAULT_04,RUN_04,network_delay,1,adservice,ad-f04-09,online-boutique,node-a,0.3325,27.4258,0,89.9539,0.002409,37.5289,26.6845,68.2644,85.8379,143.7152,87.4337,89.7373,0.0784,0.1383,81777.6058,86684.278,network_delay,frontend,2026-06-09 15:50:00,2026-06-09 16:05:00,during_fault,0.7502164,1
2026-06-09 16:01:05,965,EXP_FAULT_04,RUN_04,network_delay,1,adservice,ad-f04-09,online-boutique,node-a,0.3338,27.7382,0,89.5974,0.00258,36.1291,25.7704,60.0914,83.9819,139.5622,87.0749,89.3662,0.0934,0.1378,106791.3738,87069.7041,network_delay,frontend,2026-06-09 15:50:00,2026-06-09 16:05:00,during_fault,0.6267268,1
2026-06-09 16:01:10,970,EXP_FAULT_04,RUN_04,network_delay,1,adservice,ad-f04-09,online-boutique,node-a,0.3042,26.7035,0,88.8133,0.002608,37.7657,26.0119,64.371,95.801,146.1244,86.2906,88.5816,0.0985,0.1331,84345.4283,81128.1795,network_delay,frontend,2026-06-09 15:50:00,2026-06-09 16:05:00,during_fault,0.2794321,0
2026-06-09 16:01:15,975,EXP_FAULT_04,RUN_04,network_delay,1,adservice,ad-f04-09,online-boutique,node-a,0.3145,27.1231,0,86.0875,0.003081,37.0655,27.8813,61.998,93.9216,143.7249,83.5535,85.8222,0.1344,0.1309,109434.8161,59399.0897,network_delay,frontend,2026-06-09 15:50:00,2026-06-09 16:05:00,during_fault,0.65868247,1
2026-06-09 16:01:20,980,EXP_FAULT_04,RUN_04,network_delay,1,adservice,ad-f04-09,online-boutique,node-a,0.3273,27.0983,0,89.0545,0.00255,35.3898,26.8108,64.3872,80.6768,136.3344,86.4027,88.8274,0.0905,0.1366,84863.2242,78119.1277,network_delay,frontend,2026-06-09 15:50:00,2026-06-09 16:05:00,during_fault,0.34840026,0
2026-06-09 16:01:25,985,EXP_FAULT_04,RUN_04,network_delay,1,adservice,ad-f04-09,online-boutique,node-a,0.3121,26.8591,0,88.1962,0.003209,40.535,28.7062,72.1784,103.4083,150.2316,85.4476,87.9131,0.1363,0.1468,104392.9691,77795.3551,network_delay,frontend,2026-06-09 15:50:00,2026-06-09 16:05:00,during_fault,1.1828431,1
2026-06-09 16:01:30,990,EXP_FAULT_04,RUN_04,network_delay,1,adservice,ad-f04-09,online-boutique,node-a,0.3118,27.3297,0,89.8317,0.002784,39.4121,30.5225,69.2978,100.8748,142.0909,86.9883,89.5816,0.1213,0.1288,91892.9856,81570.7893,network_delay,frontend,2026-06-09 15:50:00,2026-06-09 16:05:00,during_fault,0.72714025,1
2026-06-09 16:01:35,995,EXP_FAULT_04,RUN_04,network_delay,1,adservice,ad-f04-09,online-boutique,node-a,0.3266,27.1721,0,86.735,0.00283,39.3369,26.8812,69.9274,91.6865,144.327,83.9125,86.4895,0.1095,0.136,99998.315,81602.4596,network_delay,frontend,2026-06-09 15:50:00,2026-06-09 16:05:00,during_fault,1.4345448,1
2026-06-09 16:01:40,1000,EXP_FAULT_04,RUN_04,network_delay,1,adservice,ad-f04-09,online-boutique,node-a,0.3165,27.1443,0,89.2934,0.002612,39.0222,28.5992,75.2611,95.6015,150.1855,86.2667,89.0602,0.0818,0.1514,102968.873,67937.7609,network_delay,frontend,2026-06-09 15:50:00,2026-06-09 16:05:00,during_fault,0.73903066,1
2026-06-09 16:01:45,1005,EXP_FAULT_04,RUN_04,network_delay,1,adservice,ad-f04-09,online-boutique,node-a,0.3233,26.9488,0,89.7445,0.003281,36.7317,27.8081,65.1712,86.7762,150.0934,86.5763,89.45,0.132,0.1625,89661.9668,66359.6617,network_delay,frontend,2026-06-09 15:50:00,2026-06-09 16:05:00,during_fault,0.5787922,1
2026-06-09 16:01:50,1010,EXP_FAULT_04,RUN_04,network_delay,1,adservice,ad-f04-09,online-boutique,node-a,0.3097,26.8427,0,88.2274,0.003285,40.5634,30.6669,77.8639,102.2495,145.559,84.9747,87.9375,0.1194,0.1705,110628.1962,64049.478,network_delay,frontend,2026-06-09 15:50:00,2026-06-09 16:05:00,during_fault,1.1336805,1
2026-06-09 16:01:55,1015,EXP_FAULT_04,RUN_04,network_delay,1,adservice,ad-f04-09,online-boutique,node-a,0.3142,27.4018,0,88.1615,0.002735,40.9963,30.177,77.0138,98.3899,149.7844,84.7917,87.9204,0.0687,0.1724,90637.2821,76826.4761,network_delay,frontend,2026-06-09 15:50:00,2026-06-09 16:05:00,during_fault,1.3229368,1
2026-06-09 16:02:00,1020,EXP_FAULT_04,RUN_04,network_delay,1,adservice,ad-f04-09,online-boutique,node-a,0.316,27.1052,0,87.6689,0.002818,37.4678,26.9957,68.5381,95.9976,145.1288,84.1695,87.4218,0.0636,0.1834,90802.216,77280.5216,network_delay,frontend,2026-06-09 15:50:00,2026-06-09 16:05:00,during_fault,0.58104813,1
2026-06-09 16:02:05,1025,EXP_FAULT_04,RUN_04,network_delay,1,adservice,ad-f04-09,online-boutique,node-a,0.2976,27.3077,0,91.4376,0.002448,40.9473,27.002,78.7704,108.8483,163.8696,87.6754,91.2138,0.0359,0.188,80606.1216,77131.8007,network_delay,frontend,2026-06-09 15:50:00,2026-06-09 16:05:00,during_fault,0.5528393,1
2026-06-09 16:02:10,1030,EXP_FAULT_04,RUN_04,network_delay,1,adservice,ad-f04-09,online-boutique,node-a,0.3218,27.0181,0,90.9148,0.002781,37.9194,28.3224,67.4992,101.3075,148.0759,87.0178,90.662,0.0681,0.1847,96822.8614,84323.6357,network_delay,frontend,2026-06-09 15:50:00,2026-06-09 16:05:00,during_fault,0.5569966,1
2026-06-09 16:02:15,1035,EXP_FAULT_04,RUN_04,network_delay,1,adservice,ad-f04-09,online-boutique,node-a,0.3161,27.3454,0,89.5637,0.002475,40.678,29.3217,76.7706,102.917,173.6469,85.5981,89.342,0.0237,0.198,100509.4015,72151.9312,network_delay,frontend,2026-06-09 15:50:00,2026-06-09 16:05:00,during_fault,1.0787823,1
2026-06-09 16:02:20,1040,EXP_FAULT_04,RUN_04,network_delay,1,adservice,ad-f04-09,online-boutique,node-a,0.3293,27.3,0,92.5943,0.002877,42.4768,31.0057,84.7541,116.2096,167.5122,88.3351,92.3279,0.0479,0.2185,100542.6312,95057.8528,network_delay,frontend,2026-06-09 15:50:00,2026-06-09 16:05:00,during_fault,1.7998264,1
2026-06-09 16:02:25,1045,EXP_FAULT_04,RUN_04,network_delay,1,adservice,ad-f04-09,online-boutique,node-a,0.3213,27.3921,0,94.8058,0.003044,44.5534,32.6757,88.399,110.6307,169.2327,90.2997,94.5172,0.0842,0.2044,96339.7959,84834.4911,network_delay,frontend,2026-06-09 15:50:00,2026-06-09 16:05:00,during_fault,1.9812145,1
2026-06-09 16:02:30,1050,EXP_FAULT_04,RUN_04,network_delay,1,adservice,ad-f04-09,online-boutique,node-a,0.3326,27.1477,0,95.5225,0.002684,44.2968,32.4304,79.6608,115.1843,180.2402,90.8544,95.2661,0.0287,0.2277,99360.7738,63070.4088,network_delay,frontend,2026-06-09 15:50:00,2026-06-09 16:05:00,during_fault,2.0605435,1
2026-06-09 16:02:35,1055,EXP_FAULT_04,RUN_04,network_delay,1,adservice,ad-f04-09,online-boutique,node-a,0.3197,27.3036,0,94.2413,0.003983,42.9932,31.0601,75.9916,116.0215,168.3566,89.4669,93.8659,0.1409,0.2345,117894.2505,72379.1111,network_delay,frontend,2026-06-09 15:50:00,2026-06-09 16:05:00,during_fault,2.0629547,1
2026-06-09 16:02:40,1060,EXP_FAULT_04,RUN_04,network_delay,1,adservice,ad-f04-09,online-boutique,node-a,0.3172,27.5752,0,95.2273,0.003022,43.4251,31.0898,76.6257,107.1314,186.5828,90.3228,94.9395,0.043,0.2449,92618.8282,81670.4218,network_delay,frontend,2026-06-09 15:50:00,2026-06-09 16:05:00,during_fault,1.4672111,1
2026-06-09 16:02:45,1065,EXP_FAULT_04,RUN_04,network_delay,1,adservice,ad-f04-09,online-boutique,node-a,0.332,27.0655,0,94.8127,0.003307,40.6558,27.8212,73.3485,105.7276,171.6812,89.8339,94.4992,0.0843,0.2292,101768.3403,93933.0417,network_delay,frontend,2026-06-09 15:50:00,2026-06-09 16:05:00,during_fault,1.2621837,1
2026-06-09 16:02:50,1070,EXP_FAULT_04,RUN_04,network_delay,1,adservice,ad-f04-09,online-boutique,node-a,0.3417,27.5526,0,94.9612,0.003141,43.4676,32.5513,88.6877,118.2885,167.1843,89.8794,94.663,0.0536,0.2446,116628.7452,79771.7451,network_delay,frontend,2026-06-09 15:50:00,2026-06-09 16:05:00,during_fault,2.4506483,1
2026-06-09 16:02:55,1075,EXP_FAULT_04,RUN_04,network_delay,1,adservice,ad-f04-09,online-boutique,node-a,0.3383,27.2542,0,99.946,0.004295,45.2159,31.0336,90.1792,118.9039,178.6098,94.4873,99.5167,0.1578,0.2714,102498.4826,100951.1703,network_delay,frontend,2026-06-09 15:50:00,2026-06-09 16:05:00,during_fault,2.789135,1
2026-06-09 16:03:00,1080,EXP_FAULT_04,RUN_04,network_delay,1,adservice,ad-f04-09,online-boutique,node-a,0.3253,27.2301,0,99.4984,0.00311,46.1438,31.5781,88.1727,120.9392,200.2913,94.0484,99.1889,0.045,0.2645,105448.1221,79158.6032,network_delay,frontend,2026-06-09 15:50:00,2026-06-09 16:05:00,during_fault,2.035236,1
2026-06-09 16:03:05,1085,EXP_FAULT_04,RUN_04,network_delay,1,adservice,ad-f04-09,online-boutique,node-a,0.3089,27.5381,0,100.7828,0.003817,43.4072,32.264,88.6714,121.4223,193.5441,95.1833,100.3981,0.1026,0.2821,113641.6036,73696.0612,network_delay,frontend,2026-06-09 15:50:00,2026-06-09 16:05:00,during_fault,1.378778,1
2026-06-09 16:03:10,1090,EXP_FAULT_04,RUN_04,network_delay,1,adservice,ad-f04-09,online-boutique,node-a,0.3182,27.2148,0,97.8374,0.003195,43.3745,28.9661,86.3053,118.3888,173.2108,92.4331,97.5248,0.041,0.2716,98153.0175,81606.2054,network_delay,frontend,2026-06-09 15:50:00,2026-06-09 16:05:00,during_fault,1.2748379,1
2026-06-09 16:03:15,1095,EXP_FAULT_04,RUN_04,network_delay,1,adservice,ad-f04-09,online-boutique,node-a,0.3138,27.5207,0,102.1094,0.00411,43.0734,31.1936,77.6053,111.9304,187.7711,96.3915,101.6897,0.1568,0.2628,119466.3008,85645.4811,network_delay,frontend,2026-06-09 15:50:00,2026-06-09 16:05:00,during_fault,1.4413674,1
2026-06-09 16:03:20,1100,EXP_FAULT_04,RUN_04,network_delay,1,adservice,ad-f04-09,online-boutique,node-a,0.3186,27.6735,0,101.6316,0.004012,44.2419,30.7365,85.4173,114.0802,191.6451,95.9817,101.2239,0.1395,0.2682,108427.5741,66785.7519,network_delay,frontend,2026-06-09 15:50:00,2026-06-09 16:05:00,during_fault,1.6708872,1
2026-06-09 16:03:25,1105,EXP_FAULT_04,RUN_04,network_delay,1,adservice,ad-f04-09,online-boutique,node-a,0.3277,27.4253,0,97.803,0.003058,41.1373,29.9998,78.6427,119.6183,168.5781,92.4621,97.5039,0.0466,0.2525,124564.4515,87105.4952,network_delay,frontend,2026-06-09 15:50:00,2026-06-09 16:05:00,during_fault,0.89292175,1
2026-06-09 16:03:30,1110,EXP_FAULT_04,RUN_04,network_delay,1,adservice,ad-f04-09,online-boutique,node-a,0.3385,27.3941,0,94.56,0.003152,45.9848,33.0154,90.9132,126.9756,211.869,89.4283,94.262,0.0361,0.262,100680.3668,78977.831,network_delay,frontend,2026-06-09 15:50:00,2026-06-09 16:05:00,during_fault,3.369721,1
2026-06-09 16:03:35,1115,EXP_FAULT_04,RUN_04,network_delay,1,adservice,ad-f04-09,online-boutique,node-a,0.3274,27.4054,0,97.954,0.004049,45.9884,34.662,82.2784,126.7438,193.5608,92.6425,97.5573,0.1369,0.2598,93829.9179,68401.5281,network_delay,frontend,2026-06-09 15:50:00,2026-06-09 16:05:00,during_fault,2.8476713,1
2026-06-09 16:03:40,1120,EXP_FAULT_04,RUN_04,network_delay,1,adservice,ad-f04-09,online-boutique,node-a,0.3353,27.0671,0,100.3517,0.003974,44.0176,32.471,87.4312,110.2424,183.616,95.0618,99.9529,0.1289,0.2699,88078.0395,74071.985,network_delay,frontend,2026-06-09 15:50:00,2026-06-09 16:05:00,during_fault,2.006011,1
2026-06-09 16:03:45,1125,EXP_FAULT_04,RUN_04,network_delay,1,adservice,ad-f04-09,online-boutique,node-a,0.3226,26.7485,0,97.5606,0.003522,45.4969,31.7352,82.7826,115.362,181.6722,92.5215,97.217,0.0911,0.2525,93367.4416,82528.2404,network_delay,frontend,2026-06-09 15:50:00,2026-06-09 16:05:00,during_fault,2.1571121,1
2026-06-09 16:03:50,1130,EXP_FAULT_04,RUN_04,network_delay,1,adservice,ad-f04-09,online-boutique,node-a,0.2978,27.2068,0,100.784,0.002782,44.3943,33.1302,78.1328,114.7434,197.7405,95.7172,100.5036,0.0281,0.2523,92711.4878,88034.6147,network_delay,frontend,2026-06-09 15:50:00,2026-06-09 16:05:00,during_fault,0.71078074,1
2026-06-09 16:03:55,1135,EXP_FAULT_04,RUN_04,network_delay,1,adservice,ad-f04-09,online-boutique,node-a,0.3276,26.8484,0,96.389,0.003504,40.2957,27.7797,81.5574,99.1952,166.5938,91.6189,96.0513,0.1165,0.2213,82192.7815,92836.0674,network_delay,frontend,2026-06-09 15:50:00,2026-06-09 16:05:00,during_fault,1.0023375,1
2026-06-09 16:04:00,1140,EXP_FAULT_04,RUN_04,network_delay,1,adservice,ad-f04-09,online-boutique,node-a,0.3419,27.7043,0,99.9465,0.003355,44.2979,31.4887,81.1333,111.346,191.1154,95.1712,99.6112,0.1058,0.2295,109410.1952,76443.0849,network_delay,frontend,2026-06-09 15:50:00,2026-06-09 16:05:00,during_fault,2.1800818,1
2026-06-09 16:04:05,1145,EXP_FAULT_04,RUN_04,network_delay,1,adservice,ad-f04-09,online-boutique,node-a,0.3095,27.4291,0,97.2465,0.00312,41.9486,31.7447,72.8566,102.3231,176.1969,92.7429,96.9431,0.0752,0.2282,97936.7024,68616.0687,network_delay,frontend,2026-06-09 15:50:00,2026-06-09 16:05:00,during_fault,0.8681207,1
2026-06-09 16:04:10,1150,EXP_FAULT_04,RUN_04,network_delay,1,adservice,ad-f04-09,online-boutique,node-a,0.3281,27.6213,0,97.1326,0.003305,40.8872,31.0354,77.9526,112.5823,178.278,92.7998,96.8116,0.0941,0.2269,82604.2959,63402.0573,network_delay,frontend,2026-06-09 15:50:00,2026-06-09 16:05:00,during_fault,1.0216414,1
2026-06-09 16:04:15,1155,EXP_FAULT_04,RUN_04,network_delay,1,adservice,ad-f04-09,online-boutique,node-a,0.3323,27.668,0,95.5929,0.002722,42.9935,31.9411,83.1938,105.0195,170.5767,91.5044,95.3327,0.0633,0.1969,86971.8499,66886.4962,network_delay,frontend,2026-06-09 15:50:00,2026-06-09 16:05:00,during_fault,1.6525106,1
2026-06-09 16:04:20,1160,EXP_FAULT_04,RUN_04,network_delay,1,adservice,ad-f04-09,online-boutique,node-a,0.321,27.9224,0,95.8968,0.002387,41.8343,30.0436,71.6983,104.596,173.3756,91.9451,95.6679,0.024,0.2049,110784.0459,74452.5173,network_delay,frontend,2026-06-09 15:50:00,2026-06-09 16:05:00,during_fault,0.9152133,1
2026-06-09 16:04:25,1165,EXP_FAULT_04,RUN_04,network_delay,1,adservice,ad-f04-09,online-boutique,node-a,0.3344,27.2186,0,95.7229,0.002676,41.0084,27.1945,81.3811,104.1747,165.6185,91.9178,95.4667,0.076,0.1801,93193.6986,91411.7257,network_delay,frontend,2026-06-09 15:50:00,2026-06-09 16:05:00,during_fault,1.109075,1
2026-06-09 16:04:30,1170,EXP_FAULT_04,RUN_04,network_delay,1,adservice,ad-f04-09,online-boutique,node-a,0.3186,26.9385,0,95.1897,0.003195,38.5975,26.3176,68.3403,103.5424,141.0939,91.544,94.8856,0.122,0.1821,92911.5269,86148.3367,network_delay,frontend,2026-06-09 15:50:00,2026-06-09 16:05:00,during_fault,0.4633122,1
2026-06-09 16:04:35,1175,EXP_FAULT_04,RUN_04,network_delay,1,adservice,ad-f04-09,online-boutique,node-a,0.3307,26.8513,0,98.5098,0.002338,42.1768,28.4887,80.8801,106.1381,148.2069,94.9202,98.2795,0.0391,0.1913,82500.9004,78324.0057,network_delay,frontend,2026-06-09 15:50:00,2026-06-09 16:05:00,during_fault,0.9190546,1
2026-06-09 16:04:40,1180,EXP_FAULT_04,RUN_04,network_delay,1,adservice,ad-f04-09,online-boutique,node-a,0.3388,27.3726,0,93.6454,0.002279,37.3245,26.3175,71.5267,97.189,144.3412,90.3599,93.432,0.0468,0.1666,88397.2484,73504.9975,network_delay,frontend,2026-06-09 15:50:00,2026-06-09 16:05:00,during_fault,0.6248124,1
2026-06-09 16:04:45,1185,EXP_FAULT_04,RUN_04,network_delay,1,adservice,ad-f04-09,online-boutique,node-a,0.3205,27.2603,0,92.9168,0.002725,40.7628,28.2293,71.7842,104.2681,144.3288,89.7882,92.6636,0.0979,0.1554,84625.7348,73873.3455,network_delay,frontend,2026-06-09 15:50:00,2026-06-09 16:05:00,during_fault,0.98126477,1
2026-06-09 16:04:50,1190,EXP_FAULT_04,RUN_04,network_delay,1,adservice,ad-f04-09,online-boutique,node-a,0.3057,27.0723,0,96.7849,0.003292,42.5763,30.8384,79.0253,97.491,149.6403,93.5656,96.4663,0.1529,0.1657,119401.3724,84536.5005,network_delay,frontend,2026-06-09 15:50:00,2026-06-09 16:05:00,during_fault,0.8440757,1
2026-06-09 16:04:55,1195,EXP_FAULT_04,RUN_04,network_delay,1,adservice,ad-f04-09,online-boutique,node-a,0.3283,27.3151,0,98.2198,0.002442,37.4069,25.3107,63.8558,96.949,144.2852,95.1535,97.9799,0.0813,0.1586,81844.6713,75759.4975,network_delay,frontend,2026-06-09 15:50:00,2026-06-09 16:05:00,during_fault,0.17533025,0
2026-06-09 16:05:00,1200,EXP_FAULT_04,RUN_04,network_delay,1,adservice,ad-f04-09,online-boutique,node-a,0.3206,27.245,0,93.3439,0.002363,40.1259,29.7566,68.7193,96.552,142.8383,90.4552,93.1234,0.0647,0.1558,88577.8824,80518.4196,network_delay,frontend,2026-06-09 15:50:00,2026-06-09 16:05:00,post_fault,0.6911703,1
2026-06-09 16:05:05,1205,EXP_FAULT_04,RUN_04,network_delay,1,adservice,ad-f04-09,online-boutique,node-a,0.34,27.8069,0,97.0354,0.003054,39.8514,28.0976,75.0915,101.3125,154.0962,94.0573,96.739,0.1387,0.1577,105783.3699,94829.6637,network_delay,frontend,2026-06-09 15:50:00,2026-06-09 16:05:00,post_fault,1.1088715,1
2026-06-09 16:05:10,1210,EXP_FAULT_04,RUN_04,network_delay,1,adservice,ad-f04-09,online-boutique,node-a,0.3368,27.4434,0,96.5255,0.002425,37.4419,25.6636,63.1633,82.7957,134.0456,93.6239,96.2914,0.082,0.152,116182.9387,62781.2155,network_delay,frontend,2026-06-09 15:50:00,2026-06-09 16:05:00,post_fault,0.42760092,0
2026-06-09 16:05:15,1215,EXP_FAULT_04,RUN_04,network_delay,1,adservice,ad-f04-09,online-boutique,node-a,0.3413,26.7618,0,99.1204,0.001875,41.3569,31.5595,79.5851,97.179,147.5209,96.222,98.9346,0.0321,0.1537,113763.6087,93879.5669,network_delay,frontend,2026-06-09 15:50:00,2026-06-09 16:05:00,post_fault,1.0398848,1
2026-06-09 16:05:20,1220,EXP_FAULT_04,RUN_04,network_delay,1,adservice,ad-f04-09,online-boutique,node-a,0.3293,28.0635,0,97.2783,0.002405,37.028,26.6937,61.6079,90.7419,120.7152,94.4505,97.0443,0.0886,0.1454,90564.9363,85276.6571,network_delay,frontend,2026-06-09 15:50:00,2026-06-09 16:05:00,post_fault,0.2916153,0
2026-06-09 16:05:25,1225,EXP_FAULT_04,RUN_04,network_delay,1,adservice,ad-f04-09,online-boutique,node-a,0.3381,27.3806,0,101.8975,0.001888,38.3769,27.945,66.347,94.9665,148.0404,98.9829,101.7051,0.0344,0.158,97390.6612,95492.8071,network_delay,frontend,2026-06-09 15:50:00,2026-06-09 16:05:00,post_fault,0.27944368,0
2026-06-09 16:05:30,1230,EXP_FAULT_04,RUN_04,network_delay,1,adservice,ad-f04-09,online-boutique,node-a,0.3158,27.3894,0,100.9151,0.002542,39.6588,30.1483,75.9828,94.5455,143.308,98.0338,100.6586,0.1163,0.1402,98539.8347,104614.0924,network_delay,frontend,2026-06-09 15:50:00,2026-06-09 16:05:00,post_fault,0.19884384,0
2026-06-09 16:05:35,1235,EXP_FAULT_04,RUN_04,network_delay,1,adservice,ad-f04-09,online-boutique,node-a,0.3079,27.2591,0,101.2117,0.002061,36.0296,28.2117,64.1434,84.5455,116.2621,98.3849,101.0031,0.0496,0.159,88921.8724,70637.9218,network_delay,frontend,2026-06-09 15:50:00,2026-06-09 16:05:00,post_fault,0.1744806,0
2026-06-09 16:05:40,1240,EXP_FAULT_04,RUN_04,network_delay,1,adservice,ad-f04-09,online-boutique,node-a,0.3267,26.6977,0,103.623,0.002972,39.0857,28.3003,73.5895,89.4879,144.7855,100.7029,103.315,0.1554,0.1525,123353.4407,72615.6409,network_delay,frontend,2026-06-09 15:50:00,2026-06-09 16:05:00,post_fault,0.25108165,0
2026-06-09 16:05:45,1245,EXP_FAULT_04,RUN_04,network_delay,1,adservice,ad-f04-09,online-boutique,node-a,0.3381,27.2076,0,102.1937,0.002369,42.4588,30.7424,70.7412,95.3642,161.5199,99.4154,101.9516,0.0847,0.1575,120377.0208,68408.6671,network_delay,frontend,2026-06-09 15:50:00,2026-06-09 16:05:00,post_fault,0.957734,1
2026-06-09 16:05:50,1250,EXP_FAULT_04,RUN_04,network_delay,1,adservice,ad-f04-09,online-boutique,node-a,0.3329,28.1308,0,102.1067,0.001661,40.9419,29.7168,75.8271,90.7269,134.486,99.3897,101.9372,0.0283,0.1412,111778.9111,78177.9943,network_delay,frontend,2026-06-09 15:50:00,2026-06-09 16:05:00,post_fault,0.6735755,1
2026-06-09 16:05:55,1255,EXP_FAULT_04,RUN_04,network_delay,1,adservice,ad-f04-09,online-boutique,node-a,0.3153,27.4498,0,101.549,0.002588,36.719,27.2925,63.0386,86.7041,118.2686,98.8383,101.2862,0.1145,0.1484,124757.2365,75781.606,network_delay,frontend,2026-06-09 15:50:00,2026-06-09 16:05:00,post_fault,0.13798402,0
2026-06-09 16:06:00,1260,EXP_FAULT_04,RUN_04,network_delay,1,adservice,ad-f04-09,online-boutique,node-a,0.3113,27.4122,0,99.6228,0.002565,34.9239,26.241,63.5371,81.5174,111.6647,96.9732,99.3673,0.132,0.1235,125981.529,92145.8878,network_delay,frontend,2026-06-09 15:50:00,2026-06-09 16:05:00,post_fault,0.24660513,0
2026-06-09 16:06:05,1265,EXP_FAULT_04,RUN_04,network_delay,1,adservice,ad-f04-09,online-boutique,node-a,0.3181,27.0709,0,101.5282,0.002548,37.1381,27.1775,70.504,88.1909,128.1922,98.8658,101.2695,0.1137,0.1451,125209.0141,74330.7681,network_delay,frontend,2026-06-09 15:50:00,2026-06-09 16:05:00,post_fault,0.097767375,0
2026-06-09 16:06:10,1270,EXP_FAULT_04,RUN_04,network_delay,1,adservice,ad-f04-09,online-boutique,node-a,0.3485,27.2771,0,102.4719,0.002171,40.2174,29.6836,66.5769,94.0587,135.134,99.8752,102.2493,0.0735,0.149,110806.8833,88290.2168,network_delay,frontend,2026-06-09 15:50:00,2026-06-09 16:05:00,post_fault,0.85162514,1
2026-06-09 16:06:15,1275,EXP_FAULT_04,RUN_04,network_delay,1,adservice,ad-f04-09,online-boutique,node-a,0.3218,26.9158,0,102.703,0.002463,39.3588,30.418,74.4917,87.5796,132.3884,100.1171,102.4501,0.1114,0.1416,102453.0638,87127.8754,network_delay,frontend,2026-06-09 15:50:00,2026-06-09 16:05:00,post_fault,0.12693119,0
2026-06-09 16:06:20,1280,EXP_FAULT_04,RUN_04,network_delay,1,adservice,ad-f04-09,online-boutique,node-a,0.3195,27.5806,0,101.0774,0.001815,35.6053,24.826,64.4533,82.3107,112.0888,98.6044,100.894,0.0695,0.1139,107329.6289,87342.5654,network_delay,frontend,2026-06-09 15:50:00,2026-06-09 16:05:00,post_fault,0.033635117,0
2026-06-09 16:06:25,1285,EXP_FAULT_04,RUN_04,network_delay,1,adservice,ad-f04-09,online-boutique,node-a,0.3014,27.408,0,103.1555,0.00177,39.8695,27.4394,67.3857,86.1177,145.2693,100.643,102.9729,0.0407,0.1418,119183.4332,80579.0805,network_delay,frontend,2026-06-09 15:50:00,2026-06-09 16:05:00,post_fault,0.071645714,0
2026-06-09 16:06:30,1290,EXP_FAULT_04,RUN_04,network_delay,1,adservice,ad-f04-09,online-boutique,node-a,0.3197,27.5341,0,100.5055,0.002604,38.1002,26.9199,64.8901,80.9549,123.0572,98.0455,100.2438,0.1268,0.135,89400.3064,99937.1093,network_delay,frontend,2026-06-09 15:50:00,2026-06-09 16:05:00,post_fault,0.13932392,0
2026-06-09 16:06:35,1295,EXP_FAULT_04,RUN_04,network_delay,1,adservice,ad-f04-09,online-boutique,node-a,0.3287,27.6583,0,102.8289,0.001431,37.4287,26.6966,66.2973,90.6315,124.7412,100.4128,102.6818,0.027,0.1201,115800.7086,93999.9212,network_delay,frontend,2026-06-09 15:50:00,2026-06-09 16:05:00,post_fault,0.045754828,0
2026-06-09 16:06:40,1300,EXP_FAULT_04,RUN_04,network_delay,1,adservice,ad-f04-09,online-boutique,node-a,0.3306,27.1523,0,102.2195,0.002768,39.2734,27.8055,68.8418,83.3604,123.1119,99.788,101.9365,0.1482,0.1348,125863.0435,78957.4594,network_delay,frontend,2026-06-09 15:50:00,2026-06-09 16:05:00,post_fault,0.28684658,0
2026-06-09 16:06:45,1305,EXP_FAULT_04,RUN_04,network_delay,1,adservice,ad-f04-09,online-boutique,node-a,0.3304,27.2341,0,100.6361,0.002581,37.5665,26.5527,64.2293,83.1187,140.4589,98.2521,100.3764,0.1506,0.1091,87000.0654,92137.8472,network_delay,frontend,2026-06-09 15:50:00,2026-06-09 16:05:00,post_fault,0.16424671,0
2026-06-09 16:06:50,1310,EXP_FAULT_04,RUN_04,network_delay,1,adservice,ad-f04-09,online-boutique,node-a,0.3258,27.9242,0,98.1495,0.001984,36.4746,27.6404,68.4779,85.5983,116.6031,95.9246,97.9548,0.0827,0.112,91480.3544,96965.2181,network_delay,frontend,2026-06-09 15:50:00,2026-06-09 16:05:00,post_fault,0.09853794,0
2026-06-09 16:06:55,1315,EXP_FAULT_04,RUN_04,network_delay,1,adservice,ad-f04-09,online-boutique,node-a,0.3089,27.3465,0,95.9452,0.001797,33.8736,23.8158,63.1091,74.8835,121.5951,93.8047,95.7728,0.0561,0.1163,83664.2846,64360.6669,network_delay,frontend,2026-06-09 15:50:00,2026-06-09 16:05:00,post_fault,0.1258587,0
2026-06-09 16:07:00,1320,EXP_FAULT_04,RUN_04,network_delay,1,adservice,ad-f04-09,online-boutique,node-a,0.3284,27.2786,0,96.7451,0.001655,37.5855,26.287,64.1432,84.8405,118.1437,94.6039,96.585,0.0593,0.1008,84283.3403,100188.0657,network_delay,frontend,2026-06-09 15:50:00,2026-06-09 16:05:00,post_fault,0.20038573,0
2026-06-09 16:07:05,1325,EXP_FAULT_04,RUN_04,network_delay,1,adservice,ad-f04-09,online-boutique,node-a,0.3124,27.2102,0,97.4421,0.001468,36.674,25.2163,64.0204,80.8266,128.9329,95.3353,97.2991,0.0398,0.1032,110629.897,92847.1852,network_delay,frontend,2026-06-09 15:50:00,2026-06-09 16:05:00,post_fault,0.00522867,0
2026-06-09 16:07:10,1330,EXP_FAULT_04,RUN_04,network_delay,1,adservice,ad-f04-09,online-boutique,node-a,0.2959,27.5099,0,96.0271,0.002078,37.9021,27.0049,67.0184,87.3742,133.5988,93.9636,95.8275,0.0837,0.1159,113328.0808,98821.306,network_delay,frontend,2026-06-09 15:50:00,2026-06-09 16:05:00,post_fault,0.119993284,0
2026-06-09 16:07:15,1335,EXP_FAULT_04,RUN_04,network_delay,1,adservice,ad-f04-09,online-boutique,node-a,0.3087,26.5912,0,92.6471,0.002603,37.0038,26.1815,65.0327,78.0651,132.2758,90.6639,92.4059,0.1223,0.1189,96134.8525,74830.9466,network_delay,frontend,2026-06-09 15:50:00,2026-06-09 16:05:00,post_fault,0.11413439,0
2026-06-09 16:07:20,1340,EXP_FAULT_04,RUN_04,network_delay,1,adservice,ad-f04-09,online-boutique,node-a,0.3294,27.0428,0,94.5111,0.002102,36.3693,25.349,60.1057,79.5568,126.0869,92.5065,94.3124,0.0988,0.0999,83984.3604,96080.7481,network_delay,frontend,2026-06-09 15:50:00,2026-06-09 16:05:00,post_fault,0.17677201,0
2026-06-09 16:07:25,1345,EXP_FAULT_04,RUN_04,network_delay,1,adservice,ad-f04-09,online-boutique,node-a,0.3314,27.1917,0,89.5651,0.002086,35.8797,25.2677,65.7099,83.1262,111.7749,87.6867,89.3783,0.095,0.0918,85228.891,92201.002,network_delay,frontend,2026-06-09 15:50:00,2026-06-09 16:05:00,post_fault,0.40087795,0
2026-06-09 16:07:30,1350,EXP_FAULT_04,RUN_04,network_delay,1,adservice,ad-f04-09,online-boutique,node-a,0.3012,27.3486,0,89.3178,0.002021,37.3003,26.0676,63.0537,78.3159,119.6019,87.4759,89.1374,0.0705,0.1099,83448.8365,67444.8575,network_delay,frontend,2026-06-09 15:50:00,2026-06-09 16:05:00,post_fault,0.14355004,0
2026-06-09 16:07:35,1355,EXP_FAULT_04,RUN_04,network_delay,1,adservice,ad-f04-09,online-boutique,node-a,0.327,27.2466,0,88.025,0.002012,35.1,26.1106,60.0938,74.6661,114.0616,86.2336,87.848,0.0745,0.1026,97986.3496,81511.1063,network_delay,frontend,2026-06-09 15:50:00,2026-06-09 16:05:00,post_fault,0.27734965,0
2026-06-09 16:07:40,1360,EXP_FAULT_04,RUN_04,network_delay,1,adservice,ad-f04-09,online-boutique,node-a,0.323,27.5616,0,91.454,0.002342,36.9283,27.8742,65.5072,87.8638,118.8261,89.5923,91.2398,0.1164,0.0978,77532.4781,76176.2516,network_delay,frontend,2026-06-09 15:50:00,2026-06-09 16:05:00,post_fault,0.3291691,0
2026-06-09 16:07:45,1365,EXP_FAULT_04,RUN_04,network_delay,1,adservice,ad-f04-09,online-boutique,node-a,0.3045,27.0528,0,87.3978,0.001715,40.2873,27.5666,64.6573,94.3963,144.2766,85.6919,87.2479,0.0611,0.0887,89234.1512,57152.7088,network_delay,frontend,2026-06-09 15:50:00,2026-06-09 16:05:00,post_fault,0.7364804,1
2026-06-09 16:07:50,1370,EXP_FAULT_04,RUN_04,network_delay,1,adservice,ad-f04-09,online-boutique,node-a,0.3429,27.4603,0,91.1953,0.001924,34.6345,27.3672,60.355,79.7552,105.0481,89.437,91.0198,0.0844,0.0911,111948.0804,61931.4789,network_delay,frontend,2026-06-09 15:50:00,2026-06-09 16:05:00,post_fault,0.45092422,1
2026-06-09 16:07:55,1375,EXP_FAULT_04,RUN_04,network_delay,1,adservice,ad-f04-09,online-boutique,node-a,0.3139,27.6308,0,88.7975,0.002196,36.3132,28.0643,58.5196,79.755,122.1155,87.078,88.6025,0.097,0.0979,112144.5223,78250.8944,network_delay,frontend,2026-06-09 15:50:00,2026-06-09 16:05:00,post_fault,0.26638615,0
2026-06-09 16:08:00,1380,EXP_FAULT_04,RUN_04,network_delay,1,adservice,ad-f04-09,online-boutique,node-a,0.3093,27.2347,0,91.1094,0.002077,36.6685,26.6242,60.7933,79.5331,126.9688,89.3646,90.9201,0.097,0.0923,76450.6609,60886.1866,network_delay,frontend,2026-06-09 15:50:00,2026-06-09 16:05:00,post_fault,0.10034008,0
2026-06-09 16:08:05,1385,EXP_FAULT_04,RUN_04,network_delay,1,adservice,ad-f04-09,online-boutique,node-a,0.3113,26.7193,0,87.1346,0.002199,36.9621,28.6531,64.7735,84.1522,127.4185,85.4779,86.943,0.0962,0.0954,76925.3329,68070.5728,network_delay,frontend,2026-06-09 15:50:00,2026-06-09 16:05:00,post_fault,0.35478485,0
2026-06-09 16:08:10,1390,EXP_FAULT_04,RUN_04,network_delay,1,adservice,ad-f04-09,online-boutique,node-a,0.2962,27.4926,0,88.5106,0.001714,37.3604,29.0649,60.6479,78.7262,112.0153,86.9036,88.3589,0.0556,0.0961,96490.9132,83527.4203,network_delay,frontend,2026-06-09 15:50:00,2026-06-09 16:05:00,post_fault,0.122026086,0
2026-06-09 16:08:15,1395,EXP_FAULT_04,RUN_04,network_delay,1,adservice,ad-f04-09,online-boutique,node-a,0.3371,27.4281,0,91.605,0.002551,34.8589,25.8,60.9461,82.5123,115.1571,89.9044,91.3713,0.1288,0.1048,109640.996,81924.4098,network_delay,frontend,2026-06-09 15:50:00,2026-06-09 16:05:00,post_fault,0.37460583,0
2026-06-09 16:08:20,1400,EXP_FAULT_04,RUN_04,network_delay,1,adservice,ad-f04-09,online-boutique,node-a,0.337,27.9315,0,89.0078,0.001796,34.8546,27.0602,62.4014,82.0061,112.1909,87.4232,88.8479,0.084,0.0759,73674.1523,74468.7838,network_delay,frontend,2026-06-09 15:50:00,2026-06-09 16:05:00,post_fault,0.5318272,1
2026-06-09 16:08:25,1405,EXP_FAULT_04,RUN_04,network_delay,1,adservice,ad-f04-09,online-boutique,node-a,0.3146,27.3488,0,87.5488,0.001284,34.1016,23.6249,57.5794,75.1767,112.183,86.0284,87.4363,0.0339,0.0786,86445.5095,83180.262,network_delay,frontend,2026-06-09 15:50:00,2026-06-09 16:05:00,post_fault,0.054980922,0
2026-06-09 16:08:30,1410,EXP_FAULT_04,RUN_04,network_delay,1,adservice,ad-f04-09,online-boutique,node-a,0.3136,27.7968,0,85.3559,0.001785,37.1072,25.7821,67.3348,84.7007,115.1079,83.879,85.2036,0.062,0.0904,102214.3198,67836.4046,network_delay,frontend,2026-06-09 15:50:00,2026-06-09 16:05:00,post_fault,0.551149,1
2026-06-09 16:08:35,1415,EXP_FAULT_04,RUN_04,network_delay,1,adservice,ad-f04-09,online-boutique,node-a,0.3055,26.8705,0,88.1105,0.001723,34.355,24.5036,59.0103,70.4285,100.8256,86.6115,87.9587,0.0647,0.0871,89006.4981,72966.2131,network_delay,frontend,2026-06-09 15:50:00,2026-06-09 16:05:00,post_fault,0.019001264,0
2026-06-09 16:08:40,1420,EXP_FAULT_04,RUN_04,network_delay,1,adservice,ad-f04-09,online-boutique,node-a,0.3329,27.6741,0,88.223,0.001723,34.9784,26.6512,55.5648,81.0804,112.0241,86.7402,88.071,0.0776,0.0744,110878.2782,67533.2068,network_delay,frontend,2026-06-09 15:50:00,2026-06-09 16:05:00,post_fault,0.42862874,0
2026-06-09 16:08:45,1425,EXP_FAULT_04,RUN_04,network_delay,1,adservice,ad-f04-09,online-boutique,node-a,0.3262,27.3315,0,91.9464,0.002029,37.0109,28.0735,62.3383,77.9212,125.6143,90.3704,91.7599,0.1082,0.0784,97594.5274,64450.6048,network_delay,frontend,2026-06-09 15:50:00,2026-06-09 16:05:00,post_fault,0.3122068,0
2026-06-09 16:08:50,1430,EXP_FAULT_04,RUN_04,network_delay,1,adservice,ad-f04-09,online-boutique,node-a,0.3196,27.2677,0,90.8273,0.001429,35.7944,27.3412,57.8718,79.0275,116.4105,89.3498,90.6975,0.0364,0.0934,115637.5655,60956.3201,network_delay,frontend,2026-06-09 15:50:00,2026-06-09 16:05:00,post_fault,0.108964585,0
2026-06-09 16:08:55,1435,EXP_FAULT_04,RUN_04,network_delay,1,adservice,ad-f04-09,online-boutique,node-a,0.33,27.2742,0,85.9625,0.001253,36.1951,27.1753,65.5617,83.1435,104.5337,84.5771,85.8548,0.0356,0.072,105396.4447,69156.7755,network_delay,frontend,2026-06-09 15:50:00,2026-06-09 16:05:00,post_fault,0.6707243,1
2026-06-09 16:09:00,1440,EXP_FAULT_04,RUN_04,network_delay,1,adservice,ad-f04-09,online-boutique,node-a,0.3318,27.0659,0,89.4944,0.001678,33.8978,23.7872,59.0151,72.2414,104.9914,88.0576,89.3442,0.0687,0.0815,90937.5175,72312.6514,network_delay,frontend,2026-06-09 15:50:00,2026-06-09 16:05:00,post_fault,0.16576925,0
2026-06-09 16:09:05,1445,EXP_FAULT_04,RUN_04,network_delay,1,adservice,ad-f04-09,online-boutique,node-a,0.2795,27.3964,0,90.2656,0.002018,36.0658,25.2701,64.732,76.751,115.4209,88.8412,90.0834,0.0896,0.0926,107629.3432,84618.0945,network_delay,frontend,2026-06-09 15:50:00,2026-06-09 16:05:00,post_fault,0.110919714,0
2026-06-09 16:09:10,1450,EXP_FAULT_04,RUN_04,network_delay,1,adservice,ad-f04-09,online-boutique,node-a,0.3236,27.6668,0,87.6196,0.001764,34.776,25.8577,54.2787,72.614,100.5017,86.2394,87.4651,0.0768,0.0777,93826.0702,71681.2018,network_delay,frontend,2026-06-09 15:50:00,2026-06-09 16:05:00,post_fault,0.2117178,0
2026-06-09 16:09:15,1455,EXP_FAULT_04,RUN_04,network_delay,1,adservice,ad-f04-09,online-boutique,node-a,0.3242,26.8778,0,89.3474,0.001324,35.6709,26.5954,64.7308,82.2073,107.7582,87.984,89.2292,0.0538,0.0644,98232.4632,67439.8357,network_delay,frontend,2026-06-09 15:50:00,2026-06-09 16:05:00,post_fault,0.21005146,0
2026-06-09 16:09:20,1460,EXP_FAULT_04,RUN_04,network_delay,1,adservice,ad-f04-09,online-boutique,node-a,0.3359,27.1834,0,88.4484,0.002215,32.6293,24.2615,58.1143,65.8619,106.21,87.0919,88.2525,0.1263,0.0696,108537.9946,68406.846,network_delay,frontend,2026-06-09 15:50:00,2026-06-09 16:05:00,post_fault,0.20275092,0
2026-06-09 16:09:25,1465,EXP_FAULT_04,RUN_04,network_delay,1,adservice,ad-f04-09,online-boutique,node-a,0.3294,27.5901,0,91.2637,0.001642,34.3285,23.9056,56.3665,69.7885,106.016,89.8788,91.1138,0.0626,0.0873,112255.749,71083.5536,network_delay,frontend,2026-06-09 15:50:00,2026-06-09 16:05:00,post_fault,0.13513684,0
2026-06-09 16:09:30,1470,EXP_FAULT_04,RUN_04,network_delay,1,adservice,ad-f04-09,online-boutique,node-a,0.3434,27.4027,0,88.6722,0.002249,35.3762,27.0743,62.4065,75.1059,100.9877,87.305,88.4728,0.1125,0.0868,94787.5218,91233.9842,network_delay,frontend,2026-06-09 15:50:00,2026-06-09 16:05:00,post_fault,0.78978807,1
2026-06-09 16:09:35,1475,EXP_FAULT_04,RUN_04,network_delay,1,adservice,ad-f04-09,online-boutique,node-a,0.3453,27.2097,0,88.5666,0.001816,36.1883,26.5978,57.4406,80.3803,104.8425,87.2774,88.4058,0.0903,0.0705,80769.0048,74104.1153,network_delay,frontend,2026-06-09 15:50:00,2026-06-09 16:05:00,post_fault,1.0109236,1
2026-06-09 16:09:40,1480,EXP_FAULT_04,RUN_04,network_delay,1,adservice,ad-f04-09,online-boutique,node-a,0.3295,27.6597,0,86.6001,0.001496,33.9554,23.6545,60.7716,70.7784,104.2202,85.3529,86.4705,0.045,0.0845,99774.1952,77567.4741,network_delay,frontend,2026-06-09 15:50:00,2026-06-09 16:05:00,post_fault,0.29255617,0
2026-06-09 16:09:45,1485,EXP_FAULT_04,RUN_04,network_delay,1,adservice,ad-f04-09,online-boutique,node-a,0.3203,27.3954,0,89.5847,0.001326,37.5213,28.6201,68.1974,79.9288,126.18,88.3207,89.4659,0.0355,0.0833,101450.1432,85762.0482,network_delay,frontend,2026-06-09 15:50:00,2026-06-09 16:05:00,post_fault,0.3769608,0
2026-06-09 16:09:50,1490,EXP_FAULT_04,RUN_04,network_delay,1,adservice,ad-f04-09,online-boutique,node-a,0.3259,27.6076,0,88.1063,0.002484,37.3638,29.7951,62.048,79.2998,115.3711,86.8017,87.8875,0.1394,0.0795,73717.2907,79524.1762,network_delay,frontend,2026-06-09 15:50:00,2026-06-09 16:05:00,post_fault,0.71830744,1
2026-06-09 16:09:55,1495,EXP_FAULT_04,RUN_04,network_delay,1,adservice,ad-f04-09,online-boutique,node-a,0.307,26.7079,0,87.4655,0.002091,37.0634,26.2145,63.3943,82.6908,117.5743,86.2176,87.2826,0.1194,0.0635,97252.2622,87028.4096,network_delay,frontend,2026-06-09 15:50:00,2026-06-09 16:05:00,post_fault,0.27503404,0
2026-06-09 16:10:00,1500,EXP_FAULT_04,RUN_04,network_delay,1,adservice,ad-f04-09,online-boutique,node-a,0.3147,27.3444,0,85.4362,0.001287,32.1943,24.2568,53.27,73.6999,95.2256,84.276,85.3263,0.0567,0.0532,76249.5043,61980.5979,network_delay,frontend,2026-06-09 15:50:00,2026-06-09 16:05:00,post_fault,0.017943107,0
2026-06-09 16:10:05,1505,EXP_FAULT_04,RUN_04,network_delay,1,adservice,ad-f04-09,online-boutique,node-a,0.3088,27.2336,0,83.8521,0.001122,30.8084,23.8202,48.7688,66.4719,95.2926,82.7486,83.7581,0.0392,0.0549,95592.0382,70857.1837,network_delay,frontend,2026-06-09 15:50:00,2026-06-09 16:05:00,post_fault,0.015000185,0
2026-06-09 16:10:10,1510,EXP_FAULT_04,RUN_04,network_delay,1,adservice,ad-f04-09,online-boutique,node-a,0.3203,27.5055,0,86.0992,0.001083,35.6256,26.9832,56.7521,81.2395,109.0534,84.9775,86.0059,0.0338,0.0594,74756.2694,58139.7842,network_delay,frontend,2026-06-09 15:50:00,2026-06-09 16:05:00,post_fault,0.3187109,0
2026-06-09 16:10:15,1515,EXP_FAULT_04,RUN_04,network_delay,1,adservice,ad-f04-09,online-boutique,node-a,0.3132,27.1746,0,86.4662,0.002065,34.607,23.802,54.298,75.8475,105.0411,85.3028,86.2876,0.1211,0.0574,93132.9631,64534.7338,network_delay,frontend,2026-06-09 15:50:00,2026-06-09 16:05:00,post_fault,0.119474195,0
2026-06-09 16:10:20,1520,EXP_FAULT_04,RUN_04,network_delay,1,adservice,ad-f04-09,online-boutique,node-a,0.3192,27.4481,0,85.0288,0.001268,33.0581,23.8095,54.237,71.8318,96.5939,83.9391,84.921,0.0529,0.055,102185.2703,71902.3467,network_delay,frontend,2026-06-09 15:50:00,2026-06-09 16:05:00,post_fault,0.0835187,0
2026-06-09 16:10:25,1525,EXP_FAULT_04,RUN_04,network_delay,1,adservice,ad-f04-09,online-boutique,node-a,0.3167,27.4481,0,84.412,0.001893,36.2248,28.6143,62.8569,82.0451,108.8008,83.3052,84.2522,0.0958,0.064,86436.1562,86492.0002,network_delay,frontend,2026-06-09 15:50:00,2026-06-09 16:05:00,post_fault,0.48393926,1
2026-06-09 16:10:30,1530,EXP_FAULT_04,RUN_04,network_delay,1,adservice,ad-f04-09,online-boutique,node-a,0.3192,27.8521,0,83.6433,0.001314,35.1206,25.4764,55.7466,75.9182,97.4186,82.6,83.5334,0.0531,0.0568,81349.2044,83965.3107,network_delay,frontend,2026-06-09 15:50:00,2026-06-09 16:05:00,post_fault,0.3715172,0
2026-06-09 16:10:35,1535,EXP_FAULT_04,RUN_04,network_delay,1,adservice,ad-f04-09,online-boutique,node-a,0.3116,27.2874,0,81.4719,0.001762,35.2912,27.708,57.4804,71.9166,99.0182,80.4356,81.3283,0.0951,0.0485,81329.9415,83947.6036,network_delay,frontend,2026-06-09 15:50:00,2026-06-09 16:05:00,post_fault,0.4319784,1
2026-06-09 16:10:40,1540,EXP_FAULT_04,RUN_04,network_delay,1,adservice,ad-f04-09,online-boutique,node-a,0.3219,27.2958,0,81.5487,0.00194,33.5268,25.8093,57.4927,73.9553,107.287,80.5234,81.3905,0.1118,0.0464,93366.9841,81438.3341,network_delay,frontend,2026-06-09 15:50:00,2026-06-09 16:05:00,post_fault,0.34611163,0
2026-06-09 16:10:45,1545,EXP_FAULT_04,RUN_04,network_delay,1,adservice,ad-f04-09,online-boutique,node-a,0.309,27.8501,0,81.772,0.001592,32.4377,23.9503,53.1978,63.52,90.2425,80.776,81.6418,0.0847,0.0455,68887.246,70100.9093,network_delay,frontend,2026-06-09 15:50:00,2026-06-09 16:05:00,post_fault,0.22860035,0
2026-06-09 16:10:50,1550,EXP_FAULT_04,RUN_04,network_delay,1,adservice,ad-f04-09,online-boutique,node-a,0.3172,27.3039,0,81.576,0.002133,32.049,24.9947,55.6898,66.6705,88.039,80.5762,81.402,0.1114,0.0627,76371.1046,79278.3724,network_delay,frontend,2026-06-09 15:50:00,2026-06-09 16:05:00,post_fault,0.17150971,0
2026-06-09 16:10:55,1555,EXP_FAULT_04,RUN_04,network_delay,1,adservice,ad-f04-09,online-boutique,node-a,0.3154,27.2064,0,77.6425,0.001065,35.5977,27.6169,62.9569,80.0566,115.6283,76.745,77.5598,0.0213,0.0615,83416.4278,70913.5344,network_delay,frontend,2026-06-09 15:50:00,2026-06-09 16:05:00,post_fault,0.83688,1
2026-06-09 16:11:00,1560,EXP_FAULT_04,RUN_04,network_delay,1,adservice,ad-f04-09,online-boutique,node-a,0.2956,27.2265,0,81.4139,0.001412,37.2391,28.1267,58.6622,83.1684,105.6339,80.4727,81.2989,0.0566,0.0583,68620.1622,84097.5282,network_delay,frontend,2026-06-09 15:50:00,2026-06-09 16:05:00,post_fault,0.45111188,1
2026-06-09 16:11:05,1565,EXP_FAULT_04,RUN_04,network_delay,1,adservice,ad-f04-09,online-boutique,node-a,0.3091,27.2479,0,84.1856,0.000937,33.8643,25.6899,56.1412,75.5814,96.3545,83.2391,84.1068,0.0245,0.0544,94615.9961,84959.5396,network_delay,frontend,2026-06-09 15:50:00,2026-06-09 16:05:00,post_fault,0.077963516,0
2026-06-09 16:11:10,1570,EXP_FAULT_04,RUN_04,network_delay,1,adservice,ad-f04-09,online-boutique,node-a,0.3163,27.165,0,80.4591,0.001819,33.1369,25.9461,53.1431,71.7679,96.5749,79.5271,80.3127,0.099,0.0473,80336.4099,61612.3158,network_delay,frontend,2026-06-09 15:50:00,2026-06-09 16:05:00,post_fault,0.27586293,0
2026-06-09 16:11:15,1575,EXP_FAULT_04,RUN_04,network_delay,1,adservice,ad-f04-09,online-boutique,node-a,0.3014,27.44,0,81.0289,0.001824,33.4951,25.9584,53.1125,68.6151,103.4875,80.108,80.8811,0.0909,0.0569,98271.1027,57342.461,network_delay,frontend,2026-06-09 15:50:00,2026-06-09 16:05:00,post_fault,0.14383642,0
2026-06-09 16:11:20,1580,EXP_FAULT_04,RUN_04,network_delay,1,adservice,ad-f04-09,online-boutique,node-a,0.3125,27.2835,0,82.8499,0.001874,33.6483,23.6216,53.8335,75.0834,98.5497,81.918,82.6947,0.0927,0.0626,68195.4684,85737.231,network_delay,frontend,2026-06-09 15:50:00,2026-06-09 16:05:00,post_fault,0.16105203,0
2026-06-09 16:11:25,1585,EXP_FAULT_04,RUN_04,network_delay,1,adservice,ad-f04-09,online-boutique,node-a,0.3235,27.329,0,87.0464,0.001669,35.4586,26.6224,59.7021,79.9108,113.8431,86.0783,86.9011,0.0996,0.0457,103303.9437,70234.2444,network_delay,frontend,2026-06-09 15:50:00,2026-06-09 16:05:00,post_fault,0.29524678,0
2026-06-09 16:11:30,1590,EXP_FAULT_04,RUN_04,network_delay,1,adservice,ad-f04-09,online-boutique,node-a,0.3187,27.853,0,81.3042,0.001507,34.9672,24.7471,53.7889,75.6945,106.7477,80.4401,81.1816,0.0776,0.0449,99229.9963,75752.5432,network_delay,frontend,2026-06-09 15:50:00,2026-06-09 16:05:00,post_fault,0.51741,1
2026-06-09 16:11:35,1595,EXP_FAULT_04,RUN_04,network_delay,1,adservice,ad-f04-09,online-boutique,node-a,0.3458,26.9806,0,84.2322,0.001481,32.9432,22.944,51.1945,72.1726,100.1667,83.3474,84.1074,0.0788,0.046,88367.3185,69289.4873,network_delay,frontend,2026-06-09 15:50:00,2026-06-09 16:05:00,post_fault,0.72404104,1
2026-06-09 16:11:40,1600,EXP_FAULT_04,RUN_04,network_delay,1,adservice,ad-f04-09,online-boutique,node-a,0.3296,27.5352,0,84.3873,0.001966,34.2497,24.4737,58.0316,74.3364,94.6588,83.4689,84.2214,0.1054,0.0605,69669.3832,85223.2544,network_delay,frontend,2026-06-09 15:50:00,2026-06-09 16:05:00,post_fault,0.45521703,1
2026-06-09 16:11:45,1605,EXP_FAULT_04,RUN_04,network_delay,1,adservice,ad-f04-09,online-boutique,node-a,0.3235,27.6683,0,85.0482,0.001417,31.5768,23.0236,54.391,65.0787,86.2091,84.1632,84.9277,0.0742,0.0463,102644.3161,73452.1624,network_delay,frontend,2026-06-09 15:50:00,2026-06-09 16:05:00,post_fault,0.076891035,0
2026-06-09 16:11:50,1610,EXP_FAULT_04,RUN_04,network_delay,1,adservice,ad-f04-09,online-boutique,node-a,0.3213,27.6502,0,85.5437,0.00198,33.4112,25.7603,52.9274,70.5934,97.7788,84.6453,85.3743,0.1142,0.0552,94510.3498,72994.5622,network_delay,frontend,2026-06-09 15:50:00,2026-06-09 16:05:00,post_fault,0.15626734,0
2026-06-09 16:11:55,1615,EXP_FAULT_04,RUN_04,network_delay,1,adservice,ad-f04-09,online-boutique,node-a,0.316,28.2541,0,87.0256,0.001463,31.0147,22.1823,49.9667,61.2664,88.4556,86.1524,86.8982,0.0703,0.057,91583.1435,59772.0805,network_delay,frontend,2026-06-09 15:50:00,2026-06-09 16:05:00,post_fault,0.4376796,1
2026-06-09 16:12:00,1620,EXP_FAULT_04,RUN_04,network_delay,1,adservice,ad-f04-09,online-boutique,node-a,0.2965,27.2496,0,88.3629,0.00113,34.6867,25.5958,56.4341,77.5663,99.6306,87.4997,88.2631,0.0509,0.0489,90529.2566,58935.0296,network_delay,frontend,2026-06-09 15:50:00,2026-06-09 16:05:00,post_fault,0.010364417,0
2026-06-09 16:12:05,1625,EXP_FAULT_04,RUN_04,network_delay,1,adservice,ad-f04-09,online-boutique,node-a,0.3046,27.2288,0,89.4931,0.001321,34.9045,26.4908,53.2188,70.5171,107.7912,88.6209,89.3749,0.0512,0.067,75116.2347,65202.5069,network_delay,frontend,2026-06-09 15:50:00,2026-06-09 16:05:00,post_fault,0.012168981,0
2026-06-09 16:12:10,1630,EXP_FAULT_04,RUN_04,network_delay,1,adservice,ad-f04-09,online-boutique,node-a,0.3228,27.1616,0,89.5594,0.001735,36.3845,28.9423,61.7553,69.8171,110.2883,88.6518,89.404,0.088,0.0674,76911.9476,70501.4174,network_delay,frontend,2026-06-09 15:50:00,2026-06-09 16:05:00,post_fault,0.26669723,0
2026-06-09 16:12:15,1635,EXP_FAULT_04,RUN_04,network_delay,1,adservice,ad-f04-09,online-boutique,node-a,0.3169,27.8655,0,90.481,0.000822,34.7661,25.3668,61.6742,77.1392,112.1007,89.6499,90.4066,0.0247,0.0497,86011.807,74800.2426,network_delay,frontend,2026-06-09 15:50:00,2026-06-09 16:05:00,post_fault,0.05306638,0
2026-06-09 16:12:20,1640,EXP_FAULT_04,RUN_04,network_delay,1,adservice,ad-f04-09,online-boutique,node-a,0.3203,27.3595,0,88.6353,0.001922,34.7383,25.9471,61.6757,70.3227,95.2646,87.7858,88.4649,0.1256,0.0447,89440.733,62935.5547,network_delay,frontend,2026-06-09 15:50:00,2026-06-09 16:05:00,post_fault,0.1195208,0
2026-06-09 16:12:25,1645,EXP_FAULT_04,RUN_04,network_delay,1,adservice,ad-f04-09,online-boutique,node-a,0.3229,26.9287,0,91.2615,0.001237,32.7042,26.3802,54.7071,64.4878,101.2512,90.4041,91.1486,0.0711,0.0418,106996.1465,69339.2246,network_delay,frontend,2026-06-09 15:50:00,2026-06-09 16:05:00,post_fault,0.004849358,0
2026-06-09 16:12:30,1650,EXP_FAULT_04,RUN_04,network_delay,1,adservice,ad-f04-09,online-boutique,node-a,0.3122,27.5369,0,93.9213,0.002134,36.2222,25.4668,56.7389,79.4402,100.9054,93.0463,93.7209,0.1401,0.0602,95381.7411,84735.9568,network_delay,frontend,2026-06-09 15:50:00,2026-06-09 16:05:00,post_fault,0.07729386,0
2026-06-09 16:12:35,1655,EXP_FAULT_04,RUN_04,network_delay,1,adservice,ad-f04-09,online-boutique,node-a,0.3128,27.6139,0,93.009,0.001452,34.9264,26.9262,60.7457,77.2005,103.6511,92.1681,92.8739,0.0839,0.0512,93511.7568,82045.3798,network_delay,frontend,2026-06-09 15:50:00,2026-06-09 16:05:00,post_fault,0.006068644,0
2026-06-09 16:12:40,1660,EXP_FAULT_04,RUN_04,network_delay,1,adservice,ad-f04-09,online-boutique,node-a,0.3155,27.4255,0,90.6221,0.001522,31.717,24.2634,51.7352,61.1124,85.5089,89.8072,90.4842,0.0986,0.0393,107377.4881,88162.4165,network_delay,frontend,2026-06-09 15:50:00,2026-06-09 16:05:00,post_fault,0.046022817,0
2026-06-09 16:12:45,1665,EXP_FAULT_04,RUN_04,network_delay,1,adservice,ad-f04-09,online-boutique,node-a,0.3234,27.7815,0,91.5731,0.001,32.3666,24.5045,54.1846,70.6141,91.705,90.7844,91.4815,0.0294,0.0622,107281.9853,74100.0246,network_delay,frontend,2026-06-09 15:50:00,2026-06-09 16:05:00,post_fault,0.0053399443,0
2026-06-09 16:12:50,1670,EXP_FAULT_04,RUN_04,network_delay,1,adservice,ad-f04-09,online-boutique,node-a,0.3204,27.3618,0,87.8983,0.00087,32.6681,25.158,53.134,67.9046,94.0329,87.1475,87.8219,0.0293,0.0471,73566.7929,82012.7557,network_delay,frontend,2026-06-09 15:50:00,2026-06-09 16:05:00,post_fault,0.026761372,0
2026-06-09 16:12:55,1675,EXP_FAULT_04,RUN_04,network_delay,1,adservice,ad-f04-09,online-boutique,node-a,0.3173,26.4859,0,90.35,0.001621,32.2159,23.807,52.3235,61.552,98.0785,89.5763,90.2035,0.1072,0.0393,92443.3146,60925.2653,network_delay,frontend,2026-06-09 15:50:00,2026-06-09 16:05:00,post_fault,0.013072836,0
2026-06-09 16:13:00,1680,EXP_FAULT_04,RUN_04,network_delay,1,adservice,ad-f04-09,online-boutique,node-a,0.3059,27.5621,0,90.8913,0.001847,36.5672,28.5286,55.4282,74.7843,99.4512,90.1076,90.7234,0.1318,0.0361,81930.0014,76578.6303,network_delay,frontend,2026-06-09 15:50:00,2026-06-09 16:05:00,post_fault,0.08464527,0
2026-06-09 16:13:05,1685,EXP_FAULT_04,RUN_04,network_delay,1,adservice,ad-f04-09,online-boutique,node-a,0.3174,27.4622,0,91.8716,0.001618,31.9111,24.4938,54.9084,63.7438,85.1784,91.0801,91.723,0.1055,0.0431,110205.7217,61592.9994,network_delay,frontend,2026-06-09 15:50:00,2026-06-09 16:05:00,post_fault,0.044431023,0
2026-06-09 16:13:10,1690,EXP_FAULT_04,RUN_04,network_delay,1,adservice,ad-f04-09,online-boutique,node-a,0.3179,27.1663,0,90.259,0.001841,34.1408,25.4783,52.9972,65.4991,104.3663,89.4756,90.0928,0.1037,0.0625,79280.2588,86062.7277,network_delay,frontend,2026-06-09 15:50:00,2026-06-09 16:05:00,post_fault,0.019782308,0
2026-06-09 16:13:15,1695,EXP_FAULT_04,RUN_04,network_delay,1,adservice,ad-f04-09,online-boutique,node-a,0.312,27.6019,0,89.3042,0.001278,33.7332,24.9046,53.9983,63.9662,104.1473,88.5852,89.1901,0.0713,0.0428,90639.8633,58485.5003,network_delay,frontend,2026-06-09 15:50:00,2026-06-09 16:05:00,post_fault,0.010220407,0
2026-06-09 16:13:20,1700,EXP_FAULT_04,RUN_04,network_delay,1,adservice,ad-f04-09,online-boutique,node-a,0.2979,27.7433,0,89.0446,0.001482,34.8554,25.0522,59.22,71.2263,99.7013,88.3065,88.9127,0.0973,0.0347,97629.2832,61788.5154,network_delay,frontend,2026-06-09 15:50:00,2026-06-09 16:05:00,post_fault,0.045689117,0
2026-06-09 16:13:25,1705,EXP_FAULT_04,RUN_04,network_delay,1,adservice,ad-f04-09,online-boutique,node-a,0.3276,27.0549,0,90.9651,0.001274,38.2751,30.0774,61.345,71.9979,107.8516,90.2487,90.8492,0.0538,0.0621,111809.7208,92419.8054,network_delay,frontend,2026-06-09 15:50:00,2026-06-09 16:05:00,post_fault,0.59193516,1
2026-06-09 16:13:30,1710,EXP_FAULT_04,RUN_04,network_delay,1,adservice,ad-f04-09,online-boutique,node-a,0.3219,27.4834,0,91.5093,0.001606,36.2817,27.6153,58.3173,71.2212,110.3927,90.782,91.3623,0.1134,0.0336,98363.1091,93423.4748,network_delay,frontend,2026-06-09 15:50:00,2026-06-09 16:05:00,post_fault,0.16501248,0
2026-06-09 16:13:35,1715,EXP_FAULT_04,RUN_04,network_delay,1,adservice,ad-f04-09,online-boutique,node-a,0.3183,27.4212,0,92.4852,0.001848,36.4266,25.2366,55.6212,76.9788,97.0598,91.7545,92.3143,0.1226,0.0483,84369.6492,73024.0967,network_delay,frontend,2026-06-09 15:50:00,2026-06-09 16:05:00,post_fault,0.10466115,0
2026-06-09 16:13:40,1720,EXP_FAULT_04,RUN_04,network_delay,1,adservice,ad-f04-09,online-boutique,node-a,0.3124,27.0854,0,89.277,0.001358,34.8496,24.6335,56.2418,70.4018,96.5524,88.5965,89.1558,0.0853,0.0359,101695.2427,75328.0572,network_delay,frontend,2026-06-09 15:50:00,2026-06-09 16:05:00,post_fault,0.035024844,0
2026-06-09 16:13:45,1725,EXP_FAULT_04,RUN_04,network_delay,1,adservice,ad-f04-09,online-boutique,node-a,0.3249,27.0396,0,89.6658,0.001307,32.473,24.7934,56.0859,68.8028,96.3025,89.0029,89.5486,0.0859,0.0313,102610.1674,88983.1214,network_delay,frontend,2026-06-09 15:50:00,2026-06-09 16:05:00,post_fault,0.015441209,0
2026-06-09 16:13:50,1730,EXP_FAULT_04,RUN_04,network_delay,1,adservice,ad-f04-09,online-boutique,node-a,0.3265,26.8209,0,93.1693,0.000684,31.5039,23.5746,49.7308,65.752,86.0826,92.5084,93.1056,0.0241,0.0396,94979.8605,78701.17,network_delay,frontend,2026-06-09 15:50:00,2026-06-09 16:05:00,post_fault,0.015244385,0
2026-06-09 16:13:55,1735,EXP_FAULT_04,RUN_04,network_delay,1,adservice,ad-f04-09,online-boutique,node-a,0.3205,27.6067,0,88.7625,0.00183,32.5271,25.6109,49.2604,70.8344,89.2592,88.073,88.6001,0.1337,0.0288,110142.627,62287.9349,network_delay,frontend,2026-06-09 15:50:00,2026-06-09 16:05:00,post_fault,0.014502834,0
2026-06-09 16:14:00,1740,EXP_FAULT_04,RUN_04,network_delay,1,adservice,ad-f04-09,online-boutique,node-a,0.3098,27.3467,0,90.6001,0.001695,35.6876,26.2128,54.3223,73.8098,104.6742,89.9345,90.4466,0.1124,0.0411,80612.2443,61169.2926,network_delay,frontend,2026-06-09 15:50:00,2026-06-09 16:05:00,post_fault,0.036021646,0
2026-06-09 16:14:05,1745,EXP_FAULT_04,RUN_04,network_delay,1,adservice,ad-f04-09,online-boutique,node-a,0.3143,26.8138,0,90.8278,0.001551,34.4715,24.8835,53.0388,68.816,101.9018,90.1778,90.6869,0.0871,0.0538,96239.3206,68734.1208,network_delay,frontend,2026-06-09 15:50:00,2026-06-09 16:05:00,post_fault,0.012481201,0
2026-06-09 16:14:10,1750,EXP_FAULT_04,RUN_04,network_delay,1,adservice,ad-f04-09,online-boutique,node-a,0.3204,27.2905,0,90.5711,0.001329,34.126,24.2396,58.6114,65.6277,89.2177,89.9346,90.4507,0.0885,0.0318,104637.1883,85940.6968,network_delay,frontend,2026-06-09 15:50:00,2026-06-09 16:05:00,post_fault,0.03546666,0
2026-06-09 16:14:15,1755,EXP_FAULT_04,RUN_04,network_delay,1,adservice,ad-f04-09,online-boutique,node-a,0.3427,27.9801,0,91.6702,0.001023,35.6248,27.8714,60.2797,74.464,97.4193,91.0185,91.5765,0.0639,0.0299,115404.9303,79223.2553,network_delay,frontend,2026-06-09 15:50:00,2026-06-09 16:05:00,post_fault,0.6935484,1
2026-06-09 16:14:20,1760,EXP_FAULT_04,RUN_04,network_delay,1,adservice,ad-f04-09,online-boutique,node-a,0.3216,27.1869,0,94.2337,0.002045,35.1225,25.898,61.1437,71.0048,104.4534,93.5112,94.041,0.1346,0.0581,92958.054,76729.0967,network_delay,frontend,2026-06-09 15:50:00,2026-06-09 16:05:00,post_fault,0.02789908,0
2026-06-09 16:14:25,1765,EXP_FAULT_04,RUN_04,network_delay,1,adservice,ad-f04-09,online-boutique,node-a,0.3276,27.5002,0,90.7015,0.002074,35.1483,25.9989,56.6886,74.081,94.9807,90.0397,90.5134,0.1309,0.0572,82274.2101,90575.273,network_delay,frontend,2026-06-09 15:50:00,2026-06-09 16:05:00,post_fault,0.19826849,0
2026-06-09 16:14:30,1770,EXP_FAULT_04,RUN_04,network_delay,1,adservice,ad-f04-09,online-boutique,node-a,0.3273,27.4703,0,92.7847,0.001203,33.4029,23.6617,54.1531,72.6446,86.9348,92.1342,92.6731,0.0714,0.0402,95654.2438,88307.0085,network_delay,frontend,2026-06-09 15:50:00,2026-06-09 16:05:00,post_fault,0.030775238,0
2026-06-09 16:14:35,1775,EXP_FAULT_04,RUN_04,network_delay,1,adservice,ad-f04-09,online-boutique,node-a,0.3088,27.4011,0,91.7128,0.001741,33.0368,25.0824,53.1513,71.0603,93.0324,91.0313,91.5531,0.1211,0.0385,86983.5851,80776.1574,network_delay,frontend,2026-06-09 15:50:00,2026-06-09 16:05:00,post_fault,0.047027674,0
2026-06-09 16:14:40,1780,EXP_FAULT_04,RUN_04,network_delay,1,adservice,ad-f04-09,online-boutique,node-a,0.3109,27.2647,0,94.7926,0.001087,30.9575,23.8815,48.3625,58.7654,94.274,94.1198,94.6895,0.0718,0.0312,85567.7669,63198.0178,network_delay,frontend,2026-06-09 15:50:00,2026-06-09 16:05:00,post_fault,0.34393317,0
2026-06-09 16:14:45,1785,EXP_FAULT_04,RUN_04,network_delay,1,adservice,ad-f04-09,online-boutique,node-a,0.3439,27.7989,0,97.4402,0.001659,34.5888,27.5307,55.7447,65.7668,105.4582,96.723,97.2786,0.1194,0.0423,101290.892,83752.459,network_delay,frontend,2026-06-09 15:50:00,2026-06-09 16:05:00,post_fault,0.19940779,0
2026-06-09 16:14:50,1790,EXP_FAULT_04,RUN_04,network_delay,1,adservice,ad-f04-09,online-boutique,node-a,0.3101,27.0656,0,96.03,0.001024,34.6933,24.8331,53.4146,69.2707,105.0572,95.3631,95.9317,0.0538,0.0445,98122.8833,75139.2518,network_delay,frontend,2026-06-09 15:50:00,2026-06-09 16:05:00,post_fault,0.070437275,0
2026-06-09 16:14:55,1795,EXP_FAULT_04,RUN_04,network_delay,1,adservice,ad-f04-09,online-boutique,node-a,0.3134,27.8375,0,98.4799,0.000813,36.42,27.7287,56.0895,79.166,108.1912,97.7958,98.3998,0.0462,0.0338,100028.1664,91826.309,network_delay,frontend,2026-06-09 15:50:00,2026-06-09 16:05:00,post_fault,0.00425692,0
2026-06-09 16:20:00,0,EXP_FAULT_05,RUN_05,cpu_stress,1,adservice,ad-f05-09,online-boutique,node-a,0.3303,26.7343,0,84.4441,0.000785,33.372,25.3194,51.8296,65.33,93.1449,84.4157,84.3778,0.0378,0.0284,104111.6178,60309.1071,cpu_stress,productcatalogservice,2026-06-09 16:25:00,2026-06-09 16:40:00,pre_fault,0.3274336,0
2026-06-09 16:20:05,5,EXP_FAULT_05,RUN_05,cpu_stress,1,adservice,ad-f05-09,online-boutique,node-a,0.3087,26.5462,0,85.0866,0.001143,31.928,23.5924,50.4926,58.2579,81.7626,85.0404,84.9894,0.0952,0.0021,88586.9443,66924.8063,cpu_stress,productcatalogservice,2026-06-09 16:25:00,2026-06-09 16:40:00,pre_fault,0.0046799774,0
2026-06-09 16:20:10,10,EXP_FAULT_05,RUN_05,cpu_stress,1,adservice,ad-f05-09,online-boutique,node-a,0.314,26.8892,0,83.7593,0.000638,31.93,24.9652,52.8793,57.3561,83.6208,83.7369,83.7059,0.0473,0.0061,87888.5274,67320.3341,cpu_stress,productcatalogservice,2026-06-09 16:25:00,2026-06-09 16:40:00,pre_fault,0.032624833,0
2026-06-09 16:20:15,15,EXP_FAULT_05,RUN_05,cpu_stress,1,adservice,ad-f05-09,online-boutique,node-a,0.3047,26.7431,0,82.5269,0.000851,32.1754,24.3827,47.1109,65.1763,81.7299,82.4827,82.4567,0.0523,0.018,76809.5508,78281.0734,cpu_stress,productcatalogservice,2026-06-09 16:25:00,2026-06-09 16:40:00,pre_fault,0.028940177,0
2026-06-09 16:20:20,20,EXP_FAULT_05,RUN_05,cpu_stress,1,adservice,ad-f05-09,online-boutique,node-a,0.2765,27.1682,0,83.132,0.001692,33.8257,26.3321,50.7193,59.843,89.5335,83.038,82.9914,0.1117,0.0289,88095.9956,67883.9607,cpu_stress,productcatalogservice,2026-06-09 16:25:00,2026-06-09 16:40:00,pre_fault,0.10483863,0
2026-06-09 16:20:25,25,EXP_FAULT_05,RUN_05,cpu_stress,1,adservice,ad-f05-09,online-boutique,node-a,0.3063,27.1204,0,81.1179,0.001482,30.951,22.5774,48.7288,61.5216,81.4571,81.0294,80.9976,0.094,0.0262,69761.4537,83412.9627,cpu_stress,productcatalogservice,2026-06-09 16:25:00,2026-06-09 16:40:00,pre_fault,0.018209044,0
2026-06-09 16:20:30,30,EXP_FAULT_05,RUN_05,cpu_stress,1,adservice,ad-f05-09,online-boutique,node-a,0.3034,27.3271,0,76.9954,0.001398,32.0161,22.8271,49.6962,62.9825,91.0516,76.9418,76.8878,0.0921,0.0155,89682.0495,55223.8848,cpu_stress,productcatalogservice,2026-06-09 16:25:00,2026-06-09 16:40:00,pre_fault,0.20465043,0
2026-06-09 16:20:35,35,EXP_FAULT_05,RUN_05,cpu_stress,1,adservice,ad-f05-09,online-boutique,node-a,0.327,27.4292,0,80.5394,0.001364,30.6371,21.8815,46.3768,61.6941,87.0109,80.4649,80.4296,0.0929,0.017,71731.3825,76141.5064,cpu_stress,productcatalogservice,2026-06-09 16:25:00,2026-06-09 16:40:00,pre_fault,0.20668761,0
2026-06-09 16:20:40,40,EXP_FAULT_05,RUN_05,cpu_stress,1,adservice,ad-f05-09,online-boutique,node-a,0.3049,26.8921,0,78.9708,0.000859,34.5084,25.6804,52.0649,63.7707,83.8123,78.9378,78.9029,0.0557,0.0121,78989.9282,60887.0043,cpu_stress,productcatalogservice,2026-06-09 16:25:00,2026-06-09 16:40:00,pre_fault,0.3597849,0
2026-06-09 16:20:45,45,EXP_FAULT_05,RUN_05,cpu_stress,1,adservice,ad-f05-09,online-boutique,node-a,0.3055,27.3734,0,78.96,0.001776,31.8643,23.6396,47.4559,62.5867,82.3215,78.8911,78.8198,0.1249,0.0153,94875.8152,55756.9841,cpu_stress,productcatalogservice,2026-06-09 16:25:00,2026-06-09 16:40:00,pre_fault,0.14875637,0
2026-06-09 16:20:50,50,EXP_FAULT_05,RUN_05,cpu_stress,1,adservice,ad-f05-09,online-boutique,node-a,0.3167,27.1412,0,81.0553,0.001312,30.9713,24.776,49.3321,59.7591,85.0641,80.9929,80.9489,0.1037,0.0027,92783.8901,68486.3263,cpu_stress,productcatalogservice,2026-06-09 16:25:00,2026-06-09 16:40:00,pre_fault,0.065247774,0
2026-06-09 16:20:55,55,EXP_FAULT_05,RUN_05,cpu_stress,1,adservice,ad-f05-09,online-boutique,node-a,0.295,27.2101,0,78.0795,0.001556,32.8794,24.8066,53.5513,65.7214,80.7013,78.0195,77.958,0.1069,0.0146,75909.546,78349.184,cpu_stress,productcatalogservice,2026-06-09 16:25:00,2026-06-09 16:40:00,pre_fault,0.17660782,0
2026-06-09 16:21:00,60,EXP_FAULT_05,RUN_05,cpu_stress,1,adservice,ad-f05-09,online-boutique,node-a,0.3061,27.5289,0,80.795,0.000931,29.0425,22.1292,46.2172,53.263,70.8219,80.7623,80.7197,0.0588,0.0165,70348.7875,69137.036,cpu_stress,productcatalogservice,2026-06-09 16:25:00,2026-06-09 16:40:00,pre_fault,0.17931949,0
2026-06-09 16:21:05,65,EXP_FAULT_05,RUN_05,cpu_stress,1,adservice,ad-f05-09,online-boutique,node-a,0.313,26.841,0,77.1694,0.001827,32.4671,22.7299,51.2274,66.238,91.5603,77.1161,77.0284,0.1197,0.0213,71386.5505,67576.6316,cpu_stress,productcatalogservice,2026-06-09 16:25:00,2026-06-09 16:40:00,pre_fault,0.35836327,0
2026-06-09 16:21:10,70,EXP_FAULT_05,RUN_05,cpu_stress,1,adservice,ad-f05-09,online-boutique,node-a,0.3099,26.3009,0,77.4809,0.001878,35.7437,29.2901,56.2863,67.4551,99.336,77.4026,77.3354,0.1186,0.0269,90746.7359,70723.832,cpu_stress,productcatalogservice,2026-06-09 16:25:00,2026-06-09 16:40:00,pre_fault,0.9058105,1
2026-06-09 16:21:15,75,EXP_FAULT_05,RUN_05,cpu_stress,1,adservice,ad-f05-09,online-boutique,node-a,0.2904,27.3492,0,78.0568,0.001429,32.587,24.7518,50.575,63.9323,86.3429,77.9828,77.9452,0.0976,0.014,83373.508,61422.1415,cpu_stress,productcatalogservice,2026-06-09 16:25:00,2026-06-09 16:40:00,pre_fault,0.11806555,0
2026-06-09 16:21:20,80,EXP_FAULT_05,RUN_05,cpu_stress,1,adservice,ad-f05-09,online-boutique,node-a,0.3003,26.8209,0,79.4984,0.000738,30.4334,21.5924,47.0397,55.7277,84.1412,79.4591,79.4398,0.0566,0.002,80214.8213,54357.8094,cpu_stress,productcatalogservice,2026-06-09 16:25:00,2026-06-09 16:40:00,pre_fault,0.029960293,0
2026-06-09 16:21:25,85,EXP_FAULT_05,RUN_05,cpu_stress,1,adservice,ad-f05-09,online-boutique,node-a,0.3001,26.3434,0,77.1645,0.000563,32.5572,25.8084,52.2134,62.7555,85.9086,77.1335,77.121,0.0243,0.0191,67504.9476,50192.7297,cpu_stress,productcatalogservice,2026-06-09 16:25:00,2026-06-09 16:40:00,pre_fault,0.23542254,0
2026-06-09 16:21:30,90,EXP_FAULT_05,RUN_05,cpu_stress,1,adservice,ad-f05-09,online-boutique,node-a,0.3139,27.2866,0,78.5709,0.001073,35.2702,24.8742,55.471,67.7525,93.5728,78.5318,78.4866,0.0665,0.0178,91312.3763,62556.0922,cpu_stress,productcatalogservice,2026-06-09 16:25:00,2026-06-09 16:40:00,pre_fault,0.6411109,1
2026-06-09 16:21:35,95,EXP_FAULT_05,RUN_05,cpu_stress,1,adservice,ad-f05-09,online-boutique,node-a,0.2943,26.8921,0,77.3586,0.001867,30.5209,23.9855,51.2275,60.9067,75.2451,77.2807,77.2142,0.1223,0.0221,86484.2685,76075.4753,cpu_stress,productcatalogservice,2026-06-09 16:25:00,2026-06-09 16:40:00,pre_fault,0.102929376,0
2026-06-09 16:21:40,100,EXP_FAULT_05,RUN_05,cpu_stress,1,adservice,ad-f05-09,online-boutique,node-a,0.3181,26.9626,0,77.2253,0.001461,32.0108,26.0267,53.8112,56.9696,81.1871,77.145,77.1124,0.0862,0.0266,94231.5423,76437.4877,cpu_stress,productcatalogservice,2026-06-09 16:25:00,2026-06-09 16:40:00,pre_fault,0.34219205,0
2026-06-09 16:21:45,105,EXP_FAULT_05,RUN_05,cpu_stress,1,adservice,ad-f05-09,online-boutique,node-a,0.2916,27.0226,0,77.9946,0.000929,31.6688,23.9002,49.2829,57.1473,85.1269,77.9447,77.9221,0.0533,0.0191,82473.3647,73706.3036,cpu_stress,productcatalogservice,2026-06-09 16:25:00,2026-06-09 16:40:00,pre_fault,0.072799504,0
2026-06-09 16:21:50,110,EXP_FAULT_05,RUN_05,cpu_stress,1,adservice,ad-f05-09,online-boutique,node-a,0.3091,27.1951,0,78.2637,0.001655,33.4275,23.9059,50.8646,59.1141,90.6654,78.2088,78.1341,0.1112,0.0183,73908.2161,80059.8112,cpu_stress,productcatalogservice,2026-06-09 16:25:00,2026-06-09 16:40:00,pre_fault,0.3307129,0
2026-06-09 16:21:55,115,EXP_FAULT_05,RUN_05,cpu_stress,1,adservice,ad-f05-09,online-boutique,node-a,0.3249,26.9415,0,79.6805,0.001138,30.357,23.5465,44.2675,57.5866,84.8886,79.6317,79.5898,0.0702,0.0204,77865.7309,79406.7871,cpu_stress,productcatalogservice,2026-06-09 16:25:00,2026-06-09 16:40:00,pre_fault,0.15327154,0
2026-06-09 16:22:00,120,EXP_FAULT_05,RUN_05,cpu_stress,1,adservice,ad-f05-09,online-boutique,node-a,0.3191,27.6983,0,79.7101,0.000889,32.6166,24.2531,51.9289,60.185,89.912,79.6836,79.6392,0.0444,0.0265,77425.8255,74662.6496,cpu_stress,productcatalogservice,2026-06-09 16:25:00,2026-06-09 16:40:00,pre_fault,0.3017873,0
2026-06-09 16:22:05,125,EXP_FAULT_05,RUN_05,cpu_stress,1,adservice,ad-f05-09,online-boutique,node-a,0.3289,26.9138,0,80.2489,0.001438,30.2712,22.7459,45.0086,60.0854,77.9226,80.1869,80.1335,0.1014,0.014,77085.1615,56788.1767,cpu_stress,productcatalogservice,2026-06-09 16:25:00,2026-06-09 16:40:00,pre_fault,0.16697784,0
2026-06-09 16:22:10,130,EXP_FAULT_05,RUN_05,cpu_stress,1,adservice,ad-f05-09,online-boutique,node-a,0.3193,26.7292,0,81.5802,0.00138,31.3657,23.2239,46.8479,64.1859,80.6661,81.5358,81.4676,0.0922,0.0204,96487.7216,69235.1858,cpu_stress,productcatalogservice,2026-06-09 16:25:00,2026-06-09 16:40:00,pre_fault,0.090781644,0
2026-06-09 16:22:15,135,EXP_FAULT_05,RUN_05,cpu_stress,1,adservice,ad-f05-09,online-boutique,node-a,0.3222,27.5319,0,84.7001,0.00039,32.6,24.6039,55.1318,64.4907,91.3856,84.6838,84.6671,0.0236,0.0094,82839.3242,59553.5141,cpu_stress,productcatalogservice,2026-06-09 16:25:00,2026-06-09 16:40:00,pre_fault,0.14512941,0
2026-06-09 16:22:20,140,EXP_FAULT_05,RUN_05,cpu_stress,1,adservice,ad-f05-09,online-boutique,node-a,0.3131,26.3774,0,83.8229,0.00042,32.7123,26.7499,48.8976,61.2155,78.4535,83.8026,83.7877,0.0326,0.0026,95944.0593,65141.7875,cpu_stress,productcatalogservice,2026-06-09 16:25:00,2026-06-09 16:40:00,pre_fault,0.068344705,0
2026-06-09 16:22:25,145,EXP_FAULT_05,RUN_05,cpu_stress,1,adservice,ad-f05-09,online-boutique,node-a,0.3171,27.3294,0,82.5074,0.001626,35.0355,27.6254,52.5233,67.6816,91.123,82.4378,82.3732,0.1159,0.0183,103626.3719,81460.1645,cpu_stress,productcatalogservice,2026-06-09 16:25:00,2026-06-09 16:40:00,pre_fault,0.4069747,0
2026-06-09 16:22:30,150,EXP_FAULT_05,RUN_05,cpu_stress,1,adservice,ad-f05-09,online-boutique,node-a,0.3137,26.9574,0,85.4731,0.001501,31.468,23.0733,48.1361,58.0535,85.3788,85.4108,85.3448,0.1208,0.0075,83828.55,67998.4283,cpu_stress,productcatalogservice,2026-06-09 16:25:00,2026-06-09 16:40:00,pre_fault,0.017275857,0
2026-06-09 16:22:35,155,EXP_FAULT_05,RUN_05,cpu_stress,1,adservice,ad-f05-09,online-boutique,node-a,0.3144,27.3966,0,86.4672,0.001323,31.6403,22.3279,48.5408,62.9568,79.3781,86.3866,86.3528,0.1056,0.0087,76707.0124,62260.2877,cpu_stress,productcatalogservice,2026-06-09 16:25:00,2026-06-09 16:40:00,pre_fault,0.007373683,0
2026-06-09 16:22:40,160,EXP_FAULT_05,RUN_05,cpu_stress,1,adservice,ad-f05-09,online-boutique,node-a,0.3058,27.3231,0,84.5557,0.000761,33.2229,23.2628,53.7906,66.2301,78.5763,84.5112,84.4913,0.0429,0.0215,79810.1152,73617.7611,cpu_stress,productcatalogservice,2026-06-09 16:25:00,2026-06-09 16:40:00,pre_fault,0.023335908,0
2026-06-09 16:22:45,165,EXP_FAULT_05,RUN_05,cpu_stress,1,adservice,ad-f05-09,online-boutique,node-a,0.3277,27.5364,0,84.8929,0.001288,31.8877,24.205,52.1188,65.0231,86.0837,84.8119,84.7836,0.1045,0.0048,100644.0021,58195.1905,cpu_stress,productcatalogservice,2026-06-09 16:25:00,2026-06-09 16:40:00,pre_fault,0.1296871,0
2026-06-09 16:22:50,170,EXP_FAULT_05,RUN_05,cpu_stress,1,adservice,ad-f05-09,online-boutique,node-a,0.3214,26.7296,0,87.2275,0.001388,34.7303,24.3581,55.6477,70.2799,90.5456,87.1373,87.1065,0.1137,0.0073,96837.1817,81624.6466,cpu_stress,productcatalogservice,2026-06-09 16:25:00,2026-06-09 16:40:00,pre_fault,0.17370537,0
2026-06-09 16:22:55,175,EXP_FAULT_05,RUN_05,cpu_stress,1,adservice,ad-f05-09,online-boutique,node-a,0.3167,26.8438,0,84.4546,0.000897,32.0022,24.989,47.7157,64.6375,76.4,84.4092,84.3789,0.0694,0.0063,90266.4759,64477.7849,cpu_stress,productcatalogservice,2026-06-09 16:25:00,2026-06-09 16:40:00,pre_fault,0.035302658,0
2026-06-09 16:23:00,180,EXP_FAULT_05,RUN_05,cpu_stress,1,adservice,ad-f05-09,online-boutique,node-a,0.3223,27.5195,0,86.9975,0.001108,30.5113,22.8084,48.4024,56.9361,86.6998,86.9485,86.9012,0.0811,0.0152,90822.4783,83911.652,cpu_stress,productcatalogservice,2026-06-09 16:25:00,2026-06-09 16:40:00,pre_fault,0.018415455,0
2026-06-09 16:23:05,185,EXP_FAULT_05,RUN_05,cpu_stress,1,adservice,ad-f05-09,online-boutique,node-a,0.3034,26.3085,0,83.2321,0.000745,29.8327,22.1954,48.6062,58.4836,84.145,83.1954,83.1701,0.0415,0.0205,81032.871,57062.1318,cpu_stress,productcatalogservice,2026-06-09 16:25:00,2026-06-09 16:40:00,pre_fault,0.017016822,0
2026-06-09 16:23:10,190,EXP_FAULT_05,RUN_05,cpu_stress,1,adservice,ad-f05-09,online-boutique,node-a,0.308,27.2355,0,84.8946,0.00166,33.5632,24.7986,51.7042,61.732,84.1811,84.8008,84.7537,0.1334,0.0075,89020.3299,74119.6034,cpu_stress,productcatalogservice,2026-06-09 16:25:00,2026-06-09 16:40:00,pre_fault,0.051059105,0
2026-06-09 16:23:15,195,EXP_FAULT_05,RUN_05,cpu_stress,1,adservice,ad-f05-09,online-boutique,node-a,0.3072,26.9568,0,85.5658,0.001445,32.7667,26.6164,52.602,67.0878,81.9252,85.4777,85.4422,0.1213,0.0024,101273.2986,79145.9155,cpu_stress,productcatalogservice,2026-06-09 16:25:00,2026-06-09 16:40:00,pre_fault,0.012200822,0
2026-06-09 16:23:20,200,EXP_FAULT_05,RUN_05,cpu_stress,1,adservice,ad-f05-09,online-boutique,node-a,0.3201,27.083,0,85.0204,0.001382,31.8762,24.6303,46.9183,64.1736,77.6959,84.9673,84.9029,0.1107,0.0068,101071.8068,66580.2507,cpu_stress,productcatalogservice,2026-06-09 16:25:00,2026-06-09 16:40:00,pre_fault,0.046735965,0
2026-06-09 16:23:25,205,EXP_FAULT_05,RUN_05,cpu_stress,1,adservice,ad-f05-09,online-boutique,node-a,0.3077,27.2868,0,85.4054,0.001222,33.4721,26.7914,53.3119,65.1375,87.1801,85.3647,85.301,0.0902,0.0142,83564.9366,66881.969,cpu_stress,productcatalogservice,2026-06-09 16:25:00,2026-06-09 16:40:00,pre_fault,0.039133042,0
2026-06-09 16:23:30,210,EXP_FAULT_05,RUN_05,cpu_stress,1,adservice,ad-f05-09,online-boutique,node-a,0.3227,27.7163,0,86.2457,0.00172,34.8102,24.9263,56.0544,61.3582,82.9542,86.1894,86.0973,0.1199,0.0285,100354.3949,71410.6983,cpu_stress,productcatalogservice,2026-06-09 16:25:00,2026-06-09 16:40:00,pre_fault,0.26296878,0
2026-06-09 16:23:35,215,EXP_FAULT_05,RUN_05,cpu_stress,1,adservice,ad-f05-09,online-boutique,node-a,0.3341,27.2513,0,85.4159,0.000837,33.366,25.9361,56.1752,59.3869,89.6395,85.3644,85.3444,0.0577,0.0138,105783.3388,79236.945,cpu_stress,productcatalogservice,2026-06-09 16:25:00,2026-06-09 16:40:00,pre_fault,0.39717227,0
2026-06-09 16:23:40,220,EXP_FAULT_05,RUN_05,cpu_stress,1,adservice,ad-f05-09,online-boutique,node-a,0.3134,27.6522,0,85.0787,0.001184,30.8096,24.8331,48.8502,54.5014,80.4297,85.0166,84.978,0.0857,0.0151,79538.8962,84588.9544,cpu_stress,productcatalogservice,2026-06-09 16:25:00,2026-06-09 16:40:00,pre_fault,0.026597936,0
2026-06-09 16:23:45,225,EXP_FAULT_05,RUN_05,cpu_stress,1,adservice,ad-f05-09,online-boutique,node-a,0.3119,27.1113,0,87.2648,0.001472,33.7963,27.5937,52.2427,68.4395,89.249,87.1826,87.1363,0.1188,0.0096,88858.651,82173.2866,cpu_stress,productcatalogservice,2026-06-09 16:25:00,2026-06-09 16:40:00,pre_fault,0.034957875,0
2026-06-09 16:23:50,230,EXP_FAULT_05,RUN_05,cpu_stress,1,adservice,ad-f05-09,online-boutique,node-a,0.3093,27.3334,0,84.814,0.001488,34.2889,28.1084,54.3527,70.1158,81.149,84.7582,84.6878,0.0983,0.028,83032.7062,77412.2857,cpu_stress,productcatalogservice,2026-06-09 16:25:00,2026-06-09 16:40:00,pre_fault,0.10464134,0
2026-06-09 16:23:55,235,EXP_FAULT_05,RUN_05,cpu_stress,1,adservice,ad-f05-09,online-boutique,node-a,0.3221,26.7099,0,83.9895,0.000435,33.8175,24.8164,51.6393,65.9617,83.2751,83.9625,83.9529,0.0282,0.0083,101605.2777,79789.7399,cpu_stress,productcatalogservice,2026-06-09 16:25:00,2026-06-09 16:40:00,pre_fault,0.256617,0
2026-06-09 16:24:00,240,EXP_FAULT_05,RUN_05,cpu_stress,1,adservice,ad-f05-09,online-boutique,node-a,0.3159,26.9925,0,86.0562,0.000655,31.9425,22.4806,46.4968,56.8053,86.8441,86.0171,85.9998,0.0273,0.029,91321.7969,86586.4159,cpu_stress,productcatalogservice,2026-06-09 16:25:00,2026-06-09 16:40:00,pre_fault,0.009911933,0
2026-06-09 16:24:05,245,EXP_FAULT_05,RUN_05,cpu_stress,1,adservice,ad-f05-09,online-boutique,node-a,0.3291,27.1402,0,85.7245,0.00082,32.1482,24.1939,52.9162,64.3466,77.3467,85.6947,85.6542,0.0603,0.01,102331.6018,75643.8208,cpu_stress,productcatalogservice,2026-06-09 16:25:00,2026-06-09 16:40:00,pre_fault,0.1369431,0
2026-06-09 16:24:10,250,EXP_FAULT_05,RUN_05,cpu_stress,1,adservice,ad-f05-09,online-boutique,node-a,0.2993,27.1331,0,84.4084,0.001628,31.7134,23.8424,46.173,62.7714,77.2254,84.3407,84.2709,0.1178,0.0197,83270.3584,67476.3459,cpu_stress,productcatalogservice,2026-06-09 16:25:00,2026-06-09 16:40:00,pre_fault,0.0042493255,0
2026-06-09 16:24:15,255,EXP_FAULT_05,RUN_05,cpu_stress,1,adservice,ad-f05-09,online-boutique,node-a,0.3085,27.3232,0,84.0107,0.000849,31.7977,24.3833,48.5181,58.7977,79.9506,83.9628,83.9394,0.0524,0.0189,101826.132,75365.8761,cpu_stress,productcatalogservice,2026-06-09 16:25:00,2026-06-09 16:40:00,pre_fault,0.027941203,0
2026-06-09 16:24:20,260,EXP_FAULT_05,RUN_05,cpu_stress,1,adservice,ad-f05-09,online-boutique,node-a,0.3237,26.6252,0,84.4345,0.001234,31.691,25.3054,50.092,60.8749,82.5017,84.3732,84.3302,0.0806,0.0236,72333.9494,68019.265,cpu_stress,productcatalogservice,2026-06-09 16:25:00,2026-06-09 16:40:00,pre_fault,0.069641486,0
2026-06-09 16:24:25,265,EXP_FAULT_05,RUN_05,cpu_stress,1,adservice,ad-f05-09,online-boutique,node-a,0.3269,27.311,0,87.7634,0.001008,30.9543,25.2235,47.801,62.9041,87.5174,87.6999,87.675,0.07,0.0185,85856.7703,88305.2052,cpu_stress,productcatalogservice,2026-06-09 16:25:00,2026-06-09 16:40:00,pre_fault,0.013400884,0
2026-06-09 16:24:30,270,EXP_FAULT_05,RUN_05,cpu_stress,1,adservice,ad-f05-09,online-boutique,node-a,0.3113,27.1939,0,85.1418,0.000786,32.2998,23.5931,50.3023,58.9984,90.8616,85.1093,85.0749,0.0607,0.0063,86055.4267,84986.6128,cpu_stress,productcatalogservice,2026-06-09 16:25:00,2026-06-09 16:40:00,pre_fault,0.020396799,0
2026-06-09 16:24:35,275,EXP_FAULT_05,RUN_05,cpu_stress,1,adservice,ad-f05-09,online-boutique,node-a,0.3166,26.8434,0,85.3945,0.000999,33.9204,25.3425,49.9464,67.4233,90.8933,85.3458,85.3091,0.072,0.0134,103081.5335,77195.4177,cpu_stress,productcatalogservice,2026-06-09 16:25:00,2026-06-09 16:40:00,pre_fault,0.10477513,0
2026-06-09 16:24:40,280,EXP_FAULT_05,RUN_05,cpu_stress,1,adservice,ad-f05-09,online-boutique,node-a,0.3099,27.0639,0,86.1471,0.001672,28.5708,21.1736,47.98,50.0038,79.0509,86.0752,86.0031,0.1263,0.0178,88149.3601,57673.8643,cpu_stress,productcatalogservice,2026-06-09 16:25:00,2026-06-09 16:40:00,pre_fault,0.16350369,0
2026-06-09 16:24:45,285,EXP_FAULT_05,RUN_05,cpu_stress,1,adservice,ad-f05-09,online-boutique,node-a,0.3142,27.2978,0,85.9696,0.001388,31.8863,25.9289,51.2705,62.5193,81.8205,85.9163,85.8503,0.0956,0.0237,76174.3558,83642.7777,cpu_stress,productcatalogservice,2026-06-09 16:25:00,2026-06-09 16:40:00,pre_fault,0.010224032,0
2026-06-09 16:24:50,290,EXP_FAULT_05,RUN_05,cpu_stress,1,adservice,ad-f05-09,online-boutique,node-a,0.3247,26.4709,0,89.9751,0.001608,31.0788,22.2036,45.6788,59.9628,76.2094,89.9091,89.8305,0.142,0.0026,83354.5024,59520.8258,cpu_stress,productcatalogservice,2026-06-09 16:25:00,2026-06-09 16:40:00,pre_fault,0.016371604,0
2026-06-09 16:24:55,295,EXP_FAULT_05,RUN_05,cpu_stress,1,adservice,ad-f05-09,online-boutique,node-a,0.3136,27.1119,0,86.6896,0.001807,32.6201,26.4438,48.2624,64.1457,76.8077,86.6306,86.533,0.1267,0.03,98637.8997,79777.7904,cpu_stress,productcatalogservice,2026-06-09 16:25:00,2026-06-09 16:40:00,pre_fault,0.014924446,0
2026-06-09 16:25:00,300,EXP_FAULT_05,RUN_05,cpu_stress,1,adservice,ad-f05-09,online-boutique,node-a,0.3283,27.1521,0,89.8168,0.003976,41.5878,31.2108,85.7011,111.7221,181.8597,84.8284,89.4597,0.1025,0.2546,113861.8028,65067.9812,cpu_stress,productcatalogservice,2026-06-09 16:25:00,2026-06-09 16:40:00,during_fault,2.3619955,1
2026-06-09 16:25:05,305,EXP_FAULT_05,RUN_05,cpu_stress,1,adservice,ad-f05-09,online-boutique,node-a,0.3247,27.4791,0,90.0609,0.003892,43.1146,32.33,83.7441,121.8542,179.1337,85.04,89.7103,0.1087,0.2419,78570.4236,92507.2943,cpu_stress,productcatalogservice,2026-06-09 16:25:00,2026-06-09 16:40:00,during_fault,2.8241353,1
2026-06-09 16:25:10,310,EXP_FAULT_05,RUN_05,cpu_stress,1,adservice,ad-f05-09,online-boutique,node-a,0.3366,27.583,0,91.084,0.003129,43.9671,29.0909,89.0418,122.5846,194.0615,86.0949,90.799,0.0466,0.2385,114534.9301,84551.6376,cpu_stress,productcatalogservice,2026-06-09 16:25:00,2026-06-09 16:40:00,during_fault,3.0041308,1
2026-06-09 16:25:15,315,EXP_FAULT_05,RUN_05,cpu_stress,1,adservice,ad-f05-09,online-boutique,node-a,0.3263,26.7702,0,89.7055,0.003637,42.0712,28.967,80.5595,120.5896,190.1126,84.8128,89.3793,0.09,0.2363,108833.0148,73764.8585,cpu_stress,productcatalogservice,2026-06-09 16:25:00,2026-06-09 16:40:00,during_fault,2.1619246,1
2026-06-09 16:25:20,320,EXP_FAULT_05,RUN_05,cpu_stress,1,adservice,ad-f05-09,online-boutique,node-a,0.3233,26.8203,0,90.9691,0.003844,42.9926,31.1656,76.8915,115.2542,171.5315,86.0869,90.6193,0.1036,0.2461,102204.3078,66907.7777,cpu_stress,productcatalogservice,2026-06-09 16:25:00,2026-06-09 16:40:00,during_fault,2.3027997,1
2026-06-09 16:25:25,325,EXP_FAULT_05,RUN_05,cpu_stress,1,adservice,ad-f05-09,online-boutique,node-a,0.3228,27.3686,0,93.682,0.00336,43.3674,29.1599,81.5022,108.604,179.1881,88.7447,93.3672,0.0774,0.2374,109598.8281,96292.6971,cpu_stress,productcatalogservice,2026-06-09 16:25:00,2026-06-09 16:40:00,during_fault,1.9594622,1
2026-06-09 16:25:30,330,EXP_FAULT_05,RUN_05,cpu_stress,1,adservice,ad-f05-09,online-boutique,node-a,0.3101,26.7163,0,93.2753,0.003588,40.1395,30.184,82.1994,107.2604,180.4562,88.4307,92.9406,0.1063,0.2284,84460.7044,69550.4288,cpu_stress,productcatalogservice,2026-06-09 16:25:00,2026-06-09 16:40:00,during_fault,0.7195307,1
2026-06-09 16:25:35,335,EXP_FAULT_05,RUN_05,cpu_stress,1,adservice,ad-f05-09,online-boutique,node-a,0.2857,27.8407,0,95.4513,0.003766,39.6908,26.9095,71.4276,98.9139,168.0888,90.6049,95.0918,0.1382,0.2213,92363.9593,88042.2106,cpu_stress,productcatalogservice,2026-06-09 16:25:00,2026-06-09 16:40:00,during_fault,2.8699777,1
2026-06-09 16:25:40,340,EXP_FAULT_05,RUN_05,cpu_stress,1,adservice,ad-f05-09,online-boutique,node-a,0.3137,27.131,0,95.8492,0.002991,39.8797,27.3732,75.0237,107.2979,154.0426,91.1481,95.5625,0.0636,0.2232,101294.7783,71115.324,cpu_stress,productcatalogservice,2026-06-09 16:25:00,2026-06-09 16:40:00,during_fault,0.5183095,1
2026-06-09 16:25:45,345,EXP_FAULT_05,RUN_05,cpu_stress,1,adservice,ad-f05-09,online-boutique,node-a,0.3247,27.3243,0,95.5053,0.003328,45.6687,29.824,87.6559,113.6099,179.2745,90.956,95.1875,0.0836,0.2342,106237.9368,79541.0505,cpu_stress,productcatalogservice,2026-06-09 16:25:00,2026-06-09 16:40:00,during_fault,2.5344656,1
2026-06-09 16:25:50,350,EXP_FAULT_05,RUN_05,cpu_stress,1,adservice,ad-f05-09,online-boutique,node-a,0.312,26.9339,0,95.2597,0.003095,43.8284,30.9044,87.321,119.5706,189.5024,90.8504,94.9649,0.0692,0.2257,107698.1212,98422.8396,cpu_stress,productcatalogservice,2026-06-09 16:25:00,2026-06-09 16:40:00,during_fault,1.3421205,1
2026-06-09 16:25:55,355,EXP_FAULT_05,RUN_05,cpu_stress,1,adservice,ad-f05-09,online-boutique,node-a,0.3338,27.4271,0,100.594,0.002758,41.8901,31.2496,81.6719,109.1573,155.5423,96.1212,100.3166,0.0519,0.2255,95676.1097,95232.6558,cpu_stress,productcatalogservice,2026-06-09 16:25:00,2026-06-09 16:40:00,during_fault,0.8938762,1
2026-06-09 16:26:00,360,EXP_FAULT_05,RUN_05,cpu_stress,1,adservice,ad-f05-09,online-boutique,node-a,0.3351,27.2121,0,98.2451,0.003431,42.2045,27.8128,80.1696,107.9296,173.2783,93.9952,97.908,0.1268,0.2103,81003.7449,65757.2589,cpu_stress,productcatalogservice,2026-06-09 16:25:00,2026-06-09 16:40:00,during_fault,1.4374287,1
2026-06-09 16:26:05,365,EXP_FAULT_05,RUN_05,cpu_stress,1,adservice,ad-f05-09,online-boutique,node-a,0.3312,26.994,0,94.0033,0.003209,45.4675,30.1259,83.976,111.0725,175.392,90.0738,93.7017,0.1127,0.189,105507.3978,66454.8468,cpu_stress,productcatalogservice,2026-06-09 16:25:00,2026-06-09 16:40:00,during_fault,2.9047794,1
2026-06-09 16:26:10,370,EXP_FAULT_05,RUN_05,cpu_stress,1,adservice,ad-f05-09,online-boutique,node-a,0.3274,27.6584,0,99.4336,0.002978,40.5173,30.0829,79.7655,98.1322,170.151,95.4722,99.1375,0.1075,0.1886,106146.8714,68123.983,cpu_stress,productcatalogservice,2026-06-09 16:25:00,2026-06-09 16:40:00,during_fault,0.62813246,1
2026-06-09 16:26:15,375,EXP_FAULT_05,RUN_05,cpu_stress,1,adservice,ad-f05-09,online-boutique,node-a,0.3162,26.8043,0,99.5137,0.002245,41.5266,30.7171,76.5536,95.9299,158.7221,95.7329,99.2903,0.0259,0.1975,106554.0271,67009.5785,cpu_stress,productcatalogservice,2026-06-09 16:25:00,2026-06-09 16:40:00,during_fault,0.39009926,0
2026-06-09 16:26:20,380,EXP_FAULT_05,RUN_05,cpu_stress,1,adservice,ad-f05-09,online-boutique,node-a,0.3226,26.7161,0,95.416,0.003015,40.1316,28.0138,74.6132,92.2232,155.0649,91.9279,95.1283,0.1023,0.1854,84337.7541,78734.6933,cpu_stress,productcatalogservice,2026-06-09 16:25:00,2026-06-09 16:40:00,during_fault,0.7174237,1
2026-06-09 16:26:25,385,EXP_FAULT_05,RUN_05,cpu_stress,1,adservice,ad-f05-09,online-boutique,node-a,0.3272,27.2846,0,96.9863,0.002898,39.1276,29.9595,71.2025,98.7381,148.7902,93.5475,96.7053,0.1083,0.1728,120059.4033,94229.4231,cpu_stress,productcatalogservice,2026-06-09 16:25:00,2026-06-09 16:40:00,during_fault,0.51528776,1
2026-06-09 16:26:30,390,EXP_FAULT_05,RUN_05,cpu_stress,1,adservice,ad-f05-09,online-boutique,node-a,0.3316,26.8841,0,95.5975,0.002236,40.9435,28.6427,78.4516,105.2021,156.9018,92.3902,95.3838,0.0457,0.168,89368.3376,75288.2339,cpu_stress,productcatalogservice,2026-06-09 16:25:00,2026-06-09 16:40:00,during_fault,0.9107727,1
2026-06-09 16:26:35,395,EXP_FAULT_05,RUN_05,cpu_stress,1,adservice,ad-f05-09,online-boutique,node-a,0.3197,27.8655,0,94.8268,0.003081,40.4061,29.1378,74.2066,103.9644,135.395,91.7401,94.5347,0.1284,0.1638,103056.5629,83866.9945,cpu_stress,productcatalogservice,2026-06-09 16:25:00,2026-06-09 16:40:00,during_fault,1.0769812,1
2026-06-09 16:26:40,400,EXP_FAULT_05,RUN_05,cpu_stress,1,adservice,ad-f05-09,online-boutique,node-a,0.316,27.4064,0,92.9427,0.003174,36.4477,24.6389,64.309,83.7158,139.5024,89.9724,92.6478,0.1428,0.1521,110301.7397,88248.5249,cpu_stress,productcatalogservice,2026-06-09 16:25:00,2026-06-09 16:40:00,during_fault,0.38589615,0
2026-06-09 16:26:45,405,EXP_FAULT_05,RUN_05,cpu_stress,1,adservice,ad-f05-09,online-boutique,node-a,0.3088,27.1513,0,94.5196,0.001956,40.246,28.6423,76.4274,96.3186,159.8473,91.6669,94.3347,0.0422,0.1427,94062.419,84283.9065,cpu_stress,productcatalogservice,2026-06-09 16:25:00,2026-06-09 16:40:00,during_fault,0.3186314,0
2026-06-09 16:26:50,410,EXP_FAULT_05,RUN_05,cpu_stress,1,adservice,ad-f05-09,online-boutique,node-a,0.3108,27.1503,0,94.2054,0.002716,38.9122,28.888,65.2195,98.5461,135.4631,91.4025,93.9496,0.1012,0.1547,87467.274,67758.7578,cpu_stress,productcatalogservice,2026-06-09 16:25:00,2026-06-09 16:40:00,during_fault,0.32945368,0
2026-06-09 16:26:55,415,EXP_FAULT_05,RUN_05,cpu_stress,1,adservice,ad-f05-09,online-boutique,node-a,0.2925,27.2621,0,93.8721,0.002766,38.6499,27.3228,74.2717,96.5504,136.0749,91.1251,93.6124,0.1167,0.143,108852.5394,81499.4705,cpu_stress,productcatalogservice,2026-06-09 16:25:00,2026-06-09 16:40:00,during_fault,0.19629452,0
2026-06-09 16:27:00,420,EXP_FAULT_05,RUN_05,cpu_stress,1,adservice,ad-f05-09,online-boutique,node-a,0.3398,27.0013,0,94.4959,0.001888,38.7384,26.6355,73.5303,88.9433,146.5358,91.8393,94.3174,0.0415,0.137,81255.1863,78161.526,cpu_stress,productcatalogservice,2026-06-09 16:25:00,2026-06-09 16:40:00,during_fault,0.8163165,1
2026-06-09 16:27:05,425,EXP_FAULT_05,RUN_05,cpu_stress,1,adservice,ad-f05-09,online-boutique,node-a,0.3346,27.4752,0,92.8393,0.002379,37.573,27.2681,63.1724,95.5071,134.999,90.2075,92.6184,0.1038,0.1171,105759.2303,63838.9871,cpu_stress,productcatalogservice,2026-06-09 16:25:00,2026-06-09 16:40:00,during_fault,0.6141589,1
2026-06-09 16:27:10,430,EXP_FAULT_05,RUN_05,cpu_stress,1,adservice,ad-f05-09,online-boutique,node-a,0.3099,27.0907,0,92.6165,0.002824,34.5962,26.4901,60.6769,80.5188,112.107,89.9837,92.355,0.1288,0.1327,101280.0055,92723.9326,cpu_stress,productcatalogservice,2026-06-09 16:25:00,2026-06-09 16:40:00,during_fault,0.069473885,0
2026-06-09 16:27:15,435,EXP_FAULT_05,RUN_05,cpu_stress,1,adservice,ad-f05-09,online-boutique,node-a,0.3186,27.4865,0,91.3529,0.001717,38.4964,27.4752,66.6767,88.0411,136.8704,88.8022,91.1961,0.0279,0.129,81862.1617,89586.0219,cpu_stress,productcatalogservice,2026-06-09 16:25:00,2026-06-09 16:40:00,during_fault,0.39399093,0
2026-06-09 16:27:20,440,EXP_FAULT_05,RUN_05,cpu_stress,1,adservice,ad-f05-09,online-boutique,node-a,0.3168,27.1631,0,93.3203,0.001879,38.9599,28.7204,73.0935,99.3051,129.6651,90.6766,93.145,0.0264,0.149,113855.794,81783.205,cpu_stress,productcatalogservice,2026-06-09 16:25:00,2026-06-09 16:40:00,during_fault,0.3257905,0
2026-06-09 16:27:25,445,EXP_FAULT_05,RUN_05,cpu_stress,1,adservice,ad-f05-09,online-boutique,node-a,0.3199,26.8238,0,90.3438,0.002701,37.9307,26.3154,72.3908,91.4022,131.31,87.7136,90.0998,0.1183,0.1257,76321.4055,64466.9132,cpu_stress,productcatalogservice,2026-06-09 16:25:00,2026-06-09 16:40:00,during_fault,0.52528864,1
2026-06-09 16:27:30,450,EXP_FAULT_05,RUN_05,cpu_stress,1,adservice,ad-f05-09,online-boutique,node-a,0.3032,27.8501,0,90.2459,0.001791,38.3285,28.9143,68.9419,94.8345,134.0851,87.6084,90.0842,0.0346,0.127,99263.6503,61307.4939,cpu_stress,productcatalogservice,2026-06-09 16:25:00,2026-06-09 16:40:00,during_fault,0.36177555,0
2026-06-09 16:27:35,455,EXP_FAULT_05,RUN_05,cpu_stress,1,adservice,ad-f05-09,online-boutique,node-a,0.3219,27.2997,0,93.3085,0.002492,40.2957,30.6186,75.4184,102.8901,150.9901,90.4493,93.076,0.0887,0.1438,89295.6301,87159.0483,cpu_stress,productcatalogservice,2026-06-09 16:25:00,2026-06-09 16:40:00,during_fault,0.7936238,1
2026-06-09 16:27:40,460,EXP_FAULT_05,RUN_05,cpu_stress,1,adservice,ad-f05-09,online-boutique,node-a,0.2961,27.0226,0,89.5819,0.003207,37.6458,28.013,68.6138,85.1328,126.8899,86.7514,89.2946,0.1423,0.1449,88814.9254,64992.9733,cpu_stress,productcatalogservice,2026-06-09 16:25:00,2026-06-09 16:40:00,during_fault,0.27962333,0
2026-06-09 16:27:45,465,EXP_FAULT_05,RUN_05,cpu_stress,1,adservice,ad-f05-09,online-boutique,node-a,0.3237,26.5156,0,94.0424,0.002359,37.4277,28.9749,63.0087,96.6796,148.3792,91.0054,93.8205,0.0821,0.1397,118543.4626,68362.7979,cpu_stress,productcatalogservice,2026-06-09 16:25:00,2026-06-09 16:40:00,during_fault,0.26115942,0
2026-06-09 16:27:50,470,EXP_FAULT_05,RUN_05,cpu_stress,1,adservice,ad-f05-09,online-boutique,node-a,0.3101,26.9424,0,90.0502,0.002347,40.037,27.1582,70.9875,93.3539,146.0017,87.0277,89.8388,0.0572,0.1542,99492.4477,77982.7681,cpu_stress,productcatalogservice,2026-06-09 16:25:00,2026-06-09 16:40:00,during_fault,0.6569696,1
2026-06-09 16:27:55,475,EXP_FAULT_05,RUN_05,cpu_stress,1,adservice,ad-f05-09,online-boutique,node-a,0.3156,27.3921,0,92.4295,0.00338,41.4177,28.9392,78.8005,98.9194,150.7397,89.1548,92.1171,0.1435,0.1689,103033.1453,90044.0641,cpu_stress,productcatalogservice,2026-06-09 16:25:00,2026-06-09 16:40:00,during_fault,1.3399326,1
2026-06-09 16:28:00,480,EXP_FAULT_05,RUN_05,cpu_stress,1,adservice,ad-f05-09,online-boutique,node-a,0.3061,27.0256,0,89.1618,0.002136,41.8322,29.0475,73.282,107.9381,152.8409,85.9276,88.9714,0.0307,0.1597,105650.9675,58493.2851,cpu_stress,productcatalogservice,2026-06-09 16:25:00,2026-06-09 16:40:00,during_fault,1.0041423,1
2026-06-09 16:28:05,485,EXP_FAULT_05,RUN_05,cpu_stress,1,adservice,ad-f05-09,online-boutique,node-a,0.3279,26.9117,0,93.5362,0.003232,38.2947,25.64,74.3899,90.0178,139.2445,89.9335,93.2339,0.1252,0.1771,86230.0067,67286.2241,cpu_stress,productcatalogservice,2026-06-09 16:25:00,2026-06-09 16:40:00,during_fault,0.7140033,1
2026-06-09 16:28:10,490,EXP_FAULT_05,RUN_05,cpu_stress,1,adservice,ad-f05-09,online-boutique,node-a,0.3073,26.9086,0,91.9778,0.00334,43.7267,33.6239,74.728,117.8172,178.8309,88.3097,91.6706,0.1222,0.1849,92125.7943,82825.6819,cpu_stress,productcatalogservice,2026-06-09 16:25:00,2026-06-09 16:40:00,during_fault,1.5744811,1
2026-06-09 16:28:15,495,EXP_FAULT_05,RUN_05,cpu_stress,1,adservice,ad-f05-09,online-boutique,node-a,0.3296,27.2766,0,93.5157,0.003053,39.1171,26.2024,77.8132,99.9797,168.5608,89.6571,93.2302,0.0962,0.1893,80414.0059,73813.6392,cpu_stress,productcatalogservice,2026-06-09 16:25:00,2026-06-09 16:40:00,during_fault,0.8707918,1
2026-06-09 16:28:20,500,EXP_FAULT_05,RUN_05,cpu_stress,1,adservice,ad-f05-09,online-boutique,node-a,0.3117,27.0909,0,94.9204,0.003091,41.6017,30.1726,82.6344,114.6233,154.7698,90.827,94.627,0.099,0.1943,88778.4948,84902.1729,cpu_stress,productcatalogservice,2026-06-09 16:25:00,2026-06-09 16:40:00,during_fault,0.85533017,1
2026-06-09 16:28:25,505,EXP_FAULT_05,RUN_05,cpu_stress,1,adservice,ad-f05-09,online-boutique,node-a,0.3308,27.4123,0,95.2904,0.003083,42.2488,28.9197,83.682,110.2549,161.1779,91.0379,94.9965,0.0929,0.201,103267.0639,67327.635,cpu_stress,productcatalogservice,2026-06-09 16:25:00,2026-06-09 16:40:00,during_fault,1.5199443,1
2026-06-09 16:28:30,510,EXP_FAULT_05,RUN_05,cpu_stress,1,adservice,ad-f05-09,online-boutique,node-a,0.3193,26.9548,0,95.4821,0.003113,41.9624,30.3729,81.2355,112.3509,176.1909,91.0879,95.1849,0.071,0.2262,92103.5386,63296.4664,cpu_stress,productcatalogservice,2026-06-09 16:25:00,2026-06-09 16:40:00,during_fault,1.0901244,1
2026-06-09 16:28:35,515,EXP_FAULT_05,RUN_05,cpu_stress,1,adservice,ad-f05-09,online-boutique,node-a,0.3248,27.2276,0,95.6933,0.002489,38.7229,25.8926,72.4072,104.8596,167.3334,91.1652,95.4551,0.0305,0.2076,115401.4132,72025.9601,cpu_stress,productcatalogservice,2026-06-09 16:25:00,2026-06-09 16:40:00,during_fault,0.38862264,0
2026-06-09 16:28:40,520,EXP_FAULT_05,RUN_05,cpu_stress,1,adservice,ad-f05-09,online-boutique,node-a,0.3162,26.5998,0,95.145,0.003946,40.792,29.2459,82.1847,104.2786,173.2334,90.405,94.7696,0.1357,0.2398,110395.2072,86565.8508,cpu_stress,productcatalogservice,2026-06-09 16:25:00,2026-06-09 16:40:00,during_fault,0.98570234,1
2026-06-09 16:28:45,525,EXP_FAULT_05,RUN_05,cpu_stress,1,adservice,ad-f05-09,online-boutique,node-a,0.3247,27.1231,0,94.7845,0.003961,41.6819,30.7275,76.3843,105.1161,176.5542,89.9435,94.4091,0.1342,0.2413,100970.3435,78106.0163,cpu_stress,productcatalogservice,2026-06-09 16:25:00,2026-06-09 16:40:00,during_fault,1.7092779,1
2026-06-09 16:28:50,530,EXP_FAULT_05,RUN_05,cpu_stress,1,adservice,ad-f05-09,online-boutique,node-a,0.3319,27.1986,0,94.9099,0.003714,43.0514,28.9151,79.545,110.2146,166.7295,89.994,94.5574,0.1152,0.2373,104146.4887,66328.3706,cpu_stress,productcatalogservice,2026-06-09 16:25:00,2026-06-09 16:40:00,during_fault,2.1549,1
2026-06-09 16:28:55,535,EXP_FAULT_05,RUN_05,cpu_stress,1,adservice,ad-f05-09,online-boutique,node-a,0.3178,27.0829,0,94.0195,0.002876,43.8538,31.2898,78.1021,109.1397,180.2662,89.0972,93.749,0.0332,0.2372,85630.8067,96288.3634,cpu_stress,productcatalogservice,2026-06-09 16:25:00,2026-06-09 16:40:00,during_fault,1.6544054,1
2026-06-09 16:29:00,540,EXP_FAULT_05,RUN_05,cpu_stress,1,adservice,ad-f05-09,online-boutique,node-a,0.3117,26.5065,0,92.4101,0.003582,47.8575,31.3464,86.3749,134.9359,185.8386,87.4666,92.0791,0.0906,0.2404,97398.7273,77871.8069,cpu_stress,productcatalogservice,2026-06-09 16:25:00,2026-06-09 16:40:00,during_fault,3.2592678,1
2026-06-09 16:29:05,545,EXP_FAULT_05,RUN_05,cpu_stress,1,adservice,ad-f05-09,online-boutique,node-a,0.311,26.9499,0,92.8339,0.003803,45.7711,30.6392,89.5458,113.9116,185.5107,87.7658,92.4808,0.0973,0.2558,97359.7819,61322.035,cpu_stress,productcatalogservice,2026-06-09 16:25:00,2026-06-09 16:40:00,during_fault,2.5354924,1
2026-06-09 16:29:10,550,EXP_FAULT_05,RUN_05,cpu_stress,1,adservice,ad-f05-09,online-boutique,node-a,0.3229,26.8927,0,92.2832,0.00416,43.707,28.5956,88.3678,119.1077,170.4505,87.1921,91.8992,0.144,0.2399,76238.1197,85413.6924,cpu_stress,productcatalogservice,2026-06-09 16:25:00,2026-06-09 16:40:00,during_fault,2.5732808,1
2026-06-09 16:29:15,555,EXP_FAULT_05,RUN_05,cpu_stress,1,adservice,ad-f05-09,online-boutique,node-a,0.3227,27.2512,0,93.8571,0.003766,46.0052,32.2666,82.5275,118.9369,189.1891,88.6519,93.5036,0.1101,0.2434,118402.3601,91940.2009,cpu_stress,productcatalogservice,2026-06-09 16:25:00,2026-06-09 16:40:00,during_fault,3.1438985,1
2026-06-09 16:29:20,560,EXP_FAULT_05,RUN_05,cpu_stress,1,adservice,ad-f05-09,online-boutique,node-a,0.316,26.8932,0,87.518,0.003108,41.6048,30.2701,79.6317,112.1925,179.9985,82.6872,87.246,0.0442,0.2278,102938.1188,67682.113,cpu_stress,productcatalogservice,2026-06-09 16:25:00,2026-06-09 16:40:00,during_fault,1.6801653,1
2026-06-09 16:29:25,565,EXP_FAULT_05,RUN_05,cpu_stress,1,adservice,ad-f05-09,online-boutique,node-a,0.3329,27.5355,0,91.6223,0.003349,44.004,29.6239,91.0671,110.1693,193.7768,86.5368,91.3154,0.0464,0.2605,97875.2979,87890.0816,cpu_stress,productcatalogservice,2026-06-09 16:25:00,2026-06-09 16:40:00,during_fault,2.8541706,1
2026-06-09 16:29:30,570,EXP_FAULT_05,RUN_05,cpu_stress,1,adservice,ad-f05-09,online-boutique,node-a,0.3013,27.5341,0,91.5435,0.003682,40.3273,26.9723,74.9064,103.9792,171.6428,86.4697,91.2065,0.0981,0.239,103099.0415,70559.0346,cpu_stress,productcatalogservice,2026-06-09 16:25:00,2026-06-09 16:40:00,during_fault,1.6381896,1
2026-06-09 16:29:35,575,EXP_FAULT_05,RUN_05,cpu_stress,1,adservice,ad-f05-09,online-boutique,node-a,0.3085,27.1653,0,90.076,0.003765,42.9451,32.4809,83.7231,123.9616,192.3243,85.1243,89.7368,0.1072,0.232,94381.5378,85639.4227,cpu_stress,productcatalogservice,2026-06-09 16:25:00,2026-06-09 16:40:00,during_fault,1.8667881,1
2026-06-09 16:29:40,580,EXP_FAULT_05,RUN_05,cpu_stress,1,adservice,ad-f05-09,online-boutique,node-a,0.3309,27.0879,0,87.6677,0.003964,43.8913,29.332,80.1528,109.8492,181.6143,82.8578,87.3203,0.1247,0.2228,86851.3706,59754.0868,cpu_stress,productcatalogservice,2026-06-09 16:25:00,2026-06-09 16:40:00,during_fault,3.703835,1
2026-06-09 16:29:45,585,EXP_FAULT_05,RUN_05,cpu_stress,1,adservice,ad-f05-09,online-boutique,node-a,0.3227,27.0607,0,87.0642,0.002988,41.9997,28.9125,75.0764,120.0907,172.0148,82.4247,86.8041,0.0422,0.2179,85812.2334,73324.3938,cpu_stress,productcatalogservice,2026-06-09 16:25:00,2026-06-09 16:40:00,during_fault,2.1404495,1
2026-06-09 16:29:50,590,EXP_FAULT_05,RUN_05,cpu_stress,1,adservice,ad-f05-09,online-boutique,node-a,0.3062,27.3177,0,88.0383,0.003857,42.2734,28.3483,87.3468,107.2456,162.9849,83.3748,87.6987,0.1157,0.2239,87254.4094,71216.8035,cpu_stress,productcatalogservice,2026-06-09 16:25:00,2026-06-09 16:40:00,during_fault,2.1245942,1
2026-06-09 16:29:55,595,EXP_FAULT_05,RUN_05,cpu_stress,1,adservice,ad-f05-09,online-boutique,node-a,0.3235,27.4821,0,85.1972,0.003191,43.2317,32.3204,79.7464,106.5323,197.1164,80.8044,84.9253,0.0675,0.2044,102920.1759,82074.2387,cpu_stress,productcatalogservice,2026-06-09 16:25:00,2026-06-09 16:40:00,during_fault,3.111885,1
2026-06-09 16:30:00,600,EXP_FAULT_05,RUN_05,cpu_stress,1,adservice,ad-f05-09,online-boutique,node-a,0.3183,27.1357,0,83.7568,0.003694,41.6486,28.0096,83.1888,118.3065,163.948,79.5104,83.4474,0.1075,0.2019,105046.3281,73151.6306,cpu_stress,productcatalogservice,2026-06-09 16:25:00,2026-06-09 16:40:00,during_fault,2.611838,1
2026-06-09 16:30:05,605,EXP_FAULT_05,RUN_05,cpu_stress,1,adservice,ad-f05-09,online-boutique,node-a,0.3054,27.3951,0,84.5242,0.003384,38.5157,26.2259,77.8914,94.4035,160.659,80.3595,84.2381,0.0704,0.2157,94392.8533,82822.3478,cpu_stress,productcatalogservice,2026-06-09 16:25:00,2026-06-09 16:40:00,during_fault,1.4487612,1
2026-06-09 16:30:10,610,EXP_FAULT_05,RUN_05,cpu_stress,1,adservice,ad-f05-09,online-boutique,node-a,0.308,27.6014,0,87.1422,0.003732,42.3819,30.6605,77.2629,110.0744,185.3991,82.9369,86.817,0.1251,0.2001,105638.5775,62047.1191,cpu_stress,productcatalogservice,2026-06-09 16:25:00,2026-06-09 16:40:00,during_fault,2.830736,1
2026-06-09 16:30:15,615,EXP_FAULT_05,RUN_05,cpu_stress,1,adservice,ad-f05-09,online-boutique,node-a,0.3167,26.9441,0,84.0506,0.00314,40.2027,29.927,71.1968,100.2482,171.3365,80.1725,83.7867,0.0715,0.1924,82638.4185,57722.5919,cpu_stress,productcatalogservice,2026-06-09 16:25:00,2026-06-09 16:40:00,during_fault,1.7100109,1
2026-06-09 16:30:20,620,EXP_FAULT_05,RUN_05,cpu_stress,1,adservice,ad-f05-09,online-boutique,node-a,0.3101,27.534,0,85.5355,0.002529,44.3043,29.4938,84.8928,109.8827,180.88,81.7437,85.3192,0.0345,0.1818,80322.4709,76579.868,cpu_stress,productcatalogservice,2026-06-09 16:25:00,2026-06-09 16:40:00,during_fault,2.6394799,1
2026-06-09 16:30:25,625,EXP_FAULT_05,RUN_05,cpu_stress,1,adservice,ad-f05-09,online-boutique,node-a,0.3118,27.2851,0,82.5159,0.002553,40.347,26.6609,80.4075,103.2397,160.9987,78.9757,82.3052,0.0274,0.1833,87589.7426,64650.3979,cpu_stress,productcatalogservice,2026-06-09 16:25:00,2026-06-09 16:40:00,during_fault,1.6473086,1
2026-06-09 16:30:30,630,EXP_FAULT_05,RUN_05,cpu_stress,1,adservice,ad-f05-09,online-boutique,node-a,0.2934,26.9754,0,79.6234,0.002469,40.0844,27.1475,70.1837,102.4611,143.2326,76.3376,79.4268,0.0351,0.1615,66201.0142,64276.9712,cpu_stress,productcatalogservice,2026-06-09 16:25:00,2026-06-09 16:40:00,during_fault,1.2799543,1
2026-06-09 16:30:35,635,EXP_FAULT_05,RUN_05,cpu_stress,1,adservice,ad-f05-09,online-boutique,node-a,0.3218,27.4287,0,84.0738,0.002351,40.5645,28.9993,80.1475,108.6938,149.0342,80.7473,83.8762,0.0322,0.1655,100013.684,72174.3208,cpu_stress,productcatalogservice,2026-06-09 16:25:00,2026-06-09 16:40:00,during_fault,1.8634688,1
2026-06-09 16:30:40,640,EXP_FAULT_05,RUN_05,cpu_stress,1,adservice,ad-f05-09,online-boutique,node-a,0.3164,27.5237,0,81.3621,0.002737,40.4466,31.0702,78.4355,102.3257,156.5172,78.2577,81.1394,0.069,0.1537,93506.8731,68261.6655,cpu_stress,productcatalogservice,2026-06-09 16:25:00,2026-06-09 16:40:00,during_fault,2.1399646,1
2026-06-09 16:30:45,645,EXP_FAULT_05,RUN_05,cpu_stress,1,adservice,ad-f05-09,online-boutique,node-a,0.3273,26.8554,0,82.867,0.002394,40.6141,29.2855,77.7444,102.3824,164.1349,79.8517,82.6686,0.0393,0.1591,97983.6429,68637.9621,cpu_stress,productcatalogservice,2026-06-09 16:25:00,2026-06-09 16:40:00,during_fault,2.2519798,1
2026-06-09 16:30:50,650,EXP_FAULT_05,RUN_05,cpu_stress,1,adservice,ad-f05-09,online-boutique,node-a,0.3198,26.9941,0,80.6444,0.002718,38.3133,27.0005,66.883,88.1665,140.3933,77.7904,80.4253,0.0771,0.1421,98399.7061,70875.4516,cpu_stress,productcatalogservice,2026-06-09 16:25:00,2026-06-09 16:40:00,during_fault,1.5569289,1
2026-06-09 16:30:55,655,EXP_FAULT_05,RUN_05,cpu_stress,1,adservice,ad-f05-09,online-boutique,node-a,0.3259,26.9385,0,82.4913,0.002518,39.3031,26.2021,73.9666,93.503,148.8294,79.7126,82.2836,0.0818,0.1259,88866.2573,82793.8375,cpu_stress,productcatalogservice,2026-06-09 16:25:00,2026-06-09 16:40:00,during_fault,1.8244604,1
2026-06-09 16:31:00,660,EXP_FAULT_05,RUN_05,cpu_stress,1,adservice,ad-f05-09,online-boutique,node-a,0.3102,27.0901,0,84.4588,0.002496,39.8366,28.3018,73.8748,101.0736,145.1028,81.7193,84.248,0.0867,0.1241,80369.6952,86983.8358,cpu_stress,productcatalogservice,2026-06-09 16:25:00,2026-06-09 16:40:00,during_fault,1.1772022,1
2026-06-09 16:31:05,665,EXP_FAULT_05,RUN_05,cpu_stress,1,adservice,ad-f05-09,online-boutique,node-a,0.32,26.3581,0,83.5315,0.002002,38.9676,28.5978,71.7289,89.5121,135.5992,80.9294,83.3643,0.0329,0.1344,83067.6855,75180.3622,cpu_stress,productcatalogservice,2026-06-09 16:25:00,2026-06-09 16:40:00,during_fault,1.3576931,1
2026-06-09 16:31:10,670,EXP_FAULT_05,RUN_05,cpu_stress,1,adservice,ad-f05-09,online-boutique,node-a,0.3053,27.349,0,82.6245,0.001888,40.1593,28.3655,69.1171,90.588,157.3372,80.1412,82.4686,0.0286,0.1273,96609.0765,85900.5149,cpu_stress,productcatalogservice,2026-06-09 16:25:00,2026-06-09 16:40:00,during_fault,1.24382,1
2026-06-09 16:31:15,675,EXP_FAULT_05,RUN_05,cpu_stress,1,adservice,ad-f05-09,online-boutique,node-a,0.3093,27.2699,0,83.7616,0.002468,36.5094,26.5484,68.8809,85.9656,126.8786,81.291,83.5549,0.0821,0.1246,88424.3903,83186.3581,cpu_stress,productcatalogservice,2026-06-09 16:25:00,2026-06-09 16:40:00,during_fault,0.49531108,1
2026-06-09 16:31:20,680,EXP_FAULT_05,RUN_05,cpu_stress,1,adservice,ad-f05-09,online-boutique,node-a,0.3158,27.1105,0,83.1415,0.001927,38.3612,26.8395,66.2923,96.407,137.6373,80.7479,82.9813,0.0278,0.1324,101347.7344,70694.0788,cpu_stress,productcatalogservice,2026-06-09 16:25:00,2026-06-09 16:40:00,during_fault,1.0134295,1
2026-06-09 16:31:25,685,EXP_FAULT_05,RUN_05,cpu_stress,1,adservice,ad-f05-09,online-boutique,node-a,0.3068,26.7291,0,86.1923,0.002021,37.9972,26.3134,72.8713,93.5881,128.442,83.7491,86.0181,0.0538,0.1204,79247.9489,64986.728,cpu_stress,productcatalogservice,2026-06-09 16:25:00,2026-06-09 16:40:00,during_fault,0.48471266,1
2026-06-09 16:31:30,690,EXP_FAULT_05,RUN_05,cpu_stress,1,adservice,ad-f05-09,online-boutique,node-a,0.3211,27.7047,0,86.2107,0.002452,37.7348,27.7644,66.1413,83.4283,144.9501,83.7795,85.9993,0.0897,0.1217,89424.185,70496.4525,cpu_stress,productcatalogservice,2026-06-09 16:25:00,2026-06-09 16:40:00,during_fault,0.88106954,1
2026-06-09 16:31:35,695,EXP_FAULT_05,RUN_05,cpu_stress,1,adservice,ad-f05-09,online-boutique,node-a,0.3213,27.2677,0,86.2866,0.002515,38.4094,29.4993,64.317,83.9079,133.8778,83.8656,86.0696,0.0834,0.1336,102014.2511,79268.2848,cpu_stress,productcatalogservice,2026-06-09 16:25:00,2026-06-09 16:40:00,during_fault,0.9888498,1
2026-06-09 16:31:40,700,EXP_FAULT_05,RUN_05,cpu_stress,1,adservice,ad-f05-09,online-boutique,node-a,0.3286,27.5283,0,84.3632,0.002437,39.2208,28.8075,69.968,92.958,129.2393,81.9942,84.1576,0.0704,0.1352,71513.4898,64703.4426,cpu_stress,productcatalogservice,2026-06-09 16:25:00,2026-06-09 16:40:00,during_fault,1.6724415,1
2026-06-09 16:31:45,705,EXP_FAULT_05,RUN_05,cpu_stress,1,adservice,ad-f05-09,online-boutique,node-a,0.2885,27.6218,0,86.6677,0.001955,36.1883,26.9283,69.4377,86.8497,139.3117,84.2128,86.4983,0.0567,0.1127,104847.9536,80621.4718,cpu_stress,productcatalogservice,2026-06-09 16:25:00,2026-06-09 16:40:00,during_fault,0.26514393,0
2026-06-09 16:31:50,710,EXP_FAULT_05,RUN_05,cpu_stress,1,adservice,ad-f05-09,online-boutique,node-a,0.3244,27.8313,0,85.6173,0.002083,39.286,30.4492,71.6893,99.6716,154.2478,83.162,85.439,0.0552,0.1231,86947.4108,71894.5749,cpu_stress,productcatalogservice,2026-06-09 16:25:00,2026-06-09 16:40:00,during_fault,1.3073651,1
2026-06-09 16:31:55,715,EXP_FAULT_05,RUN_05,cpu_stress,1,adservice,ad-f05-09,online-boutique,node-a,0.2905,26.8653,0,85.4051,0.001895,37.4659,29.1082,67.5905,96.0404,144.9623,82.9078,85.2433,0.0434,0.1184,108264.9487,57287.459,cpu_stress,productcatalogservice,2026-06-09 16:25:00,2026-06-09 16:40:00,during_fault,0.19432281,0
2026-06-09 16:32:00,720,EXP_FAULT_05,RUN_05,cpu_stress,1,adservice,ad-f05-09,online-boutique,node-a,0.3099,27.494,0,85.604,0.003091,38.5237,26.0806,74.2261,88.1051,140.1408,82.9645,85.3394,0.1347,0.1299,92996.2217,69035.1818,cpu_stress,productcatalogservice,2026-06-09 16:25:00,2026-06-09 16:40:00,during_fault,1.2085164,1
2026-06-09 16:32:05,725,EXP_FAULT_05,RUN_05,cpu_stress,1,adservice,ad-f05-09,online-boutique,node-a,0.3127,27.1025,0,85.333,0.002741,40.0792,28.5053,66.7762,96.6105,149.2869,82.659,85.0992,0.1079,0.1259,85334.1203,77186.9855,cpu_stress,productcatalogservice,2026-06-09 16:25:00,2026-06-09 16:40:00,during_fault,1.2848238,1
2026-06-09 16:32:10,730,EXP_FAULT_05,RUN_05,cpu_stress,1,adservice,ad-f05-09,online-boutique,node-a,0.3067,27.7254,0,85.7384,0.002113,39.4193,27.7774,72.8299,97.3635,153.1857,82.9642,85.5572,0.0329,0.1482,81220.1073,70931.8311,cpu_stress,productcatalogservice,2026-06-09 16:25:00,2026-06-09 16:40:00,during_fault,0.94242513,1
2026-06-09 16:32:15,735,EXP_FAULT_05,RUN_05,cpu_stress,1,adservice,ad-f05-09,online-boutique,node-a,0.3153,26.8724,0,84.4604,0.002774,38.718,26.7278,72.7288,95.3476,151.1338,81.5824,84.2261,0.0972,0.1371,90549.761,56628.7541,cpu_stress,productcatalogservice,2026-06-09 16:25:00,2026-06-09 16:40:00,during_fault,1.0856588,1
2026-06-09 16:32:20,740,EXP_FAULT_05,RUN_05,cpu_stress,1,adservice,ad-f05-09,online-boutique,node-a,0.3267,26.4596,0,82.261,0.002183,40.6492,29.8359,71.8141,98.6215,146.6271,79.3798,82.0814,0.0238,0.1558,93232.9762,72795.9823,cpu_stress,productcatalogservice,2026-06-09 16:25:00,2026-06-09 16:40:00,during_fault,2.3440673,1
2026-06-09 16:32:25,745,EXP_FAULT_05,RUN_05,cpu_stress,1,adservice,ad-f05-09,online-boutique,node-a,0.3118,27.6283,0,82.7967,0.002593,38.578,26.0693,75.8362,94.8428,155.6785,79.7787,82.582,0.0601,0.1546,86240.7914,60874.6624,cpu_stress,productcatalogservice,2026-06-09 16:25:00,2026-06-09 16:40:00,during_fault,1.3643175,1
2026-06-09 16:32:30,750,EXP_FAULT_05,RUN_05,cpu_stress,1,adservice,ad-f05-09,online-boutique,node-a,0.3363,27.3587,0,83.4387,0.0029,39.4816,26.9356,77.9626,103.1657,150.7401,80.2539,83.1967,0.0925,0.1494,75286.283,80734.9324,cpu_stress,productcatalogservice,2026-06-09 16:25:00,2026-06-09 16:40:00,during_fault,2.3442497,1
2026-06-09 16:32:35,755,EXP_FAULT_05,RUN_05,cpu_stress,1,adservice,ad-f05-09,online-boutique,node-a,0.3038,26.7503,0,82.877,0.003161,42.5171,30.3747,82.7865,105.8455,181.3438,79.5744,82.615,0.0873,0.1746,68564.1688,54183.8604,cpu_stress,productcatalogservice,2026-06-09 16:25:00,2026-06-09 16:40:00,during_fault,2.1155477,1
2026-06-09 16:32:40,760,EXP_FAULT_05,RUN_05,cpu_stress,1,adservice,ad-f05-09,online-boutique,node-a,0.3277,27.018,0,81.6781,0.002786,41.6603,28.3276,76.0326,101.1044,169.3377,78.3055,81.4506,0.0635,0.164,90710.2076,59639.2195,cpu_stress,productcatalogservice,2026-06-09 16:25:00,2026-06-09 16:40:00,during_fault,3.012473,1
2026-06-09 16:32:45,765,EXP_FAULT_05,RUN_05,cpu_stress,1,adservice,ad-f05-09,online-boutique,node-a,0.3213,27.804,0,83.0364,0.002792,40.3218,29.1132,77.0191,110.1116,146.9698,79.4733,82.8046,0.0438,0.188,100403.4196,76280.8208,cpu_stress,productcatalogservice,2026-06-09 16:25:00,2026-06-09 16:40:00,during_fault,2.3685176,1
2026-06-09 16:32:50,770,EXP_FAULT_05,RUN_05,cpu_stress,1,adservice,ad-f05-09,online-boutique,node-a,0.3015,26.8589,0,81.6307,0.003479,40.2972,26.8645,80.3434,105.6516,165.512,77.9677,81.3468,0.1146,0.1693,77307.929,64429.011,cpu_stress,productcatalogservice,2026-06-09 16:25:00,2026-06-09 16:40:00,during_fault,1.5950358,1
2026-06-09 16:32:55,775,EXP_FAULT_05,RUN_05,cpu_stress,1,adservice,ad-f05-09,online-boutique,node-a,0.3102,26.8329,0,81.8141,0.002694,38.1121,24.9617,71.6188,93.7678,157.7006,78.048,81.5937,0.0312,0.1892,81918.2662,64050.66,cpu_stress,productcatalogservice,2026-06-09 16:25:00,2026-06-09 16:40:00,during_fault,1.0418081,1
2026-06-09 16:33:00,780,EXP_FAULT_05,RUN_05,cpu_stress,1,adservice,ad-f05-09,online-boutique,node-a,0.3223,27.2507,0,82.4424,0.003284,40.58,30.727,78.484,110.3121,150.5964,78.5143,82.1717,0.0894,0.1814,83912.6779,81762.3107,cpu_stress,productcatalogservice,2026-06-09 16:25:00,2026-06-09 16:40:00,during_fault,2.4162626,1
2026-06-09 16:33:05,785,EXP_FAULT_05,RUN_05,cpu_stress,1,adservice,ad-f05-09,online-boutique,node-a,0.3279,27.0832,0,79.6446,0.003458,40.5009,29.9856,79.5153,106.7702,161.7042,75.7064,79.3692,0.09,0.1854,70887.7297,67920.4413,cpu_stress,productcatalogservice,2026-06-09 16:25:00,2026-06-09 16:40:00,during_fault,3.1306217,1
2026-06-09 16:33:10,790,EXP_FAULT_05,RUN_05,cpu_stress,1,adservice,ad-f05-09,online-boutique,node-a,0.3256,27.576,0,79.3346,0.003978,38.4712,25.1388,72.5512,101.9597,149.4156,75.3,79.019,0.1143,0.2013,72173.196,62274.1502,cpu_stress,productcatalogservice,2026-06-09 16:25:00,2026-06-09 16:40:00,during_fault,3.3784919,1
2026-06-09 16:33:15,795,EXP_FAULT_05,RUN_05,cpu_stress,1,adservice,ad-f05-09,online-boutique,node-a,0.3298,27.2031,0,78.8176,0.003132,41.813,29.0214,79.6382,107.1108,177.5844,74.745,78.5707,0.0599,0.187,79935.0597,79980.6703,cpu_stress,productcatalogservice,2026-06-09 16:25:00,2026-06-09 16:40:00,during_fault,3.8699436,1
2026-06-09 16:33:20,800,EXP_FAULT_05,RUN_05,cpu_stress,1,adservice,ad-f05-09,online-boutique,node-a,0.3065,26.9825,0,79.8108,0.003116,40.2492,30.4279,80.4813,110.1064,176.5766,75.6138,79.562,0.0322,0.2165,69395.9085,81666.11,cpu_stress,productcatalogservice,2026-06-09 16:25:00,2026-06-09 16:40:00,during_fault,1.8926255,1
2026-06-09 16:33:25,805,EXP_FAULT_05,RUN_05,cpu_stress,1,adservice,ad-f05-09,online-boutique,node-a,0.3125,27.3744,0,80.7935,0.003663,40.0809,30.252,73.0037,110.3272,168.8337,76.4707,80.4976,0.0728,0.2231,93753.3513,78311.4571,cpu_stress,productcatalogservice,2026-06-09 16:25:00,2026-06-09 16:40:00,during_fault,2.6629815,1
2026-06-09 16:33:30,810,EXP_FAULT_05,RUN_05,cpu_stress,1,adservice,ad-f05-09,online-boutique,node-a,0.3103,26.9898,0,81.1075,0.003583,42.3487,30.1192,79.5126,117.1037,195.0985,76.6895,80.8169,0.0759,0.2147,98007.4526,84338.6879,cpu_stress,productcatalogservice,2026-06-09 16:25:00,2026-06-09 16:40:00,during_fault,2.8249795,1
2026-06-09 16:33:35,815,EXP_FAULT_05,RUN_05,cpu_stress,1,adservice,ad-f05-09,online-boutique,node-a,0.3213,27.1483,0,78.8212,0.003059,40.2167,27.499,73.1345,107.5403,171.8055,74.5083,78.58,0.0376,0.2036,100460.0837,57427.7025,cpu_stress,productcatalogservice,2026-06-09 16:25:00,2026-06-09 16:40:00,during_fault,2.6723378,1
2026-06-09 16:33:40,820,EXP_FAULT_05,RUN_05,cpu_stress,1,adservice,ad-f05-09,online-boutique,node-a,0.3135,26.5719,0,78.5994,0.003639,44.5426,31.198,90.4494,112.7395,198.3809,74.2433,78.3134,0.0748,0.2112,94690.0583,81044.9625,cpu_stress,productcatalogservice,2026-06-09 16:25:00,2026-06-09 16:40:00,during_fault,4.423751,1
2026-06-09 16:33:45,825,EXP_FAULT_05,RUN_05,cpu_stress,1,adservice,ad-f05-09,online-boutique,node-a,0.3132,26.9668,0,79.7869,0.004182,39.8476,28.8927,78.0223,101.269,164.7514,75.312,79.4532,0.1128,0.2208,96573.6584,52568.6874,cpu_stress,productcatalogservice,2026-06-09 16:25:00,2026-06-09 16:40:00,during_fault,2.5079007,1
2026-06-09 16:33:50,830,EXP_FAULT_05,RUN_05,cpu_stress,1,adservice,ad-f05-09,online-boutique,node-a,0.2909,27.4219,0,80.5547,0.002937,41.5924,31.1456,74.2022,108.1972,179.3201,76.1037,80.3181,0.0329,0.2037,93242.1558,56832.577,cpu_stress,productcatalogservice,2026-06-09 16:25:00,2026-06-09 16:40:00,during_fault,2.2220218,1
2026-06-09 16:33:55,835,EXP_FAULT_05,RUN_05,cpu_stress,1,adservice,ad-f05-09,online-boutique,node-a,0.3032,27.7532,0,78.836,0.003796,40.5324,27.0684,79.8105,114.9738,181.9281,74.4628,78.5367,0.0811,0.2182,69278.9159,58582.1746,cpu_stress,productcatalogservice,2026-06-09 16:25:00,2026-06-09 16:40:00,during_fault,4.5310855,1
2026-06-09 16:34:00,840,EXP_FAULT_05,RUN_05,cpu_stress,1,adservice,ad-f05-09,online-boutique,node-a,0.3286,26.4954,0,79.665,0.003193,43.3556,28.3252,77.5186,124.996,173.3312,75.3044,79.4106,0.0379,0.2165,99332.48,55556.3558,cpu_stress,productcatalogservice,2026-06-09 16:25:00,2026-06-09 16:40:00,during_fault,4.3691425,1
2026-06-09 16:34:05,845,EXP_FAULT_05,RUN_05,cpu_stress,1,adservice,ad-f05-09,online-boutique,node-a,0.3088,27.7305,0,83.893,0.004028,42.3849,31.0788,86.0119,111.426,169.6868,79.328,83.555,0.1057,0.2322,83276.7094,74903.1907,cpu_stress,productcatalogservice,2026-06-09 16:25:00,2026-06-09 16:40:00,during_fault,4.3520575,1
2026-06-09 16:34:10,850,EXP_FAULT_05,RUN_05,cpu_stress,1,adservice,ad-f05-09,online-boutique,node-a,0.312,26.6496,0,81.1102,0.003628,46.4446,32.1607,94.7657,130.9707,182.9677,76.7578,80.816,0.0724,0.2218,73160.01,73048.2157,cpu_stress,productcatalogservice,2026-06-09 16:25:00,2026-06-09 16:40:00,during_fault,4.8002105,1
2026-06-09 16:34:15,855,EXP_FAULT_05,RUN_05,cpu_stress,1,adservice,ad-f05-09,online-boutique,node-a,0.3099,27.8059,0,80.8119,0.002743,42.1565,31.0201,80.9108,118.2934,165.5623,76.5849,80.5902,0.0248,0.1968,75551.5217,68111.5884,cpu_stress,productcatalogservice,2026-06-09 16:25:00,2026-06-09 16:40:00,during_fault,3.127547,1
2026-06-09 16:34:20,860,EXP_FAULT_05,RUN_05,cpu_stress,1,adservice,ad-f05-09,online-boutique,node-a,0.3158,28.209,0,82.5683,0.003508,41.2671,29.9277,76.5795,116.8127,169.2246,78.2942,82.2786,0.0874,0.2023,73238.2446,79092.1693,cpu_stress,productcatalogservice,2026-06-09 16:25:00,2026-06-09 16:40:00,during_fault,5.021682,1
2026-06-09 16:34:25,865,EXP_FAULT_05,RUN_05,cpu_stress,1,adservice,ad-f05-09,online-boutique,node-a,0.3096,27.4056,0,84.0851,0.002985,42.7752,31.954,75.3369,121.6094,169.6988,79.8489,83.8341,0.057,0.194,81071.5329,75683.5687,cpu_stress,productcatalogservice,2026-06-09 16:25:00,2026-06-09 16:40:00,during_fault,2.3673394,1
2026-06-09 16:34:30,870,EXP_FAULT_05,RUN_05,cpu_stress,1,adservice,ad-f05-09,online-boutique,node-a,0.3246,27.1456,0,81.2239,0.003732,38.9921,28.7161,78.6243,109.1329,148.7471,77.201,80.9208,0.1025,0.2006,82304.6583,71499.9402,cpu_stress,productcatalogservice,2026-06-09 16:25:00,2026-06-09 16:40:00,during_fault,2.2882953,1
2026-06-09 16:34:35,875,EXP_FAULT_05,RUN_05,cpu_stress,1,adservice,ad-f05-09,online-boutique,node-a,0.3235,27.5875,0,84.1781,0.003309,41.2048,30.9399,73.4707,112.7196,167.7983,80.1713,83.8996,0.0798,0.1987,84499.689,81112.3725,cpu_stress,productcatalogservice,2026-06-09 16:25:00,2026-06-09 16:40:00,during_fault,2.5779686,1
2026-06-09 16:34:40,880,EXP_FAULT_05,RUN_05,cpu_stress,1,adservice,ad-f05-09,online-boutique,node-a,0.3237,27.4671,0,81.9592,0.00301,40.8941,28.9437,82.2864,113.4082,174.1346,78.1767,81.7125,0.05,0.1967,95285.3353,70344.7923,cpu_stress,productcatalogservice,2026-06-09 16:25:00,2026-06-09 16:40:00,during_fault,2.596786,1
2026-06-09 16:34:45,885,EXP_FAULT_05,RUN_05,cpu_stress,1,adservice,ad-f05-09,online-boutique,node-a,0.3206,26.8022,0,86.5898,0.00327,40.6398,27.7933,81.2364,108.6942,159.3767,82.7336,86.3066,0.0981,0.1851,101031.9819,80780.4782,cpu_stress,productcatalogservice,2026-06-09 16:25:00,2026-06-09 16:40:00,during_fault,1.7060497,1
2026-06-09 16:34:50,890,EXP_FAULT_05,RUN_05,cpu_stress,1,adservice,ad-f05-09,online-boutique,node-a,0.3324,27.3078,0,83.0221,0.002647,41.57,31.1063,83.3586,103.031,164.7851,79.4716,82.8023,0.0401,0.1797,85541.8708,59816.672,cpu_stress,productcatalogservice,2026-06-09 16:25:00,2026-06-09 16:40:00,during_fault,2.9839292,1
2026-06-09 16:34:55,895,EXP_FAULT_05,RUN_05,cpu_stress,1,adservice,ad-f05-09,online-boutique,node-a,0.3053,27.3065,0,85.3276,0.002869,40.292,30.1796,77.5807,99.2413,157.6046,81.8128,85.0828,0.0662,0.1786,99902.2391,76997.1188,cpu_stress,productcatalogservice,2026-06-09 16:25:00,2026-06-09 16:40:00,during_fault,1.2030897,1
2026-06-09 16:35:00,900,EXP_FAULT_05,RUN_05,cpu_stress,1,adservice,ad-f05-09,online-boutique,node-a,0.3132,27.1817,0,83.789,0.003412,42.0984,31.6527,75.0202,109.2544,174.2442,80.415,83.5031,0.1318,0.1541,87218.8966,73025.5711,cpu_stress,productcatalogservice,2026-06-09 16:25:00,2026-06-09 16:40:00,during_fault,2.424785,1
2026-06-09 16:35:05,905,EXP_FAULT_05,RUN_05,cpu_stress,1,adservice,ad-f05-09,online-boutique,node-a,0.3133,27.439,0,83.1376,0.003613,40.7631,28.2452,71.4043,98.4256,168.0816,79.9512,82.8373,0.1321,0.1683,104630.3953,62326.6738,cpu_stress,productcatalogservice,2026-06-09 16:25:00,2026-06-09 16:40:00,during_fault,2.5294652,1
2026-06-09 16:35:10,910,EXP_FAULT_05,RUN_05,cpu_stress,1,adservice,ad-f05-09,online-boutique,node-a,0.3351,27.4786,0,84.545,0.002323,38.9172,27.6844,67.0264,99.4071,155.397,81.4563,84.3486,0.0329,0.1635,101436.7192,82057.7727,cpu_stress,productcatalogservice,2026-06-09 16:25:00,2026-06-09 16:40:00,during_fault,1.776967,1
2026-06-09 16:35:15,915,EXP_FAULT_05,RUN_05,cpu_stress,1,adservice,ad-f05-09,online-boutique,node-a,0.3194,27.7033,0,87.4382,0.002323,37.8752,28.3017,67.0316,99.9218,153.8703,84.38,87.2351,0.044,0.159,109962.2002,69592.4169,cpu_stress,productcatalogservice,2026-06-09 16:25:00,2026-06-09 16:40:00,during_fault,0.7100092,1
2026-06-09 16:35:20,920,EXP_FAULT_05,RUN_05,cpu_stress,1,adservice,ad-f05-09,online-boutique,node-a,0.3022,27.2773,0,86.5092,0.002132,39.9281,27.5269,68.394,99.4265,137.1641,83.6026,86.3248,0.0306,0.1538,80321.0884,69958.3498,cpu_stress,productcatalogservice,2026-06-09 16:25:00,2026-06-09 16:40:00,during_fault,0.7507057,1
2026-06-09 16:35:25,925,EXP_FAULT_05,RUN_05,cpu_stress,1,adservice,ad-f05-09,online-boutique,node-a,0.3161,27.7467,0,86.6094,0.002028,39.8882,27.9369,75.7058,92.0325,145.8301,83.8211,86.4338,0.0423,0.1333,101727.491,57531.9541,cpu_stress,productcatalogservice,2026-06-09 16:25:00,2026-06-09 16:40:00,during_fault,1.1079388,1
2026-06-09 16:35:30,930,EXP_FAULT_05,RUN_05,cpu_stress,1,adservice,ad-f05-09,online-boutique,node-a,0.3024,27.7819,0,86.7585,0.002657,40.9544,27.3168,78.8018,94.2314,154.1594,84.0227,86.528,0.0839,0.1466,107655.775,76204.3833,cpu_stress,productcatalogservice,2026-06-09 16:25:00,2026-06-09 16:40:00,during_fault,1.6187801,1
2026-06-09 16:35:35,935,EXP_FAULT_05,RUN_05,cpu_stress,1,adservice,ad-f05-09,online-boutique,node-a,0.3178,26.8396,0,86.622,0.002931,38.9688,26.1848,74.8408,88.9093,154.2542,83.9766,86.3681,0.1338,0.1201,93637.8546,59831.2855,cpu_stress,productcatalogservice,2026-06-09 16:25:00,2026-06-09 16:40:00,during_fault,1.0393243,1
2026-06-09 16:35:40,940,EXP_FAULT_05,RUN_05,cpu_stress,1,adservice,ad-f05-09,online-boutique,node-a,0.3342,27.7202,0,84.7089,0.002267,39.3868,26.5229,68.7214,95.5979,131.1287,82.2089,84.5168,0.0507,0.1413,83684.1083,55618.9636,cpu_stress,productcatalogservice,2026-06-09 16:25:00,2026-06-09 16:40:00,during_fault,1.8740406,1
2026-06-09 16:35:45,945,EXP_FAULT_05,RUN_05,cpu_stress,1,adservice,ad-f05-09,online-boutique,node-a,0.3197,27.3751,0,83.5493,0.002986,38.0572,26.67,66.984,93.556,134.7337,81.0822,83.2999,0.1203,0.1292,79502.5829,76573.9707,cpu_stress,productcatalogservice,2026-06-09 16:25:00,2026-06-09 16:40:00,during_fault,1.271322,1
2026-06-09 16:35:50,950,EXP_FAULT_05,RUN_05,cpu_stress,1,adservice,ad-f05-09,online-boutique,node-a,0.3181,27.3733,0,82.9458,0.002093,38.8245,29.4685,68.7716,87.8085,126.4422,80.5838,82.7722,0.0656,0.108,104581.3955,54902.0688,cpu_stress,productcatalogservice,2026-06-09 16:25:00,2026-06-09 16:40:00,during_fault,1.2696532,1
2026-06-09 16:35:55,955,EXP_FAULT_05,RUN_05,cpu_stress,1,adservice,ad-f05-09,online-boutique,node-a,0.3254,27.2657,0,88.964,0.002267,36.6703,26.8815,65.3343,85.9681,131.5899,86.4749,88.7623,0.0604,0.1413,76452.2099,70409.2483,cpu_stress,productcatalogservice,2026-06-09 16:25:00,2026-06-09 16:40:00,during_fault,0.4628659,1
2026-06-09 16:36:00,960,EXP_FAULT_05,RUN_05,cpu_stress,1,adservice,ad-f05-09,online-boutique,node-a,0.3297,27.592,0,84.554,0.00237,34.0112,23.3747,57.8141,78.2731,111.6606,82.1817,84.3536,0.0924,0.1079,85590.9597,72359.0556,cpu_stress,productcatalogservice,2026-06-09 16:25:00,2026-06-09 16:40:00,during_fault,0.47580665,1
2026-06-09 16:36:05,965,EXP_FAULT_05,RUN_05,cpu_stress,1,adservice,ad-f05-09,online-boutique,node-a,0.3098,28.3494,0,86.0176,0.001598,36.1209,27.6478,65.1045,88.1999,131.7359,83.6244,85.8801,0.0281,0.1094,78489.2009,58292.0375,cpu_stress,productcatalogservice,2026-06-09 16:25:00,2026-06-09 16:40:00,during_fault,0.7772652,1
2026-06-09 16:36:10,970,EXP_FAULT_05,RUN_05,cpu_stress,1,adservice,ad-f05-09,online-boutique,node-a,0.3144,26.9681,0,82.8875,0.002819,37.3248,28.0561,64.0074,90.9219,125.0401,80.5298,82.6538,0.1014,0.1323,79713.4862,82713.2944,cpu_stress,productcatalogservice,2026-06-09 16:25:00,2026-06-09 16:40:00,during_fault,0.8899436,1
2026-06-09 16:36:15,975,EXP_FAULT_05,RUN_05,cpu_stress,1,adservice,ad-f05-09,online-boutique,node-a,0.3156,27.4006,0,84.6586,0.001823,39.7664,27.6326,74.4307,100.668,148.8807,82.2253,84.5042,0.0371,0.1173,102154.4368,84735.7854,cpu_stress,productcatalogservice,2026-06-09 16:25:00,2026-06-09 16:40:00,during_fault,1.2024491,1
2026-06-09 16:36:20,980,EXP_FAULT_05,RUN_05,cpu_stress,1,adservice,ad-f05-09,online-boutique,node-a,0.3104,27.1122,0,82.0615,0.002248,36.5074,28.1134,65.1076,85.0383,121.8825,79.6453,81.8771,0.0674,0.1171,88559.5378,55161.4719,cpu_stress,productcatalogservice,2026-06-09 16:25:00,2026-06-09 16:40:00,during_fault,0.61155754,1
2026-06-09 16:36:25,985,EXP_FAULT_05,RUN_05,cpu_stress,1,adservice,ad-f05-09,online-boutique,node-a,0.3221,26.8377,0,81.3156,0.002536,39.4191,30.1461,72.833,101.6739,137.8185,78.8556,81.1094,0.0886,0.1176,97652.9052,64062.9629,cpu_stress,productcatalogservice,2026-06-09 16:25:00,2026-06-09 16:40:00,during_fault,1.8809755,1
2026-06-09 16:36:30,990,EXP_FAULT_05,RUN_05,cpu_stress,1,adservice,ad-f05-09,online-boutique,node-a,0.3145,27.299,0,84.1689,0.002162,42.3512,31.8448,73.5846,94.2014,157.8429,81.5342,83.9869,0.0577,0.1243,92020.6545,70171.5542,cpu_stress,productcatalogservice,2026-06-09 16:25:00,2026-06-09 16:40:00,during_fault,2.1118486,1
2026-06-09 16:36:35,995,EXP_FAULT_05,RUN_05,cpu_stress,1,adservice,ad-f05-09,online-boutique,node-a,0.3127,27.555,0,83.079,0.001869,39.9178,30.9346,74.1344,98.8441,154.0986,80.4042,82.9237,0.0219,0.1334,102364.0972,80285.5959,cpu_stress,productcatalogservice,2026-06-09 16:25:00,2026-06-09 16:40:00,during_fault,1.3594887,1
2026-06-09 16:36:40,1000,EXP_FAULT_05,RUN_05,cpu_stress,1,adservice,ad-f05-09,online-boutique,node-a,0.3247,27.2102,0,85.3058,0.003128,42.3377,31.1545,71.1572,95.4134,149.2995,82.4052,85.0389,0.1135,0.1534,85711.3546,55810.0262,cpu_stress,productcatalogservice,2026-06-09 16:25:00,2026-06-09 16:40:00,during_fault,2.702784,1
2026-06-09 16:36:45,1005,EXP_FAULT_05,RUN_05,cpu_stress,1,adservice,ad-f05-09,online-boutique,node-a,0.3037,26.9365,0,85.6936,0.002121,42.4486,30.823,74.1699,98.6648,169.6985,82.6946,85.5118,0.0368,0.1449,84723.7206,84819.4633,cpu_stress,productcatalogservice,2026-06-09 16:25:00,2026-06-09 16:40:00,during_fault,1.5169932,1
2026-06-09 16:36:50,1010,EXP_FAULT_05,RUN_05,cpu_stress,1,adservice,ad-f05-09,online-boutique,node-a,0.3217,26.8888,0,84.4452,0.002223,38.5638,28.6978,67.6524,97.5069,137.6927,81.3707,84.2575,0.0438,0.1439,84646.7997,71902.0973,cpu_stress,productcatalogservice,2026-06-09 16:25:00,2026-06-09 16:40:00,during_fault,1.1484029,1
2026-06-09 16:36:55,1015,EXP_FAULT_05,RUN_05,cpu_stress,1,adservice,ad-f05-09,online-boutique,node-a,0.3038,27.3431,0,85.2017,0.003492,40.265,26.8769,79.1243,108.347,143.1813,81.9406,84.9041,0.1298,0.1677,96705.6041,85766.6194,cpu_stress,productcatalogservice,2026-06-09 16:25:00,2026-06-09 16:40:00,during_fault,1.7043616,1
2026-06-09 16:37:00,1020,EXP_FAULT_05,RUN_05,cpu_stress,1,adservice,ad-f05-09,online-boutique,node-a,0.3181,26.6845,0,84.8301,0.002533,41.4008,27.4997,71.8292,106.5946,166.0668,81.4766,84.6152,0.0602,0.1547,84426.5898,68358.973,cpu_stress,productcatalogservice,2026-06-09 16:25:00,2026-06-09 16:40:00,during_fault,1.891292,1
2026-06-09 16:37:05,1025,EXP_FAULT_05,RUN_05,cpu_stress,1,adservice,ad-f05-09,online-boutique,node-a,0.3213,27.1462,0,83.3967,0.003168,41.3124,28.1881,77.9883,97.4076,156.6533,79.9437,83.1325,0.0944,0.1698,79032.0965,69637.532,cpu_stress,productcatalogservice,2026-06-09 16:25:00,2026-06-09 16:40:00,during_fault,2.4316196,1
2026-06-09 16:37:10,1030,EXP_FAULT_05,RUN_05,cpu_stress,1,adservice,ad-f05-09,online-boutique,node-a,0.2977,27.369,0,85.0632,0.003548,37.7405,25.6697,69.4537,95.0889,152.4578,81.4042,84.7614,0.1281,0.1736,71234.4683,60192.5489,cpu_stress,productcatalogservice,2026-06-09 16:25:00,2026-06-09 16:40:00,during_fault,1.4644779,1
2026-06-09 16:37:15,1035,EXP_FAULT_05,RUN_05,cpu_stress,1,adservice,ad-f05-09,online-boutique,node-a,0.3122,26.7536,0,84.1702,0.003839,43.6223,30.1096,85.3899,119.3913,172.713,80.3817,83.8471,0.1252,0.1979,75509.4597,56630.0601,cpu_stress,productcatalogservice,2026-06-09 16:25:00,2026-06-09 16:40:00,during_fault,3.003383,1
2026-06-09 16:37:20,1040,EXP_FAULT_05,RUN_05,cpu_stress,1,adservice,ad-f05-09,online-boutique,node-a,0.3132,27.6651,0,89.805,0.002734,40.2229,27.629,77.4324,111.2562,155.3543,85.6729,89.5595,0.0298,0.2157,109510.6838,73868.066,cpu_stress,productcatalogservice,2026-06-09 16:25:00,2026-06-09 16:40:00,during_fault,1.084626,1
2026-06-09 16:37:25,1045,EXP_FAULT_05,RUN_05,cpu_stress,1,adservice,ad-f05-09,online-boutique,node-a,0.3329,27.2938,0,84.5836,0.003178,43.0635,28.6061,81.2047,109.9285,188.5117,80.563,84.3148,0.0863,0.1825,74222.1544,86933.3737,cpu_stress,productcatalogservice,2026-06-09 16:25:00,2026-06-09 16:40:00,during_fault,3.6042182,1
2026-06-09 16:37:30,1050,EXP_FAULT_05,RUN_05,cpu_stress,1,adservice,ad-f05-09,online-boutique,node-a,0.3277,27.4154,0,91.1755,0.003692,41.4297,28.0609,76.6203,101.0225,177.7901,86.6614,90.8389,0.116,0.2206,82375.0166,85059.2365,cpu_stress,productcatalogservice,2026-06-09 16:25:00,2026-06-09 16:40:00,during_fault,2.0220497,1
2026-06-09 16:37:35,1055,EXP_FAULT_05,RUN_05,cpu_stress,1,adservice,ad-f05-09,online-boutique,node-a,0.3141,27.8577,0,88.1346,0.00318,44.4274,31.6355,81.2731,108.7851,174.2863,83.6996,87.8543,0.0647,0.2156,89965.986,90001.0649,cpu_stress,productcatalogservice,2026-06-09 16:25:00,2026-06-09 16:40:00,during_fault,3.2172475,1
2026-06-09 16:37:40,1060,EXP_FAULT_05,RUN_05,cpu_stress,1,adservice,ad-f05-09,online-boutique,node-a,0.3282,27.1205,0,91.1654,0.002717,44.7369,30.7779,91.345,128.3651,191.2812,86.4935,90.9177,0.0314,0.2163,95347.0612,63676.8606,cpu_stress,productcatalogservice,2026-06-09 16:25:00,2026-06-09 16:40:00,during_fault,2.7206528,1
2026-06-09 16:37:45,1065,EXP_FAULT_05,RUN_05,cpu_stress,1,adservice,ad-f05-09,online-boutique,node-a,0.31,27.1557,0,90.7943,0.003047,42.6211,28.977,77.8712,121.9811,188.0717,86.0137,90.5177,0.0544,0.2223,105455.7193,75605.0085,cpu_stress,productcatalogservice,2026-06-09 16:25:00,2026-06-09 16:40:00,during_fault,1.4183503,1
2026-06-09 16:37:50,1070,EXP_FAULT_05,RUN_05,cpu_stress,1,adservice,ad-f05-09,online-boutique,node-a,0.3283,27.3444,0,90.8162,0.002848,42.8692,30.4564,76.5212,118.3302,194.3165,85.9764,90.5575,0.0376,0.2211,81247.2351,63378.2375,cpu_stress,productcatalogservice,2026-06-09 16:25:00,2026-06-09 16:40:00,during_fault,2.1312919,1
2026-06-09 16:37:55,1075,EXP_FAULT_05,RUN_05,cpu_stress,1,adservice,ad-f05-09,online-boutique,node-a,0.3086,27.9642,0,92.112,0.004103,44.1833,30.6239,87.8962,128.2788,197.9988,87.0558,91.7341,0.1421,0.2358,109865.922,78893.319,cpu_stress,productcatalogservice,2026-06-09 16:25:00,2026-06-09 16:40:00,during_fault,4.3356805,1
2026-06-09 16:38:00,1080,EXP_FAULT_05,RUN_05,cpu_stress,1,adservice,ad-f05-09,online-boutique,node-a,0.3319,27.0593,0,93.0313,0.003335,43.7055,30.5409,83.6127,112.8543,200.331,87.9161,92.721,0.0724,0.2379,87382.9517,95530.18,cpu_stress,productcatalogservice,2026-06-09 16:25:00,2026-06-09 16:40:00,during_fault,2.451993,1
2026-06-09 16:38:05,1085,EXP_FAULT_05,RUN_05,cpu_stress,1,adservice,ad-f05-09,online-boutique,node-a,0.3362,26.9876,0,95.0263,0.003943,44.1999,32.1638,88.7534,114.5017,195.1778,89.7634,94.6517,0.1301,0.2446,111185.2044,95229.0016,cpu_stress,productcatalogservice,2026-06-09 16:25:00,2026-06-09 16:40:00,during_fault,2.8349316,1
2026-06-09 16:38:10,1090,EXP_FAULT_05,RUN_05,cpu_stress,1,adservice,ad-f05-09,online-boutique,node-a,0.3396,27.2549,0,91.9754,0.002849,44.0232,32.9309,79.3457,128.4128,183.1538,86.8996,91.7134,0.0265,0.2355,77299.6704,62555.9356,cpu_stress,productcatalogservice,2026-06-09 16:25:00,2026-06-09 16:40:00,during_fault,2.9039412,1
2026-06-09 16:38:15,1095,EXP_FAULT_05,RUN_05,cpu_stress,1,adservice,ad-f05-09,online-boutique,node-a,0.3385,26.9722,0,93.9506,0.003777,40.5222,29.8748,80.6358,111.4502,188.6484,88.707,93.5958,0.1168,0.238,110811.7268,71377.3218,cpu_stress,productcatalogservice,2026-06-09 16:25:00,2026-06-09 16:40:00,during_fault,1.7674987,1
2026-06-09 16:38:20,1100,EXP_FAULT_05,RUN_05,cpu_stress,1,adservice,ad-f05-09,online-boutique,node-a,0.3249,27.1934,0,90.5813,0.003558,44.6217,33.5972,79.8021,121.9295,190.8978,85.5678,90.259,0.0721,0.2501,88676.617,91152.5058,cpu_stress,productcatalogservice,2026-06-09 16:25:00,2026-06-09 16:40:00,during_fault,3.0324485,1
2026-06-09 16:38:25,1105,EXP_FAULT_05,RUN_05,cpu_stress,1,adservice,ad-f05-09,online-boutique,node-a,0.342,27.0616,0,95.3595,0.004168,44.9387,31.9757,90.0203,117.3219,206.1764,90.1051,94.9621,0.1292,0.2682,99924.1345,90525.6815,cpu_stress,productcatalogservice,2026-06-09 16:25:00,2026-06-09 16:40:00,during_fault,3.481528,1
2026-06-09 16:38:30,1110,EXP_FAULT_05,RUN_05,cpu_stress,1,adservice,ad-f05-09,online-boutique,node-a,0.3329,26.8546,0,92.5604,0.003395,42.2292,30.6191,77.1144,121.3963,170.3936,87.5251,92.2461,0.0631,0.2512,112899.4127,79463.8933,cpu_stress,productcatalogservice,2026-06-09 16:25:00,2026-06-09 16:40:00,during_fault,2.058172,1
2026-06-09 16:38:35,1115,EXP_FAULT_05,RUN_05,cpu_stress,1,adservice,ad-f05-09,online-boutique,node-a,0.3348,27.3958,0,99.2597,0.003058,45.1581,30.6981,80.4229,122.6608,178.3605,93.9577,98.9561,0.0458,0.2577,89542.3946,72618.95,cpu_stress,productcatalogservice,2026-06-09 16:25:00,2026-06-09 16:40:00,during_fault,2.0747533,1
2026-06-09 16:38:40,1120,EXP_FAULT_05,RUN_05,cpu_stress,1,adservice,ad-f05-09,online-boutique,node-a,0.3139,27.228,0,93.1127,0.004172,43.7906,33.1717,87.6573,123.9484,177.9455,88.152,92.7242,0.147,0.2415,112775.836,65914.9425,cpu_stress,productcatalogservice,2026-06-09 16:25:00,2026-06-09 16:40:00,during_fault,2.2823296,1
2026-06-09 16:38:45,1125,EXP_FAULT_05,RUN_05,cpu_stress,1,adservice,ad-f05-09,online-boutique,node-a,0.3142,27.5259,0,94.5837,0.002944,44.3574,30.0338,80.4792,111.0848,190.7878,89.7182,94.3052,0.0289,0.2495,114154.1576,63788.4714,cpu_stress,productcatalogservice,2026-06-09 16:25:00,2026-06-09 16:40:00,during_fault,1.701083,1
2026-06-09 16:38:50,1130,EXP_FAULT_05,RUN_05,cpu_stress,1,adservice,ad-f05-09,online-boutique,node-a,0.3226,27.0027,0,90.6465,0.003887,40.3792,26.3257,78.3377,109.1692,179.901,86.0254,90.2942,0.145,0.2073,113584.4158,91311.2929,cpu_stress,productcatalogservice,2026-06-09 16:25:00,2026-06-09 16:40:00,during_fault,1.5637738,1
2026-06-09 16:38:55,1135,EXP_FAULT_05,RUN_05,cpu_stress,1,adservice,ad-f05-09,online-boutique,node-a,0.3114,27.4332,0,94.2949,0.003967,42.3606,29.0292,78.7325,106.4253,159.217,89.5965,93.9208,0.1356,0.2385,117875.9654,88218.955,cpu_stress,productcatalogservice,2026-06-09 16:25:00,2026-06-09 16:40:00,during_fault,1.7267822,1
2026-06-09 16:39:00,1140,EXP_FAULT_05,RUN_05,cpu_stress,1,adservice,ad-f05-09,online-boutique,node-a,0.3135,26.5642,0,92.1409,0.003678,40.8738,30.9326,82.5409,114.3408,163.7174,87.7314,91.802,0.118,0.2209,97328.9703,93533.535,cpu_stress,productcatalogservice,2026-06-09 16:25:00,2026-06-09 16:40:00,during_fault,1.0505887,1
2026-06-09 16:39:05,1145,EXP_FAULT_05,RUN_05,cpu_stress,1,adservice,ad-f05-09,online-boutique,node-a,0.3297,26.6137,0,92.9407,0.002923,43.3194,33.1792,80.7574,104.4802,177.2592,88.656,92.669,0.0584,0.2132,116302.9056,62359.1414,cpu_stress,productcatalogservice,2026-06-09 16:25:00,2026-06-09 16:40:00,during_fault,2.02574,1
2026-06-09 16:39:10,1150,EXP_FAULT_05,RUN_05,cpu_stress,1,adservice,ad-f05-09,online-boutique,node-a,0.3382,27.1291,0,96.2248,0.002677,42.3432,28.1602,76.0089,101.5307,172.6262,91.9502,95.9672,0.0423,0.2153,106976.2661,69845.311,cpu_stress,productcatalogservice,2026-06-09 16:25:00,2026-06-09 16:40:00,during_fault,1.557331,1
2026-06-09 16:39:15,1155,EXP_FAULT_05,RUN_05,cpu_stress,1,adservice,ad-f05-09,online-boutique,node-a,0.2984,27.8175,0,89.4532,0.003835,44.5777,30.493,77.3437,115.2944,189.9604,85.5485,89.1101,0.1399,0.2031,94175.5628,83183.7442,cpu_stress,productcatalogservice,2026-06-09 16:25:00,2026-06-09 16:40:00,during_fault,3.8967,1
2026-06-09 16:39:20,1160,EXP_FAULT_05,RUN_05,cpu_stress,1,adservice,ad-f05-09,online-boutique,node-a,0.3216,27.2297,0,90.267,0.002721,42.8656,29.0074,74.9955,116.4322,166.2126,86.5337,90.0214,0.0617,0.1839,113682.2942,89670.7702,cpu_stress,productcatalogservice,2026-06-09 16:25:00,2026-06-09 16:40:00,during_fault,1.9088681,1
2026-06-09 16:39:25,1165,EXP_FAULT_05,RUN_05,cpu_stress,1,adservice,ad-f05-09,online-boutique,node-a,0.3012,27.6092,0,87.6994,0.002587,39.7332,29.5454,68.5197,102.5805,149.5892,84.2316,87.4725,0.0484,0.1784,82708.2693,68598.9592,cpu_stress,productcatalogservice,2026-06-09 16:25:00,2026-06-09 16:40:00,during_fault,0.9251332,1
2026-06-09 16:39:30,1170,EXP_FAULT_05,RUN_05,cpu_stress,1,adservice,ad-f05-09,online-boutique,node-a,0.3207,27.7097,0,91.6835,0.002722,42.3362,29.9292,81.9735,112.2905,173.8219,88.1889,91.4339,0.073,0.1766,99946.5319,88629.0818,cpu_stress,productcatalogservice,2026-06-09 16:25:00,2026-06-09 16:40:00,during_fault,1.5367335,1
2026-06-09 16:39:35,1175,EXP_FAULT_05,RUN_05,cpu_stress,1,adservice,ad-f05-09,online-boutique,node-a,0.3142,27.2999,0,90.3061,0.002594,39.9399,29.9713,71.8091,92.1234,162.1534,87.0099,90.0719,0.0723,0.1619,111045.027,66230.0051,cpu_stress,productcatalogservice,2026-06-09 16:25:00,2026-06-09 16:40:00,during_fault,0.80673945,1
2026-06-09 16:39:40,1180,EXP_FAULT_05,RUN_05,cpu_stress,1,adservice,ad-f05-09,online-boutique,node-a,0.3172,27.3921,0,88.1863,0.003275,37.5965,28.6838,68.8138,90.7218,143.9693,85.044,87.8975,0.1203,0.1685,81569.2481,62875.1091,cpu_stress,productcatalogservice,2026-06-09 16:25:00,2026-06-09 16:40:00,during_fault,0.80409014,1
2026-06-09 16:39:45,1185,EXP_FAULT_05,RUN_05,cpu_stress,1,adservice,ad-f05-09,online-boutique,node-a,0.3103,27.7571,0,91.6258,0.002945,37.2493,28.0616,65.2571,93.418,132.9643,88.533,91.3559,0.118,0.1519,85373.8364,82237.8733,cpu_stress,productcatalogservice,2026-06-09 16:25:00,2026-06-09 16:40:00,during_fault,0.8798601,1
2026-06-09 16:39:50,1190,EXP_FAULT_05,RUN_05,cpu_stress,1,adservice,ad-f05-09,online-boutique,node-a,0.3112,27.2809,0,89.4054,0.002234,40.6416,30.8911,75.0187,101.239,137.768,86.5142,89.2056,0.0505,0.1492,91321.1858,80474.884,cpu_stress,productcatalogservice,2026-06-09 16:25:00,2026-06-09 16:40:00,during_fault,0.8755721,1
2026-06-09 16:39:55,1195,EXP_FAULT_05,RUN_05,cpu_stress,1,adservice,ad-f05-09,online-boutique,node-a,0.3341,27.3733,0,90.6192,0.002564,36.4236,27.0033,65.513,80.7575,144.7216,87.7618,90.3868,0.0762,0.1561,108799.5646,59304.0708,cpu_stress,productcatalogservice,2026-06-09 16:25:00,2026-06-09 16:40:00,during_fault,0.571906,1
2026-06-09 16:40:00,1200,EXP_FAULT_05,RUN_05,cpu_stress,1,adservice,ad-f05-09,online-boutique,node-a,0.3324,27.023,0,92.4578,0.002077,39.4906,28.675,67.1101,94.2179,142.9663,89.6184,92.2658,0.039,0.1531,79306.3732,93565.0804,cpu_stress,productcatalogservice,2026-06-09 16:25:00,2026-06-09 16:40:00,post_fault,0.8748163,1
2026-06-09 16:40:05,1205,EXP_FAULT_05,RUN_05,cpu_stress,1,adservice,ad-f05-09,online-boutique,node-a,0.3212,26.9586,0,95.5187,0.003124,40.9782,30.5172,75.2614,91.5471,143.4079,92.6057,95.2203,0.1385,0.1599,114434.0688,99021.2737,cpu_stress,productcatalogservice,2026-06-09 16:25:00,2026-06-09 16:40:00,post_fault,0.92052335,1
2026-06-09 16:40:10,1210,EXP_FAULT_05,RUN_05,cpu_stress,1,adservice,ad-f05-09,online-boutique,node-a,0.3408,27.539,0,92.1993,0.00233,36.417,25.9888,69.3659,84.4689,129.6408,89.4258,91.9845,0.0883,0.1266,76931.6945,66033.7705,cpu_stress,productcatalogservice,2026-06-09 16:25:00,2026-06-09 16:40:00,post_fault,0.65436524,1
2026-06-09 16:40:15,1215,EXP_FAULT_05,RUN_05,cpu_stress,1,adservice,ad-f05-09,online-boutique,node-a,0.3235,27.1568,0,91.7889,0.002552,40.8312,28.6816,77.5803,95.8319,152.878,89.0667,91.5547,0.0859,0.1483,75580.4076,66612.5591,cpu_stress,productcatalogservice,2026-06-09 16:25:00,2026-06-09 16:40:00,post_fault,1.1224552,1
2026-06-09 16:40:20,1220,EXP_FAULT_05,RUN_05,cpu_stress,1,adservice,ad-f05-09,online-boutique,node-a,0.3181,27.6031,0,93.7445,0.002316,37.7617,29.4,66.4366,94.2241,147.4533,91.0222,93.5274,0.0873,0.1299,106180.867,84059.3591,cpu_stress,productcatalogservice,2026-06-09 16:25:00,2026-06-09 16:40:00,post_fault,0.25581938,0
2026-06-09 16:40:25,1225,EXP_FAULT_05,RUN_05,cpu_stress,1,adservice,ad-f05-09,online-boutique,node-a,0.3055,27.5366,0,94.813,0.00235,36.91,25.4972,64.5232,89.7185,120.0121,92.0843,94.5902,0.0976,0.1251,99894.4818,77903.3256,cpu_stress,productcatalogservice,2026-06-09 16:25:00,2026-06-09 16:40:00,post_fault,0.13842124,0
2026-06-09 16:40:30,1230,EXP_FAULT_05,RUN_05,cpu_stress,1,adservice,ad-f05-09,online-boutique,node-a,0.3381,27.2556,0,93.7367,0.002146,41.138,28.4493,76.5363,96.2698,154.6111,91.0955,93.5355,0.0677,0.1335,83016.4503,65879.4563,cpu_stress,productcatalogservice,2026-06-09 16:25:00,2026-06-09 16:40:00,post_fault,1.4354712,1
2026-06-09 16:40:35,1235,EXP_FAULT_05,RUN_05,cpu_stress,1,adservice,ad-f05-09,online-boutique,node-a,0.3235,27.4037,0,94.3344,0.00218,38.6786,25.9904,63.5027,93.6538,130.2249,91.7143,94.1287,0.0593,0.1464,110720.1627,77318.76,cpu_stress,productcatalogservice,2026-06-09 16:25:00,2026-06-09 16:40:00,post_fault,0.38626263,0
2026-06-09 16:40:40,1240,EXP_FAULT_05,RUN_05,cpu_stress,1,adservice,ad-f05-09,online-boutique,node-a,0.3347,27.2797,0,94.1373,0.00206,40.0338,27.9903,69.2097,97.144,148.1771,91.5466,93.9434,0.0714,0.1226,111931.2173,63921.0185,cpu_stress,productcatalogservice,2026-06-09 16:25:00,2026-06-09 16:40:00,post_fault,0.9624774,1
2026-06-09 16:40:45,1245,EXP_FAULT_05,RUN_05,cpu_stress,1,adservice,ad-f05-09,online-boutique,node-a,0.33,27.2755,0,95.6236,0.00295,38.2695,26.9419,65.8744,95.0693,147.3488,92.9776,95.3415,0.1462,0.1359,94667.5954,71133.0108,cpu_stress,productcatalogservice,2026-06-09 16:25:00,2026-06-09 16:40:00,post_fault,0.53726494,1
2026-06-09 16:40:50,1250,EXP_FAULT_05,RUN_05,cpu_stress,1,adservice,ad-f05-09,online-boutique,node-a,0.33,27.2689,0,95.3495,0.002512,40.0615,29.3127,69.8413,87.1436,134.9502,92.7955,95.1099,0.1128,0.1267,118594.5626,65279.3487,cpu_stress,productcatalogservice,2026-06-09 16:25:00,2026-06-09 16:40:00,post_fault,0.7613903,1
2026-06-09 16:40:55,1255,EXP_FAULT_05,RUN_05,cpu_stress,1,adservice,ad-f05-09,online-boutique,node-a,0.3244,27.1965,0,97.5174,0.002826,37.0814,26.804,66.9728,80.2127,140.2535,94.9082,97.2418,0.1276,0.148,114387.3083,73186.9573,cpu_stress,productcatalogservice,2026-06-09 16:25:00,2026-06-09 16:40:00,post_fault,0.2214218,0
2026-06-09 16:41:00,1260,EXP_FAULT_05,RUN_05,cpu_stress,1,adservice,ad-f05-09,online-boutique,node-a,0.3254,26.8496,0,98.5955,0.002512,37.9096,26.5615,72.0434,86.6211,136.7753,95.9765,98.3479,0.1147,0.133,97073.0316,89265.4056,cpu_stress,productcatalogservice,2026-06-09 16:25:00,2026-06-09 16:40:00,post_fault,0.17700443,0
2026-06-09 16:41:05,1265,EXP_FAULT_05,RUN_05,cpu_stress,1,adservice,ad-f05-09,online-boutique,node-a,0.321,27.456,0,97.5892,0.00152,39.0002,29.2661,65.0225,86.6628,135.2501,95.1067,97.4409,0.0358,0.1126,115822.4003,81649.9018,cpu_stress,productcatalogservice,2026-06-09 16:25:00,2026-06-09 16:40:00,post_fault,0.18992183,0
2026-06-09 16:41:10,1270,EXP_FAULT_05,RUN_05,cpu_stress,1,adservice,ad-f05-09,online-boutique,node-a,0.316,27.4012,0,97.4651,0.00187,35.8857,27.3412,63.8871,81.1922,120.7951,95.0091,97.2829,0.0456,0.1366,105475.68,72895.0277,cpu_stress,productcatalogservice,2026-06-09 16:25:00,2026-06-09 16:40:00,post_fault,0.014634709,0
2026-06-09 16:41:15,1275,EXP_FAULT_05,RUN_05,cpu_stress,1,adservice,ad-f05-09,online-boutique,node-a,0.3186,27.2324,0,97.5535,0.002393,35.4173,25.2493,57.8048,78.8732,130.3525,95.0824,97.3201,0.0937,0.1397,103486.0763,65038.6092,cpu_stress,productcatalogservice,2026-06-09 16:25:00,2026-06-09 16:40:00,post_fault,0.06672259,0
2026-06-09 16:41:20,1280,EXP_FAULT_05,RUN_05,cpu_stress,1,adservice,ad-f05-09,online-boutique,node-a,0.3354,27.7184,0,94.1711,0.001601,40.2404,28.8891,67.8448,94.2085,132.0372,91.8607,94.0204,0.0307,0.1201,91945.6253,71154.9503,cpu_stress,productcatalogservice,2026-06-09 16:25:00,2026-06-09 16:40:00,post_fault,1.1143197,1
2026-06-09 16:41:25,1285,EXP_FAULT_05,RUN_05,cpu_stress,1,adservice,ad-f05-09,online-boutique,node-a,0.3231,27.9927,0,95.6904,0.001889,39.0175,30.5725,72.4537,88.0235,131.4347,93.355,95.5096,0.0745,0.1063,89934.0408,96627.4759,cpu_stress,productcatalogservice,2026-06-09 16:25:00,2026-06-09 16:40:00,post_fault,0.42614183,0
2026-06-09 16:41:30,1290,EXP_FAULT_05,RUN_05,cpu_stress,1,adservice,ad-f05-09,online-boutique,node-a,0.312,27.9474,0,93.9451,0.001818,39.7583,27.0872,74.2163,84.317,146.4944,91.6958,93.7744,0.057,0.1137,99708.5,95481.1548,cpu_stress,productcatalogservice,2026-06-09 16:25:00,2026-06-09 16:40:00,post_fault,0.45986977,1
2026-06-09 16:41:35,1295,EXP_FAULT_05,RUN_05,cpu_stress,1,adservice,ad-f05-09,online-boutique,node-a,0.3171,27.8377,0,95.0996,0.002528,38.8503,29.8273,71.6777,85.9237,140.7202,92.7998,94.8592,0.136,0.1044,85981.1557,65538.4487,cpu_stress,productcatalogservice,2026-06-09 16:25:00,2026-06-09 16:40:00,post_fault,0.42459422,0
2026-06-09 16:41:40,1300,EXP_FAULT_05,RUN_05,cpu_stress,1,adservice,ad-f05-09,online-boutique,node-a,0.325,27.8022,0,95.0619,0.00227,39.2536,28.4508,70.7054,90.8088,143.1963,92.837,94.8462,0.1024,0.1134,103326.0282,85746.3742,cpu_stress,productcatalogservice,2026-06-09 16:25:00,2026-06-09 16:40:00,post_fault,0.50449616,1
2026-06-09 16:41:45,1305,EXP_FAULT_05,RUN_05,cpu_stress,1,adservice,ad-f05-09,online-boutique,node-a,0.3218,27.6591,0,93.9737,0.002682,36.9995,26.0583,61.3758,89.41,132.2484,91.753,93.7216,0.1338,0.1183,114816.4434,81824.7066,cpu_stress,productcatalogservice,2026-06-09 16:25:00,2026-06-09 16:40:00,post_fault,0.28899768,0
2026-06-09 16:41:50,1310,EXP_FAULT_05,RUN_05,cpu_stress,1,adservice,ad-f05-09,online-boutique,node-a,0.3125,26.9869,0,94.6978,0.001734,39.9981,30.4366,73.1349,85.2983,129.8878,92.544,94.5336,0.0422,0.122,106413.9064,68417.147,cpu_stress,productcatalogservice,2026-06-09 16:25:00,2026-06-09 16:40:00,post_fault,0.33070764,0
2026-06-09 16:41:55,1315,EXP_FAULT_05,RUN_05,cpu_stress,1,adservice,ad-f05-09,online-boutique,node-a,0.3085,26.7314,0,92.5303,0.001674,40.0432,28.0828,65.1821,88.7353,134.9011,90.471,92.3754,0.0585,0.0963,100007.2164,95941.2633,cpu_stress,productcatalogservice,2026-06-09 16:25:00,2026-06-09 16:40:00,post_fault,0.42149615,0
2026-06-09 16:42:00,1320,EXP_FAULT_05,RUN_05,cpu_stress,1,adservice,ad-f05-09,online-boutique,node-a,0.3473,27.2921,0,92.6667,0.002556,36.4185,28.1736,66.1153,78.7021,114.5419,90.5855,92.4298,0.1288,0.1081,94066.5748,72844.4068,cpu_stress,productcatalogservice,2026-06-09 16:25:00,2026-06-09 16:40:00,post_fault,0.84659946,1
2026-06-09 16:42:05,1325,EXP_FAULT_05,RUN_05,cpu_stress,1,adservice,ad-f05-09,online-boutique,node-a,0.311,27.0199,0,91.6428,0.00235,38.8176,26.6608,69.1026,89.018,134.7542,89.6356,91.4274,0.1214,0.0939,96947.1762,82818.9881,cpu_stress,productcatalogservice,2026-06-09 16:25:00,2026-06-09 16:40:00,post_fault,0.3614854,0
2026-06-09 16:42:10,1330,EXP_FAULT_05,RUN_05,cpu_stress,1,adservice,ad-f05-09,online-boutique,node-a,0.3204,27.8103,0,90.3987,0.001826,38.9892,27.5774,72.225,81.4121,143.057,88.4611,90.2336,0.0504,0.1146,88230.8084,62435.4902,cpu_stress,productcatalogservice,2026-06-09 16:25:00,2026-06-09 16:40:00,post_fault,0.6240727,1
2026-06-09 16:42:15,1335,EXP_FAULT_05,RUN_05,cpu_stress,1,adservice,ad-f05-09,online-boutique,node-a,0.3261,27.4449,0,90.1518,0.002409,39.4035,29.0835,66.2454,90.4647,126.1129,88.2011,89.9347,0.1057,0.1115,86898.6666,64003.7504,cpu_stress,productcatalogservice,2026-06-09 16:25:00,2026-06-09 16:40:00,post_fault,0.9672672,1
2026-06-09 16:42:20,1340,EXP_FAULT_05,RUN_05,cpu_stress,1,adservice,ad-f05-09,online-boutique,node-a,0.3163,27.6184,0,89.8146,0.002028,39.5308,27.7354,63.0481,85.3482,133.4264,87.9152,89.6324,0.0918,0.0903,93942.5211,75754.4155,cpu_stress,productcatalogservice,2026-06-09 16:25:00,2026-06-09 16:40:00,post_fault,0.6989458,1
2026-06-09 16:42:25,1345,EXP_FAULT_05,RUN_05,cpu_stress,1,adservice,ad-f05-09,online-boutique,node-a,0.3226,27.2369,0,88.3409,0.002086,35.7211,24.8233,58.6918,74.258,129.86,86.4971,88.1566,0.0859,0.0984,82373.3671,74901.221,cpu_stress,productcatalogservice,2026-06-09 16:25:00,2026-06-09 16:40:00,post_fault,0.2805148,0
2026-06-09 16:42:30,1350,EXP_FAULT_05,RUN_05,cpu_stress,1,adservice,ad-f05-09,online-boutique,node-a,0.3144,27.533,0,87.678,0.002076,35.6382,26.9637,61.4213,76.3135,113.809,85.8616,87.4959,0.1024,0.0797,78477.4133,78757.1866,cpu_stress,productcatalogservice,2026-06-09 16:25:00,2026-06-09 16:40:00,post_fault,0.19837463,0
2026-06-09 16:42:35,1355,EXP_FAULT_05,RUN_05,cpu_stress,1,adservice,ad-f05-09,online-boutique,node-a,0.3112,27.1502,0,87.0578,0.002101,37.2002,27.1857,66.3548,85.6246,125.0335,85.2973,86.8749,0.0866,0.0963,102259.5175,71551.1913,cpu_stress,productcatalogservice,2026-06-09 16:25:00,2026-06-09 16:40:00,post_fault,0.3700843,0
2026-06-09 16:42:40,1360,EXP_FAULT_05,RUN_05,cpu_stress,1,adservice,ad-f05-09,online-boutique,node-a,0.3179,27.1164,0,86.4423,0.002114,38.9855,30.094,65.9214,92.3386,122.9897,84.694,86.2595,0.0963,0.0865,79719.268,70284.5396,cpu_stress,productcatalogservice,2026-06-09 16:25:00,2026-06-09 16:40:00,post_fault,0.91694766,1
2026-06-09 16:42:45,1365,EXP_FAULT_05,RUN_05,cpu_stress,1,adservice,ad-f05-09,online-boutique,node-a,0.322,27.4571,0,84.2768,0.001717,36.2696,25.4554,57.6192,77.4846,124.7141,82.6377,84.1321,0.0646,0.0801,93103.3532,71579.8496,cpu_stress,productcatalogservice,2026-06-09 16:25:00,2026-06-09 16:40:00,post_fault,0.5901346,1
2026-06-09 16:42:50,1370,EXP_FAULT_05,RUN_05,cpu_stress,1,adservice,ad-f05-09,online-boutique,node-a,0.3321,27.3564,0,84.8756,0.001343,39.311,28.2591,71.6873,92.0485,117.3004,83.2556,84.7616,0.0343,0.0798,108203.8528,85803.7649,cpu_stress,productcatalogservice,2026-06-09 16:25:00,2026-06-09 16:40:00,post_fault,1.6156937,1
2026-06-09 16:42:55,1375,EXP_FAULT_05,RUN_05,cpu_stress,1,adservice,ad-f05-09,online-boutique,node-a,0.3149,27.2596,0,83.3858,0.002281,35.2552,26.8369,56.1546,84.5832,106.838,81.7836,83.1956,0.1154,0.0748,102147.6268,64883.313,cpu_stress,productcatalogservice,2026-06-09 16:25:00,2026-06-09 16:40:00,post_fault,0.39363807,0
2026-06-09 16:43:00,1380,EXP_FAULT_05,RUN_05,cpu_stress,1,adservice,ad-f05-09,online-boutique,node-a,0.2914,27.1101,0,80.1286,0.002171,36.3004,25.1426,64.5027,80.0673,114.7882,78.6181,79.9546,0.1035,0.0704,98367.1024,81068.8058,cpu_stress,productcatalogservice,2026-06-09 16:25:00,2026-06-09 16:40:00,post_fault,0.37325096,0
2026-06-09 16:43:05,1385,EXP_FAULT_05,RUN_05,cpu_stress,1,adservice,ad-f05-09,online-boutique,node-a,0.3154,27.5735,0,85.271,0.001427,35.7941,24.7147,58.8064,85.4386,125.8982,83.6932,85.1493,0.0299,0.0918,95650.578,55603.1098,cpu_stress,productcatalogservice,2026-06-09 16:25:00,2026-06-09 16:40:00,post_fault,0.2947025,0
2026-06-09 16:43:10,1390,EXP_FAULT_05,RUN_05,cpu_stress,1,adservice,ad-f05-09,online-boutique,node-a,0.3061,26.977,0,84.1697,0.002451,34.2203,23.9749,54.2579,81.6279,104.2843,82.5701,83.9634,0.1289,0.0774,90240.3029,61082.8324,cpu_stress,productcatalogservice,2026-06-09 16:25:00,2026-06-09 16:40:00,post_fault,0.12890014,0
2026-06-09 16:43:15,1395,EXP_FAULT_05,RUN_05,cpu_stress,1,adservice,ad-f05-09,online-boutique,node-a,0.3145,26.8816,0,81.9102,0.0016,36.9494,28.4661,60.5551,78.0308,113.3099,80.4342,81.7791,0.0441,0.087,71114.0823,82148.2074,cpu_stress,productcatalogservice,2026-06-09 16:25:00,2026-06-09 16:40:00,post_fault,0.76475734,1
2026-06-09 16:43:20,1400,EXP_FAULT_05,RUN_05,cpu_stress,1,adservice,ad-f05-09,online-boutique,node-a,0.3195,28.1102,0,82.4196,0.001477,35.5377,28.2267,63.7648,83.1307,106.0525,80.951,82.2979,0.0365,0.0852,88794.2198,78089.2651,cpu_stress,productcatalogservice,2026-06-09 16:25:00,2026-06-09 16:40:00,post_fault,0.67956126,1
2026-06-09 16:43:25,1405,EXP_FAULT_05,RUN_05,cpu_stress,1,adservice,ad-f05-09,online-boutique,node-a,0.3162,27.4731,0,86.9362,0.001882,36.2614,26.5,63.6154,77.6098,117.2049,85.3932,86.7726,0.0788,0.0848,76093.7256,80102.3241,cpu_stress,productcatalogservice,2026-06-09 16:25:00,2026-06-09 16:40:00,post_fault,0.31115758,0
2026-06-09 16:43:30,1410,EXP_FAULT_05,RUN_05,cpu_stress,1,adservice,ad-f05-09,online-boutique,node-a,0.3128,27.344,0,83.4391,0.002378,34.9387,26.3645,56.479,74.74,108.9383,81.935,83.2406,0.1068,0.0917,104064.6554,86165.8738,cpu_stress,productcatalogservice,2026-06-09 16:25:00,2026-06-09 16:40:00,post_fault,0.33566847,0
2026-06-09 16:43:35,1415,EXP_FAULT_05,RUN_05,cpu_stress,1,adservice,ad-f05-09,online-boutique,node-a,0.3075,27.4123,0,84.7994,0.001778,34.0183,24.8303,60.0273,76.5731,119.3609,83.3418,84.6486,0.0689,0.0819,104299.3787,78977.2144,cpu_stress,productcatalogservice,2026-06-09 16:25:00,2026-06-09 16:40:00,post_fault,0.07392804,0
2026-06-09 16:43:40,1420,EXP_FAULT_05,RUN_05,cpu_stress,1,adservice,ad-f05-09,online-boutique,node-a,0.2978,27.4549,0,85.5252,0.00172,38.3728,27.6277,64.4833,90.4935,126.2284,84.0874,85.3781,0.0741,0.073,101697.3748,87672.317,cpu_stress,productcatalogservice,2026-06-09 16:25:00,2026-06-09 16:40:00,post_fault,0.40910092,0
2026-06-09 16:43:45,1425,EXP_FAULT_05,RUN_05,cpu_stress,1,adservice,ad-f05-09,online-boutique,node-a,0.3254,27.4495,0,84.2435,0.001988,33.2551,23.2409,55.3183,77.1313,98.2157,82.8243,84.076,0.1054,0.0621,87190.8144,58389.676,cpu_stress,productcatalogservice,2026-06-09 16:25:00,2026-06-09 16:40:00,post_fault,0.23659241,0
2026-06-09 16:43:50,1430,EXP_FAULT_05,RUN_05,cpu_stress,1,adservice,ad-f05-09,online-boutique,node-a,0.3424,27.0348,0,88.5235,0.001312,36.2011,27.7613,60.9936,81.4614,112.1139,87.0722,88.4073,0.0378,0.0784,81324.1684,75291.5688,cpu_stress,productcatalogservice,2026-06-09 16:25:00,2026-06-09 16:40:00,post_fault,0.909365,1
2026-06-09 16:43:55,1435,EXP_FAULT_05,RUN_05,cpu_stress,1,adservice,ad-f05-09,online-boutique,node-a,0.3178,27.661,0,82.6128,0.001726,29.0821,20.4532,46.2068,58.5508,96.2578,81.2524,82.4703,0.0658,0.0768,89962.3992,78013.6286,cpu_stress,productcatalogservice,2026-06-09 16:25:00,2026-06-09 16:40:00,post_fault,0.38707668,0
2026-06-09 16:44:00,1440,EXP_FAULT_05,RUN_05,cpu_stress,1,adservice,ad-f05-09,online-boutique,node-a,0.3172,27.1804,0,85.7841,0.001601,36.8176,28.1616,64.5261,75.7302,106.6106,84.4223,85.6467,0.0757,0.0617,98841.7598,66456.0959,cpu_stress,productcatalogservice,2026-06-09 16:25:00,2026-06-09 16:40:00,post_fault,0.4595081,1
2026-06-09 16:44:05,1445,EXP_FAULT_05,RUN_05,cpu_stress,1,adservice,ad-f05-09,online-boutique,node-a,0.3141,27.2707,0,85.8994,0.002348,33.8929,24.8663,60.733,78.5522,108.6722,84.4925,85.6978,0.122,0.0796,88848.8363,73106.1079,cpu_stress,productcatalogservice,2026-06-09 16:25:00,2026-06-09 16:40:00,post_fault,0.11186238,0
2026-06-09 16:44:10,1450,EXP_FAULT_05,RUN_05,cpu_stress,1,adservice,ad-f05-09,online-boutique,node-a,0.3125,27.353,0,85.4067,0.0024,33.1699,25.8031,55.3596,74.7554,100.7877,84.0564,85.2017,0.1289,0.0761,88666.7168,77211.8101,cpu_stress,productcatalogservice,2026-06-09 16:25:00,2026-06-09 16:40:00,post_fault,0.13377067,0
2026-06-09 16:44:15,1455,EXP_FAULT_05,RUN_05,cpu_stress,1,adservice,ad-f05-09,online-boutique,node-a,0.299,27.837,0,87.211,0.001277,37.4089,28.9024,61.9655,84.0423,117.5186,85.8815,87.0997,0.0485,0.0629,104948.1232,63659.5903,cpu_stress,productcatalogservice,2026-06-09 16:25:00,2026-06-09 16:40:00,post_fault,0.22021496,0
2026-06-09 16:44:20,1460,EXP_FAULT_05,RUN_05,cpu_stress,1,adservice,ad-f05-09,online-boutique,node-a,0.3188,27.7503,0,85.0808,0.002308,37.5953,29.6172,63.018,85.1906,113.6903,83.7571,84.8844,0.1227,0.0736,77349.6251,62190.0951,cpu_stress,productcatalogservice,2026-06-09 16:25:00,2026-06-09 16:40:00,post_fault,0.92531556,1
2026-06-09 16:44:25,1465,EXP_FAULT_05,RUN_05,cpu_stress,1,adservice,ad-f05-09,online-boutique,node-a,0.3085,27.9578,0,85.7018,0.00169,34.0167,27.1812,58.7429,71.5464,106.6465,84.4279,85.557,0.0746,0.0703,96056.8871,86986.1571,cpu_stress,productcatalogservice,2026-06-09 16:25:00,2026-06-09 16:40:00,post_fault,0.26374626,0
2026-06-09 16:44:30,1470,EXP_FAULT_05,RUN_05,cpu_stress,1,adservice,ad-f05-09,online-boutique,node-a,0.3088,28.1933,0,80.7111,0.001898,32.6143,24.5637,53.839,66.4796,104.2977,79.5149,80.5579,0.0906,0.0626,89925.8057,78135.263,cpu_stress,productcatalogservice,2026-06-09 16:25:00,2026-06-09 16:40:00,post_fault,0.8817569,1
2026-06-09 16:44:35,1475,EXP_FAULT_05,RUN_05,cpu_stress,1,adservice,ad-f05-09,online-boutique,node-a,0.3093,27.5355,0,83.3352,0.001976,35.9801,26.8465,64.9449,75.7448,108.7769,82.0803,83.1706,0.111,0.0536,97415.4941,72859.769,cpu_stress,productcatalogservice,2026-06-09 16:25:00,2026-06-09 16:40:00,post_fault,0.41407663,0
2026-06-09 16:44:40,1480,EXP_FAULT_05,RUN_05,cpu_stress,1,adservice,ad-f05-09,online-boutique,node-a,0.3294,27.4375,0,82.5511,0.001581,33.9281,24.5855,59.9613,69.9315,107.0995,81.3562,82.4206,0.0639,0.0666,76741.5172,61302.3267,cpu_stress,productcatalogservice,2026-06-09 16:25:00,2026-06-09 16:40:00,post_fault,0.49549705,1
2026-06-09 16:44:45,1485,EXP_FAULT_05,RUN_05,cpu_stress,1,adservice,ad-f05-09,online-boutique,node-a,0.3223,27.616,0,80.8494,0.001426,36.154,27.4313,59.0373,80.0959,122.4165,79.7076,80.7341,0.0628,0.0525,74586.6213,77393.8333,cpu_stress,productcatalogservice,2026-06-09 16:25:00,2026-06-09 16:40:00,post_fault,0.84852207,1
2026-06-09 16:44:50,1490,EXP_FAULT_05,RUN_05,cpu_stress,1,adservice,ad-f05-09,online-boutique,node-a,0.2924,27.0074,0,83.4275,0.002234,36.7088,26.7541,60.1564,82.5298,105.9437,82.2504,83.2411,0.1162,0.0702,95744.6564,82736.1522,cpu_stress,productcatalogservice,2026-06-09 16:25:00,2026-06-09 16:40:00,post_fault,0.24048063,0
2026-06-09 16:44:55,1495,EXP_FAULT_05,RUN_05,cpu_stress,1,adservice,ad-f05-09,online-boutique,node-a,0.3108,27.3218,0,82.1614,0.002258,30.2166,23.4586,53.3086,61.3654,94.0426,81.0082,81.9759,0.1226,0.0629,101492.3948,83340.7394,cpu_stress,productcatalogservice,2026-06-09 16:25:00,2026-06-09 16:40:00,post_fault,0.19790137,0
2026-06-09 16:45:00,1500,EXP_FAULT_05,RUN_05,cpu_stress,1,adservice,ad-f05-09,online-boutique,node-a,0.3107,27.3644,0,78.1038,0.002039,32.231,22.7674,53.517,64.0482,98.2137,77.0299,77.9446,0.1026,0.0567,83663.6745,74591.8203,cpu_stress,productcatalogservice,2026-06-09 16:25:00,2026-06-09 16:40:00,post_fault,0.31984994,0
2026-06-09 16:45:05,1505,EXP_FAULT_05,RUN_05,cpu_stress,1,adservice,ad-f05-09,online-boutique,node-a,0.3295,27.5833,0,77.4992,0.001744,36.6236,27.8004,61.7089,81.9451,115.4116,76.451,77.364,0.0804,0.0547,82858.8433,58088.6316,cpu_stress,productcatalogservice,2026-06-09 16:25:00,2026-06-09 16:40:00,post_fault,1.6360471,1
2026-06-09 16:45:10,1510,EXP_FAULT_05,RUN_05,cpu_stress,1,adservice,ad-f05-09,online-boutique,node-a,0.3034,26.8862,0,78.7426,0.001623,38.4614,26.5297,68.8715,84.2112,126.497,77.6976,78.6148,0.0691,0.0587,88532.316,69074.3894,cpu_stress,productcatalogservice,2026-06-09 16:25:00,2026-06-09 16:40:00,post_fault,1.1522365,1
2026-06-09 16:45:15,1515,EXP_FAULT_05,RUN_05,cpu_stress,1,adservice,ad-f05-09,online-boutique,node-a,0.2979,27.0501,0,78.1793,0.001237,35.1593,25.571,55.2818,71.2855,117.4802,77.1645,78.0826,0.0363,0.0604,91751.0615,79252.989,cpu_stress,productcatalogservice,2026-06-09 16:25:00,2026-06-09 16:40:00,post_fault,0.40561956,0
2026-06-09 16:45:20,1520,EXP_FAULT_05,RUN_05,cpu_stress,1,adservice,ad-f05-09,online-boutique,node-a,0.2975,27.6432,0,78.7431,0.001431,36.3253,27.1747,58.324,79.9442,105.312,77.7276,78.6304,0.0531,0.0596,86215.5207,69559.2342,cpu_stress,productcatalogservice,2026-06-09 16:25:00,2026-06-09 16:40:00,post_fault,0.5572986,1
2026-06-09 16:45:25,1525,EXP_FAULT_05,RUN_05,cpu_stress,1,adservice,ad-f05-09,online-boutique,node-a,0.3084,26.9256,0,76.8858,0.001806,34.8647,24.8985,57.5451,68.3983,105.5453,75.8769,76.7469,0.0852,0.0537,92769.06,54127.6854,cpu_stress,productcatalogservice,2026-06-09 16:25:00,2026-06-09 16:40:00,post_fault,0.68191653,1
2026-06-09 16:45:30,1530,EXP_FAULT_05,RUN_05,cpu_stress,1,adservice,ad-f05-09,online-boutique,node-a,0.3051,27.4667,0,74.4001,0.001182,36.634,26.7432,60.7914,74.7778,107.0279,73.4695,74.3121,0.0302,0.0578,88449.0051,71131.8995,cpu_stress,productcatalogservice,2026-06-09 16:25:00,2026-06-09 16:40:00,post_fault,1.167227,1
2026-06-09 16:45:35,1535,EXP_FAULT_05,RUN_05,cpu_stress,1,adservice,ad-f05-09,online-boutique,node-a,0.3212,27.2963,0,78.7355,0.000946,33.9864,23.6711,53.6658,71.924,111.3058,77.7797,78.6611,0.0212,0.0533,77537.3399,66116.7175,cpu_stress,productcatalogservice,2026-06-09 16:25:00,2026-06-09 16:40:00,post_fault,0.56011903,1
2026-06-09 16:45:40,1540,EXP_FAULT_05,RUN_05,cpu_stress,1,adservice,ad-f05-09,online-boutique,node-a,0.3238,27.2126,0,77.8543,0.001884,36.1954,28.2518,58.2851,77.5932,111.9983,76.9,77.7076,0.0864,0.0603,66199.9169,63614.417,cpu_stress,productcatalogservice,2026-06-09 16:25:00,2026-06-09 16:40:00,post_fault,1.2819539,1
2026-06-09 16:45:45,1545,EXP_FAULT_05,RUN_05,cpu_stress,1,adservice,ad-f05-09,online-boutique,node-a,0.3407,27.105,0,76.7118,0.001405,32.6968,24.0137,56.1605,66.3089,97.7066,75.789,76.604,0.0644,0.0433,74455.1857,71508.8926,cpu_stress,productcatalogservice,2026-06-09 16:25:00,2026-06-09 16:40:00,post_fault,1.1607383,1
2026-06-09 16:45:50,1550,EXP_FAULT_05,RUN_05,cpu_stress,1,adservice,ad-f05-09,online-boutique,node-a,0.319,27.8951,0,73.9844,0.00172,35.5184,27.286,54.9786,73.7893,111.4211,73.0927,73.8572,0.088,0.0392,94461.9655,70530.8194,cpu_stress,productcatalogservice,2026-06-09 16:25:00,2026-06-09 16:40:00,post_fault,1.5393188,1
2026-06-09 16:45:55,1555,EXP_FAULT_05,RUN_05,cpu_stress,1,adservice,ad-f05-09,online-boutique,node-a,0.3145,27.0555,0,80.3966,0.001596,34.6518,25.018,56.0924,69.5253,98.5616,79.4379,80.2683,0.0859,0.0425,68248.4505,66382.313,cpu_stress,productcatalogservice,2026-06-09 16:25:00,2026-06-09 16:40:00,post_fault,0.46466002,1
2026-06-09 16:46:00,1560,EXP_FAULT_05,RUN_05,cpu_stress,1,adservice,ad-f05-09,online-boutique,node-a,0.32,27.2884,0,77.4385,0.000905,31.8456,23.0681,53.7197,69.2284,92.4763,76.5599,77.3684,0.0275,0.0426,85702.5864,54200.0605,cpu_stress,productcatalogservice,2026-06-09 16:25:00,2026-06-09 16:40:00,post_fault,0.36359003,0
2026-06-09 16:46:05,1565,EXP_FAULT_05,RUN_05,cpu_stress,1,adservice,ad-f05-09,online-boutique,node-a,0.3112,27.8781,0,77.4982,0.001637,33.9717,24.3089,58.6857,67.0586,103.5584,76.5878,77.3713,0.0746,0.0522,96915.3716,65760.1414,cpu_stress,productcatalogservice,2026-06-09 16:25:00,2026-06-09 16:40:00,post_fault,0.6230034,1
2026-06-09 16:46:10,1570,EXP_FAULT_05,RUN_05,cpu_stress,1,adservice,ad-f05-09,online-boutique,node-a,0.2942,27.5042,0,79.0833,0.001449,36.7361,29.3776,57.0718,75.9104,103.1813,78.1958,78.9687,0.0543,0.0602,84333.8761,65072.5905,cpu_stress,productcatalogservice,2026-06-09 16:25:00,2026-06-09 16:40:00,post_fault,0.529745,1
2026-06-09 16:46:15,1575,EXP_FAULT_05,RUN_05,cpu_stress,1,adservice,ad-f05-09,online-boutique,node-a,0.3009,27.7503,0,79.055,0.001153,32.8338,23.6872,56.594,69.8864,92.7987,78.1778,78.9638,0.0296,0.0616,65537.2042,79334.982,cpu_stress,productcatalogservice,2026-06-09 16:25:00,2026-06-09 16:40:00,post_fault,0.13934113,0
2026-06-09 16:46:20,1580,EXP_FAULT_05,RUN_05,cpu_stress,1,adservice,ad-f05-09,online-boutique,node-a,0.3142,27.261,0,79.4261,0.001348,33.1556,23.2315,55.3906,65.3611,104.3504,78.549,79.3191,0.0598,0.0473,94746.4547,62765.0685,cpu_stress,productcatalogservice,2026-06-09 16:25:00,2026-06-09 16:40:00,post_fault,0.27954406,0
2026-06-09 16:46:25,1585,EXP_FAULT_05,RUN_05,cpu_stress,1,adservice,ad-f05-09,online-boutique,node-a,0.3407,27.417,0,80.3323,0.001465,32.5138,23.8044,52.9061,71.3152,89.2732,79.4591,80.2147,0.0698,0.0479,87959.307,72115.711,cpu_stress,productcatalogservice,2026-06-09 16:25:00,2026-06-09 16:40:00,post_fault,0.79967165,1
2026-06-09 16:46:30,1590,EXP_FAULT_05,RUN_05,cpu_stress,1,adservice,ad-f05-09,online-boutique,node-a,0.3089,27.7101,0,80.3177,0.001267,32.4804,25.5337,51.1455,65.4938,89.4035,79.451,80.2159,0.0546,0.0471,94272.1437,68931.8163,cpu_stress,productcatalogservice,2026-06-09 16:25:00,2026-06-09 16:40:00,post_fault,0.13317001,0
2026-06-09 16:46:35,1595,EXP_FAULT_05,RUN_05,cpu_stress,1,adservice,ad-f05-09,online-boutique,node-a,0.2877,26.999,0,78.4285,0.001603,32.9803,24.0733,56.8046,69.8613,98.9807,77.5701,78.3028,0.0865,0.0392,98271.1512,81336.1099,cpu_stress,productcatalogservice,2026-06-09 16:25:00,2026-06-09 16:40:00,post_fault,0.14701208,0
2026-06-09 16:46:40,1600,EXP_FAULT_05,RUN_05,cpu_stress,1,adservice,ad-f05-09,online-boutique,node-a,0.3056,27.2601,0,80.9884,0.001658,31.3562,22.775,54.999,69.5358,100.0478,80.1436,80.8542,0.0901,0.0441,69619.7962,61767.0188,cpu_stress,productcatalogservice,2026-06-09 16:25:00,2026-06-09 16:40:00,post_fault,0.03339463,0
2026-06-09 16:46:45,1605,EXP_FAULT_05,RUN_05,cpu_stress,1,adservice,ad-f05-09,online-boutique,node-a,0.3156,27.6699,0,82.0966,0.001496,33.8903,24.9571,56.3488,70.7191,100.0522,81.2404,81.9738,0.0729,0.05,74898.0743,75186.7619,cpu_stress,productcatalogservice,2026-06-09 16:25:00,2026-06-09 16:40:00,post_fault,0.25304037,0
2026-06-09 16:46:50,1610,EXP_FAULT_05,RUN_05,cpu_stress,1,adservice,ad-f05-09,online-boutique,node-a,0.312,27.7919,0,82.5819,0.001934,32.3161,25.3646,54.6035,69.1389,98.6732,81.6931,82.4222,0.1139,0.0458,72120.9205,76706.8461,cpu_stress,productcatalogservice,2026-06-09 16:25:00,2026-06-09 16:40:00,post_fault,0.26913875,0
2026-06-09 16:46:55,1615,EXP_FAULT_05,RUN_05,cpu_stress,1,adservice,ad-f05-09,online-boutique,node-a,0.3271,27.5583,0,82.7698,0.001262,30.9811,23.0817,51.3983,66.2666,95.8525,81.9524,82.6653,0.0673,0.0372,100542.7753,80842.2661,cpu_stress,productcatalogservice,2026-06-09 16:25:00,2026-06-09 16:40:00,post_fault,0.1517374,0
2026-06-09 16:47:00,1620,EXP_FAULT_05,RUN_05,cpu_stress,1,adservice,ad-f05-09,online-boutique,node-a,0.297,27.0262,0,84.4879,0.001162,32.8319,26.4403,57.6563,69.1464,88.6012,83.6524,84.3897,0.0474,0.0508,83362.6957,82870.3064,cpu_stress,productcatalogservice,2026-06-09 16:25:00,2026-06-09 16:40:00,post_fault,0.0033646661,0
2026-06-09 16:47:05,1625,EXP_FAULT_05,RUN_05,cpu_stress,1,adservice,ad-f05-09,online-boutique,node-a,0.3042,27.5921,0,83.9065,0.001514,34.0376,25.9711,60.2851,72.5064,100.0612,83.0725,83.7795,0.0682,0.0588,87271.4411,84776.733,cpu_stress,productcatalogservice,2026-06-09 16:25:00,2026-06-09 16:40:00,post_fault,0.07381983,0
2026-06-09 16:47:10,1630,EXP_FAULT_05,RUN_05,cpu_stress,1,adservice,ad-f05-09,online-boutique,node-a,0.3249,26.8657,0,81.9171,0.001997,31.9843,22.6342,54.1898,70.0127,96.0432,81.0796,81.7535,0.1099,0.0537,80533.731,70795.0074,cpu_stress,productcatalogservice,2026-06-09 16:25:00,2026-06-09 16:40:00,post_fault,0.20458111,0
2026-06-09 16:47:15,1635,EXP_FAULT_05,RUN_05,cpu_stress,1,adservice,ad-f05-09,online-boutique,node-a,0.3066,27.5563,0,84.823,0.002257,37.5111,26.3215,61.2451,79.7294,120.6905,83.9563,84.6315,0.1288,0.0626,100836.192,65881.0876,cpu_stress,productcatalogservice,2026-06-09 16:25:00,2026-06-09 16:40:00,post_fault,0.60429394,1
2026-06-09 16:47:20,1640,EXP_FAULT_05,RUN_05,cpu_stress,1,adservice,ad-f05-09,online-boutique,node-a,0.3115,27.4221,0,84.461,0.001042,33.861,26.4342,55.1761,69.5238,98.697,83.6844,84.3729,0.0399,0.0481,91180.8529,55455.302,cpu_stress,productcatalogservice,2026-06-09 16:25:00,2026-06-09 16:40:00,post_fault,0.09209658,0
2026-06-09 16:47:25,1645,EXP_FAULT_05,RUN_05,cpu_stress,1,adservice,ad-f05-09,online-boutique,node-a,0.3084,27.4481,0,85.2235,0.001247,34.5455,26.075,56.4728,72.0867,94.4693,84.4494,85.1173,0.0679,0.0383,79012.7271,57483.3076,cpu_stress,productcatalogservice,2026-06-09 16:25:00,2026-06-09 16:40:00,post_fault,0.09233742,0
2026-06-09 16:47:30,1650,EXP_FAULT_05,RUN_05,cpu_stress,1,adservice,ad-f05-09,online-boutique,node-a,0.3241,27.3942,0,87.0189,0.001934,33.5171,26.4468,56.2003,68.6938,89.791,86.1679,86.8506,0.12,0.0483,100216.9183,60378.3739,cpu_stress,productcatalogservice,2026-06-09 16:25:00,2026-06-09 16:40:00,post_fault,0.1164761,0
2026-06-09 16:47:35,1655,EXP_FAULT_05,RUN_05,cpu_stress,1,adservice,ad-f05-09,online-boutique,node-a,0.3241,27.847,0,86.29,0.001834,33.1113,25.2662,54.5964,71.1477,89.7619,85.4608,86.1318,0.1071,0.0512,102140.0841,59346.3821,cpu_stress,productcatalogservice,2026-06-09 16:25:00,2026-06-09 16:40:00,post_fault,0.1589613,0
2026-06-09 16:47:40,1660,EXP_FAULT_05,RUN_05,cpu_stress,1,adservice,ad-f05-09,online-boutique,node-a,0.3225,26.7841,0,85.8535,0.001281,34.0279,26.1677,52.5926,69.8797,103.9084,85.0966,85.7435,0.0754,0.0346,92200.2269,72195.0108,cpu_stress,productcatalogservice,2026-06-09 16:25:00,2026-06-09 16:40:00,post_fault,0.17718332,0
2026-06-09 16:47:45,1665,EXP_FAULT_05,RUN_05,cpu_stress,1,adservice,ad-f05-09,online-boutique,node-a,0.3096,27.1561,0,85.9995,0.001021,37.5218,26.7374,66.0681,71.8472,112.0056,85.2502,85.9117,0.0387,0.0491,85953.5794,75979.9188,cpu_stress,productcatalogservice,2026-06-09 16:25:00,2026-06-09 16:40:00,post_fault,0.38144732,0
2026-06-09 16:47:50,1670,EXP_FAULT_05,RUN_05,cpu_stress,1,adservice,ad-f05-09,online-boutique,node-a,0.2945,27.282,0,88.0507,0.001349,35.5935,26.8403,62.2753,76.4185,108.3401,87.2651,87.9319,0.0621,0.0567,94550.0705,63985.4453,cpu_stress,productcatalogservice,2026-06-09 16:25:00,2026-06-09 16:40:00,post_fault,0.018129695,0
2026-06-09 16:47:55,1675,EXP_FAULT_05,RUN_05,cpu_stress,1,adservice,ad-f05-09,online-boutique,node-a,0.3016,27.4544,0,87.8129,0.001695,35.6486,26.3146,59.406,78.638,102.6515,87.0389,87.6641,0.1064,0.0425,77636.0329,77705.9667,cpu_stress,productcatalogservice,2026-06-09 16:25:00,2026-06-09 16:40:00,post_fault,0.052386034,0
2026-06-09 16:48:00,1680,EXP_FAULT_05,RUN_05,cpu_stress,1,adservice,ad-f05-09,online-boutique,node-a,0.3133,27.6528,0,85.9545,0.001559,36.5617,26.7731,55.5455,70.7524,115.2651,85.2147,85.8205,0.0784,0.0556,77100.5065,69822.9124,cpu_stress,productcatalogservice,2026-06-09 16:25:00,2026-06-09 16:40:00,post_fault,0.3349599,0
2026-06-09 16:48:05,1685,EXP_FAULT_05,RUN_05,cpu_stress,1,adservice,ad-f05-09,online-boutique,node-a,0.322,28.0054,0,86.7502,0.002046,34.9326,25.1363,58.3584,68.7315,106.0288,85.9836,86.5727,0.1362,0.0413,107915.4987,71997.4045,cpu_stress,productcatalogservice,2026-06-09 16:25:00,2026-06-09 16:40:00,post_fault,0.47042686,1
2026-06-09 16:48:10,1690,EXP_FAULT_05,RUN_05,cpu_stress,1,adservice,ad-f05-09,online-boutique,node-a,0.3136,27.5104,0,85.7843,0.001516,33.1725,24.1604,52.4522,67.1224,90.8759,85.0804,85.6543,0.0853,0.0447,104170.6897,86924.9332,cpu_stress,productcatalogservice,2026-06-09 16:25:00,2026-06-09 16:40:00,post_fault,0.033894844,0
2026-06-09 16:48:15,1695,EXP_FAULT_05,RUN_05,cpu_stress,1,adservice,ad-f05-09,online-boutique,node-a,0.3137,27.6241,0,86.4817,0.001637,32.9514,23.1324,55.3865,69.7875,100.7499,85.7653,86.3401,0.0973,0.0442,72410.3979,64583.7801,cpu_stress,productcatalogservice,2026-06-09 16:25:00,2026-06-09 16:40:00,post_fault,0.028754184,0
2026-06-09 16:48:20,1700,EXP_FAULT_05,RUN_05,cpu_stress,1,adservice,ad-f05-09,online-boutique,node-a,0.3167,27.9669,0,83.3896,0.001036,31.1154,22.8036,52.0179,61.2161,96.0916,82.7214,83.3032,0.0447,0.0416,86903.1744,70311.4943,cpu_stress,productcatalogservice,2026-06-09 16:25:00,2026-06-09 16:40:00,post_fault,0.12500617,0
2026-06-09 16:48:25,1705,EXP_FAULT_05,RUN_05,cpu_stress,1,adservice,ad-f05-09,online-boutique,node-a,0.3267,27.5518,0,83.5077,0.001378,32.5253,23.6711,57.3713,67.3412,98.7825,82.8282,83.3926,0.0821,0.033,85773.1465,64385.692,cpu_stress,productcatalogservice,2026-06-09 16:25:00,2026-06-09 16:40:00,post_fault,0.2182087,0
2026-06-09 16:48:30,1710,EXP_FAULT_05,RUN_05,cpu_stress,1,adservice,ad-f05-09,online-boutique,node-a,0.2997,27.4917,0,86.1018,0.001866,35.3801,28.5412,55.3125,77.4566,111.107,85.4087,85.9412,0.1033,0.0574,106866.1761,85542.0084,cpu_stress,productcatalogservice,2026-06-09 16:25:00,2026-06-09 16:40:00,post_fault,0.08891253,0
2026-06-09 16:48:35,1715,EXP_FAULT_05,RUN_05,cpu_stress,1,adservice,ad-f05-09,online-boutique,node-a,0.3259,27.5665,0,87.0013,0.001328,35.0026,25.7293,60.4287,66.1786,107.8544,86.3312,86.8858,0.077,0.0386,110038.7645,62976.5344,cpu_stress,productcatalogservice,2026-06-09 16:25:00,2026-06-09 16:40:00,post_fault,0.32077125,0
2026-06-09 16:48:40,1720,EXP_FAULT_05,RUN_05,cpu_stress,1,adservice,ad-f05-09,online-boutique,node-a,0.3284,27.6068,0,83.1439,0.002059,35.0568,26.8107,56.0161,66.9239,98.1847,82.4444,82.9726,0.1285,0.0427,68513.9953,64992.1872,cpu_stress,productcatalogservice,2026-06-09 16:25:00,2026-06-09 16:40:00,post_fault,0.6597759,1
2026-06-09 16:48:45,1725,EXP_FAULT_05,RUN_05,cpu_stress,1,adservice,ad-f05-09,online-boutique,node-a,0.3038,27.5123,0,85.5147,0.00143,32.1517,24.5699,52.3566,63.9736,94.4297,84.8782,85.3924,0.069,0.0533,79619.5856,84011.6009,cpu_stress,productcatalogservice,2026-06-09 16:25:00,2026-06-09 16:40:00,post_fault,0.024088342,0
2026-06-09 16:48:50,1730,EXP_FAULT_05,RUN_05,cpu_stress,1,adservice,ad-f05-09,online-boutique,node-a,0.3458,27.6857,0,85.0297,0.001092,33.1993,25.1465,57.2314,64.365,87.8232,84.4046,84.9369,0.0464,0.0465,88873.0025,64738.2381,cpu_stress,productcatalogservice,2026-06-09 16:25:00,2026-06-09 16:40:00,post_fault,0.80184853,1
2026-06-09 16:48:55,1735,EXP_FAULT_05,RUN_05,cpu_stress,1,adservice,ad-f05-09,online-boutique,node-a,0.3197,27.4685,0,85.7185,0.001277,34.4912,24.625,56.0406,73.7131,94.5732,85.0833,85.6091,0.0584,0.0511,107202.1661,86878.9242,cpu_stress,productcatalogservice,2026-06-09 16:25:00,2026-06-09 16:40:00,post_fault,0.1871742,0
2026-06-09 16:49:00,1740,EXP_FAULT_05,RUN_05,cpu_stress,1,adservice,ad-f05-09,online-boutique,node-a,0.3081,28.1082,0,85.6349,0.000856,34.1094,26.0537,55.7203,72.2544,103.539,85.035,85.5616,0.0388,0.0344,78405.707,70630.3974,cpu_stress,productcatalogservice,2026-06-09 16:25:00,2026-06-09 16:40:00,post_fault,0.088177435,0
2026-06-09 16:49:05,1745,EXP_FAULT_05,RUN_05,cpu_stress,1,adservice,ad-f05-09,online-boutique,node-a,0.3348,27.0843,0,84.8943,0.000809,31.6353,23.2214,48.227,64.7581,85.7685,84.2993,84.8256,0.0418,0.0269,94133.9198,83125.8681,cpu_stress,productcatalogservice,2026-06-09 16:25:00,2026-06-09 16:40:00,post_fault,0.21843639,0
2026-06-09 16:49:10,1750,EXP_FAULT_05,RUN_05,cpu_stress,1,adservice,ad-f05-09,online-boutique,node-a,0.3226,27.5211,0,86.7426,0.001666,31.4319,22.3711,48.3361,59.9476,83.4407,86.0861,86.5981,0.09,0.0545,101804.423,56473.5215,cpu_stress,productcatalogservice,2026-06-09 16:25:00,2026-06-09 16:40:00,post_fault,0.027909722,0
2026-06-09 16:49:15,1755,EXP_FAULT_05,RUN_05,cpu_stress,1,adservice,ad-f05-09,online-boutique,node-a,0.3212,27.2287,0,89.2058,0.001095,33.654,27.2672,52.5603,65.8976,87.1575,88.5839,89.1082,0.0453,0.0523,81940.8981,72530.3064,cpu_stress,productcatalogservice,2026-06-09 16:25:00,2026-06-09 16:40:00,post_fault,0.044272665,0
2026-06-09 16:49:20,1760,EXP_FAULT_05,RUN_05,cpu_stress,1,adservice,ad-f05-09,online-boutique,node-a,0.33,28.1571,0,85.3837,0.00183,36.727,29.5693,55.1374,77.3409,102.9484,84.7534,85.2274,0.1215,0.0348,101529.6648,67358.7657,cpu_stress,productcatalogservice,2026-06-09 16:25:00,2026-06-09 16:40:00,post_fault,1.0220982,1
2026-06-09 16:49:25,1765,EXP_FAULT_05,RUN_05,cpu_stress,1,adservice,ad-f05-09,online-boutique,node-a,0.316,27.0963,0,85.9895,0.000739,34.6082,25.542,52.2513,72.0702,93.6019,85.4067,85.926,0.0223,0.0412,84911.2596,67284.0503,cpu_stress,productcatalogservice,2026-06-09 16:25:00,2026-06-09 16:40:00,post_fault,0.1277773,0
2026-06-09 16:49:30,1770,EXP_FAULT_05,RUN_05,cpu_stress,1,adservice,ad-f05-09,online-boutique,node-a,0.3272,27.2817,0,88.2715,0.000767,35.5288,25.3767,62.3286,74.2948,107.3163,87.6721,88.2038,0.0243,0.0434,102622.8546,79199.6046,cpu_stress,productcatalogservice,2026-06-09 16:25:00,2026-06-09 16:40:00,post_fault,0.35705146,0
2026-06-09 16:49:35,1775,EXP_FAULT_05,RUN_05,cpu_stress,1,adservice,ad-f05-09,online-boutique,node-a,0.3319,27.5497,0,88.4867,0.00213,32.9128,23.2905,51.2129,67.9299,89.7215,87.7889,88.2982,0.1334,0.055,90436.7626,66336.9738,cpu_stress,productcatalogservice,2026-06-09 16:25:00,2026-06-09 16:40:00,post_fault,0.16879563,0
2026-06-09 16:49:40,1780,EXP_FAULT_05,RUN_05,cpu_stress,1,adservice,ad-f05-09,online-boutique,node-a,0.3362,26.9322,0,89.0536,0.002011,33.2676,26.5494,58.1708,64.5024,94.6743,88.361,88.8746,0.122,0.057,91375.9208,71755.8206,cpu_stress,productcatalogservice,2026-06-09 16:25:00,2026-06-09 16:40:00,post_fault,0.20814717,0
2026-06-09 16:49:45,1785,EXP_FAULT_05,RUN_05,cpu_stress,1,adservice,ad-f05-09,online-boutique,node-a,0.3194,27.3637,0,90.8006,0.001509,32.9925,25.9867,57.6942,70.6089,99.0018,90.1556,90.6636,0.0856,0.0515,111616.358,81860.9778,cpu_stress,productcatalogservice,2026-06-09 16:25:00,2026-06-09 16:40:00,post_fault,0.0027269616,0
2026-06-09 16:49:50,1790,EXP_FAULT_05,RUN_05,cpu_stress,1,adservice,ad-f05-09,online-boutique,node-a,0.3197,26.0721,0,91.9836,0.00107,35.2407,25.3315,52.901,76.712,95.9743,91.3432,91.8851,0.0562,0.0423,99489.9431,76835.4659,cpu_stress,productcatalogservice,2026-06-09 16:25:00,2026-06-09 16:40:00,post_fault,0.11735697,0
2026-06-09 16:49:55,1795,EXP_FAULT_05,RUN_05,cpu_stress,1,adservice,ad-f05-09,online-boutique,node-a,0.3118,27.5872,0,88.4271,0.002051,35.2337,25.6768,61.0914,69.4737,99.0339,87.7614,88.2457,0.1385,0.0429,107388.2232,72521.3709,cpu_stress,productcatalogservice,2026-06-09 16:25:00,2026-06-09 16:40:00,post_fault,0.11758937,0
